file,parallel_time
test.40538093.out,1134.0223138332367
test.40538165.out,8973.62496638298
test.40538213.out,67256.95686125755
test.40538261.out,526280.7267856598
