537.831765
564.251550
554.769568
544.644533
534.588229
529.117352
526.667419
535.705842
555.727653
551.647086
552.381248
538.068417
523.156729
510.328592
515.283408
493.804245
529.147322
559.882143
560.260565
561.270471
536.124542
537.079622
535.603483
546.994667
557.775061
542.756864
522.217690
522.431577
549.296903
555.184335
521.522513
509.224430
536.876711
527.778067
533.691494
516.478498
556.234271
590.084050
613.360909
598.289061
566.019579
545.907490
557.481934
596.395441
578.333454
563.868266
572.312237
555.352983
547.649824
501.717473
517.058100
509.923435
551.472804
565.707322
545.067867
543.465707
554.092824
575.845281
575.266956
581.564491
600.065362
578.813640
542.482775
518.737134
508.004913
531.504381
534.078361
565.936853
553.363615
535.164558
531.649199
546.511089
521.837116
505.630357
493.184895
547.686220
516.747325
533.040493
556.842448
525.779551
540.863181
567.032896
518.198443
545.277793
580.439595
541.531473
551.186382
566.980693
578.982451
553.003274
583.979831
533.796845
527.154443
514.183006
537.325862
540.238655
554.933747
557.904378
548.634527
508.811322
531.468478
553.754588
561.827241
509.991685
504.997362
500.251023
513.240547
522.007057
526.358209
523.447210
552.106721
557.479205
531.938819
555.436462
553.559298
546.159421
570.342940
525.640695
570.881147
558.438222
547.032359
533.718638
599.226306
549.350785
537.058461
509.281286
528.160743
534.988597
567.708418
559.461971
578.625068
557.330227
541.840909
547.916639
544.230381
519.970134
536.666329
530.096787
544.212834
542.622450
557.403036
550.024820
573.648743
564.879630
577.111819
574.799902
514.418311
488.500860
501.502182
522.912622
513.193281
514.876052
503.425721
500.948272
510.384290
539.128270
541.699701
518.078201
521.879287
526.891474
538.542693
525.786135
564.652278
578.903259
540.663480
534.779563
558.280271
521.233124
535.493803
536.333791
558.998446
521.752822
532.166154
514.326442
560.130403
584.938984
556.933697
540.912458
504.671113
506.110294
523.922476
528.524097
542.857160
545.306476
539.589065
505.782368
546.100027
490.727571
532.761080
559.326155
557.196968
533.251418
568.878900
560.489906
545.642920
532.761424
521.601304
505.861751
500.503219
509.258499
524.877667
559.085028
535.116413
548.646281
562.136891
521.985564
509.506659
490.102650
532.283171
548.057104
498.430226
532.387365
576.792860
581.245116
539.774554
528.577016
510.395412
525.733959
557.919623
584.587618
566.789046
535.442813
547.197253
546.575770
528.806037
509.650624
514.032000
508.513863
545.812162
559.106776
543.796594
576.772748
534.387347
540.246132
518.976830
531.457729
543.536012
518.461347
498.675243
511.835241
506.658562
522.965329
529.510786
570.537334
558.828564
509.559889
557.695099
538.246024
576.038761
590.700813
566.497789
594.950926
582.370188
549.062937
538.633935
514.731841
509.414839
485.395519
513.422431
521.832880
532.892479
550.114561
548.903903
551.709393
554.406576
582.604886
554.584256
494.889125
533.103485
548.392701
551.358288
535.555259
539.905824
535.041396
558.710181
547.496254
537.090894
546.498075
563.409273
554.684944
536.884805
531.826284
528.064971
530.371081
552.634121
559.403015
551.781318
536.328829
526.133255
549.479129
527.766367
502.981747
554.925197
533.425966
516.142788
532.838604
518.857549
541.098994
528.064960
530.095472
539.215582
531.332968
525.277871
528.462282
509.058387
582.405596
603.679482
579.962079
590.675365
527.271438
494.421071
483.202679
504.948747
510.937246
479.115401
500.035962
500.864186
513.195447
490.989125
535.730002
528.497790
522.532461
525.531549
544.797988
518.746994
526.030635
524.420740
527.529918
596.290077
585.319228
539.022013
538.454477
535.945019
502.644551
517.480688
556.873801
553.856232
563.142517
570.291228
599.179921
593.854014
601.783398
577.059317
580.937566
543.535193
523.741406
507.517506
506.001060
483.689405
592.361774
580.055131
571.209023
586.640404
546.810477
554.534871
541.323976
513.987007
497.599197
510.896631
525.300280
530.555797
541.802614
539.350222
551.024803
554.575408
560.606169
551.807118
576.305184
544.329922
518.104080
534.236038
557.333784
599.342755
589.049299
585.116885
562.965409
534.856882
519.464713
507.642560
504.650541
517.153220
565.790698
574.430016
561.919772
547.305927
535.123646
552.635601
538.583426
514.220212
526.890475
502.215537
519.321215
554.481105
514.055643
522.368434
506.704197
504.999911
531.344985
546.068783
553.570436
572.980080
579.411510
535.012834
555.933940
538.289256
547.156091
534.386302
558.942506
534.881752
524.972130
526.516086
517.946316
520.934828
496.138715
496.424125
536.920470
531.005684
517.951117
529.118515
520.035891
536.875383
555.933895
533.499844
518.987995
477.682829
485.639346
517.877045
524.246087
517.216066
540.704649
529.670236
493.674988
465.912172
477.395632
533.599973
533.022447
491.609115
520.274756
537.976955
532.136916
533.200951
514.352341
489.236918
511.200099
476.985398
497.885733
540.555490
542.803403
551.444577
537.344632
555.269804
546.139027
527.820609
543.416903
525.919651
548.733394
539.286023
551.834933
545.269275
565.249079
511.120413
524.892964
523.992998
577.643378
542.405036
535.425553
541.211501
520.393815
506.074134
509.186309
509.375906
515.976638
529.758870
557.088495
530.931772
531.542207
514.067502
501.644232
504.001229
559.545460
537.600278
551.617034
561.431241
542.092495
558.165276
570.197945
551.668144
528.699333
531.904887
522.466445
536.193385
556.111924
533.462971
536.755722
505.238680
524.321779
539.677644
554.226805
533.966704
512.381663
513.350770
531.296543
532.787987
520.846336
483.630162
504.120465
513.971003
512.793536
519.542339
518.714916
540.268323
539.764583
532.622527
510.656732
518.902999
536.954661
543.196120
555.286900
541.649720
505.557645
528.129824
506.393640
506.164809
520.788089
521.255506
488.972417
465.023863
461.794283
483.256069
503.230347
496.936297
532.476361
568.170565
508.748302
538.221864
538.677067
540.124386
551.344973
549.637785
519.918110
523.823221
509.432739
483.980646
499.466832
504.616587
546.006657
557.286268
564.248227
571.669501
550.732611
568.956226
576.133541
560.747182
548.666095
493.731094
531.401805
533.591554
565.365148
557.806475
554.416618
557.648906
561.689519
547.159622
578.252827
569.084895
548.723060
555.423990
548.482077
555.401750
538.873997
533.632438
519.273276
493.859282
533.367160
533.592882
503.116217
527.454152
515.657042
543.042222
559.019941
552.877418
503.372263
502.655555
537.765420
538.063113
510.252639
512.892174
508.314294
512.593173
540.128482
564.844698
536.850701
526.016242
569.103974
531.483274
535.577299
548.146355
529.372308
560.571725
534.268284
546.790196
526.132769
532.189001
508.310713
531.031126
557.287903
534.782832
582.424674
566.347553
553.308404
552.654122
533.177737
536.995117
581.954360
548.892328
544.672473
548.880192
547.389066
562.975557
524.533596
551.828427
535.531640
562.263219
571.462407
591.835096
578.604433
556.880393
546.386191
535.839817
537.109634
525.368149
552.105748
560.189154
568.831151
542.429303
533.874868
553.864887
555.289229
589.685188
598.308733
573.583689
542.443407
508.673062
553.670391
542.774993
534.454202
572.005448
566.388586
526.035712
513.322902
518.614390
514.813966
529.427188
547.740026
548.252389
560.841137
542.329961
576.163987
559.235906
600.212057
603.253242
597.238636
554.215915
563.192572
574.840727
601.760528
605.739478
579.449404
568.441213
525.848375
525.612453
516.131218
576.043872
549.190804
550.440415
557.992787
574.768665
572.260714
599.657929
590.330261
572.611223
587.150262
552.409506
579.422939
529.698641
530.017483
575.365450
579.202896
549.617961
514.865263
521.437767
544.865827
547.466749
541.045577
519.491971
510.281449
492.592405
554.354048
550.627542
540.609677
541.377652
546.944849
522.351830
537.169599
539.402621
554.817838
514.712025
542.992756
539.426534
555.767625
552.771836
546.114637
562.400910
581.540565
522.342653
516.866343
481.829328
520.246338
575.453673
538.543070
544.164136
550.250694
500.029031
496.189525
521.617102
547.647640
558.916209
546.645394
546.856256
560.735461
542.724111
549.882188
530.290539
548.401041
540.542330
546.060855
559.690923
560.588204
543.902744
545.738874
548.829358
535.822569
552.178142
565.412498
516.512769
493.965615
526.363404
554.906837
563.745860
526.582742
546.362500
543.897849
552.990205
526.279522
537.220278
550.105642
547.911543
546.559771
541.522466
494.966154
503.828957
531.229979
544.356142
548.969959
556.514449
570.237932
617.826635
594.084887
593.463837
540.396834
548.079252
551.967191
540.671430
530.834662
524.124035
503.638680
522.416596
528.585433
521.015468
563.605549
522.278923
561.803603
602.246447
566.238952
530.902453
515.218924
535.285427
549.271646
554.701536
526.500299
552.675674
565.626389
543.360890
528.262266
542.556626
551.550767
540.876747
544.907004
568.198978
583.318936
582.263333
538.725260
539.864022
564.757532
586.937406
592.352296
597.042612
554.192350
535.400442
518.325529
546.354267
553.020471
544.120944
522.639009
518.193938
530.359703
522.204485
562.800842
552.113914
552.141468
536.703067
531.342238
583.148322
578.936887
516.848816
527.735449
543.860073
511.885991
554.952396
540.174143
573.076078
534.591043
506.847491
501.360914
499.976326
479.890099
529.236409
538.698191
528.689937
567.336548
514.226007
516.825499
529.989522
517.716046
517.723326
534.211720
518.645032
537.086849
581.156872
551.190777
532.776084
494.176739
509.289136
504.547679
537.962878
552.978986
543.607004
522.936982
530.780566
529.725946
488.295690
508.661148
541.841406
522.621725
519.833000
534.825827
508.320481
532.161723
515.975130
509.514184
510.575205
533.148222
517.035922
525.912057
553.975142
579.398497
555.535213
561.736612
509.726720
542.139955
544.561784
538.129736
566.986006
568.566270
552.578846
566.954640
573.365217
560.270627
594.746547
577.663820
579.515444
583.745858
547.199270
547.838016
547.719082
544.130382
552.930022
556.033846
536.746582
513.223460
557.028813
534.502348
578.908096
589.206356
585.783099
584.555644
584.413420
532.078899
544.672264
571.904564
585.799671
587.405789
573.021483
576.984294
569.123093
582.817748
589.136177
583.073912
569.145036
588.516977
576.195850
596.377183
600.218019
538.654349
515.247293
527.474402
517.388724
544.619221
563.996222
551.372175
555.782738
536.095192
531.906904
539.048824
515.263440
510.613362
500.666245
523.660250
555.627848
547.905368
535.345311
558.265890
558.254154
535.411273
535.909038
551.570267
575.959432
571.804561
518.546561
553.558747
527.004450
540.186734
531.561898
578.452423
553.076727
543.170854
537.767170
494.838629
505.721222
526.309033
540.414253
522.535363
537.018327
568.789481
515.166382
557.596788
568.600794
550.195329
575.690333
569.204063
537.256207
564.552228
583.033555
537.853285
551.975860
567.123486
558.776227
525.675147
498.408188
511.746379
530.534093
507.868803
508.158797
511.847490
565.743083
562.831460
511.631435
520.137854
522.468704
556.274146
532.481539
511.282003
546.463665
566.653219
576.988280
558.073696
571.035916
574.455433
590.744213
529.636327
537.776837
555.398665
553.334793
525.276768
519.136515
529.285651
571.493774
534.573288
522.775519
580.400373
527.661582
533.308986
550.438422
535.305678
561.179220
576.974056
592.853658
536.690945
522.351461
536.681684
491.687697
498.728775
518.090092
503.342161
532.048539
552.630124
582.627172
582.988674
558.135865
535.817241
585.563758
587.764761
600.225300
587.093762
535.570449
541.952892
549.570992
550.070707
557.858972
535.032375
547.944915
531.486600
536.105814
527.475286
584.413762
547.676646
537.978202
533.136119
522.601129
537.189142
577.172370
552.378306
506.638056
487.659014
499.683747
565.728342
539.705148
540.592811
552.223232
569.370306
557.231451
545.944905
518.384238
509.102529
513.807738
505.671354
571.964832
577.050474
619.330706
561.377460
555.440851
556.374782
531.634484
524.404401
535.675873
541.791782
530.223074
530.495445
542.105449
518.815976
503.656890
496.804580
506.650949
533.770016
570.052413
554.295202
541.461378
529.511760
554.403366
623.950831
549.860205
551.298476
541.351059
561.365202
539.743110
530.989760
529.731189
533.132639
499.201519
492.036700
519.149615
501.600259
522.593201
511.626158
503.720822
518.763065
536.429685
522.565268
501.945961
512.349008
522.569730
534.174037
518.115346
531.948538
526.145116
503.007779
489.314358
524.487372
538.440381
544.994939
517.263818
529.292674
536.729349
536.293131
534.368333
559.804320
538.800888
547.882434
528.250840
532.623654
583.037699
551.263811
503.938107
514.134312
505.222700
489.424915
508.582775
527.009507
577.396618
543.661176
532.417034
555.144138
562.394682
530.502748
563.673317
538.125195
520.869173
511.111343
514.890952
502.095330
535.517039
516.791491
547.770017
567.223493
573.597385
535.650670
591.195417
561.800462
544.504291
556.338540
555.851961
515.393861
560.454687
571.215436
573.547594
563.305427
546.138822
513.949932
521.638233
501.792885
510.423318
491.883607
527.531115
515.462705
521.676052
521.585209
501.132310
500.752490
519.082267
528.655256
550.648842
488.041959
474.611574
493.384596
529.819741
532.876097
534.160508
530.902191
522.938610
545.621596
558.373762
519.297455
518.248917
524.375332
509.646934
537.976122
556.515364
529.713966
545.930005
542.814813
554.909731
573.809952
550.672248
533.850015
557.587746
532.554775
520.309022
518.176567
517.760781
536.327659
562.804676
522.984924
536.919999
528.663517
529.600952
513.429152
526.885125
533.569873
530.163967
538.906506
530.127075
537.522342
516.090603
517.271134
536.972804
538.282787
512.665197
488.434256
517.487891
513.465967
538.125471
525.923348
522.175168
545.296503
556.593718
548.378697
549.203014
561.910264
535.392209
536.884849
508.213301
532.151183
531.575739
584.624959
538.264884
550.463500
556.798173
520.714618
518.198397
549.409792
541.150055
502.206524
540.346881
543.163882
532.557082
545.863188
556.199062
581.603005
600.123224
584.019823
565.891682
559.245240
545.014541
538.063640
529.356024
539.707646
516.103872
527.801379
558.783148
591.218980
572.523849
534.905305
554.571709
545.161760
551.043163
527.668006
579.758371
546.847269
563.167048
590.432371
588.078441
572.038218
545.126911
588.052153
548.501045
540.569378
551.984406
527.926095
525.616073
511.210577
528.370714
519.178859
555.752539
578.158738
563.057897
513.082490
515.956550
506.260542
510.578459
554.316781
564.959859
551.409736
548.520152
547.142118
544.597782
535.902773
539.355437
521.042856
496.128304
514.836495
533.977785
521.094009
572.256652
550.568921
535.425682
503.054244
521.122824
497.397328
521.689795
509.503211
526.695987
524.427184
539.938731
516.084183
492.184589
477.197428
516.033735
520.340356
535.213014
538.912962
582.785388
550.784429
529.034600
559.654873
564.031425
548.276528
531.346638
522.298437
535.310858
539.133855
554.326724
529.414287
535.415199
531.279099
517.287783
525.154949
522.530586
513.194458
464.825033
478.218837
506.070574
480.121577
468.363629
514.788325
540.585811
544.364113
528.698994
541.241821
566.657207
603.643949
596.594115
548.825616
544.076173
521.257257
534.915667
520.445593
534.291873
540.327229
556.016694
571.990209
560.583692
608.846386
563.218547
494.316317
560.129504
519.336843
549.423908
513.955001
508.023459
476.044373
513.687357
560.665816
608.747150
589.769812
571.207166
543.769595
523.109525
515.267100
539.487374
559.431647
574.197066
572.436106
542.848735
527.131509
532.171652
541.769768
531.801220
532.514073
524.973402
537.142077
540.472461
528.294634
511.113691
532.087424
518.236385
530.382524
554.695870
544.493498
528.841648
510.471626
530.062020
535.119779
520.564476
531.268950
546.699527
583.854158
563.121543
562.084219
558.834882
559.227636
549.416645
508.006442
512.231264
528.429064
539.176576
558.738163
557.336542
528.184772
515.032791
548.009882
534.733674
540.169508
557.886433
566.287074
563.655226
528.921522
532.322655
489.524914
518.473499
498.501064
529.710102
540.464664
559.633662
587.613371
528.633861
533.733324
528.737887
529.165213
541.955391
531.911730
526.604885
538.833040
552.352449
556.115710
573.504866
610.216442
575.961135
560.697495
506.502810
520.200516
525.291155
527.302726
539.904932
561.478422
540.063603
529.139236
545.362246
534.900157
498.793515
493.361604
510.961395
517.123771
529.677011
537.833299
521.829542
512.412022
591.500817
593.899397
586.822179
565.561950
523.709133
532.626514
541.248993
559.411704
537.829333
525.738441
551.071864
518.545587
562.608210
594.595552
559.167379
563.564812
552.920102
560.997467
585.160059
571.137134
547.132452
549.770222
570.552841
561.719278
584.885041
508.745097
512.528164
537.880029
563.190880
556.329074
541.668808
527.035515
552.958802
545.611727
529.246626
545.191886
560.880395
538.997364
514.367218
481.892462
510.893234
543.585196
538.635152
533.334796
508.759725
503.400992
537.894874
532.209693
533.478737
510.106333
507.774122
525.764589
551.075196
585.295241
576.870467
535.804604
537.358851
554.736616
582.641665
543.770631
525.145614
524.417530
535.571032
568.800248
573.007801
523.736028
566.389683
545.053643
548.258158
559.262103
536.524414
541.856214
534.246522
526.648033
528.161256
537.485869
519.011553
536.982745
516.124672
492.867608
495.627820
505.072472
553.724539
537.704019
516.899800
525.330645
528.884470
532.765725
542.427118
546.362307
531.610296
537.549070
588.849932
572.125655
546.150397
549.441892
562.124071
564.739212
558.963127
521.684013
531.179721
558.753577
490.532100
506.214058
566.242706
545.320916
525.189594
508.502955
484.566260
517.376238
512.565056
520.273267
542.534996
536.402022
541.093364
517.354732
521.378404
546.101667
541.735230
518.082666
512.218877
490.308177
486.250710
513.609507
536.977135
476.632126
521.136063
547.554444
505.642917
529.064327
499.110124
511.790007
537.652006
510.397750
532.690555
537.551271
511.414515
534.328435
534.667030
576.472821
552.590848
554.157283
544.510445
541.216154
528.187901
530.637170
549.569155
512.594766
504.778541
517.490790
499.705372
550.132611
530.190054
524.559768
538.458246
558.804968
582.352503
564.884584
550.103546
526.056040
523.222788
533.073216
557.916626
529.669567
545.479712
553.848978
540.524767
552.368136
532.496900
526.101818
497.099688
522.393016
504.281770
531.009379
539.604153
551.036549
572.353198
535.029931
538.657502
537.299297
510.007168
529.166637
532.852327
556.500545
557.355996
557.272871
554.383703
544.269365
532.825212
519.691605
529.852969
485.502031
490.540844
528.804960
542.938085
520.711184
514.794770
528.564457
554.466404
585.835414
587.915141
571.073177
517.527781
506.856698
528.026862
566.855477
530.328723
559.676473
593.184763
583.524821
531.735539
515.891413
541.332167
574.252860
568.466487
570.607597
579.560209
568.107831
528.001594
520.368074
528.077421
551.401471
497.694382
509.995864
510.550215
530.857670
517.654011
504.376775
546.891848
553.989513
545.239766
556.556961
590.347424
527.724563
518.438178
525.292901
510.544045
527.413849
518.250099
542.355028
532.241057
546.598067
533.061758
542.815154
525.981759
535.941245
563.762004
570.933570
532.921630
513.014760
525.227518
551.525281
576.020397
540.646408
561.822310
570.744941
556.537635
552.470433
532.424666
562.771080
557.433057
526.801902
525.332897
577.785322
575.761627
578.175430
582.698534
542.642904
540.654871
561.624389
535.267800
556.209717
565.735845
572.002724
543.682569
541.584043
534.140544
540.194611
537.340958
528.007684
502.537048
552.063151
574.450773
549.486865
568.292710
565.848036
544.216397
506.624674
519.165768
534.994399
536.055213
540.098876
540.363205
551.660168
550.903155
530.758664
510.329608
526.557985
558.598083
547.504877
561.710753
574.943398
551.160826
540.904756
519.981168
542.867208
531.851452
512.786387
503.656223
539.353930
531.933983
513.421235
538.499089
547.262969
545.090916
582.451281
580.584377
586.894439
583.449877
571.185220
565.475545
557.593761
554.580229
534.353192
531.916409
502.107871
509.969231
524.440124
524.541470
519.326525
491.059755
491.658521
522.242485
523.589730
545.068831
523.569013
536.677324
563.986155
525.869796
493.694941
494.591798
529.988212
541.870048
535.803099
534.906404
561.778082
515.794327
532.794364
576.141689
546.947566
535.696403
534.194489
519.530988
515.418577
519.560451
543.937512
527.743765
524.651230
532.760237
527.293026
539.006313
514.884698
510.500663
543.400434
538.603459
547.679340
540.075560
520.554464
556.048184
525.195923
548.485684
499.582681
559.682080
568.614257
526.847910
545.454848
568.085314
565.747363
572.987690
549.235415
540.463338
571.427567
564.733609
568.760019
576.878466
567.930207
579.858119
558.224647
548.159187
551.784673
496.635389
501.378722
512.531585
528.910085
520.229841
535.914500
520.978555
546.263889
543.575900
510.018839
538.201164
546.583679
549.200254
567.083213
572.185859
539.145999
531.790584
473.155501
501.667687
519.239289
534.785086
532.253590
548.576219
540.550029
535.169848
535.023721
551.247879
569.123529
582.295607
615.787802
583.203343
569.917587
565.739848
614.108006
579.736041
576.666514
605.871068
583.812530
554.142498
570.869666
534.991179
485.015395
498.740305
523.357556
536.788654
541.806638
535.037038
521.236034
556.219614
552.078752
515.718440
546.580569
577.044840
566.072807
555.246329
540.273422
499.916547
531.205066
509.493691
497.437980
525.768336
522.268940
545.465507
529.146612
514.999271
540.878831
552.466513
547.810058
551.227520
559.604316
578.452746
539.116994
554.855228
539.753363
543.261112
556.222497
526.583155
515.279006
509.096568
516.990642
517.047984
559.487731
589.731190
569.608759
543.579561
530.852496
479.805466
493.716392
506.705848
547.768681
583.332429
543.267078
546.718267
549.843588
554.337440
520.360651
525.552564
523.611870
529.916662
532.541760
542.334852
531.930594
547.198821
547.782696
582.652089
559.628854
561.292337
588.637469
539.010231
559.490483
542.519864
521.193780
539.122553
555.050537
535.747646
563.048021
516.550333
508.811415
499.654062
526.314468
552.878299
534.750632
520.781601
502.569936
525.212304
546.067995
521.105143
483.780899
475.556427
497.240776
516.065469
537.484387
564.299869
517.200565
511.315664
499.707621
494.443428
525.556248
495.451154
490.511639
539.334641
516.465556
552.560881
541.037923
526.393974
533.818128
561.198167
557.133190
553.949834
532.297783
541.570295
538.688292
524.783665
520.241483
548.292224
521.001234
548.707391
559.210526
551.283821
550.047581
503.320359
528.931667
538.720405
537.741988
543.668544
550.460040
539.375983
526.133639
480.777016
510.606344
523.522524
614.622786
563.326809
572.558080
557.556207
560.062262
532.455105
538.221126
574.970156
537.490151
548.564563
523.488215
534.025431
521.964773
515.002016
547.208050
554.272305
546.607683
518.422410
500.073106
540.194827
528.657410
559.720468
528.888918
528.898794
546.176883
557.780237
568.235805
544.711205
532.509116
531.975100
537.555435
560.774260
560.319353
599.843012
559.413511
479.654108
466.822111
478.837243
534.349345
573.286329
571.630310
576.044092
554.937548
582.387525
576.412798
536.319528
544.642330
536.105466
524.033951
535.574632
576.148009
565.020704
533.990975
522.292801
507.090409
529.398636
544.617908
504.917531
484.611725
493.734458
509.172201
521.150573
515.923434
494.382919
493.094043
520.711550
513.549074
493.704031
525.889349
499.953425
555.797072
554.848085
539.284629
536.184707
544.122493
501.471572
533.525869
523.898240
513.373796
496.426557
518.219444
517.080784
527.855641
531.685834
532.547812
555.401386
607.608037
588.361351
568.008112
552.169852
555.488085
492.948876
515.878089
531.537725
569.292170
521.753300
535.244294
521.416973
543.729631
545.350964
561.746846
566.860982
565.254193
544.833809
570.035271
597.335431
536.840935
577.816158
562.076197
558.174877
562.976386
584.131239
580.898142
533.519153
548.108173
534.654204
542.541125
546.012432
556.811539
538.411408
507.244105
516.103378
505.408799
505.889713
516.023212
523.271881
546.764901
547.362276
553.688726
550.774323
536.326990
511.751014
530.101632
553.754564
570.505518
534.733446
533.222626
539.632211
583.095188
556.804344
566.909374
530.782599
484.192437
511.743172
509.437647
508.846303
518.199624
528.866680
504.537141
541.085245
586.200529
572.174725
593.157662
555.136805
560.093742
517.617913
531.586662
574.433411
576.254808
558.783737
545.908459
505.336389
527.575606
524.710903
564.380971
559.628288
547.475026
536.023565
532.488425
551.942063
551.430627
532.822550
534.740554
536.587558
517.056174
484.522238
530.380239
547.512067
543.752374
528.910852
500.988199
508.372316
554.124892
523.170218
527.376487
561.447768
523.125642
516.864922
570.008029
575.669845
536.150635
533.136510
499.289608
542.945724
548.397753
548.106605
539.122410
536.268732
505.956691
517.337889
506.265503
537.583445
516.863980
513.128866
533.858256
517.103469
549.355184
530.577587
542.825093
573.490850
577.308250
566.247336
538.995341
566.289426
576.596556
545.742048
530.936161
539.168281
502.307626
533.057710
565.994114
551.259177
519.399433
533.235248
579.043625
551.768909
530.799066
544.115637
555.774907
582.731043
544.618773
550.589586
548.821099
566.378447
575.166386
544.827081
572.365402
523.547987
530.466400
544.305448
533.805287
516.218423
554.321752
522.026789
537.057733
558.541519
543.301999
528.628915
517.956951
523.288294
508.150715
511.451268
533.109751
565.675257
564.622613
557.329345
554.549650
555.673721
533.553042
500.238641
537.176892
521.768298
540.971051
514.217815
497.355334
557.890905
535.615067
547.674920
536.812314
507.263654
500.585660
514.929098
530.039992
543.662375
551.258599
533.739942
541.060609
546.123381
572.203153
557.963521
542.356065
544.743687
538.983786
508.417312
473.619797
493.358933
511.154435
454.087144
446.758357
473.594054
492.964936
517.934506
491.445847
495.723412
479.928660
461.042575
482.917525
506.924314
498.457984
501.532916
524.878248
503.504086
545.568399
582.794622
606.790999
594.620975
560.753639
512.722291
512.417529
526.174417
506.176950
521.975409
528.695810
530.930953
568.476061
550.707508
544.366927
538.601484
525.732928
523.765855
497.223613
494.530784
561.130201
572.238485
516.970190
510.609499
508.576841
514.203468
549.085567
593.134281
545.216582
522.271906
524.261096
518.972500
535.943119
556.861799
554.570922
548.764363
539.275838
544.322648
519.807734
535.981384
551.241729
523.992839
529.513843
560.019652
583.776718
553.834375
531.090113
566.654111
569.880946
573.793622
582.254334
535.814705
522.897503
529.878590
550.183721
585.290783
601.774993
544.539441
514.533611
534.426037
499.463830
509.924122
499.242586
487.869855
474.084288
479.574693
486.094011
524.728709
548.502487
564.696265
571.128475
540.268891
537.656754
557.133453
555.320358
534.656230
538.228324
548.023895
514.957806
540.309575
508.219194
542.454010
511.309370
511.523032
497.649544
493.662856
526.783374
521.246334
519.694055
528.690537
546.479559
517.917714
549.558723
535.159954
562.593500
547.900166
537.206396
523.717052
531.967580
535.141202
567.602463
592.418158
593.470469
579.382185
551.047618
520.091400
536.566577
527.750196
482.709283
504.243651
539.417069
561.070065
567.413788
552.930859
570.613213
588.558281
570.271271
556.028526
521.283291
502.372694
515.836388
503.652798
510.209007
532.264231
490.249206
501.173132
508.129684
513.452050
524.570391
581.279474
630.455229
569.027043
586.875046
618.531628
577.969133
572.597017
550.511870
546.362592
549.714615
544.130612
549.843171
548.778378
531.849774
542.813028
567.909283
544.771665
594.496417
575.480892
568.801874
566.162379
552.466855
547.795779
527.090459
532.177554
518.999062
556.118657
577.513077
565.483139
547.054836
542.101911
531.139507
492.846161
548.387276
509.255042
551.062772
508.757788
497.508029
511.662652
529.056966
538.514747
525.987258
559.887733
538.760000
511.464979
534.191521
574.638169
544.447302
551.331196
558.659046
580.051364
550.413168
535.826915
546.860533
533.073619
506.632600
495.323934
492.769378
530.860395
554.923580
542.978289
529.577265
559.991058
527.414152
546.275631
564.071226
586.008123
553.651619
572.759996
541.659531
558.387976
525.959091
505.678424
523.274511
525.938513
541.675962
549.680939
552.827536
566.445387
532.322086
513.474717
508.490300
514.969832
547.263190
573.958171
569.733009
551.126033
557.485537
546.326056
556.105336
566.920823
572.807641
558.123875
535.840669
513.304305
568.904966
550.746453
512.088317
507.932854
563.162600
534.338742
540.070372
588.138967
570.015214
557.483176
528.544046
542.586921
556.510429
535.906944
568.530929
540.737665
564.903404
559.548431
536.333354
561.562793
536.387064
516.923964
537.800555
548.626571
516.220902
519.034524
516.331921
517.727160
533.733814
573.115996
555.101479
544.738176
538.610975
569.428378
544.585498
549.959005
566.616290
569.816578
589.912422
564.254210
535.916698
506.509175
544.380115
562.488854
573.478823
570.820260
547.074026
511.271489
535.703393
558.132534
568.938933
588.658062
524.161884
552.318484
530.585577
559.633374
539.262318
519.592475
508.551726
545.667232
517.292007
518.038888
538.737712
558.446039
552.784700
561.603692
558.618688
555.255870
494.940135
507.046881
526.982004
559.940631
570.304680
530.932538
527.622484
512.137637
547.422042
580.813322
578.138909
546.954795
539.336071
549.170716
536.605120
560.208514
524.987794
519.495445
514.767487
517.363320
531.592121
556.675372
552.524576
557.652092
526.586478
554.138279
545.344988
561.622154
576.045623
574.684456
586.149442
570.725558
563.838445
538.657423
558.493531
544.180273
576.503296
546.077986
522.552453
556.419305
529.611853
536.338008
556.952311
527.541141
534.321756
544.012988
510.298888
523.002794
534.404968
548.578024
545.327858
557.700609
543.028081
569.046243
590.037617
567.034723
588.977088
562.854315
562.225087
569.822563
563.300224
516.062711
509.079320
543.264576
529.366906
522.475944
526.247705
551.839022
559.992817
547.207825
554.594977
543.124866
524.442904
522.152675
499.452594
504.101149
506.948800
523.512679
498.056829
500.452431
500.572345
520.020738
562.286232
596.447084
615.366215
563.135722
572.041899
577.824914
570.070120
511.385661
511.672016
525.470592
531.143244
552.845960
536.712750
548.936465
530.169687
587.492956
550.616810
553.210612
546.058403
527.846256
511.936092
544.706632
570.886495
572.980650
566.263181
563.394162
544.483842
513.478507
521.474665
557.493659
565.196271
568.444816
535.561775
546.742229
541.162339
553.042783
530.365442
507.055910
505.727519
484.192393
546.317584
531.619629
543.665050
571.286297
595.936238
574.818943
573.877105
576.006196
568.074460
565.236577
562.847821
558.318821
534.630519
538.337973
524.277486
535.081776
530.015010
536.246941
526.828946
545.489678
549.899165
539.984277
529.537858
516.731695
507.540211
510.026881
529.115522
502.970321
502.463449
556.715711
532.185701
524.717413
520.411394
541.220876
548.465175
578.992946
569.447268
544.398481
545.613511
545.144340
538.966560
530.435978
544.953013
526.778157
533.658916
517.134732
544.003285
550.401834
557.915886
582.696772
557.725651
537.976099
566.138428
549.849620
541.129151
582.137495
565.173674
556.917557
559.041742
560.233725
538.437888
563.330860
546.123249
561.222751
555.695378
516.566742
502.973652
516.925069
516.117031
492.211113
525.966934
503.870318
525.301644
535.424048
533.260903
503.791441
528.573169
566.090220
583.135372
536.154822
517.213008
521.964173
509.644053
538.269447
543.643368
575.022314
529.970848
531.898631
527.978734
519.937387
507.491921
502.270293
533.932958
560.010111
558.451068
531.459099
567.519866
529.956328
531.085583
542.710193
558.049498
523.074753
517.964153
522.159233
517.190350
566.585394
551.468174
549.715264
556.973575
545.220636
531.406815
560.725973
545.544410
512.961586
542.303866
526.969576
531.037955
522.611234
516.363939
545.602220
574.609020
562.531109
587.648799
551.170720
541.593205
522.890668
510.827696
529.882620
514.510427
546.954675
545.271801
514.479799
524.887325
515.718441
511.372540
520.568044
534.061401
569.747656
535.356094
557.861900
554.585755
570.764227
546.370573
554.666211
566.167136
576.870680
573.346268
555.995857
550.039120
530.235425
531.916561
524.714488
504.512550
501.946569
497.462143
517.780880
532.665542
577.603623
552.887319
563.912931
491.047071
485.391610
498.567849
566.988255
516.965657
546.622598
526.968246
503.228170
505.387619
517.079099
480.600526
501.718556
545.634788
549.362524
558.403754
592.400162
556.049442
584.272880
541.126537
530.849930
529.401813
495.760229
498.643984
511.352299
527.684498
565.723053
540.350657
547.373056
532.185090
514.500819
498.453254
530.110884
531.185729
528.344996
513.169926
546.008081
529.378194
523.365642
490.077051
542.081990
514.151997
534.453345
518.992398
533.462551
570.086872
556.841638
498.663617
502.332999
548.393336
543.332508
567.704059
534.836675
528.187829
558.113982
545.047527
588.696776
569.433928
540.893897
544.213451
530.721273
543.247979
574.745231
521.777018
532.908196
535.195736
547.575881
510.500717
562.976003
567.142458
543.384303
557.899649
546.280729
548.238255
584.967986
570.087150
559.065283
532.805740
528.582293
541.066297
512.891863
539.534848
544.978864
536.002443
536.362337
529.064268
533.805463
578.678508
574.792512
576.244315
558.335792
587.281266
529.145410
535.841379
549.275392
527.238429
520.599344
578.880128
587.438963
560.671577
548.566839
527.719890
529.055596
517.828577
531.984560
522.957787
534.453150
524.231354
532.458070
504.458700
469.021224
514.854193
528.701177
560.861886
525.033912
517.244543
544.874362
508.989993
540.544568
545.286556
552.128394
562.047137
547.407698
613.380483
585.696498
567.781329
550.170839
552.729416
576.914696
574.816637
556.697445
527.774594
518.855331
557.048838
541.879308
537.994064
573.712064
558.455140
547.477480
565.825890
601.176134
547.796261
537.182201
570.518218
585.361576
551.190399
598.040973
551.546683
549.883559
560.630994
537.050038
514.846824
502.542214
527.012192
559.747884
572.025668
562.566477
555.992342
555.490592
529.980987
527.736157
518.839069
514.351991
510.022049
522.167232
537.975499
523.131396
538.767719
542.535488
559.234661
546.554514
556.664444
537.356027
512.583481
508.013405
479.236627
489.838811
499.196662
500.052174
538.781694
569.491138
550.685020
550.604240
548.690243
624.612689
562.294543
590.598353
526.858688
510.142318
527.030893
526.782405
551.132051
524.061577
506.494356
494.272933
529.986100
536.410161
559.915879
562.079542
548.295375
561.627546
569.183063
579.181199
544.994303
543.562213
552.218985
531.822121
524.098931
553.181475
579.154969
542.425452
546.796583
562.688437
560.934107
564.354866
614.777914
588.237882
574.321936
557.648443
538.344876
569.343216
574.515229
575.578675
573.415592
552.166410
539.870401
511.990482
518.487461
531.225732
537.741885
552.854801
551.605957
505.589506
546.280701
559.234862
545.046498
540.322847
538.718794
534.266887
554.207330
528.738065
537.311789
535.738584
516.272381
531.585124
514.330727
535.414946
520.900902
523.269234
511.708008
497.446685
507.521830
517.061296
497.133176
507.052753
553.892508
535.248439
543.012831
547.441920
521.475585
538.829905
570.304551
528.035485
538.125793
573.881745
579.790676
553.472452
571.675659
531.152321
502.541773
534.318630
527.365790
519.615839
536.043650
556.810399
528.715555
535.410958
559.985060
575.493053
589.400551
543.262583
496.817818
503.656513
479.269463
481.043554
503.146604
590.519488
559.566545
525.648802
557.627328
552.395366
565.758118
565.510912
531.925443
524.899991
521.034444
554.623030
552.587478
543.930318
510.980835
544.129853
556.868233
544.683641
570.287988
564.299383
575.594404
563.763697
526.345570
559.774911
519.418574
550.504592
552.248097
511.724132
544.483138
529.386753
549.683399
554.577429
543.571955
530.156207
523.387117
519.027857
478.369720
518.674629
523.322869
551.982517
552.483698
545.175334
531.015495
548.574638
527.744797
537.215817
542.324864
498.561614
514.330097
555.270754
542.340855
533.117690
542.644662
540.365274
543.164309
546.558749
544.082140
538.669304
598.563523
554.500633
549.169973
554.807831
553.355416
539.241356
541.327332
525.133917
539.564776
560.548775
552.443516
592.114783
516.306817
543.372616
566.483923
513.371579
519.556505
531.411918
512.891657
537.323027
526.246703
535.384281
541.923179
532.619600
528.154971
558.933062
619.575078
598.782928
586.565475
533.013100
540.557874
570.303820
548.976480
540.607521
518.780860
539.855892
580.474046
559.579593
577.379435
515.744909
486.377728
533.911571
533.396590
539.052177
589.455429
561.537886
541.534647
526.363260
535.326833
489.142159
516.445857
520.733957
504.870279
505.128384
519.563500
504.529093
528.181612
519.366078
556.316208
560.616593
561.248269
534.382098
555.849679
523.997239
525.394656
524.588776
532.958832
547.241323
581.394865
535.930659
537.382704
547.050497
550.064964
535.659801
528.017095
531.935658
534.502628
577.344132
537.861897
558.681338
556.281659
542.889516
528.536041
526.887548
484.364427
520.367064
551.426337
553.532592
525.359715
520.802084
507.766277
515.713252
520.531460
538.140395
588.605160
582.013169
565.861082
550.591533
542.529155
524.758684
505.324663
510.013133
507.061293
519.249262
542.225282
530.223174
528.801398
508.959718
508.151550
502.683512
504.773608
520.147971
518.586441
508.526524
524.245457
479.832272
474.721160
472.371085
473.084311
475.786607
515.414915
537.230993
550.471855
582.069279
578.073178
588.065554
531.294147
552.003782
576.167690
529.194692
538.985609
564.271020
551.736326
517.229198
525.808310
529.085085
543.595130
536.573148
530.358105
524.865089
534.671290
570.009466
530.478071
521.002147
507.210355
545.090686
554.268078
534.129263
550.091418
509.362358
532.378988
515.740422
547.043836
538.423628
529.131358
534.888586
533.849388
545.144857
515.878401
479.262329
472.632770
513.814033
553.821102
529.994207
538.055306
543.364280
523.216142
512.764930
527.584503
498.855828
535.850299
503.614783
521.405320
556.853238
548.427587
556.445499
572.224121
595.178052
579.747374
577.797754
578.037840
530.792384
501.120414
506.096424
508.094561
530.955983
561.922083
548.871244
534.866236
571.296110
552.998010
574.502115
567.562650
545.773313
517.701772
560.040345
536.865309
520.745992
502.284907
484.189630
482.151579
531.918148
539.789043
561.789956
547.172437
548.856892
541.170468
533.164105
522.830514
566.599567
559.074423
570.297152
542.404654
577.645490
556.234281
579.817197
588.842909
584.219937
555.800602
531.310546
546.297444
568.046085
571.809124
591.869385
576.047418
571.484319
597.837427
566.887690
578.112078
568.718943
543.948672
558.156335
557.561600
569.204576
583.477012
532.628210
537.549485
542.313250
528.253175
563.371049
548.144410
574.156450
512.434243
528.884983
548.312893
531.154367
515.821108
522.290737
490.350140
511.589756
483.132234
485.558582
492.651143
515.949715
519.378191
522.992482
501.916180
522.093916
532.298725
541.602096
520.285931
550.331320
543.826199
530.574862
526.638435
550.954371
535.225827
537.989447
529.810515
551.224570
529.388265
539.884822
520.212043
532.878165
497.752306
537.974974
523.649325
546.680581
530.121835
540.797560
521.277165
505.162246
524.812807
527.518618
548.012725
538.960829
524.590830
567.435122
544.645628
581.216687
590.615494
586.372321
527.174612
541.964542
535.137799
498.744683
499.745813
479.568700
538.165448
544.261802
514.180616
539.103813
544.498334
532.960539
524.081394
537.838452
520.298136
543.469877
550.386618
560.204743
556.324109
520.232673
538.808062
552.263112
584.407110
553.862521
540.296990
546.541293
537.486325
533.928099
533.377459
533.018711
532.829360
573.017530
520.286673
545.694864
553.684482
533.769702
553.212404
528.050191
537.330135
524.988983
538.009976
507.193163
517.011891
545.847518
531.173555
533.216170
512.712818
507.635174
542.307518
547.926609
574.463422
553.490580
530.605453
562.730411
549.797683
551.637680
540.334372
565.779839
549.306599
567.331663
531.241352
587.674246
590.760727
532.945713
537.175400
510.883860
499.743651
515.727331
522.004029
528.468469
569.244982
539.963616
535.858025
550.251131
554.990042
571.750195
541.734074
527.633073
506.201313
520.275717
554.748223
551.487903
634.121270
562.413938
533.760355
528.058701
524.849758
521.789563
517.322507
524.822166
509.472380
507.218666
495.152332
492.315238
518.708925
548.566677
557.147220
537.080339
548.745609
566.133557
563.499189
551.471313
561.742033
549.929269
519.551943
544.607544
587.929922
585.649934
563.625002
524.677335
479.805670
511.284381
525.827282
519.917913
513.759662
554.546705
550.403703
558.091121
586.419796
560.679430
550.321394
554.395911
557.998710
573.730611
535.286075
532.592334
511.695619
516.477837
534.518684
535.281712
519.101953
532.642712
551.144128
546.094888
539.330319
509.089407
509.379663
515.959371
539.725772
552.607043
556.935079
552.301641
590.791770
559.725677
557.943360
544.319816
520.040270
559.365544
552.002353
549.707129
570.193477
548.687058
555.086029
535.829335
545.907299
510.692298
537.851711
518.479602
536.030027
562.962720
537.071062
534.503432
537.555478
564.328465
527.231661
537.206399
550.222165
552.722636
557.637377
579.669043
545.284217
551.267705
522.402849
516.629354
528.655025
553.343197
549.934418
499.535283
550.354356
534.047280
508.898462
510.950716
496.866437
520.305191
575.525292
522.421641
500.353353
497.379951
516.320124
505.171718
528.884817
553.165092
538.054366
515.444224
511.022680
552.317261
564.576923
568.526945
519.827541
543.155290
548.453052
549.919652
535.019000
581.922949
562.922537
529.622228
538.328049
531.299796
555.571931
535.951934
535.271078
503.597692
510.804152
511.720997
529.216643
523.406355
514.296246
485.646132
495.496666
514.754111
513.126590
534.707782
519.541937
565.889049
597.707322
533.536567
527.732795
538.138729
531.627938
530.652663
540.159600
567.348347
514.748605
504.555125
523.096253
503.239406
530.284538
506.096525
511.636175
519.493378
511.692962
546.585574
519.677829
538.741251
551.232598
566.015966
521.518322
521.524064
544.160058
574.240265
568.973244
548.675077
546.297552
567.325849
556.011041
518.105579
523.439235
557.027091
527.461685
560.530654
572.937053
560.457872
554.942492
543.872176
544.750097
530.184847
508.092022
531.639816
490.249745
513.153050
498.425282
510.449085
506.632926
523.941604
555.665673
532.912275
568.007482
592.538570
556.195142
559.544841
550.063312
534.913593
593.771533
592.045140
580.772812
598.436039
571.174866
572.531776
595.183529
530.561593
498.405939
496.868127
497.865074
533.152279
537.939728
535.409478
518.243285
511.639526
533.276137
552.473098
529.427044
538.162576
537.056918
548.325502
538.074568
549.950319
503.113164
596.954952
612.165283
565.137265
547.456004
518.799612
516.409805
519.402470
555.994292
550.591005
570.176622
551.913897
564.416510
536.457134
607.228748
609.544238
595.194680
573.123361
538.646977
504.487605
484.175369
549.543393
562.696214
518.147447
514.035112
521.054564
531.211881
489.243438
494.276813
514.985600
517.424120
521.608333
530.237290
522.002946
522.273972
519.091505
534.859262
529.439051
527.510167
512.195913
518.536297
523.840893
548.300312
546.460934
533.123206
527.119628
517.249201
567.524507
541.532381
526.977405
551.036990
539.715898
532.125494
571.934752
587.635844
577.042899
539.721994
543.055744
565.912483
536.523273
526.086080
553.767439
551.682091
553.197317
502.154518
528.800930
542.389206
524.891341
533.773323
518.945208
537.895466
548.892865
515.234040
510.377358
492.709158
514.116638
498.595134
496.707965
501.228482
527.667000
542.064660
524.932600
534.949615
527.018387
508.807138
504.897366
503.915272
517.674261
525.593439
521.256744
542.607194
569.334370
551.767340
562.651813
518.094934
516.932431
533.798557
531.329701
540.462866
495.169031
517.372192
556.427433
572.202572
604.384936
543.981471
566.073922
584.997597
594.619498
547.727950
539.706195
547.285054
533.604955
530.522538
509.384995
516.673884
534.034554
573.878300
550.467651
513.729624
535.889008
507.188669
522.574943
515.151633
558.474384
524.802522
519.665262
525.759404
523.936569
558.689698
534.973263
527.093312
515.879908
547.179480
525.997313
554.370278
551.011977
482.424801
521.899691
501.254491
494.315685
525.892105
545.678406
572.310786
550.541339
537.226877
599.310779
571.116948
522.788397
527.535281
512.565670
512.461521
519.552200
537.310123
527.048827
552.593294
530.631159
546.696074
560.966632
550.054085
554.548000
570.011322
570.484133
520.454378
540.365372
543.824299
557.249548
549.898627
564.734099
546.430654
530.329305
478.898102
493.935695
537.392660
584.530825
582.511061
541.809564
559.613686
563.694887
561.763650
560.538454
560.581975
575.881955
547.754913
535.315409
555.595005
559.041673
576.233745
551.646122
558.621988
584.065685
562.535406
559.734794
548.495020
546.757651
539.729260
552.057264
554.985335
513.370615
519.813764
543.790690
574.417746
569.162122
548.336845
541.890248
532.929150
523.515900
538.447219
565.219883
529.711338
521.488882
556.523595
532.116824
509.521695
527.292432
506.705907
535.110457
528.181236
536.857653
524.516258
524.237675
552.451687
561.143722
569.990923
560.666186
539.254561
534.245789
544.841097
544.319302
536.558667
524.596170
551.312200
545.406498
533.130955
547.598351
529.556637
532.719009
498.765214
566.976938
530.831364
542.322941
534.352620
519.409360
509.827607
518.608660
538.396714
557.882199
532.047846
567.711382
580.672828
567.201188
598.472523
611.205521
579.309415
578.988770
551.212653
549.177720
564.149382
570.461527
594.384847
583.145143
587.782559
554.319952
552.937468
565.620053
560.253341
560.652933
540.005967
511.936531
533.378395
519.742703
564.748293
557.604013
575.868902
604.001157
565.889435
580.398459
585.753414
549.702237
541.833223
531.118169
545.077238
550.509570
558.380267
548.528140
513.594240
550.947922
559.098601
592.040298
524.625120
500.400828
502.730171
527.397244
532.578797
541.023807
538.755869
536.015978
531.677240
552.807681
545.482101
528.063977
527.796535
508.311787
521.673902
553.262471
518.330329
542.613864
529.600645
543.572143
550.165880
504.856662
523.728277
534.107317
562.831221
596.578854
588.685791
574.291694
579.532492
544.917518
546.468720
586.664686
547.429038
543.030423
531.031880
532.549500
538.246431
537.213031
511.618477
517.839237
547.667360
542.184517
556.477575
559.484661
565.640414
578.153523
567.006171
544.212745
562.400553
563.598421
554.160008
542.691553
547.223283
564.085144
531.971625
530.674953
500.193110
511.208748
530.667656
532.622462
524.771459
522.080647
550.006680
518.782780
570.389782
530.175867
552.541070
557.255395
535.355133
558.171499
585.423309
571.617259
551.725253
534.358887
530.954685
518.436692
546.826110
537.022019
519.027256
508.520222
506.563678
502.881709
561.839718
556.970913
551.749818
551.097550
520.892104
526.091816
528.276995
520.528114
492.775366
525.232371
536.077635
559.348680
522.368107
552.805227
517.072393
530.644248
522.636427
534.280300
522.699149
516.086196
502.587689
558.573772
571.961238
543.322905
533.455228
540.551673
564.273316
562.967475
546.882740
552.548190
504.029972
500.094743
580.809428
532.924894
525.591680
529.709877
547.560519
565.395119
575.589942
540.178807
565.195337
522.911778
530.365668
501.657734
520.978620
516.988349
516.220797
523.403565
561.266477
537.363768
535.490403
499.403890
515.901431
497.418914
503.811028
515.776772
513.300859
529.158954
525.587458
489.396147
520.943186
561.799081
584.140109
548.750499
554.729260
557.116407
573.946973
562.237335
544.356230
538.226914
527.826249
535.690314
512.748288
539.703541
550.543549
579.834770
563.510514
566.344045
573.602190
588.044299
589.748967
565.469576
534.045636
523.130278
499.652106
537.804133
538.081665
564.756105
550.028931
541.487548
534.070868
515.060524
527.536759
510.168305
515.150559
532.702597
519.022093
493.042439
511.933187
536.860038
564.288164
561.769178
558.459632
528.606762
539.969273
543.001227
577.567860
567.305865
562.872963
565.453953
550.190757
542.231703
515.766174
515.199947
542.113092
539.844412
543.574265
535.327545
544.501164
550.518026
525.555050
525.946178
530.966936
510.136232
546.811937
525.487619
550.952527
565.957123
585.380792
582.704403
582.912013
563.985988
541.749835
536.765715
556.172934
540.453803
571.920056
585.319078
570.826794
583.842663
543.520304
557.051582
541.982493
539.333288
476.317529
487.086511
545.113623
542.446274
551.769687
546.290849
561.629090
539.534664
557.176718
576.673331
562.441783
553.838362
505.875538
493.074976
519.968956
558.715710
537.656632
536.946153
514.535753
546.483273
539.277272
537.199405
541.238696
575.461201
580.776770
580.443380
555.146301
566.047193
553.672108
550.075521
534.200849
558.834384
544.870412
518.318308
518.056596
528.182391
532.813074
523.250669
532.226292
546.734333
545.391667
547.812548
541.948026
536.183020
523.833790
498.762343
504.110579
507.576004
522.177252
516.392128
510.778218
522.451248
564.336969
597.968129
560.078563
548.898415
541.805272
583.948436
564.806676
580.884291
549.130897
553.524171
571.221617
596.790562
574.252494
566.560321
520.948885
541.555862
580.033200
567.401876
541.880868
511.012775
497.122416
498.249160
517.301134
543.696592
545.700037
519.052233
553.267227
570.619987
567.058673
576.648632
588.141886
539.993970
564.233245
549.491998
528.541697
506.198877
506.330932
527.415394
522.178397
532.656565
524.299698
536.194668
546.691113
552.103260
558.609071
533.206190
571.535152
536.670970
550.902081
565.119258
542.437988
570.355037
523.798795
503.295307
525.000903
524.464352
496.946946
522.143644
563.582513
535.369507
542.117315
530.227775
536.038983
568.419483
543.929166
556.352020
520.196946
518.361734
524.199259
522.607486
516.346269
530.922914
505.705295
504.608573
535.080781
522.729774
504.259330
517.752207
530.655218
523.154041
562.485036
573.118579
594.317859
560.579919
558.589944
549.183521
537.000612
516.891087
496.171589
530.732246
546.776964
543.731500
530.736871
550.300228
559.851114
525.041385
504.511970
492.355863
504.080562
546.698117
513.248570
515.900611
578.866171
569.338959
579.933636
541.634640
533.508082
514.722633
487.558101
527.634078
568.372542
580.113606
579.442326
571.149294
572.024370
579.783608
575.257134
600.256228
617.135297
634.279884
609.309989
594.947952
593.314371
573.143633
538.819173
518.961663
509.241645
524.564540
563.774784
552.971933
539.060232
554.973950
567.720723
549.152114
542.740644
552.676715
579.552430
595.670223
573.980806
532.361796
531.968707
539.983940
573.891672
540.849347
509.815225
539.897741
521.016487
545.978324
534.581494
565.597060
587.477639
568.708493
524.317499
551.504865
562.209320
548.786026
558.806795
589.218442
573.440631
567.528661
547.047410
535.962511
539.619105
537.396660
533.112405
548.012352
568.660324
553.221495
551.401815
541.535988
557.747173
537.314594
526.473674
538.754989
521.491578
500.874867
531.096593
549.132247
572.452815
552.861798
552.978458
536.505413
575.837723
542.445951
564.458816
544.961563
525.446929
529.695656
547.699037
561.463861
555.630597
556.478142
551.818031
544.454112
504.073451
498.051593
542.507121
527.494128
534.690053
514.787053
535.783154
578.520352
586.700338
547.824494
582.098992
562.096955
540.133014
538.919701
537.184546
543.033285
545.773084
575.004594
554.764109
552.514702
521.537018
526.684087
537.870922
534.872057
562.698662
574.938825
549.792803
549.887326
575.698646
549.853564
553.446065
563.876260
573.252858
532.822744
547.891730
507.716356
490.577671
497.994494
517.516624
534.449356
507.901496
546.083443
544.449294
549.744610
538.357819
527.895581
536.241685
547.206203
548.259306
556.708879
559.305562
569.829840
573.526639
598.138501
562.909188
534.998829
503.764738
511.425447
508.300358
491.439090
500.774741
493.836798
531.110451
513.482919
525.886725
514.522268
538.432624
578.045916
544.193234
538.683751
532.776268
529.955885
529.202021
541.853954
515.950321
553.683582
553.761956
576.139431
548.076015
544.931863
540.640375
532.471095
552.955540
570.075745
529.857440
522.652018
541.392803
538.228936
554.019894
543.689557
563.700397
564.629820
596.303660
573.117269
563.506256
506.847071
516.777829
508.634715
514.745782
516.266049
545.498620
524.505503
527.674851
559.992422
527.657356
513.817681
515.898028
538.889949
528.341480
555.047139
580.198350
531.727634
536.287936
555.197338
542.773429
515.164132
499.092707
517.063232
558.097061
539.701653
549.199025
554.057290
574.061097
600.987233
596.793489
539.660757
556.863540
563.424088
572.621802
568.823820
557.542796
557.865985
569.344989
585.672191
564.124941
556.628229
532.264617
509.843828
597.833369
543.849562
537.280467
549.176768
514.811232
603.341393
610.104885
608.179892
582.383196
536.073047
514.604730
545.896187
545.970894
557.503261
576.886817
557.893239
550.734505
589.264822
577.262214
547.077055
531.878659
518.389671
545.709887
560.605017
562.880240
594.132449
611.068887
585.646269
557.336668
517.510679
508.355007
513.426548
527.269902
540.907164
567.408032
566.888919
549.123901
587.015309
563.430727
554.286961
575.146080
549.911951
556.981044
547.929293
519.640766
523.806203
532.675846
558.847676
583.403745
558.905635
549.827247
558.525235
554.946736
533.354823
521.038820
540.214199
518.492236
601.008052
553.019975
536.264062
561.352557
572.918172
591.841367
559.366083
559.782048
544.052484
536.918261
483.599491
473.890943
482.241905
476.829869
500.183559
514.546084
520.448629
529.760790
531.144703
529.714565
541.384442
532.279101
541.077370
557.705297
533.242272
537.460753
529.131909
517.096402
519.328910
565.614865
530.359307
518.486106
516.854684
492.155321
505.263654
505.432967
519.124604
547.429286
552.563684
546.667640
597.298907
592.429176
588.503821
562.364823
552.939251
532.990916
559.303407
524.092630
542.439868
584.782509
581.450878
536.147549
546.246017
568.908904
565.372274
533.006135
530.753700
537.261120
513.899489
529.589843
497.496536
527.853328
505.622770
504.425841
527.384702
555.375464
520.071070
511.242981
509.956088
540.886514
528.339303
554.731327
542.669359
543.084857
519.996584
541.963102
515.000966
505.549358
481.396843
497.767537
514.487643
545.858946
523.140164
558.821328
564.820973
545.643501
565.693460
552.239151
518.327940
486.957443
511.483389
516.021527
542.657500
538.981558
534.828258
531.359154
505.794798
494.923454
538.885197
531.856390
525.071685
497.402542
484.948867
523.644035
510.220668
527.679985
579.146491
551.322335
538.308045
526.442580
517.491578
539.827371
550.450865
549.738438
510.547879
549.448827
559.906763
556.928222
544.145912
528.722747
502.416846
533.756097
538.210322
529.384520
533.803207
532.494471
519.981846
533.868130
522.140468
550.453880
564.030363
544.115402
546.435167
523.079709
514.167688
567.877780
555.440751
515.638539
508.695676
490.317053
521.741524
534.591669
569.025998
579.533310
581.620812
576.449761
526.861767
548.077530
529.410403
539.057702
518.962799
534.663804
509.071634
528.707339
521.774047
590.039965
565.990799
535.762028
576.762119
585.119291
527.516139
536.753367
572.163348
548.242873
556.123719
546.859490
543.086522
546.116577
551.130154
541.120232
528.559878
535.279116
536.385906
574.803848
556.911595
531.665971
526.383243
528.818315
535.773497
510.872577
542.025637
525.754812
529.947194
545.201911
520.557543
543.275734
549.142073
545.598146
544.898018
572.799446
570.924965
550.438864
560.768341
593.553701
604.188529
609.787807
594.060059
558.726371
535.983634
519.091968
539.113104
522.833309
553.409100
561.692930
553.178044
527.741010
535.772905
525.854257
519.668780
561.484071
558.555691
564.882679
570.925943
568.677952
572.220591
518.798753
555.127256
576.771145
569.440792
550.747472
550.029821
563.002278
518.640915
536.469962
554.393144
536.879506
538.974349
544.186314
547.349214
553.538323
536.389344
550.322287
533.729051
529.228050
506.231028
505.292502
522.812546
496.914174
524.580333
506.805713
518.565826
541.662404
526.266656
538.302800
517.211203
540.124443
526.244533
502.127645
524.806739
498.591937
493.444879
501.388930
547.654765
541.833203
554.120063
552.332380
485.852472
514.941459
525.285966
522.483168
517.525832
528.390906
530.335241
535.067245
540.817661
507.924224
553.695321
546.459234
540.812698
521.252327
510.825933
509.422837
494.925916
504.825062
573.153770
568.792614
541.056997
508.882844
507.495472
528.706519
548.310685
552.198816
534.542851
525.838806
535.758740
518.638099
528.198105
541.667740
566.545959
534.003481
523.788302
525.935049
556.465243
508.135851
509.081341
500.072911
527.617991
561.280605
559.731873
543.245434
514.676637
515.986405
531.831211
546.605850
546.595865
552.951366
568.421194
539.001870
535.791879
506.568714
533.726674
582.493876
554.484080
517.808674
530.533860
547.133473
532.497989
572.726876
575.420842
552.079307
563.233436
548.532950
560.012550
563.167155
559.515220
556.991740
563.800819
527.741011
526.917226
526.715556
500.449503
505.824409
523.391774
519.675952
515.147653
562.038328
559.851075
546.075867
598.318525
561.413838
569.421380
580.168364
552.952974
556.199889
518.732165
514.022848
519.865790
533.449732
537.490018
541.742292
546.821550
523.070954
521.548316
551.087394
538.175046
561.473141
568.186630
566.786915
565.482072
580.593441
575.959854
553.629179
551.516132
555.545123
557.861320
537.099082
547.325068
533.450402
553.364217
543.511630
570.352985
546.792328
542.223892
518.025370
518.878431
515.103569
539.928731
519.403820
514.669977
516.173503
520.380917
548.099462
529.988688
513.557149
524.643003
536.081354
584.125856
584.769587
570.269871
561.546853
553.880823
548.900097
525.112882
545.128275
529.559039
520.713703
482.781585
512.978112
520.160091
539.228815
563.330668
518.371727
514.690422
524.116931
517.431179
530.729216
547.174838
529.118414
525.013985
570.468188
566.137821
573.912031
523.586949
504.511857
515.537870
523.694981
535.611796
523.560116
532.280005
508.937368
537.911307
545.160265
548.508840
546.880237
546.623640
563.219044
538.067859
536.708419
545.947148
504.716042
497.055077
524.574886
542.939970
554.771809
583.565465
582.343969
552.364627
547.878953
550.622355
559.427883
526.449419
527.225772
551.206328
569.829519
545.008233
596.762289
558.302588
578.292610
581.164069
570.669492
588.093286
554.384658
556.900493
516.008452
513.292509
481.876273
512.318279
497.347035
507.311662
508.284699
514.106460
506.984924
499.561487
513.115399
506.167478
552.019438
548.863852
560.238826
561.175712
550.545564
540.321735
540.733700
539.455338
560.244196
554.100783
535.296020
519.330662
533.732003
529.350469
550.035261
560.384076
541.539776
554.543139
565.443569
555.647501
563.424665
547.633485
527.943292
512.079913
501.351173
527.379596
528.230371
550.716005
538.064455
544.669534
549.209387
532.183950
556.907432
522.626549
497.709583
531.820767
540.199778
521.458739
523.312952
539.581372
524.902839
531.542431
524.580840
513.352771
556.470678
553.015508
570.437591
588.741672
560.774257
545.313883
562.345841
528.237630
512.832673
523.198723
566.801185
584.012697
558.116655
525.339566
546.319580
567.292089
530.557583
524.229824
505.535621
552.674659
552.685592
550.170874
554.864967
567.288813
550.781129
547.405012
547.319758
550.619639
543.027371
524.764607
527.083268
539.793275
563.226627
595.899157
546.197581
539.837110
484.727358
496.415935
535.498411
543.976521
558.411873
568.700896
546.628266
498.351320
493.400009
493.674695
516.014381
507.051253
538.698624
531.553831
547.519205
528.341945
552.859706
547.456507
525.441405
535.691880
512.741211
532.410444
522.054550
544.625753
546.088846
530.007168
567.565088
514.799453
539.586686
550.449642
546.118186
540.851961
521.473216
521.596354
505.889122
498.633206
519.706710
533.896117
529.054265
539.281517
558.644406
537.341872
544.100071
558.785323
568.841669
514.840783
522.398358
515.324719
543.368578
495.231315
485.415695
492.001643
503.225292
531.946165
545.807549
541.757972
564.018304
498.455763
497.474553
539.837737
532.995353
552.677722
556.102455
541.892772
526.160760
508.997461
505.029124
552.688378
520.971245
522.089829
570.251907
574.590986
577.977048
534.885997
537.762846
531.196649
487.665009
527.540149
563.130545
566.600025
549.139934
529.608196
518.213655
507.173624
559.145560
574.069658
588.833963
553.330165
570.989494
567.904561
528.673456
488.296161
494.059650
505.491435
494.659267
518.235223
513.492276
534.107115
534.722675
540.685459
570.266852
560.230960
529.028194
488.736997
514.835874
524.051434
530.619055
547.904104
531.045404
529.401468
559.868794
527.736866
584.696537
548.919951
542.246724
523.886972
531.087769
538.474354
543.690669
527.684847
530.603380
527.937834
564.828763
554.909684
533.538420
546.440275
532.512125
515.019579
554.110859
540.346989
555.934743
530.538890
553.102196
555.324501
573.050109
553.011141
538.248307
554.105247
518.542116
524.817915
508.855360
522.810692
551.342706
540.129791
524.851459
489.861273
493.630786
524.027418
533.301592
542.523723
546.809479
544.200954
514.720678
469.302161
491.423676
544.015810
583.687447
555.467307
536.679457
505.193252
516.861429
551.469244
547.473392
524.610619
527.848226
543.404950
548.788115
529.811061
538.297079
531.070137
554.353617
572.611980
568.609732
556.022563
514.717375
539.064984
523.587150
525.240619
584.905970
567.119188
565.743094
568.371464
525.373736
537.126894
522.805772
515.508791
539.660113
587.786515
564.200172
562.782473
554.838206
538.751274
560.288885
553.852203
512.290971
556.436146
552.578246
543.465234
579.193524
553.415071
583.720326
610.108001
591.322091
577.151378
520.402153
515.386234
508.319680
538.790500
508.954845
536.961256
569.622780
574.467551
567.486618
565.403877
564.567598
538.420534
531.996595
547.586725
569.091899
559.743442
567.192084
571.285493
549.826883
521.499547
541.693940
500.080045
482.717055
506.617188
503.854596
544.476924
556.784812
538.432873
510.320631
498.841445
498.982849
541.064406
543.590563
563.266760
547.469131
566.159433
571.014344
588.652440
595.806072
602.056540
607.442883
559.387548
560.043472
564.300187
546.232558
530.415078
545.393255
575.079778
548.053893
530.554236
538.218866
546.897906
550.904722
547.132925
525.893116
480.887990
493.021249
516.720790
527.056872
520.453741
526.364262
521.147266
556.029508
567.846835
574.319723
570.376196
570.299854
536.068597
527.283125
542.373286
565.438428
576.776524
538.941004
547.048261
565.139142
578.686612
559.229073
535.702932
566.413106
569.697847
565.767157
551.598406
535.290454
546.660403
556.615965
554.514824
542.905077
568.234405
574.375702
569.596161
532.197654
523.553937
519.878854
507.878582
493.553598
512.333204
506.042365
499.915818
482.169628
526.806431
524.340594
567.135771
599.720872
577.731664
559.375433
545.738609
533.556245
541.842816
548.619472
548.954265
577.486724
605.340679
611.195225
574.837090
557.016285
563.655311
540.322901
542.527695
603.386934
576.074353
520.642932
548.447871
558.300398
570.639866
557.646053
556.838143
528.207028
538.195287
552.671695
513.665302
512.701386
532.825313
532.709707
544.758068
550.775592
514.064263
525.633735
553.228804
584.222430
549.174921
537.715846
520.810027
535.982666
571.532377
608.947782
582.952388
559.432271
579.394974
557.545884
569.184875
532.451911
563.357575
519.060321
590.826084
545.884115
564.834565
583.997485
567.063890
569.450882
586.027916
592.883635
550.703412
527.523306
554.022712
547.585159
569.243470
540.946454
522.428593
512.301652
521.716721
532.866486
551.700015
531.243520
562.596759
534.615213
531.220027
548.731646
554.745944
521.889540
554.016302
543.599813
528.772707
509.132445
529.527358
528.340941
558.816601
551.045516
517.235260
569.467611
544.934849
549.699572
554.951335
560.258213
576.396792
569.500344
574.351252
536.544986
510.797639
503.521016
556.533684
580.759347
562.754766
559.271431
540.219928
550.547480
548.312431
571.441412
590.116405
507.437408
502.794756
520.593468
506.315759
543.201566
543.048447
527.146699
519.505556
526.671484
520.012092
488.841573
509.875828
487.063166
533.555078
527.175749
540.398961
553.731417
548.188120
529.733037
538.414134
508.588245
526.794588
537.699381
538.771500
541.695813
535.916486
538.634305
520.573072
528.282614
526.554594
508.567091
514.178349
508.829825
531.189668
516.575742
513.127157
534.870893
574.212685
573.439403
530.263440
539.683654
560.030079
596.597074
608.965138
584.598761
545.968040
549.411221
552.228295
535.793138
515.432418
525.254828
524.419397
521.352025
557.202007
588.665925
554.305140
525.587222
591.005502
544.933812
535.496868
518.116437
528.327072
482.875409
502.683205
509.845011
501.207970
532.441985
555.303012
559.971756
559.802353
557.498725
542.120432
547.076178
509.743826
560.537490
551.584159
562.274552
526.619119
582.940029
583.411475
536.659349
551.166363
549.486597
551.355178
559.092599
556.859122
562.623399
553.109630
562.371872
544.989603
569.779731
584.716921
587.547834
599.487521
564.565823
554.948205
537.178055
542.980659
514.423068
500.361313
534.536205
554.200757
561.438626
569.976037
553.110568
510.199449
536.591533
532.237520
524.307551
500.529726
486.540175
511.975189
507.864189
502.320026
505.689260
468.700531
503.664443
517.651186
529.225560
519.426841
532.489170
560.757051
595.793701
548.689039
519.956160
534.294239
530.891588
559.732079
519.112901
508.016831
499.192150
509.891676
536.508452
561.602352
557.749179
559.015790
558.584014
555.529674
527.505348
517.389275
548.595648
549.038881
532.688039
562.659374
572.689640
539.176516
539.444861
545.581355
516.311243
523.561855
503.656911
527.805986
565.194503
592.720367
587.705942
531.139342
534.821162
541.629779
519.735715
537.093276
550.000470
562.785020
555.241495
529.138541
502.263990
526.409631
552.941195
543.247633
542.547853
575.217566
561.413141
553.268288
540.794529
563.448617
576.942075
569.709990
534.134318
556.033362
531.508094
522.699744
550.865565
544.273608
534.035360
545.512423
552.954305
537.123263
538.774101
544.975200
564.209392
554.772105
528.644525
523.922969
588.341507
550.017976
543.192534
535.922878
520.359518
545.910026
551.438474
547.110275
526.967824
520.689956
503.717260
501.983229
507.813432
496.939971
519.860178
496.380642
543.637865
569.769733
550.236792
538.832779
559.980110
552.946212
548.429991
524.967136
545.160184
556.806967
573.824944
572.249265
560.871036
543.381207
514.502334
479.313812
501.968886
502.652160
530.180101
529.472263
537.472180
531.694991
483.442228
514.883614
537.256478
538.296878
545.830248
553.399188
552.385723
552.377260
542.366829
539.125209
547.685401
548.233022
579.584936
556.850416
528.182120
501.449168
500.462125
501.754300
507.217097
512.325626
514.392479
532.749618
487.751082
519.019479
498.960326
510.502741
532.880272
563.472278
565.214034
587.854787
577.707820
592.598739
551.425583
564.488049
548.331081
554.052433
564.523253
557.445283
552.155022
569.889145
515.905074
523.319363
531.210760
542.993326
527.662104
513.995802
527.126059
518.679217
552.557845
578.973993
545.685828
555.722908
551.720614
554.563747
576.929600
533.826719
528.873297
524.069686
518.283728
522.425353
548.555293
561.309068
509.400336
528.250133
517.014678
505.801385
551.702154
534.528713
543.511235
515.104105
562.149840
529.161177
521.096438
555.976643
571.893789
534.688969
526.787368
522.057841
521.217428
503.251486
557.249883
556.025551
499.744680
495.578977
500.306670
499.133399
549.721625
518.243592
511.571880
534.879575
566.611688
552.946780
570.991747
571.882724
601.669441
559.019498
555.381916
536.502901
524.417359
536.855986
512.298123
542.086732
519.215180
503.999993
512.089236
535.143755
581.536711
590.926095
576.120818
578.425049
573.333839
523.193746
493.785761
505.195384
564.074653
518.516848
500.177278
485.970886
473.500786
501.148661
501.497768
549.818374
547.578984
540.611416
530.386965
545.388551
533.127034
521.597399
522.154284
520.866313
533.500468
560.678205
575.067764
549.718200
546.807838
521.782220
546.299318
523.663884
553.504313
531.083702
540.471215
543.725743
561.615858
565.007039
559.571935
567.214766
570.674088
564.539511
540.782182
541.937507
545.952421
539.348050
521.593922
552.179502
551.430783
500.785282
530.729065
543.225671
543.953705
537.497143
543.313184
527.091087
507.876999
498.724969
506.827811
515.569215
535.530200
564.453034
517.268280
519.308666
538.605076
554.963140
578.362860
552.219809
517.294681
504.506770
533.926819
536.085788
550.483063
570.209071
544.138548
528.040879
555.993078
514.716173
564.684665
570.917699
566.812745
569.150410
557.246528
547.515125
566.488132
578.445873
555.264996
557.050304
554.136153
550.709474
561.540056
549.559128
501.334829
491.043450
530.368824
563.108733
542.056411
540.808598
522.204117
552.775338
529.899309
544.192457
527.055174
533.708088
566.939266
601.837586
574.961858
559.078940
549.991633
533.752858
550.855187
577.822201
547.881014
519.721245
537.556810
520.428611
530.263052
534.257820
519.038853
508.682773
510.843829
521.443101
477.915241
506.181766
505.101381
492.137832
517.388574
551.015113
542.945252
575.621703
540.396107
534.295277
519.071311
554.142906
519.692040
495.952529
535.608771
546.996197
538.426084
540.921694
533.058725
537.155815
554.983187
557.161865
526.237001
505.240540
484.839027
516.059189
555.041980
550.045632
545.477054
543.869976
509.691644
523.208025
542.821163
535.517877
590.571636
554.679894
559.060842
548.669792
547.096710
554.759033
541.265543
544.169349
531.291860
527.282076
517.290486
559.961450
579.504038
599.373618
565.961749
569.974296
533.799637
550.026148
547.754842
560.900655
551.284813
566.637148
552.396431
551.113227
551.006775
572.613388
574.848658
562.811526
552.423595
570.884081
578.745915
564.904830
540.942263
523.523721
537.327938
531.986067
529.411970
541.599758
548.179857
519.276447
529.153652
545.984171
523.167971
521.793282
502.720909
503.912111
526.713033
505.900396
523.125877
564.795603
543.604256
539.306858
588.547686
570.232924
580.226655
547.237946
560.651214
542.593101
522.724241
522.449807
512.270514
517.158021
509.732096
542.752149
566.609866
539.365262
540.647652
551.675739
532.298433
542.040637
560.254612
563.597334
530.368445
499.951206
525.102269
523.416384
535.897078
546.402611
477.364957
466.940815
485.940007
529.878682
551.408045
542.336422
524.039855
540.530321
530.795694
571.029477
570.068694
556.963324
566.095567
559.679668
586.284341
594.365467
594.700402
572.239096
549.495760
518.812344
559.926817
540.672838
530.203463
542.074574
509.798860
554.844115
553.232769
577.802539
558.554801
531.142411
545.567673
559.801020
552.752879
529.673686
540.107788
567.034883
576.393793
582.256485
551.358502
516.764357
509.648016
511.046737
480.030479
519.261806
522.673125
538.731560
522.618588
526.662445
530.848356
556.049698
539.497251
552.465330
546.944265
540.775709
544.691522
511.195985
499.148596
528.050547
507.365321
539.357728
557.578985
565.703483
544.991860
542.397386
541.152646
554.660397
525.929370
514.957757
562.401075
564.012575
566.848155
541.830513
545.983429
541.517666
513.488027
494.438905
503.725136
542.099006
536.211128
513.797988
542.877920
545.593055
565.205671
558.886933
536.499952
555.444087
535.038530
534.500480
517.860125
520.150823
501.135683
517.104288
514.306920
522.805926
537.282850
540.415471
556.669587
593.702770
586.353999
571.182504
557.407638
555.267934
559.368016
556.172034
529.006110
513.139388
502.095775
573.163289
529.014698
537.397358
516.723238
498.252041
527.309063
557.615933
514.936524
500.422387
551.299365
549.749550
518.380551
556.860781
552.517772
577.873302
549.655766
525.967432
536.771040
508.698630
493.859069
515.284522
538.627389
547.770704
536.073893
534.492397
530.845481
557.639451
541.186445
569.233124
565.045329
555.543326
561.438774
579.740110
540.386073
565.397244
540.903652
570.305619
538.614737
518.667045
564.316539
566.445396
551.629632
535.637470
519.857002
531.536800
519.083836
529.582635
526.072851
542.595967
517.287553
541.823724
549.732518
571.348506
601.845967
546.490029
530.458273
553.065434
595.698304
571.181688
562.940438
557.010058
509.036863
499.738793
527.655270
553.403306
562.969474
552.953670
563.941156
556.601951
565.791532
612.965409
550.563138
558.274841
580.202350
554.864489
555.169762
568.452109
530.888781
512.279263
531.520639
535.385079
561.238478
539.038940
536.165925
506.638581
507.805340
514.918331
502.932959
499.677556
538.660241
559.480996
538.339751
513.186307
494.703147
484.218479
484.355941
501.364291
522.068841
590.087208
580.067309
612.740806
571.258746
525.460362
510.945962
554.256435
542.857243
532.743901
534.074311
533.255582
531.179297
554.504619
538.727560
503.376252
509.942785
504.295322
537.458583
574.825368
546.907693
571.285723
593.348968
572.362986
571.852644
537.964613
547.432304
523.832868
556.296457
607.230447
577.837711
558.419199
521.425101
547.322265
572.720427
526.219549
541.884424
569.066864
577.059873
585.158088
553.740338
514.873148
566.333603
557.615568
531.186118
543.250462
538.089839
536.559508
542.335380
563.008722
558.749693
567.516554
571.289261
580.062340
564.540384
532.784906
545.222808
515.037792
511.713055
524.215005
519.885259
539.233480
537.529139
540.319469
570.625786
563.645062
507.434619
543.910022
566.418071
557.136900
567.182980
555.956821
559.884092
533.713077
552.347609
529.366306
524.811960
516.795260
554.883241
544.442641
526.714894
530.397457
521.561082
481.137951
504.170069
497.704805
504.662179
542.426990
543.928483
513.457924
545.699144
554.344404
529.317255
516.539765
567.297103
527.975309
545.982106
531.359394
534.203818
532.003393
560.965131
540.650058
537.328409
569.554135
555.411575
538.280389
545.994818
543.961673
536.332922
530.929740
510.052307
521.992773
537.053272
508.907633
512.821590
519.343062
554.314793
537.192839
555.327515
510.111918
529.066902
571.846968
552.442787
525.333284
534.469463
548.072603
507.969025
502.456005
511.529502
540.050194
580.677190
559.272985
543.686505
520.105504
547.924432
550.748765
542.599539
552.261390
531.375391
534.531634
528.289405
544.801260
556.128278
539.454664
539.840209
520.338699
551.231116
565.944785
551.844202
563.873157
561.644238
572.729168
590.843010
581.156536
537.321118
536.650948
559.435764
544.913877
576.307258
594.380869
554.967341
548.636974
559.764905
522.017343
548.759479
562.570386
544.777852
553.215440
558.624179
560.708658
557.800870
514.158604
555.775698
556.498829
536.474693
557.381720
560.839889
556.096441
568.947954
571.565275
563.066989
575.380777
529.107446
509.227719
528.950890
584.475066
569.881745
524.031143
559.837299
569.018209
581.613344
567.134948
552.680954
559.521361
544.961114
603.618652
559.905079
584.085962
588.053063
590.586318
579.037113
587.216467
547.341442
571.383338
566.408906
581.108548
572.615614
598.448262
617.935185
572.570492
570.101432
547.164601
546.422400
553.419524
551.517846
543.623842
534.552413
530.591219
529.339945
559.625048
561.782186
577.798724
555.027109
521.580758
533.290437
567.054584
553.624103
541.980863
604.537300
572.091754
538.462223
507.404175
524.330083
520.156816
512.694677
514.575574
511.116681
542.414044
507.805377
499.773052
493.123429
508.460638
506.310803
494.917099
519.957443
549.189437
542.937311
563.850009
564.730787
523.802645
551.707976
528.004315
528.323340
530.206441
521.041691
491.726345
530.308421
558.111755
561.931817
541.032216
526.705808
540.193367
534.212523
516.639062
578.309089
574.661941
591.601869
556.169753
573.485988
591.888842
565.415195
556.717087
560.855093
553.236007
517.222542
505.897933
550.820487
517.106897
529.617187
522.136061
517.411014
530.605478
545.904519
510.042116
511.558327
533.169807
546.211541
537.456356
564.272620
565.251073
590.073660
535.570481
548.749137
555.446260
569.430477
526.844923
528.908558
515.890710
576.635505
573.412769
581.195202
559.604519
560.832053
557.462597
522.021115
523.528649
523.764245
547.722279
555.271563
557.303740
537.384812
549.652809
534.067467
517.111939
532.673905
515.270171
540.709740
510.070647
513.565398
508.086558
532.507153
552.200753
547.600522
555.239529
537.389564
554.379159
534.933154
536.783799
554.145801
578.368118
552.767866
579.695798
597.064980
557.074970
548.512444
495.461910
499.232286
480.761870
518.719111
499.982428
510.456031
522.957647
522.847822
531.319134
549.379742
543.561933
526.754487
541.922927
552.581478
547.567301
561.281663
533.044973
544.679181
493.461899
542.199928
526.771047
565.133284
569.463563
580.828629
594.879297
570.277517
568.604151
525.590049
548.788069
558.764167
550.702392
571.020552
561.587916
562.292976
548.027597
584.562162
569.260604
533.222763
535.623125
533.801603
524.780980
530.501495
568.310068
575.977395
583.137365
559.968341
557.393831
547.727655
543.362382
506.659430
506.896171
505.323253
504.510074
539.941463
548.203247
539.510697
522.711765
524.490901
508.752549
521.652592
539.666583
559.798265
553.478340
536.016999
550.267104
545.310902
534.799627
587.926860
583.036485
617.754192
590.099344
598.752454
590.898811
569.588265
560.079398
582.061981
544.709313
546.601677
564.648894
545.232339
543.496025
518.248001
506.577066
517.517488
531.103217
522.253089
521.763426
524.085355
512.670554
549.733350
534.967258
532.522980
542.104655
559.528231
557.456254
537.237026
531.851397
523.628249
510.948870
503.845159
541.419088
575.355330
594.248351
578.481983
557.484700
570.940657
550.400574
533.931035
554.730970
554.846885
547.562284
553.360299
584.076131
566.147631
584.409209
555.475946
569.216024
550.813088
574.208361
587.828078
597.312027
583.818880
573.567006
576.728094
543.035398
527.235771
539.821533
503.878541
533.196682
527.004062
538.813569
525.065464
527.633379
546.721856
549.275830
529.334250
532.957952
550.032067
547.220468
596.060301
590.821763
583.353951
543.814820
556.758643
583.522177
551.705911
572.523705
600.611252
567.237865
531.628871
525.955180
530.794287
519.502396
507.674247
546.760641
584.178305
566.703486
569.322109
547.512934
544.258370
519.609502
520.040853
497.866498
506.749046
489.073126
508.223764
537.560554
519.503716
561.799060
523.647702
540.456930
521.174912
522.480895
511.216317
488.051639
486.635911
478.858407
520.599920
527.709063
518.745874
554.280862
537.449609
526.508639
540.176830
555.204200
518.368264
511.507264
510.439155
516.584230
545.187979
512.540833
538.558986
522.240164
509.712888
504.450914
525.167040
554.464358
503.671987
534.978829
516.979034
497.263898
560.129612
576.382833
527.658204
535.782488
506.252940
531.901510
535.755079
525.989767
537.094238
553.202559
542.845504
515.544186
541.726842
526.047581
523.302128
525.630909
565.204088
570.922073
544.426710
541.737544
522.183919
516.438628
495.226217
570.171890
550.102329
556.518246
552.926065
585.172107
589.145928
558.101730
556.680642
554.692619
550.994487
568.860546
544.593736
555.563343
545.918872
556.992780
506.659074
500.767336
520.262595
510.252218
509.396152
521.269318
546.924380
554.637206
536.700125
552.600293
555.502439
558.310943
542.077950
529.467210
554.777102
568.839868
561.761535
579.222371
555.650086
557.235433
544.416803
519.004712
507.466416
553.635924
516.398461
519.812165
534.205059
569.321338
534.167463
526.584897
512.782309
540.160601
545.303341
537.416991
494.777570
480.492518
476.708117
523.826461
536.980728
523.380865
530.892252
499.447632
510.394683
480.299022
507.408655
502.841736
530.063282
541.220182
520.523523
526.547952
543.674701
505.195081
555.118337
525.212430
517.126817
551.545956
605.147548
630.588052
547.921648
546.910292
557.663706
547.939272
560.051160
532.978721
525.507907
555.785494
566.254860
514.480997
518.811284
564.825106
564.631733
560.824958
524.129448
520.474386
534.709798
513.382444
537.310109
563.525135
544.449286
560.397462
546.667567
524.224933
501.669787
496.959691
486.302266
549.178147
526.475293
552.306538
540.995835
531.850723
523.938240
522.284875
541.568800
532.220148
535.148682
571.749126
568.822913
605.457199
574.702619
554.710179
553.297679
546.173603
519.998086
554.634411
509.824053
523.785716
520.182301
524.315986
550.907717
530.677814
545.048354
539.782943
508.684504
497.253165
510.100217
533.716037
507.108767
534.785809
520.244185
506.080926
551.228912
524.888584
500.015064
531.738196
537.860906
561.470924
569.655285
543.507460
529.291777
534.554885
524.971472
506.009837
524.479856
523.199732
513.879447
518.975755
552.786546
554.052113
562.758185
594.182003
578.319664
563.068474
526.075768
530.375842
558.876828
546.633431
547.469167
541.494358
565.432729
540.949301
517.798652
522.610843
544.043863
568.992760
583.078895
585.946322
571.764814
548.965064
552.189210
533.643479
548.874883
497.830109
519.644418
529.700062
565.362028
544.251114
563.852130
578.018379
572.591916
539.964331
548.706913
538.372790
505.195347
470.265586
491.761873
486.895978
495.725523
530.067459
529.038852
532.050828
491.339440
506.035480
519.214544
538.764295
561.232549
525.688339
517.339947
550.688577
523.154376
510.645066
540.063327
559.987197
518.640980
506.624007
530.870026
529.204163
504.823729
499.559081
523.415694
497.073207
509.648903
510.240292
519.139683
511.881900
505.747184
524.545450
493.150587
502.102658
532.675925
561.450945
587.771827
583.390003
549.231270
563.207822
554.199967
471.615595
493.434525
547.509703
531.382955
532.052653
542.401499
536.972262
545.962421
552.466006
547.097864
540.029800
545.052987
567.151528
529.671416
511.604776
537.318799
492.190398
493.279499
497.053329
524.718899
495.675488
510.681726
504.414954
548.902592
569.563055
564.632959
569.630060
533.232384
578.533276
546.825339
505.761249
499.042061
549.007569
567.468220
538.158372
533.172801
551.340757
559.046845
571.657887
566.123092
562.291204
535.927259
538.156516
530.225928
583.595335
584.268175
567.868447
534.900989
547.836108
557.583480
582.948302
573.726684
547.550602
538.190323
576.537391
536.732535
557.263412
543.221692
548.638315
518.470676
538.609604
492.629401
514.889270
513.575762
541.780627
539.985603
538.297979
542.824303
526.071884
540.130749
557.201451
538.731646
545.568234
545.201785
567.139853
585.253199
594.766880
565.650333
534.622534
531.747303
538.381065
550.663902
551.043893
557.064316
534.027397
499.133956
511.062428
539.377438
543.773793
533.176157
531.708617
518.810145
519.328776
533.487502
527.267737
527.537595
540.673997
561.825433
535.898067
532.090649
506.947468
525.210405
522.587151
487.651006
491.069955
530.587497
536.969252
548.384114
527.798118
520.712579
515.044547
535.885671
530.486786
564.499091
594.940361
544.991595
571.465149
562.161025
563.263073
554.153802
567.960288
537.900077
541.281374
527.734574
524.318363
502.160972
505.682813
540.295807
552.864970
516.187419
519.446319
535.586926
525.217359
553.787433
525.363529
558.300397
533.428412
508.721668
522.944783
506.738671
488.211307
500.069291
522.485347
525.126174
518.834301
531.215726
526.848276
529.782249
541.639976
504.868424
490.482997
521.609028
499.239606
483.487075
484.842444
502.469287
517.895171
511.600873
534.732955
544.963465
528.521370
512.672437
536.145605
574.816042
548.657644
554.218287
556.631866
539.383505
544.665754
511.943448
505.735389
500.444452
519.799032
508.951230
496.786557
533.290923
515.932636
518.585839
537.156561
577.188285
563.547126
555.935224
521.153233
533.668616
558.918404
571.319373
546.318370
544.389042
535.323270
561.848290
558.229511
571.534291
531.809782
585.977045
587.466662
571.207312
486.618420
505.256678
551.055591
590.698855
582.675987
555.676556
560.640395
529.224655
541.541979
536.909727
515.950058
506.082843
524.553635
503.536891
511.172077
504.722423
552.918500
539.724876
529.324711
529.737255
584.184303
577.884779
557.750806
540.504622
558.658332
552.676833
560.094844
481.484825
498.652566
518.865636
567.824556
548.072804
551.523212
559.376624
559.521456
547.068426
549.116379
509.276351
515.407617
530.347427
509.724697
521.768599
523.249325
558.605664
573.083196
547.309145
536.212199
564.000103
562.239384
533.150021
518.973964
554.473199
560.132269
538.189355
539.194559
560.523158
540.856966
535.027106
547.124909
524.595903
545.546467
556.400231
569.241097
520.309366
513.010594
544.879274
498.635228
503.272177
515.420550
523.465478
507.286998
520.078275
518.466926
543.928642
536.141653
576.528512
589.348957
559.500766
554.313366
530.291942
494.658011
497.037142
513.427428
509.909680
530.340035
533.901037
525.863753
525.167941
544.890765
538.953866
541.495216
545.608536
532.818169
513.126779
554.905926
537.613216
538.110638
546.128419
545.711345
532.254405
531.779878
530.898059
531.060741
565.409884
516.790177
538.469495
527.906734
554.855199
565.118595
554.348354
556.211598
568.202858
512.677135
559.354347
528.667000
541.439147
546.085129
566.079691
556.019260
514.731255
525.107372
521.400710
541.335820
497.853775
478.742079
515.302694
521.308369
523.091968
512.394972
534.274899
533.637150
523.601483
528.930698
548.695983
535.434005
572.274944
515.050074
550.762147
583.976878
573.521865
569.449962
566.234346
581.268148
492.393005
510.065787
471.733919
517.461775
550.465388
552.234972
553.842568
532.039877
522.325692
532.641363
506.477984
519.025958
538.077542
510.661222
535.275332
552.316241
576.551456
560.172584
577.016698
570.368366
574.432092
555.740091
550.593345
562.580495
536.626898
511.796310
520.541128
545.107971
521.036687
548.982227
541.459286
556.869635
555.586817
578.362492
605.585939
565.668277
531.820266
537.523867
533.337667
514.758923
527.287200
527.617712
548.221238
570.345441
549.343341
550.357516
539.116285
559.359357
543.798229
567.337771
494.417443
511.162527
527.469085
547.264830
509.555916
508.434826
513.219595
504.521353
554.517964
552.867937
530.518330
506.349768
484.868133
497.023498
523.994980
518.184554
500.431070
485.270154
533.637386
570.144165
559.703520
584.193212
565.133256
573.184685
571.596084
541.654489
546.311515
535.757740
516.722463
525.243586
548.061192
525.296079
524.878537
545.605074
579.736485
566.305670
562.061604
590.384970
572.706338
570.422085
536.843664
518.707803
533.514744
549.461472
587.132518
569.206506
542.894022
580.648054
616.307687
600.505225
570.538592
562.906987
546.632264
562.209252
534.471047
536.002064
527.118212
499.110584
499.010218
537.621892
525.710110
538.591594
542.027263
518.219995
568.040669
544.208819
554.365169
558.916924
550.706854
511.906654
517.582284
528.641280
539.740631
525.008046
533.494757
550.990178
552.965688
567.551403
539.721769
568.979509
537.783049
566.794363
600.315906
575.331856
551.681116
566.419331
531.557658
547.053509
537.908865
508.613870
551.321655
525.214987
508.816063
493.215620
515.356263
526.599711
507.628745
505.622629
513.832379
545.718825
522.210637
509.417477
534.248082
542.219152
539.933179
546.469032
534.257737
539.705516
531.639597
550.526132
549.148034
556.626257
553.408601
580.533904
585.947035
565.119636
558.421732
522.776219
509.103041
504.123893
536.449396
562.323912
536.552770
569.819461
572.257458
556.350256
531.140446
529.690150
566.242911
547.182626
567.544051
517.140168
524.038737
536.136031
514.038430
509.971321
498.929606
514.317104
545.015896
553.982277
565.233834
564.674688
546.682663
550.054211
544.751863
488.799267
535.826087
559.874852
559.017315
535.582476
558.330652
553.133984
553.434959
561.975730
556.629686
522.463066
573.495933
525.327372
540.025297
553.867164
570.790228
572.573568
572.509863
561.960632
562.532320
548.193514
553.965593
530.773669
551.795245
529.560048
519.974038
522.764414
492.755921
492.871095
539.121113
507.176509
495.485482
526.908969
584.729449
559.971585
585.332100
566.494187
552.152234
555.174958
536.682425
536.190419
570.574592
563.014738
555.675677
565.474211
553.423438
562.629134
574.794270
579.855322
573.492329
601.336225
528.336716
538.265560
573.961368
562.744233
562.423019
581.298740
562.619712
554.422113
593.100967
559.715391
550.391399
563.414126
519.656100
501.297409
521.707143
535.322222
557.904501
556.465916
545.680291
517.092957
490.332899
522.109483
555.255399
528.489016
562.007139
557.652354
548.865808
575.922542
544.698428
513.560256
505.177862
537.297972
528.591458
544.594651
530.162401
544.998706
520.035635
507.684981
494.635491
484.134643
513.454068
518.495857
507.368903
545.120461
558.809565
545.788961
588.538333
563.040556
543.417511
550.876188
500.950721
547.661159
540.531622
546.004740
537.768516
534.492906
552.130329
593.400085
598.771654
575.802049
572.571742
517.467089
515.143446
517.997893
495.813462
540.366383
555.800527
557.677469
538.029790
506.267166
507.458803
562.702355
580.453681
535.690767
555.639201
560.683479
554.083898
561.577717
551.941265
543.481184
526.032925
531.239778
547.979061
543.943341
563.396324
552.205305
521.915861
550.568567
565.678775
589.596361
594.934101
573.732928
557.230370
518.779991
575.872130
555.459705
565.397066
587.116963
555.594878
543.233020
514.510538
532.903391
571.696347
570.955965
612.221296
574.379967
546.703546
560.653592
536.571052
538.058123
557.960134
561.855049
522.423287
560.880638
539.909311
571.033774
590.437951
555.253592
560.944760
553.048968
524.357565
539.732594
513.992974
562.700628
562.735408
554.233117
587.016109
530.776686
560.138845
552.880427
567.814561
551.445422
561.012400
553.059905
560.114554
535.039777
541.402849
579.020973
582.718753
565.711676
520.803310
515.529565
534.157869
555.278834
589.148658
567.799311
599.933400
588.479515
601.928487
598.493995
631.846939
570.012954
561.651277
559.919591
555.094922
529.660288
518.784989
531.880157
556.559785
573.896569
559.492235
553.652750
560.510256
519.563475
561.827440
503.644464
508.751581
493.984305
545.476064
597.857293
590.081154
554.063335
557.664385
500.984459
510.617102
508.701938
523.996907
517.276378
523.230700
528.732382
550.811761
557.375078
568.880376
558.134146
539.547171
541.248656
540.930207
528.044001
530.510098
518.185813
548.133718
534.721156
518.621707
521.789954
536.248346
539.838448
541.401166
542.148156
563.844575
564.049838
533.231858
570.980634
575.381117
566.698697
545.817877
531.076619
524.483051
600.766648
576.751508
536.507315
559.616192
542.418146
543.544671
543.353987
535.761911
552.947305
558.629000
544.900212
532.465782
531.056157
505.902882
555.727550
556.156653
547.241725
568.190493
542.378886
598.355206
572.874487
531.608125
563.014766
544.467269
557.536346
569.356067
547.459293
561.092614
566.538251
514.863150
488.739049
516.886472
499.315626
554.670662
559.129423
588.892101
563.220431
560.781218
540.898878
553.233396
574.086497
597.900797
597.831877
565.208758
550.272804
569.197053
553.888361
548.731693
549.891814
555.650598
560.141759
523.930046
520.999540
524.926535
524.232263
544.030908
551.903974
512.399000
521.222459
506.504554
534.087322
547.452704
531.870051
575.773624
576.629856
583.610150
570.916760
575.976857
550.312507
543.627410
571.157675
565.667490
542.844065
531.617454
567.934836
551.039010
533.098945
522.740047
522.981772
522.003064
513.628612
517.282024
500.616243
522.614946
541.368713
593.311298
564.598655
578.061931
539.226494
541.152521
530.981161
520.369383
505.374924
533.654122
530.468842
511.835348
533.645080
556.454712
559.117724
571.479776
566.515764
509.038401
485.395368
528.658448
549.329088
538.402904
505.289186
493.863990
519.610783
532.522922
565.681215
556.255809
560.227233
585.264321
577.794486
550.252905
528.043541
532.121994
514.089253
523.203898
511.936996
531.031185
550.201777
542.061369
528.399727
540.597814
522.600187
549.847327
519.756795
540.162972
547.887745
570.828217
558.503292
573.305669
546.218599
569.293417
539.664886
595.558339
576.569105
556.503034
552.035339
557.404249
575.228460
546.485562
570.958706
583.170441
561.510513
539.791687
562.858415
551.335809
547.878910
562.689909
592.030799
548.226378
535.717275
510.610853
541.455051
518.375918
519.821050
518.873321
527.146040
534.958555
544.414908
536.149177
564.496542
544.938857
561.570869
546.885002
565.502002
530.993451
544.088674
533.104979
541.710841
555.651207
539.956758
560.429723
554.916187
551.774399
572.573481
552.465319
549.826176
533.761661
553.844570
516.889768
561.820407
546.941679
575.988544
543.002705
548.711182
542.474321
561.837831
541.342835
566.762691
534.851904
555.604295
530.914015
525.978206
506.433517
509.934717
482.510093
510.059058
507.050164
531.587015
501.395333
496.158068
493.781129
536.867296
539.367271
572.676069
548.777815
529.642362
524.816628
566.608328
534.974791
551.590734
516.144233
505.740206
518.497968
500.332205
476.602110
512.456518
530.861757
568.746047
573.589151
599.480039
611.854028
557.095981
579.014140
543.212932
586.790976
561.238999
570.933081
560.025000
536.882475
530.799957
538.988582
519.736504
520.550760
538.152750
522.509292
543.674486
531.099880
522.747383
529.965412
568.482001
555.518809
586.835078
565.645002
523.502256
486.444734
490.359258
524.129281
519.214664
489.053215
539.091938
530.258651
578.556288
582.493382
599.167766
567.062319
546.200811
570.656827
558.942849
535.707053
559.299661
558.842821
581.537475
549.480971
567.043722
602.527977
581.494400
601.573005
546.968817
554.660764
570.349774
536.658456
547.199573
564.313958
553.164564
551.909887
540.650229
523.796936
504.519289
515.582541
505.134648
539.937893
554.562632
551.095015
579.383367
569.575948
538.495188
563.329830
569.020381
561.321790
531.768965
562.826001
573.958606
574.318203
541.118576
548.961322
551.256401
556.008341
538.837724
514.836551
549.558572
544.219373
596.504058
558.926100
617.037530
564.614605
572.409199
542.896131
541.260828
570.633990
529.182876
491.817577
501.439286
511.898864
505.908473
529.326472
576.188724
594.468505
552.918909
544.586519
517.867282
535.667350
520.488549
523.987444
513.720216
537.588091
556.074105
562.023891
551.850113
578.266917
554.876017
556.245008
539.598719
546.843511
515.620607
506.732006
507.383602
480.814269
487.934981
502.998982
497.444719
496.001487
537.922072
525.506382
535.129833
524.962417
518.912016
480.213800
482.588286
554.869699
528.547317
517.857930
543.183453
531.475417
533.937661
545.777722
550.571003
561.880322
519.718812
515.047278
490.941186
524.535166
511.509562
550.770123
567.675627
486.459045
489.609993
507.559141
528.453708
510.701960
533.638907
532.291076
548.954307
541.989022
534.749339
548.562233
543.127001
565.855247
552.535704
567.661460
570.626439
572.428748
560.198303
543.841755
555.928984
554.391230
564.706194
551.650139
545.228146
576.856977
551.130827
544.546038
551.660213
534.995242
540.868970
514.152319
547.615995
544.338927
596.172811
569.191006
532.835630
543.157346
555.249394
544.947255
511.185505
512.762671
517.689980
537.563877
540.949074
514.495057
543.221351
553.815544
563.514633
569.656702
552.010111
560.183839
566.073880
558.322854
552.051965
535.528471
551.574123
557.545669
552.196746
561.767728
543.540494
551.815676
533.486200
551.889530
555.067459
564.191237
571.585577
580.319674
569.996882
572.475713
564.392427
548.044143
517.339271
508.484334
495.490585
519.564602
517.610305
495.403746
542.348443
521.020549
523.869036
515.768223
523.681011
513.580962
574.864831
592.220209
556.377529
542.034484
529.586229
539.972378
541.629664
529.532444
574.534113
583.206597
572.548742
553.924633
573.348504
558.318285
518.969822
540.692093
516.077681
544.412814
598.366979
568.794780
577.953431
547.179906
553.411190
525.112997
561.587534
540.547029
568.883245
520.391578
521.531390
555.093290
544.182286
572.144429
573.293700
548.440730
547.286407
536.851971
502.429151
531.241056
523.517994
526.847157
533.510909
522.542322
531.578891
543.170823
532.908655
549.460009
527.034394
540.673237
539.560057
523.919907
587.524271
559.753699
538.013669
531.159589
553.878941
569.652097
566.165826
572.671785
560.581369
523.723297
535.026748
518.842885
556.297041
531.175835
517.965546
538.584402
540.494810
510.304433
527.798850
542.081254
529.210058
503.543546
494.834545
544.975868
525.537167
527.030837
516.137814
517.910740
533.372773
562.174841
541.559080
557.346474
550.760561
538.725512
530.464314
536.633145
562.660023
537.107783
541.144696
571.347760
554.735079
571.107817
603.213228
594.443322
574.176132
547.872924
543.668782
573.351070
545.597875
551.960358
559.039619
541.162853
540.474766
550.774720
569.776997
540.000482
540.409618
540.808894
542.507136
545.069628
560.157083
565.923121
543.068967
584.368614
558.850602
561.159879
554.304040
536.816181
500.669478
533.724849
514.379366
497.305978
528.717824
526.610843
569.580792
556.667915
523.349376
551.156468
551.525461
564.886474
551.426440
539.770951
557.470003
544.405798
551.687778
524.773829
505.876516
512.301835
548.824858
541.362547
531.871130
490.810704
491.138196
514.837303
530.076595
566.762755
556.875407
533.322057
523.433002
541.911074
597.745016
572.309036
556.652639
577.915772
585.887829
572.457287
567.451669
576.430041
514.059043
532.337163
524.520852
549.766208
574.730133
509.528621
499.695818
504.515302
509.611157
520.910053
526.430884
536.605377
533.736132
549.066837
547.040424
546.748888
508.969003
488.648283
494.284798
503.058897
499.890560
524.512910
527.159147
521.017430
572.643265
576.574211
552.892237
527.969800
538.453323
562.902222
520.933680
550.368083
551.095374
525.959377
514.464991
512.998119
577.419597
578.246789
575.586145
577.858683
557.420724
538.601812
551.551333
527.240495
522.417293
525.446528
545.182844
535.542901
499.076821
512.683669
508.855781
498.296778
493.813500
515.568538
544.489560
548.085016
504.833097
488.298455
539.340287
574.249685
557.309952
574.285672
553.792194
569.043117
578.707253
555.506157
535.948232
546.949362
563.226249
548.654076
557.123852
565.811599
567.034339
566.553137
612.334404
564.768558
526.678870
530.769214
521.833105
511.445158
525.744014
531.411886
533.698795
481.813585
505.759658
586.891167
569.610553
602.627096
598.393810
559.774918
539.596492
537.673211
516.220897
501.018248
520.113988
524.160208
554.828604
529.470801
506.636494
528.694536
529.660847
586.996246
574.850152
518.305960
546.141912
552.647895
549.558478
565.591392
585.690051
560.801079
561.795276
558.245992
556.607855
538.897106
543.957519
510.194933
518.362378
519.707507
498.145649
538.902720
559.350054
559.149402
563.038861
585.007791
575.929980
550.836240
505.874135
518.913291
527.930697
535.655016
529.495472
571.225483
552.430290
519.510773
534.068284
532.815524
597.583363
544.293895
557.543859
571.896872
562.154324
569.686186
566.469415
567.692835
555.236751
570.791882
541.471452
526.492742
544.799257
514.167679
531.391649
539.731755
541.424752
549.805479
532.540355
559.046620
561.034615
580.041212
572.102018
570.011347
551.991070
581.652639
546.196863
545.872988
537.622935
545.334352
526.310622
537.086998
559.864141
534.599104
504.812781
512.000904
493.505656
521.117389
545.322637
518.145268
539.453824
536.252558
524.570242
538.193520
537.983635
530.767626
563.845509
550.238042
560.565968
543.480254
531.242829
556.788760
526.845037
518.100811
549.146766
544.977220
572.351186
567.907309
580.232212
530.908182
583.647705
579.020913
576.466921
572.294653
599.882554
551.398007
566.155565
546.048650
537.846596
542.105274
539.014962
515.659822
555.852362
566.485705
530.898945
527.523540
528.854491
516.923105
526.048171
512.345676
495.915666
551.514157
567.198589
540.345753
528.504769
533.980699
522.963509
514.851940
518.846038
522.648253
535.171255
505.083597
540.753042
490.891199
513.337516
520.021964
523.212060
549.913116
577.575537
514.985559
511.394333
533.197776
545.117192
555.960371
563.470017
542.060537
542.517140
563.432336
570.313914
575.660104
579.200943
538.489854
527.132246
546.201529
572.234208
598.146171
563.540114
513.444718
520.014813
541.024740
526.749650
524.617343
512.676622
484.270015
503.162522
514.227101
516.419094
505.988606
491.574857
529.271488
544.949177
563.014915
550.130728
541.300407
540.010905
527.425739
557.766247
528.081495
565.486947
562.616470
553.719108
577.391563
557.475680
510.307988
562.712877
533.053496
547.798049
498.132994
493.792068
476.826860
478.641688
472.530560
479.668992
482.654169
531.204183
543.816578
538.207500
531.602097
521.873952
536.726300
518.785032
505.428354
518.433026
516.872153
530.563481
519.580605
518.966659
499.959492
519.690331
531.648381
573.743555
606.537604
619.145417
584.743010
593.505466
548.935653
530.944619
533.826231
545.163356
553.115551
558.447118
559.384825
528.598517
536.111576
560.859898
549.305240
555.522855
527.963005
540.549723
504.353784
506.032488
499.884732
527.300291
508.924075
499.932028
566.283695
536.626523
540.462203
531.748271
496.210465
490.588150
470.977276
498.273148
508.796688
509.405831
507.529451
530.038098
560.653460
540.192746
598.451083
564.049796
557.953898
553.720032
557.511368
574.933857
573.177208
541.227870
534.771365
529.567889
547.841278
559.755588
575.326294
586.038983
579.738771
565.768627
537.668148
551.321600
554.819783
552.921758
583.029868
596.524350
566.896830
569.174474
556.635060
547.388321
550.506216
559.284743
608.419284
582.203807
575.251996
516.452312
536.318465
577.108304
559.454182
547.877079
557.721716
572.183788
597.872890
576.248199
567.926581
530.673357
511.413638
502.961244
529.222249
548.773923
560.502607
529.697980
513.675042
526.377456
482.084310
466.305346
499.804490
491.617510
496.117519
506.036865
504.047724
497.157829
505.315980
480.964033
526.277256
526.899865
512.591733
486.801987
513.865651
529.475998
555.308254
532.498367
517.328029
538.687424
525.313395
515.367032
549.885014
530.191860
549.871958
521.588651
532.188131
545.367985
561.006904
543.024997
551.182597
568.806036
551.574179
554.607672
570.894142
549.658862
526.154334
507.307942
496.151296
545.156812
537.142876
561.211687
562.419076
553.264426
558.049200
582.281174
554.241080
544.178557
528.306079
557.196838
548.949059
541.115917
504.568912
517.070601
509.907083
494.627734
490.515895
496.312665
480.968991
579.354308
589.331577
528.282487
527.880117
506.859804
522.313682
522.201967
521.650261
504.105008
496.254921
507.809985
517.839786
505.912622
505.544417
556.483393
529.540231
552.313503
560.636083
548.924219
566.112277
555.395679
526.205129
533.309847
519.722495
518.455416
529.950074
551.822007
528.660616
531.878812
534.133622
545.176813
545.881488
539.124702
548.140649
546.330679
558.607195
571.691368
557.570220
553.051134
566.706199
567.801177
563.719362
564.288809
552.157807
531.290842
557.078970
541.041398
555.159607
531.066567
541.908931
565.918817
481.650169
516.080335
476.842551
460.190905
475.036796
463.571819
486.131259
503.268894
489.633885
507.057425
503.071965
563.892875
535.548200
532.831542
567.244970
548.789236
563.929627
565.104277
559.247845
562.726983
580.520660
552.826511
548.287396
522.281484
523.776945
516.975227
525.231013
493.025249
513.019558
522.250852
533.183154
536.838519
533.045812
541.149585
539.214498
496.766884
524.153034
535.430722
543.808652
530.329979
545.513764
540.465007
544.650368
598.011990
562.921083
583.481002
600.290793
579.163966
557.505429
543.482446
547.011915
524.542162
564.135441
555.532052
550.178584
553.334554
536.375562
551.184930
545.425095
535.586613
537.482540
563.999813
565.770125
553.438811
550.432584
580.281607
519.308693
499.594373
533.694179
496.049783
528.743245
558.412891
567.823392
551.456177
542.039370
559.544857
508.686697
529.017310
532.129485
529.829464
511.788534
546.044816
537.501514
530.466069
522.667444
510.880478
513.766733
537.505918
521.516557
544.185723
553.084265
519.082409
555.803685
577.327034
560.094329
516.767534
541.510421
544.527148
568.579883
603.475479
545.263087
542.985038
568.210371
554.308709
550.636333
576.219086
593.278546
547.866704
555.062989
590.833252
579.992458
561.313900
584.773266
554.132351
550.619693
506.069910
517.096819
515.500997
538.706545
524.404464
558.094772
568.732617
512.796787
519.420648
514.749554
511.896622
537.163130
550.780722
533.324569
530.170792
540.639386
574.514952
609.150664
599.951540
586.772807
532.484595
503.099961
525.962775
518.391960
506.506609
496.729842
526.745755
506.937893
523.832357
517.803990
524.728002
522.267652
517.929495
515.135779
532.029055
486.155461
499.674761
526.517170
538.926112
537.763498
549.152414
568.909239
558.983885
571.988379
557.202374
521.805957
546.407137
550.797682
533.019820
517.381404
503.218396
487.389822
469.192138
485.598555
507.664103
530.097090
503.739893
516.718515
521.946339
555.681604
520.344689
518.598970
518.219729
508.259189
505.719359
518.892019
514.404052
556.342281
572.676423
589.835905
586.846420
565.317554
569.786327
570.201250
548.035191
554.176531
578.053769
553.314159
575.759290
563.757832
516.069107
519.834144
537.318975
561.913972
550.271760
530.686599
550.362690
536.777668
528.914870
509.924235
500.078117
511.190369
548.587523
533.566924
540.608486
511.820243
530.766145
533.267920
555.004821
547.957578
557.545950
514.802665
535.013370
530.860123
546.133258
547.129436
544.414621
537.796012
559.741197
554.074090
569.276582
568.698781
566.332192
557.085266
537.618725
517.073061
500.172836
517.274488
548.450980
528.563203
555.346791
495.409024
535.573375
547.072390
574.284364
557.251173
583.975614
559.248720
583.809710
552.412918
569.123049
559.121344
566.813985
538.344475
524.658867
515.338598
505.908939
521.260930
505.147095
510.823024
505.116382
490.166396
472.495041
504.506894
500.610072
501.918830
506.280832
472.514121
495.774077
523.910994
553.506913
555.326292
575.807168
569.575662
567.449980
542.435431
518.916102
533.085418
570.350907
561.102619
568.909467
578.662163
592.067105
573.770961
552.297502
582.644756
568.294387
586.153971
577.304477
539.965466
548.595804
564.353528
560.370731
556.528899
543.288782
528.268031
538.288659
550.224676
529.655997
544.846783
571.376038
564.467063
540.771231
556.194357
542.981772
541.243963
569.355675
529.972065
533.159461
531.315423
540.901945
527.368434
521.017492
499.939898
522.938103
503.208348
523.449112
546.291933
540.377012
547.809368
520.102095
534.267592
528.491548
571.832680
561.004301
561.578925
573.156909
600.421078
549.181749
515.422333
530.209893
530.344806
494.747846
488.158568
495.387103
511.384246
553.877950
545.422927
557.541894
552.015541
521.248965
540.265063
508.809294
540.985374
543.918286
527.819191
574.959256
566.247556
569.639436
572.631121
572.379401
548.867685
557.473219
582.942671
613.331975
554.882305
533.474516
520.574584
530.630794
558.107908
578.222440
571.892230
555.280761
534.006808
553.891294
546.631313
521.070794
528.567469
538.646778
540.663999
507.086275
571.556397
535.231107
517.905112
517.580633
508.243799
529.259357
533.883478
569.159044
560.986851
568.170360
543.269095
544.771080
545.515229
556.272578
513.493610
509.766027
482.355954
513.398274
517.518926
531.442708
549.122636
539.023954
538.505151
555.710393
544.324326
497.988537
530.487196
504.328950
532.493914
512.976041
512.621597
510.447177
553.438655
552.608128
530.293327
537.419726
522.775878
526.291924
557.062040
619.093979
592.201149
577.279981
551.435679
561.217490
546.532467
532.894069
527.103346
543.316578
530.596400
540.223426
509.509548
540.391942
532.621487
541.138418
543.375608
521.797654
555.429531
583.263087
600.580487
586.278392
556.742324
548.257436
504.716418
524.916732
531.032992
542.026865
506.920822
499.752608
509.818761
498.723880
529.383753
520.368311
530.487026
529.831472
550.792063
581.066009
603.056901
546.495001
548.492274
527.097628
529.782192
530.842084
499.643697
522.093048
540.516786
510.223654
526.812265
546.606406
559.698922
600.031240
569.019691
585.929729
563.551830
525.594950
541.504344
548.724760
614.061180
560.968610
545.606876
513.104704
498.765262
478.575193
463.874781
510.023100
508.466716
508.639449
549.859655
568.595401
537.250828
540.271874
530.728416
534.564912
522.172840
523.630852
540.080223
587.428486
576.048052
556.728253
562.729403
539.816344
495.228224
510.797621
531.882562
529.115264
546.240138
574.232182
585.046284
541.658834
557.740546
506.653826
529.670826
532.955012
536.308585
534.484226
520.632518
501.422179
556.165281
565.038814
546.065601
577.223122
553.787575
602.809151
598.824998
582.019051
576.713283
555.441397
529.740872
549.401433
593.431341
555.479892
538.234256
547.671742
535.069047
528.703499
519.180165
517.402603
526.878562
527.756035
556.752877
540.019822
541.162177
591.186229
556.784797
576.162135
540.951986
548.565858
581.153200
558.118713
551.849640
537.045310
551.258251
574.315414
583.760244
568.512176
538.543201
563.198418
527.105414
575.805538
588.652769
571.629153
514.329188
528.678939
537.658376
570.625173
542.501193
553.136822
545.453133
516.285234
547.744886
557.492365
546.532334
560.701268
556.126797
568.890479
525.775927
547.422275
518.896482
497.795891
550.145504
576.536228
606.458640
579.573610
559.761530
556.874899
560.301653
535.250913
542.192251
501.938627
506.681888
522.179944
536.754160
510.315919
518.045820
558.383076
598.904786
596.428453
528.380644
586.235415
560.218963
593.424382
595.326607
539.524477
554.932544
556.615401
547.897904
547.243639
532.725710
534.743139
539.398404
534.822695
526.579329
491.767281
534.602093
526.171636
551.388601
556.196740
603.948069
587.512993
562.457654
525.879977
532.183015
550.952582
536.343563
530.320979
537.857474
514.156166
536.350213
543.758129
527.422179
504.845708
490.400644
507.526989
511.184638
521.566222
495.046849
503.016700
504.193286
516.595211
545.818294
539.394463
487.002363
494.577675
522.632911
515.674131
510.197634
509.616144
512.825110
527.878311
527.897010
538.831822
544.787357
590.053927
585.442265
562.017907
520.460416
524.042332
526.293859
533.401219
506.997107
541.530416
554.481779
530.665426
506.395198
517.324971
517.667944
552.387963
560.266632
556.896471
536.310574
526.601554
480.490235
507.181580
539.662216
553.244983
528.191046
540.441635
487.191740
493.176388
503.848317
513.965273
544.045762
533.960118
510.103064
540.210132
562.967285
557.781447
518.841401
538.129674
580.376479
560.038596
542.405940
554.880254
541.899406
527.966742
488.673131
497.975509
491.019458
489.555615
482.222496
517.084349
546.829648
561.074562
540.565971
534.574844
557.409439
548.643155
589.789188
580.788541
585.944165
583.402627
558.236781
532.296226
528.792208
521.994663
522.505103
557.504594
536.188582
557.733010
558.810000
536.453971
531.861111
533.517914
533.522647
543.155835
545.352667
541.158386
544.370633
533.048579
552.813329
539.838804
544.205307
533.901680
547.398150
556.332857
539.708212
537.598690
528.061560
527.585539
552.038833
543.163268
567.107630
546.373143
544.092404
540.239922
491.701781
527.238400
511.539414
558.267271
557.810747
551.472774
541.295146
543.152303
534.504709
509.614805
503.471529
498.448745
523.293849
525.737821
525.157562
546.084126
552.730185
532.990620
556.710741
539.278886
556.145064
552.742177
576.234644
520.424346
547.961431
535.971469
531.688778
517.577109
513.795457
514.426145
544.008890
532.017411
515.332105
486.170519
487.650831
514.248407
532.117578
509.943729
537.863514
559.010636
606.243423
590.265560
608.632334
514.274768
541.834115
545.312568
517.246171
540.542438
531.687249
535.536509
567.775348
547.272026
545.428189
527.034996
506.879261
496.280240
515.069473
532.742203
509.214269
530.585642
498.146492
513.992476
542.949276
543.861805
564.685566
552.172383
567.990162
569.015097
570.102154
554.601314
562.462519
546.167462
545.568627
539.299010
532.917366
526.713468
544.489042
540.154518
535.230511
516.435159
550.425265
556.832786
581.577167
568.061179
560.478871
536.928155
560.304338
547.543704
547.740739
533.588972
565.423312
531.395716
510.565695
502.711613
491.785571
538.811605
467.775708
486.010064
505.693978
501.248597
546.356161
545.767453
565.355974
508.680613
522.329341
529.063825
507.375852
537.420145
545.102571
548.199743
543.641917
520.000489
525.424154
573.177061
549.268731
530.964561
535.518162
542.574343
515.809166
524.930141
523.943905
557.634595
540.504278
517.900912
508.742054
539.868221
519.491275
479.275552
511.788662
510.560135
525.777159
515.676432
505.370117
520.207769
537.898184
543.171798
533.119943
522.348419
559.800660
528.585783
513.624690
530.882150
508.591176
499.121391
530.587085
522.712468
501.785711
505.997622
519.252250
510.447187
512.496628
539.885767
554.565478
555.764264
530.250108
513.254733
537.508370
529.992374
522.490445
513.505623
520.489268
527.667179
557.446486
529.296971
551.623271
543.212318
556.281654
523.383180
533.304462
518.891252
545.288455
532.010770
527.657741
519.085115
556.924604
563.912731
567.630206
590.521547
580.681448
576.289232
566.772011
575.610398
559.807051
531.537712
523.940902
560.521758
516.448194
482.407341
489.438131
526.194875
526.156055
542.044865
526.056048
539.848272
521.284114
529.188678
535.530098
565.483346
547.076306
559.074545
561.205546
527.954661
524.701856
579.616440
546.344333
573.104885
569.233620
591.178025
594.710700
558.567104
540.814154
568.571175
585.738844
571.040060
547.242497
516.800920
597.030823
576.566808
540.392304
540.224375
532.539060
556.578946
554.390247
567.080135
519.470868
548.338495
504.153733
554.555858
536.610948
555.914229
547.441725
527.282632
509.278520
499.118048
556.573717
519.775816
539.727401
541.132699
531.159845
574.909010
530.827967
544.869364
552.256287
537.060854
535.487709
517.407859
520.460875
508.916120
511.559179
549.842432
517.267659
526.338573
527.696067
560.402575
589.021677
567.459832
610.824919
557.074064
550.462299
546.953763
565.125184
549.036497
560.812619
563.656580
558.893348
577.645039
549.181588
591.292314
585.146392
549.171816
536.307143
533.371987
555.703391
570.496353
546.665570
569.943889
551.924736
533.165493
504.061726
561.043431
565.123032
549.998528
563.381809
563.173574
566.599339
564.552674
576.394877
565.677360
567.436197
564.192020
562.544571
567.795852
556.124701
537.268829
560.963606
547.495973
577.091331
529.626210
535.268254
544.343057
531.879616
573.027027
550.493001
539.391181
519.208855
548.066953
541.162923
551.630121
552.696452
520.405591
505.248175
496.926765
492.131244
564.579506
564.859450
562.305389
591.103233
594.720762
565.259737
529.823584
542.877709
566.574696
554.338373
541.537945
550.035024
588.938833
545.281179
550.811455
566.644353
580.961927
566.677371
518.011811
524.031321
533.309873
547.152582
511.514868
530.385409
522.275467
542.727817
507.474335
514.153793
536.799750
506.976174
542.486527
556.037653
588.596020
604.719611
542.588493
554.364002
529.646853
525.564138
529.231807
534.668040
575.427055
547.010784
521.389479
505.090424
546.106847
525.483141
534.071040
498.079032
501.487299
540.948365
559.397328
592.905535
598.775388
595.145957
529.032777
537.177098
529.082154
547.995997
522.583070
548.245526
536.945682
558.392054
545.073378
560.429897
533.231063
508.833914
527.895749
507.655521
550.271644
514.062746
537.988647
582.740202
565.581873
560.155912
553.596522
532.473690
536.586625
558.758908
542.890562
535.697098
531.274881
528.670949
519.398321
539.833714
523.755828
512.467248
500.042028
511.532822
497.144189
538.370320
511.877090
528.367317
517.804784
545.659142
546.297922
522.574470
512.100120
533.466453
541.145445
562.327526
543.178184
552.375196
541.924029
512.978978
492.316532
530.927209
531.869581
535.127344
554.660322
552.622934
557.357932
558.978044
566.461983
573.085464
573.780547
573.469104
554.053893
528.565214
505.646089
527.070890
547.248894
573.458945
569.230532
538.415819
527.847371
533.470684
543.212157
515.265136
505.655630
493.674133
524.861541
551.546550
534.897072
541.548568
537.213270
538.034506
557.526723
549.195791
523.128432
565.828379
527.986074
516.059985
532.815861
573.850155
561.773975
566.739063
555.870304
565.082830
552.934949
553.130272
551.463190
540.156887
559.935394
537.301180
496.026109
489.698832
524.023896
542.054007
553.447680
560.338593
550.534626
573.771734
554.381050
566.460618
541.759391
533.886979
567.661377
546.803525
538.981163
566.842148
595.645145
581.630476
550.268037
524.258724
535.705945
518.892232
504.925379
542.015203
519.308202
525.137939
516.613507
543.775513
569.032843
540.775873
553.242158
553.996889
562.626945
588.304154
568.968214
612.844545
575.346783
566.794828
548.380416
552.513833
571.725330
574.159127
568.068143
547.156222
573.966105
545.629284
533.318073
528.764754
551.163897
545.453114
534.228682
546.903811
514.688789
514.589443
534.795247
523.674606
522.363077
522.667004
513.706014
559.770946
538.941341
537.441566
531.866141
552.938188
541.471847
516.187976
521.832572
519.011121
507.104024
544.821965
560.847157
543.990539
537.015310
543.474285
528.864070
495.742809
485.933067
492.645303
518.230207
506.063918
519.157582
519.362359
513.573898
499.667069
517.254931
562.697870
548.854824
571.353327
551.878609
590.751938
582.923602
582.359722
563.941589
568.550497
538.846982
538.897428
522.432113
547.683766
531.225109
526.002911
534.259745
539.098394
564.575359
549.616664
538.767672
547.205992
553.297939
526.278710
544.778024
550.223610
554.051703
557.190346
526.314259
546.371216
510.742560
510.688919
530.213349
586.355467
514.805406
507.206931
516.693103
537.725770
501.652883
531.804498
557.652452
565.545178
575.705908
528.279697
532.193142
524.893248
491.728590
496.562410
520.465367
509.639375
515.135688
510.723256
538.319613
545.457206
550.999907
527.643049
519.677056
522.001828
497.404062
521.506086
516.560048
563.783459
582.116504
598.736176
555.105305
562.628074
542.156048
543.341938
539.946541
501.110763
515.901178
554.968296
525.471561
539.232399
544.322537
562.072403
587.557744
553.675902
582.903000
533.334776
514.799954
552.785659
566.157150
621.044580
573.296376
536.998079
518.803690
514.512100
500.514964
523.063409
515.042516
522.355554
538.984218
547.256947
550.800806
549.909413
542.655673
531.141566
554.100204
558.065176
557.066867
599.382737
560.101088
555.025004
555.021786
490.323743
477.159279
508.714385
559.406296
538.052463
580.261774
583.751043
549.765079
568.364666
537.764288
517.439568
512.472538
506.660461
513.892425
512.623706
512.552208
563.538749
553.867271
534.201478
549.515214
546.659531
516.376141
530.246171
563.093843
564.518658
549.296414
559.708007
530.921959
530.141271
553.860866
567.517275
547.308232
523.185895
535.785642
537.610845
535.684715
525.924265
569.085199
564.279938
528.279994
536.766863
558.093938
560.096891
551.454893
562.425679
565.268813
615.301594
569.861800
574.338466
549.406422
565.729929
555.343274
538.002207
494.840957
527.159791
545.241584
572.670167
566.381299
550.433458
559.741463
567.242836
590.282314
582.234695
628.172971
613.057759
583.718032
597.020405
575.175954
587.419572
566.091171
570.034925
574.152109
589.906930
582.691896
563.922447
516.413997
527.124793
522.521552
541.069925
526.558221
524.237444
512.276208
505.727967
528.896223
502.881099
506.687600
527.497869
552.390524
496.171723
554.750060
545.383706
527.805688
541.111443
528.120415
547.489540
538.472869
578.575494
544.850619
537.382005
527.446252
548.401124
541.130528
520.394553
563.520212
592.370162
555.232978
538.345186
507.064194
531.729582
579.055394
586.248831
577.527706
562.633594
531.778649
530.136808
535.368954
535.018252
505.393202
498.402465
500.889530
540.096483
511.247419
518.068439
526.801473
569.083248
548.750863
540.874018
546.657145
567.157155
587.624131
591.500682
547.486416
550.497755
504.113541
494.102668
491.670731
499.178091
493.753878
513.772664
530.916129
517.784960
522.895196
508.037936
574.578552
547.602552
553.291366
567.122891
565.077467
541.699945
524.000544
508.466595
516.764392
506.711870
509.094855
512.277573
501.666656
513.731655
519.946876
523.336932
502.764895
529.252670
518.119472
536.054645
531.556892
526.432555
552.033942
594.141184
556.517288
590.450128
529.230560
534.468437
576.435478
542.946197
534.433050
528.144516
508.027406
554.329508
547.915071
517.471528
549.948884
560.751765
528.753159
556.792984
542.855099
570.603663
544.734372
539.036552
516.693753
529.439109
502.836547
490.560957
506.265894
539.646343
505.895864
515.421991
540.728091
545.200224
552.433567
543.229867
539.916775
540.579993
541.242384
524.753061
610.435495
585.506085
554.568812
549.258541
522.694014
538.609997
530.095869
541.331590
579.621648
606.087721
566.075513
570.445238
517.904070
573.828019
531.542157
533.035600
562.444253
542.240722
537.561652
538.785769
591.037494
545.406519
525.233217
516.609664
544.361147
538.887597
534.653542
517.583122
561.274107
566.394577
537.540172
521.227558
551.850287
542.086149
567.881518
539.672137
551.065314
519.087895
507.894288
483.786700
499.874252
544.916473
535.879915
488.766903
524.599003
529.888394
558.267765
551.520977
551.077285
547.176657
540.982906
547.282685
499.644439
498.613568
508.264257
512.123621
505.588340
549.304795
565.561019
577.537297
583.766570
578.526378
543.666330
535.484829
558.409448
573.423369
577.551623
588.625740
566.298107
537.982068
540.559430
514.829213
528.404201
515.432812
504.410527
489.282076
554.503060
573.921020
567.627376
568.679681
548.393011
574.228509
561.334108
617.565992
593.210272
639.702051
623.869470
580.503812
553.971844
529.925631
524.322040
542.749500
558.528783
568.579720
574.098134
556.697775
558.570123
561.481687
546.496643
520.794796
555.187394
572.523940
548.261400
536.259192
530.754695
528.169131
534.669170
526.907419
531.843345
534.515451
531.743095
524.438742
536.387345
554.785718
545.779597
556.232481
564.913825
542.566407
548.218258
560.680672
561.151104
576.131835
548.703279
560.193132
560.948545
520.639060
546.117937
541.845884
546.365118
521.999731
544.804683
549.997082
554.964130
563.132188
532.544456
518.536082
519.261726
556.809566
553.487856
567.201617
569.660072
574.684985
553.865623
580.993931
549.836678
535.070570
536.529990
545.821500
567.310081
550.324423
565.304875
577.290105
575.467208
536.595745
555.654320
524.542998
503.690754
531.939286
510.273655
556.469839
585.501019
582.853171
553.335330
516.504768
517.522656
517.083277
519.657891
519.389660
518.833621
532.004337
546.798375
556.449004
551.052109
537.998992
519.008526
522.282523
540.673564
595.337236
579.644757
554.128750
556.970421
519.500753
516.377284
527.276843
534.464343
503.785816
527.355407
536.529925
527.950233
519.294273
514.386573
518.799729
513.918211
531.694372
516.060944
502.920834
478.835070
463.505586
472.912658
482.500483
522.886079
540.132547
559.547391
541.708032
567.544622
545.064551
556.840614
566.206966
583.808722
608.873100
593.965123
573.583869
534.104433
561.161898
582.106471
550.424736
539.731770
551.839431
543.204076
580.767165
566.282565
542.537007
549.062567
554.577082
536.878456
528.245408
552.741803
559.101013
551.079573
589.692647
536.226993
547.376384
544.603014
511.458585
524.171931
531.681076
533.677243
530.140811
567.437518
557.206664
547.576793
524.117572
548.244908
552.381767
550.338911
584.310863
529.766861
524.088319
557.693851
549.952044
558.596653
551.856733
582.546254
536.189464
515.576156
557.520717
561.279558
550.213140
577.770228
513.760995
549.829582
570.269131
594.468411
596.044794
540.531712
544.647671
559.069696
535.765189
562.288297
550.270245
511.559694
517.419745
524.089408
569.431169
516.264247
524.113668
523.668914
534.930197
554.040760
614.071606
580.915793
570.087050
564.432304
511.554193
501.160553
508.372159
494.210944
501.767905
516.932045
538.334527
572.677147
521.058194
530.985798
549.578065
553.958603
583.251293
567.572567
573.490504
537.284774
524.760853
514.948702
522.037148
523.162950
538.062225
524.600633
528.065631
536.479010
542.497351
536.867545
518.556530
525.523564
524.033497
503.364473
510.465261
508.922042
524.772853
531.448630
561.010840
563.233783
542.483793
523.018842
549.735564
527.461188
550.490963
521.151695
510.463574
536.712915
536.910143
564.360734
586.706714
605.571655
582.473924
581.285598
551.441354
534.164150
543.740241
549.072971
548.208832
523.522092
500.099663
519.864676
513.707608
518.951360
528.061095
533.702738
562.479890
537.319001
527.659818
532.025207
476.590931
475.683896
524.608858
505.525939
522.340600
523.996408
531.317676
553.319477
555.557439
586.992575
586.602863
608.282599
565.255924
545.071214
550.063232
562.695138
523.882611
528.186909
544.289176
536.512644
587.186793
574.168251
557.837360
545.960493
518.387911
562.726315
534.355970
528.060236
548.672768
601.371412
535.590070
507.159868
508.418224
541.589608
551.557688
519.990811
539.669087
519.898528
531.076375
497.518341
514.400656
543.472594
509.829365
523.008959
497.480955
534.568689
530.789921
538.489330
574.741210
567.880794
549.577222
554.063714
542.342144
534.641679
550.781127
541.590682
510.745094
492.560176
506.171920
477.359996
501.209308
564.217146
587.089184
587.881945
595.078197
602.867470
573.313012
552.611567
566.238853
523.943704
507.565719
552.271492
579.197629
559.661145
586.712612
551.413987
557.131261
515.251159
509.359041
550.909625
559.648465
556.769549
570.255522
561.369816
505.467533
553.985546
559.709866
531.405313
509.161200
523.377894
539.711314
510.135490
532.594799
491.718777
521.294487
544.147418
530.689212
534.093629
549.873930
532.823203
527.506069
525.954688
552.488334
566.240511
527.945620
524.047814
529.800876
549.038796
542.370735
542.655502
515.841477
514.872136
533.020848
524.381977
551.581647
578.895010
585.431541
575.512100
548.938198
576.979263
560.604860
524.606800
522.596732
538.960445
542.844733
566.588599
549.475921
543.922756
534.982804
509.615302
498.540017
528.351440
532.756462
571.496435
516.235102
545.020359
553.089281
518.331112
531.996698
561.056868
558.842562
538.554363
535.062783
540.974098
535.406396
508.660567
523.204885
520.155955
495.192822
495.890331
507.298523
546.227233
532.759477
508.636440
528.403925
537.751343
533.264842
555.651872
546.826159
521.776560
535.964696
543.831832
538.617814
515.601504
519.653064
544.881083
552.226818
528.027828
549.425032
562.904505
560.709649
549.733745
573.392129
525.908881
512.815647
506.159585
538.728186
535.634700
533.639958
529.528002
506.861158
528.981063
534.740923
527.084695
556.834730
531.991773
512.770797
524.253031
529.475355
522.378316
550.732467
536.523787
552.352176
514.160882
515.017700
492.330530
521.675354
504.363549
494.811448
510.747343
537.166082
543.785349
563.481063
552.032005
519.930733
554.446287
539.729995
561.600540
555.789754
537.534240
526.068931
556.907271
561.490697
561.477448
558.454770
565.021900
599.723198
553.357242
545.375707
518.688009
531.603973
549.269007
523.852215
560.030386
554.522754
547.315706
551.814356
565.996075
554.040447
526.702512
538.527887
555.618443
531.094242
540.980620
557.318901
552.434338
524.199963
530.325003
534.008608
555.749495
538.057767
553.628379
578.041977
539.589301
532.732489
553.936028
545.239160
539.851237
575.539730
589.872121
570.137033
555.997888
530.341853
568.846102
585.361988
550.125155
558.256676
598.109134
577.906729
528.848754
517.838828
543.076825
583.362184
580.850573
584.977592
567.647871
545.047377
547.734489
539.770120
550.905765
561.569136
546.706869
557.051751
537.634385
545.272659
490.705766
512.817566
515.575266
513.906535
489.073937
474.914787
522.396765
482.518875
484.221002
498.831436
534.716530
546.427472
575.966737
535.920605
542.276493
526.678086
514.946041
519.067595
513.621106
508.939932
538.329400
538.863528
532.928807
553.195980
540.095769
544.613164
562.626335
528.392101
541.113931
558.485760
534.151731
595.229833
