5.324203
5.243906
5.145422
5.276855
5.243906
5.633345
5.513091
5.169182
5.207759
5.486531
5.856105
5.716504
5.562504
5.823962
5.586472
5.505918
5.580695
5.525675
5.379270
5.329202
5.467826
5.526653
5.548281
5.319803
5.504776
5.497995
5.255679
5.077471
5.277418
5.361013
5.866180
5.603934
5.420997
5.882729
5.449123
5.771472
5.262263
5.436541
5.552336
5.788682
5.690124
5.242957
5.362146
5.194192
5.558859
5.764265
4.900965
5.236424
5.025044
5.255381
5.469183
5.444393
5.680583
5.825196
6.184150
5.526571
5.423487
5.617902
5.469502
5.682567
5.500526
5.419841
5.330890
5.631900
5.587002
5.408340
5.438056
5.438313
5.448735
5.229810
5.323567
5.315878
5.202093
5.493633
5.545143
5.786485
5.572339
5.225867
5.365035
5.106171
5.073953
4.675072
5.137956
5.411730
5.151324
5.185293
5.182231
4.902813
5.118797
5.214528
5.379892
5.328723
5.564185
5.483933
5.741471
5.910248
5.571281
5.082315
5.640012
5.668197
5.319078
5.623530
5.527598
5.688203
5.826873
5.360672
5.053251
5.320180
5.368278
4.900127
4.904662
5.002860
5.078690
5.397652
5.258096
5.439597
5.202308
4.994369
5.748628
5.758264
5.430297
5.666337
5.578095
5.562166
5.362986
5.278347
5.385573
5.394946
5.397138
5.494109
5.569416
5.548347
5.662190
5.836886
5.995585
5.882034
5.614968
5.688090
5.712988
5.590014
5.469910
5.350706
5.464280
5.684130
5.519078
5.532270
5.277798
5.207541
5.759281
5.446213
5.313554
5.310167
5.318304
5.270759
5.474776
5.117797
5.034248
4.915734
4.934856
4.880984
5.130013
5.109449
5.123149
5.310326
5.312389
5.743748
5.458249
5.693671
5.631457
5.733197
5.594929
5.687868
5.450076
5.179434
5.586515
5.682276
5.181739
5.518683
5.541316
5.716751
6.094465
5.528421
5.586039
5.449258
5.563797
5.329195
5.201805
5.224789
5.032679
5.490122
5.378664
5.026273
5.404994
5.672954
5.475949
5.776095
5.480515
5.328250
5.506174
5.549113
5.769447
5.419860
5.245554
5.416493
5.228966
5.721888
5.488293
5.281810
5.475114
5.260453
5.156576
5.113390
5.123895
5.349955
5.513417
5.582842
5.615840
5.632149
5.482592
5.505775
5.780815
5.546015
5.468013
5.367634
5.514505
5.363751
5.451777
5.250777
5.025858
5.413458
5.327998
5.274153
5.375802
5.411488
5.611271
5.383969
5.312667
5.318085
5.510420
5.152910
5.269061
5.373235
5.250604
5.044172
5.511168
5.546536
5.399550
5.394458
5.250233
4.796867
5.510537
5.293035
5.423040
5.541591
5.633958
5.552460
5.328757
5.815129
5.581831
5.212436
5.206806
5.134004
5.142344
5.538695
5.785090
5.538182
5.295293
5.805695
5.776089
5.537230
5.673949
5.649501
5.719369
5.129113
5.260338
5.091552
4.935151
5.008500
5.076587
5.340343
5.158956
5.135899
5.235631
5.440392
5.158025
5.100190
5.480694
5.278727
5.180597
5.134102
5.335238
5.130817
5.169330
5.278371
5.334766
5.184724
4.903368
4.803826
5.147433
5.307838
5.143175
5.148748
5.010813
5.372663
5.791168
5.670668
5.449778
5.152478
5.021475
5.468578
5.734668
5.835302
5.552651
5.499595
5.179353
5.533882
5.497925
5.435815
5.643733
5.801457
5.910405
5.654056
5.405040
5.651340
5.341536
5.270716
5.187975
5.468297
5.500017
5.632314
5.632188
5.399841
5.440845
5.757348
5.442170
5.477139
5.497731
5.603888
5.759921
5.596220
5.636239
5.356644
5.752283
5.617710
5.758147
5.866096
5.923171
5.855272
6.016563
5.759426
5.372026
5.116009
4.868574
5.182080
5.313851
5.246656
5.918763
6.035920
5.624219
5.560884
5.519150
5.313816
4.985450
4.944548
4.685239
4.599147
5.057993
5.337061
5.403671
5.690092
5.471196
5.447377
5.436819
5.372419
5.779452
5.583377
5.265478
5.262647
5.125726
5.285237
5.179070
5.586855
5.492891
5.128751
5.204724
5.261207
5.097030
5.245562
5.147833
5.102561
5.314206
5.264671
5.491463
5.450292
5.747190
5.706397
5.338688
5.411077
5.577555
5.331304
5.495769
5.648239
5.381447
5.498118
5.387625
5.281897
5.146139
5.077484
5.129998
5.297895
5.218824
5.436204
5.338934
5.375688
5.068204
5.170298
5.285355
5.276981
5.518709
5.306245
5.483781
5.512120
5.322980
5.369459
5.473812
5.397154
5.638092
5.573982
5.845660
5.610945
5.369770
4.492362
4.897680
4.711347
4.906521
4.958955
5.023530
4.937621
5.023275
5.085143
5.582975
5.633147
5.388577
5.307486
4.978796
5.182225
5.389658
5.386304
5.429136
5.649021
5.418153
5.871773
5.630146
5.949239
5.650302
5.650407
5.490647
5.694325
5.813976
5.713368
5.685265
5.592634
5.556601
5.339303
5.675018
6.045588
6.021283
5.647122
5.261722
5.294354
5.469753
5.116467
5.646665
5.550214
5.543770
5.642604
5.305552
5.167096
5.490646
5.580143
5.418235
5.208250
5.477669
5.780092
5.655699
5.386450
5.395408
5.381897
5.553376
5.620353
5.600077
5.398124
5.626871
5.694231
5.203256
5.346239
5.718982
5.286224
4.885533
5.028689
5.224947
5.218975
4.920834
4.869036
4.978767
5.088153
5.292861
5.257635
5.414603
5.256416
5.349141
5.370181
5.630111
5.349816
5.189600
5.303150
5.583630
5.214514
5.025626
5.126746
4.865611
5.198717
5.408108
5.282388
5.647079
5.155947
5.413637
5.391468
5.378810
5.508174
5.347680
5.412891
5.255128
5.389530
5.328536
5.557623
5.272215
5.293676
5.538790
5.346952
5.442028
5.616694
5.794664
5.569063
5.329415
5.251882
5.380989
5.171562
5.478933
5.585840
5.234700
5.437428
5.364735
5.386860
5.083558
5.194029
5.496710
5.154934
5.298750
5.307265
5.500191
5.601694
5.327426
5.221862
5.498768
5.368713
5.881059
5.380139
5.443348
5.493909
5.470521
5.352312
5.093801
5.079080
5.440879
5.408367
5.619340
5.699145
5.483119
5.396716
5.043762
5.321645
5.079308
4.760131
4.783728
4.952919
5.632698
5.732753
5.600993
5.452209
5.514772
5.305768
5.161290
4.978427
5.345322
5.078720
5.305304
5.472103
5.410582
5.275583
5.154364
5.031979
5.117776
5.209276
5.394782
5.516438
5.491203
5.316640
5.216535
5.066758
5.085468
5.533025
5.550636
5.662531
5.400767
5.318073
5.410641
5.596497
5.803293
5.710695
5.817890
5.814768
5.802491
5.560663
5.174923
4.888821
5.127079
5.443555
5.177989
5.073927
5.055126
5.186901
5.326431
5.568090
5.754033
5.466843
5.954039
5.531852
5.594232
5.653736
5.704768
5.641439
5.564237
5.465790
5.466313
5.739213
5.678282
5.416506
5.400211
4.789343
4.917380
5.135234
5.543019
5.309844
5.057626
5.286959
5.361417
5.400700
5.428448
5.424928
5.644346
5.686851
5.611275
5.287227
5.750862
5.734067
5.521110
5.219908
5.523059
5.311140
4.907878
5.204383
5.119825
4.865669
5.100580
5.236638
5.360200
5.898067
5.723907
5.545671
5.623758
5.594035
5.519216
5.494080
5.650497
5.577266
5.369018
5.479249
5.379275
5.268520
5.029499
5.467707
5.354665
5.488644
5.498141
5.719650
5.440472
5.840179
5.499756
5.930456
5.819654
5.987918
5.479645
5.437959
5.327579
5.448388
5.336012
5.574900
5.194522
5.324624
5.479784
5.494077
5.644982
5.337286
5.681615
5.773571
5.724661
5.490805
5.335681
5.397367
5.092188
5.106869
5.273903
5.238236
5.542740
5.755630
5.488575
5.223703
5.593359
5.750910
5.619757
5.264290
5.467579
5.482914
5.370347
5.549844
5.337214
5.358398
5.512320
5.510868
5.352412
5.143022
5.468776
5.290923
5.264160
5.249740
5.217368
4.898850
5.076715
5.442528
4.801166
5.274890
5.959207
5.412053
5.572898
5.440767
5.663521
5.547154
5.868344
5.359250
5.250061
5.502460
5.578408
5.642482
5.694103
5.794815
5.764758
5.662070
5.423796
5.438456
5.479353
5.139991
5.270731
5.318942
5.680500
5.435230
5.458532
5.155752
4.608754
5.356262
5.481777
5.600272
5.742435
5.558474
5.498567
5.635180
5.361893
5.337954
5.416207
5.503435
5.382748
5.331743
5.125646
5.185396
5.466645
5.584561
5.677006
5.388049
5.380724
5.242871
5.640205
5.801744
5.516794
5.485605
5.367826
5.338721
5.626522
5.384650
5.380430
5.552271
5.526691
5.161219
5.395162
5.267771
5.187737
4.693572
4.910205
4.755039
5.336917
5.351211
5.691129
5.571126
5.482635
5.535454
5.273077
5.547751
5.628834
5.342500
5.540116
5.130396
4.620630
5.061952
5.207855
5.166780
5.461899
5.452200
5.557286
5.371006
5.479228
5.545676
5.256932
4.650566
4.892748
5.298620
5.187945
5.486397
5.410804
5.756569
5.357082
5.225198
5.329349
5.268003
4.916615
5.004473
5.181241
5.421866
5.469596
5.212719
5.092936
5.130021
4.957318
5.458499
5.280538
5.114160
5.295860
5.222264
5.383625
5.120212
4.987053
4.969614
5.406272
5.643382
5.789069
5.589925
5.155194
5.291635
5.311814
5.833741
5.887770
5.592764
5.496408
5.607325
5.481177
5.861499
5.481929
5.520200
5.514437
5.142805
5.368837
5.040686
5.091084
4.753911
4.808715
5.075867
4.901973
5.040112
5.114974
4.981992
5.267087
5.070167
5.021915
4.831258
5.324968
5.416003
4.778683
5.067680
5.336581
5.231796
5.134240
5.198790
5.386180
5.249029
5.706247
5.272488
5.263705
5.167006
5.201464
5.205567
5.456016
5.615697
5.485884
5.608636
5.634233
5.537832
5.395815
5.124018
5.085899
5.157396
5.122502
5.206906
4.851546
5.129651
4.855230
4.978173
4.586958
4.836132
4.951318
5.199951
5.226822
5.595107
5.580878
5.786568
5.527639
5.484599
5.272388
5.610420
5.562212
5.766761
5.120514
5.437362
5.271138
5.185533
5.228857
5.145159
5.554181
5.383424
5.475320
5.533773
5.641280
5.189733
5.018515
5.444591
5.218210
5.346461
5.570252
5.603924
5.793170
5.541075
5.763239
6.044675
5.958734
5.878900
6.029861
5.594167
5.368516
5.364978
5.497574
5.301668
5.590817
5.140731
4.937933
5.348083
5.313230
5.383362
5.539107
5.690997
5.744226
5.570775
5.327918
5.244780
5.209480
5.304594
5.401879
5.102261
5.226602
5.096939
4.941487
5.307080
5.598983
5.393043
5.618619
5.448201
5.495326
5.666151
5.399692
5.719628
5.284348
5.462889
5.016552
5.254760
5.182687
5.345349
5.857906
5.773455
5.663912
5.705001
5.386663
5.506581
5.776026
5.680305
5.540951
5.629845
5.505797
5.290050
5.079379
5.955506
5.969219
5.342893
5.176068
5.390864
5.541569
5.635312
5.601592
5.409912
5.250153
5.194323
5.374949
5.062797
5.031005
5.060840
4.824311
5.251897
5.632961
5.261411
5.395430
5.275469
5.532579
5.466028
5.116778
5.458520
5.495700
5.388575
5.269914
5.174766
5.198583
5.140058
5.317069
5.421384
5.539371
5.308296
5.606700
5.413992
5.406741
5.402449
5.251164
5.082453
5.473235
5.304560
5.002573
5.175681
5.137506
5.414869
5.107345
4.979233
4.919326
5.314285
5.403885
5.540518
5.329456
5.291162
5.193773
5.018742
5.436932
5.422626
5.567150
5.707798
5.590550
5.740562
5.729001
6.213592
5.612946
5.746183
5.576331
5.544879
5.432514
5.463449
5.559926
5.840080
5.473985
5.570257
5.470640
5.264377
5.531069
5.383622
5.301212
5.150958
5.077016
5.619278
5.566277
5.127918
5.271671
5.581555
5.368976
5.023340
5.142127
5.260964
5.433510
5.437338
5.876996
5.667514
5.221455
5.268770
5.261443
5.449238
5.625728
5.259564
5.269004
5.736755
5.665750
5.472747
5.492749
5.407192
5.474752
5.134516
5.339871
5.293866
5.090123
5.161882
5.142191
5.228648
5.236698
5.402607
5.812536
5.458970
5.649786
5.446370
5.597846
5.370715
5.450395
5.733931
5.321199
5.409843
5.771357
5.889625
5.596207
5.603443
5.857787
5.574141
5.186106
4.769547
5.178780
5.025136
5.050469
5.088758
5.427631
5.432148
5.408656
5.350429
5.289529
5.744231
5.382564
5.378887
5.021739
4.922791
5.130014
5.106450
4.949075
5.060455
5.367484
5.489944
5.250238
5.206035
5.436833
5.320453
5.191493
5.229469
5.681717
6.008949
5.436493
5.632763
5.584251
5.606454
5.449860
5.550672
5.566054
5.229271
5.442473
5.712215
5.805937
5.624290
5.583030
5.227704
5.244028
5.220923
5.289234
5.268532
5.479826
5.379940
5.211661
5.298222
5.010959
5.080523
5.262028
5.530402
5.397796
5.184748
5.546507
5.546580
5.244440
4.964918
4.771023
4.750457
4.894117
5.067699
4.998839
5.273343
5.175818
5.445430
5.393441
5.093363
5.360822
5.575729
5.591085
5.416902
5.291079
5.226904
5.211023
5.596173
5.784137
5.398906
5.483080
5.437906
5.274672
5.398197
5.332820
5.347598
5.219041
5.060063
5.247681
5.212791
5.112474
5.326542
5.532067
5.714637
5.694330
5.704357
5.574166
5.586329
5.600017
5.786629
5.379453
5.471318
5.511134
5.565393
5.179103
5.133579
5.442926
5.248454
5.093807
5.226148
5.354487
5.932285
5.937234
5.608498
5.364057
5.150650
5.379537
5.779914
5.669346
5.843268
5.407392
5.106701
5.396385
5.260879
5.522948
5.888941
5.794072
5.714100
5.604587
5.499764
5.759986
5.944523
5.201846
5.360162
5.670537
5.139112
5.383779
5.199400
5.371127
5.130577
5.036065
5.005757
5.039133
5.393483
5.575362
5.387860
5.504322
5.490117
5.861225
5.320167
5.068886
5.184177
5.767373
5.608856
5.184468
5.179237
5.284925
5.681705
5.290227
5.606714
5.763369
5.078652
5.209738
5.218178
5.116226
5.450706
5.704384
5.515416
5.805592
5.999713
5.736968
5.491321
5.579652
5.235504
5.376175
5.311293
5.722925
5.164301
5.273574
5.384551
5.481893
5.486688
5.909976
5.804799
5.460332
5.579573
5.487168
5.521417
5.401127
5.427081
5.429748
5.332473
5.410719
5.267512
5.307355
5.284149
5.654812
5.542588
5.748360
5.527505
5.499713
5.338229
5.493563
5.259142
5.539414
5.204420
5.367949
5.434195
5.798713
5.925588
5.400368
5.365746
5.184124
5.689741
5.709837
5.941113
6.044507
5.521730
5.375103
5.509647
5.403280
5.080184
5.387679
5.463358
5.497195
5.624447
5.709995
5.566064
5.655354
5.738754
5.566208
5.602863
5.063913
4.970442
5.799145
5.898819
5.326285
5.421209
5.677249
5.263872
5.196960
5.160626
5.103826
5.058674
4.865522
5.127497
5.291435
5.736263
5.426969
5.617911
5.185287
5.307314
5.169027
5.088675
5.155877
5.244891
4.919628
4.786802
5.054228
4.972480
5.176697
5.560008
5.423026
5.475659
5.574581
5.255677
5.410361
5.210836
5.108541
5.446091
5.507560
5.450820
5.479491
5.350600
5.341271
5.305113
5.174872
5.578606
5.552858
5.484837
5.319850
5.509381
5.578261
5.109044
5.327940
5.122974
5.056762
5.392581
5.615962
5.618286
5.551942
5.268802
5.039704
4.932705
5.261097
5.502770
5.766556
5.463695
5.580558
5.178637
5.318575
5.303152
5.374026
5.652797
5.728658
5.522482
5.215561
5.401042
5.414824
5.340872
5.024766
5.030439
5.179164
5.357319
5.254574
5.307745
5.240913
5.443302
5.568313
5.728764
5.211137
4.995751
5.132070
5.406262
5.377932
5.282940
5.511723
5.443678
5.491289
5.215733
5.406869
5.221404
5.318692
5.515865
5.196670
5.005242
5.209228
4.994546
5.283063
5.371593
5.188977
5.097102
4.913472
4.984115
5.193096
5.233026
5.334658
5.306632
5.621443
5.839771
5.872852
5.702621
5.526927
5.688881
5.816811
5.353489
5.207448
5.367511
5.547666
5.537706
5.474872
5.619616
5.373591
5.196379
4.974226
5.157933
5.199860
5.016268
5.313484
5.628456
5.624784
5.795528
5.434004
5.504836
5.991418
5.486748
5.448843
5.238270
5.348100
5.267798
5.720478
6.254919
6.110392
5.688633
5.479168
4.918470
4.961593
5.262101
5.255214
5.401528
5.269803
5.295703
5.611359
5.490578
5.546956
5.660890
6.173657
5.855286
5.760394
5.615351
5.200677
5.094801
5.202239
5.623750
5.435477
5.674114
5.676892
5.313657
5.460040
5.163847
4.935788
5.173760
5.412085
5.200107
5.615911
5.869125
5.683235
5.933748
5.731226
5.719266
5.552328
5.469569
5.571204
5.677715
5.599804
5.646543
5.476727
5.450995
5.387044
5.414334
5.591920
5.650907
5.307975
5.747778
5.395395
5.263717
5.505759
5.406032
5.172666
5.235921
5.154830
5.261493
5.265689
5.030302
5.079038
5.118576
4.937796
4.835175
4.738563
4.960119
4.991927
5.079883
4.973013
5.602935
5.671878
5.381169
5.697478
5.480998
5.493626
5.562251
5.210123
5.299713
5.440184
6.176499
5.825327
5.565617
5.170393
5.448384
5.328051
5.333975
5.281929
5.557913
5.440604
5.255664
5.562533
5.616598
5.888702
6.065784
5.808723
5.761603
5.347303
5.422537
4.958103
5.110812
5.679190
5.599543
5.575967
5.620419
5.513802
5.588764
5.585791
5.300532
5.284578
5.087850
5.226663
4.992882
4.827410
5.068203
4.941958
5.003645
5.430481
4.922710
5.234888
5.488480
5.362471
5.513327
5.830085
5.198803
5.820715
5.489320
5.121739
5.077271
5.345903
5.404859
5.181936
5.407246
5.790093
5.607701
5.744190
5.732723
5.501473
5.323867
5.406256
5.541331
5.700061
5.624966
5.480056
5.700860
5.570471
5.437748
5.363084
5.545742
5.389926
5.182805
5.034953
5.162716
5.068201
5.038368
4.736857
4.863201
5.145269
5.028598
5.716131
5.386514
5.018718
5.205022
5.545663
5.413839
5.348063
5.160037
5.199621
5.495620
5.500107
5.354265
5.205393
5.260477
5.326747
5.162973
5.107123
5.284518
5.585030
5.219110
5.327470
5.357559
5.125079
5.251252
5.212174
4.978323
5.171603
5.185163
5.042679
4.871596
4.901163
5.079344
5.291760
5.424119
5.681218
5.852033
5.930602
5.737266
5.750031
6.182694
5.848107
5.272925
5.399006
5.175037
5.075202
5.125174
5.556066
5.379211
5.046309
4.891119
4.983373
5.000130
5.277161
5.853565
5.502087
5.570762
5.677795
5.340103
5.313136
5.812371
5.659674
5.487915
5.457391
5.341786
5.138478
5.163577
5.593896
5.534747
5.502305
5.329069
5.469412
5.780354
5.555954
5.462868
5.457871
5.376298
5.384370
5.233496
5.705742
5.876368
5.892595
5.504223
5.196622
4.740511
4.703787
5.132633
5.304260
5.398791
5.567228
5.512178
5.164383
5.336092
5.585275
6.001749
5.408213
5.385980
5.274205
5.412667
5.818780
5.599131
5.370995
5.775372
5.516597
5.558522
5.355430
5.297621
5.143730
5.278796
5.110371
5.229537
5.252590
5.357481
4.906006
4.868587
5.134812
4.848369
4.835605
4.899231
5.349705
4.682064
4.781911
4.964148
5.096166
5.620102
5.495934
5.524255
5.444564
5.842719
5.659195
5.922122
5.908777
5.588843
5.680751
5.458106
5.591795
5.497084
5.000580
5.017730
5.067492
5.451186
5.515817
5.460494
5.496892
5.527615
5.636647
6.005088
5.661064
5.483930
5.471974
5.412878
5.356768
5.068441
5.198846
5.118403
5.065860
5.575211
5.348164
5.353581
5.621127
5.748682
5.788270
5.799621
5.658377
5.734906
5.734483
5.697445
5.810563
5.702754
5.354711
5.213481
5.389150
5.651799
5.667489
5.548735
5.887759
5.612606
5.713764
5.911840
5.847982
5.878773
5.487992
5.279957
5.266562
5.347966
5.332381
5.583961
6.066052
5.898253
5.892773
5.692746
5.790831
5.774388
5.871221
5.552363
5.316334
5.300938
5.468130
5.692073
5.497617
5.399664
5.186544
5.705052
5.531329
5.295129
5.214883
5.524410
5.181767
5.333751
5.064953
5.356073
5.577614
5.557237
5.611958
5.826040
5.757456
5.212408
5.623629
5.337833
5.503733
5.343759
5.568303
5.286483
5.088211
5.252445
5.495666
5.608833
5.543031
5.688348
5.810083
5.627767
5.277983
5.241243
5.551050
5.732636
5.552794
5.662613
5.312405
5.897310
5.396592
5.369029
5.678512
5.451464
5.796985
5.858371
5.791884
5.523069
5.455090
5.472538
5.533600
5.572886
5.567618
5.633600
6.064030
5.598964
5.483661
5.377205
4.944040
5.078421
5.030980
5.307541
5.814734
5.678019
5.902179
5.472383
5.327344
5.665157
5.625058
5.571603
5.264790
5.550273
5.478217
5.606696
5.887158
5.749175
5.425400
5.563957
5.380687
5.697501
5.600631
5.837935
5.357084
5.105191
5.335221
5.320329
5.155395
5.332512
5.571874
5.709733
5.613542
5.757059
5.467520
5.074621
5.410362
5.553800
5.295003
5.185722
5.216792
5.158646
5.323132
5.454500
5.630543
5.544634
5.356771
5.040449
5.420883
5.686170
5.364884
5.538429
5.327004
5.564815
5.763428
5.756608
5.714806
5.667758
5.424032
5.961483
5.892926
5.372028
5.474053
5.425659
5.137095
5.001075
4.901885
5.194289
5.534808
5.656090
5.348636
5.258433
4.565867
5.060534
5.143591
5.628062
5.421910
5.613953
5.457190
5.244573
5.107177
5.407635
5.461901
5.555922
5.486656
5.502241
5.199536
5.354427
5.342723
5.220278
5.236793
4.879347
5.728209
5.746868
6.220673
6.219328
5.975385
5.510808
5.307552
5.571663
5.336839
5.551585
4.876674
5.047707
5.435992
5.428958
5.294578
5.193555
5.458359
5.965367
5.838018
5.671150
5.350208
5.358229
5.422347
5.772645
5.408992
5.821141
5.755206
5.250366
5.388305
5.231944
5.177213
4.955797
5.028510
5.276761
5.290391
5.464942
5.753450
5.706333
5.752472
5.900945
5.446913
5.235830
5.575785
5.501800
5.706859
5.471201
5.275979
5.269702
5.444047
5.513120
5.520351
5.811198
5.564623
5.603490
5.744085
5.307706
5.640842
5.597376
5.280686
5.460806
5.908981
5.856008
5.501014
5.503792
5.070777
5.194944
5.218318
5.127416
5.149349
5.295707
5.466284
5.366491
5.268858
5.406953
5.423937
5.500993
5.442626
5.326078
4.952132
5.036293
4.972973
5.045898
5.502920
5.733128
5.963406
6.089959
5.855685
5.489478
5.116401
5.364137
5.154139
5.392571
5.272516
5.160536
5.252456
5.617052
5.222145
5.194831
5.038680
5.344635
5.372555
5.238100
5.387753
5.677800
5.706880
5.567776
5.419907
5.448725
5.375911
5.249129
5.381238
5.229375
5.055526
5.020726
5.084279
5.348824
5.524064
5.453549
5.398251
5.440420
5.660703
5.509625
5.297683
5.834857
5.355133
4.938702
4.899647
4.770436
4.891596
4.845710
4.979970
4.916447
4.981707
5.198618
5.110168
5.612918
5.653903
5.582764
5.539327
5.361657
5.417741
5.151689
5.169704
5.232114
5.463414
5.757277
5.411010
5.269725
5.398573
5.232236
5.055637
5.565231
5.765539
5.519117
5.337490
5.437270
5.675645
5.449702
5.542880
5.728140
5.326682
5.048336
5.271433
5.448817
5.411740
5.309860
5.215334
5.328292
5.622936
5.664293
5.871742
5.401347
5.491645
5.514058
5.549467
5.127965
5.476165
5.379363
5.167246
5.325524
4.951447
5.355739
5.241160
5.691153
5.580830
5.488281
5.353291
5.350170
5.654736
5.724955
5.493809
5.485276
5.623745
5.899940
5.507289
5.437349
5.449570
5.460099
5.386894
5.404783
5.514321
5.505972
5.664114
5.680607
5.556401
5.336082
5.552706
5.549593
5.617861
5.340287
4.804958
4.982145
5.178918
5.529439
5.826334
5.355713
5.105448
4.876570
5.295547
5.038881
5.199901
5.318951
5.472505
5.144664
5.772751
5.726790
5.898324
5.618863
5.476689
5.263084
5.489304
5.164462
5.034033
5.317846
5.056532
5.210213
5.182148
5.291891
5.501036
5.609001
5.492610
5.527561
5.475138
5.527700
5.405469
5.158095
5.287873
5.434090
5.628478
5.697376
5.060347
5.172216
5.184740
5.071682
5.716087
5.063142
5.237242
5.238586
5.361831
5.438537
5.960627
5.989381
5.707444
5.590446
5.532385
5.697997
5.290714
5.507823
5.422879
5.523120
5.479593
5.095879
5.253973
5.295331
5.348330
5.481027
5.444512
5.421646
5.200843
5.487322
5.156906
5.414247
5.311904
5.129759
4.850518
5.242207
5.271946
5.580859
5.657267
5.735566
5.670116
6.071166
5.956433
5.505038
5.662927
5.871665
5.451665
5.211101
5.318940
5.354594
5.301687
5.486057
5.494488
5.904097
5.609176
5.317892
5.128130
5.529619
5.237108
5.420756
5.542788
5.073971
5.361614
5.452064
5.146474
5.700144
5.658633
5.407224
5.178211
5.422357
5.384132
5.363834
5.398001
5.303084
5.409796
5.261633
5.484567
5.467972
5.463050
5.265550
5.278019
5.281681
5.285383
5.529811
5.617623
5.216176
5.199493
5.339672
5.584636
5.780378
5.460458
5.441919
5.445995
5.651244
5.265597
5.811305
6.307422
5.815611
5.733087
5.964917
5.624477
5.852284
5.528114
5.487637
5.336412
5.422138
5.430633
5.254622
5.653972
5.417862
5.159017
5.148677
5.472869
5.528062
5.426473
5.483044
5.510930
5.208575
5.713935
5.788912
5.219956
5.260931
5.275662
5.120900
4.894456
4.949029
4.933937
4.796919
5.038492
4.997460
5.196166
5.671498
5.674787
5.544072
5.883038
6.034715
5.817394
5.516351
5.211809
5.351396
5.369311
5.575407
5.546009
5.316684
5.346575
5.225685
5.324578
4.980707
5.049598
5.107374
5.172196
5.080684
5.082305
5.003167
5.260526
4.971586
4.981430
5.336827
5.064611
5.430197
5.756197
5.653413
5.722373
5.506739
5.429008
5.571683
5.351664
5.729232
5.654200
5.465839
5.572546
5.494758
5.153038
5.311835
5.500509
5.549244
5.548624
5.867464
5.527532
5.532526
5.425164
5.284727
5.250573
5.776760
5.419515
5.304791
4.974554
5.552688
5.621170
5.690351
5.727484
5.509029
5.483245
5.687086
5.840388
5.849497
5.893404
5.550149
5.163909
5.089278
5.301732
5.396797
5.098523
5.314727
4.884522
5.076120
5.561478
5.295647
5.322786
5.502777
5.398788
5.637591
5.304155
5.136676
5.360130
5.392050
5.646269
5.581981
5.715195
5.283135
5.277380
5.337186
5.618965
5.638327
5.672914
5.934914
5.897341
5.348601
5.424102
5.561351
5.575197
5.609081
5.575022
5.431376
5.397138
5.345937
5.653326
5.451557
5.373744
5.389237
5.325732
5.579085
5.118853
5.206117
5.185659
5.130779
5.229004
5.533620
5.363523
5.026825
5.117975
4.923630
5.651859
5.609449
5.551378
5.554150
5.452974
5.194732
5.303468
5.322497
5.396835
5.251064
5.522595
5.369513
5.300267
5.374672
5.717269
5.884733
5.686558
4.921943
5.381101
5.583131
5.058418
5.026968
5.029913
4.849414
5.124883
5.087681
5.158023
5.194510
5.274543
5.572190
5.651356
5.424877
5.485056
5.240524
5.144672
5.129640
5.251218
5.562044
5.463555
5.566142
5.612273
5.375895
5.669388
5.463828
5.060172
5.063677
5.016129
5.333917
5.429829
5.356397
5.419292
5.648929
5.351301
5.263480
5.447961
5.159339
5.264857
5.465674
5.466926
5.243746
5.192432
5.486591
5.254054
5.146711
4.991212
4.764962
5.144582
5.435977
5.290207
5.161745
5.054949
5.424408
5.289263
5.113974
5.673854
5.328292
5.594993
5.631514
6.015019
5.870561
6.023439
6.109537
5.855580
5.734091
5.766688
5.669783
5.916593
5.887585
5.457529
5.401089
5.231487
5.535071
5.183761
5.754954
5.549777
5.522153
5.396878
5.345365
5.419587
5.518308
5.439700
5.376557
5.480597
5.360898
5.429233
5.684930
5.400532
5.598978
5.553498
5.061637
5.285765
5.434936
5.296821
5.268957
5.254620
5.167561
5.323054
5.442324
5.390293
5.414512
5.309987
5.507234
5.733988
5.567439
5.803775
5.375100
5.376198
5.130462
5.171297
5.331815
5.025917
5.235887
5.287859
5.168640
5.431969
5.365704
5.200156
5.208694
5.244946
5.370499
5.489894
5.770511
5.921944
5.598302
5.657595
5.902915
5.478235
5.292332
5.266668
5.477071
5.694732
5.672695
5.396391
5.724348
5.736217
5.705408
5.637812
5.612002
5.690590
5.616078
5.437942
5.620111
5.890845
5.505618
5.427736
5.313505
5.354556
5.507837
5.494143
5.303387
5.628160
5.636155
5.619377
5.649127
5.020737
4.875577
5.185668
5.245385
4.943936
4.855577
4.719399
5.196685
5.391687
5.238776
5.379482
5.405477
5.126555
5.193991
5.617422
5.661682
5.467220
5.287155
5.320767
5.388492
5.548056
5.442546
5.314252
5.182810
5.273934
5.115387
5.294785
5.353963
5.315510
5.186114
5.012180
4.951548
5.150192
5.146988
5.248723
5.104194
5.298241
5.527660
5.395551
5.466710
5.216326
5.333663
5.267826
5.504177
5.884797
6.040620
5.945638
5.681169
5.424858
5.547480
5.943022
5.685063
5.413972
5.622470
5.382615
5.323347
5.608004
6.040166
5.542313
5.568996
5.895548
5.962527
5.258917
5.237342
5.121615
5.171219
5.284411
5.038204
5.375833
5.169850
5.365425
5.469334
5.472833
5.181175
5.326239
5.296495
5.167808
5.299450
5.387001
5.362491
5.136185
5.300258
4.899084
5.519721
5.278771
5.247184
5.308647
5.376183
5.093078
5.315550
5.579963
5.505760
5.601984
5.532651
5.617049
5.957128
5.459275
5.821605
6.004846
6.048794
5.729594
5.084558
5.211213
5.587267
5.558496
5.602102
5.602160
5.508914
5.219145
5.169267
5.349806
5.548425
5.336916
5.432310
5.470577
5.918401
5.458379
5.475611
5.538635
5.214081
5.595291
5.664540
6.032290
5.845148
5.915789
5.772942
5.443419
5.571906
5.653858
5.487935
5.482666
5.329366
5.319822
5.300298
5.236815
5.426917
5.357221
5.494928
5.457220
5.568935
5.648844
5.625255
5.613768
5.359525
5.401621
5.408863
5.563158
5.409305
5.060138
5.527169
5.419598
5.614275
5.716723
5.685362
5.489158
5.416053
5.228532
5.136755
5.360232
5.204665
5.134067
5.347437
5.116353
4.797013
4.906291
5.296458
5.849292
5.473234
5.547221
5.378177
5.500410
5.408668
5.390872
5.280052
5.101803
5.330878
5.311918
5.312728
5.393709
5.776730
5.632165
5.704031
5.141010
5.457574
5.209603
5.400950
5.759533
5.651789
5.404951
5.254311
5.396323
5.160643
5.391594
5.303002
5.019894
5.132409
5.322763
5.631709
5.476224
5.350488
5.544947
5.420347
5.242837
5.266632
5.320361
5.141333
5.351012
5.450089
5.749746
5.404503
5.376465
5.144678
5.229516
5.242667
5.626254
5.397152
5.213523
5.179561
5.239612
5.508630
5.696143
5.325230
5.336493
5.018915
5.247951
5.515777
5.234441
5.159244
5.162347
5.157092
5.019856
5.108423
5.568267
5.506408
5.116051
5.109323
5.131600
5.009153
4.986566
5.004898
5.100182
5.297390
5.246301
4.912156
5.464102
5.420378
5.573558
5.578933
5.589789
5.665489
5.702900
5.753853
5.711511
5.602713
5.658306
5.666780
5.456638
5.735675
5.533688
5.377884
5.559319
5.409774
5.407139
5.432120
5.483442
5.438332
5.643015
5.493679
5.465048
5.185489
5.377453
5.348213
5.423594
5.662674
5.526428
5.178952
5.242558
5.472344
5.354794
5.643789
5.315004
5.164040
5.176580
5.771684
5.686923
5.542130
5.332510
5.031718
5.553075
5.393872
5.376361
5.748400
5.926066
5.736295
5.561127
5.874738
6.000346
5.502304
5.097066
5.343628
5.542927
5.146928
5.095840
4.919249
5.071050
5.232927
5.546613
5.733573
5.536304
5.118064
5.128399
5.086394
5.334049
5.373548
5.479938
5.509551
4.979228
5.235791
5.412198
5.336256
5.452471
5.468492
5.540127
5.599482
5.613898
5.705286
5.776316
5.682284
5.544844
5.399768
5.497803
5.666215
5.547578
5.578170
5.427392
5.146019
5.342302
5.185063
5.444629
5.700325
5.227318
5.569175
5.189972
5.551442
5.138144
5.299102
5.338737
5.268418
5.273696
5.485091
5.242090
5.574612
5.498892
5.396264
5.817705
5.785731
5.681216
5.566918
5.469555
5.286102
5.416926
5.651803
5.788347
5.752127
5.536905
5.356819
5.088607
5.019617
5.026974
5.432976
5.047689
5.306371
5.358713
5.462215
5.672761
5.780339
5.545567
5.265776
5.331599
5.202235
5.084919
5.020224
5.136930
5.055337
5.072874
4.889310
4.995367
4.981756
5.391981
5.321779
5.433749
5.321485
5.229238
5.525242
5.769386
5.507277
5.627735
5.646187
5.342264
5.199011
5.209546
5.102386
5.713053
5.373312
5.516739
5.514438
5.519378
5.300923
5.365837
5.355445
5.279732
5.928409
5.861769
5.218288
5.665884
5.498480
5.283845
5.377467
5.666958
5.433978
5.418963
5.178305
5.199876
5.310947
5.378539
5.446642
5.708080
6.008387
5.970655
5.970133
6.004431
5.122687
5.473027
5.425449
5.571197
5.534926
5.274324
5.358690
5.321306
5.012505
4.993523
4.987147
5.075076
5.465484
5.153436
4.891497
5.234475
5.154120
5.169219
5.160863
5.364370
5.747809
5.712719
5.541588
5.615173
5.294241
5.170515
5.317418
5.420496
5.088652
5.438598
5.355644
5.555796
5.759821
5.403731
5.150740
5.200111
5.362476
5.334763
5.446961
5.661580
5.565543
5.822086
5.806403
6.063108
6.048176
5.749092
5.545560
5.668108
5.664266
5.436268
5.256499
5.148306
5.417198
5.574289
5.634749
5.480053
5.681335
5.734514
5.619240
5.275839
5.272809
5.511286
5.571992
5.434347
5.587431
5.744720
5.566262
5.876083
5.465847
5.488983
5.275177
5.226726
4.997312
5.141487
4.762253
5.223692
5.531852
5.492726
5.453763
5.635324
5.888938
5.940894
5.452434
5.471571
5.284754
5.431784
5.532482
5.497645
5.321972
5.489654
5.309590
5.514298
5.453832
5.423652
5.721799
5.568998
5.265398
5.351741
5.363307
5.302741
5.255219
5.446036
5.452312
5.752855
5.700018
5.379902
5.430654
5.457834
5.510064
5.848169
5.922618
5.846462
5.250377
5.323052
5.330532
5.580121
5.546186
5.710455
5.679512
5.415719
5.397772
5.155507
5.122265
5.211764
4.848039
4.738159
4.850620
5.125377
5.253697
5.119256
5.223701
5.060991
5.313589
5.540165
5.703350
5.497089
5.466871
5.619479
5.479715
5.450443
5.327487
5.330893
5.435393
5.241753
5.135304
5.277723
5.703007
5.515738
5.410944
5.623791
5.127910
5.473760
5.545346
5.763042
5.780991
5.781802
5.823350
5.489531
5.477247
5.689637
5.466607
5.595155
5.360318
5.407851
5.644269
5.615384
5.209340
5.805957
5.801730
5.031809
5.092852
5.253844
5.571001
5.568095
5.404159
5.264872
5.540804
5.529644
5.503471
5.603445
5.695847
5.458748
5.694452
5.553204
5.568582
5.625977
5.820300
5.512658
5.504096
5.605404
5.544050
5.800076
5.277838
5.391579
5.366890
5.508147
5.579879
5.289673
5.483674
5.307625
5.325319
5.241202
5.228287
5.183008
5.439971
5.402199
5.162008
5.018085
5.521801
5.594719
5.545881
5.912407
5.692632
5.580837
5.882448
6.041070
5.742028
5.753028
5.516868
5.748541
5.670595
5.416823
5.305745
5.211650
5.204785
5.710720
5.635295
5.568052
5.718161
5.632941
5.582095
5.557485
5.605313
5.267227
5.675432
5.088844
4.835731
5.064001
5.208456
5.328611
5.596349
5.355629
5.218073
5.494973
5.576276
5.735101
5.519192
5.177154
4.959761
4.479544
4.917806
5.514767
5.441590
5.636690
5.682731
5.360170
5.726791
5.652720
5.314594
5.559784
5.737335
5.350432
5.497336
5.359910
5.106121
5.200305
5.505188
5.340488
5.351346
5.519987
5.522733
5.486738
5.443617
5.671335
5.415447
5.440192
5.328355
4.985941
5.148298
5.059094
5.137158
5.432526
5.556401
5.262823
5.366941
5.730510
5.458347
5.254901
5.521788
5.795138
5.449132
5.163768
5.270311
5.364575
5.099559
5.399912
5.083072
5.318451
5.464166
5.590010
5.144283
5.591022
5.156497
5.238554
4.975557
5.554414
5.649814
5.331003
5.265259
5.603692
5.391165
5.820466
5.623313
5.755796
5.628500
5.422284
5.208491
4.902879
5.225176
5.382918
5.317189
5.629556
5.483471
5.648936
5.616902
5.335648
5.479181
5.582978
5.926016
6.035881
5.630068
5.238649
5.217144
5.581857
5.275776
5.078539
5.106145
4.870768
4.766889
4.629072
4.853670
5.105515
4.880156
5.136282
5.029281
5.153878
5.045968
5.051450
5.107635
5.228877
5.222697
5.186404
5.364389
5.786695
5.597386
5.328586
5.433093
5.231072
5.508323
5.460226
5.430249
5.506685
5.569289
5.607275
5.568395
5.272975
5.317097
5.025003
5.124389
5.511933
5.722681
5.337860
5.270571
5.231278
5.362136
5.163148
5.117579
5.259224
5.395544
5.241560
5.037757
5.420078
5.411456
5.387690
5.349132
5.341105
5.146120
5.282053
5.347597
4.995094
5.440956
5.488777
5.761301
5.287996
5.495710
5.259770
5.433757
5.145910
5.146803
5.277289
5.394646
5.460167
5.152548
4.779464
4.713187
5.027555
5.232392
5.456568
5.440239
5.299055
5.679472
5.484325
5.059281
5.552266
5.595593
5.075234
5.356635
5.250592
5.460098
5.134745
4.916661
4.954777
5.630953
5.645101
5.336835
5.340103
5.671353
5.602104
5.623130
5.668016
5.777731
5.217914
5.604872
5.714909
5.518703
5.619752
5.385387
5.344335
5.722905
5.820412
5.895469
5.882389
5.832559
5.821484
5.407370
5.727311
5.925752
5.564722
5.703750
5.361566
5.500623
5.270583
5.237689
5.249506
5.117171
5.309330
6.045836
5.785633
5.437820
5.652307
5.425856
5.259635
5.167195
5.296764
5.409267
5.343183
5.321362
5.436942
5.495946
5.462836
5.389085
5.136092
5.157526
5.069299
4.727112
4.913609
5.254870
5.354037
5.359176
5.465901
5.423111
5.466196
5.812357
5.636169
5.477696
5.511173
5.246412
5.112781
5.184515
5.083001
5.510699
5.600492
5.310312
5.149547
5.199695
5.411249
5.416273
5.197925
5.264680
5.206433
5.159538
5.166683
5.101278
5.136797
4.944742
5.207291
5.312585
5.213402
4.967066
5.154729
5.392800
5.104533
5.458622
5.474023
5.377320
5.289296
5.473213
5.278457
5.378429
5.135058
5.350994
5.393271
5.259383
5.704341
5.342410
5.394941
5.425209
5.383570
5.167439
5.406722
5.314989
5.609676
5.597348
5.591719
5.194790
5.294174
5.388190
4.996529
5.053927
5.318271
4.989521
5.327609
5.622799
5.403136
5.372423
5.362180
5.378171
5.593237
5.423222
5.532364
5.166809
5.148013
4.999275
4.916468
5.157941
5.227306
5.590888
5.499789
5.383262
5.560531
5.645007
5.850577
5.646978
5.114611
5.363938
5.270164
5.087922
5.205283
5.410512
5.376281
5.589741
5.717819
5.814848
5.673170
5.674756
5.671317
5.399677
5.291536
5.325892
5.319804
5.448866
5.338351
5.243711
5.379827
5.294493
5.168991
5.341546
5.652928
5.654275
5.590480
5.725136
5.077091
4.947959
5.420058
5.347768
5.231009
5.098755
5.172479
5.266881
5.478322
5.465370
5.490608
5.488429
5.461909
5.447870
5.632827
5.233699
5.275748
5.064598
5.225837
5.169299
4.914829
4.810422
4.817959
5.186617
5.466202
5.797100
5.275412
5.387958
5.603808
5.637889
5.482237
5.468631
5.350609
5.548415
5.626570
5.272706
5.149187
5.347745
5.436835
5.397080
5.669255
5.558632
5.601184
5.631141
5.790873
5.724496
5.520591
5.775008
5.481010
5.538179
5.562678
5.377573
5.183248
5.315934
5.644247
5.085662
5.156532
5.141584
5.143250
5.328034
5.414555
5.391918
5.343386
5.337730
5.391213
5.011590
4.811807
5.146272
5.398790
5.379602
5.384021
5.923238
5.588642
5.232809
5.239858
5.477975
5.401737
5.734228
5.726095
5.631158
5.500765
5.823920
5.455245
5.267290
5.642749
5.422397
5.647720
5.262208
5.496573
5.557885
5.365339
5.357760
5.509134
5.665229
5.238916
5.200433
5.018200
5.102612
5.269206
5.657727
5.552921
5.471041
5.479165
5.293475
5.343266
5.682869
5.454402
5.407546
5.106955
5.199547
5.183922
5.759152
5.784729
5.959203
5.889074
5.283587
5.204492
5.256651
5.330642
5.474962
5.437852
5.621082
5.511331
5.723632
5.496420
5.265902
5.257287
5.340059
5.300822
4.929686
5.066451
5.627772
5.401808
5.106176
5.539561
5.510232
5.709348
5.773240
5.379796
5.300890
5.276592
5.279925
5.489537
5.449215
5.580128
5.708769
5.754120
5.270203
5.410271
5.886048
5.715077
5.827607
5.958570
5.926986
5.501030
5.572425
5.508976
5.233950
5.679692
5.504692
5.307534
5.269235
5.467113
5.411281
5.400209
5.343934
5.327664
5.205584
5.364888
5.334172
5.497517
5.738313
5.550267
5.594157
5.497429
5.747679
5.744576
5.500373
5.424520
5.170051
5.246863
5.010946
5.238426
5.067056
5.164713
5.336306
5.292922
5.502440
5.333069
5.419422
4.636130
4.967778
5.381055
5.213256
5.252397
5.444161
5.780435
5.249364
5.138346
5.046421
5.189615
4.946056
5.359188
5.191954
5.509679
5.605007
5.885668
5.690001
5.565508
5.532704
5.098388
5.140040
5.089782
4.872950
4.906083
5.001697
5.451469
5.395402
5.333423
5.283253
5.284736
5.430145
5.449670
5.387496
5.514440
5.473358
5.587834
5.445768
5.391797
5.568699
5.304323
5.635195
5.550407
5.537546
5.918586
5.905043
5.784911
5.573955
5.593597
5.411514
5.595185
5.703392
5.728043
5.715129
5.528197
5.307964
4.987693
4.924974
4.843679
5.180949
4.890706
5.334391
5.326059
5.426691
5.715127
5.854157
5.732207
5.523115
5.387691
5.039859
4.851539
5.098358
5.413097
5.098755
5.018753
5.176933
4.960353
4.813166
4.957511
5.263280
5.434807
5.041505
5.117813
5.316796
5.126894
5.533958
5.436354
5.397383
5.276625
5.289684
5.397722
5.325269
5.486111
5.197161
5.215931
5.420337
5.245628
5.546152
5.215419
5.151625
4.908788
5.085323
5.026186
5.169139
5.181548
5.416511
5.449247
5.330430
5.323028
5.594648
5.548240
5.376050
5.177334
5.162923
5.534938
5.293132
5.148401
5.323450
5.852375
5.639991
5.202581
5.189530
5.007595
5.166032
5.323815
5.546518
5.978448
6.232978
5.553122
5.688753
5.387993
5.718131
5.573704
5.133574
5.261130
5.324706
5.431106
5.236488
5.112605
5.084874
5.098388
5.599981
5.833507
5.497164
5.427662
5.245275
5.508556
5.696244
5.721374
5.347134
5.237898
5.471240
5.657415
5.556782
5.502178
5.262081
4.920292
5.461958
5.637645
5.659630
5.961388
5.546491
5.392770
5.526973
5.301454
5.267989
5.380331
5.044776
5.015963
5.001506
4.744753
4.833851
4.939289
5.106442
5.306481
5.122593
5.419284
5.614426
6.045078
5.897980
6.089434
6.196408
6.000509
5.730427
5.580491
5.548659
5.590601
5.576164
5.875694
5.599006
5.509663
5.350939
4.974009
5.225166
5.266140
5.554143
5.296214
5.244282
5.220511
5.015098
5.313079
5.112000
5.377079
5.394829
5.451285
5.812424
5.859251
5.789607
5.760723
5.807236
5.585588
5.424292
5.438088
5.396845
5.356231
5.241107
5.116999
5.039151
5.108268
4.961737
5.227000
5.312084
5.438760
5.802125
5.862805
5.606751
5.260374
5.545310
5.317535
5.622601
5.548015
5.612970
5.244790
4.996999
5.251749
4.997076
5.221053
5.217371
5.447663
5.614904
5.480148
5.482933
5.687699
5.453682
5.487673
5.541455
5.445986
5.438613
5.510506
5.363677
5.072782
4.798739
5.226355
5.664789
5.697026
5.517636
5.367149
5.535168
5.708849
5.517775
5.539839
5.794414
5.779134
5.515492
5.571267
5.378469
5.462373
5.522454
5.218537
5.628752
5.509013
5.539120
5.678634
5.458873
5.455140
5.344862
5.160060
5.205340
5.133711
5.366465
5.340758
5.415884
5.383499
5.499851
5.567406
5.622087
5.564843
5.536021
5.438250
5.283008
5.602977
5.825177
5.842514
5.528191
5.651034
5.486275
5.318325
5.230707
5.341988
5.410797
5.431331
5.472854
5.380073
5.361581
5.055142
5.100197
4.939723
4.907519
5.043263
4.913449
5.238701
5.458677
5.189336
5.175909
5.477701
5.250497
5.297563
5.070346
4.848475
5.159150
5.039811
5.232507
5.332298
5.508408
5.099143
5.214799
5.393416
4.902267
5.005558
5.293351
5.218289
5.400395
5.728296
5.950714
5.359588
5.487042
5.648432
5.244610
5.150012
5.567822
5.636764
5.466561
5.383525
5.716906
5.657997
5.799870
5.807695
5.776335
5.917741
5.251763
5.591714
5.423347
5.289244
5.088567
5.121720
5.015921
5.140665
5.018918
4.915923
5.261816
5.616225
5.496340
5.584088
5.489301
5.465117
5.553437
5.541957
5.170478
5.324440
5.049641
5.187737
5.546815
5.599564
5.681364
5.628355
5.447501
5.858596
5.899257
5.793872
5.409706
5.754848
5.474995
5.503600
5.449484
5.475636
5.031807
5.015163
5.273019
5.187438
4.892730
5.005515
5.771521
5.314806
5.501663
5.577384
5.327162
5.343233
5.481779
5.678619
5.486033
5.325689
5.423003
4.867559
5.273529
5.300259
5.315032
5.199810
5.388907
5.157424
5.179956
5.376983
5.334204
5.294812
5.010657
5.362782
5.420723
5.599490
5.277466
5.408289
5.148899
5.314230
5.382787
5.552816
5.631872
5.872479
5.169556
5.152501
5.256912
5.295860
4.860600
4.945595
5.465597
5.504794
5.821637
5.509674
5.539477
5.587902
5.778304
5.695127
5.479362
5.521449
5.774133
5.497338
5.232522
5.140463
5.349109
5.646943
5.222045
5.497268
5.421450
5.353173
5.629077
5.693632
5.587626
5.379527
5.267399
5.104417
5.435011
5.711552
5.606321
5.529004
5.275610
5.141773
5.205057
5.386730
5.386796
5.426960
5.555337
5.328203
5.090848
4.918121
5.027803
4.808385
4.608496
4.771808
4.761976
5.302350
5.511881
5.191811
5.267675
5.308490
5.479821
5.403647
5.176371
5.189458
5.176640
5.083029
5.594290
5.580936
5.000924
5.424988
5.559901
5.196610
5.311567
5.448639
4.987794
5.029716
4.738603
5.043675
5.228344
5.615577
5.429787
5.131120
5.199111
5.191607
5.511374
5.427442
5.383506
5.484299
5.694351
5.692876
5.335428
5.278186
5.078884
5.199989
5.361798
5.282998
5.461152
5.367069
5.435050
5.232984
5.630583
5.375999
5.501071
5.433422
5.344009
5.002096
5.118251
5.064170
5.281832
5.446050
5.362494
5.427909
4.876260
5.277776
5.211908
5.705558
5.590628
5.528383
5.507263
5.441982
5.251202
5.284073
5.322000
5.544013
5.273260
5.454986
5.167312
5.240252
5.092457
5.238242
5.251306
5.283560
5.183141
5.271368
5.392631
5.443613
5.190695
5.313432
5.427988
5.293259
5.289235
5.650942
5.424690
5.428119
5.361444
5.251172
5.168544
4.907292
5.196158
5.346561
5.507570
5.502147
5.916984
5.160565
5.180967
5.185655
5.678933
5.590280
5.561252
5.279445
5.208404
5.189695
5.278599
5.472942
5.204979
5.083707
5.004687
5.312222
5.308219
5.219790
5.279788
5.481997
5.733615
5.497204
5.038122
5.352732
5.399720
5.266310
5.579058
5.681509
5.604130
5.472288
5.571922
5.533546
5.533442
5.435835
5.432156
5.463675
5.662243
5.390539
5.242405
5.503370
5.309786
5.108418
5.160569
5.478073
5.413976
5.275983
5.365869
5.411753
5.363493
5.505043
5.480926
5.206020
5.037953
5.355864
5.173219
5.374783
4.911193
4.882207
4.704254
4.670483
5.031285
5.106807
5.113012
4.984777
5.401587
5.523653
5.062429
5.122104
5.312636
5.194107
5.234541
5.560642
5.580908
5.327959
4.998506
5.100851
5.282854
5.381703
5.391627
5.546763
5.541335
5.486408
5.670089
5.422679
5.575033
5.545005
5.691351
5.544937
5.597454
5.398887
5.313050
5.575221
5.625962
5.842411
6.124327
5.907843
5.877908
5.688872
5.237752
5.237637
5.347106
5.362367
5.537671
5.482133
5.251685
5.133110
4.904010
5.028345
5.482285
5.771398
5.516897
5.771456
5.576929
5.615939
5.368773
5.561150
5.662171
5.479759
5.520808
5.750494
5.488385
5.186018
5.258861
4.997368
4.912821
5.248779
5.560346
5.079395
4.872900
4.931217
4.791326
5.246340
5.612228
5.640589
5.580966
5.640483
5.595975
5.453080
5.462552
5.600604
5.490441
5.537504
5.622998
5.613152
5.438154
5.369362
5.448923
5.341528
5.534858
5.443314
5.309389
5.428066
5.584646
5.178552
5.590177
5.655463
5.333255
5.615353
5.559594
5.582051
5.341870
5.213130
5.476085
5.284450
5.615945
5.953193
5.859634
5.473084
5.571693
5.459270
5.478790
5.759461
5.491020
5.322171
5.443131
5.722711
5.779274
5.819214
5.711309
5.457120
5.396163
5.565161
5.193568
5.089632
5.683988
5.678856
5.428505
5.404364
5.678689
5.401167
5.337948
5.239376
5.256509
5.289343
5.139664
5.013105
4.883505
5.060106
5.020233
5.093703
5.147117
5.014026
5.000918
5.068859
5.396818
5.573483
5.214999
5.261621
5.295185
5.570079
5.508688
5.343272
5.746615
5.721360
5.445744
5.591277
5.889519
5.667814
5.304912
5.214575
5.076451
5.733387
5.733822
5.463502
5.288460
5.057365
4.947447
5.011714
5.189055
5.482079
5.295328
5.490750
5.251767
5.171176
5.151126
5.374714
5.759674
5.518187
5.562015
5.349951
5.306480
5.345283
5.551141
5.685956
5.611365
5.565821
5.864907
5.792002
6.020304
5.606067
5.310727
5.419027
5.517915
5.442548
5.348664
5.440228
5.174599
5.502177
5.364575
5.251412
5.268705
5.593399
5.317767
5.316188
5.138541
5.496152
5.072005
5.545539
5.309240
5.526424
5.736926
5.763806
5.816653
5.777734
5.687312
5.369533
5.130222
4.960072
5.419833
5.549052
5.364468
5.393845
5.190337
5.084317
5.032772
5.236301
5.714202
5.668225
5.527582
5.353024
5.301387
5.714848
5.377777
5.129967
5.382471
5.188687
5.100253
5.432603
5.171978
5.274941
5.290197
5.264394
5.291805
5.178823
5.263391
5.236439
5.145564
5.190832
5.454936
5.613500
5.983523
6.099097
6.125521
5.958728
5.181709
5.161749
5.231522
5.385213
5.255809
5.253525
5.868410
5.482274
5.676527
5.060573
5.379864
5.086393
5.463426
5.410700
5.500373
4.862663
5.085497
5.546791
5.554344
5.470917
5.111582
5.325342
5.248275
5.447747
5.399898
4.961241
4.997830
5.183978
5.233564
5.121217
5.198217
5.304514
5.115245
5.369198
5.025269
5.453720
5.348600
5.290785
5.269847
5.356675
5.121749
5.400837
5.343706
4.999761
5.207070
5.342559
5.453377
5.180089
5.332204
5.402239
5.479492
5.332357
5.300631
5.647095
5.443995
5.801318
5.406898
5.689395
5.762011
5.310979
5.503281
5.618193
5.466544
5.634118
5.529717
5.515778
5.220527
5.336057
5.233369
5.665086
5.774778
5.777349
5.428129
5.434852
5.389722
5.547244
5.227859
4.713887
5.293378
5.021040
5.033540
4.975401
5.266976
5.380495
5.366832
5.397580
5.460898
5.445409
5.070999
5.113893
4.948764
5.117818
4.833520
4.832409
5.083664
5.428075
5.601633
5.242509
5.168767
5.145588
5.364530
5.171062
5.347254
5.588432
5.510125
5.321185
5.632419
5.828159
5.741942
5.483809
5.656972
5.424119
5.089033
5.006638
4.940719
5.005135
5.265720
5.200371
5.622334
5.882784
5.503883
5.171878
5.662100
5.979119
5.626061
5.578582
5.220669
5.566484
5.377063
5.430325
5.397854
5.415910
5.455214
5.493301
5.488204
5.702208
5.437546
5.424454
5.037029
4.975905
4.917729
4.947276
5.253671
5.346620
5.511263
5.166865
5.006317
5.367439
5.332087
5.311889
5.113280
5.037522
4.967745
4.966678
4.911419
4.860215
5.270387
5.485295
5.178336
5.384683
5.052792
5.139936
5.396354
5.180922
5.469153
5.636372
5.840340
5.589824
5.195684
5.231133
5.382883
5.302820
5.585057
5.342753
5.656771
5.428387
5.481665
5.498265
5.663095
5.585913
5.844519
5.424191
5.313600
5.452473
5.571993
5.554750
5.384594
5.291013
5.123439
5.033186
5.281179
5.025382
4.921856
5.300608
5.486668
5.734666
5.703577
5.606064
5.070929
5.224724
5.328780
5.082036
5.184370
5.008633
5.117667
4.922269
4.940078
5.109669
5.386475
5.527616
5.677811
5.571732
6.080210
5.921110
5.969522
5.901516
5.984349
5.777545
5.436730
5.252946
5.419081
5.289172
5.210063
5.492967
5.252821
5.136682
5.458817
5.620329
5.430498
5.535467
5.129478
5.287562
5.693388
5.343272
5.506931
5.482005
5.615989
6.024117
5.788470
5.596393
5.460127
5.162984
5.244109
5.214516
5.191122
5.572901
5.485241
5.533805
5.615746
5.425054
5.270355
5.314244
5.287500
5.463576
5.370172
5.437578
5.041323
5.108906
5.372050
5.453857
5.345116
5.171802
5.219728
5.784428
5.512106
5.524555
5.759734
5.403000
5.388123
5.178265
4.817047
5.240965
5.514882
5.549354
5.260895
5.086697
5.540325
5.302451
5.540700
5.458008
5.457523
5.369006
5.710299
5.450399
5.377268
5.239085
5.355503
5.556857
5.567989
5.354902
5.383202
5.375607
5.594164
5.388209
5.583762
5.357228
5.338375
5.160542
5.051675
4.744431
5.376647
5.577326
5.299685
5.592206
5.522888
5.199861
5.288114
5.229512
5.126672
5.454045
5.216876
5.390629
5.169583
5.323159
5.429285
5.418375
5.436430
5.329429
5.264853
5.745635
5.648978
5.234805
5.351387
5.595938
5.488722
5.705050
5.755017
5.487983
5.478756
5.478795
5.789563
5.449413
5.455296
5.290019
5.226660
5.046645
4.995382
5.100109
5.078986
5.349983
5.722501
5.112588
5.126700
5.325965
5.514043
5.337436
5.960078
5.804464
5.472657
5.753362
5.411820
5.455326
5.515867
5.707357
5.746968
5.499573
5.257289
5.366128
5.283708
5.503171
5.516057
5.342055
5.570365
5.430710
5.256387
5.176963
5.016341
5.242715
5.117383
5.385159
5.455182
5.453895
5.514533
5.287270
5.073952
5.342371
5.232125
5.360127
5.817882
5.644174
5.482328
5.517369
5.363698
5.011318
5.113469
5.438166
5.214509
5.383816
4.959062
5.473116
5.508039
5.459936
5.270172
5.135017
5.128755
5.320742
5.714436
5.724119
5.583905
5.810868
5.500197
5.360712
5.446746
5.728098
5.556460
5.741884
5.399610
5.187853
5.391980
5.400230
5.181752
5.123399
5.031534
5.160851
5.109142
5.519727
5.058042
4.946357
5.071944
5.065246
5.272974
5.583376
5.649167
5.340746
5.468213
5.668612
5.396035
5.143890
5.658491
5.495597
5.531412
5.604115
5.684048
5.496041
5.295417
5.251935
5.129178
5.156113
5.046561
5.223914
5.498787
5.087379
4.709420
4.949040
5.422995
5.876127
5.484123
5.557868
5.662571
5.663482
5.072316
5.457895
5.489793
5.458611
5.685293
5.594638
5.628695
5.109897
5.106593
5.293742
5.197615
5.305227
5.800797
5.179809
5.516433
5.200445
5.173242
5.273428
5.098618
4.960642
4.825918
5.082756
5.199864
5.679834
5.136713
5.126684
5.041162
4.960477
5.141982
5.323072
5.720115
5.478247
6.055878
5.886576
5.392725
5.371884
5.115442
5.049178
5.380491
5.598093
5.909666
5.638647
5.711008
5.524625
5.605698
5.419683
5.353721
5.208084
5.279207
5.316545
5.428249
5.556604
5.350306
5.167484
5.546906
5.549444
5.515176
5.916097
5.951997
6.047997
5.740446
5.563210
5.502157
5.441231
5.596064
4.977202
5.306849
5.611348
5.396260
5.439799
5.621247
5.291446
5.249952
5.438384
5.492403
5.524437
5.005802
5.047792
5.465768
5.495640
5.257441
5.413234
5.449236
5.656852
5.583945
5.383800
5.188113
4.705781
5.037163
5.283443
5.170674
5.187484
5.504615
5.297127
5.529540
5.600605
5.326464
5.344655
5.489677
5.471507
5.427905
6.020115
5.735021
5.372887
5.345882
4.978026
5.103927
5.103899
5.065279
5.189593
5.471471
5.530139
5.356433
5.312220
5.385741
5.218875
5.202628
5.557248
5.372250
5.226908
5.239942
5.330083
5.331657
5.342640
5.534202
5.546677
5.955053
5.591003
5.303425
5.259941
5.438943
5.655385
5.673150
5.349070
5.063621
5.176375
5.400377
5.468160
5.676948
5.291271
5.580124
5.433815
5.450833
5.268200
5.062637
5.476195
5.671039
5.423657
5.651080
5.605209
5.199451
5.237817
5.048964
5.435092
5.231402
5.204999
5.203416
5.436959
5.483442
5.709125
5.551364
5.686275
5.521184
5.514001
5.597306
5.602613
5.562214
5.402388
5.358475
5.339075
5.349299
5.447907
5.806132
5.547788
5.344095
5.247620
5.638657
5.483415
5.226391
5.345916
5.498027
5.508773
5.321094
5.590267
5.259601
5.539489
5.373896
5.282227
5.063799
5.458677
5.814719
5.586776
5.206042
5.152249
5.501763
5.437349
5.463799
5.437639
5.599577
5.711897
5.459735
5.117601
5.347201
5.433816
5.467623
5.448823
5.666137
5.285300
5.312460
5.231693
5.718897
5.755310
5.839119
5.710277
5.519832
5.615813
5.769633
5.475370
5.338935
6.006675
6.077157
5.268638
5.410470
5.059099
5.333364
5.508143
5.469117
5.295971
5.297926
5.479931
5.479180
4.947403
5.449141
5.319312
5.111925
5.362829
5.055113
5.655401
5.085193
5.154266
5.343380
5.247348
5.310179
5.166286
5.037328
5.287844
5.313288
5.549532
5.407048
5.554971
5.700607
5.324079
5.557067
5.311675
5.141269
5.087133
5.131106
5.360249
5.340233
5.625396
5.188911
5.584297
5.681140
5.865396
5.713535
5.403035
5.536164
5.680288
5.284522
5.541623
5.348182
5.302767
5.688806
5.747925
5.532204
5.515624
5.361850
5.360329
5.294274
5.464135
5.870699
5.996986
5.990548
5.897775
5.735744
5.564620
5.625068
5.338064
5.226614
5.385607
5.303752
5.285454
5.230173
5.389767
5.039391
4.921983
4.851833
5.152576
5.168402
5.146869
5.569746
5.249284
5.530525
5.908205
5.809591
6.261165
5.964844
5.955179
5.736570
5.692707
5.705622
5.257750
5.168413
5.482037
5.674768
5.943485
5.879924
5.545188
5.383140
5.381252
5.322777
5.582026
5.507640
5.448157
6.036480
5.555756
5.746677
5.477000
5.619743
5.600515
5.605518
6.026784
5.853779
5.731074
5.677954
5.380153
5.517398
5.625476
5.674800
5.186806
5.317067
5.324932
5.424208
5.581585
5.618429
5.487990
5.636629
6.009795
5.579993
5.607127
5.338356
5.160187
4.897642
5.083620
5.215815
5.241821
5.381707
4.987367
5.216015
5.567122
5.092502
5.167772
5.335831
5.236106
5.314927
5.687148
5.269772
4.943744
4.938998
5.051760
5.116402
5.417838
5.273391
5.196660
5.263050
5.337955
5.593059
5.431933
5.246073
5.301797
5.520223
5.551561
5.414917
5.189316
5.177995
4.999889
4.867387
5.248861
5.111956
5.085417
5.197813
5.531935
5.346374
5.484569
5.312600
5.271368
4.977060
4.926548
4.872746
5.132297
5.024949
5.382316
5.366299
5.504318
5.647432
5.719936
5.809643
5.857489
5.487152
5.323643
5.553928
4.984985
5.309377
4.984389
4.896771
4.862088
4.720962
4.921998
4.936679
4.751124
4.889057
5.079187
5.270513
5.583687
5.616063
5.602167
5.655558
5.459544
5.257123
5.584566
5.366537
5.446951
5.456890
5.196796
5.123128
5.475364
5.274427
5.072958
5.181231
5.079060
5.190264
5.387136
5.242242
5.673802
5.686218
5.594787
5.631011
5.648397
5.653331
5.586154
5.460199
5.306745
5.693484
5.712597
5.792345
5.094102
5.309138
5.345407
5.504795
5.514301
5.687853
5.251900
5.264355
5.072032
5.410178
5.205812
5.355867
5.216565
5.195818
5.141771
5.421553
5.122556
5.282727
5.365380
5.608219
5.357061
5.033266
5.010212
5.094363
4.896406
4.768303
4.819341
5.169970
5.361691
5.172394
5.320255
5.288033
5.239148
5.127424
5.559246
5.453928
5.734407
5.533517
5.446560
5.185618
5.265400
5.397264
5.540125
5.051965
4.972349
5.071744
5.428290
5.572623
5.632005
5.293512
5.533894
5.581020
5.333922
5.315054
5.358099
5.347077
5.404581
5.626047
5.608911
5.816865
5.709116
5.595196
5.835898
5.729287
5.403283
5.487579
5.423661
5.593645
5.229420
5.494557
5.466697
5.448169
4.964605
5.411053
5.750190
6.059492
5.529755
5.848324
5.528708
5.449307
5.361111
5.299551
5.264175
5.321511
5.591759
5.725172
5.691896
5.309336
5.387591
5.250367
5.086859
5.125933
5.374294
5.704503
5.896245
5.603883
5.333381
5.539414
5.655029
5.530066
5.270935
5.113969
5.122874
5.486884
5.450871
5.253324
5.287465
4.865339
5.328522
5.583857
5.684347
5.611596
5.653116
5.286397
5.585797
5.718815
5.321635
5.278884
5.494750
5.457756
5.258451
5.286684
5.168564
5.339045
5.184202
5.266825
5.690184
5.229763
5.489659
5.267966
5.756575
5.827253
5.833092
5.271623
5.359419
5.437540
5.441476
5.397435
5.457729
5.498032
5.587186
5.224285
5.238783
5.204596
5.177147
5.132516
5.201108
4.978064
5.173377
5.485616
5.544183
5.030739
5.164829
5.338847
5.267018
5.316838
5.695927
5.499803
5.524840
5.463769
5.362779
5.846134
5.753775
5.429382
5.328851
5.560723
5.649807
5.969995
5.841397
5.842048
5.829447
5.945654
5.836395
5.539681
5.485400
5.199371
5.765474
5.081382
5.243482
5.434772
5.539104
5.488768
5.525769
5.278864
5.407664
5.407920
5.697278
5.655981
5.690628
5.740082
5.346195
5.567405
5.364924
5.517999
5.230276
5.738903
5.408586
5.211079
5.385201
5.327013
5.027583
5.159962
5.434768
5.544610
5.379033
5.450820
5.482802
5.721468
5.740224
5.614432
5.427278
5.701910
5.364470
5.339806
5.145183
5.317909
5.331708
5.703614
5.676211
5.648011
5.854763
5.372060
5.270823
5.185601
5.261973
5.088605
5.190821
5.382504
4.981044
4.925144
5.280771
5.289244
5.288309
5.211690
5.385209
5.651558
5.246957
5.466211
5.466581
5.352630
5.056873
5.222233
5.069550
5.456784
5.477699
5.299716
5.377524
5.910563
5.583123
5.181355
5.345527
5.546960
5.385545
5.439843
5.473521
5.393377
5.450763
5.282542
5.011298
5.260467
5.677071
5.322611
5.311069
5.414403
5.166382
5.433553
5.174539
4.756572
4.886049
5.320458
5.426319
5.292131
5.036218
5.471811
5.621836
5.562346
5.617624
5.186669
5.198822
5.380559
5.145947
5.387842
5.306643
5.089548
5.726719
6.062610
5.942516
5.906877
5.685598
5.642982
5.450764
5.495725
5.160403
5.580964
5.545232
5.521551
5.329403
5.550560
5.633597
5.790472
5.610883
5.178295
5.034561
5.126962
5.245392
5.495695
5.027081
4.957585
5.466907
5.178542
5.364692
5.530454
5.640134
5.285967
5.275514
5.126359
5.161933
5.401081
5.448662
5.275454
5.128372
5.079086
5.025390
5.158251
5.366588
4.994746
5.273344
5.457925
5.043488
5.158762
5.384854
5.283075
5.299910
5.035526
5.324357
5.554561
5.464451
5.646466
4.963725
4.890016
5.179921
5.181685
5.281604
5.851157
5.725498
5.475537
5.556810
5.606251
5.505831
5.483615
5.317265
5.581560
5.767368
5.684518
5.645172
5.259383
5.426056
5.620424
5.408026
5.167294
5.159557
5.126851
5.423020
5.370691
4.928581
5.170062
5.401533
5.570789
5.784447
5.397190
5.258631
5.306898
5.352271
5.243114
5.429648
5.543506
5.391858
5.136267
5.171786
5.773621
5.732506
5.373473
5.277917
5.215563
5.265353
5.586772
5.550776
5.456238
5.287622
5.200119
5.036929
5.348953
5.421050
5.559432
5.628678
5.789371
5.590363
5.341142
5.533554
5.276282
5.602218
5.701020
5.821133
5.685376
5.169777
5.282408
5.504467
5.754456
5.736115
5.293021
5.512972
5.410996
5.603205
5.356977
5.301767
5.498283
5.406360
5.155878
5.319856
5.172156
5.240119
4.863289
5.216086
5.146204
5.423329
5.885984
5.963819
5.587520
5.447878
5.398941
5.503434
5.329337
5.347259
5.535024
5.589561
5.168533
5.207806
4.883664
5.188102
5.265865
5.224459
5.321134
5.484713
5.572048
5.180345
5.082836
5.164382
5.214844
5.446699
5.429387
5.839697
5.654127
5.465135
5.742938
5.387024
5.007771
5.030205
5.396314
5.770422
5.550634
5.358786
5.238672
5.849301
6.076082
5.688706
5.364707
5.517377
5.475235
5.537358
5.551400
5.902211
5.697381
5.178678
5.354162
5.311801
5.541929
5.591654
5.481123
5.002592
5.470354
5.705437
5.729912
4.957119
5.144472
5.260009
5.253039
5.215647
5.337133
4.970308
5.299368
5.330000
5.609006
5.203889
5.143171
5.092907
5.356738
5.291946
5.001600
5.397737
5.235070
5.226951
5.283995
5.298073
5.568642
5.400842
5.720180
5.581923
5.683838
5.596787
5.562625
5.661785
5.446209
5.272438
5.683680
5.442913
5.610389
5.562715
5.564417
5.534851
5.329433
5.459469
5.264279
5.130690
5.156227
5.274305
5.665527
5.439502
5.353919
5.327822
5.414512
5.059351
5.269230
5.571287
5.571528
5.535751
5.116929
4.998662
5.046973
5.247270
5.390232
5.453565
5.192959
5.001186
5.446918
5.464678
5.418489
5.482168
5.445110
6.068116
5.804762
5.561989
5.464953
5.005170
5.375991
5.337046
5.261571
5.354383
5.669646
5.652314
5.400254
5.745345
5.428247
5.714620
5.523681
5.491490
5.415924
5.287394
5.565086
5.592568
5.439148
5.452969
5.296076
5.018495
5.533319
5.670095
5.807985
6.277913
5.802218
5.567398
5.568510
5.509340
5.437956
5.433815
5.393196
5.625531
5.696744
5.853544
5.281790
5.210240
5.718849
5.427973
5.383483
5.346787
5.325276
5.496379
5.393103
5.565399
5.474080
5.228958
5.582163
5.288768
5.785128
5.784668
5.588292
5.534353
5.015633
4.917460
5.102569
5.588013
5.365203
5.251280
5.060942
5.669306
5.573290
5.688660
5.665060
5.547407
5.775898
5.483405
4.993399
5.280703
4.989850
5.197979
4.926523
5.184965
5.441127
5.662035
5.507417
4.880483
5.049418
5.388210
5.255309
5.428298
5.751476
5.765896
5.768225
5.806540
5.696700
5.492480
5.711790
5.416041
5.259207
5.052140
4.639674
5.082262
5.166288
5.435372
5.567701
5.417210
5.442129
5.503285
5.515465
5.418733
5.742868
5.567443
5.325135
5.689500
5.752526
5.944171
5.771750
5.653195
6.057293
5.881287
5.583380
5.635791
5.415777
5.522969
5.316700
5.460548
5.468376
5.328299
5.269925
5.241066
5.591575
5.781195
5.496994
5.290036
5.407397
5.387163
5.529214
5.206191
5.143714
5.336603
5.517447
5.323345
5.310161
5.320784
4.950478
5.457360
5.397406
5.492978
5.397946
5.362412
5.472674
5.702784
5.836718
5.755353
5.825853
5.390108
5.543349
5.437845
5.624279
5.426391
5.383562
4.988584
4.895566
5.064376
5.043151
5.584293
5.880699
5.472425
5.087482
5.569374
5.370735
5.870633
5.553035
5.703234
5.693452
5.146557
5.344439
5.555870
5.260833
5.455955
5.329199
5.246211
5.423559
5.752707
5.801957
5.355276
5.567429
5.146674
5.134232
5.179770
5.503547
5.337642
5.637837
5.383698
5.224219
4.865014
4.942812
4.895798
5.779487
5.458447
5.783275
5.495269
5.393693
5.324478
4.953901
5.611371
5.314467
5.775282
5.744125
5.359790
5.292937
5.538957
5.846661
5.789323
5.764808
5.458021
5.671302
5.623266
5.485602
5.806081
5.531123
4.921678
5.502121
5.260957
5.644804
5.701248
5.532377
5.189227
5.795523
5.851253
6.134776
5.899693
5.550967
4.971979
5.152933
5.256431
5.346835
5.420563
5.690279
5.559519
5.314045
5.283199
5.112774
5.199904
5.428612
5.468273
5.699470
5.785029
6.201595
5.690525
5.903933
5.372630
5.319855
5.148023
5.336589
5.541600
5.474115
5.656020
5.378211
5.652488
5.643709
5.654149
5.489237
5.144619
5.393778
5.432822
5.306378
5.153202
5.592121
5.294967
5.768886
5.546373
5.548497
5.636464
5.839428
5.624608
5.725044
5.484680
5.398634
5.382547
5.095310
5.157216
5.322498
5.469218
5.324983
5.119182
5.261450
5.162884
5.117405
5.084059
4.970248
5.324109
5.366426
5.460593
5.482987
5.489437
5.558141
5.520813
5.656016
5.151348
5.183283
5.165779
4.948726
5.445138
5.599099
5.496488
5.514260
5.570408
5.431606
5.386645
5.398692
5.426796
5.270016
5.418438
5.589935
5.240594
5.399730
5.153183
5.186367
5.177836
5.320904
5.083784
5.054167
4.959984
4.758442
4.768592
5.059669
5.095281
5.492859
5.458076
5.408445
5.431684
5.442881
5.076911
5.008941
5.216686
5.573241
5.506948
5.498074
5.462587
5.304428
5.557009
5.566603
5.624561
5.401941
5.399827
5.088848
5.141958
5.282226
5.494856
5.769699
5.344608
5.244688
5.281479
5.256857
5.434840
5.596479
5.655819
5.767957
5.443091
5.278425
5.442441
5.375910
5.271425
5.251250
5.432302
5.750581
5.718485
5.230190
5.605974
5.178750
5.244409
4.877916
5.313703
5.593022
5.357095
5.805670
5.560524
5.567213
5.559292
5.448338
5.576280
5.505297
5.444374
5.793733
5.677961
5.573749
5.599449
5.683086
5.495647
5.374237
5.079023
5.285700
5.677710
5.786331
5.598188
5.808891
5.560783
5.824286
5.621764
6.312807
5.907297
6.224177
5.757161
5.447451
5.630944
5.670892
5.681872
5.688444
5.129806
5.025526
5.348111
5.377066
5.304494
5.615379
5.747625
5.875781
5.962136
5.884779
6.063297
5.860631
5.565270
5.422103
5.438543
5.824431
5.563661
5.346312
5.431318
5.658466
5.110114
5.143359
5.347234
5.350133
5.039687
5.626566
5.276494
5.235356
5.386284
5.362840
5.093926
5.078747
5.367873
5.431438
5.536453
5.306588
5.223546
5.135980
5.354639
5.231629
5.221994
5.221169
5.598545
5.301288
5.741115
5.633663
5.191710
5.265406
5.559498
5.909697
5.649744
5.593212
5.128057
5.443017
5.324224
5.405283
5.696920
5.442705
5.251754
5.475321
5.096193
5.224576
5.377674
5.113010
5.320048
5.589055
5.456602
5.682560
5.748763
5.538140
5.414983
5.350663
5.340309
5.184199
5.302116
5.558348
5.533452
5.376373
5.519581
5.268604
5.328776
5.829987
5.346955
5.645480
5.888705
5.676727
5.796307
5.391105
5.673620
5.556748
5.049838
5.083850
4.812556
5.170558
4.902859
4.920993
4.951819
4.684046
4.763243
5.103545
4.958670
4.715341
5.338608
5.401581
5.640711
5.491580
5.586822
5.859496
5.732804
5.502127
5.446135
5.090809
4.824374
5.051530
4.848926
5.272386
5.295439
5.573562
5.498809
5.453692
5.434126
5.465586
5.496943
5.304590
5.479640
5.563170
5.395502
5.408725
5.465265
4.635561
5.073581
5.203049
5.205897
5.447618
5.524217
5.688167
5.246100
5.537148
5.320366
5.322716
5.709058
5.451219
5.517914
5.387040
5.046673
5.086199
5.225552
5.452246
5.711798
5.694591
5.689194
5.835767
5.651249
5.452925
5.761108
5.464406
5.163391
5.127235
5.379574
5.427649
5.577308
5.490254
5.680804
5.210500
5.090376
5.387692
5.714826
5.824553
5.706111
5.521196
5.568255
5.147019
5.194041
5.199469
5.178618
5.491965
5.198340
5.406610
4.998520
5.089994
5.302881
5.715860
5.775431
5.355339
5.521038
5.885578
5.527371
5.540432
5.769532
5.197977
5.341576
5.412424
5.520776
5.377780
5.325382
4.890593
5.139363
5.304781
5.144208
5.140820
5.089068
4.874554
4.879856
4.959876
5.293430
5.263557
5.054747
5.020802
5.108485
5.034091
5.333080
5.457218
5.638352
5.219249
5.111475
5.556065
5.696195
5.581225
5.156864
5.271562
5.516664
5.463455
5.375723
5.746919
5.640217
5.572400
5.336820
5.611187
5.554373
5.556778
5.606777
5.256025
5.154437
5.468029
5.321500
5.374829
5.457325
5.631975
5.245232
5.370131
5.316449
5.220757
5.099794
5.177088
4.968745
5.346328
5.143981
5.391162
5.470379
5.673360
5.453452
5.377713
5.509169
5.429436
5.300220
5.509071
5.425589
5.416996
5.414279
5.092377
5.227208
5.339928
5.425010
5.336061
5.255590
5.022297
5.073812
5.568830
5.561204
5.639283
5.564725
5.314757
4.859142
4.850941
4.826475
5.374323
5.404122
5.314298
5.649868
5.569495
5.489303
5.414288
5.771215
5.488110
5.300994
5.629588
5.535698
5.681870
5.682747
5.614197
5.674179
5.562054
5.480273
5.783556
5.381007
5.322413
5.407786
5.377756
5.455153
5.235375
5.348565
5.321870
5.263533
5.411779
5.340461
5.417164
5.272597
5.199094
5.522500
5.637698
5.638866
5.427433
5.330327
5.440117
5.600724
5.292885
5.632918
5.716894
5.952099
5.734533
5.742198
5.517878
5.356391
5.340602
5.727742
5.332887
5.373543
5.338005
5.045891
5.718838
6.006808
6.019912
6.008597
5.120362
5.231859
5.308412
5.153984
5.137955
5.046701
5.048697
5.199936
5.409346
5.746068
5.423180
5.265011
5.297518
4.971539
4.828772
5.412337
5.382967
5.522122
5.540370
5.231216
5.467762
5.393841
5.459685
5.248970
5.414712
5.212367
5.705985
5.541888
5.452574
5.371436
5.657211
5.817717
5.467748
5.315238
5.490384
5.508883
5.266493
5.688405
5.885646
5.433536
5.416104
5.656050
5.464414
5.317810
5.412811
5.322779
5.353442
5.408464
5.483124
5.222820
5.628757
5.666061
5.741398
5.605572
5.573544
5.358788
5.408935
5.686726
5.471766
5.566278
5.494231
5.378748
5.380917
5.344584
5.542513
5.414961
5.607927
5.621779
5.449911
5.070280
5.380119
5.314072
5.505826
6.006318
5.534363
5.508860
5.302850
5.239527
5.916315
6.133193
5.449850
5.570151
5.221765
5.402013
5.548109
5.621170
5.671057
5.440601
5.052840
5.004432
5.198742
5.508431
5.401683
5.572171
5.831005
5.099652
5.123161
4.981043
5.079252
5.335556
5.138497
5.644238
5.575614
5.586313
5.358229
5.490281
5.432446
5.700381
5.616714
5.846513
5.705969
5.816241
5.554104
5.266258
5.154882
5.259564
5.052950
5.122210
4.811548
5.274924
5.564874
5.244988
5.336420
5.433697
5.310795
5.465383
5.317634
5.641201
5.678458
5.709863
6.115887
5.622390
5.485161
5.494860
5.436046
5.800834
5.619644
5.357215
5.350774
4.839554
5.388163
4.753468
4.670215
4.929401
5.086026
5.063696
4.993308
5.116562
5.048074
5.159846
5.465463
5.572107
5.503942
5.334823
5.717660
5.278950
5.701797
5.591256
5.635160
5.450585
5.318455
5.466337
5.453711
5.316680
5.154533
5.564832
5.513667
5.705395
5.412434
5.321558
5.531694
5.259463
5.277552
5.449958
5.452799
5.463786
5.346119
5.450930
5.483749
5.601758
6.063757
5.403146
5.389131
5.355040
5.529878
5.288582
5.386416
5.321089
5.313528
5.046082
5.159646
5.538371
5.945935
5.975753
5.520529
5.339942
5.448364
5.622375
5.327376
5.388638
5.568635
5.354608
5.232666
5.326707
5.504876
5.308320
5.546642
5.493636
5.705098
5.559537
5.834730
5.567282
5.466559
5.197903
5.083875
5.770111
5.912375
6.000466
5.762600
5.706782
5.539434
5.163980
5.150461
5.204506
5.151413
5.480526
5.408313
5.091946
5.367280
5.443824
5.315104
5.414118
5.376022
5.446966
5.469722
5.384772
5.497636
5.338819
5.112422
5.121813
4.969409
4.864331
5.491891
5.515103
5.429318
5.219866
5.639541
5.536624
5.784230
5.647619
5.510321
5.557546
5.434631
5.951516
5.651280
5.438520
5.357005
5.418073
5.343526
5.715992
5.576628
5.379975
5.413332
5.339726
5.329727
5.558496
5.640985
5.626729
5.580197
5.226588
5.405931
5.612813
5.313549
4.982217
4.742342
5.140817
5.175306
5.479111
5.462346
5.244988
5.584999
5.483392
5.480501
5.701690
5.889336
5.494917
5.394559
5.752768
5.651171
5.573242
5.618847
5.427431
5.561194
5.573487
5.563668
5.167361
5.366437
5.286020
5.403683
5.379024
5.396235
5.383087
5.354000
5.763978
5.613909
5.635994
5.411451
5.462498
5.136984
4.991227
4.717513
4.419535
5.136746
5.348172
5.517245
5.560105
5.609662
5.050750
5.033846
5.240221
5.276980
5.259738
5.485208
5.434141
5.454110
5.204097
5.467735
5.329157
5.567662
5.662356
5.934043
5.856425
5.552983
5.275562
5.638381
5.296192
5.257050
5.078437
5.244712
5.500796
5.527674
5.712871
5.572643
5.476253
5.566829
5.806758
5.730018
5.624891
5.763666
5.778119
5.918650
5.695054
5.224926
5.114220
5.326914
5.224212
5.246104
5.430582
5.383219
5.365929
5.023710
4.943765
5.248571
5.489114
5.558920
5.783330
5.571215
5.254884
5.413905
5.275116
5.144154
5.285823
5.310854
5.296963
5.306129
5.443043
5.616855
5.309259
5.026015
5.203623
5.540580
5.203031
5.206743
5.470011
5.605156
5.103389
5.366717
5.117946
5.623277
5.509185
5.495915
5.535319
5.381196
5.203483
5.291583
5.240627
4.972910
5.459613
5.273031
5.143714
5.110059
4.965584
5.282088
5.719596
4.958242
5.025456
5.903879
5.934687
6.048210
5.551427
5.762172
5.583875
5.442104
5.204190
5.361239
5.294224
5.320243
5.815668
5.236163
5.630332
5.123233
4.927587
4.912906
5.148480
4.852684
5.171834
5.585463
5.198157
4.937270
5.086512
5.189310
5.415627
5.644775
5.307608
5.585892
5.276207
5.474670
5.331441
5.274494
5.189179
5.436566
5.558841
5.456240
5.539643
6.023101
5.660958
5.671865
5.261176
5.492154
5.235576
5.301289
5.556497
5.180399
5.236636
5.526852
5.707189
5.790964
5.300703
5.526772
5.489747
5.620513
5.439325
5.243907
5.473692
5.658094
5.727130
5.460296
5.460737
5.718367
5.253592
5.422372
5.259809
5.281987
5.346911
5.400324
5.730091
5.615192
5.604915
5.488087
5.680937
5.662599
5.732849
5.823669
5.589040
5.387690
5.789676
5.271882
5.485874
5.153382
5.013502
5.299346
5.208119
5.098864
5.030560
5.160873
5.315122
5.299767
5.301124
5.535851
5.345642
4.946385
5.019080
5.304322
5.555040
5.190775
5.052895
5.192354
5.477274
5.315227
5.737069
5.467643
5.398372
5.464314
5.410912
5.485001
5.466044
5.364745
5.425174
5.461550
5.400424
5.601067
5.341835
5.168329
5.486882
5.185425
5.108811
5.221862
5.307398
5.652305
5.220481
5.254740
5.388945
5.665634
5.292765
5.873672
5.735419
5.459215
5.542097
5.523421
5.419765
5.431308
5.570451
6.034034
5.667668
5.303832
5.540931
5.510399
5.401227
5.228460
5.370586
5.501186
5.660018
5.292735
5.038678
5.252747
5.607705
5.957159
6.080913
6.078122
6.105993
5.781987
5.398298
5.766824
6.086852
5.689423
5.302325
5.276012
5.507801
5.277455
5.350516
5.108582
5.065850
5.012099
5.110100
5.080542
4.921061
5.177393
5.105940
5.200480
4.766578
5.300593
5.148549
5.074951
4.908838
5.325054
5.381783
5.523769
5.811348
5.591376
5.792876
5.959053
5.524106
5.665496
5.480855
5.288493
5.295162
5.496597
5.562569
5.537849
5.555077
5.716093
5.743653
5.624395
5.385441
5.272983
5.334285
5.277285
5.251757
5.194542
5.437039
5.412509
5.205071
5.315860
5.715698
5.718558
5.283768
5.195406
5.445869
5.403225
5.202622
5.040229
4.988955
4.827398
4.931324
4.893534
5.220239
5.319319
5.568431
5.728665
5.763240
5.425927
5.362094
5.458258
5.418757
5.379070
5.628926
5.069893
5.335326
5.532377
5.410924
5.599965
5.535716
5.708097
5.941565
5.984722
5.570621
5.659633
5.287119
5.346894
5.228978
5.328926
5.271972
5.464618
5.289636
5.776074
5.717308
5.800905
5.646866
5.441814
5.028640
5.111684
5.331608
5.435082
5.552099
5.430119
5.300733
5.425887
5.370347
5.445143
5.101732
5.018893
5.301429
5.223618
4.903686
5.255631
5.340381
5.598217
5.575116
5.665258
5.140568
5.687158
5.720820
5.538400
5.398533
5.561362
5.746212
5.690050
5.822375
5.492864
5.470363
5.700824
5.671629
5.348508
5.500287
5.625360
5.545266
5.509382
5.394350
5.132511
5.271851
5.195146
5.221262
5.110365
5.246752
5.285168
5.216378
5.367150
5.883430
5.488841
5.927669
5.767140
5.819674
5.985617
5.381150
4.989989
4.937528
5.078964
4.927201
4.917879
4.760139
5.012173
5.284136
5.292755
5.664550
5.274967
5.348769
5.434356
5.614434
5.701406
5.584731
5.983185
5.747059
5.762429
5.436828
5.471305
5.201970
5.561216
5.180550
5.279511
5.192762
5.265042
5.221006
5.232954
5.652593
5.868255
5.611548
5.729180
5.344526
5.258352
5.429180
5.717796
5.439055
5.536568
5.403812
5.044839
5.617371
5.941608
5.500844
5.498620
5.734073
5.342776
5.033959
5.136992
5.218920
5.209324
5.043273
5.259368
5.539448
5.437332
5.318923
5.522051
5.265228
5.373731
5.489353
5.354979
5.503018
5.517912
5.457099
5.634546
5.731793
5.384940
5.476542
5.546167
5.445448
5.317959
5.181987
5.778131
5.640316
5.281643
5.544535
5.558476
5.729996
5.550953
5.251722
5.491772
5.718964
5.599100
5.821481
5.783205
5.691539
5.990156
5.489134
5.519091
5.418414
5.717963
5.531076
5.659571
5.506187
5.431095
5.551815
5.143826
5.147655
5.345698
5.439716
5.275814
5.435947
5.508068
5.516272
5.542559
5.813566
5.841785
5.679479
5.761182
5.648845
5.479089
5.616889
5.571843
5.472186
5.558677
5.273435
5.146015
5.224998
5.451511
5.670142
5.599960
5.590223
5.528645
5.598966
5.536476
5.490980
5.318037
5.600227
5.490056
5.546967
5.328455
5.356053
5.202422
5.299400
5.605986
5.522109
4.972645
5.232404
5.382383
5.454037
5.647923
5.438150
5.199693
5.193019
5.319295
5.694354
5.659933
5.337100
5.256081
5.433113
5.361161
5.298771
5.110270
5.087529
5.000264
5.225443
5.062806
5.359398
5.255689
5.546987
5.586179
5.719312
5.556019
5.683219
5.825729
5.608764
5.281762
5.426473
5.160653
5.245161
5.265348
5.003339
5.370215
5.497389
5.414687
5.857447
5.715034
5.620769
5.467175
5.246927
5.545509
5.512638
5.457804
5.437378
5.153757
4.863641
5.331196
5.635843
5.528241
5.570521
5.135486
5.133225
5.150622
5.284914
5.113989
5.481533
5.844079
5.833122
5.505563
5.401701
5.386231
5.236268
5.097975
5.395608
5.152148
5.471680
5.151392
5.628771
5.531672
5.702657
5.549943
5.366915
5.333166
5.598851
5.668384
5.693847
5.825364
5.799134
5.845511
5.453687
5.438363
5.254193
5.487103
5.425820
5.249055
5.250842
5.421842
5.989581
6.060092
5.873221
5.952558
5.675205
5.713528
5.446179
5.552684
5.163640
5.389235
5.256022
5.352140
5.624356
5.853011
5.610991
5.395171
5.548127
5.586372
5.633535
5.481787
5.790036
5.322787
5.125492
4.959797
5.132050
5.286429
5.145292
5.374559
5.006115
5.121272
5.200585
5.289821
5.340909
5.267918
5.266523
5.153128
5.443390
5.545781
5.618820
5.920823
6.122009
5.493226
5.469573
5.223229
5.580864
5.498528
5.498505
5.602867
5.253923
5.093648
5.141403
5.171739
5.394489
5.603435
5.530514
5.896854
5.462905
5.742651
5.685693
5.489844
5.188364
5.134176
5.190017
5.434024
5.712083
5.640297
5.684670
5.905624
5.464508
5.419638
5.316762
5.337466
5.398232
5.265933
5.432812
5.744201
5.413321
5.362745
5.399189
5.598337
5.322622
5.447205
5.205658
5.474955
5.483941
5.549747
5.691613
5.521360
5.197337
5.279897
5.329172
5.281411
5.424913
5.104089
5.024812
5.294621
5.453650
5.219454
5.367493
5.311034
5.226387
5.408658
5.203166
5.336781
5.422239
5.191348
5.305186
5.370771
5.224090
5.063885
5.237861
5.462685
5.595909
5.450829
5.548459
5.489243
5.488629
5.505708
5.730104
5.859246
5.496993
5.457519
5.309330
5.844789
5.910952
5.797186
5.577770
5.840795
5.340435
5.327097
5.245298
5.533380
5.143262
5.207615
5.617512
5.599087
5.739792
5.759844
5.357821
5.526612
5.739575
5.817947
5.685748
5.643282
5.680887
5.548207
5.227945
5.371778
5.053517
5.125077
5.094269
5.168604
5.007178
5.413850
5.137604
5.217117
5.108806
5.259201
5.056629
5.596998
5.579895
5.419016
5.347583
5.563719
5.425643
5.413282
5.423706
5.197472
5.061462
5.118645
4.977120
5.474611
5.491235
5.327749
5.023046
5.525910
5.607755
5.462048
5.418082
5.596081
5.488120
5.370844
5.425261
5.097494
5.179978
5.028132
5.183905
5.425432
5.274272
5.275205
5.099568
5.087027
5.253171
5.265366
5.266710
5.442882
5.515379
5.711036
5.645465
5.505791
5.536146
5.288935
5.394989
5.201089
5.026174
5.378388
5.589886
5.611142
5.364115
5.312618
5.330631
5.637325
5.739028
5.289261
5.126522
5.510294
5.497553
5.625040
5.577881
5.587831
5.416609
5.373970
5.688971
5.538397
5.937645
5.601134
5.202588
5.187177
5.526564
5.231387
5.275691
5.277986
5.137795
5.609337
5.724383
5.682675
5.298894
5.503131
5.330804
5.283638
5.057218
5.082887
5.117456
5.205948
5.119772
5.466726
5.385964
5.116479
5.049286
5.034223
5.056207
5.396834
5.401762
5.425429
5.455103
5.436159
5.788696
5.634959
5.577475
5.414416
5.532135
5.794100
5.578014
5.361845
5.871343
5.775667
5.469866
5.555807
5.601958
5.493641
5.342578
5.161530
5.132382
5.090176
5.261069
5.409128
5.419364
5.548364
5.877988
5.732059
5.649773
5.534912
5.307399
5.583040
5.700984
6.092240
5.728689
5.716796
5.548567
5.232582
5.381259
5.643517
5.429010
5.934024
5.685686
5.919527
5.820148
5.739396
5.485624
5.565605
5.560028
5.559614
5.668354
5.520369
5.498883
5.625909
5.606644
5.642063
5.656485
5.676066
5.840841
5.728510
5.638687
5.639763
5.548567
5.643773
5.493055
5.554214
5.836712
5.524766
5.130747
5.122135
5.288208
5.459097
5.516135
5.419466
5.783633
5.744317
5.509199
5.594783
5.391332
5.415158
5.548519
5.586855
5.653555
5.340161
5.134249
5.619591
5.566771
5.415958
5.342155
5.299820
5.122030
5.336323
5.498968
5.380082
5.177239
5.401276
5.271530
5.412736
5.755139
5.765546
5.609438
5.464396
5.730781
5.638828
5.502207
5.220621
5.411877
5.529794
5.639758
5.570701
5.508425
5.470546
5.433132
5.348054
5.237020
5.221105
5.413193
5.506115
5.508647
5.846322
5.336659
5.275244
5.182729
5.234056
5.214339
5.227694
5.364345
5.286474
5.163921
4.959723
5.058982
5.034472
5.173358
5.524486
5.209738
5.055217
5.180778
5.477152
5.853831
5.863839
5.603562
5.415938
5.348999
5.664655
5.552425
5.553234
5.554026
5.319021
5.122985
5.625126
5.446736
5.395148
5.376947
5.175819
5.520740
5.277085
5.047074
5.205679
5.034979
5.211566
5.274837
5.269207
5.206769
4.998171
5.228426
5.506121
5.313788
5.037888
5.472987
5.523557
5.504786
5.502264
5.555497
4.986768
5.337856
5.258293
5.195365
4.867741
5.417914
5.614183
5.409689
5.651714
5.404536
5.531111
5.645358
5.650007
5.261499
5.015739
5.024026
5.066485
5.340800
5.254500
5.391233
5.466858
5.408339
5.532971
5.478536
5.473940
5.725629
5.774100
5.594399
5.389528
5.306271
5.406146
5.345454
5.869856
5.329444
5.279030
5.301622
5.536910
5.709267
5.746976
5.991976
5.536302
5.388753
5.386080
5.557770
5.498979
5.328429
5.450212
5.569156
5.041772
4.982943
5.358533
5.477991
5.602235
5.814188
5.522685
5.598128
5.310511
5.005027
5.090963
5.291649
5.218530
5.329334
5.339286
5.577815
6.051561
5.164248
5.283159
5.482198
5.215123
5.106909
5.453816
5.485648
5.530417
5.428229
5.341410
5.646838
5.549570
5.913669
5.674786
5.558306
5.231213
5.354458
5.178424
4.842834
5.472979
5.182146
5.140245
5.094593
5.562022
5.400456
5.261899
5.215944
5.115281
5.417684
5.338227
5.365917
5.375438
5.581575
5.557963
5.893535
5.646427
5.919554
5.841505
5.848777
5.591034
5.597577
5.610332
5.343631
5.360105
5.672020
5.719705
5.692010
5.486823
5.769820
5.624566
5.647245
5.471159
5.390391
5.251809
5.176655
5.220621
5.358162
5.072404
5.293412
5.047982
5.294630
5.328351
5.480474
5.467938
5.669384
5.484542
5.514928
5.314623
5.347001
5.459205
5.580164
5.259029
5.303014
5.254257
5.224533
5.077867
5.099966
5.368024
5.203986
5.287898
5.491353
5.641653
5.605238
5.841372
5.680943
5.646889
5.661613
5.715356
5.675543
5.688106
5.974995
5.457381
5.621376
5.600899
5.263902
5.687854
5.971091
5.538230
5.695155
5.603491
5.134447
5.169116
4.879134
5.444916
5.377446
5.500972
5.216039
5.390012
5.232718
5.036704
4.884078
5.021135
5.004066
5.330908
5.145138
5.068067
5.375893
5.550173
6.116724
5.935640
5.695019
5.452332
5.510777
5.224754
5.164188
5.754550
5.732141
5.361235
5.292935
5.060186
5.210568
5.354434
5.663894
5.700802
5.815921
5.514632
5.151217
5.299283
5.160275
5.564932
5.581984
5.371495
5.233950
5.478253
5.491118
5.953954
5.903195
5.780184
5.749742
5.456313
5.388433
5.337029
5.188246
5.391873
5.400571
5.284473
5.491107
5.524173
5.651889
5.412112
5.451972
5.593232
5.635839
5.869427
5.794807
5.610486
5.883798
5.589604
5.629523
5.481804
5.139998
5.145479
5.173075
5.279223
5.439726
5.301035
5.332418
5.207349
5.088071
5.158032
5.150601
5.719191
5.550029
5.351792
5.275438
5.377770
5.534760
5.507554
5.644367
5.197408
5.208834
5.229359
5.226792
5.301043
5.278367
5.433088
5.739161
5.536558
5.294552
5.628248
5.572407
5.383570
5.084816
5.264175
5.300575
5.432003
5.467199
5.583822
6.030629
5.596933
5.839510
5.404917
5.505369
5.639228
5.171116
4.936597
5.361657
5.754679
6.082401
5.692226
5.290398
5.078428
4.884986
4.934748
4.963467
5.257012
5.501930
5.268406
5.379200
5.722632
5.158604
5.263129
5.176452
5.044106
5.255178
5.363219
5.679951
5.693413
5.629344
5.713132
5.626138
5.433810
5.560509
5.436896
5.437067
5.390276
5.425021
5.470493
5.908647
5.115816
4.972879
5.279748
5.537905
5.634922
5.484820
5.487079
5.775067
5.554070
5.427277
5.358418
5.440268
5.438333
5.439480
5.454028
5.619420
5.242326
5.443886
4.836604
5.055774
5.585810
5.830988
5.478611
5.066556
5.258607
5.410335
5.528062
5.389585
5.406538
5.652806
5.564888
5.399898
5.415850
5.470587
5.602082
5.413710
5.556040
5.628051
5.626478
5.308688
5.459637
5.797331
5.570230
5.754178
5.420451
5.547353
5.635546
5.356088
5.477291
5.129370
5.109177
5.120522
5.033972
5.376696
5.259252
5.386911
5.752651
5.705963
5.653211
5.848783
5.468216
5.614865
5.374347
5.325585
5.541692
5.131353
5.188270
5.564019
5.571734
5.130139
4.978199
5.440639
5.387186
5.428800
5.222903
5.424230
5.352943
5.366557
5.320185
5.634776
5.875091
5.661278
5.651353
5.290379
5.728515
5.701512
5.658211
5.630101
5.453855
5.536715
5.534848
5.614100
5.490701
5.176563
5.102928
4.714980
4.812961
5.144279
5.264402
5.431867
5.440228
5.382357
5.555901
5.654188
5.614195
5.284814
5.353451
5.474745
5.276743
5.529565
5.293094
5.547830
5.369590
5.849590
5.518192
5.145964
4.976829
5.171268
5.195188
5.544426
5.646554
5.407392
5.326092
5.679120
5.636445
5.829693
5.372405
5.505198
5.297560
5.384553
5.114120
5.330073
4.760993
4.991809
4.751437
4.667829
5.307685
5.483662
5.544849
5.317775
5.317833
5.639902
5.645616
5.287430
5.000789
5.078154
5.196639
5.285620
5.180416
5.262678
5.114789
5.107729
5.035635
5.162240
5.120399
5.170653
5.515075
5.440660
5.325374
5.134083
5.494987
5.267281
5.484436
5.827829
5.886733
5.505471
5.014985
5.085877
5.199416
5.281800
5.147520
5.209353
5.336579
5.522015
6.035220
5.758449
5.519578
5.126644
5.045238
5.212026
5.620717
5.315774
5.144602
5.516152
5.888032
5.395353
5.506378
5.407325
5.347322
5.398069
5.343065
5.250206
5.408184
5.065745
5.095298
5.172276
5.015572
4.926046
4.703293
4.514298
4.879530
5.346224
5.751067
5.676030
5.694990
5.682174
5.692742
5.436016
5.347779
5.439910
5.422403
5.107481
5.116926
5.575707
5.601775
5.402825
5.343581
5.480003
5.603751
5.659291
5.748277
5.905860
5.891369
5.372418
5.199201
5.555306
5.364618
4.989716
4.995645
4.837562
4.918525
4.983824
5.134335
5.161758
5.409451
5.710555
5.751815
5.547823
5.368578
5.506755
5.522809
5.578431
5.660027
5.500998
5.527377
5.129203
5.472821
5.280580
5.209953
4.975855
5.003373
5.329049
5.850398
5.701392
5.198738
5.080418
5.254887
5.358555
5.246903
5.092444
5.359313
5.509977
5.505827
5.650088
5.779454
5.489354
5.266847
5.353803
5.336089
5.285760
5.351023
5.486182
5.649064
5.634847
5.555171
5.623401
5.447919
5.392996
5.708243
5.513494
5.384577
5.277149
5.605322
5.540417
5.296143
5.399445
5.551230
5.476753
5.128575
5.204560
5.042029
5.423424
5.627321
5.541493
5.792868
5.635806
5.460220
5.528016
5.428192
5.526658
4.996813
5.066621
5.128165
4.826593
5.078386
4.911284
4.987927
5.192596
5.299688
5.482176
5.401890
5.518735
5.554281
5.381156
5.352215
5.218207
5.343953
5.099849
5.186412
5.220391
5.524620
5.866574
5.735905
6.171894
5.873667
5.531365
5.732899
5.609851
5.258361
5.288116
5.589019
5.497779
5.309529
5.730061
5.630251
5.909838
5.435089
5.681960
5.522003
5.272887
5.238786
5.164035
5.334391
5.367898
5.423077
5.336229
5.479187
5.775984
5.910605
5.697511
5.593465
5.577605
5.637648
5.657771
5.554295
5.656537
6.172812
5.660356
5.500821
5.333649
5.149233
5.105693
5.312265
5.390095
5.292546
5.433363
5.414516
5.330449
5.196992
5.324918
5.083267
5.154778
5.569511
5.276322
5.564993
5.207388
5.345954
5.281321
5.080407
5.342004
5.372073
5.209082
5.258223
5.587763
5.478936
5.568974
5.581469
6.241808
5.424440
5.879566
5.709612
5.365487
5.575185
5.586972
5.391478
5.446914
5.621295
5.441642
5.689092
5.403365
5.474686
5.464891
5.243692
5.335057
5.436245
5.761294
5.471913
5.106395
4.915705
4.978840
4.969424
5.037161
5.013345
5.220223
5.342120
5.084427
5.354046
5.633791
5.577383
5.486719
5.318024
5.249822
5.334454
5.493703
5.321310
5.367299
5.366599
5.013556
5.189007
5.652921
5.467118
5.890052
5.652302
5.502590
5.530547
5.488923
5.430584
5.659466
5.152437
5.429185
5.202137
5.593125
5.717574
5.848834
5.647053
5.478730
5.314800
5.530579
5.842715
5.453846
5.450052
5.595552
5.483992
5.246193
5.358757
5.245836
5.233085
5.024832
5.385110
5.166710
4.997986
5.064161
5.073439
5.422467
5.585926
5.321644
5.484286
5.514550
5.605277
5.916894
5.839909
5.743745
5.453725
5.399959
5.425319
5.510637
5.542044
5.244336
5.428861
5.294166
4.991331
5.103584
4.850294
5.129155
5.590515
5.675653
5.650484
5.635087
5.262137
5.254760
5.323583
5.323639
4.901891
5.210599
4.959381
4.841991
5.017640
4.943321
5.227693
5.414287
5.665019
5.307416
5.370933
5.121431
5.059423
5.108937
5.629302
5.403854
5.433787
5.668585
5.371914
5.281509
5.181856
5.335455
5.431753
5.387554
5.462497
5.089839
5.094698
5.128795
5.357756
5.368067
5.376495
5.159277
5.276272
4.966429
4.750998
4.911869
4.962762
4.878599
5.772957
5.611730
5.684920
5.907432
5.966218
5.612877
5.513653
5.555994
5.482068
5.665739
5.499508
5.095597
5.269819
5.182882
5.344646
5.397203
5.883836
5.473328
5.438122
5.493745
5.433634
5.618804
5.242753
5.129024
5.292360
5.201438
5.233985
5.395385
5.563387
5.279483
5.325536
5.392092
5.383053
5.320853
5.113179
5.318818
5.048244
5.155792
5.104849
5.224534
5.412302
5.002305
5.090824
5.275429
5.178711
5.401664
5.800071
5.689046
5.515485
5.479059
5.625269
5.647325
5.352402
5.338996
5.403823
5.415186
5.311652
5.370289
5.585295
6.042516
5.250386
5.036015
5.298738
5.636233
5.571933
5.799626
5.618721
5.863807
5.599239
5.381362
5.620880
5.194166
5.199838
5.111882
5.436505
5.315352
5.429248
5.344946
5.129250
5.585892
5.758125
5.738251
5.452212
5.395165
5.309726
5.294709
5.167813
5.519371
5.497888
5.610059
5.678980
5.849414
5.827247
5.576309
5.402056
5.559690
5.618911
5.832651
5.896213
5.866025
5.906571
5.708583
5.761337
5.246514
5.344071
5.701730
5.748812
5.316382
5.415360
5.517372
5.578170
5.337002
5.365540
5.427710
5.355507
5.564567
5.539165
5.385568
5.149270
5.264511
5.827078
5.645673
5.450859
5.239554
5.073299
5.332861
5.213658
5.204812
5.682989
5.433458
5.134982
5.493298
5.653509
5.600815
5.411890
5.345713
5.505516
5.667703
5.506122
5.409702
5.701584
5.942804
6.057550
5.901377
5.407722
5.541436
5.681283
5.498874
5.556001
5.599186
5.501648
5.490415
5.651345
5.521190
5.399877
5.251011
5.353151
5.582481
5.380063
5.536155
5.621231
5.274563
5.644734
5.668393
5.821682
5.685172
5.187231
5.516588
5.595631
5.271927
4.968547
5.335181
5.206543
5.228535
5.095029
5.205828
5.168734
5.166136
5.212527
5.631761
5.631650
5.685646
5.676101
5.386234
5.198181
5.339351
5.502069
5.701608
5.673237
5.673336
5.762305
5.780796
5.253688
5.560488
5.200458
5.273420
5.355765
5.210196
5.553667
5.304911
5.357434
5.348634
5.410744
5.352538
5.299134
5.661688
5.755919
5.724302
5.608817
5.639761
5.778159
5.862117
6.129878
5.821326
5.493948
5.456122
5.273790
5.131303
5.365802
5.274098
5.276604
5.495357
5.154153
4.792380
5.475972
5.526704
5.274850
5.349887
5.782497
5.522974
5.832633
5.807132
5.843600
5.142257
4.945208
5.094054
5.103248
5.253145
5.380091
5.752983
5.277359
5.518202
5.562928
5.480846
5.586061
5.688544
5.647687
5.675088
5.187207
5.167392
5.576338
5.412034
5.148890
4.999079
5.182556
5.283350
5.171212
5.150684
5.474524
4.969684
5.106554
5.132608
5.177727
5.376386
5.506729
5.689280
5.395517
5.572054
5.246712
5.418283
5.098602
4.957331
5.291680
5.014571
5.011188
5.080730
4.910188
5.172638
5.203587
5.284230
5.423410
5.578372
5.691016
5.404041
5.546764
5.504522
5.570785
5.458582
5.671331
5.589677
5.842762
5.687537
5.322113
5.515307
5.311887
5.305504
5.620280
5.604669
5.380025
5.386375
5.642569
5.369831
5.476477
5.595556
5.684173
5.743107
5.681158
5.565903
5.213884
5.054835
5.277197
5.688340
5.732424
5.594446
5.613346
5.699802
5.548972
5.706163
5.503884
5.556544
5.839768
5.776704
5.636183
5.121691
5.521568
5.334575
5.035060
4.986154
5.393557
5.606125
5.629737
5.667092
5.384864
5.292850
5.206392
5.306027
5.184605
5.401390
5.364456
5.396356
5.419161
5.279293
5.131612
5.395682
5.581575
5.286692
5.112261
4.890329
5.415669
5.246500
5.009842
5.238462
5.646683
5.595821
5.577005
5.487836
5.684823
5.466347
5.811383
5.575986
5.708556
5.838755
5.806466
5.560751
5.491716
5.442963
5.661045
5.798931
5.803473
5.300995
5.185554
5.516995
5.322671
5.113149
5.383177
5.334658
5.068469
5.462670
5.764329
5.579269
5.466765
5.410268
5.439878
5.635434
5.397908
5.470061
5.455939
5.252277
5.247405
5.291505
4.673159
5.207381
5.068127
5.222109
5.607980
5.327587
5.491674
5.157365
5.236392
5.111475
5.166839
4.962127
5.376620
5.255680
5.196677
5.103554
5.322412
5.404768
5.166077
5.162833
5.424116
5.350845
5.213851
5.110941
5.451729
5.521761
5.264452
5.263590
5.367674
5.426248
5.485500
5.163930
5.001482
5.033587
5.210627
4.946918
5.162254
5.226844
5.330586
5.348506
5.435422
5.246310
5.420472
5.595826
5.535544
5.588997
5.328876
5.499058
5.632984
5.581033
5.417247
5.742398
5.455967
5.089138
5.480006
5.680818
5.653634
5.742811
5.673559
5.785933
5.471893
5.382364
5.109608
5.059615
5.102595
5.323651
5.575938
5.449972
5.200032
5.371022
5.328876
5.364783
5.339293
5.591536
5.150045
6.007629
5.611497
5.329691
5.325830
5.722243
5.556840
5.453093
5.517304
5.333948
5.392852
5.549095
5.241787
5.328777
5.288919
5.102027
5.244550
5.206121
5.361652
5.283737
5.255819
5.274432
5.100803
5.694462
5.889694
5.676823
5.648992
5.473998
5.609928
5.313071
5.425634
5.484556
5.686277
5.525705
5.105343
5.454968
5.466111
5.586946
5.361969
5.475949
5.399825
5.654862
5.628721
5.416723
5.761061
5.553304
5.613720
5.650646
5.518176
5.282478
5.225098
5.217547
4.948987
5.021771
5.350406
5.142473
5.645446
5.647092
5.446627
5.135283
5.378252
5.319377
4.934022
5.063172
5.302669
5.278268
5.412415
5.281463
5.461824
5.496690
5.221832
5.542960
5.902941
5.778238
5.666676
5.696821
5.365153
5.522360
5.569633
5.217238
5.197590
5.232724
5.002032
5.233992
5.160851
5.577555
5.368062
5.232271
5.376586
5.578666
5.378013
5.522637
5.591733
5.441816
5.448104
5.510200
5.620165
5.826284
5.849330
5.674073
5.254404
5.355925
5.329635
5.119029
4.978301
5.318498
5.183045
5.811705
5.373070
4.998861
5.843396
5.505272
5.696379
5.784614
5.913026
6.070534
5.492494
5.266031
5.507485
5.218669
5.050708
5.333162
5.192032
4.986476
5.064392
5.313321
5.490849
4.954491
4.826701
4.840346
5.370171
4.949695
5.167666
5.071553
5.582713
5.413297
5.165215
5.097291
5.430922
5.324103
5.360629
5.193294
5.480691
5.305053
5.338232
5.210413
4.955885
4.968228
5.143813
4.871629
5.158340
5.105606
5.376575
5.192278
5.162131
5.315882
5.091072
5.150898
5.429249
5.553132
5.876262
5.618572
5.534845
5.541386
5.640780
5.311432
5.400149
5.681397
5.501996
5.724836
5.318913
5.431395
5.771563
4.948416
5.315643
5.051443
5.031555
5.235659
5.393884
5.822509
5.656357
5.252081
5.516853
5.700035
6.142494
6.047091
5.932384
5.917074
5.732436
5.975734
5.585665
5.609304
5.416490
5.234821
5.089923
4.971160
5.139103
5.599299
5.619495
5.384973
5.591046
5.532349
5.787384
5.465982
5.359530
5.209858
5.562875
5.271145
5.079468
5.362401
4.964683
5.122713
5.210222
5.252522
5.366966
5.656771
5.665527
5.390367
5.214920
5.206304
5.269149
5.242361
5.424820
5.319993
5.314702
5.484331
5.375185
5.374137
5.476733
5.570757
5.484142
5.288799
5.247836
5.623762
5.306215
5.442653
5.439740
5.398518
5.355983
5.255527
5.168539
5.459415
5.447279
5.502067
5.450730
5.368583
5.088173
5.020032
5.266002
5.589338
5.610288
5.802061
5.828412
5.388763
5.257666
4.898418
4.878482
5.165740
5.500911
5.279584
5.229478
5.495058
5.247240
5.767327
5.425123
5.783118
5.683198
5.557270
5.587662
5.209781
5.572609
5.399628
5.574622
5.486355
5.248244
5.506949
5.229694
5.356253
5.460195
5.794368
5.557135
5.225298
5.223254
5.495188
5.427605
5.489478
5.435956
5.652244
5.464803
5.691758
4.900311
5.455025
5.316362
5.272359
5.223659
5.448224
5.720355
5.752387
5.702843
5.165668
5.460437
5.425555
5.588778
5.646071
5.314106
5.587172
5.831938
5.564789
5.069129
5.332518
5.522417
5.914792
5.904154
5.830506
5.728429
5.285426
5.156806
5.099707
5.144961
5.291534
4.957583
5.228241
5.323531
5.313017
5.522802
5.604804
5.451387
5.256489
5.392436
5.188222
5.591643
5.334419
5.567953
5.675502
5.646579
5.150986
5.336049
5.257410
5.601358
5.712484
5.682926
5.437016
5.259306
5.311237
5.308896
5.567931
5.224093
5.314192
5.448318
5.376542
5.334440
5.518948
5.614676
5.408470
5.681785
5.557927
5.380087
5.582503
5.326446
5.449324
5.175078
5.078790
5.151726
5.431006
5.428242
5.243105
5.193457
5.555229
5.294678
5.686169
5.550652
5.026309
5.455088
5.349648
5.295230
5.566099
5.471904
5.038607
5.104282
5.499116
5.624492
5.407667
5.305235
5.554422
5.382898
5.705573
5.580231
5.665430
5.550924
5.639817
5.705517
5.816490
5.613685
5.537800
5.721907
5.745085
5.503025
5.393733
5.422975
5.059020
4.817472
4.778480
4.793470
4.896739
5.050126
5.005705
5.042145
5.280468
5.213566
5.343984
5.182681
5.549836
5.379780
5.354216
5.441833
4.966972
5.031171
5.219541
4.934754
5.225889
5.206519
5.429558
5.390842
5.603992
5.443331
5.070507
5.163549
5.295441
5.324786
5.509380
5.042909
5.511237
5.521874
5.765838
5.761820
5.755448
5.702623
5.712496
5.567526
5.225031
5.314815
5.076211
5.246864
5.233762
5.093292
5.188237
5.409269
5.385785
5.608119
5.166882
5.837007
5.923267
5.838714
5.679026
5.699054
5.396565
5.323028
5.346657
5.337442
5.370430
5.617133
5.274856
5.804452
5.784988
5.760555
5.606074
5.394578
5.241823
5.240988
5.468409
5.544214
5.541274
5.447935
5.398061
5.336355
5.206457
5.188729
5.395460
5.299607
5.608877
5.308680
5.328437
5.156838
5.070459
5.545863
5.405835
5.431889
5.116117
5.289493
5.128705
4.865848
5.035015
5.146232
5.143014
5.426736
5.500125
5.393617
5.432895
5.443597
5.421083
5.342580
5.187924
5.497847
5.506291
5.494518
5.367417
5.548922
5.727148
5.524617
5.557560
5.711181
5.342395
5.869969
5.793962
5.365659
5.373875
5.739848
5.648832
5.510366
5.110825
5.200945
5.141286
5.121504
5.394925
5.302960
5.551249
5.091769
5.047030
5.286451
5.212259
5.179983
5.366666
5.269164
5.390849
5.528096
5.558707
5.574019
5.450291
5.824436
5.838348
6.059183
6.289011
5.938292
5.859444
5.862358
5.981569
5.788882
5.425195
5.591461
5.630290
5.665455
5.332625
5.212002
5.287105
5.572796
5.388504
5.116277
5.406590
5.620089
5.514131
5.313172
5.457345
5.302022
5.293161
5.494125
5.633723
5.661773
5.623598
5.592697
5.376830
5.299928
5.875309
5.696547
5.736223
5.704174
5.424508
4.994456
5.078001
5.119662
5.625288
5.315999
5.154002
5.511004
5.357161
5.469468
5.179157
5.173325
5.461328
5.633944
5.656043
5.415805
5.313210
5.458791
5.074406
5.178245
5.343723
5.504047
5.563094
5.435320
5.306313
5.339931
5.260495
5.882187
5.669708
5.350648
5.899856
5.940627
5.784461
5.375395
5.535099
5.639958
5.723398
5.613798
5.246098
5.599281
5.275325
5.551684
5.558182
5.673577
5.829089
5.848702
5.624062
5.632785
5.488061
5.583234
5.463782
5.316375
5.199657
5.205757
5.617622
5.410626
5.326327
5.548484
5.235181
5.357842
5.335143
5.435913
5.610929
5.435094
5.312183
5.215705
5.347119
5.479284
5.127689
5.054106
5.050948
4.802265
5.260489
5.056044
5.259867
5.477450
5.682112
5.545405
5.595765
5.819890
5.673605
5.215093
5.451356
5.565887
5.765955
5.729440
5.573673
5.432647
5.601512
5.306242
5.294265
5.064389
5.121350
5.154637
5.358060
5.573789
5.207127
5.288085
5.529762
5.236379
5.516315
5.454889
5.517187
5.491112
5.084766
5.015901
5.544547
5.612116
5.555325
5.717658
5.542263
5.345581
5.055968
5.372862
4.923701
5.498165
5.644012
5.777615
5.583573
5.419970
5.188128
5.228506
5.566178
5.397274
5.150927
5.552231
5.523018
5.504800
5.493309
5.457421
5.375830
5.368632
5.153338
5.674339
5.560954
5.579431
5.769049
5.973136
5.685892
5.800652
5.750234
5.384691
5.761565
5.786340
5.560767
5.234047
5.508631
5.326101
5.814471
5.437887
5.351530
5.324111
5.455977
5.522728
5.590697
5.617709
5.559305
5.378504
5.535359
5.591359
5.596707
5.234633
5.282758
5.011497
4.996318
5.239937
5.375313
5.870938
5.324606
5.163905
5.332606
5.669415
5.894617
5.804426
5.589509
5.631967
5.440836
5.636334
5.816488
5.839628
5.950021
5.687906
5.569127
5.265963
5.334186
5.413845
5.572044
5.486028
5.268545
5.161030
5.293573
4.997332
5.035342
5.216458
5.441556
5.602648
5.667608
5.241431
4.835919
5.101204
5.235752
5.379254
5.535605
5.199923
5.465737
5.469925
5.486387
5.592384
5.302306
5.354830
5.296538
5.624444
5.618467
5.748215
5.741445
5.761430
5.486681
5.399048
5.454885
5.409065
5.480205
5.541640
5.248080
5.614675
5.502261
5.357704
4.998734
4.933464
5.084376
5.300233
5.141707
5.409099
5.124383
5.245458
5.346397
5.572148
5.651634
5.543387
5.640597
5.315206
5.262345
5.318845
5.516225
5.601920
5.639250
5.480823
5.702002
5.296502
5.294200
5.488544
5.260669
5.340641
5.615764
5.498309
5.688059
5.653215
5.520238
5.381114
5.181740
4.922273
5.192415
5.423411
5.378091
5.355365
5.288753
5.020754
5.191661
5.150145
5.476252
5.391849
5.517780
5.304366
5.308030
5.392557
5.317155
5.260941
5.255612
5.243828
5.509540
5.694971
5.676549
5.678318
5.545644
5.675592
5.383952
5.657209
5.825831
5.526009
5.180863
5.165676
5.312286
5.558064
5.436911
5.435009
5.497002
5.577761
5.362185
5.342941
5.473736
5.300214
5.166494
5.389645
5.175882
4.996994
5.276341
5.573502
5.759246
5.850925
5.553294
5.722920
5.620553
5.569456
5.641206
5.444596
5.579206
5.437388
5.298910
5.265664
5.318029
5.622986
5.749936
5.330614
5.123994
5.414570
5.183896
5.299767
5.313056
5.194864
5.373121
5.298538
5.628032
5.767698
5.829973
5.886534
6.076588
6.066733
5.487031
5.738618
5.926449
5.753745
5.638028
5.302204
6.151622
6.161787
5.900962
5.585014
5.633882
5.204414
5.798812
5.569694
5.416916
5.561947
5.462139
5.765997
5.602396
5.523888
5.485849
5.532353
5.226697
5.535251
5.599857
5.624436
5.359301
5.449288
5.353252
5.622618
5.356362
5.340908
5.348022
5.181783
5.292918
5.220085
5.268735
5.469442
5.498384
5.334092
6.210188
5.954504
5.215424
5.376812
5.615721
5.720797
5.585469
5.830963
5.722350
5.162338
5.543204
5.761019
5.279655
5.281769
5.128386
5.350712
5.235920
5.458541
5.415431
5.326072
5.238316
5.344913
5.361045
5.394021
5.191175
5.503222
5.336285
5.738299
5.740796
5.528801
5.428556
5.345452
5.083613
5.234007
5.217937
5.042584
5.205896
5.101438
5.383378
5.406635
5.619296
5.783032
5.532841
5.836877
5.438316
5.392988
5.293934
5.242036
5.305273
5.246302
5.227753
5.277300
5.530745
5.599411
5.554616
5.908193
5.501965
5.550250
5.480679
5.316383
5.379821
5.334474
5.478296
5.646269
5.674667
5.814260
5.689550
5.429901
5.611504
5.829968
5.406516
5.214154
5.482377
5.358896
5.441936
5.335754
5.007212
5.321498
5.372225
5.652933
5.377889
5.149648
5.565444
5.350225
5.402482
5.369527
5.626324
5.608342
5.469858
5.473605
5.140617
5.599274
5.518954
5.492755
5.065487
5.370404
5.210242
5.162205
5.067420
5.237906
5.341811
5.290901
5.293515
5.401551
4.794406
5.325042
5.290701
5.722141
5.867090
5.749965
5.694692
5.680218
5.703783
5.619864
5.425896
5.488620
5.618107
5.481482
5.505805
5.214797
5.307678
5.394035
5.330784
5.448188
5.153675
4.956046
4.921072
5.085734
4.926013
5.360062
5.494419
5.436074
5.272968
5.206657
5.382125
5.234891
5.362255
5.345516
5.045515
5.274025
4.937010
5.086079
5.178743
5.459761
5.221806
5.511379
5.484491
5.342303
5.122414
5.259682
5.324454
5.226901
5.001373
5.078912
5.254248
5.102968
5.028658
4.980384
5.234256
5.007604
5.592523
5.778271
5.610293
5.218195
5.177562
5.440861
5.574451
5.471933
5.456351
5.309865
5.212054
5.057236
5.354490
5.262955
5.203777
5.207865
5.056483
4.884665
5.074219
4.859269
4.969746
4.939901
5.277276
5.485178
5.288105
5.442116
5.490853
5.906755
5.524465
5.236022
5.555713
5.636078
5.252982
5.472637
5.532027
5.552758
5.647383
5.698537
5.048258
5.455884
5.507041
5.514248
5.432347
5.128288
5.233191
5.059645
5.105744
5.220107
5.037540
5.068712
5.049333
5.156635
5.258228
5.102926
5.291544
5.547151
5.581516
5.481078
5.306870
5.549097
5.479659
5.212836
5.209646
5.218274
5.282370
5.335960
5.354324
5.187110
5.446045
5.517268
5.624236
5.559152
5.286123
5.187274
5.637311
5.811055
5.845492
5.626935
5.540699
5.665708
5.746965
5.126024
5.503834
5.256853
5.407662
5.498254
5.853090
5.471879
5.349745
5.075911
5.045849
5.286826
5.344042
5.309216
5.385916
5.090129
5.261595
5.213552
5.493881
5.503489
5.839530
5.686067
6.003412
5.752447
5.648475
5.878959
5.606042
5.595065
5.339576
5.285445
5.250108
5.476676
5.447117
4.886054
5.288051
5.376226
5.320531
5.616038
5.384334
4.918970
5.228776
5.236824
5.393249
5.870235
5.703558
5.778710
5.522103
5.494819
5.372316
5.612424
5.732266
5.507974
5.466200
5.293841
5.794660
5.633554
5.531289
5.530958
5.274817
5.443708
5.710402
5.517339
5.715649
5.557112
5.455743
5.686353
5.391816
5.384336
5.223068
5.187445
5.245008
5.237412
5.659044
5.331350
5.176601
5.392684
5.508056
5.449117
5.208563
5.312230
5.244310
5.350054
5.287069
5.358931
5.635521
5.963743
5.723047
5.654157
5.724265
5.485530
5.228189
5.236840
5.285932
5.200779
5.472334
5.390993
5.601068
5.857419
5.402499
5.661180
5.702773
5.823083
5.764798
5.745914
5.264395
5.529084
5.707741
5.653083
5.737785
5.513543
5.721184
5.176307
5.067729
5.082181
4.629441
5.156866
5.074112
5.327742
5.250491
5.125478
5.376824
5.567299
5.507397
5.188663
5.375996
5.106638
5.187317
5.332948
5.510455
5.848929
5.434199
5.095034
5.427898
5.220673
5.245569
5.150841
5.287973
5.299595
4.974879
5.376124
5.447627
5.251442
5.062304
4.939818
4.733553
4.964468
5.053818
5.358563
5.340898
5.507897
5.385848
5.668436
5.357985
5.179635
5.048988
5.260753
5.587779
5.488671
5.621877
5.558597
5.616614
5.398418
4.795375
4.946998
5.182249
5.085444
5.761417
5.708341
5.519622
5.576015
5.740919
5.328592
5.305256
5.706959
5.615065
5.408128
5.642446
5.297851
5.135186
4.954323
5.367906
5.446740
5.380340
5.332006
5.130582
5.169565
5.200482
4.895562
5.034356
5.033245
5.552278
5.299474
5.577517
5.704902
5.691190
5.369645
5.179001
5.410248
5.381983
5.418619
5.129083
5.291614
5.019754
5.164655
5.326103
5.363738
5.681466
5.415712
5.301262
5.640927
5.590851
5.571744
5.567313
5.726427
5.128864
5.204362
5.218969
5.388120
5.462388
5.553732
5.240288
5.279242
5.326798
5.385583
5.243176
4.949188
4.852297
4.820811
4.884753
5.315461
5.251821
5.382916
4.939405
5.176693
5.326969
5.295402
5.559477
5.332114
5.116562
5.190395
5.299034
5.291900
5.171022
5.172552
5.417923
5.721860
5.604478
5.692270
5.419043
5.461346
5.580037
5.635447
5.287530
5.498308
5.148938
5.343049
5.369378
5.412566
5.426399
5.570144
5.492526
5.242624
5.305718
5.303432
5.037993
5.363015
5.331874
5.315145
5.341980
5.261286
5.112467
5.536517
5.342186
5.271790
5.310210
5.364633
5.274069
5.312794
5.062490
5.076807
5.292298
5.223780
5.724970
5.515889
5.573062
5.576526
5.316610
5.148750
5.057255
5.274282
5.654649
5.688967
5.190730
5.378935
5.053900
5.237259
5.524407
5.881478
5.666938
5.556254
5.552040
5.575407
5.505457
5.355777
5.493906
5.468007
5.188694
5.271212
5.396531
5.394835
5.314902
5.288705
5.378112
5.517316
5.404360
5.488268
5.413436
5.392947
5.330644
5.349156
5.324483
5.252199
5.214773
5.507506
5.580557
5.697565
5.737937
5.835338
5.777343
5.576512
5.319796
5.159368
5.067069
5.328310
5.662964
5.439513
5.097432
5.010006
5.047367
5.229198
5.768875
5.711323
5.817265
5.611262
5.566979
5.584614
5.412207
4.995792
5.225698
5.274204
5.362779
5.924442
5.715766
5.435944
5.569676
5.374836
5.413538
5.323071
5.277757
5.039301
5.128931
5.175526
5.469433
5.130230
5.329046
5.463468
5.562611
5.573936
5.477412
5.363174
5.447342
5.608180
5.517819
5.495553
5.855163
5.751695
5.820148
5.290768
5.162567
5.414821
5.316818
5.173144
5.501294
5.401842
5.278691
5.331076
5.308460
5.523531
5.796106
5.739156
5.613981
5.679489
5.447678
5.322495
5.244119
5.685416
5.616199
5.703928
5.688323
5.516915
5.421425
5.518569
5.609006
5.436331
5.327847
5.492981
5.626450
5.824439
5.855318
5.458888
5.531181
5.374683
5.426573
5.442425
5.373963
5.410698
5.285350
5.668118
5.755983
5.569290
5.819876
5.425074
5.488145
5.285992
5.290846
5.571755
5.949604
5.594307
5.745129
5.946479
5.865205
5.857937
5.870265
5.418429
5.619049
5.648763
5.533333
5.385373
5.354490
5.579086
5.709719
5.457275
5.270540
5.400638
5.340655
5.259143
5.154411
5.534243
5.534649
5.411692
5.707979
5.263462
5.567880
5.524146
5.404988
5.481662
5.628543
5.620321
5.785405
5.660802
5.515077
5.158859
5.247526
5.511211
5.294961
5.081703
5.020666
5.284579
5.289728
5.201349
5.161415
5.381344
5.351845
5.478645
5.183011
5.274474
5.515279
5.337544
5.400196
5.870509
5.736126
5.547422
5.575723
5.460159
5.416678
5.353608
5.296789
5.386637
5.672419
5.118094
5.160858
5.009629
5.129449
5.187617
5.192384
5.294394
5.143785
5.206951
5.078349
5.196319
5.368454
5.376668
5.270240
5.471131
5.311234
5.010133
5.339393
5.790753
6.042532
5.966933
5.913961
5.984404
5.455693
5.339327
5.015854
5.469740
5.644445
5.617109
5.353064
5.430664
5.750649
5.390867
5.728625
5.552190
5.790087
5.633567
5.594679
5.327778
5.113902
5.225092
5.585594
5.476077
5.845743
5.610923
5.341017
5.802760
5.631640
5.539812
5.419294
5.624346
5.311467
5.599869
5.467131
5.164850
5.200166
5.465815
5.621332
5.493624
5.753335
5.680602
5.804120
5.853923
6.026575
5.709120
5.702488
5.907070
5.785923
5.560873
5.602123
5.641960
5.473563
5.151727
5.634483
5.359235
5.566110
5.585186
5.550764
5.518507
5.094573
5.414133
5.448529
5.703694
5.274320
5.313592
5.505743
5.323586
5.565068
5.276370
5.106895
4.825074
5.076904
4.846603
5.397731
5.504890
5.343363
5.156358
5.293765
5.549360
5.473084
5.404925
5.527719
5.452178
5.776797
5.667467
5.661662
5.657196
5.489726
5.345868
5.679770
5.498067
