5.176943
4.873580
5.266219
5.831909
5.480516
5.235144
5.505118
5.321088
5.514633
5.520298
5.422302
5.561172
5.332606
5.604835
5.380180
5.503714
5.214756
5.531315
5.977999
5.742665
5.605773
5.997356
5.809255
5.371459
5.476070
5.309573
5.312197
4.917176
5.464659
5.407170
5.111178
5.419113
5.510325
5.822334
5.616774
5.611750
5.837761
5.936917
5.522464
5.156734
4.822163
5.377000
5.725588
5.669341
5.270862
5.539761
5.613379
5.677563
5.731835
5.677020
5.932363
5.856041
5.543507
5.504205
5.520721
5.270957
5.422722
5.273456
5.249419
5.238902
5.509818
5.498619
5.730170
5.567909
5.769331
5.989371
5.678161
5.710181
5.633285
5.755110
5.497894
5.471602
5.407238
5.729866
5.679869
6.047431
5.629062
5.621335
5.778598
5.976521
5.711665
5.376527
5.131234
4.766065
4.726571
5.068507
5.373234
5.406384
5.524897
5.399441
5.403133
5.650290
5.675925
5.581746
6.031913
5.602690
5.387523
5.482410
5.077516
4.854921
4.906772
4.979892
5.138669
5.487040
5.621572
5.533144
5.704141
5.221527
5.431385
5.664991
5.734696
5.618169
5.737090
5.679302
5.480561
5.313918
5.505465
5.426008
5.337297
5.559281
5.361839
5.283948
5.235618
5.608533
5.400101
5.775340
5.662537
5.638923
5.562460
5.542812
5.453002
5.039298
5.133823
5.184717
5.494904
5.634052
5.574120
5.594231
5.549748
5.454167
5.801049
5.723986
5.529291
5.398115
5.179445
5.039281
5.263144
5.434365
5.178444
5.328547
5.147631
5.190447
5.383825
5.578001
5.439101
5.655851
5.855426
5.463442
5.420495
5.377223
5.412294
5.332805
5.400297
5.409287
5.200571
5.392300
5.794527
5.784797
5.661227
5.287439
5.306469
5.526493
5.636595
5.628026
5.339817
5.672925
5.118752
4.899567
5.032956
4.770301
4.591751
5.017060
5.277083
5.330279
5.233968
5.827412
5.086050
5.180995
5.042197
5.188816
5.259509
5.624239
5.836437
5.581004
5.343268
5.540518
5.589904
5.525458
5.664839
5.450892
5.373410
5.256736
5.183817
5.553122
5.284598
5.215091
5.712325
5.915365
5.676555
5.729087
5.606583
5.452258
5.641263
5.322924
5.495540
5.604207
5.459345
5.800364
5.858790
5.620521
5.682599
5.235028
5.593905
5.631901
5.920253
5.643182
5.969459
5.757221
5.691527
5.593669
5.736342
5.580205
5.514946
5.931295
6.001442
5.525305
5.573478
5.235157
5.265293
5.336657
5.680700
5.662625
5.591008
5.074712
4.914509
5.152574
5.730490
5.998201
6.230923
5.939070
5.749389
5.520776
5.255627
5.127372
5.317099
5.207368
5.302862
5.538850
5.603300
5.551431
5.275020
5.341903
5.883881
5.660364
5.928655
5.782403
5.775013
5.580385
5.179980
5.582845
5.440315
5.346645
5.251848
5.400001
5.544719
5.518432
5.419655
5.533596
5.253161
5.110512
5.342129
5.121102
5.071730
5.403368
5.129503
5.330196
5.228980
5.565233
5.609691
5.362329
5.457969
5.334930
5.237210
5.082708
5.071059
5.399822
5.138201
5.194521
5.439975
5.308728
5.520866
5.368214
5.366829
5.628775
5.659261
5.391419
5.029946
4.896261
5.321882
5.239041
5.288093
5.800055
5.420708
5.330748
5.097141
5.079689
5.079987
5.207821
5.512777
5.538922
5.296575
5.405825
5.596906
5.508671
5.629518
5.668453
5.717214
5.527923
5.832204
5.675088
5.239828
5.733069
5.445582
5.974794
5.810085
5.621084
5.570527
5.148139
5.269777
5.315057
5.407772
5.475927
4.919756
5.104532
4.834554
4.999727
5.278505
5.041503
5.429447
5.529083
5.439186
5.424865
5.287955
5.209500
5.206468
5.257572
5.002263
5.179584
5.190052
5.126361
5.150137
5.481336
5.330683
5.500376
5.499262
5.074647
5.226213
5.409324
5.525313
5.302052
5.360523
5.399781
5.400315
5.426244
5.369682
5.424561
4.898416
4.963533
5.302096
5.650281
5.429287
5.404985
5.568007
5.631200
5.685049
5.519795
5.542962
5.729095
5.563221
5.345943
5.218843
5.323899
5.191890
5.159027
5.092469
5.179222
5.249896
5.213402
5.327189
5.361397
5.750791
5.652662
5.433348
5.737327
5.768224
5.723257
5.556640
5.700992
6.071250
5.708996
5.227617
5.262858
5.615692
5.462452
5.329651
4.867710
5.223343
5.456409
5.155330
5.284488
5.442938
5.673828
5.458028
5.580892
5.347115
5.135177
4.988047
5.753830
5.848660
5.414381
5.450375
5.488327
5.188699
5.487397
5.612910
5.304600
5.499802
5.393241
5.440114
5.100467
5.268314
5.552988
5.688693
5.630516
5.721427
5.298233
5.420703
5.294807
5.072840
5.526559
5.595101
5.193162
5.202634
5.351678
5.575629
5.330520
5.454379
4.904906
5.134561
5.350150
4.733679
4.844532
5.145632
5.279144
5.233593
4.885491
4.959987
5.353999
5.753425
5.363163
5.468747
5.477973
5.598670
5.791746
5.837760
5.869416
5.978992
5.931516
5.526665
5.924712
5.871699
5.549357
5.677177
5.662690
5.567836
5.435694
5.269639
5.789589
6.077214
5.853071
5.615240
5.274378
5.575974
5.036839
5.361705
5.451409
5.475666
5.195006
5.232429
5.140318
5.417009
5.718987
5.540709
5.314647
5.622079
5.162302
5.432278
5.242506
5.504702
5.261004
5.532174
5.568998
5.198619
5.096480
5.210014
5.420864
5.235806
5.055971
5.113778
5.178978
5.304391
5.537736
5.624343
5.859787
5.914387
5.749903
5.886685
5.687159
5.720943
5.984115
5.799654
5.535764
5.400496
5.348768
5.533611
5.234013
5.125790
5.386147
5.455365
5.844077
5.510689
5.295538
5.081065
5.502293
5.734610
5.959266
5.850792
5.773652
5.546577
5.487885
5.362095
5.389319
5.433965
5.510850
5.348225
5.017882
4.890529
5.466421
5.319449
5.508348
5.467929
5.666009
5.867189
5.538581
5.251402
5.409505
5.173382
5.526735
5.648268
5.502621
5.346584
5.393950
5.602007
5.532787
5.302498
5.179345
5.497581
5.675093
5.604837
5.118686
5.461719
5.930603
6.077511
5.719202
5.683544
5.625086
5.606168
5.645686
5.660626
5.677571
5.571813
6.061867
5.993473
5.499972
5.470638
5.369416
5.370767
5.588829
5.815294
5.345468
5.431915
5.270836
5.536083
5.432168
5.347561
5.369760
5.478671
5.340169
5.093034
5.124724
5.583494
5.510613
5.307132
5.520673
5.812893
5.467033
5.559448
5.271385
5.195545
4.941460
5.289618
5.442493
5.312304
5.027663
5.427886
5.761500
5.717578
5.795721
5.404722
5.462448
5.147291
5.100893
5.148528
5.489421
5.341201
5.756249
5.507800
5.636054
5.813055
5.381483
5.379970
5.679796
5.351884
5.834516
5.870538
5.389440
5.421795
5.149922
4.680282
5.534100
5.419858
5.313704
4.845172
5.026899
5.056290
5.162792
5.197047
5.174756
4.667985
5.156917
5.726433
5.623121
5.563925
5.382954
4.901610
5.320289
5.418000
5.473216
5.445538
5.218125
5.040357
4.934566
5.322209
5.210958
5.318581
5.639256
5.708869
5.654030
5.827026
5.594828
5.507884
5.349990
5.124864
5.521214
5.441294
5.302470
5.562401
5.610858
5.733339
5.391749
5.270963
5.634711
5.991678
5.348770
5.685953
5.560464
5.671016
5.141648
5.328332
5.383060
5.539815
5.218516
5.606439
5.421712
5.491694
5.520612
5.217548
5.241615
5.425925
5.359135
5.339564
5.457334
5.111079
5.130256
5.335425
5.233803
5.351392
5.385449
5.685886
5.960703
5.531634
5.616750
5.584961
5.786149
5.554109
6.012861
5.788573
5.699211
5.600797
5.595747
5.462506
5.566630
5.663690
5.749319
5.724659
5.650751
5.618083
5.501687
5.184326
5.256529
5.401329
5.140209
5.382819
5.101552
5.158191
5.122141
5.407779
5.218752
5.365560
5.253660
5.193132
4.917014
4.997248
5.129823
5.329668
5.618251
5.424331
5.019345
5.288338
5.260354
5.575978
5.651811
5.377192
5.266874
5.159165
5.117907
5.076234
5.102344
4.946583
5.072420
5.283438
5.449527
5.330621
5.462896
5.479096
5.481684
5.168758
5.048102
4.993939
5.368162
5.568139
5.274409
5.405933
5.355243
5.474841
5.162282
5.433756
5.366941
5.266386
5.293692
5.355355
5.532218
5.778041
5.553760
5.369096
5.724107
5.476621
5.402360
5.591208
5.197387
5.439392
5.717506
5.286222
5.680112
5.393574
5.364798
5.131682
5.431805
5.290319
5.357684
5.573875
5.324305
5.420639
5.743921
5.485373
5.337391
5.458632
5.356013
5.157369
5.497160
5.303911
4.969005
5.566183
5.654221
5.476220
5.495632
4.875820
5.035206
5.243451
5.364297
5.634278
5.567379
5.810012
5.383196
5.461811
5.398452
5.161155
5.115888
5.407547
5.208018
5.614280
5.881316
5.740625
5.145497
5.297931
5.266708
5.064448
4.990199
5.131161
5.247735
5.096703
5.315368
5.118211
5.215646
5.249075
5.306155
5.153166
5.326673
5.397084
5.505815
5.386849
5.465694
5.381963
5.952236
5.603320
5.472789
5.916562
6.003416
6.076777
5.713705
5.990962
6.176070
5.591839
5.303419
5.454172
5.294671
5.559484
5.625574
5.590079
6.039864
5.742208
5.997530
6.601378
5.976676
5.836045
5.834260
5.874086
5.696729
5.398818
5.236823
5.512818
5.387156
5.248287
5.533716
5.157584
5.360329
5.054132
5.275002
5.378583
5.444063
5.654376
5.535518
5.324535
5.471410
4.871755
5.057465
5.517027
5.547411
5.572663
5.568380
5.672797
5.429251
5.097253
5.291803
5.342820
5.140896
5.408841
5.385951
5.293385
5.306624
5.592952
5.367988
5.596340
5.634808
5.842389
5.684450
5.386681
5.262454
5.109057
5.180119
5.291023
5.357820
5.455452
5.352775
5.387333
5.232455
5.356968
5.254958
5.470217
5.538961
5.466719
5.824913
5.715946
5.588772
5.354352
5.239019
5.242548
5.255428
5.170844
5.736661
5.699854
5.353216
5.465097
5.493686
5.283559
5.135588
5.465247
5.534645
5.359086
5.313326
5.268450
5.398355
5.036451
5.118039
4.863905
4.933992
5.179959
5.221139
5.069401
5.138717
5.168456
5.089896
5.287337
5.426413
5.091772
5.141343
5.335257
5.235490
5.626746
5.498630
5.580501
5.341431
5.310769
5.346347
5.205909
5.304580
5.629392
5.583611
5.626783
5.514526
5.098647
5.050556
5.104604
5.524622
5.259603
5.240943
5.093631
5.291935
5.516053
5.265110
5.586618
5.622163
5.222938
5.201197
5.170207
5.202934
5.132750
5.121660
5.631712
5.283491
5.288884
5.323582
5.023438
4.941979
4.904633
5.235295
5.213655
5.371975
5.076838
5.424848
5.209201
5.648583
5.197369
5.091951
5.129930
5.272464
5.481806
5.475701
5.148479
5.236203
5.394829
5.443589
5.421277
5.259581
5.541520
5.625243
5.285207
5.358953
5.512595
5.267999
5.349795
5.515198
5.884122
5.723621
6.009553
5.542440
5.985672
5.639604
5.826028
5.488758
5.402276
5.205183
5.411716
5.322988
5.412485
5.467736
5.652873
5.805428
5.396353
5.271308
5.537699
5.648950
5.117675
4.933127
5.073158
5.372954
5.705808
6.068374
5.915027
5.615096
5.507803
5.585601
5.581347
5.213435
5.210040
5.091314
5.328363
5.411958
5.251099
5.251506
5.314694
5.202047
5.107470
5.009289
5.182824
5.345785
5.352565
5.222911
5.491875
5.437587
5.337483
5.405271
5.549739
5.654528
5.694746
5.901709
5.631580
5.847420
5.974157
5.745692
5.203669
5.440661
5.260889
5.118550
5.288846
5.487287
5.557563
5.281394
5.730097
5.705817
5.526606
5.499552
5.335357
5.288415
5.195415
5.228779
5.682982
5.256174
5.262639
5.301319
5.642693
5.440616
5.412992
5.568224
5.500818
5.558182
5.426646
5.693831
5.781540
5.665837
5.463401
5.566385
5.708467
5.718112
5.536786
5.637025
5.543373
5.324718
5.082218
5.097790
5.280215
5.310147
5.112589
5.318998
5.422673
5.599017
5.336956
5.462485
5.313290
5.443456
5.536955
5.113462
5.387838
5.421974
5.274747
5.739069
5.687719
5.346672
5.259669
5.305535
5.281756
5.538614
5.347922
5.588978
5.747686
5.359438
5.389231
5.271177
5.484858
5.394879
5.209354
5.069597
5.096884
4.887165
5.075066
4.894816
5.107699
5.340106
5.530304
5.447950
5.696384
5.339416
5.259418
5.458765
5.519628
5.508304
5.756530
5.465660
5.363884
5.499190
5.254812
5.310595
5.247930
5.246666
5.592445
5.226206
5.334151
5.264534
5.315754
5.240286
5.253547
5.532573
5.538685
5.669927
5.699739
5.499122
5.434903
5.484022
5.474527
5.649705
5.896478
5.398391
5.674592
5.736080
5.570818
5.858852
5.622335
5.693874
6.019061
5.601287
5.755859
5.249142
5.273404
5.366021
5.558535
5.445135
5.260628
5.196020
4.992109
5.445725
5.433746
5.631102
5.763745
5.788585
5.947354
5.996074
5.892337
6.094105
5.723261
5.644392
5.341529
5.282329
5.337129
5.169423
5.520385
5.803406
5.677704
5.587311
5.365148
5.302262
5.236605
5.302672
5.172167
5.303889
5.150561
5.064397
5.312042
5.736605
5.806282
5.590585
5.615422
5.457794
5.486317
5.833955
5.433410
5.422546
5.846625
5.650487
5.451246
5.369352
5.493266
5.303697
5.489858
5.480134
5.120544
5.206452
5.211234
5.353960
5.386058
5.554412
5.698509
5.454942
5.100039
5.458208
5.788751
5.240348
5.254874
5.397709
5.615083
5.309826
5.728741
5.281970
5.717382
5.308682
5.567173
5.635202
5.460506
5.571878
5.302499
5.597754
5.581636
5.274414
5.640564
5.413498
5.396611
5.220796
5.322952
5.410997
5.257725
5.184291
5.131317
5.362134
5.637347
5.745899
5.439434
5.204644
5.535035
5.280218
5.496768
5.472976
5.499179
5.744532
5.567592
5.632187
6.010634
5.654642
5.368107
5.487118
5.533872
5.405842
5.485863
5.087872
5.322896
5.237815
5.254894
5.753025
5.557148
5.225879
5.096122
4.893509
5.131279
5.218030
5.073633
5.043057
4.954058
5.307670
5.262313
5.164052
5.029546
5.520476
5.801168
5.922486
5.914955
5.686533
5.994668
5.365845
5.552961
5.226419
5.509623
5.551903
5.388106
5.178552
5.424906
5.617058
5.483579
5.492310
5.472432
5.537625
5.210623
5.556472
5.420274
5.381417
5.467862
5.384706
5.698573
5.600807
5.401986
5.176824
5.460388
5.455541
5.152972
5.125151
5.240689
5.266217
5.340912
5.447675
5.378010
5.444719
5.537364
5.232908
5.164849
5.416559
5.405299
5.536982
5.724529
5.540930
5.958103
5.847636
5.573139
5.279044
5.542340
5.499093
5.467622
5.793406
5.670897
5.097813
5.633275
5.748255
5.441840
5.766109
5.403646
5.371649
5.554866
5.376264
5.208857
4.841084
5.155291
5.787746
5.101409
5.487322
5.410520
5.310622
5.109050
4.984817
5.265941
5.287826
5.369523
5.504249
5.193364
5.061321
5.078603
5.079199
5.043890
5.010881
5.201448
5.575752
5.494586
5.440057
5.711089
5.840889
5.776519
5.137406
5.319549
5.198726
5.114910
5.140562
5.348468
5.495358
5.384356
5.289450
5.405498
5.653013
5.280072
5.430236
5.737309
5.729778
5.423387
5.570430
5.783555
5.733801
5.624992
5.448352
5.532072
5.617839
5.430392
5.488488
5.235550
5.411056
5.246876
5.524698
5.547107
5.356638
5.510531
5.374385
5.328563
5.336294
5.321675
5.243991
5.418378
5.232907
5.254234
5.345198
5.287018
5.522800
5.709397
5.707375
5.588701
5.653231
5.697814
5.689768
5.897632
5.765152
5.789404
5.666541
6.028885
5.778034
5.845514
6.155657
5.676444
5.656014
4.976903
5.263539
5.486139
5.323016
5.455576
5.550430
5.540657
5.646361
5.702927
5.388533
5.205886
4.896359
5.354308
5.444637
5.654280
5.447246
4.865313
5.286184
5.356035
5.137304
5.488973
5.502008
5.441112
5.366861
5.022546
5.180414
5.826349
5.572852
5.589681
5.293465
5.230354
5.593205
5.789374
5.545897
5.335837
5.723248
5.525574
5.519913
5.714603
5.530998
5.447324
5.673608
5.725048
5.795815
5.954228
5.525290
5.532515
5.510191
5.958702
6.019563
5.836797
5.906917
5.639769
5.975376
5.898972
5.533715
5.404956
5.315631
5.727595
5.984757
5.281736
5.030873
5.477737
5.486006
5.643091
5.534771
5.521312
5.581763
5.734052
5.545612
5.655205
5.254088
5.520113
5.551266
5.502588
5.491703
5.474359
5.371244
5.367709
5.424493
5.439209
5.124054
5.025439
4.785209
4.967313
4.922093
5.480283
5.557536
5.363988
5.356469
5.271061
5.331820
5.431038
5.332327
5.544778
5.759829
5.723644
5.563560
5.810254
5.133971
5.123164
5.330342
5.291843
5.382378
5.300494
5.170204
5.261761
4.988894
5.454684
5.677924
5.372577
5.447515
5.339218
5.435428
5.706166
5.339785
5.147091
5.376986
5.493054
5.778736
5.621012
5.865689
5.509254
5.830553
5.526485
5.377789
5.682409
5.486528
5.501988
5.728834
5.604103
5.525253
5.566301
5.144218
5.087265
5.277719
5.509135
5.345312
5.479002
5.262813
5.539270
5.251955
5.505896
5.055427
5.288756
5.282253
5.250153
5.494041
5.537403
5.259832
5.655699
5.200519
5.630662
5.499625
5.530402
5.481921
5.356773
5.632036
5.273900
5.105980
5.481176
5.533516
5.511581
5.030591
5.179330
5.514884
5.336286
5.590731
5.835090
5.978326
5.712488
5.891707
5.410118
5.488005
5.554859
5.682311
5.753905
5.533290
5.704633
5.566058
5.456393
5.266496
5.298482
5.341723
5.144824
5.185099
5.279496
5.544816
5.416557
5.529017
5.219653
5.121581
5.077465
5.463855
5.554843
5.479765
5.106896
5.258459
5.298377
5.264790
5.315548
5.463418
5.402515
5.420489
5.171734
5.308591
5.491970
5.308520
5.309108
5.318673
5.316824
5.359820
5.360462
5.306007
5.435838
5.682497
5.346202
5.109041
5.438269
5.495391
5.591485
5.218517
5.426581
5.766693
5.742590
5.690211
5.532400
5.490830
5.589342
5.487098
5.389602
4.948185
5.031588
5.292285
4.996913
5.133965
5.065631
5.482355
5.417740
4.907148
4.853735
4.914174
5.375240
5.624912
5.589624
5.728688
5.545518
4.883859
5.130782
5.099046
5.273987
4.915544
4.904884
5.213140
5.252816
5.494200
5.389488
5.274039
5.474559
5.697949
5.834378
5.783253
5.429695
5.388768
5.379316
5.631991
5.502798
5.689603
5.455127
5.357201
5.034927
5.558382
5.435898
5.004003
5.126664
5.220571
5.203330
4.930519
5.171308
5.545717
5.649786
5.582466
5.427408
5.307699
5.699370
5.433804
5.550053
5.386421
5.416300
5.198083
5.185425
5.594869
5.289007
5.528996
5.614896
5.624169
5.680682
5.484698
5.395122
5.227655
5.316263
5.037045
5.234998
5.247544
5.621513
5.550558
5.673665
5.618307
5.383628
5.666015
5.576801
5.380421
5.204732
5.146962
5.023636
5.141270
5.156855
5.099748
5.073567
5.077165
5.266268
5.475174
5.601472
5.620659
5.521950
5.495773
5.448220
5.845797
5.811433
5.727642
5.337027
5.753770
5.332927
5.528526
5.546484
5.411817
5.730016
5.717403
5.717108
5.865345
5.563334
5.443335
5.525952
5.421815
5.581102
5.077776
5.110155
5.300453
5.154165
5.162331
5.696035
5.824007
5.482290
5.511611
5.852736
5.444481
5.418902
5.222577
5.079072
5.067449
5.377504
5.266977
5.089469
5.267638
5.618323
5.531427
5.060650
5.304518
5.454016
5.553694
5.100943
5.469029
5.651909
5.936996
5.765043
5.682596
5.526101
5.498004
5.088792
4.991059
5.051981
5.355888
5.689014
5.697017
5.465475
5.280787
5.264740
5.219751
5.632059
5.337925
6.004561
5.745168
5.381664
5.380501
5.402083
5.376627
5.192151
4.867948
5.232561
5.433757
5.603355
5.741949
6.013909
5.917480
5.509123
5.376074
5.465058
5.498065
5.615721
5.575832
5.313664
5.383427
5.395057
5.711689
5.680113
5.537554
5.578397
5.744220
5.583326
5.720610
5.560668
5.301449
5.258885
5.173347
5.516774
5.186871
5.358826
5.140222
5.558995
5.439119
5.514400
5.471535
5.421702
5.377409
5.251874
5.181433
4.889760
4.952905
4.997939
5.174585
5.242394
5.722863
5.765934
5.877949
5.175383
5.238440
5.472188
5.314129
5.061493
4.995217
4.822207
4.822691
5.288348
5.424720
5.508320
5.666700
5.840873
5.977291
5.557775
5.344253
5.175578
5.743639
5.535552
5.568764
5.998261
5.734141
5.776233
6.082521
5.678878
6.043896
6.012236
5.711970
5.604002
5.578130
5.784034
5.435160
5.560719
5.493286
5.713323
5.604391
5.425920
5.529040
5.250271
5.257176
5.467413
5.261398
5.464075
5.642348
5.766701
5.238910
5.489142
5.298338
5.311741
5.228784
5.667464
5.179886
5.365910
5.510271
5.356600
5.444201
5.512250
5.397592
5.587033
5.638922
5.730050
5.610206
5.664196
5.386018
5.508987
5.238281
5.658769
5.548780
5.650355
5.866096
5.302475
5.460798
5.197081
5.484503
5.116318
5.030650
5.170589
5.321482
5.363473
5.325568
5.249972
5.708470
5.564037
5.167774
5.331074
5.530285
5.256152
5.275423
5.399496
5.321632
5.444343
5.541380
5.249888
5.019151
5.160640
5.207387
5.297234
5.446432
5.457645
5.585933
5.531616
5.584861
5.738278
5.512358
5.237094
5.103720
5.769839
5.529343
5.796483
5.722798
5.621344
5.315655
5.330012
5.675930
6.003107
5.546905
5.060182
5.449833
5.666772
5.767249
5.503859
5.834974
5.924501
5.524471
5.504518
5.691729
5.862636
5.904649
5.390550
5.401237
5.541984
5.269919
5.312507
5.453288
5.582764
5.833425
5.444001
5.557265
5.401813
5.305413
5.210706
5.167900
5.158654
5.332868
5.652974
5.575528
5.207352
5.654294
5.643394
5.369306
5.266455
5.444073
5.461445
5.551398
5.615492
5.481381
5.420856
5.301751
5.766956
5.332523
5.461108
5.575917
5.647728
5.690303
5.517159
5.388360
5.772252
5.475077
5.528001
5.653531
5.671957
5.599782
5.755309
5.765314
5.458040
5.571128
5.236808
5.739158
5.534636
5.475565
5.559768
5.283305
5.326024
5.381135
5.559392
5.207262
5.331253
5.289793
5.467926
5.406275
5.879803
5.486581
5.541888
5.494899
5.483129
5.704153
5.556017
5.794839
5.559715
5.517600
5.379577
5.188120
5.610056
5.430235
5.494087
5.431837
5.667005
5.268588
5.539400
5.885316
6.030237
5.632932
5.711295
5.883732
5.942862
5.634890
5.720653
5.354365
5.137751
5.477157
5.701948
5.669146
5.921116
5.299834
5.357411
5.473627
5.697559
5.444174
5.230803
5.357686
5.382799
5.634619
5.347854
5.394000
5.519820
5.321371
5.683085
5.359614
5.322433
5.241230
5.326176
4.680555
5.724241
5.330909
5.311122
5.220889
4.991105
5.223506
5.585280
5.470511
5.523876
5.420309
5.785897
5.467224
5.522075
5.601737
5.452218
5.331387
5.303708
5.162081
4.970080
5.043032
5.230885
5.144224
5.284709
5.423574
5.396799
5.386038
5.096132
5.293111
5.507806
5.385998
5.768599
5.421934
5.104607
5.178301
5.510593
5.322792
5.346549
5.351677
5.202332
5.325666
5.529427
5.494160
5.409542
5.570635
5.651781
5.446395
5.257275
5.569860
5.346864
5.570500
5.393804
5.410003
5.793600
5.434846
5.479272
5.251597
5.192953
5.351810
5.479932
5.659012
5.425348
5.393979
5.476474
5.155461
5.153241
5.249565
4.967046
5.063568
4.928422
5.166952
5.471212
5.175714
5.287169
5.082748
5.188956
5.418671
5.091754
5.204246
5.181253
5.491429
5.666676
5.377380
5.640929
5.453983
5.466407
5.067136
4.783108
4.949360
5.053544
5.296525
5.224892
5.277539
5.457469
5.318391
5.116019
5.157505
5.132048
5.287300
5.454997
5.263048
5.406822
5.435579
5.357502
5.157621
5.376857
5.472141
5.555778
5.401729
5.491350
5.521432
5.411694
5.382049
5.759745
5.606057
5.440971
5.631602
5.699921
5.401899
5.552957
6.101783
5.827092
5.491246
5.300362
5.694117
5.540381
5.143964
5.209349
5.347699
5.845567
5.889026
5.909623
4.982028
4.993793
5.096423
5.224823
5.351916
5.474991
5.541254
5.550311
5.598933
5.875289
5.927973
5.577142
5.539029
5.538265
5.414732
5.327504
5.796556
5.462368
5.836878
5.182828
5.490620
5.386698
4.882743
5.275560
5.411006
5.218140
5.092894
5.363963
5.184709
5.483081
5.651086
5.332385
5.495912
5.618638
5.641690
5.602266
5.319142
5.274519
5.050680
5.363169
5.321070
5.242524
5.383330
5.279419
4.972705
4.986264
5.344813
5.066490
5.034393
4.955434
5.202458
5.102681
5.586218
5.495958
5.380793
5.671175
5.700118
5.704990
5.690418
5.826839
5.412165
5.184778
5.056938
5.352809
5.629235
5.450333
5.062304
5.193823
5.079424
5.170032
5.440880
5.260182
5.340093
5.194225
5.097652
5.223881
5.209580
4.755989
4.930264
5.318633
5.287844
5.332666
5.437042
5.385152
5.371112
5.265192
5.278257
5.034970
5.357810
5.314390
5.309100
5.171166
5.497889
5.536255
5.606430
5.502376
5.075929
4.862841
5.067866
5.151862
5.406546
4.913487
5.494544
5.289193
5.508766
5.358837
4.951113
5.192584
5.277226
5.379572
5.972220
5.809565
5.767025
5.388531
5.087713
6.077493
5.351830
5.371848
5.616401
5.505807
5.373698
5.617049
5.351361
5.462393
5.657377
5.741444
5.317666
5.278692
5.271869
5.466248
5.822053
5.721535
5.474706
5.466156
5.290892
4.955010
5.085337
5.022065
5.480263
5.274853
5.384449
5.333910
5.217872
5.464117
5.467162
5.334522
5.545131
5.569131
5.448348
5.567688
5.111012
5.386357
5.337067
5.520253
5.281313
5.105157
5.424324
5.689793
5.459210
5.399224
5.075720
5.137122
5.553168
5.995095
5.066644
5.525174
5.726593
5.903027
5.775324
5.803616
5.606295
5.723971
5.394418
5.062003
4.946042
4.750221
5.073130
5.059532
5.073424
5.353895
5.519750
5.518127
5.307047
5.742209
5.230623
5.270195
4.520555
4.696134
4.808903
5.098900
4.934846
5.382375
5.423027
5.327539
5.273707
5.198175
5.068847
5.030553
5.380988
5.544121
5.387143
5.512941
5.376758
5.338080
5.819331
5.604602
5.484352
5.805694
5.746341
5.256736
5.186254
5.342496
5.355617
5.477164
5.844228
5.216649
5.496265
5.327308
5.468385
5.558967
5.311074
5.534736
5.411378
5.688847
5.531193
5.430091
5.427473
5.052137
5.223974
5.407587
5.308132
5.409503
5.509575
5.177372
5.405869
5.222199
5.616664
5.392582
5.212520
5.293116
5.545814
5.660787
5.352579
5.336201
5.338334
5.264052
5.346489
5.434750
5.326973
5.802618
5.612646
5.514823
5.174721
5.079509
5.024923
5.064703
5.190412
5.131857
5.218861
5.613866
5.432194
5.323126
5.199846
5.618417
5.603592
5.778913
5.482696
5.535096
5.464770
5.621330
5.742942
5.583958
5.857752
5.849663
5.739022
5.701891
5.973494
5.921967
5.853326
5.628347
5.646377
5.663293
5.922777
5.763677
5.664424
6.022875
5.924347
5.295083
5.849386
5.509849
5.128320
5.353473
5.508712
5.213904
5.405821
5.662744
5.637353
5.517167
5.331637
5.347473
5.612085
5.371721
5.555619
5.557144
5.475884
5.620675
5.197036
5.745856
5.536626
5.394823
4.973898
5.186897
5.551413
5.606659
5.162746
5.266624
5.713481
5.599006
5.310552
5.155929
5.574969
5.312034
5.437014
5.705531
5.438772
5.754166
5.081319
5.167098
5.058577
5.179701
5.518671
5.686358
5.188868
5.068260
5.423779
4.969265
4.927406
4.895058
5.350012
5.119045
5.284630
5.282775
5.252918
5.276341
5.232840
5.281745
5.126933
4.905167
5.706433
5.611683
5.769220
5.353185
5.203836
5.372935
5.261204
5.531109
5.702882
5.483938
5.535680
5.468152
5.350718
5.589809
5.525261
5.486606
5.550336
5.438949
5.084106
5.013066
5.029056
5.368595
5.189052
5.138345
5.182059
5.155230
5.318458
5.411640
5.319458
5.387885
5.412538
5.522224
5.586739
5.808254
5.860788
6.133353
5.592900
5.574000
5.905659
6.020466
5.874576
5.464044
5.343863
5.454501
5.701764
5.613563
5.521836
5.697981
5.767832
5.737243
5.651222
5.786922
5.569294
5.256153
5.326014
5.494021
5.616016
5.244550
5.324766
5.767320
5.877993
5.593774
4.824372
5.062823
5.371974
5.362051
5.449366
5.516801
5.539350
5.342561
5.299071
5.045605
5.098196
5.057839
4.986430
5.267013
5.324792
5.359285
5.302808
5.408990
5.503597
5.539632
5.322121
5.752595
5.787062
5.620485
4.936451
5.271278
5.368819
5.386213
5.521508
5.505929
5.602278
5.463967
5.376506
5.569756
5.244508
5.507633
5.353589
5.418366
5.357094
5.606848
5.290366
5.444446
5.344397
5.503144
5.742310
5.786692
5.436744
5.438731
5.183298
5.269623
5.396865
5.548266
5.595602
5.789482
6.263966
5.874246
5.796571
5.680360
5.520545
5.424363
5.523337
5.106691
4.949961
5.507123
5.052357
5.076420
5.295537
5.338074
5.386987
5.488920
5.658734
5.511887
5.488236
4.472376
4.763588
5.120477
5.209079
5.389837
5.451162
5.562248
5.246093
5.201233
5.097088
5.019192
5.012682
5.469219
5.450874
5.370772
5.524508
5.240976
5.142390
5.328790
5.526215
5.645713
5.439510
5.439341
5.429295
5.685294
5.369089
5.132711
5.127359
4.996161
5.296743
5.527090
5.474025
5.513938
5.213993
5.107376
5.154287
5.313781
5.341833
5.240021
5.249186
5.016940
5.222101
5.315827
5.724237
6.321465
5.795311
5.508315
5.275335
5.329380
5.577673
4.931863
5.040271
5.078020
5.023400
5.448643
5.427799
5.111274
5.171175
5.359069
5.796052
5.578746
5.287918
4.780455
5.125929
5.360181
5.586037
5.438611
5.355611
5.286289
5.357140
5.806775
5.419773
5.340006
5.669523
5.644345
5.535487
5.499970
5.462274
5.283591
5.367116
5.348694
5.492464
5.847785
5.730919
5.747595
5.686133
6.051430
6.245090
5.582076
5.245355
5.466673
5.305433
5.508068
5.771507
5.317054
5.283423
5.497529
5.649409
5.480365
5.412539
5.330275
5.611028
5.328210
5.382286
5.286424
5.273775
5.201122
5.351890
5.505125
5.367854
5.567847
5.706643
5.477809
5.739341
5.427056
5.371638
5.220794
5.415658
5.530289
5.704705
5.401007
5.528759
5.682923
5.818487
5.657729
5.560430
5.117970
5.601478
5.921803
5.621346
5.315652
5.455981
5.572652
4.987386
5.139077
5.248009
5.282293
5.462349
5.632089
5.559067
5.367142
5.112965
5.294930
5.572623
5.517686
5.359551
5.506180
5.451590
5.622430
5.386350
5.292409
4.989015
5.390000
5.464307
5.705361
5.958099
5.846365
5.463545
5.518693
5.753606
5.764796
5.416811
5.424598
5.306495
4.979690
5.142995
5.159005
5.626459
5.588850
5.642222
5.719447
5.623212
5.659913
5.874713
5.507736
5.264991
5.498695
5.468318
5.264244
5.359401
5.297120
5.306928
5.395146
5.242548
5.416913
5.377485
4.846704
5.052444
5.379698
5.211393
5.181387
5.372470
5.470091
5.393444
5.781183
5.741385
5.809922
5.141280
5.345374
5.530822
5.590607
5.373255
5.547953
5.597674
5.501322
5.448316
5.474675
5.715170
5.432315
5.103158
5.385334
5.663212
5.637734
5.435594
5.463874
5.642084
5.723114
5.653120
5.617795
5.347638
5.030998
5.303164
5.307243
5.354678
5.297694
5.483365
5.783509
5.656435
5.477485
5.250015
5.333687
5.650959
5.358896
5.346520
5.863305
5.878180
5.416624
5.768304
5.766012
5.545120
5.327278
5.488492
5.220461
5.356454
5.382553
5.195060
5.487814
5.581466
5.521112
5.290924
5.425511
5.399491
5.454563
5.547501
5.449516
5.553001
5.135483
5.347800
5.418505
5.198009
5.388586
5.231536
5.043424
5.257833
5.279101
5.403331
5.391234
5.366398
5.335801
5.118407
5.159886
5.530600
5.629008
5.265118
5.000927
5.649372
5.628826
5.798733
5.813046
5.204643
5.434063
5.085220
5.248643
5.303364
5.111501
5.437739
5.299374
5.695910
5.267299
5.394389
5.037244
5.028641
5.191653
5.343833
5.266069
5.382863
4.980754
5.165825
4.624724
5.043282
4.940685
4.999652
4.940033
5.030370
5.074970
5.044391
5.070181
4.879914
4.874262
5.027792
5.207980
5.438698
5.235549
5.121505
5.306184
5.322819
5.480643
5.324944
5.831576
5.561476
5.168433
5.209441
5.751238
5.215350
5.085029
4.936018
5.050019
5.409725
5.474976
5.703589
5.508961
5.744481
5.634290
5.329570
5.186389
5.438053
5.470170
5.463828
5.476168
5.130434
5.414541
5.412154
5.410418
5.270403
5.390422
5.548770
5.598385
5.517119
5.533243
5.503986
5.632255
5.560720
5.525632
5.105115
4.786123
5.037277
5.173472
5.531288
4.797517
5.311747
5.308926
5.399537
5.804669
5.789321
5.279791
5.178201
5.267487
5.191825
5.169177
5.360952
5.554562
5.178004
5.286256
5.358599
5.063163
5.391502
5.058288
5.114148
5.610918
5.710830
5.539342
5.385818
5.411002
5.657777
5.310310
5.707890
5.732573
5.908172
6.041585
5.727057
5.837903
5.837602
5.787624
5.691845
5.518326
5.519654
5.474872
5.337815
5.572933
5.628289
5.669834
5.289005
5.132177
5.226255
5.202361
5.181900
5.372937
5.611467
5.248179
5.343171
5.432452
5.213656
5.088720
5.274038
5.976035
5.786324
5.694816
5.466475
5.583150
5.419115
5.636362
5.290325
5.310917
5.648262
5.282291
5.411804
5.087896
5.296100
5.092547
4.828213
4.805498
5.106226
5.302875
5.175639
5.153397
5.276538
5.266876
5.360628
5.251360
5.308475
5.249183
5.891084
5.674373
5.680499
5.633429
5.736791
5.838772
5.611525
5.606823
5.352618
5.540562
5.689740
5.843309
5.416550
5.822593
5.495807
5.167193
5.341224
5.460424
5.474956
5.338369
5.318480
5.041427
5.682148
5.518134
5.336450
5.252633
5.456258
5.648841
5.800571
5.340225
5.418375
5.537608
5.634381
5.398460
5.204677
5.168769
5.307580
5.551078
5.551949
5.991926
5.811949
5.778614
5.941366
5.734914
5.682255
5.116369
5.141846
5.181916
5.332285
5.498267
5.497545
5.399424
5.235107
4.914557
4.801988
5.090620
5.590878
5.788702
5.384660
5.334511
5.577765
5.382384
5.593218
5.297126
5.094552
5.268338
5.113060
5.148246
5.282608
5.140208
5.116740
5.086072
5.180379
5.394810
5.332297
5.464832
5.443202
5.374411
4.988022
4.961096
5.364531
5.610075
5.868814
5.716507
5.569167
5.365948
5.578022
5.757739
5.211516
5.393030
5.046461
5.262700
5.334480
5.602723
5.313000
5.426827
5.655551
5.335564
5.339807
5.153182
5.337981
5.743378
5.573614
5.338913
5.170913
5.128317
5.169202
5.243538
5.401149
5.402651
5.580451
5.648195
5.646800
5.551837
5.457618
5.532406
5.957668
5.813878
5.669930
5.401144
5.218706
5.657928
5.705398
5.676338
5.427134
5.175395
5.008616
4.941193
4.961952
4.990348
4.908615
5.338900
5.197993
5.041637
5.480728
5.194908
5.134172
5.355765
5.415183
5.173218
5.392339
5.257767
5.769223
5.066575
5.723560
5.468269
5.264183
5.383299
5.458593
5.143938
5.316506
5.915560
5.803234
5.628488
5.646840
5.655697
5.380032
5.225832
5.291248
5.548199
5.784779
5.635038
5.281944
5.391606
4.723328
4.827069
5.207292
5.363712
5.212201
5.264373
5.333553
5.497270
5.493651
5.438877
5.820925
6.022395
5.842807
5.951016
5.406863
4.924509
5.068898
5.146621
5.340135
5.393923
5.580135
5.335555
5.157771
5.108460
5.102464
5.469315
5.247183
5.464602
5.387681
5.636761
5.662012
5.240353
5.566143
5.810557
5.365317
5.242549
5.376272
4.997164
5.128489
5.549958
5.390770
5.223363
5.357749
5.285755
4.728009
5.128344
5.214632
5.180967
5.151858
5.328688
5.078050
5.643099
5.584927
5.749734
5.722797
5.486575
5.255610
5.361093
5.404936
5.546597
5.816390
5.638020
5.710330
5.506529
5.609566
5.596491
5.528390
5.500659
5.488570
5.386696
5.166331
5.127466
4.963966
5.403055
5.386628
5.177095
4.817241
4.876920
5.189441
5.128144
5.125282
5.287748
5.374955
5.408343
5.434250
5.657766
5.790937
5.665112
5.147875
5.074085
5.333074
5.439772
5.348811
5.089990
5.103191
5.201967
5.065008
5.488122
5.357796
5.506462
5.584659
5.558239
5.885088
5.471341
5.378735
5.620121
5.453450
5.264630
5.432856
5.393534
5.282912
4.941679
5.050197
5.175754
5.286920
5.618007
5.291175
5.212273
5.087263
5.042738
4.908132
5.025133
5.337120
5.251508
5.013915
5.137905
4.947075
5.117267
5.344182
5.636144
5.294911
5.832761
5.703986
5.451837
5.719829
5.968680
5.838558
5.592286
5.748954
5.842324
5.550354
5.357482
5.444070
5.420917
5.431467
5.364033
5.513953
5.513315
5.393311
5.356986
4.984439
5.055993
5.712162
5.919668
5.943113
5.612621
5.395296
5.511498
5.498985
5.583224
5.519627
5.482782
5.436696
5.743592
6.095258
5.852475
5.749278
5.883510
5.893064
5.597174
5.458115
5.471161
5.319855
5.076430
4.804828
5.438098
5.354130
5.623212
5.438717
4.839211
5.053439
5.151304
5.345110
5.775962
5.756892
5.569640
5.592205
5.876966
5.631570
5.448924
5.544890
5.542994
5.198551
5.259858
5.156260
5.392721
5.285293
5.673050
5.825473
5.662381
5.583693
5.645779
5.287818
5.486944
5.592531
4.978012
5.594840
5.382836
5.704064
5.284898
5.369694
5.575588
5.165652
5.228766
5.228389
5.583425
5.727715
5.231450
5.221276
5.087909
5.137314
5.262482
5.063013
5.098495
5.177034
5.198131
4.974042
5.596683
5.656813
5.342191
5.262018
5.329460
5.207444
5.603501
5.368831
5.537532
5.389669
5.297882
5.202088
5.384359
5.299973
5.359693
5.474711
5.377303
5.276690
5.303728
5.425292
5.602326
5.306115
5.616279
5.461198
5.580240
5.640343
5.327657
5.225455
5.365287
5.442582
5.336511
5.687459
5.439715
5.464048
5.607761
5.540275
5.671013
5.518102
5.241024
5.298012
5.448710
5.852211
5.632717
5.350721
5.659114
5.292954
5.649503
5.795879
5.293271
5.565756
5.572411
5.487686
5.248533
5.229189
5.441425
5.272669
5.233999
5.253190
5.183497
5.101639
5.515981
5.284777
5.264423
5.689744
5.565259
5.363425
5.574961
5.670431
5.730721
5.705889
5.487662
5.688662
5.662138
5.846604
5.560206
6.011131
5.458555
5.248883
5.269486
5.059062
4.821562
5.145711
5.428149
5.440046
5.619220
5.569498
5.247248
5.408414
5.693332
5.206378
5.374848
5.356264
5.727642
5.706760
5.399009
5.330706
5.388792
5.249495
5.196103
5.520718
5.209203
5.129595
5.337174
5.609271
5.528442
5.547049
5.419276
5.343801
5.350858
5.331332
5.370389
5.745634
5.782089
5.570463
5.694397
5.688822
5.480051
5.552198
5.629041
5.436401
5.396643
5.196434
5.327093
5.575443
5.396785
5.348925
5.410410
5.552177
5.336189
5.450912
5.363691
5.253137
5.657252
5.673852
5.527389
5.356757
5.780151
5.411525
5.445277
5.349290
5.550985
5.350749
5.103983
5.532188
5.490457
5.544885
5.471322
5.315270
5.277252
5.484642
5.349364
5.316597
5.303017
5.850187
5.563070
5.057933
5.121644
4.905242
4.927121
5.238564
5.148827
5.148900
5.277123
5.284426
5.398592
5.461351
5.838385
5.756458
6.282401
5.875486
5.749481
5.710158
5.698020
5.504074
5.396099
5.356969
5.340170
5.450210
5.465257
5.478170
5.577992
5.429779
5.295988
5.344023
5.250342
5.323355
5.481988
5.385628
5.570818
5.549167
5.511344
5.456072
5.440983
5.149561
4.990424
4.915556
5.193914
5.019880
5.098492
5.573263
5.568508
5.402343
5.392129
5.366495
4.953285
5.252266
5.341247
5.478856
5.117774
5.532053
5.583589
5.493284
5.444344
5.697196
5.470417
5.251397
5.310696
5.254195
5.295536
5.122739
5.396707
5.197700
5.405402
5.523342
5.026408
5.532772
5.402586
5.502187
5.070385
5.530533
5.249195
5.005857
4.957079
5.191326
5.244111
5.271783
5.075865
5.335935
5.429851
5.329955
5.131752
5.009373
5.075512
5.371546
5.375527
5.049384
5.314132
5.352043
5.443088
5.126519
5.400522
5.591103
5.631096
5.596073
5.690723
5.940506
5.848650
5.668240
5.588372
6.067574
5.855996
5.863986
5.784790
5.440304
5.360587
5.059761
4.976227
4.820943
5.328118
5.139068
5.185523
5.276568
5.718648
5.726919
5.423360
5.296220
5.288795
5.619307
5.637727
5.857061
5.711694
5.748606
6.112046
5.608750
6.004431
5.869488
5.876759
5.698104
5.578304
5.588127
5.304592
4.996050
4.926214
5.378755
5.568508
5.417774
5.317616
5.291807
5.202334
5.140618
5.203236
5.155773
5.435684
5.208356
5.798265
5.168691
5.231946
5.179684
5.306851
5.222446
5.296491
5.406837
4.982478
5.293686
5.427743
5.463203
5.528297
5.280050
5.332855
5.228880
5.274691
5.359471
5.406845
5.333062
5.541366
5.512526
5.151458
5.487954
5.470952
5.078785
4.865754
5.306815
5.668522
5.354541
5.481747
5.321109
5.283733
5.121675
5.610099
5.377005
5.349646
5.132912
5.398305
5.268121
5.354653
5.808698
5.563872
5.857358
5.982624
5.709345
5.235644
5.212409
5.201987
5.679843
5.539980
5.422197
5.653871
6.018347
6.138181
5.746440
5.380912
5.544134
5.230624
5.222547
4.895701
5.121924
5.386420
5.527187
5.176380
5.354993
5.178962
5.056599
5.090786
5.653355
5.537965
5.458058
5.653268
5.554592
5.639903
5.318125
5.589673
5.810065
5.524486
4.952918
5.056777
5.445950
5.488567
5.303595
5.773438
5.628962
5.543856
5.628367
5.704362
5.411330
5.423020
5.503300
5.666924
5.459738
5.567931
5.558206
5.153342
5.434591
5.376208
5.730916
5.712283
5.585980
5.529530
5.872013
5.139876
5.097058
5.508497
5.289123
5.259514
5.617601
5.824473
5.781306
5.602105
5.659855
5.533416
5.683548
5.690859
5.750551
5.590038
5.699717
5.679958
5.490337
5.518617
5.226608
5.641835
5.474467
5.432806
5.541734
5.416214
5.674120
5.228218
4.914283
5.139100
5.146370
5.348054
5.317334
5.146645
4.807169
4.537098
4.973370
5.120464
5.257045
5.330875
5.144732
5.167311
5.434841
5.590210
5.221206
5.474527
5.187723
5.578342
5.050750
5.278709
5.112868
5.303995
5.207045
5.016987
5.165182
5.394728
5.348201
5.479618
5.399519
5.433880
5.364937
5.265754
5.556426
5.642118
5.352874
5.343886
5.365460
5.740864
5.641354
5.372170
4.909310
5.252036
5.336913
5.347462
5.693018
5.242210
5.626702
5.782101
5.584613
5.487100
5.566165
5.803191
5.240144
5.071284
5.021623
5.405192
5.407179
5.346199
5.202747
4.980714
5.215418
5.328167
5.379797
5.931071
5.832320
5.719135
5.810435
5.524981
5.600535
5.642402
5.473321
5.725614
5.433427
5.288310
5.017393
4.994740
5.061766
5.410363
5.408373
5.360215
5.421977
5.695087
5.807243
5.505381
5.568106
5.457363
5.563879
5.448903
5.575159
5.499625
5.521436
5.577214
5.582731
5.388845
5.221124
5.391548
5.381927
5.248067
5.339122
4.977903
5.297351
5.326929
5.394878
5.323902
5.553755
5.183292
5.189580
5.265157
5.504801
5.617918
5.674320
5.481629
5.392891
5.238807
5.520742
5.323299
5.144579
5.282845
5.345973
5.216287
5.138935
5.517380
5.357923
5.144285
5.544098
5.583848
5.012832
5.045465
5.081639
5.365369
5.517450
5.438610
5.291321
5.790916
5.742310
5.802040
5.030225
5.324187
5.303346
5.362408
5.373860
5.329943
5.534598
5.458010
5.513866
5.252598
5.236598
5.671657
5.689610
5.664180
5.820593
5.944919
5.692700
5.570430
5.005480
5.580640
5.572498
5.179332
5.160473
5.458446
5.190088
5.478620
5.752325
5.286061
5.428821
5.513374
5.932874
5.516492
5.477048
5.633458
5.439492
5.415076
5.290099
5.452459
5.214326
5.636262
5.560325
5.533680
5.648813
5.979810
5.620040
5.574675
5.248500
5.275956
5.278441
5.613492
5.228052
5.306595
5.333245
5.545332
5.438391
5.272755
5.656767
5.494996
5.629269
5.819533
5.715948
5.730587
5.415153
5.022046
5.280599
5.307805
5.428955
5.677428
5.321856
5.838616
5.375154
5.676172
5.401735
5.406264
5.386359
5.786102
5.583369
5.464979
5.536086
5.772570
6.051110
6.063699
5.599845
5.159521
5.233736
5.272679
5.254601
5.412264
5.211151
5.141763
5.151905
5.389571
5.210920
5.224077
5.166420
5.328822
5.300077
5.351949
5.267915
5.390784
5.177220
5.336799
5.076541
4.911732
5.217565
5.212402
5.398524
5.472428
4.916143
5.321699
5.567374
5.518281
5.508039
5.573864
5.434641
5.347547
5.587989
5.561857
5.440324
5.273095
5.557729
5.431720
5.458992
5.388759
5.697435
5.921449
5.911151
5.571137
5.527983
5.294922
4.983383
5.309194
4.925794
5.087253
4.990617
4.900769
4.954300
5.535596
5.713629
5.995478
5.690387
5.648717
5.244205
5.011859
5.066021
5.179575
5.342554
5.482806
5.400039
5.988105
5.794963
5.622200
5.850871
5.511175
5.476571
5.202867
5.414016
5.700383
5.567607
5.669663
5.292442
5.825799
5.028164
4.984847
5.099748
5.071643
4.884933
4.728893
4.921554
5.401878
5.456523
5.532036
5.326340
5.261258
5.211021
5.106912
5.354946
5.179129
5.660651
5.554300
5.737365
5.213884
5.277339
5.582673
5.498696
5.402183
5.490850
5.217574
5.304648
5.270425
5.415227
5.308365
5.048948
5.307657
5.346709
5.079126
5.221977
5.109721
4.951288
5.137339
5.164206
4.945414
4.955177
5.144077
5.126397
5.560896
5.408681
5.720574
6.018184
6.059315
5.827421
5.689977
5.535936
5.709669
5.633620
6.098569
5.856813
5.715697
5.600096
6.157734
5.963900
5.963139
5.820590
5.475100
5.644095
5.110255
5.390512
5.437228
5.296271
5.289985
5.559234
5.413902
5.271497
5.371584
5.323526
5.513132
5.344966
5.333595
5.746712
5.723066
5.617716
5.501246
5.176437
5.152251
5.417332
5.284608
5.564267
5.479375
5.547075
5.633087
5.681407
5.513354
5.354937
5.439276
5.388074
5.338584
5.449767
5.611192
5.711696
5.607400
5.718908
5.930627
5.896727
5.730975
5.531226
5.544559
5.471888
5.664922
5.433323
5.654338
5.239922
5.600999
5.717996
5.686205
5.682681
5.595660
5.544300
5.613946
5.356208
5.658162
5.475943
5.559827
5.239156
5.380934
5.717117
5.926516
5.546575
5.538674
5.396392
5.448913
5.581616
5.526251
5.524354
5.435982
5.599461
5.539300
5.351412
5.292430
5.708429
5.512011
5.729833
5.271281
5.341850
5.235869
5.227652
5.684758
5.611325
6.052161
6.177786
6.123069
5.689587
5.392486
5.537046
5.557227
5.947666
5.533610
5.399712
5.537146
5.282299
5.575843
5.361101
5.113157
5.339527
5.461372
5.390972
5.413572
5.310110
5.368168
5.134743
5.225141
5.316849
5.305475
5.372674
5.231123
5.285418
5.085219
4.944936
5.370005
5.654806
5.583244
5.722485
5.811093
5.478231
5.249211
5.403610
5.553661
5.219736
5.406631
5.413322
5.457299
5.290290
5.670313
5.574396
5.796088
5.616511
5.327005
5.319654
5.407535
5.264313
5.062444
5.601808
5.560911
5.364534
5.518213
5.164420
5.317488
5.462432
5.435130
5.234616
5.383904
5.182090
5.353170
5.265010
5.350220
5.499289
5.558282
5.654336
5.449669
5.839832
5.888604
5.662449
5.069530
5.545807
5.378926
5.256170
5.023773
5.255738
5.382058
5.366893
5.185190
4.956428
5.253961
5.301503
4.951443
5.183818
5.109538
5.506200
5.304975
5.489822
5.067773
5.809782
5.418058
5.400529
5.248024
5.489826
5.493780
5.328369
5.343004
5.347786
5.385283
5.276415
5.452798
5.440530
5.666470
5.439975
5.194305
5.434168
5.340076
5.553936
5.221940
4.903769
5.100595
5.577138
5.452514
5.356049
5.770036
5.694001
5.207352
5.557396
5.694335
5.468161
5.478910
5.441574
5.524976
5.117135
5.145795
5.120629
5.163121
5.119451
5.137197
5.388146
5.069467
5.604344
5.473811
5.343910
5.788822
5.364027
5.147526
5.183859
5.321686
5.415956
5.604215
5.582419
5.334466
5.456243
5.696925
5.764639
5.911887
5.527284
5.239525
5.143694
5.205331
5.248356
5.262521
5.351975
5.194569
5.388136
5.370077
5.496239
5.238797
5.239599
5.782149
5.445862
5.603564
5.569233
5.518175
5.348417
5.518315
5.418699
5.614627
5.611613
5.682593
5.491489
5.415071
5.122205
5.508850
5.266539
4.959463
4.847412
5.020464
4.863037
5.134045
5.563362
5.669900
5.392680
5.379744
5.466587
5.725028
5.659201
5.632797
5.104743
5.189921
5.593323
5.724890
5.348560
5.383021
5.432760
5.376538
5.468381
5.343342
5.583746
5.360357
5.168594
5.477303
5.279691
5.542506
5.306596
5.765947
5.728948
5.250756
5.280624
5.397419
5.772438
5.659579
5.668657
5.472873
5.161910
5.353863
5.642114
5.227172
5.483412
5.170904
5.532980
5.686651
5.868056
5.912560
5.702952
5.516533
5.287495
5.446525
5.543193
5.349708
5.284987
5.552320
5.407976
5.357075
5.510433
5.312294
5.387601
5.159225
5.160790
5.435652
5.186148
5.316630
5.378492
5.176728
5.433890
5.373960
5.252507
5.422645
5.546512
5.525494
5.243403
5.136919
5.189526
5.415967
5.072697
5.768904
5.754041
5.803269
5.494661
5.563733
5.647293
5.544444
5.299154
5.072683
5.317057
5.720096
5.334410
5.361909
5.626671
5.534270
5.608312
5.817373
5.343666
5.596191
5.246434
5.534404
5.287113
5.411879
5.180046
5.095514
5.432390
5.508448
5.551715
5.510199
5.817880
5.724741
5.623498
5.388273
5.457466
5.045970
5.222150
5.453022
5.728741
5.371452
5.320569
5.265963
5.653516
5.534479
5.772427
5.837784
5.332767
5.475159
5.565059
5.169541
5.313007
5.165721
5.130867
5.652082
5.425506
5.235057
5.298272
5.509530
5.595542
5.495957
5.260152
5.155526
5.333980
5.241412
5.528000
5.229914
5.228356
5.948033
5.478013
5.413011
5.382763
5.498738
5.360520
5.348603
5.503343
5.485136
5.251568
5.184676
4.957051
5.327795
5.659462
5.399203
5.266724
5.705095
5.614394
5.615468
5.564151
5.342759
5.278726
5.116577
5.377297
5.260416
5.250793
5.212773
5.275632
5.858415
5.510903
5.599578
5.329495
5.259949
5.100428
5.310489
5.299393
5.583187
5.463750
5.491731
5.171609
5.324450
5.171361
5.099500
5.089580
4.799512
4.720621
4.893248
5.093711
5.215030
5.485187
5.588485
5.856891
5.840551
5.918930
5.749951
5.742751
5.631218
5.439483
5.550099
5.707496
5.471029
5.343552
5.578332
5.695793
5.400040
5.562930
5.795857
5.773542
5.615707
5.387554
5.442440
5.351466
5.263560
5.543197
5.584825
5.773098
5.567253
5.231487
4.994786
5.352858
5.198885
5.589040
5.789206
5.711859
5.585118
5.623164
5.392624
5.352241
5.303719
5.432493
5.237385
5.426190
5.551531
5.507102
5.157423
5.162681
5.000616
5.121688
5.290664
5.421331
5.644183
5.523408
5.637946
5.883783
5.330080
5.548722
5.533118
5.694759
5.572698
5.388149
5.413345
5.574888
5.445795
5.577271
5.612424
5.411449
4.996858
5.330538
5.378986
5.506927
5.571265
5.438151
5.544990
5.492620
5.487693
5.711024
5.746136
5.751584
5.415752
5.627913
5.733449
5.850442
5.527509
5.570776
5.617592
5.724834
5.718175
5.781266
5.566334
5.357898
5.375598
5.184780
5.143695
5.280518
5.433959
5.547101
5.034535
4.995363
5.171273
5.554853
5.480046
5.268204
5.553471
5.396995
5.614852
5.477267
5.434710
5.894865
5.568018
5.484709
5.411713
5.556475
5.900365
5.559053
5.209329
5.185445
5.361811
5.263289
5.113796
5.468883
5.432067
5.774469
5.577844
5.585788
5.468909
5.393915
5.740271
5.893208
5.444940
5.468915
5.778039
5.890590
5.926621
5.270044
5.476278
5.405595
5.326976
5.109745
5.307458
5.405473
5.427599
5.570710
5.487317
5.272918
5.601794
5.374000
5.456316
5.319576
5.349540
5.215034
5.367757
4.905314
5.026737
4.862937
5.193420
5.271179
5.266719
5.602070
5.767232
5.862734
5.479132
5.714153
5.617218
5.766729
5.311656
5.322279
5.093782
5.128313
5.477780
5.189829
5.199169
5.893129
5.622099
5.781609
5.640951
5.438339
5.731518
5.537592
5.285175
5.307891
5.264681
5.318243
5.390940
5.367431
5.348985
5.504489
5.492178
5.794537
5.451040
5.318114
5.031931
5.236404
5.237939
5.383449
5.295562
5.147644
5.334160
5.591157
5.675285
5.139826
5.079549
5.155790
5.058498
5.255362
4.970495
5.271182
5.462686
5.585057
5.479509
5.247208
5.445050
5.331156
5.301419
5.181169
5.472705
5.546624
5.443071
4.998620
5.504832
5.216197
5.438554
5.267861
5.219621
5.289182
5.464917
5.351407
5.255377
5.257832
5.395650
5.538410
5.424479
5.368907
5.326738
5.176075
5.535125
5.322162
5.172957
5.194648
5.869978
5.551463
5.280383
5.191403
5.829028
5.391325
5.465710
5.836496
5.800988
5.842646
5.555058
5.599037
5.575235
5.322753
5.455281
5.475410
5.190340
5.445466
5.174393
5.376149
5.797425
5.754288
5.855281
5.902483
6.060651
5.749571
5.913543
5.510925
5.537629
5.435366
5.634802
5.457145
5.180500
5.015536
5.292124
5.316405
5.312258
5.427141
5.166714
5.442245
5.827760
5.472892
5.225884
5.467565
5.320565
5.409517
5.600936
5.386554
4.822458
5.103834
5.252622
5.379958
5.426756
5.588651
5.634164
5.666643
5.263254
5.502707
5.220251
5.212298
5.388089
5.585577
5.213128
5.577019
5.551994
5.341430
5.046676
5.199648
5.412378
5.503976
5.693920
5.643815
5.761624
5.653594
5.603772
5.755965
5.899297
5.696090
5.810160
5.659983
5.395741
5.197639
5.536241
5.213965
4.860947
4.970956
5.115534
5.276375
5.739073
5.571841
5.259887
5.446834
5.260148
5.082177
4.859652
4.827750
5.188115
5.689491
5.678125
5.807906
5.646773
5.610626
5.290075
5.438942
5.132859
5.265703
5.215427
5.313731
5.325911
5.339163
5.571975
5.328073
5.368873
5.661944
5.246338
5.352377
5.165572
5.293199
5.017087
5.061249
5.238367
5.388208
5.905366
5.674627
5.562310
5.968149
5.821067
5.827235
5.675355
5.557047
5.569683
5.493633
5.464717
5.675611
5.509897
5.471206
5.473214
5.121612
5.274261
5.265531
5.188209
5.365625
5.587313
5.552723
5.311092
5.016818
4.944844
5.138828
5.593402
5.447551
5.444779
5.223986
5.294928
5.108451
5.051884
4.942397
4.992722
5.063307
5.092077
5.312662
5.162708
4.996316
5.399980
5.054882
5.103622
5.119873
5.244728
5.238285
5.445273
5.338306
5.381850
5.411455
5.211200
5.147125
4.771342
5.007423
5.274794
5.175389
5.414937
5.267663
5.565450
5.748131
5.367195
5.239668
5.169528
4.742980
4.582758
4.770924
5.066915
5.282624
5.209573
5.602770
5.296105
5.521835
5.754569
5.876220
5.847094
5.410679
5.849327
5.717811
5.595571
5.320965
5.495012
5.409071
5.823497
5.698750
5.417564
5.340131
5.286737
5.280661
5.021024
5.626196
6.041146
5.443867
5.242242
5.331857
5.573527
5.611757
5.736458
5.918712
5.659086
5.315695
5.664882
5.763079
5.675574
5.736202
5.458841
5.559397
5.447412
5.631276
5.541829
5.774070
5.143262
5.433499
5.615967
5.730883
5.553478
4.891748
4.890991
5.106095
5.285178
5.333246
5.580829
5.546380
5.370864
5.438449
5.699967
5.581511
5.612698
5.710380
5.690286
5.327876
5.292088
5.048847
5.314211
5.419809
5.215800
5.214808
5.693016
5.445062
5.900342
5.842608
5.893438
5.484793
5.244812
5.704250
5.785741
5.736361
5.275676
5.662601
5.570656
5.315261
5.128866
5.421313
5.397649
5.253229
5.376806
5.153717
5.129073
5.277422
5.492975
4.995560
5.062380
5.279473
5.479704
5.320315
5.838088
5.563018
5.609277
5.536582
5.887125
5.641078
5.417055
5.411935
5.219412
5.529317
5.422537
5.545622
5.659950
5.622295
5.515823
5.607802
5.295648
5.161572
4.938537
5.156107
5.305951
5.473428
5.582849
5.338225
5.327367
4.949812
4.943641
4.788734
5.040697
5.125021
4.970702
5.240202
5.220828
5.424866
5.345664
5.396817
5.024094
5.396194
5.217982
5.406774
5.269737
5.697123
5.743548
5.486090
5.392494
5.592301
5.907750
5.658289
5.715846
5.769461
5.582409
5.370459
5.416761
5.909138
5.866036
5.459004
5.540086
5.739096
5.799603
5.706937
6.041494
5.725795
5.852124
6.154916
5.792789
5.395236
5.406259
5.519986
5.581103
5.445852
5.199337
5.293508
5.239000
5.429254
5.473550
5.569393
5.510267
5.902327
5.387248
5.572877
5.515174
5.547984
5.790460
5.719654
5.711727
5.834544
5.857328
5.549081
5.331155
5.076656
5.102666
5.481299
5.312854
5.426861
5.584301
5.320919
5.244935
5.365635
5.319141
5.497314
5.489689
5.639264
5.461358
5.592008
5.552781
5.305748
4.852599
4.997309
5.353691
5.725831
5.612646
5.406292
5.155871
5.333105
5.462299
5.798301
5.265546
5.417370
5.449619
5.349995
5.146936
5.551742
5.209487
5.567211
5.085253
5.369567
5.418495
5.444982
5.561233
5.645352
5.654558
5.407631
5.419544
5.309507
5.461796
5.536830
5.622926
5.261968
5.123542
5.178470
5.116909
5.467351
5.401993
5.098902
5.311224
5.246301
5.707446
5.276181
5.367673
5.528760
5.315083
5.441096
5.450229
5.852070
5.498547
5.399097
5.443893
5.600230
5.588148
5.498981
5.202796
4.934578
5.016270
5.059772
5.903509
5.733245
5.816023
5.707415
5.601984
5.095669
5.206382
5.244624
5.520620
5.062311
5.304657
5.201885
5.338996
5.168949
5.382739
5.204186
4.990480
5.147073
5.486882
5.599205
5.939991
5.270605
5.364148
5.541935
5.623482
5.797174
5.525189
5.617773
5.546213
5.807402
5.739379
5.715643
5.867258
5.972887
5.848796
5.985935
5.721847
5.443773
5.696085
5.611612
5.552337
5.582012
5.480418
5.157395
5.539683
5.313288
5.030952
4.612631
4.932606
5.044056
4.955544
5.121133
5.001314
5.475342
5.645638
6.165085
5.810462
5.427098
5.832521
5.986735
6.255157
5.901391
5.646139
5.983936
5.936207
5.675989
5.645041
5.669064
5.673858
5.934765
5.517450
5.601265
5.160919
4.895892
4.931133
5.087211
5.593657
5.475456
5.282258
5.465677
5.729318
5.812316
5.250401
5.297740
5.568425
5.518030
5.660138
5.676319
5.616139
5.446118
5.254278
5.882014
5.713946
5.438136
5.458619
5.141081
5.226720
5.169059
5.613928
5.387049
5.587925
5.520451
5.465567
5.585490
5.349651
5.305661
5.405749
5.284707
5.326098
5.051709
5.189200
5.539800
5.411741
5.652699
5.550133
5.722311
5.781287
5.788581
5.807688
5.602604
5.753075
5.581104
5.184807
5.352485
5.452631
5.464073
5.472914
5.785239
5.624903
5.744153
5.653162
5.573424
5.368119
5.245159
5.520842
5.356912
5.247530
4.814452
4.744196
5.513963
5.397016
5.286441
5.307688
5.489734
5.692720
5.744950
5.565888
5.696236
5.375185
5.291003
5.151978
5.441150
5.111126
5.292486
5.250424
4.957644
5.200641
5.272905
5.086986
5.551326
5.395705
5.661811
6.025057
6.028555
5.677350
5.338230
5.143294
5.624182
5.257916
5.306488
5.151554
5.602500
5.438855
5.407393
6.029587
5.953745
5.921208
5.526166
5.454676
5.323618
5.405021
5.223089
5.193964
5.497076
5.412242
5.352493
5.230399
4.965957
5.093700
5.297770
5.172498
5.163302
5.188595
5.196532
5.349501
5.421411
5.633811
5.540370
5.361663
5.476285
5.820278
5.899229
5.540690
5.447274
5.170620
5.535860
5.198674
5.573754
5.815007
5.233857
4.964590
5.474617
5.373055
5.521745
5.693714
5.693969
5.449900
5.345212
5.648681
5.336950
5.270374
5.494099
5.394176
5.286019
5.320959
5.538921
5.698225
5.687692
5.639374
5.670235
5.416830
5.599963
5.729656
5.541970
5.458817
5.488411
5.609886
5.567549
5.492251
5.770647
5.934888
5.297539
5.145354
5.209884
5.243746
5.273020
5.599280
5.592892
5.409831
5.318218
5.203861
4.729469
5.181705
5.333435
5.513679
5.514091
5.521275
5.624601
5.510664
5.465613
5.686714
5.622516
5.433485
4.744380
4.959966
4.979249
5.114737
5.149253
5.387590
5.221516
5.344771
5.209366
5.288216
5.186094
5.504671
5.638157
5.670935
5.104803
5.158445
5.220791
5.496114
5.580098
5.266215
5.190666
5.330374
5.360941
5.696642
5.558258
5.479642
5.083444
5.522540
5.311784
5.093866
4.715128
4.982409
5.125879
5.165325
5.437647
5.087975
5.469796
5.655345
5.674084
5.508890
5.371681
5.606428
5.452174
5.583519
5.454925
5.350553
5.487166
5.765713
5.328761
5.274033
5.194158
5.096371
5.310075
5.421413
5.547339
5.366592
5.273830
5.422631
5.640420
5.877815
5.823537
5.777694
5.552608
5.628015
5.533947
5.784676
5.646845
5.350865
5.499861
5.523272
5.583473
5.619657
5.610985
5.544126
5.747852
5.618525
5.513611
5.577791
5.354384
4.942435
5.301035
5.674587
5.658874
5.641730
5.872337
5.897221
5.942059
5.626406
5.756823
5.753628
5.261550
5.413004
5.173517
4.809339
4.937650
5.259857
5.403076
5.381285
5.135659
5.124064
5.756755
5.444854
5.377712
5.224421
4.927416
5.307337
5.379791
5.421681
5.607593
5.933978
5.755555
6.017536
5.659158
5.371402
5.451718
5.591959
5.581163
5.818868
5.225810
5.041089
5.079938
5.028905
5.600700
5.244931
5.683785
5.448971
5.630555
5.289532
5.310644
5.362645
5.529140
5.359271
5.610038
5.542562
5.167198
5.242390
5.449937
5.362969
5.672531
5.821956
5.719201
5.636632
4.997384
5.377113
5.353637
5.257110
5.211620
5.357088
5.412965
5.535620
5.119902
5.077004
5.055688
4.962490
5.187574
5.142837
5.152262
5.182155
5.308337
5.263197
5.109026
5.013720
5.198844
5.465361
5.454243
5.701545
5.949742
5.525101
5.339767
5.608145
5.418569
5.804823
5.575345
5.489533
5.567419
5.452104
5.479719
5.714192
5.641703
5.564614
5.696681
5.413046
5.539267
5.374926
5.866372
5.632186
5.869513
5.778878
5.338711
5.352958
5.536638
5.356811
5.212077
4.979590
5.155447
5.505353
5.607278
5.923354
5.716416
5.737639
5.637269
5.741656
5.640763
5.529320
5.566162
5.652785
5.402917
5.413586
5.260289
5.977534
5.927205
5.645143
5.407227
5.472564
5.348482
5.094852
5.159565
5.093895
5.441020
5.311310
4.922898
5.389769
5.097304
5.084221
5.268985
5.562292
5.448055
5.591623
5.735644
5.360458
5.310748
5.507531
5.529323
5.316779
5.555237
5.295748
5.512646
5.319250
5.570121
5.666893
5.068420
4.992427
5.401547
5.353400
5.273066
5.059828
5.271784
5.380624
5.290232
5.488315
5.621131
5.529722
5.489749
5.600402
5.411392
5.375544
5.514531
5.684409
5.513497
5.663198
5.291138
5.037595
5.147389
5.124327
5.251974
5.584472
5.416660
5.423996
5.396781
5.669752
5.620319
5.412955
5.322793
5.417831
5.718210
5.547222
5.462638
5.552675
5.494240
5.269790
5.380297
5.559097
5.930197
5.768750
5.721579
5.923078
5.836530
5.816731
5.581918
5.301104
5.370219
5.289751
5.589098
5.005676
4.727454
4.802123
4.869530
5.050648
5.414177
5.401126
5.309606
5.240670
5.031421
5.212031
5.144044
5.073738
5.168137
5.289390
5.270050
5.130259
5.684052
5.703075
5.595260
5.320549
5.455078
5.524055
5.620161
5.584600
5.711027
5.512401
5.702141
5.640354
5.585157
5.479689
5.304753
4.992145
5.474882
5.705373
5.603545
5.728898
5.801271
5.878836
5.674626
5.674066
5.790551
6.081704
5.640724
5.886698
5.395142
4.852821
4.914848
5.048209
5.060008
5.374043
5.481555
5.286671
5.419482
5.337780
5.304617
5.646403
5.479557
5.464194
5.644322
5.548890
5.573592
5.328285
5.107581
5.208410
5.345419
5.220775
5.314088
5.082347
5.352092
5.647841
5.542280
5.383872
5.522365
5.279846
5.463111
5.552735
5.536207
5.785950
5.778105
5.839839
5.557325
5.529948
5.543569
5.318310
5.373697
5.222811
5.182221
5.195855
5.155561
4.789112
5.113852
4.958793
5.580881
5.536064
5.253026
5.520338
5.277526
5.406658
5.515227
5.564799
5.590764
5.633658
5.564484
6.021860
5.530149
5.775094
5.901042
5.758696
5.640551
5.488832
5.322922
5.364843
5.376048
5.633538
5.876680
5.497178
5.506225
5.743564
5.825064
5.749935
5.924717
5.754326
5.624934
5.877468
5.311374
5.330194
5.309046
5.256505
5.301964
5.289509
5.386734
5.255775
5.297486
4.661185
5.016656
5.155394
5.091071
5.293433
5.669278
5.577768
5.376991
5.695821
5.497339
5.544052
5.731083
5.823792
5.437197
5.438768
5.251379
5.664493
5.348872
5.114345
5.292567
5.691378
5.520610
5.982605
5.676354
5.879017
5.899910
5.607976
5.949495
5.490887
5.518158
5.091790
5.233542
5.207025
5.196701
5.031972
5.382542
5.221678
5.323283
5.290339
5.156671
5.311744
5.116886
5.009308
5.301504
5.055984
5.320432
5.517453
5.575157
5.371136
5.386902
5.702350
5.653609
5.786188
5.808855
5.821693
5.770095
5.673153
5.253739
5.542782
5.407021
5.242817
5.184213
5.003145
4.992984
5.616442
5.407192
5.328466
5.191909
5.302829
5.600335
5.368320
5.739795
5.553685
5.169668
5.375414
5.515814
5.427371
5.436064
5.051163
4.836526
4.903394
5.183388
5.339787
5.515334
5.488757
5.108041
5.225338
5.171240
5.179020
5.351818
5.427819
5.474787
5.418496
5.300626
5.574802
5.733985
5.495612
5.180851
5.244808
5.523656
5.630708
5.551477
5.932935
5.818368
5.578561
5.987499
5.829012
5.688899
5.791980
5.846144
5.504664
5.894438
6.022209
5.700138
5.716795
5.443498
5.241091
5.285879
5.311106
5.172761
5.281681
5.283198
5.360048
5.294899
5.344691
5.387577
5.611278
5.148512
5.202863
5.445255
5.433999
5.271272
5.771963
5.682689
5.652987
5.395529
5.301163
5.280841
5.359533
5.157630
5.577841
5.176342
5.307713
5.845033
5.475780
5.609371
5.423733
5.864823
5.777140
5.734490
5.832709
5.583108
5.447522
5.348656
5.164691
4.973475
4.983588
4.863568
5.480168
5.988185
5.850938
5.721691
5.762879
5.281332
5.126043
5.333736
5.472711
5.827525
5.859104
5.771744
5.473868
5.531825
5.435663
5.816910
5.498729
5.195466
5.100223
5.325809
5.032168
4.997530
5.211566
5.403551
5.532778
5.814237
5.545234
5.601081
5.329448
5.594620
5.508583
5.245050
5.440126
5.700779
6.140360
5.918768
5.924355
5.417988
5.589568
5.613759
5.802957
5.379850
5.325551
5.666760
5.257942
5.275117
5.392565
5.451408
5.520640
5.400376
5.628465
5.937180
5.949600
5.646107
5.517637
5.967298
5.690630
5.394542
5.176378
5.411021
5.543298
5.303826
5.370226
5.590612
5.695373
5.722183
6.015122
5.685475
5.525590
5.488590
5.413139
5.721741
5.537173
5.463268
5.524731
5.179343
5.165458
5.023101
5.152386
5.027742
5.276563
5.218838
5.132838
5.056629
4.639198
5.366952
5.122654
5.595272
5.334027
5.496797
5.306666
5.321843
5.508518
5.678136
5.512000
5.161358
5.223068
5.397474
5.632982
5.701489
5.804441
5.681885
5.456237
5.445710
5.515805
5.535616
5.301075
5.857034
5.617531
5.512922
5.369268
5.236690
5.004311
5.269829
5.327829
5.247169
5.314741
5.378191
5.541497
5.219022
5.153575
5.416156
5.252358
5.373249
5.610882
5.682780
5.670862
5.720448
5.636744
5.714788
5.828583
5.644076
5.464996
5.471209
5.526278
5.543218
5.357617
5.267410
5.377924
5.582674
5.711151
5.591931
5.523788
5.258438
5.131077
5.990494
5.988972
5.838264
5.694300
5.466555
5.638863
5.465601
5.307321
5.480639
5.406280
5.531785
5.283236
5.874495
5.574585
5.880044
5.756877
5.584751
5.462607
5.221311
5.253752
5.247115
5.162858
5.431497
5.213455
5.601164
5.497059
5.623593
5.759499
5.885866
5.741881
5.154274
4.798565
5.251107
5.446512
5.298109
5.553187
5.729579
5.747021
5.626748
5.105138
5.281957
5.260201
5.423304
5.517978
5.361172
5.298380
5.408921
5.419287
5.614979
5.413938
5.686534
5.690488
5.863570
5.743488
5.727174
5.489020
5.482428
5.452327
5.241381
5.325204
5.101789
5.246068
4.944982
5.068568
5.266612
5.274143
5.295601
5.324147
5.193773
5.303102
5.491670
5.235663
5.089756
5.454093
5.358997
5.307411
5.387290
5.459074
5.784035
6.027109
6.037422
5.774280
5.671557
5.204868
5.432407
5.340976
5.085993
5.060799
4.976420
5.138716
5.189190
5.291753
5.371591
5.447922
5.470912
5.816650
5.929040
5.832815
5.264964
5.313991
5.586003
5.756617
5.480905
5.259169
5.718275
5.671607
5.670648
5.474244
5.787039
5.686776
5.182667
5.274459
5.177890
5.206056
5.008961
5.197462
5.013006
4.838951
5.238705
5.554692
5.619512
5.693762
5.734728
5.544145
5.659862
5.415313
5.539600
6.231620
5.931486
6.073593
5.980459
5.632453
5.454516
5.486136
5.730527
5.659417
5.760194
5.701546
5.416742
5.485012
5.508336
5.431549
5.489392
5.399952
5.336983
5.298413
4.867122
5.227579
5.038057
5.148002
5.606747
5.739071
5.386776
5.521987
5.433154
5.458475
5.616180
5.844240
5.700256
5.383167
5.724310
5.354899
5.575099
5.503033
5.376904
5.203922
5.126507
5.267152
5.174319
5.403545
5.828446
5.305436
5.630463
5.652245
5.333358
5.798308
6.085598
5.737398
5.636255
5.888661
5.681018
5.739530
5.600497
5.231883
5.277134
4.919640
5.081591
4.898375
5.332785
5.062239
5.211040
5.331217
5.370496
5.405326
5.584471
5.267859
5.015274
5.227962
4.841390
5.024110
5.211083
5.612433
5.429251
5.175089
5.357325
5.793531
5.560981
5.259560
5.163703
5.209286
5.304097
5.512443
5.270885
5.624152
5.536888
5.608894
5.796404
5.534232
5.533563
5.459994
5.272394
4.995916
5.450273
5.401063
5.643158
5.326335
5.023599
5.304095
5.460120
5.592126
5.641508
5.671974
5.538078
5.436759
4.984970
5.421227
5.514021
5.313812
5.698111
6.151697
6.027115
6.059664
5.614328
5.103653
5.240632
4.906474
5.143674
5.308353
5.321846
5.444809
5.200814
5.530050
5.214026
5.487103
5.266721
5.338356
5.249805
5.686116
5.836534
5.857169
5.765413
5.546328
5.723625
5.905634
5.834632
5.229207
5.304320
5.622934
5.407090
5.362011
5.334005
5.470295
5.470773
5.299596
5.539281
5.604814
5.703747
5.650522
5.498549
5.339746
5.819762
6.192770
5.561071
5.439329
5.243025
5.203278
5.428168
5.541721
5.352825
5.380839
5.408893
5.370765
5.578901
5.607106
5.756326
5.587564
5.378073
5.074107
5.107325
5.295474
5.191297
5.254624
5.463921
5.314015
5.176894
5.006539
5.052222
5.219697
5.475399
5.423083
5.737675
5.361936
5.192305
5.522097
5.344452
5.407382
5.272554
5.249911
5.041428
5.427328
4.805757
5.274727
5.711054
5.277634
5.456198
5.696159
5.351737
5.246522
5.231267
5.123752
5.046840
5.184807
5.281536
5.259281
5.169589
4.966996
5.328217
5.292131
5.373326
5.379274
5.471013
5.172426
5.330374
5.292919
5.406896
5.529687
5.606254
5.262859
5.317885
5.106204
5.254354
5.461389
5.534172
5.788736
5.675160
5.478261
5.471167
4.977297
5.286831
5.514188
5.595828
5.346290
5.557739
5.783015
5.582979
5.197741
4.951077
5.391694
5.388778
5.138848
5.189684
5.375330
5.552824
5.013842
5.376364
5.347807
5.787604
5.617365
5.644468
5.759717
5.976864
5.654049
5.640949
5.636732
5.528303
5.642143
5.371020
5.902872
5.550997
5.511457
5.791275
5.566953
5.583530
5.859766
5.825438
5.384647
5.787284
5.784879
5.807963
5.418287
5.458062
5.198085
5.312941
5.558875
5.566574
5.431727
5.584670
5.447719
5.631111
5.738005
5.606973
5.499699
5.170955
5.036621
5.069906
5.004497
5.046743
5.490733
5.114895
5.476816
5.178626
5.146679
5.485398
5.203349
5.340385
5.657815
5.543876
5.715397
5.439145
5.463447
5.369861
5.024329
5.030791
5.127742
4.954330
4.729250
4.922896
5.019437
5.035985
5.220288
4.991227
4.843004
5.193662
5.548508
5.337254
5.540580
5.693419
6.181881
5.757548
5.468477
5.660057
6.006763
5.850080
6.104305
5.779428
5.227134
5.307924
5.699277
5.690828
5.624707
5.222099
5.266733
5.676988
5.602376
5.440316
5.472522
5.244906
5.060075
5.109871
5.082485
5.310174
5.355127
5.495145
5.461238
5.149822
5.267742
5.697698
5.627239
5.592788
5.527073
5.424537
5.366588
5.335557
5.411229
5.325185
5.129504
5.292234
5.574884
5.666914
5.708255
5.764820
5.471607
5.376966
5.462060
5.593188
5.679170
5.725250
5.385923
5.319188
5.053282
5.311271
5.357803
5.202523
5.625007
5.388983
5.352735
5.494131
5.567598
5.401467
5.522607
5.214654
5.502836
5.640688
5.568584
5.501373
5.790038
5.809930
5.766772
5.820298
5.968446
5.514399
5.373876
5.337765
5.332610
5.328092
5.456228
5.468841
5.372776
5.293768
5.361180
5.349290
5.402902
5.273816
5.315712
5.289279
5.191099
5.130425
5.196950
4.880553
5.155023
5.771006
5.586415
5.515390
5.825797
5.806922
4.948955
5.075894
5.460676
5.359135
5.412288
5.392333
5.561096
5.653100
5.282395
4.858380
4.975016
5.132615
5.283284
4.956772
5.034336
5.402260
5.574152
5.639997
5.213284
5.099753
5.580483
5.476846
5.452985
5.851296
5.735536
5.196581
5.010427
5.389291
5.525948
5.606138
5.377411
5.521520
4.921466
5.076018
5.505272
5.586299
5.235804
5.403275
5.634190
5.940301
5.835749
5.579576
5.530003
5.723515
5.567037
5.300063
5.593993
5.551186
5.484101
5.421988
5.438671
5.361638
5.362513
5.163097
5.082598
5.177820
5.157747
4.938764
4.770910
4.996246
5.152835
5.329498
5.518365
5.366078
5.614217
5.394771
5.394835
5.377381
5.339174
5.292157
5.535109
5.366166
5.284523
4.898827
5.129242
5.383743
5.519291
5.254695
5.432958
5.450532
5.603514
5.396830
5.513660
5.441955
5.887295
5.604615
5.507881
5.650931
5.509195
5.716950
5.464899
5.227842
5.268998
5.563342
5.580590
5.406962
5.268148
5.313665
5.178883
5.286221
5.313756
5.438339
5.650744
5.434062
5.074057
5.352613
5.467364
5.283455
5.460123
5.520238
5.728073
5.535696
5.527790
5.979973
5.635521
5.629770
5.740613
5.323607
5.205920
5.241091
5.393432
5.241635
5.249073
5.578386
5.684030
5.862486
5.657194
5.286682
5.567147
5.792499
6.022424
5.731337
5.420084
5.491016
5.596539
5.800700
5.811381
5.440346
5.595770
5.557220
5.726470
5.627135
5.637278
5.376915
5.268304
5.438532
5.282550
5.360935
5.350790
5.029223
5.276904
5.289482
5.062408
5.432799
5.519005
5.706037
5.751427
5.763308
5.789542
5.818075
5.797167
5.842666
6.018500
5.596050
5.463098
5.643163
5.382651
5.688389
5.971700
6.111326
5.563545
5.411122
5.405262
5.343645
5.226453
5.149113
5.516645
5.731058
5.194471
5.177278
5.196977
5.276490
5.117571
4.865039
5.256577
5.127225
5.033338
5.159811
5.415214
5.556806
5.721772
5.692103
5.548299
5.322569
5.727682
5.590096
5.727309
5.591513
5.305880
5.460525
5.609750
5.474668
5.548221
5.766443
5.802421
5.432301
5.477691
5.043316
5.137499
5.054978
5.238193
4.929682
4.846940
5.240401
5.399287
5.525651
5.544877
5.526923
5.343996
5.814878
5.699370
5.529358
5.172248
5.507948
5.676695
5.208120
5.643707
5.716575
5.436204
5.662851
5.575587
5.748536
5.747689
5.507373
5.399883
5.422740
5.496564
5.623616
5.594192
5.009070
5.120627
5.258502
5.176042
5.094284
5.576054
5.584644
5.211544
5.485096
5.533870
5.122916
5.080906
5.294117
5.183207
5.228531
5.631597
5.391587
5.144649
5.158430
5.261483
5.551455
5.595156
5.604659
5.653542
5.912577
5.861714
5.530058
5.764801
5.589289
5.177653
4.813546
5.277552
5.074773
5.368868
5.440159
5.549475
5.773327
5.406087
5.629217
5.955741
5.895509
5.645747
5.703759
5.456034
5.539130
5.079929
4.984666
5.082028
4.963166
5.591462
5.894187
5.520965
5.453157
5.371684
5.177918
5.276241
5.234929
4.899032
5.582809
5.495012
5.299534
5.115021
5.119118
4.983690
5.294210
5.513793
5.599019
5.603359
5.176983
5.301157
5.400133
5.686140
5.644153
5.729732
5.631757
5.480155
5.607459
5.585584
5.437950
5.071407
5.937166
5.465065
5.532726
5.397338
5.320411
4.960251
5.171815
5.325072
5.306972
5.320292
5.522796
5.077551
5.027670
5.272357
5.249649
5.248516
5.635392
5.628950
5.469714
5.265081
5.273333
5.351520
5.467268
5.490017
5.378979
5.347094
5.522962
5.388848
5.680817
5.436342
5.466880
5.424966
5.311519
5.339087
5.509028
5.609444
5.546275
5.384184
5.263489
5.058137
5.247082
5.307646
5.921046
5.886853
5.509867
5.392995
5.735501
5.581407
5.596680
5.477371
5.313093
5.529801
5.625358
5.788634
5.586455
5.766363
5.507301
5.633643
5.489236
5.348391
5.353226
5.367724
5.396003
5.484562
5.104440
5.376454
5.299953
5.324994
5.203214
5.060677
5.504783
5.080168
4.942515
5.256599
5.639937
5.913314
5.713324
5.405839
5.186323
5.399648
5.729008
5.650896
5.284533
5.364632
5.437639
5.526731
5.455575
5.213975
5.343876
5.583820
5.555617
5.209713
5.103904
5.454567
5.241260
5.376446
5.494565
5.413517
5.363892
5.218115
5.355657
5.237700
4.965079
5.274554
5.339864
5.478295
5.805482
5.450483
5.314379
5.529644
5.469756
5.721898
5.768265
5.423670
5.969095
5.696891
5.619835
5.477815
5.608895
5.082270
4.997879
4.957679
5.174287
5.495082
6.047001
6.070290
5.872697
5.249921
5.576292
5.443351
5.829732
5.736665
5.405564
5.637091
5.748751
5.568940
5.421966
5.599264
5.434831
5.734802
5.655375
5.190909
5.028001
5.608881
5.627836
5.229231
5.335329
5.369386
5.212528
5.315232
5.257466
5.261441
5.246590
5.566912
5.453058
5.471007
5.420756
5.342885
5.661253
5.330656
5.180335
5.385372
5.318563
5.216939
4.971668
5.032229
4.863738
4.898451
5.343165
5.393863
5.702480
5.627288
5.265034
5.009263
5.219030
5.733355
5.548234
5.325027
5.485197
5.176451
5.104535
5.203094
5.312609
4.956266
4.954704
5.072117
5.174075
5.250284
5.450323
5.356006
5.207451
5.617147
5.565761
5.381056
5.239828
5.341335
5.275470
5.397725
6.194748
6.196150
6.031137
5.770254
5.669061
5.812685
5.704898
5.398452
5.401180
5.355931
5.695683
5.545206
5.759825
5.560025
5.381623
5.331269
5.237781
5.131392
5.042484
5.216344
5.349803
5.519211
5.127934
5.419527
5.555643
5.565692
5.472237
5.229055
5.305335
5.455933
5.315125
5.277562
5.436489
5.356316
5.337631
5.313677
5.111627
5.069492
5.376524
5.195473
5.176801
5.196704
5.324227
5.347477
5.214474
5.236871
5.279649
5.595194
5.255534
5.014556
5.023100
5.276564
5.514947
5.582156
5.757296
5.448265
5.795742
5.757755
5.650492
5.418843
5.621462
5.553169
5.547181
5.619567
5.653728
5.332568
5.809455
5.375330
5.482811
5.393714
5.395137
5.174411
4.922313
4.911796
5.160962
5.341922
5.447533
5.232419
5.396522
5.542956
5.550414
5.506854
5.105485
5.158280
5.349787
5.488132
5.412567
5.318813
5.272464
5.231196
5.044983
4.996330
5.177296
5.189378
5.061039
5.075841
5.410841
5.303622
5.328529
5.253560
5.258806
5.209013
5.450816
5.588849
5.583518
5.139869
5.274166
5.453776
5.728175
5.548956
5.260308
5.177626
5.240147
5.475803
5.582736
5.911245
5.724603
5.472792
5.612147
5.278003
5.118355
5.067672
5.214603
5.163573
5.492286
5.527379
5.652799
5.616396
5.669160
5.508584
5.456759
5.930306
5.763497
5.389790
5.283587
5.090644
5.168300
5.118686
5.083482
5.141784
5.435349
5.924375
5.608339
5.818668
5.920397
5.893693
5.553129
5.409963
5.059206
4.965293
4.802800
4.977762
5.518597
5.198184
5.259584
5.655493
5.428836
5.587108
5.412731
5.535276
5.419371
5.285034
5.282291
5.214473
5.775369
5.740117
5.676399
5.461383
5.400905
5.589449
5.499091
5.376559
5.182468
5.497554
5.492148
5.386775
5.318919
5.316434
5.424196
5.518978
5.061239
5.517476
5.276845
4.859160
5.193040
5.290816
5.371352
5.104886
5.142381
5.196194
5.171988
5.179792
5.203039
5.388331
5.285677
5.535159
6.216858
6.049552
5.675487
5.219680
5.454482
5.556546
5.271168
5.495189
5.482726
5.553119
5.528804
5.486970
5.474383
5.499742
5.182132
5.060624
5.685568
5.670835
5.495963
5.841147
5.772588
5.841542
5.420022
5.238447
5.390234
5.645491
5.372652
5.254235
5.032617
5.347223
5.584678
5.490372
5.332648
5.364795
5.482006
5.672751
5.396671
5.472168
5.619203
5.253844
5.298412
5.529542
5.637815
5.846131
5.585932
5.472444
5.184508
5.066044
5.187977
5.344745
5.476488
5.653666
5.396472
5.496747
5.571517
5.768809
5.596918
5.505658
5.481217
5.379265
5.668760
4.953679
4.930052
5.312111
5.533921
5.647137
5.303869
5.173203
5.043214
4.814508
5.048111
4.974498
5.163802
5.212696
5.572512
5.480966
5.515276
5.314200
5.468279
5.339578
5.298186
5.046276
5.560269
5.578281
5.136785
5.395057
5.436659
5.779176
5.478058
5.615812
5.627559
5.668337
5.250123
5.393675
5.485113
5.442938
5.496998
5.499342
5.841924
5.338468
5.101995
5.437754
5.706730
5.734210
5.477291
5.368879
4.978280
5.775983
5.440396
5.510623
5.460526
5.405316
5.450014
5.617451
5.764733
5.794926
5.375305
5.536582
5.702517
5.686704
5.569651
5.367789
5.304297
5.435373
5.414683
5.714604
5.759050
5.174855
5.315964
5.815720
5.728631
5.747468
5.767627
5.752113
5.831598
5.660291
5.811382
5.595460
5.137598
4.931422
5.337166
5.271198
5.187617
5.000780
4.660000
5.008397
5.182161
5.436920
5.723165
5.765236
5.496330
5.044293
5.287757
5.303161
5.278789
5.246080
5.118896
5.566019
5.712836
5.475138
5.368934
5.427545
5.122559
5.391984
5.406643
5.470463
5.459251
5.293247
5.316264
5.389302
5.306237
5.285584
5.188589
5.696423
5.356147
5.285732
5.183293
5.378953
5.395820
5.278239
5.047492
4.977218
5.026269
5.111274
5.359003
5.421584
5.284200
5.464436
5.435987
5.465878
4.909213
5.409738
5.562329
5.520818
5.417987
5.539333
5.408259
5.132396
5.155330
5.357982
5.443705
5.579608
5.305166
5.233441
5.169430
5.144499
5.004090
5.145521
5.161194
5.152114
5.616155
4.992133
5.187319
5.292450
5.102755
5.052677
5.066932
5.096982
5.233507
5.432041
5.629592
5.510290
5.481631
5.517079
5.264607
5.155464
5.363385
4.959624
5.102759
5.170447
5.431509
5.450631
5.297664
5.077516
5.183765
5.197249
5.097830
5.365791
5.314982
5.297223
5.500012
5.311516
5.050256
5.206697
5.286463
5.500300
5.719046
5.953535
5.520552
5.587632
5.530391
5.791584
5.511972
5.226976
5.387608
5.350500
5.612643
5.265229
5.303395
6.111272
5.467827
5.908738
5.550886
5.238254
5.023756
5.235392
5.243146
5.457111
5.550518
5.194093
4.926197
5.358474
5.301494
5.446424
5.370870
5.419107
5.503433
5.342404
5.145664
4.965703
4.973312
5.151130
5.410506
5.196027
5.371601
4.965053
5.078648
4.934838
5.007800
5.396944
5.034987
5.486326
5.231172
5.160535
5.368120
5.041787
5.564243
5.139424
5.360985
5.389367
5.645678
5.330075
5.598410
5.424166
5.387822
5.419692
5.525535
5.324026
5.474041
5.307293
5.274543
5.240102
4.828383
5.393884
5.105578
4.942403
4.867976
5.113307
5.156187
5.414427
5.221911
5.422629
5.649808
5.682227
5.663083
5.649829
5.800683
6.160526
5.710909
5.755152
5.522926
5.730156
5.292070
5.512614
4.943556
5.382796
5.473024
5.352156
5.170246
5.436459
5.504882
5.559405
5.233641
5.224072
5.342975
5.279982
5.417934
5.709644
5.744154
5.597214
5.521340
5.918631
5.375853
5.723805
5.273708
5.680773
5.584836
5.190530
4.828605
5.392600
5.747284
5.830235
5.448324
5.174208
5.563103
5.497466
5.186108
5.555651
5.694101
5.553850
5.275435
5.545669
5.528808
5.493771
5.442801
5.724939
5.450300
5.475760
5.653324
5.193831
5.575779
5.419191
5.579894
5.540671
5.435471
5.379505
5.232954
5.179110
5.466315
5.548017
5.142955
5.115274
5.255069
5.173580
5.183808
5.358025
5.101829
5.082972
5.355813
5.145162
4.910619
4.951563
5.157618
5.281040
5.213657
5.301536
5.440782
5.693730
5.558285
5.783958
5.653855
5.705373
5.300614
5.565629
5.333430
5.017550
5.271355
5.444131
5.134628
5.047552
5.043583
5.279189
5.676628
5.305394
5.246649
5.014255
5.118746
5.589148
5.327816
5.262965
5.188688
5.350541
5.380264
5.630259
5.344145
5.826129
5.805623
6.179831
5.363447
5.474439
5.973731
5.326046
5.725832
5.253976
5.431950
5.181381
5.051900
5.043551
5.239025
5.252538
5.129711
5.539247
5.731769
5.588956
5.509377
5.714821
5.538286
5.311361
4.843834
5.081168
4.999199
5.193384
5.075421
5.057606
5.258852
5.618760
5.749120
5.708609
5.098613
5.104259
5.238443
5.422060
5.328370
5.389541
5.117573
5.260278
5.301375
5.424970
5.255667
4.813704
4.934831
4.925195
5.071265
5.154426
5.276678
5.393323
5.498321
5.698626
5.577013
5.686234
5.474415
5.302267
5.217124
4.960869
5.158818
5.706594
5.324898
5.122474
4.864796
5.124877
5.318843
5.005989
4.807177
4.998574
5.068921
5.697007
5.566591
5.497093
5.328651
5.044726
5.028966
5.066394
5.021596
4.993466
5.232650
5.263293
5.337389
5.277737
5.345596
5.679661
5.708319
5.231682
5.541627
5.576236
5.633690
5.377899
5.457920
5.242757
5.033032
5.038539
4.796465
5.165342
5.018626
4.758510
4.962880
5.197283
5.401355
5.457144
5.677058
5.230376
5.098490
4.999156
4.524742
4.788077
5.066491
5.076477
4.914497
5.244054
5.466893
5.650533
5.470665
5.177827
5.388028
5.268725
5.326259
5.225333
5.149582
5.293730
5.206209
5.163567
5.426569
5.405717
5.531885
5.229140
5.155213
5.180862
5.170795
5.196811
5.574133
5.435386
5.370900
5.399297
5.681776
5.646466
5.563110
5.504650
5.365492
5.134493
5.395752
5.406044
5.563178
5.328966
5.334851
5.321432
5.298935
5.602065
5.577974
5.570261
5.713829
5.776638
5.839323
6.107799
5.405132
5.569499
5.535191
5.541963
5.146329
5.237906
5.272339
5.569655
5.608323
5.610149
5.402404
5.258465
5.453536
5.699481
5.249349
5.270224
4.991067
5.184895
5.199564
5.378403
5.536287
5.346624
5.050909
5.114707
5.227207
5.105418
5.096535
5.480616
5.356007
5.587996
5.440001
5.578883
5.544845
5.094511
5.495036
5.215953
5.463304
5.274712
5.418560
5.129139
5.335464
5.368953
5.783286
5.692207
5.406598
5.590286
5.472728
5.019813
5.206732
5.271919
5.272416
4.800925
5.238633
5.585563
5.542422
5.186321
5.573543
5.492972
5.562964
5.755361
5.748855
5.613643
5.520571
5.418915
5.479111
5.365902
5.202437
5.347946
5.489522
5.504879
5.523959
4.974938
5.174082
5.189792
5.506423
5.244784
5.673452
5.445542
5.398972
5.434083
5.391982
5.047186
5.313686
5.458239
5.738944
5.213832
4.977771
5.181018
5.211673
5.098254
4.844281
5.252825
5.425669
5.226858
5.332154
5.632557
5.815341
5.666766
5.617910
5.568783
5.634167
5.433736
5.689139
5.685338
5.484579
5.259072
5.158412
5.637164
5.792622
5.370853
5.508060
5.618219
5.636898
5.588138
5.373277
5.330891
5.091989
5.618114
5.627982
5.913107
5.451766
5.691657
5.509900
6.079005
5.784940
5.225274
5.204236
5.557544
5.805502
5.562292
5.166824
5.584140
5.596710
5.544604
5.749019
5.997813
6.051909
5.597836
5.387530
5.324555
5.081699
5.083354
4.937522
4.682521
4.946572
5.342805
5.581830
5.305243
5.007702
5.674353
5.223912
5.201272
5.372142
5.404576
5.552441
5.303894
5.401350
5.294040
5.133986
5.244527
5.413354
5.836147
5.654502
5.039579
4.924584
5.268318
5.724227
5.259678
5.654863
5.483781
5.585799
5.424045
5.496151
5.537697
5.369770
4.969793
5.173463
5.114784
5.564805
5.770823
5.724215
5.687680
5.548256
5.562619
5.559992
5.442391
5.657071
5.515661
5.263689
5.179302
5.473021
5.266825
4.980115
4.851754
5.141268
5.384874
5.608686
5.828131
5.577651
5.390435
5.714476
5.663668
5.723011
5.470720
5.463740
5.389918
5.434499
5.476719
5.869813
5.533559
5.492822
5.526527
5.074376
5.553953
5.737076
5.438374
5.181296
4.855807
5.113842
5.446906
5.158961
5.142384
5.309481
5.274618
5.347557
5.252927
5.263383
5.065449
5.372325
5.225595
5.427983
5.085480
5.388917
5.326555
5.584993
5.402893
5.367505
5.438286
5.156035
5.346046
5.301943
5.457725
5.684410
5.737865
5.264623
5.481347
5.543189
5.342325
5.521843
5.742840
5.864189
5.675326
5.456000
5.357902
5.275570
5.254404
5.428462
5.664540
5.780926
5.314725
5.385160
5.334563
5.654041
5.677059
5.539226
5.476482
5.348449
5.621554
5.418879
5.365286
5.072084
4.877585
5.424987
5.287945
5.239406
5.051861
5.242917
5.635275
5.452242
5.526588
5.452039
5.458978
5.485165
5.736561
5.832259
5.421147
5.407993
4.945532
4.914684
4.857509
5.268574
5.171973
5.095203
5.122447
5.426960
5.379970
5.486806
5.533577
5.267355
5.016631
5.237017
5.369617
5.322794
5.004722
5.156306
4.975066
5.402820
5.664299
5.679683
5.527343
5.683557
5.796800
5.425124
5.427571
5.077607
5.058938
5.207626
4.708490
4.940513
5.148839
5.186746
5.183920
5.241838
5.045960
5.368020
5.562302
5.279724
5.380373
5.295567
5.175785
5.242216
5.109229
5.355205
5.302714
5.240430
5.151813
5.151618
5.029747
4.955044
4.649213
4.809320
4.682448
5.134978
5.040869
4.983010
5.155317
5.589001
5.459602
5.572734
5.519179
5.549884
5.226598
5.094456
5.188845
5.410115
5.560947
5.392957
5.712585
5.559048
5.788070
5.137666
5.215732
4.938899
5.320910
5.081366
4.923869
5.217749
5.552447
5.434967
5.353388
5.308949
5.359780
5.046125
5.420232
5.378182
5.732394
5.160754
5.448351
5.594203
5.257267
5.100846
5.053003
5.268847
5.211744
5.572957
5.835982
5.154590
5.411407
5.618831
5.692032
5.482170
5.542997
5.310033
5.101701
5.128296
5.458429
5.234349
5.325013
5.665710
5.351943
4.886859
5.202306
5.292436
5.171174
5.482900
5.679684
5.776710
5.606884
5.345058
5.505248
5.478573
5.543827
5.316794
5.295906
5.219329
5.261697
5.197944
5.249653
5.675239
5.344180
5.513338
5.674605
5.336460
5.110507
5.262137
5.429359
5.340272
5.287433
5.204216
5.054987
5.236502
5.190078
5.149647
5.240877
5.545592
5.581366
5.396972
5.126895
5.453857
5.896456
5.679635
5.522932
5.673545
5.622529
5.976749
5.366464
5.722735
5.506745
5.465441
5.697872
5.272791
5.279232
5.260810
5.049404
5.185654
5.405063
5.412245
5.409324
5.676466
5.793000
5.337370
5.099323
4.869695
5.038775
5.408143
5.210349
5.193278
5.096352
5.290236
5.093526
5.377235
5.345284
5.293213
5.465929
5.390677
5.563529
5.437364
5.272020
5.533396
5.068349
5.278605
5.439207
5.332836
5.531692
5.242725
5.374030
4.747237
4.886430
5.162052
5.249524
5.277792
5.443798
5.492886
5.566815
5.690480
5.886841
5.532574
5.307588
5.413798
5.170735
5.147651
5.148643
5.363590
5.297618
5.583549
5.312371
5.143920
5.416789
5.248538
5.064267
5.002088
5.002368
5.164790
4.982493
4.990888
5.242183
5.686695
5.797973
5.458707
5.402712
5.369750
5.527429
5.502160
5.054130
5.041315
4.949167
5.148787
5.325557
5.172793
5.086097
5.250615
5.365592
5.294687
5.373297
5.377459
5.335073
5.478248
5.675552
5.437884
5.828144
5.666820
5.919512
5.804869
5.898104
5.534454
5.532518
5.459817
5.465282
5.557568
5.675721
5.682223
5.512072
5.400794
5.052315
5.580346
5.716876
5.390212
5.560452
5.457132
5.437466
5.263300
5.548019
5.288641
5.197009
5.539967
5.412484
5.231535
5.294895
5.507884
5.726112
5.362517
5.382168
5.261404
5.608927
5.433108
5.467030
5.321268
5.186583
5.031691
5.131827
5.216049
5.694764
5.984032
5.916237
5.203399
5.328881
5.425475
5.454748
5.576136
5.291089
5.317108
5.287272
5.404129
5.421056
5.564820
5.671581
5.555814
4.965219
5.172197
5.180526
5.167050
5.500844
5.316161
5.503987
5.249262
5.505130
5.137010
5.373798
5.190060
5.771314
5.138566
5.127641
5.370035
5.603361
5.554547
5.094427
5.043164
5.132688
5.047526
5.557724
5.469859
5.510609
5.463664
5.757477
5.506203
5.468013
5.257958
5.045766
5.187475
5.529155
5.469893
5.333892
5.688502
5.718476
6.003916
5.666742
5.136071
5.164670
5.327694
5.292954
5.114907
5.164978
5.707083
5.483200
5.998580
5.748804
5.570966
5.083395
5.505969
5.549532
5.697734
5.881944
5.981348
5.689120
5.811979
5.206086
5.232811
5.542773
5.680613
5.544088
5.595641
5.472147
5.417503
5.727822
5.651706
5.622113
5.450024
5.320340
5.441105
5.688140
5.634290
5.624600
5.719245
5.856128
5.029328
5.321046
5.126558
4.880886
4.879241
4.954749
5.005084
4.918848
4.948605
5.495305
5.545148
5.316969
5.659885
5.625671
5.266163
5.144142
5.106004
5.378403
5.303915
5.455725
5.591058
5.787998
5.702254
5.669363
5.343213
5.487948
5.647565
5.614112
5.165422
5.065595
5.555957
5.429962
5.339865
5.103007
4.938920
4.950584
4.998622
5.020430
5.089688
5.229783
5.404885
5.614000
5.507354
5.553768
5.371120
5.505509
5.161537
5.025325
5.116932
4.854973
5.159489
4.891401
5.093741
5.440861
5.003715
5.023369
4.909457
5.421467
5.555357
5.373339
5.327369
5.340947
5.305540
5.647792
5.383757
5.321978
5.158471
5.705058
5.755692
5.747845
5.893693
5.964295
5.729311
5.631297
5.514866
5.326754
5.228966
5.130807
5.002833
5.037828
5.145692
5.007114
4.985475
5.099759
5.379595
5.279211
5.184186
5.229616
5.083301
5.339613
5.338944
5.814391
5.753940
5.653193
5.282459
5.576729
5.331072
5.014534
5.376724
5.283945
5.341219
5.410705
5.062258
5.339228
5.329127
5.392907
5.256370
5.439749
5.289446
4.951694
5.568802
5.389891
5.562962
5.908040
5.040847
5.308017
5.089119
5.231235
5.526287
5.507453
5.561981
5.396801
5.776903
5.686529
5.342162
5.595559
5.462373
5.478026
5.435899
5.404453
5.295196
5.345740
5.634108
5.720266
5.748691
5.629123
5.797175
5.447629
5.408936
5.831277
5.577047
5.596923
5.630830
5.560068
5.343476
5.630070
5.718816
5.720418
5.647548
5.410611
5.357924
5.546222
5.567012
5.343440
5.646295
5.427223
5.513159
5.376008
5.385462
5.739480
5.688948
5.472003
5.378287
5.302505
5.246044
5.477153
5.353824
5.386002
5.361468
5.396189
5.410260
5.345720
5.341482
5.530620
5.035098
5.389596
5.356483
4.966143
5.319897
5.605404
5.071239
4.941101
4.968017
4.948098
5.323952
5.193747
5.476670
5.535487
5.203991
5.588996
5.591929
5.360094
5.298980
5.124168
5.544864
5.046542
5.230230
5.539604
5.157696
5.497988
5.246980
5.262032
5.067917
4.914121
5.005519
5.327257
5.503694
5.627939
5.580203
5.238897
5.204450
4.866202
4.823968
5.094558
5.548106
5.430965
5.635602
5.709208
5.484389
5.303011
5.749090
5.573496
5.930123
6.183502
6.344520
6.030803
5.776624
5.097667
5.161830
5.318092
5.592321
5.211478
5.329722
5.355701
5.403100
5.747446
5.672943
5.362801
5.814692
5.519398
5.638382
5.763399
5.379567
5.536350
5.756545
5.933291
5.538034
5.692434
5.244042
5.201077
5.098804
5.221827
5.280772
5.543419
5.235595
5.591409
5.565037
5.619795
5.736474
5.863002
5.766919
5.545448
5.521589
5.416979
5.546635
5.738590
5.710138
5.075841
5.466459
5.598930
5.638508
5.733618
5.178252
5.306500
5.585342
5.634073
5.824123
5.439901
5.297781
5.396202
5.723409
5.977253
5.870829
5.612157
5.650116
5.552211
5.752150
5.224502
5.170456
5.168428
5.031709
5.365110
5.141415
5.063436
5.257684
5.596193
5.590155
5.562120
5.784683
5.308674
5.413887
5.602669
5.483860
5.590507
5.608772
5.555944
5.854160
5.693899
5.448704
5.440456
5.335889
5.495597
5.897041
5.797179
5.984929
5.547321
5.276121
5.152044
5.048364
5.490713
5.288620
5.517185
5.803973
5.617207
5.541643
5.580714
5.340485
5.390573
5.241014
5.123209
5.082503
4.955975
5.252671
5.268052
5.130975
5.808242
5.689045
5.353269
5.418460
5.598847
5.767803
5.453372
5.189458
5.588809
5.258540
5.338958
5.217185
5.333581
5.370794
5.110785
5.057355
5.382622
5.313813
5.364869
4.850723
5.446737
5.853411
5.440572
5.193659
5.245682
5.415963
5.397068
5.470623
5.339975
5.483603
5.524997
5.351294
5.253722
5.225357
5.238395
5.071236
4.930936
5.250919
5.189168
5.214976
5.272957
5.723030
5.763012
5.578416
5.417681
5.473246
5.735323
5.456334
5.434821
5.429864
5.460194
5.407966
5.125957
5.499372
5.203555
5.301176
5.694849
5.573367
5.516733
5.550094
5.375736
5.020554
5.202065
5.506812
5.371660
5.567948
5.365224
5.330200
5.621054
5.568277
5.522050
5.648712
5.520396
5.136054
5.086018
4.918086
5.387872
5.470961
5.998507
5.853462
5.390095
5.390946
5.104321
5.419348
5.797313
5.422182
5.085712
5.180129
4.860952
4.740012
5.107748
4.865955
5.360962
5.144388
5.272533
5.795891
5.671863
5.813688
5.740094
5.375860
5.314023
5.750950
5.741885
5.568263
5.705299
5.642714
5.223314
5.529045
5.770671
5.661849
5.391038
5.529397
5.103104
5.154616
5.232654
5.147877
5.087975
5.301487
5.299945
5.165450
5.225879
5.254315
5.502312
5.602729
6.006493
5.292007
5.514644
5.374943
5.549191
5.521692
5.195270
5.542039
5.253109
5.417171
5.342646
5.561696
5.405647
4.918186
5.222728
5.325631
5.394924
5.345992
5.642492
6.076741
6.177807
5.994618
5.073031
5.051377
5.635021
4.986104
5.128044
5.156756
5.097444
5.246004
5.242159
5.199657
5.029151
5.694609
5.653210
5.682034
5.472221
5.421649
5.179166
5.454145
5.363271
5.304130
5.673640
5.638468
5.712240
5.759612
5.795512
5.870499
5.526084
5.410726
5.348188
5.475321
5.530136
5.321392
5.310452
5.658384
5.592125
5.524524
5.278671
5.036691
5.214714
5.396306
5.243164
5.221683
5.404132
5.341536
5.872460
5.555966
5.732995
5.473777
5.507212
5.326451
5.268623
5.374499
5.238162
5.332575
5.317597
5.080963
5.214869
5.570564
5.408397
5.456381
5.683331
5.252901
5.347515
5.438839
5.430177
5.235918
5.614890
5.605209
5.272544
5.329168
5.573092
5.763600
5.489057
5.147120
4.986533
5.003297
5.440477
5.505089
6.039164
5.788606
5.438566
5.350307
5.714795
5.727583
5.595441
5.727765
5.401437
5.423200
5.331204
5.508915
5.563315
5.544371
5.464115
5.318120
5.183955
5.330751
5.717006
5.552071
5.568596
5.406404
5.531618
5.814563
5.473869
5.656817
5.017814
5.214488
5.341087
5.727602
5.251435
5.557072
5.581956
5.338897
4.998527
5.113463
5.501106
5.492766
5.610367
5.383035
5.339888
5.588828
5.397100
5.093335
5.157440
4.714558
4.768225
5.396407
5.031626
5.001975
5.281349
5.456080
4.992695
5.442993
5.285408
5.093293
4.908697
5.054742
5.183868
5.266503
5.417675
5.418407
5.231055
5.465276
5.487039
5.388792
5.190883
5.509051
5.395469
5.267038
5.262545
5.261229
5.339009
5.209646
5.713982
5.556988
5.317937
5.750476
5.657597
5.573558
5.782000
5.713411
5.845013
5.736415
5.666963
5.041120
5.244106
5.479278
5.786334
5.904912
5.848318
5.660868
5.236041
5.576229
5.556459
5.510151
5.489371
5.622567
5.736298
5.576804
5.579411
5.595732
5.338482
5.498814
5.734397
5.666779
5.741278
5.864531
5.715979
5.603033
5.459109
5.269249
5.473346
5.339094
5.279013
5.157833
5.537591
5.539730
5.728788
5.678665
5.559224
5.348209
5.261703
4.935080
5.174525
4.749343
4.868343
5.057009
4.688915
5.335984
5.611675
5.148101
5.177720
5.621808
5.097033
5.180855
4.915805
5.148474
4.978649
4.941363
5.055215
5.196751
5.057270
5.151664
5.216287
5.300138
5.606443
5.311319
5.628378
5.646779
5.709782
5.566133
5.626451
5.916567
5.907884
5.316543
5.169517
5.367061
5.689113
5.653078
5.584533
5.450937
5.547692
5.431927
5.119447
5.197570
5.563865
5.230613
5.627858
5.375767
5.495262
5.454056
5.415689
5.656070
5.309052
5.436777
5.110500
5.279888
5.218872
5.626691
5.602588
5.537912
5.388302
5.620394
5.799319
5.906776
5.733879
5.543960
5.468536
5.541556
5.590671
5.774696
5.544359
5.568003
5.522784
5.471103
5.382010
5.483705
5.351681
5.035211
5.518357
5.713617
5.541778
5.648411
5.303650
5.269518
5.268022
5.325086
5.322751
5.340262
5.350820
5.120600
5.207152
5.267002
5.527227
5.503153
5.272857
5.277528
5.031153
4.983077
5.053917
5.169083
5.305059
5.049559
5.070450
5.213263
5.293149
5.379341
5.180457
5.402612
5.534003
5.427746
5.148881
5.131960
5.447217
5.588299
5.580889
5.278162
5.514116
5.644219
5.242270
5.614308
5.476660
5.498575
5.452394
5.317078
5.633259
5.865797
5.586896
5.785468
4.754084
5.394483
5.239487
5.180649
5.301765
4.926595
4.805120
5.367413
5.189599
5.389702
5.527896
5.255432
5.325412
5.697938
5.642845
5.659053
5.356169
4.950360
5.114851
5.353985
5.485384
5.435134
5.709542
5.499809
5.463838
5.384945
5.707510
5.720185
5.710585
5.724877
5.438884
5.224083
5.352661
5.312353
5.421586
5.382373
5.202783
5.244755
5.511500
5.231227
4.954194
5.409390
5.428339
5.447555
5.376124
5.098019
4.995274
5.336639
4.967449
5.054416
4.893633
5.562799
5.874795
5.355226
5.096745
5.326015
5.449025
5.286434
5.391047
5.009489
5.021669
5.465232
5.395887
5.355305
5.195037
5.221806
5.834809
5.881929
5.511257
5.188506
5.270294
5.243281
5.016311
5.295549
5.419870
5.432465
5.165557
5.156172
5.370488
5.888944
5.888001
5.648228
5.236691
5.206670
5.852399
5.748576
5.655639
5.624423
5.397459
5.459640
5.115424
5.316663
5.380049
5.070687
4.960085
5.178428
4.860918
5.348030
5.403233
5.455129
5.627362
5.422012
5.359486
5.588237
5.437737
5.692463
5.544909
5.831497
5.103123
5.015516
4.997588
5.249393
5.762404
5.664914
5.790222
5.252148
5.395183
5.282019
5.400380
5.074780
5.393274
5.015543
5.300294
5.660519
5.533809
5.351689
5.532042
5.354029
5.259058
5.248126
4.914244
4.858089
5.045882
5.396884
5.620872
5.737642
5.572257
5.441631
5.243459
5.218034
5.289818
5.187840
5.068639
5.372084
5.622367
5.459666
5.223161
5.253555
5.470006
5.217971
5.443859
5.601524
5.649354
5.227551
5.449509
5.345036
5.188358
5.441614
5.447658
5.364780
5.173156
5.206467
5.152152
5.379731
5.693991
5.799540
6.030666
5.605381
5.725115
5.677917
5.457826
5.754855
5.647708
5.820835
5.661639
5.652847
5.543422
5.531480
5.571974
4.977205
5.371060
5.370908
5.610595
5.520595
5.540125
5.555123
5.706016
5.931542
5.814767
5.567769
5.552858
5.503492
5.520108
5.544323
5.378404
5.698528
5.894203
5.820384
5.771268
5.450360
5.515748
5.270765
5.243655
5.356545
5.183634
5.889272
5.365352
5.641981
5.450286
5.124715
5.116348
5.025779
5.117464
5.114048
5.262770
5.874569
5.745937
5.598955
5.540487
5.598775
5.944377
5.609413
5.299657
5.429293
5.276733
5.841915
5.732383
5.606265
5.446585
5.632671
5.092050
5.048817
5.352361
5.206031
5.186525
4.942719
5.211607
4.923095
5.281242
5.585555
5.270594
5.444948
5.790371
5.870745
5.780824
5.477892
5.270354
5.495931
5.619070
5.296440
5.116030
5.273315
5.629087
5.311504
5.355026
5.124432
5.405345
5.197811
5.544305
5.246107
4.912738
5.096251
5.213800
5.596551
5.270787
5.312991
5.463129
5.384902
5.495176
5.266909
5.257784
5.608013
5.769941
5.977936
5.723935
5.569475
5.242451
5.493513
5.552724
5.088175
5.165020
5.136739
5.203399
5.473662
5.657450
5.561785
5.813192
5.735491
5.714176
5.996013
5.829845
5.516155
5.427926
5.210426
5.264798
5.190501
5.247914
5.507103
5.614613
5.459394
5.406414
5.623111
5.356825
5.791474
5.771315
5.515701
5.498305
5.494176
5.410050
5.439978
5.619751
5.532571
5.444014
5.261862
5.519052
5.454318
5.344845
5.533061
5.637361
5.382927
5.430369
5.549982
5.505174
5.380859
5.405747
5.402188
5.767950
5.295433
5.187891
5.413035
5.719549
5.617524
5.288902
5.239363
5.519761
5.681617
5.467293
5.367357
5.795892
5.503713
5.552894
5.927604
5.658061
5.577514
5.423411
5.662017
5.595721
5.770922
5.756371
5.710751
5.221753
5.172258
5.019109
5.015489
5.007066
5.155914
5.380468
4.945198
4.847479
4.811494
5.093579
5.008402
4.889654
5.279601
5.331580
5.831027
5.563461
5.332905
5.407647
5.617687
5.484038
5.349933
5.346554
5.253495
5.060918
4.975472
5.759303
5.446858
5.446613
5.016481
4.956444
5.327108
5.438763
5.337947
5.359076
5.583672
5.726346
5.568489
5.278721
5.299578
5.356106
5.834039
5.496574
5.811493
5.623390
5.642201
5.411297
5.546861
5.523441
5.903393
5.530967
5.914624
5.971642
5.489603
5.739183
5.693826
5.986602
5.936093
5.769423
5.597098
5.500441
5.190067
5.842349
5.491940
5.470809
5.501617
5.425505
5.723575
5.925800
5.835695
5.437631
5.416088
5.168489
5.353577
5.408282
5.688467
5.427966
5.230900
5.026729
4.960882
5.645146
5.768076
5.230370
5.157452
5.150736
5.088976
5.173763
5.148704
5.394727
5.534731
5.599923
5.619871
5.469271
5.449061
5.610663
5.630610
5.176072
5.457808
5.104140
5.251849
4.900273
5.421632
5.283570
5.210050
5.261414
5.397717
5.276690
5.470428
5.309433
5.492759
5.427613
5.298952
5.338841
4.962601
5.076721
5.004634
5.289688
5.374099
5.288790
5.422885
5.484960
5.266077
5.241642
4.792431
4.706026
4.892762
5.154742
5.123038
5.313736
5.680811
5.190874
5.205760
5.103042
5.536903
4.917932
5.001645
5.505525
5.460034
5.088843
5.440569
5.633249
5.326107
5.508961
5.533092
5.781341
5.342395
5.291019
5.273712
5.481787
5.252096
4.957600
4.861421
5.014480
5.278137
5.447723
5.278612
4.955067
5.084820
4.977299
5.171305
5.345993
5.316666
5.251913
5.534528
5.087344
5.353590
5.147114
5.279111
5.224834
5.222219
5.320156
5.657454
5.354254
5.284515
5.422089
5.768707
5.515891
5.354920
5.398028
5.500381
5.175041
5.422412
5.269486
5.906656
6.054721
5.576142
5.465786
5.711200
5.639485
5.773539
5.910420
5.436595
5.332272
5.233883
5.412508
5.417208
5.340805
5.341328
5.615514
5.323152
5.397044
5.623750
5.376570
5.547798
5.365264
5.515145
5.713991
5.489970
5.347748
5.562488
5.571862
5.532250
5.448333
5.564357
5.410403
4.986475
5.299877
5.298844
5.512354
5.511196
5.512853
5.283736
5.540389
5.466049
5.319566
5.369275
5.258876
5.411929
5.500266
5.287428
5.156542
5.117211
5.215757
5.212204
5.440285
5.721071
5.810111
5.637863
5.523301
5.694532
5.761597
5.583575
5.595562
5.310296
5.831811
5.638213
5.122997
5.391465
5.369092
5.224514
5.422759
5.745261
5.756295
5.544886
5.538412
5.769699
5.514905
5.326890
5.399735
5.426817
5.268660
5.195839
5.182911
5.144899
5.175501
5.751635
5.611778
6.014537
5.919307
5.845750
5.771292
5.720029
5.887449
5.775757
5.898355
6.231690
6.084187
5.680149
5.757459
5.505362
5.843210
5.857164
5.533686
5.612215
5.575372
5.675764
5.513286
5.479313
5.216545
5.400613
5.792437
5.479702
5.842705
5.389313
5.602015
5.845524
5.601153
5.843348
5.810122
5.720164
5.503046
5.537529
5.270745
5.814968
5.746832
5.784139
5.751088
5.409183
5.480776
5.549412
5.239258
5.181242
5.119416
5.192614
5.252196
5.420651
5.294778
5.572260
5.566930
5.943946
5.754847
5.527118
5.863156
6.127522
5.916835
5.528207
5.378693
5.730751
5.034196
5.243413
5.431597
5.676514
5.610743
5.497739
5.528082
5.898832
5.449393
5.525281
5.272564
5.024824
5.022308
5.210388
4.992280
5.517531
5.483898
5.894121
5.552527
6.056055
5.771539
5.285977
5.276414
5.253762
5.382617
5.233903
5.355980
5.534554
5.582837
5.803284
5.760698
5.676283
5.222159
5.349033
5.255428
5.792361
5.369193
5.362187
5.359154
5.839752
5.843602
5.440369
5.322430
5.203199
5.368633
5.489129
5.332133
5.444257
5.442489
5.451986
5.449450
5.429935
5.213991
5.418035
5.681484
5.480974
5.279268
5.124593
5.004546
4.960563
5.789014
5.483577
5.612846
5.061038
4.963043
4.994434
4.928417
5.155320
5.245923
5.361344
5.577518
5.176651
5.679499
5.838924
5.546445
5.665442
5.547065
5.415502
5.383697
5.289667
5.846985
5.461950
5.870776
5.623464
5.605889
5.816856
5.818355
5.956909
5.812326
5.332198
4.992707
5.332629
5.379094
5.560267
5.564419
5.460196
5.576177
5.686194
5.529705
5.934163
5.574259
5.371938
5.401675
5.856731
5.312296
5.506341
5.616624
5.876110
5.411479
5.497422
5.417866
5.802124
5.750500
5.653541
5.702080
5.638890
5.076331
5.489006
5.399464
5.094517
5.110965
5.304391
5.271677
5.306630
5.255113
5.229464
5.503913
5.207609
5.225518
5.192923
5.416227
5.317647
5.159817
5.404985
5.254602
5.424658
5.379353
5.504695
5.327889
5.394477
5.544811
5.535719
5.309402
5.256588
5.417874
5.287506
5.228392
5.270463
5.211796
5.147226
4.993745
5.284662
5.557129
5.515456
5.221937
5.067606
5.303402
5.068168
5.080684
5.383600
4.956987
5.115827
5.746072
5.406940
4.867778
5.035523
5.222495
5.099333
5.294566
5.449404
5.721525
5.336530
5.150102
5.567767
5.542473
5.574255
5.500079
5.950816
5.569885
5.131087
5.677337
5.426576
5.649075
5.964858
5.659413
5.657731
5.498685
5.482451
5.310882
5.522533
5.160580
4.922084
5.003592
5.577258
5.447297
5.380480
5.607457
5.184828
5.287557
5.279536
5.400770
5.487135
5.509114
5.601321
5.437610
5.314977
5.291691
5.342339
5.166647
5.695303
5.289401
5.651016
5.743155
5.499124
5.815922
5.633641
5.551630
5.516103
5.677915
5.424512
5.138630
5.113781
5.452967
5.661928
5.761360
5.390104
5.220944
4.998151
5.364380
5.410419
4.943592
5.165148
5.635879
5.531011
5.376398
5.352762
5.574208
5.582070
5.127278
5.571341
5.319545
5.539431
5.417721
5.328054
5.403511
5.291570
5.466489
5.257167
5.449435
5.528437
5.541395
5.264393
5.177411
4.912013
5.414938
5.750134
5.551426
5.806333
6.060777
5.755573
5.409343
5.084440
5.414498
5.082026
5.347544
5.506531
5.328172
4.954501
4.867402
5.152170
5.212745
5.121082
5.240554
5.023023
5.346975
5.574689
5.483204
5.547120
5.587743
5.395824
5.323767
5.317091
5.461706
5.562793
5.309689
5.178579
5.041633
4.876872
4.809592
4.881297
5.573237
5.497109
5.459919
5.408455
5.334680
5.283370
5.419334
5.219635
5.428743
5.618301
5.610309
5.883059
5.730533
5.651832
5.569360
5.626713
5.622995
5.665265
5.298090
5.274827
5.000934
4.819618
5.081113
5.236350
5.282109
5.288098
5.329291
5.255836
4.987291
5.328647
5.246003
5.858472
5.807499
5.589402
5.533358
5.679723
5.461016
5.219815
4.997524
5.179460
5.299216
4.967287
5.052188
4.988865
4.941582
5.021268
5.450248
5.122586
5.384181
5.172010
5.180062
5.215019
5.296011
5.206050
5.110716
5.318824
5.060825
5.041229
5.110470
5.152620
5.231890
5.008135
5.190559
5.128702
4.920042
4.907471
4.943691
5.149981
5.340171
5.439906
5.179522
5.298041
5.211175
5.172391
5.067198
5.031554
4.920604
5.511993
5.490264
5.486579
5.596222
6.075779
5.584189
5.267200
5.333029
5.676516
5.834182
5.657721
5.878186
5.693661
5.881992
5.429848
5.354922
5.225161
5.688226
5.415145
5.195403
5.513536
5.739221
5.620800
5.804084
5.436207
5.626964
5.373525
5.182728
5.177518
5.350962
5.336928
5.365692
5.249878
5.335675
5.398959
5.162627
5.508332
5.562603
5.166470
5.264617
5.605173
5.222324
5.207062
5.133345
5.502935
5.195935
5.729826
5.501361
5.335842
5.143736
5.146479
5.035903
5.408643
5.266961
5.442631
5.353831
5.492500
5.450340
5.483423
5.676343
5.701693
5.640258
5.145426
5.258401
5.116905
5.017115
5.434992
5.808689
5.569783
5.297328
5.569854
5.410243
5.578668
5.185964
5.077577
5.056172
4.971164
5.058261
5.340514
5.319981
5.305315
5.434144
5.672024
5.633909
5.510331
5.425327
5.339151
5.723459
5.851591
5.300961
5.602427
5.664161
5.411757
5.371150
5.577651
5.401490
5.712240
5.503595
5.288589
5.117448
5.177044
5.094477
5.266860
5.820994
5.388193
5.531544
5.236883
5.260912
5.109400
5.163349
5.230099
5.330319
5.301620
5.215528
5.534300
5.388546
5.342317
5.554806
5.605707
5.319395
5.297778
5.665206
5.676956
5.596150
5.606885
5.331202
5.353759
5.261923
5.654699
5.464524
5.615997
5.273066
5.637689
5.547065
5.666376
5.814946
6.092210
5.660663
5.211144
5.565405
5.403274
5.518142
5.693222
5.445626
5.393643
5.502352
5.391930
5.322489
5.419008
5.370987
5.468181
5.606138
5.526466
5.648474
5.588314
5.615417
5.491027
5.326188
5.156223
5.501881
5.377802
5.210226
5.058882
5.185415
5.152152
5.025060
5.238259
5.333657
5.398372
5.553054
5.434772
5.264555
5.029222
4.819512
5.246899
5.210094
4.987694
5.068052
5.004614
5.176680
5.204520
5.147199
5.107351
5.073795
5.491831
5.557523
5.574648
5.747890
5.574774
5.671178
5.783599
5.512354
5.312519
5.449457
5.176264
4.951882
5.270227
5.562095
4.931569
5.155607
5.370866
5.282069
5.213744
5.584354
5.573752
5.698453
5.603237
5.181626
5.207729
5.061282
5.131945
5.154085
5.406674
5.910365
5.569573
5.305502
5.989033
5.384716
4.965443
4.858123
4.756221
5.093463
5.110447
5.284297
5.147498
5.161064
5.712646
5.795902
5.665107
5.929907
5.849837
5.694411
5.497000
5.403570
5.412404
5.568903
5.708443
5.915109
5.655683
5.659175
5.494366
5.131697
5.165568
5.444455
5.184272
4.888980
5.640648
5.377860
5.525362
5.558089
5.350911
5.861626
5.694155
5.500966
5.839155
5.800669
5.832193
5.415334
5.616025
4.912613
4.886889
5.219401
5.026155
4.867444
4.730697
4.596467
4.480709
5.428518
5.354800
5.257079
4.755621
4.973803
5.004892
5.251462
5.254292
5.192596
5.309175
5.315593
5.358710
5.346314
5.386667
5.460900
5.250570
5.109717
5.225924
5.186436
5.317150
5.261976
5.316962
5.389497
5.463646
5.473696
5.308454
4.995227
5.066217
5.290832
5.599368
5.845021
5.845926
5.796887
5.301728
5.338903
5.395517
5.263629
5.133687
4.931340
5.113149
5.516760
5.288205
5.357005
5.073931
5.411183
5.567474
5.664357
5.639693
5.216498
5.058316
5.280198
5.232628
5.345481
5.310598
5.388680
5.243795
5.249692
5.648604
5.303772
5.307144
5.543401
5.601632
5.031447
5.319889
5.600705
5.709801
5.992828
5.512593
5.730602
5.284877
5.321012
4.790562
4.932465
5.466969
5.406455
5.291526
5.185050
5.387426
5.339339
5.499651
5.371911
5.403505
5.481803
5.759123
5.971483
5.847245
5.972417
5.773876
5.656121
5.291688
4.996888
5.073116
5.221412
4.911835
4.986911
5.426904
5.665280
5.520299
5.405497
5.677308
5.809724
5.643514
5.454703
5.481077
5.167763
5.212432
5.258338
5.520732
5.519476
5.616347
4.959886
5.383631
5.618122
5.320391
5.612819
5.529037
5.597337
5.511730
5.901079
5.181493
4.983204
5.166243
5.700729
5.181061
5.371317
5.571068
5.285722
5.549356
5.501556
5.373408
5.541871
5.178774
5.592393
5.745320
5.589548
5.983073
5.912723
5.428109
5.352786
5.188692
5.623975
5.109305
5.405635
5.427545
5.729505
5.597172
5.542456
5.480933
5.156673
5.099882
4.863108
5.129215
5.266645
4.959434
5.177123
5.202090
5.349347
5.224636
5.017998
5.330664
5.366953
5.181053
5.208026
5.230654
5.565792
5.639080
5.946845
5.445276
5.478151
5.504542
5.668802
5.261113
5.427827
5.621655
5.792995
5.397161
5.219711
5.163357
5.199062
5.187540
5.198780
5.178050
5.449583
5.109021
5.824271
5.910443
5.684313
5.430402
5.103304
4.851181
4.968584
5.152346
5.336567
5.439823
5.394322
5.226259
5.343033
5.523645
5.589731
5.619992
5.396612
5.352216
5.751841
5.676906
5.395843
5.362992
5.442727
5.379410
5.289892
5.326642
5.222237
5.195042
5.121977
5.332495
5.467339
5.364215
5.334496
5.449248
5.585040
5.553809
5.330038
5.349815
5.347692
5.365187
5.268547
5.614310
5.542751
5.504105
5.429670
5.565815
5.490360
5.442635
5.723420
5.510727
5.313022
5.719987
5.730798
6.121049
5.631474
5.772496
5.510972
5.402884
5.380355
5.375877
5.388218
5.325443
5.036432
4.994737
5.277768
5.132996
5.328742
5.617331
5.275413
5.616012
5.280822
5.516311
5.645579
5.536696
5.384365
5.565509
5.464073
5.383983
5.386141
5.667485
5.953058
5.751036
