5.666963
5.526588
5.463481
5.304972
5.489514
5.393833
5.283809
5.335264
5.512528
5.226886
5.623270
5.491385
5.088984
5.394075
4.846522
4.975277
4.958825
5.388513
5.204603
5.359322
5.506241
5.468943
5.577903
5.567362
5.318117
5.715158
5.611258
5.728870
5.788469
5.562178
5.063874
5.338170
5.035374
5.037212
5.146064
5.046392
5.434068
5.542959
5.223729
5.329227
5.446112
5.125570
5.464940
5.589206
5.647019
5.788112
5.616441
5.460506
5.379993
5.503656
5.341735
5.107204
5.134027
5.137844
5.120534
4.915620
4.937699
4.877616
4.876049
4.961637
4.981931
4.824392
5.310984
5.432854
5.266046
5.148911
5.003903
5.183124
5.098154
5.033801
5.278470
5.075950
5.447728
5.363475
5.383846
5.215338
5.594766
5.448157
5.401417
5.580634
5.436068
5.468537
5.315655
5.382378
6.176181
5.926808
5.611361
5.286508
5.401821
5.414924
5.235177
5.453346
5.190500
5.380506
5.453136
5.578161
5.643800
5.574997
4.954083
4.776358
5.187348
5.042891
5.362036
5.357475
5.537373
5.648214
5.434137
5.420966
5.264586
5.390950
4.893142
5.062976
5.401085
5.056878
5.460417
5.370140
5.621079
5.502857
5.831363
5.839341
5.590021
5.373586
5.287489
5.658055
5.680627
5.618785
5.509221
5.394682
5.329794
5.099213
5.137765
5.432416
5.513474
5.395506
5.478660
5.202127
5.192710
5.301237
5.321009
5.037736
5.020217
5.438455
5.244985
5.170181
5.259750
5.432417
5.277152
5.554805
5.313190
5.154638
5.284113
5.531478
5.258494
5.442637
5.522755
5.365673
5.105688
5.426280
5.396990
5.309774
5.673015
5.831820
5.758376
6.050920
5.264867
5.123777
5.208533
5.730794
5.526627
5.702530
5.158555
4.955881
5.248986
5.707644
5.876241
5.391520
5.773230
5.860495
5.350464
5.375194
5.243957
5.303135
5.064428
5.306429
5.401894
5.271269
5.358017
5.148401
5.451075
5.773033
5.761484
5.688147
5.640569
5.785155
5.246189
5.458610
5.249159
5.439017
5.219847
5.385077
5.109647
4.921022
5.120124
5.081685
4.758312
5.121580
5.100035
5.586577
5.269262
5.117862
5.369789
5.397905
5.664820
5.686749
5.788335
5.975663
6.036474
5.777754
5.225073
5.083458
5.162131
5.381363
5.101469
5.229015
5.499382
5.794657
5.273356
5.543198
5.936563
5.507906
5.425240
5.757995
5.468991
5.013149
5.297948
5.220238
5.135851
5.407429
5.705079
5.633289
5.320546
5.820221
5.425153
5.261665
5.214902
5.432435
5.375508
5.300883
5.721083
5.562340
5.544257
5.967773
5.944597
5.456083
5.184482
5.501735
5.197678
5.003035
5.368674
5.273315
5.262321
5.332216
5.373770
5.379809
5.408084
5.649187
5.570334
5.374070
5.723555
5.757259
5.752041
5.528833
5.423921
5.337009
6.156900
5.916082
6.015871
6.269465
5.891958
5.532070
5.452381
5.437761
5.364640
5.182399
5.323496
5.733260
5.977001
5.309965
5.378365
5.332823
5.356014
5.310390
5.376853
5.094356
5.174240
5.365634
5.538473
5.353711
5.398504
5.420533
5.379679
5.125011
5.549671
5.536888
5.290681
5.226773
5.326570
5.117781
5.272001
5.371592
5.168747
4.780199
5.141828
5.382072
5.291684
5.468716
5.524783
5.388755
5.315061
5.473378
5.781029
5.546244
5.254582
5.247627
5.318521
5.073285
5.620723
5.345974
5.633746
5.431898
5.694569
5.552612
5.325114
5.410574
5.262703
5.270250
5.312602
5.206381
5.451464
5.045161
5.652985
5.634378
5.552829
5.707924
5.693223
5.579152
5.299342
5.252562
5.686117
5.757576
5.325848
5.429278
4.985249
5.123320
5.073445
5.179285
5.345700
5.190732
5.116021
4.980379
5.500407
5.465884
5.348088
5.338344
5.316481
5.295960
5.453968
5.669149
5.388938
5.144624
5.299048
5.070394
5.367626
5.399495
5.093859
5.291484
5.311438
5.408728
5.310801
5.249451
5.522810
5.504668
5.444452
5.467997
5.517395
5.790014
5.621975
5.392160
5.580575
5.448966
4.726318
4.903188
4.974630
5.098467
5.185684
5.513806
5.596272
5.497041
5.356673
5.438573
5.282565
5.343056
5.084328
5.024462
5.320864
5.326830
5.487370
5.593388
5.356944
5.171258
5.473884
5.364059
5.238833
5.705099
5.810295
5.607392
5.141692
4.996115
5.305110
5.587090
5.506061
5.509851
5.600418
5.117798
5.078116
5.278701
5.484452
5.569900
5.443842
5.520213
5.236796
5.586269
5.576974
5.255721
5.338381
5.242574
5.208297
5.380899
5.436422
5.407244
5.263839
5.227031
5.245897
5.437570
5.305745
4.858705
5.187337
5.577525
5.283102
5.261844
5.209027
5.203263
5.049103
5.308875
5.247803
5.415921
5.433990
5.599732
5.858494
5.762858
5.787537
5.479567
5.538120
5.697926
5.350612
5.411424
5.490670
5.522372
5.512260
5.383147
5.240880
5.343348
5.749430
5.690443
5.732986
5.606444
5.564913
5.405121
5.592351
5.474318
5.253542
5.060490
5.590979
5.309843
5.025080
4.957178
4.945513
5.235829
5.315866
5.458839
5.497599
5.431659
5.586816
5.614823
5.495387
5.292419
4.928184
4.977311
5.429484
5.665910
5.285093
5.536875
5.760693
5.770732
5.596668
5.693224
5.742532
5.780550
5.793233
5.870915
5.639216
5.461526
5.643612
5.948180
5.518522
5.574710
5.191748
4.882177
5.010582
4.868285
5.275473
5.341725
5.704694
5.707056
5.595169
5.439569
5.532611
5.497714
5.642375
5.524025
5.353604
5.380214
5.342069
5.588329
5.540891
5.365784
5.178693
5.428451
5.461792
5.636342
5.688840
5.670623
5.138271
5.220500
5.406456
5.908999
5.770636
5.743196
5.489385
5.767484
6.094810
5.494985
5.647841
5.548299
5.755408
5.967445
5.536001
5.656313
5.744937
6.024910
5.361531
5.373379
5.233223
5.525934
5.294169
5.387565
5.300479
5.270005
5.091309
5.035628
5.328993
5.312579
5.795715
5.704023
5.818164
5.913815
5.649554
5.483871
5.608783
5.332118
5.467834
5.540935
5.739280
5.915814
5.674297
5.441278
5.271495
5.517834
5.984706
5.490091
5.846967
5.923012
5.573911
5.156745
5.683297
5.595087
5.416986
5.466630
5.576307
5.457395
5.232281
5.699230
5.666308
5.513231
5.741791
5.659628
5.507648
5.476702
5.419419
5.596567
5.838255
5.739883
5.800537
5.579851
5.588520
5.202307
5.595822
5.209873
5.428798
5.178513
5.027425
5.069749
4.898413
4.954461
4.910583
5.161757
5.486357
5.327787
5.467726
5.468553
5.427546
5.339701
5.126037
5.458496
5.324941
5.468166
5.269642
5.257257
5.418927
5.493256
5.315671
5.260634
5.349351
5.470710
5.446771
5.167222
5.373260
5.277465
5.346328
5.590852
5.455147
5.351209
5.167749
5.174066
5.083835
5.218798
5.399409
5.637653
5.693034
5.333883
5.145465
5.309946
5.198749
5.755237
5.489284
5.665620
5.370668
5.568669
5.626238
5.758319
5.236734
4.863659
5.323112
5.397950
5.288323
5.345073
5.192929
5.086662
4.880412
5.272598
5.158620
5.237879
5.221752
5.385000
5.374937
5.190074
5.278101
5.594640
5.069155
5.321696
5.215294
5.293380
5.295393
5.612253
5.523317
5.288745
5.391980
5.017835
4.972356
5.488191
5.444902
5.448657
5.402577
5.587488
5.667687
5.606929
5.370506
5.441880
5.466084
5.321578
5.212186
5.124209
5.276678
5.063053
5.378504
5.513006
5.144953
5.156728
4.813262
4.922312
5.141546
5.289421
5.680143
5.533472
5.593348
5.862721
5.699973
5.320469
5.280590
5.481655
5.433134
5.384666
5.126190
5.293566
5.574222
5.680858
5.600044
5.421868
5.454670
5.370652
5.412952
5.453515
5.401657
5.312475
5.817016
5.761850
5.543878
5.691201
6.109901
5.848683
5.613545
5.368111
5.849103
5.597352
5.440788
5.337335
5.237681
5.462783
5.377483
5.223607
5.190973
5.511420
5.415554
5.500039
5.540457
5.504567
5.888315
6.069242
6.001873
6.045842
5.927247
5.546236
5.728048
5.960750
5.766052
5.819469
5.770082
5.309238
5.251402
5.555922
5.529480
5.574028
5.743160
5.734882
5.609401
5.557542
5.351502
5.016771
5.451840
5.631740
5.402700
5.602416
5.759084
5.534431
5.740069
5.638905
5.539905
5.491821
5.276158
5.591258
5.941078
5.668343
5.468682
4.931623
5.088029
4.922582
4.953778
4.876816
5.035063
5.223256
5.386742
5.732953
5.614759
5.428649
5.487689
5.605945
5.563033
5.207290
5.007631
5.016992
5.278856
5.135863
5.423156
5.463199
5.688684
5.698285
5.452090
5.227004
5.420905
5.445918
5.349650
5.468173
5.281863
5.227065
4.950415
4.858995
4.992528
5.119378
5.120936
5.243742
5.198766
5.327696
5.828055
5.184470
5.003190
5.227872
5.586719
5.369849
5.469540
5.857737
5.620996
5.797910
5.608348
5.628066
5.773621
5.527552
5.430653
5.259213
5.010576
4.974168
5.282083
5.408714
5.493811
5.665554
5.358689
5.635242
5.535195
5.370691
5.379755
5.689080
5.527494
5.410419
5.650332
5.678348
5.641911
5.736473
5.558832
5.746678
5.584081
5.551869
5.713610
5.921285
5.575088
5.620076
5.398611
5.150758
5.166689
5.074836
4.806081
5.014304
5.031500
5.086813
5.180634
5.156457
5.496885
5.123583
5.369040
5.302227
5.491483
5.358863
5.389284
5.374635
5.778244
6.198000
5.945928
5.490983
5.628402
5.272559
5.599662
5.569690
5.389745
5.364123
5.279613
5.531778
5.405172
5.334300
5.301023
5.378755
5.795932
5.741268
5.385051
5.046572
5.150782
5.309913
5.679066
5.548438
6.081183
6.202338
6.374378
5.717394
5.642965
5.472328
5.210551
5.265719
5.739499
5.524526
5.579743
5.440320
5.211518
5.262645
5.705545
5.415421
5.353084
5.229800
5.379890
5.578640
5.008639
5.391469
4.950563
5.252475
5.364216
5.098422
5.235350
5.341368
5.168204
5.081419
5.405456
5.212719
5.267290
5.155504
5.638866
5.866924
5.430630
5.401189
5.069401
5.295230
5.375390
5.386611
5.328923
5.281481
5.580734
5.556431
5.456679
5.379563
5.368936
5.361045
5.328928
5.686404
5.545077
5.391662
5.474824
4.920443
5.087425
5.550346
5.812057
5.932576
5.455129
5.327843
5.508213
5.240686
5.658972
5.866475
5.180044
5.485554
5.438145
5.409915
5.325632
5.410277
5.607761
5.647811
5.870222
5.639987
5.251829
5.064441
5.109975
5.434774
5.375305
5.455874
4.906425
5.280786
5.105785
5.135013
5.281054
5.347625
5.513654
5.640820
5.648938
5.496205
5.297360
5.282435
5.313323
5.233763
5.227261
5.476312
5.290807
5.608177
5.631864
5.869713
5.761311
5.630179
5.472524
5.361713
5.676099
5.726100
5.753025
5.200865
5.097247
5.212673
5.457761
5.760710
5.646061
5.347497
5.214522
4.983748
5.113623
5.059917
5.439742
5.392191
5.562373
5.382766
5.363748
5.109566
5.746110
5.514250
5.160750
5.184523
5.283779
5.252940
5.364176
5.480914
5.348263
5.596057
5.482640
5.235824
5.483165
5.398938
5.798418
5.500328
5.668741
5.643721
5.383200
5.446273
5.465285
5.384503
5.427422
5.204454
5.457021
5.550751
5.415348
5.452152
5.012685
5.140557
5.312166
5.469356
5.541955
5.552912
5.559287
5.637997
5.608555
5.209528
5.471811
5.283696
5.116547
5.232379
5.529618
5.210709
5.528448
5.662376
5.712737
5.776119
5.322200
5.457349
5.527850
5.148808
5.183637
5.181167
5.062658
5.294768
5.185760
5.426101
4.989506
4.957222
4.936108
5.162195
5.393526
5.333471
5.331699
5.294116
5.788348
5.689816
5.459879
5.223486
5.319814
5.401987
5.464263
5.443182
5.177161
5.409848
5.258186
5.301249
5.982070
5.525124
5.388753
5.009326
5.034512
5.164317
5.361311
5.077770
5.026148
5.630094
5.997876
5.824551
5.590957
5.897034
5.588581
5.281615
5.285963
5.378104
5.423317
5.462056
5.702504
5.766656
5.197611
5.534036
5.317676
5.262454
5.350152
5.537392
5.474746
5.592220
5.600965
5.334326
5.303237
5.419016
5.270877
5.291400
5.017834
4.999963
5.280700
5.236172
5.310091
5.212912
4.859176
4.706673
4.989000
5.243492
5.507354
5.633744
5.909085
5.914179
5.280878
5.327247
5.415213
5.218758
5.341086
5.561609
5.774393
5.238568
5.510530
5.528327
5.604962
5.805673
5.569786
5.464371
5.753433
5.695473
5.212638
4.874639
4.939548
5.229948
5.374086
5.461963
5.689313
5.872689
5.815680
5.518496
5.548022
5.636309
5.791881
5.613907
5.273262
5.268484
5.110316
5.270753
5.673793
5.606367
5.511715
5.311859
5.185305
5.062546
5.467817
5.619722
5.519518
5.459843
5.251838
5.671105
5.601232
5.620501
5.507872
5.408930
5.636360
5.389149
5.551715
5.417229
5.224030
4.966572
5.333237
5.271396
5.061466
5.284844
5.279147
5.247756
5.553480
5.238637
5.282988
5.378439
5.339398
5.159801
4.983920
5.199649
5.390697
5.313497
5.326193
5.260156
5.410454
5.773230
5.954390
5.822845
5.479543
5.384460
5.592464
5.470881
5.353040
5.539719
5.958365
5.856357
5.401820
5.276014
5.405883
5.645811
5.612461
5.490408
5.338677
5.726833
5.648057
5.612136
5.515191
5.534505
5.566940
5.492149
5.507573
5.345350
5.497538
5.414388
5.480482
5.616161
5.674778
5.398190
5.154347
5.205775
5.287770
4.958357
5.458013
5.507659
5.539055
5.234183
5.443890
5.086663
5.328508
5.336824
5.135735
5.211710
5.806986
5.811766
5.812243
5.414842
5.481727
5.313127
5.555694
5.641834
5.216512
5.016920
5.502480
5.286448
5.397045
5.444097
5.568497
5.543078
5.601845
5.427305
5.395466
5.728734
5.671821
5.412075
5.683770
5.626190
5.414240
5.536637
5.022661
5.134617
5.464816
5.799546
5.407892
5.882115
5.792185
5.608739
5.873926
5.526638
5.193520
5.061364
5.141838
4.976671
4.539678
4.588792
4.841076
4.999855
5.097763
5.603478
5.469989
5.528970
5.296466
5.570829
5.184821
5.526410
5.437584
5.462601
5.452918
5.326322
5.179120
5.119110
5.635024
5.383037
5.655015
5.322883
5.689170
5.641350
5.807395
5.491178
5.550455
5.473625
5.577446
5.663848
5.794437
5.456475
5.781960
5.570964
5.114171
5.099626
5.264058
5.342531
5.005530
5.229762
5.147813
4.963219
4.827549
5.116064
5.285836
5.253540
5.224276
5.306744
5.235534
5.010312
5.614087
5.243817
5.685306
5.412413
5.188189
5.013384
5.204738
5.745933
5.687321
5.827731
5.667560
5.391086
5.198118
5.494855
5.471971
5.455274
5.538888
5.405660
5.430896
5.573329
5.792833
5.822218
5.540704
5.474384
5.209030
5.635020
5.724903
5.533795
5.611202
5.595892
5.540029
5.518973
5.319684
5.547433
5.625556
5.859155
5.459806
5.825294
5.476804
5.526462
5.784135
5.597738
5.413421
5.190987
5.306388
5.504118
5.583271
5.424133
5.575822
5.651110
5.298533
5.450009
5.092007
5.356670
5.245885
5.040456
5.529514
5.385175
5.251016
5.294780
5.237795
5.256487
5.130932
5.467639
5.330308
5.219620
5.428786
5.373058
5.479885
5.355919
5.527131
5.523408
5.710711
5.160600
5.695784
5.526354
5.085630
5.657616
5.227747
5.660638
6.076909
5.326500
5.331412
5.285363
5.684713
5.943050
6.225410
6.054009
6.158967
5.708735
6.063327
5.457670
5.599302
5.944860
5.948986
5.643333
5.300858
5.238641
5.178634
5.180680
5.399294
5.532097
5.293736
5.166153
5.233089
5.440370
5.387266
5.636568
5.613664
5.201548
5.333691
5.374093
5.701242
5.398556
5.462122
5.589813
5.103939
5.280264
5.408066
5.337508
5.421270
5.394286
5.219877
5.588994
5.180194
5.134718
5.245273
5.094423
5.290988
5.174176
5.353890
5.357482
5.307624
5.224215
4.936475
4.995445
5.408308
5.466047
5.467101
5.680776
5.582040
5.362672
5.225815
5.647013
5.301870
5.395170
5.078990
4.923415
5.449315
5.339910
5.576580
5.594005
5.475455
5.726730
5.791311
5.558142
5.470250
5.044114
5.055222
5.364671
5.436321
5.593673
5.311952
5.411983
5.653812
5.702188
5.453641
5.243031
5.263079
5.436845
5.298150
5.489508
5.649575
5.663407
5.475740
5.881961
5.399945
5.197062
5.528174
5.454653
5.526742
5.573490
5.581023
5.264737
5.159790
5.030675
5.222690
5.183171
5.432422
5.382647
5.415440
5.869987
5.842483
5.392127
5.397178
5.610644
5.246778
5.314036
5.236522
5.322107
5.202106
5.515253
5.282656
5.344986
5.079798
5.101744
5.385214
5.446242
5.259264
5.575664
5.176846
5.102366
5.156367
5.261748
5.238279
4.937180
4.808197
5.061978
5.177719
5.427913
5.568520
5.274042
5.063062
5.424462
5.111719
5.463877
5.561673
5.655420
5.532522
5.597384
5.548921
5.563837
5.353024
5.219086
5.053293
5.296341
5.254868
4.989227
5.137894
5.034726
5.393863
5.525397
5.409961
5.229456
5.510575
5.229466
5.344735
5.131684
5.318620
5.574957
5.384413
5.380752
5.398599
5.876426
5.876716
5.793767
5.545369
5.636315
5.664793
5.507855
5.191089
5.154953
5.097501
5.265893
5.368299
5.649355
5.475247
5.386082
5.288140
5.753689
5.823984
5.480915
5.863976
5.889386
5.658742
5.483436
5.389865
5.402875
5.199049
5.219898
5.684799
5.758986
5.975353
5.633289
5.510570
5.374533
5.305646
5.445112
5.211965
5.420089
5.447667
5.542985
5.466809
5.730847
5.352559
5.706027
5.360082
5.364176
5.751819
5.621925
5.366374
5.341900
5.218728
5.095274
5.129889
5.313537
5.189028
5.028164
5.062748
5.093057
5.277363
5.156695
5.286881
5.376449
5.387625
5.228714
5.605234
5.324415
5.247262
5.232097
5.590651
5.639249
5.614000
5.348761
5.402406
5.616510
5.242422
5.147469
5.191178
5.382729
5.363182
5.261519
5.292107
5.453536
5.514592
5.438024
5.542683
5.253493
5.254906
5.379697
5.598385
5.557944
5.575797
5.581753
5.140426
5.472063
5.545629
5.420220
5.328057
5.349424
5.214616
5.497155
5.636777
5.673153
5.738749
5.464447
5.634594
5.730173
5.568582
5.243432
5.325372
5.379009
5.567446
5.534598
5.367607
5.262892
5.526844
5.508120
5.407433
5.717314
5.449218
5.409711
5.744107
5.271933
4.759919
5.169717
5.217741
5.683315
5.205957
5.595624
5.367086
5.674668
5.726305
5.310914
5.880744
5.767647
5.606187
5.350555
5.608485
5.586302
5.613964
5.454305
5.497806
5.205335
5.436199
5.521041
5.346428
5.200473
5.422092
5.610860
5.721999
5.132882
5.237944
5.310082
5.212641
5.487598
5.560801
5.678151
5.420435
5.373879
5.637898
5.565326
5.541302
4.864949
5.117283
5.451815
5.116479
4.814243
5.180257
5.213234
5.505639
5.371409
5.156905
5.321678
4.906436
5.279499
5.323349
5.450035
5.435287
5.523831
5.247486
5.263666
5.371694
5.183452
5.327399
5.224054
5.411710
4.852970
4.747746
5.017918
5.156066
5.260492
5.134336
5.329804
5.092395
5.317326
5.252028
5.462287
5.272481
5.508179
5.103021
5.354925
5.498662
5.443285
5.296518
5.705934
5.299346
5.286128
5.284366
5.368828
5.538389
5.003270
5.116310
5.027304
5.099744
5.138420
5.210365
5.498948
5.353418
5.572361
5.228982
5.159698
5.214168
5.527807
6.049366
5.677855
5.725717
5.237408
5.799963
5.647017
5.300419
5.500275
5.507582
5.283502
5.307504
5.335202
5.090440
5.084148
4.963923
5.341524
5.395091
5.440015
5.654893
5.538031
5.130428
5.287380
4.975264
4.992218
5.022658
4.885252
4.602946
4.644026
4.904964
4.848176
4.710984
5.106105
5.108211
5.538352
5.458781
5.326176
5.672788
5.389823
5.412027
5.499677
5.464503
5.872476
5.644238
6.196350
5.721593
5.698395
5.521308
5.350944
5.333400
5.447199
5.521631
5.522569
5.650177
5.842122
5.859095
5.763982
6.036264
5.701406
5.948367
5.779804
5.119644
5.239394
5.653476
5.317998
5.178141
5.183753
5.100520
5.027403
5.400612
5.526190
5.050453
5.355287
5.235981
4.957910
5.343308
5.675636
5.499629
5.433299
5.616536
5.435783
5.379967
5.273418
5.292398
5.088633
4.982515
5.095813
4.880147
5.004598
4.844815
5.001820
4.974712
5.026343
4.963081
5.216701
5.329455
5.790396
5.756030
5.856113
6.065124
5.699166
5.562916
5.361710
5.685936
5.475622
5.697636
5.801655
5.682191
5.850910
5.871705
5.823058
5.590653
5.511711
5.504102
5.460862
5.495160
5.223805
4.966736
4.945729
5.149545
5.654463
5.725887
5.794380
5.413835
5.484609
5.829027
5.305340
5.287566
5.395223
5.473297
5.423788
5.321111
5.212766
5.550734
5.860502
5.470374
5.270827
5.137743
5.413009
5.423082
5.262820
5.351011
5.182892
5.323367
5.576963
5.564617
5.601621
5.570247
5.054908
5.495888
5.351085
5.618625
5.474685
5.569666
5.388113
5.340948
5.146811
5.069205
5.271558
5.367430
5.540061
5.992293
5.588118
5.416371
5.123169
5.013340
4.979036
5.212623
5.041932
5.397245
5.665515
5.317160
5.403827
5.355484
5.643266
5.413648
5.378642
5.142459
5.308575
5.185878
5.406094
4.916368
5.253785
5.509175
5.464521
5.160841
4.954289
5.894457
5.774376
5.980069
5.786342
5.411539
5.384677
5.428692
5.565500
5.423881
5.372597
5.415283
5.415706
6.024574
6.043463
6.169758
5.776507
5.509963
5.430113
5.579983
5.174126
5.475028
5.708078
5.659743
5.531816
5.364714
5.501717
5.142522
5.319201
5.245521
5.390723
5.593210
5.125854
5.428947
5.381917
5.515264
5.202911
5.345785
5.289801
5.347192
5.433824
5.556648
5.449162
5.172908
5.383442
5.325519
5.268455
5.507333
5.413716
5.623981
5.789904
6.092897
6.125977
6.022957
5.621230
5.673830
5.620181
5.165571
5.129707
5.192507
5.172851
5.019149
5.109080
5.479606
5.459726
5.692113
5.528499
5.236544
5.472792
5.431164
5.566807
5.853350
5.655176
5.606120
5.457760
5.282728
5.454033
5.219832
5.104040
5.031354
5.072358
5.109387
5.315521
5.077574
5.122692
5.100260
4.855688
4.723806
4.944945
5.001723
4.745924
4.809325
5.309067
5.184586
5.655148
5.504070
5.457685
5.651099
5.439777
5.419487
5.444802
5.336840
5.586275
5.484313
5.930334
5.448851
5.520641
5.463667
5.708795
5.837026
5.491860
5.692895
5.307684
5.431995
5.209291
5.365948
5.186100
5.364661
5.197445
5.632557
5.622322
5.321846
5.264364
5.541936
5.785969
5.568015
5.373550
5.165364
4.998886
5.271754
5.304915
5.270224
5.340620
5.104002
5.507867
5.174397
5.379006
5.588130
5.835153
5.812436
5.442275
5.409697
5.732958
6.407594
6.064954
5.576847
5.558721
5.537349
5.459924
5.721906
5.487451
5.333732
5.261857
5.184506
5.282513
5.232515
5.434495
5.559559
5.675900
5.295026
5.376792
5.496160
5.376024
5.498235
5.199529
5.261297
5.477716
5.264538
5.240263
5.574691
5.463520
5.382505
5.688427
5.520694
5.658226
5.631075
5.493873
5.533115
5.465263
5.360606
5.149740
5.243049
5.494961
5.455348
5.972885
6.132925
5.783808
6.063956
5.834679
5.797415
5.264063
5.322183
5.176830
5.696377
5.914233
5.286102
5.062496
5.511000
5.471383
5.593126
5.243734
5.710777
5.545436
5.384552
5.363428
5.314385
5.316200
5.333467
5.200461
5.715732
5.245321
5.667261
5.734533
5.534463
5.668505
5.816600
6.153772
5.945482
5.594689
5.251914
5.595135
5.567236
5.399039
5.377125
5.026538
5.186862
5.531060
5.351169
5.203713
5.388104
5.045121
5.181899
5.390957
5.347400
5.176360
5.077621
4.949588
5.300402
5.132726
5.490828
5.648668
5.327385
5.192443
5.456806
5.234861
5.683561
5.241464
5.546936
5.256887
5.400248
5.215497
5.468325
5.406959
5.204795
5.195249
5.578795
5.777858
5.324056
5.612854
5.791525
5.626822
5.569492
5.445194
5.614516
5.739418
5.555519
5.476864
5.279847
5.566501
5.426442
5.170509
5.369661
5.186442
5.627177
5.533275
5.269075
5.330909
5.599738
5.308823
5.215051
5.268197
5.190298
5.293501
5.203187
4.972014
5.141491
5.011879
5.605640
5.868637
5.594914
5.794398
5.852074
5.499321
5.528397
5.186405
5.177447
5.312501
5.365927
5.141246
5.233965
5.566005
5.533801
5.644174
5.850218
6.094243
5.490830
5.677574
5.485243
5.357404
5.591116
5.738361
6.048517
5.972421
5.939494
5.917868
5.506368
5.399548
5.316998
5.782465
5.492422
5.473845
5.539380
5.715335
5.727638
5.690515
5.517300
5.300391
5.607158
5.615568
5.357358
5.489468
5.443112
5.786838
5.476334
5.314748
5.515793
5.332238
5.394802
5.535089
5.396790
5.233831
5.200209
5.406541
5.939518
5.832530
5.353204
5.399760
5.584376
5.880129
5.489833
5.775920
5.506183
5.198236
5.295061
5.579405
5.453789
5.484947
5.411752
5.398920
5.582439
5.190951
5.241283
5.273167
5.223808
5.097544
5.070186
5.004764
5.042750
5.425173
5.515849
5.850339
5.771920
5.362043
5.310493
4.935857
4.859987
4.948570
5.210334
5.312727
5.639535
5.536980
5.509363
5.301268
5.488102
5.174995
4.961114
4.988357
5.231128
5.535780
6.127698
5.440740
5.574371
5.523161
5.364648
5.499849
5.532528
5.603862
5.592142
5.336307
5.104430
5.407306
5.325991
5.019317
5.159797
5.054506
5.084476
5.414052
5.184445
5.316572
5.579324
5.818480
5.924909
5.474484
5.481312
5.530716
5.352715
5.514189
5.270268
5.054966
5.481264
5.253194
5.541024
5.250809
5.252474
5.383458
5.624138
5.516758
5.628527
5.330291
5.171278
5.224276
5.133146
5.148621
5.292399
5.036242
5.172896
5.195815
5.306442
5.167914
4.976861
5.274834
5.132901
5.294642
5.687755
5.396200
5.566098
5.184257
4.903925
5.270097
5.535129
5.382518
5.946692
5.394653
5.411422
5.301566
5.760998
5.626485
5.353225
5.116923
5.176162
5.250706
5.317854
5.370765
5.402429
5.398247
4.951789
5.308392
5.548614
5.468928
5.384448
5.120072
5.385225
5.233772
5.309164
5.454440
5.078012
5.138601
5.201394
5.200602
5.243598
5.389399
5.451785
5.411705
5.571675
5.534263
5.361309
5.222854
5.359163
5.503467
5.288067
5.564309
5.474759
5.626587
5.586091
5.523072
5.677499
6.242158
6.092904
5.815990
5.445550
5.129160
5.301322
5.311455
5.366299
5.758920
5.419113
5.411442
5.640607
6.061009
5.591217
5.281181
5.361238
5.544565
5.355590
4.815497
5.354439
5.321062
5.268944
5.560314
5.545301
5.646667
5.343979
5.361837
5.616996
5.511710
5.829141
5.302130
5.195316
5.147236
4.951097
5.414367
5.452179
5.394263
5.506500
5.176148
5.351485
5.590211
5.188918
5.504128
5.434566
5.480715
5.238193
5.423085
5.277357
5.179719
5.142070
5.215384
5.363270
5.486974
5.269285
5.564468
5.084531
5.141496
5.546773
5.708213
5.839003
5.377606
5.351932
5.415410
5.216765
5.286943
5.078450
5.325875
5.318617
5.573098
5.413186
5.279497
5.369351
5.879212
5.808764
5.496304
5.145717
4.847318
5.285749
4.855498
5.205648
5.213038
5.279844
5.125608
5.158328
5.296564
5.626691
5.571097
5.388847
5.653403
5.210502
5.381956
5.036855
5.152957
5.335125
5.483000
5.252297
5.374883
5.049028
5.070561
5.099059
5.242067
5.277072
5.357441
5.236224
5.107265
5.526732
5.309552
5.651312
5.362149
5.952192
6.081571
5.777180
5.683277
6.159878
5.813120
5.738643
5.444067
5.001280
5.302386
5.388906
5.501594
5.413470
5.366609
5.439460
4.989867
5.056668
5.149789
5.438007
5.225820
5.279207
5.511456
6.160593
5.501294
5.567232
5.260203
5.489685
5.449271
5.407149
5.575272
5.444980
5.722801
5.399718
5.181885
4.970321
5.176407
5.359934
5.491346
5.540995
5.227212
5.235722
5.198487
5.384605
5.392074
5.458298
5.646113
5.140939
5.329707
5.285903
5.244465
5.576553
5.736801
5.884419
5.511452
5.647422
5.739551
5.556795
5.547124
5.776414
5.449056
5.724010
5.497322
5.451091
5.596876
5.388919
5.249111
5.190151
5.369165
5.487041
5.342723
5.367229
5.598929
6.177863
5.669439
5.889079
5.706773
5.674031
5.371731
5.367077
5.612803
5.518300
5.117440
5.269959
5.627500
5.660865
5.804563
6.160241
5.879942
5.756106
5.629576
5.557785
5.309639
5.200640
5.217604
5.020447
5.174253
5.413265
5.291147
5.647640
5.595142
5.769680
5.722689
5.651834
5.298331
5.139454
5.330503
5.465223
5.242051
5.650025
5.198048
4.978478
5.259557
5.527402
5.320980
5.583201
5.508059
5.168134
5.439644
5.544112
5.408182
5.545383
5.367195
5.496279
5.095458
5.414889
5.200395
5.130476
5.508879
5.381801
5.350630
5.672666
5.520081
5.772364
5.847340
5.566750
5.484380
5.176787
5.203239
5.180160
5.180743
5.346993
5.301855
5.376318
5.586758
5.794084
5.864764
5.350907
5.372258
5.386475
5.376200
5.166463
5.210621
5.183458
5.005108
5.144844
5.596513
5.671561
5.512347
5.347635
5.637651
5.377691
5.457232
5.326687
5.094127
5.050743
5.101929
4.925475
4.900722
4.931938
5.004151
5.069623
5.588386
5.892645
5.317508
5.668511
5.303533
5.263110
5.391887
5.577353
5.381399
5.405895
5.417109
5.432785
5.607062
5.700445
5.120415
5.309204
5.279720
5.269255
5.094785
5.144372
5.371455
5.803602
5.946286
6.128514
5.369338
5.589179
5.362008
5.171545
5.185395
5.569090
5.429906
5.456743
5.104867
4.912817
4.819781
5.345217
5.439117
5.500371
5.516730
5.268781
5.061873
5.063888
4.998883
5.403363
5.535252
5.685756
5.446684
5.314234
5.292689
5.193946
5.122145
5.113819
5.454556
5.196972
5.612067
5.321306
5.089695
4.945944
4.769914
5.021036
5.871524
5.562883
5.206714
5.442186
5.310074
5.187871
5.138748
5.360506
5.502715
5.308609
5.335713
5.353019
5.360950
5.141451
5.140601
5.558065
5.454148
5.467483
5.801854
5.726520
5.598662
5.592041
5.355555
5.536646
5.157236
5.513962
5.254831
5.200508
5.118382
5.296935
5.268626
5.297977
5.074964
4.952656
4.853888
4.809669
5.301940
5.470843
5.152276
5.114985
5.470454
5.217223
5.278352
5.426275
5.120097
5.432448
5.619041
5.441177
5.119879
5.485868
5.525672
5.124159
4.896063
4.980318
4.970701
5.312069
5.416953
5.225367
5.441191
5.937451
5.830279
5.465819
5.395552
5.337206
5.399262
5.932709
5.908409
5.683293
5.446742
5.695996
5.545614
5.495503
5.973628
5.906279
5.497587
5.588351
5.431582
5.408382
5.168353
5.200422
5.262370
5.366887
5.285012
5.636030
5.403446
5.292007
5.297894
5.261184
5.157544
5.277028
5.029250
4.918605
5.241825
4.890750
4.727915
4.885686
4.785901
5.391219
5.280278
5.238813
5.478583
5.671612
5.537939
5.457861
5.061401
5.135768
5.626134
5.619994
5.332969
5.277928
5.200671
5.393778
5.405359
5.824198
5.982177
5.373123
5.808671
5.356361
5.340301
5.229491
5.477735
5.631104
5.681026
5.368459
5.055849
5.217947
4.883574
5.365977
5.611842
5.301332
5.640789
5.574132
5.161075
5.412651
5.266347
5.222344
5.318991
5.112678
5.129730
5.341331
5.158370
5.409589
5.165257
5.386145
5.016964
5.089947
4.993442
5.510916
5.604705
5.477703
5.447793
5.323701
5.069137
5.312762
5.188520
4.993722
4.915587
5.002756
5.191011
5.509414
4.842425
4.901553
4.866420
5.287300
5.303635
5.272448
5.580066
5.430966
5.398550
5.614782
5.283905
5.215283
5.141577
5.095643
5.337075
5.130147
5.134718
5.186909
5.147665
5.404298
5.280239
5.652211
5.631778
5.906571
5.815906
6.004186
5.880212
5.581166
5.537649
5.254524
5.581668
5.595802
5.559065
5.526060
5.347643
5.356192
5.377270
5.570653
5.445352
5.375467
5.227255
5.336763
5.460635
5.340387
5.268826
5.121252
4.899920
5.450508
5.247348
5.564735
5.509026
5.361891
5.445777
5.200769
5.210242
5.348560
5.567413
5.701123
5.892556
5.469786
5.276017
5.239439
5.120627
5.077117
5.140890
5.193650
5.408231
5.291298
5.328202
5.562749
5.134761
5.186125
5.545931
5.375750
5.002796
5.083615
5.071418
4.937333
5.410353
5.405666
5.571564
5.419117
5.524776
5.542882
5.408680
5.338420
5.302815
5.582691
5.669608
5.619437
5.715794
5.891442
5.859239
5.740484
5.307041
5.559538
5.350404
5.326686
5.323082
5.650377
5.418038
5.508910
5.302328
5.382075
5.337439
5.132611
5.024057
5.094113
5.370198
5.458196
4.995233
4.902333
5.044506
5.335014
5.581097
5.620256
5.355424
5.637404
5.447297
5.454205
5.706602
5.639997
5.616154
5.846573
5.798080
5.529312
5.119192
4.971960
5.492124
5.211369
5.231447
5.243715
5.129111
5.413533
5.592377
5.463831
5.472625
5.298288
5.228337
5.078852
5.153185
5.177587
5.456235
5.283501
5.379420
5.175058
5.622917
5.440216
5.359925
5.309328
5.510428
5.404514
5.845991
6.042753
5.629300
5.290605
5.443175
5.607996
5.345019
5.347397
5.705567
5.382293
4.956000
5.386672
5.307187
5.413830
5.464405
5.412742
5.277237
5.507177
5.587209
5.810751
5.613269
5.758030
5.528543
5.193657
5.085730
5.476209
5.484307
5.528508
5.812219
5.777013
5.512537
5.402809
5.219197
4.745299
5.179208
5.021294
5.113410
5.379474
5.392226
5.481610
5.364797
5.288934
5.209738
5.374006
5.842752
5.668898
5.257863
5.030591
5.071361
5.278196
5.388289
5.318912
5.412796
5.448070
5.238900
5.391197
5.393786
4.935124
5.066731
5.169100
5.271205
5.606567
5.649674
5.557361
5.401767
5.656279
5.611096
5.305001
5.300069
5.266974
5.236012
5.394378
5.637403
5.552318
5.344956
5.263050
5.328624
5.168716
5.035282
5.100426
4.855689
5.575810
5.713508
5.502942
5.246788
5.114868
5.152291
5.419188
5.430331
5.308703
5.389661
5.330171
5.369106
5.248890
5.151562
5.415508
5.509270
5.472393
5.432151
5.277429
5.759339
5.585018
5.412135
5.240220
5.201080
5.320360
4.995097
5.118669
5.443819
4.962232
5.075575
5.174100
5.128201
5.181952
5.253999
5.848485
5.573296
5.497266
5.238010
5.271416
4.827437
5.200961
5.220424
5.447222
5.532597
5.630418
5.531663
5.523041
5.564881
5.365013
5.254799
5.135941
4.981714
5.177786
5.261893
5.747776
5.371313
5.502202
5.504732
5.126840
5.245310
5.338705
5.337492
5.405987
5.506663
5.268743
5.168280
5.061886
5.014519
5.032217
5.502624
5.237985
5.207846
5.584022
5.405411
5.318404
5.301605
5.721036
5.349953
5.329592
5.277622
5.694854
5.300942
5.215819
5.764481
5.339429
5.616366
5.822610
5.683627
5.826607
5.742264
5.505804
5.175060
5.312088
5.510559
5.409901
5.591497
5.788906
5.464367
5.156258
5.082876
4.957674
5.283843
5.289770
5.354732
5.163399
5.234058
5.512346
5.711209
5.883359
5.571951
5.262041
5.341428
5.068077
5.295042
5.477666
5.587113
5.512592
5.070545
5.166451
5.255610
5.529759
5.366814
5.665319
5.426792
5.912723
5.443387
5.793079
5.417748
5.441512
5.662938
5.573643
5.682493
5.301709
5.304334
5.546821
5.227445
5.375050
5.375815
5.271919
5.062723
5.196874
5.618983
5.405723
5.665335
5.576259
5.678406
5.280411
5.308475
5.272910
4.987216
4.968595
5.372724
5.119917
5.241918
5.601806
5.535994
5.637351
5.561191
5.363191
5.595627
5.479331
5.111286
4.961100
5.212671
5.654775
5.352835
5.601345
5.483692
5.385757
5.207621
4.996281
5.166824
5.414541
5.343749
5.131339
5.265365
5.339544
5.662599
6.016724
5.746071
5.750098
5.229903
5.353405
5.801050
5.526961
5.115129
5.402363
5.595815
5.295926
5.315806
5.041075
5.359473
5.111458
5.027047
5.211775
5.355083
5.686560
5.724555
5.351400
5.466332
5.322180
5.171297
5.189590
5.303291
5.464300
5.629862
5.812979
5.379869
5.704751
5.325094
5.167884
5.455586
5.401375
5.295250
5.462458
5.199530
5.297096
5.133543
5.393192
5.396596
5.389110
5.465909
5.656816
5.639612
5.381758
5.307402
5.471178
5.663943
5.530559
5.164412
5.553231
5.366834
5.484758
5.655908
5.465410
5.601133
5.685544
5.797398
5.739173
5.210638
5.126189
5.232012
5.528262
5.400305
5.722779
5.554486
5.328139
5.249879
5.663980
5.512839
5.255089
5.220589
5.114821
5.090291
5.502164
5.671823
5.712241
5.592854
5.353728
5.388464
5.552897
5.878685
5.211035
5.154222
5.664610
5.403033
5.306929
5.227820
5.196870
4.933112
5.085710
5.159909
5.195655
5.519112
5.475224
5.527822
5.224239
5.180524
5.354318
5.390726
5.450699
5.070540
5.291450
5.271585
5.630455
5.598467
5.458402
5.142326
5.421661
5.226080
5.325285
5.476276
5.344441
5.387851
5.263553
5.397737
5.449377
5.364255
5.440688
5.629964
5.412617
5.499714
5.717497
5.631534
5.373180
5.200699
5.392761
5.117005
5.817067
5.649040
5.438344
5.599450
5.374123
5.155770
5.613294
5.164861
5.385322
5.701105
5.536511
5.316119
5.451722
5.396041
5.539301
5.542642
5.535387
5.652273
5.518723
5.131126
5.395132
5.574613
5.322662
5.239841
5.237626
4.994619
5.188721
5.276915
5.405871
5.002459
5.096607
5.085177
5.160880
5.147982
5.256529
5.136980
5.195931
5.162775
4.947243
5.320307
5.516924
4.769121
5.003876
5.131267
5.073047
5.292443
5.350660
5.302385
5.379887
5.188166
5.268083
4.881191
5.070296
5.283969
5.579237
5.606466
5.216233
5.267534
5.037156
5.222097
5.213960
5.430348
5.331065
5.314939
5.156013
5.334442
5.713930
5.316271
5.612234
5.555609
5.486343
5.016051
5.029281
5.322178
5.325173
5.492394
5.926258
5.202152
5.593593
5.457900
5.468818
5.376955
5.165572
5.209367
5.564684
5.090756
4.997100
5.081817
5.165661
4.995474
5.057849
4.882569
5.333523
5.391882
5.256045
5.499965
5.388492
5.171535
5.266346
4.998173
4.938423
5.024859
5.646347
5.503768
5.468833
5.308574
5.027950
5.347209
5.120126
5.316234
5.374613
5.460156
5.221955
5.489748
5.598969
5.533236
5.441946
5.694482
5.431049
5.166632
5.590579
5.407343
5.414332
5.126567
4.903034
5.135670
5.349754
5.220818
5.106475
5.306197
5.821526
5.568605
5.874620
5.643952
5.555028
5.575768
5.391953
5.302337
5.448238
5.334240
5.099493
5.132395
5.504072
5.448850
5.387786
5.753926
5.756510
5.347438
5.600355
5.221719
5.476182
5.198964
5.504968
5.380553
5.230398
5.338127
5.081568
5.512034
5.475964
5.497544
5.310966
5.202006
5.395379
5.528603
6.130245
5.662349
5.735647
5.764565
5.360827
5.543826
5.362200
5.637940
5.435582
5.524847
5.298242
5.035871
4.955543
5.134174
5.172696
5.411662
5.336293
5.233548
5.061597
4.941440
5.687731
5.518279
5.189398
5.493195
5.416854
5.383808
5.417665
5.114653
5.346763
5.176744
5.010273
4.966407
5.277763
5.284830
5.313603
5.412101
5.911364
5.998641
5.817565
5.782110
5.520254
5.537252
5.193957
4.794052
5.397111
5.162391
5.271369
5.636804
5.322531
5.286485
5.431664
5.455455
5.407056
5.216553
5.169284
5.065347
5.118721
5.132447
4.943474
4.813234
5.157612
5.205786
5.125096
5.363710
5.182625
5.175993
5.089751
5.536079
5.226768
5.168148
5.167280
4.886947
4.886304
4.960079
5.075955
5.194718
5.263804
4.776100
4.647345
4.822876
5.291953
5.482090
5.706729
5.209141
5.466258
5.138587
5.115741
5.400571
5.581655
5.236457
5.448327
5.084722
5.149973
5.439628
5.373240
5.467096
5.148295
5.057495
5.353535
5.793010
5.625917
5.150479
5.535190
5.355338
5.096416
5.223459
5.417858
5.503602
5.271995
5.300291
5.620932
5.418273
5.712066
5.428661
5.926882
5.244435
5.244677
5.242319
5.093613
5.750049
5.140917
5.356225
5.474618
5.478186
5.799496
5.793848
5.773191
5.742994
5.713934
5.518135
5.606920
5.533909
5.300191
5.089449
5.315075
5.646819
5.705865
5.574889
5.479011
5.349892
5.514914
5.768267
5.481255
5.426711
5.744773
5.453146
5.343055
5.136148
4.757632
4.966835
5.103155
5.330996
5.300027
5.442179
5.357848
5.239469
4.944401
4.906941
5.124827
5.294537
5.341136
5.234450
5.182249
5.385239
5.272888
5.782417
5.908330
5.396386
5.714081
5.748398
5.460652
5.518600
5.478535
5.624081
5.476727
5.523986
5.884982
5.807347
5.525997
5.498761
5.353359
5.512535
5.441703
5.488930
5.711077
5.287648
5.262930
5.567711
5.406447
5.433199
5.042240
5.113849
5.490601
5.711125
5.678884
5.406929
5.496549
5.806158
5.727684
5.468079
5.520912
6.081493
5.821409
5.565835
5.438968
5.013614
5.169008
5.342999
5.404668
5.478272
5.611175
5.534916
5.375827
5.184764
5.155289
5.379082
5.283149
5.383096
5.388433
5.244644
5.056737
5.134552
4.963563
5.131058
5.032725
5.611302
5.244623
5.673963
5.747778
5.806640
5.542993
5.739084
5.361232
5.498994
5.251383
5.305532
5.251722
5.181711
5.456143
5.253932
5.379666
5.594575
5.925149
5.923082
5.888347
5.519568
5.309466
5.269005
5.881854
5.652203
5.740628
5.554407
5.402943
5.439918
5.639104
5.591419
5.434587
5.243503
5.301738
5.209196
5.598272
5.160009
5.142738
5.148861
5.329670
5.396932
5.139907
5.376819
5.264739
5.330643
5.519597
5.796923
5.808395
5.606832
5.494058
5.635394
5.459137
5.284414
5.449992
5.526041
5.928330
5.824077
5.702138
5.838526
5.768769
5.929303
5.583746
5.633514
5.702862
5.729508
5.574209
5.645731
5.363266
5.134094
5.117774
5.491673
5.633381
5.172017
5.622995
5.591801
5.216181
5.364313
5.178817
5.389467
5.686956
5.671545
5.881435
5.377816
5.633914
5.586717
5.652450
5.524733
5.544621
5.654301
5.379468
5.193865
5.305945
5.144468
4.915433
5.014620
4.725955
5.064433
5.326171
5.579942
5.572650
5.915968
5.639790
5.416855
5.031618
5.378022
5.346467
5.219568
5.348514
5.276944
5.289630
5.179275
5.349972
5.770318
5.722897
5.419481
5.157178
5.110625
5.255145
5.161857
5.344590
5.524132
5.652425
5.710929
5.332427
5.374516
5.196640
5.346296
5.276065
5.296700
5.510498
5.643544
5.558867
5.734778
5.762693
5.587657
5.229809
5.325445
5.179494
5.110981
5.390888
5.536951
5.144966
5.232724
4.898559
5.044855
5.435526
5.439975
5.545554
5.621927
5.674855
5.645108
5.811012
5.750178
5.342593
5.317265
5.412465
5.616953
5.419839
5.469027
5.510106
5.416433
5.777235
5.612162
5.602087
5.460723
5.769809
5.449315
5.317977
5.086258
4.912922
5.259239
5.233684
5.603291
5.417295
5.561904
5.604529
5.385414
5.409415
5.318668
5.389757
5.170633
4.909618
5.171828
5.035247
5.107497
4.591450
4.738333
4.850663
4.936951
5.317983
5.286212
5.280534
5.672489
5.689117
6.016825
5.671700
5.477388
5.750854
5.582604
5.264856
5.391801
5.521462
5.262933
5.542691
5.575727
5.812020
5.614751
5.495300
5.591245
5.356594
5.257154
5.525588
5.354630
5.389705
5.924698
5.604426
5.443963
5.398725
5.624300
5.320873
5.440045
5.690549
5.727133
5.515834
5.478913
5.433781
5.741344
5.375551
5.306758
5.671779
5.595865
5.434025
5.455968
5.198438
5.513335
5.162836
5.447474
5.184682
5.251045
5.442957
5.136684
5.146871
5.390089
5.325133
5.406482
5.169368
5.562377
5.356621
5.344216
5.148445
5.151307
5.656111
5.483353
5.766936
5.493243
5.764094
5.793247
5.587797
5.502850
5.565998
5.580187
5.722322
5.725554
5.719832
5.643620
5.404336
5.274747
5.125773
5.115566
5.150837
5.204168
5.548735
5.619257
6.032787
5.861022
5.682144
5.412302
4.956200
5.078538
5.361004
5.258396
4.833600
5.215404
5.132934
5.347622
5.304136
5.200370
5.058521
5.539867
5.159476
5.288449
5.554245
5.382048
5.526545
5.660818
6.058007
5.356036
5.179856
5.274098
5.476560
5.415685
5.539379
5.466655
5.293831
5.295037
5.244747
4.977022
5.076731
5.299068
5.763380
5.428604
5.582315
5.677930
5.813853
5.284274
5.079551
5.112471
5.008418
5.066963
5.345808
5.210572
5.282694
5.424672
5.285890
5.388183
5.467070
5.662999
5.447018
5.211027
5.270686
5.115547
5.427572
5.689748
5.581780
5.456730
5.414597
5.566529
5.883810
5.488327
5.481381
5.100896
5.536370
5.292515
5.452540
6.031702
6.226155
5.250821
4.977018
5.403523
5.607701
5.179172
5.332554
5.480487
5.792288
5.726813
5.507173
5.396655
5.057740
5.288013
5.263549
5.380563
5.635415
5.339498
5.235993
5.274727
5.355601
5.682185
5.326079
5.331813
5.347055
5.243926
5.396188
5.127562
5.081601
4.853038
5.444488
5.098050
5.068089
5.070014
5.088343
5.047721
4.874379
5.131110
5.259098
5.183071
5.217365
5.368438
5.285840
5.522392
5.460286
5.368918
5.170221
5.170795
4.928708
4.872458
5.258609
5.521539
5.488164
5.591350
5.358229
5.329533
5.172921
5.490523
5.286064
5.426176
5.511696
5.389736
5.751887
5.490750
5.444131
5.600822
5.652423
5.699800
5.539971
4.938456
5.436501
5.163535
5.467463
5.639402
5.547883
5.191215
5.058919
5.101831
5.355158
5.298957
5.270331
5.295711
5.342724
5.212605
5.291845
5.369310
5.406409
5.436314
5.410739
5.253858
5.214096
5.234279
5.216556
5.108160
4.850539
5.025845
4.995287
5.324733
5.654482
5.391312
5.538762
5.124409
5.383278
5.378589
5.511944
5.589827
5.736473
5.539248
5.437784
5.539480
5.516680
5.333132
5.663143
5.346101
5.292836
5.729201
5.571672
5.362966
5.373794
5.065083
5.303875
5.357288
5.237698
5.587758
5.496877
5.464133
5.872696
5.418231
5.195784
5.607513
5.235827
5.117179
5.439265
5.161996
5.491810
5.169179
4.912071
5.321523
5.475938
5.609009
5.375074
5.338417
5.207442
4.934744
5.155704
5.225505
5.350125
5.349965
5.313467
5.203872
5.274815
5.038088
5.403737
5.620921
5.033628
5.435686
5.755204
5.780686
5.733567
5.657849
5.421139
5.591369
5.624813
5.296946
4.794839
5.175174
5.640129
5.633238
5.021642
5.079639
5.143669
5.179198
5.353797
5.337488
5.448309
5.332322
5.456815
5.555830
5.840518
5.627323
5.326226
5.209827
5.444676
5.873795
5.939155
5.795727
5.654683
5.681952
5.303121
5.259598
5.272150
5.199832
5.294178
5.231827
5.505030
5.905656
5.998155
6.267191
5.898951
5.661159
5.248227
5.002497
5.160794
5.228165
5.176616
5.073124
4.994616
5.358072
5.702085
5.913203
5.676062
5.868282
5.482052
5.609071
5.455470
5.544277
5.509503
5.465701
5.771226
5.949585
6.168547
5.862281
5.916902
5.734096
5.477249
5.387350
5.792590
5.863838
5.838557
5.487814
5.343731
5.331914
5.164602
5.292839
5.195116
5.124323
5.028853
5.179265
5.544016
5.359802
4.921506
5.369737
5.364383
5.589592
5.686536
5.594769
5.093981
5.061510
5.104804
5.021682
5.311699
5.695678
5.843697
5.425930
5.169192
5.098959
5.118602
5.045575
4.984057
5.225514
5.206124
5.407406
5.569329
5.500449
5.486971
5.220767
5.264881
5.182418
4.739731
5.276390
5.580949
5.174985
5.150965
5.321878
5.021230
5.398231
5.580895
5.499822
5.246489
5.328553
5.490690
5.383526
5.364391
5.952322
5.599695
5.397496
5.020364
4.982336
5.108498
5.487975
5.354107
5.235042
5.025605
5.300723
5.345725
5.399841
5.323519
5.417086
5.308096
5.403617
5.371488
5.238511
5.423201
5.280137
5.205359
5.690428
5.428748
5.548723
5.455608
5.316270
5.474239
5.334924
5.112049
4.614942
4.707268
4.834155
5.452146
5.387433
5.831067
5.806194
5.959192
5.977417
5.358615
5.661982
5.474796
5.496636
5.437431
5.082393
5.119401
5.191604
5.361320
5.733484
5.174387
5.284644
5.072730
5.107781
5.264108
5.249939
5.837752
5.506041
5.543763
5.468903
5.451352
5.538244
5.365650
5.469667
5.679661
5.616597
5.467056
5.916000
5.561969
5.495983
5.375604
5.362597
5.340814
5.137448
5.137510
5.426409
5.459619
5.407374
5.322542
5.035684
5.163689
5.297056
5.281869
5.261915
5.586220
5.672664
5.752494
5.808189
5.461920
5.456951
5.224392
5.166683
5.377563
5.578016
5.332544
5.236031
5.168995
5.508655
5.495122
5.672436
5.408459
5.375817
5.499752
5.333303
5.379284
5.024348
4.803985
4.859531
5.147084
5.155095
5.421445
5.437043
5.482234
5.545121
5.507245
5.472328
5.690721
5.654849
5.650465
5.359841
5.499289
5.633961
5.367749
5.455862
5.191586
5.356187
5.367081
5.435647
5.326498
5.425344
5.076447
5.381535
5.282721
5.541389
5.606017
5.482141
5.601174
5.610587
5.445862
5.051829
5.126761
5.232768
5.230366
5.180922
5.441240
5.496566
5.261341
5.321071
4.968855
5.118345
5.352106
5.291507
5.586163
5.736477
5.874923
5.511388
5.784998
5.379537
5.273686
5.217945
5.062961
5.142883
5.364695
5.139862
5.132388
5.481627
5.636604
5.610347
5.409037
5.439678
5.481575
5.829256
5.552969
5.695436
5.723623
5.821913
5.858711
5.562539
5.567194
5.262619
4.997411
5.357944
5.151772
5.131648
5.246774
5.407560
5.487655
5.637844
5.496794
5.481797
5.285520
5.315155
5.396192
5.511154
5.652194
5.370269
5.412975
5.161387
5.487188
5.152177
5.694384
5.627015
5.649837
5.696978
5.384190
5.130534
5.518917
5.557905
5.538529
5.696107
5.402124
5.674630
5.696760
5.530719
5.671517
5.821403
5.697963
5.456449
5.388997
5.295365
5.165263
5.032303
5.162163
5.284504
5.791656
5.215092
5.309791
5.293835
5.470938
5.435637
4.977336
5.502559
5.559955
5.540735
5.437697
5.071544
4.880197
5.154440
5.561404
5.021611
4.908355
5.122766
5.351953
5.336584
5.520499
5.369086
5.625666
5.474270
5.587669
5.344459
5.793200
5.512137
5.750612
5.900789
5.656895
5.425739
5.391472
5.600323
5.363056
5.042001
5.307784
5.522229
5.836297
5.744849
5.317659
5.311823
5.459651
5.685401
5.699885
5.395959
5.347168
5.116217
5.398617
5.387491
5.287136
5.779483
5.875887
5.960614
5.416827
5.169808
4.975959
5.515427
5.450591
5.581356
5.345912
5.653032
5.749236
5.778936
5.781680
5.763053
5.400081
6.032442
5.799658
5.670867
5.698056
5.743347
5.749064
5.405210
5.460825
5.152126
5.101146
5.283532
5.269711
5.239177
5.407156
5.487228
5.528800
5.602714
5.599419
5.205519
5.374842
5.498088
5.592518
5.747917
5.727250
5.732233
5.176186
4.983071
5.315053
4.758059
4.869194
4.917084
4.927663
5.047584
5.233974
5.473311
5.583207
5.666753
5.526870
5.066048
5.278113
5.171261
5.220238
5.289775
5.207386
5.326713
5.518333
5.087148
5.095097
5.296749
5.517086
5.387312
5.442693
5.634572
5.527587
5.616465
5.435676
5.447315
5.304718
5.262355
5.187468
5.434554
5.738101
5.503760
5.645953
5.491735
5.392151
5.410379
5.541824
5.406562
5.232232
5.412573
5.060096
5.547887
5.568995
5.269105
5.400342
5.493951
5.455939
5.411440
5.617102
5.334140
5.611648
5.311182
5.642677
5.908982
5.723394
5.442502
5.678972
5.895141
5.414822
5.717684
5.598177
5.243920
5.654478
5.378324
5.554766
5.545654
5.372098
5.311058
5.282695
5.519649
5.384914
5.343613
5.369682
5.542944
5.359445
5.492510
5.659495
5.754692
5.954987
5.677233
5.994749
5.390220
5.458429
5.172398
5.220727
5.492252
5.790076
5.461586
5.126300
5.134659
5.432771
5.742275
5.971855
5.592532
5.715969
5.652026
5.937215
6.217678
5.794735
5.258222
5.311855
5.841044
5.410027
5.656903
5.294793
5.320989
5.121219
5.175121
5.465181
5.492907
5.222327
5.190145
4.818785
4.866663
4.801868
5.034467
5.320867
5.525871
5.859976
5.613640
5.175879
5.204941
5.357245
5.252025
5.054849
5.403542
5.408187
5.128702
5.260362
5.199990
5.623020
5.589662
5.679727
5.766641
5.537954
5.838756
5.743528
5.578841
5.261284
5.148429
5.138464
4.983375
5.513938
5.361188
5.361951
5.207019
5.228651
5.216762
5.179850
5.385595
5.777488
5.538974
5.695267
5.297310
5.163867
5.034410
5.494608
5.143449
5.588731
5.490954
6.125369
5.873727
5.691385
5.738380
5.638006
5.628015
5.797287
5.482688
5.476936
5.548375
5.232733
5.123181
4.993179
5.080020
5.416823
5.207177
5.136202
5.025944
5.203265
5.556389
5.486575
5.605344
5.555131
5.122678
5.525717
5.340161
5.309560
5.414822
5.452765
5.640131
5.511546
5.214437
5.122791
5.091139
5.388913
5.507542
5.620573
5.458236
5.753942
5.494107
5.439041
5.572364
5.576585
5.270897
5.491316
5.287527
5.672157
5.366611
5.385074
5.502782
5.622578
5.604733
5.153294
5.039472
5.139007
5.429243
5.255219
5.159444
5.469789
5.285807
5.178839
5.428282
5.638883
5.495691
5.551023
5.302219
5.269396
5.456694
5.304270
5.667223
5.548577
5.385373
5.703306
5.480627
5.067239
5.225657
5.283454
5.135573
5.161881
5.381547
5.335154
5.140050
4.874485
5.464244
5.430411
5.368523
5.594769
5.461462
5.442746
5.650896
5.596977
5.476262
5.455331
5.255408
5.338459
5.312346
5.473855
5.543946
5.331823
5.570229
5.454755
5.463806
5.715756
5.563462
5.690499
5.486838
5.313026
5.480055
5.481141
5.311873
5.334239
5.248372
5.427980
5.396450
5.510698
5.701047
5.870276
5.813469
5.769684
5.730083
5.569675
5.723907
5.624936
5.926073
5.809615
5.420687
5.550076
5.399558
5.132566
5.400369
5.113689
5.556061
5.248776
5.317524
5.813094
5.544828
5.354987
5.142922
5.734787
5.649634
5.544899
5.596461
5.747128
5.593132
5.634585
5.210368
5.087357
5.109991
4.843841
4.971951
5.020662
4.926610
5.048124
5.283586
5.166687
5.342912
5.226452
5.148660
5.441467
5.661439
5.775659
5.656844
5.488408
5.663021
5.581725
5.310208
5.012389
5.182876
5.180740
5.079426
4.926919
5.108480
5.375926
5.369110
5.401932
5.469114
5.156173
5.150322
5.295310
5.642603
5.468806
5.262247
5.338308
5.467716
5.388381
5.164849
4.982272
5.271674
5.281546
5.117941
4.996018
4.726366
4.921263
4.974290
5.133324
5.195825
5.535903
5.837613
5.404870
5.309890
5.442214
5.307357
5.217802
5.582760
5.876183
5.400115
5.028561
5.514836
5.283520
5.720387
5.416296
5.377542
5.394790
5.810173
5.668696
5.319672
5.999361
5.592343
5.356698
5.504504
5.575741
5.707811
5.650301
5.331881
5.799752
5.007579
5.550374
5.261451
5.633437
5.432068
5.859539
5.761471
5.640221
5.556198
5.431629
5.361873
5.198292
4.826055
5.305217
5.248811
5.340527
5.318375
5.384421
5.513505
5.111485
4.877843
5.671110
5.596665
5.561180
5.246907
5.282951
5.590728
5.413644
5.401590
5.645815
5.604110
5.477013
5.457675
5.478675
5.629029
5.746022
5.573038
5.500445
5.655634
5.635203
5.624718
5.469499
5.606028
5.674023
5.672280
5.507925
5.393620
5.239326
5.442313
5.038427
5.140554
4.999681
5.053966
4.967427
5.163747
5.290525
5.195502
5.416575
5.654460
5.385422
5.697469
5.330714
5.350080
4.938600
5.118681
5.261306
5.204663
5.162178
5.527248
5.843103
5.424745
5.385858
5.142413
5.145895
5.323735
5.416765
5.517357
5.580090
5.307606
5.617337
5.667622
5.293965
5.228304
5.500938
5.295720
5.450612
5.293526
5.190530
5.560974
5.817909
5.633632
5.739488
5.599791
5.453372
5.558955
5.114044
5.291943
5.594248
5.522117
5.342313
5.137145
5.469211
5.327872
5.421445
5.146473
5.334696
5.133266
5.557493
5.703381
5.900789
5.965926
5.560175
5.359014
5.284442
5.174661
5.560880
5.433352
5.405293
5.453001
5.207728
5.435656
5.372110
5.282692
5.407869
5.413636
5.248202
5.193116
5.314830
5.051242
5.263221
5.196027
5.194805
5.374463
5.194326
5.402521
5.686207
5.252580
5.383989
5.579712
5.484227
5.603553
5.303372
5.998547
5.569288
5.902606
5.454456
5.502299
5.787981
5.447257
4.924386
4.974622
5.069271
5.189445
4.910374
4.830935
5.308197
5.415799
5.708310
5.332668
5.593945
5.262178
5.015634
5.202214
5.296823
5.285365
5.358247
5.557357
5.701231
5.484379
5.571445
5.596326
5.495663
5.636750
5.580695
5.454357
5.741391
5.637718
5.188420
4.931972
5.091340
5.281011
5.231417
5.183920
5.510394
5.596379
6.007671
5.712287
5.418906
5.177438
5.047831
4.973488
5.009213
4.834439
5.588057
5.433223
5.667804
5.754005
6.077603
5.843562
5.795528
5.610367
5.453616
5.500967
5.444631
5.493324
5.624902
5.359263
5.280351
5.331715
5.354781
5.604979
5.378060
5.427441
5.460858
5.325895
5.461858
5.568275
5.844060
6.059739
5.728778
5.942624
5.575515
5.346472
5.399028
4.937890
5.079936
5.293572
5.458254
5.514664
5.579769
5.700953
5.708270
5.622287
5.883611
6.105924
5.986684
5.588234
5.565746
5.381188
5.133206
5.140069
5.036798
5.166365
5.398642
5.617561
5.100956
5.103596
4.900289
5.155471
5.409913
5.252405
5.294411
4.899354
5.105312
5.450405
5.661266
5.601988
5.632112
5.408060
5.461451
5.583537
5.734561
5.743233
5.380478
5.554560
5.335714
5.062530
5.704587
5.443999
5.054460
5.215965
5.100385
5.208535
5.296073
5.489603
5.482022
5.045736
5.193674
4.868931
5.282528
5.159455
5.325556
5.130736
5.066342
5.122480
5.254468
5.607806
5.386596
4.902153
5.141573
4.982120
5.205294
5.103715
4.950254
4.997805
5.007322
5.315876
5.781641
5.365380
5.649910
5.525796
5.215137
5.224704
5.178902
5.856405
5.617451
4.976937
5.432600
5.604974
5.522999
5.700646
5.543186
5.564550
5.394849
5.079881
5.511956
5.426940
5.727166
5.700885
5.431854
5.221827
5.291784
5.373169
5.895221
5.672084
5.193487
5.197973
5.099882
5.661086
5.518373
5.713645
5.690326
5.587868
5.500834
5.813463
5.589963
5.725711
5.483938
5.265759
5.112361
4.900299
5.112081
5.222272
5.129518
5.367570
5.464125
5.252444
5.422556
5.435716
5.376705
5.115054
5.085387
5.087080
5.298467
5.290628
5.449583
5.277675
5.211333
5.476061
5.594587
5.445644
5.736273
5.507326
5.122645
5.316251
5.599760
5.573758
5.620698
6.019194
5.513701
5.179507
5.240127
5.145610
5.482883
5.402785
5.834822
5.831565
5.447541
5.486410
5.500430
5.710142
5.484835
5.352828
5.117742
4.882199
5.492592
5.669051
5.480482
5.327089
5.494315
5.559828
5.308873
5.415480
5.536685
5.767918
5.494722
5.506527
5.058813
5.072986
4.854595
5.118054
5.401986
5.203118
5.260928
5.485974
5.327313
5.427677
5.455468
5.573012
5.303630
5.231734
5.179968
5.270635
5.524554
5.299893
5.039984
5.096949
5.167607
5.300380
5.206090
5.005121
5.454748
5.521978
5.790456
5.202540
5.054807
5.065926
5.262466
5.426142
5.755498
6.290009
5.501405
5.375966
5.369796
5.426906
5.454439
5.341438
5.143907
5.026592
5.195933
5.114701
5.087335
5.284616
5.299566
5.463981
5.669659
5.223846
5.005652
4.905320
5.286633
5.486207
5.625295
5.654264
5.378208
5.266071
5.277457
5.124037
5.392366
5.230084
5.776311
5.682093
5.994170
5.706741
5.798280
5.412800
5.909743
5.920257
5.954884
5.644184
5.368907
5.090570
5.343601
5.488275
5.347409
5.400646
5.732883
5.710173
6.078096
6.176290
5.501072
5.117826
5.325963
5.096797
4.985837
5.402611
5.463168
5.122214
5.589850
5.671553
5.528896
5.603441
4.933361
5.282037
5.488809
5.325581
5.398977
5.279670
5.432058
4.994408
5.118393
4.950104
5.346037
5.403673
5.373153
5.607124
5.278182
5.322541
5.327261
5.113756
5.170497
5.150956
5.318118
5.039801
5.509289
5.464664
5.249053
5.227782
5.158636
4.951796
5.049070
5.204259
5.412639
5.615127
5.571902
5.339543
5.757366
5.641285
5.865921
5.527485
5.642655
5.786011
5.421513
5.098219
5.682983
5.267983
5.023145
4.948402
5.084664
4.953451
5.505201
5.587590
5.606433
5.565294
5.529112
5.408024
5.168941
5.006301
5.157353
4.992512
4.900984
4.776337
4.999788
5.118855
5.610243
5.703700
5.609400
5.769235
5.388462
5.450935
5.202573
4.995008
5.289654
5.100378
5.460943
5.432599
5.604620
5.441401
5.314275
5.334312
5.844059
5.849494
5.568061
5.528207
5.879125
6.044543
5.575724
5.500123
5.594547
5.509422
5.349941
5.781615
5.468796
5.325834
5.109203
5.361342
5.516876
5.478236
5.279281
5.410238
5.603593
6.152419
5.755899
5.443021
5.361473
5.087999
5.421797
5.369255
5.430786
5.223886
5.401885
5.397199
5.669924
5.567442
5.500352
5.430041
5.640147
5.672072
5.478083
5.234961
5.544727
5.605664
5.817789
5.803542
5.477288
5.582318
5.399771
5.335909
5.250832
4.992400
4.822845
4.976432
5.070471
4.937500
5.357630
5.340118
5.525729
5.688684
5.625288
5.542915
5.046700
5.255339
5.353189
5.248727
5.408583
5.595857
5.443571
5.525708
5.381093
5.498169
5.716459
5.401718
5.235223
5.332363
5.418732
5.097461
5.308448
5.291691
5.356761
5.274042
5.513552
5.257201
5.579671
5.790903
5.492518
5.154987
5.530317
5.757646
5.606716
5.806897
5.561512
5.554934
5.680959
5.508744
5.126522
5.480385
5.574487
5.502666
5.469532
5.421535
5.472508
5.506473
5.858061
5.371204
5.614757
5.483898
5.746238
5.448592
5.554920
5.495025
5.523830
5.005424
5.579269
5.198147
5.611449
5.294317
5.679459
5.857476
5.811753
5.960144
6.094856
5.891722
5.666923
5.432073
5.297150
5.331784
5.507503
5.013804
4.938813
5.359030
5.563850
5.743065
5.522255
5.444082
5.786915
5.768997
5.196828
5.104355
4.981283
5.246135
5.400620
5.461528
5.547839
5.689629
5.647840
5.547193
5.627043
5.185798
5.378826
5.172040
5.078711
5.359400
5.405081
5.420908
5.841959
5.678287
5.753845
5.821918
5.886270
5.712342
5.466347
5.545559
5.412910
5.399457
5.321166
5.407373
4.972461
5.061557
5.428513
5.510249
5.181577
5.676228
5.730123
5.565634
5.464368
5.379289
5.361250
5.972318
5.800954
5.596053
5.207824
5.342888
5.349069
5.968261
5.640604
5.784003
5.853808
5.624487
5.677006
5.181919
5.478956
5.367206
5.261548
5.132853
5.416901
5.384389
5.211105
5.450661
5.211280
5.316757
5.424726
5.432741
5.396204
5.564815
5.842888
5.422046
5.370109
5.268860
5.382948
5.956662
5.622673
5.316539
5.238505
5.087039
5.220140
5.235472
5.683649
5.591668
5.845661
5.837245
5.492328
5.406759
5.602302
5.699130
5.713017
5.476830
5.515250
5.134789
5.032490
5.359419
5.450511
5.708830
5.588194
5.189507
5.457783
4.968142
5.291638
5.045455
5.561235
5.532141
5.443234
5.287172
5.016821
5.179635
5.237749
5.549107
5.583328
5.756377
5.924285
5.805342
5.234660
5.150235
5.866883
6.318167
6.236726
5.763197
5.428260
5.511384
5.444794
5.666641
5.445544
5.485945
5.432627
5.349270
5.099983
5.037633
5.308340
5.155076
5.387281
5.062019
5.859169
5.257643
5.377623
5.461062
5.381185
5.316045
5.541785
5.763514
5.696740
5.692594
5.811581
5.364815
5.084777
5.352180
5.155350
5.140876
5.037632
5.206789
5.363624
5.533646
5.342701
5.017657
5.283195
5.359117
5.482949
4.924137
5.212257
5.180733
5.006795
5.055702
5.586084
5.327190
5.180748
5.088396
4.637888
5.308892
5.791248
5.549177
5.578124
5.535075
5.141058
5.389533
5.466753
5.484848
5.302645
5.219742
5.297773
5.458615
5.318882
5.616166
5.302190
5.241645
5.345645
5.600968
5.986183
5.420385
5.215679
5.168724
5.115518
5.338268
5.287538
5.122930
5.486137
5.544666
5.187819
5.198505
5.319857
5.065438
5.347118
5.762449
5.466736
5.623214
5.493555
5.306657
5.366947
5.381916
5.497245
5.551311
5.387900
5.355474
5.353241
5.026979
5.522777
5.230182
5.177686
5.436790
5.475630
5.298648
5.038660
5.055704
5.114248
5.092299
5.251745
5.371942
5.845336
5.278271
5.300276
5.517030
5.537044
5.499865
5.369272
5.398142
5.205820
5.032356
5.109806
5.504197
5.605841
5.804235
5.550541
5.283706
5.418345
5.470388
5.652651
5.682410
5.239820
5.402283
4.980882
4.858605
4.858985
4.814325
5.046515
5.303273
5.328965
5.519862
5.288296
5.399552
5.216551
5.261296
5.522498
5.682633
5.816009
5.611003
5.875364
5.471539
5.418605
5.155952
5.039165
5.312720
5.192075
5.318555
5.573200
5.818467
5.620207
5.361026
5.544682
5.486453
5.409429
5.539219
5.483095
5.539780
5.466654
5.724590
5.173306
5.057376
5.483729
5.772505
5.760380
5.640012
5.258857
5.375905
5.252381
5.211275
5.315484
5.148832
5.250828
5.643003
5.232481
5.429914
5.108989
5.333322
5.373340
4.989142
4.913542
5.317494
5.371964
5.396979
5.674835
5.518116
5.474901
5.561083
5.490794
5.470637
5.413662
5.357342
5.278987
5.448838
5.749358
5.283457
5.238791
5.119747
5.078219
5.288319
4.965620
4.974251
4.929670
4.779197
5.067508
5.390043
5.158803
5.167101
5.113250
5.035114
5.115235
4.906057
5.227657
5.287732
5.724433
5.471108
5.095869
5.193103
5.571221
5.571589
5.441461
6.021789
5.844434
5.434300
5.386793
5.787447
5.670214
5.378164
5.387633
5.573103
5.378806
5.522126
5.586606
5.796293
5.678832
5.706774
5.336604
5.042725
5.391220
5.575136
5.455420
12.877790
5.043871
5.184645
5.071049
5.155043
5.374568
5.760358
5.671727
5.782552
5.986087
5.700220
5.483882
5.488762
5.274094
5.194364
5.298163
5.213553
5.188141
5.325608
5.397581
5.160427
5.084559
5.175337
5.409191
5.186203
5.406488
5.338222
5.363244
5.348050
5.598070
5.831462
5.778981
5.635439
5.790764
5.812645
5.991953
5.628931
5.812510
5.717936
5.880769
5.357686
5.044336
5.011626
5.359810
5.267286
5.189488
5.350309
5.171054
5.043002
5.416383
5.382996
5.428959
5.593864
5.388441
5.243666
5.332496
5.116459
4.952937
5.094494
5.164442
5.220880
5.285487
5.642445
5.366777
5.276408
5.473424
5.324898
5.208694
4.788306
4.823264
4.784732
5.095576
5.258386
4.904039
4.907547
5.561176
5.594365
5.462122
5.364253
5.750854
5.697057
5.398597
5.870270
5.855936
5.831866
5.559551
5.728922
6.090378
5.996751
5.571979
5.709158
5.759701
5.691115
5.554920
5.333049
5.868187
6.208962
6.100656
5.709002
5.636136
5.580354
5.487097
5.231010
5.218138
5.319442
5.517987
5.712960
5.566895
5.758832
5.563103
4.978885
5.286718
5.683536
5.306573
5.204543
5.042446
4.902320
5.229829
5.477666
5.285529
5.128568
5.473793
5.177283
4.958409
5.021975
5.148357
5.159875
5.305285
5.242320
5.352447
5.411303
5.570962
5.320445
5.315621
5.603960
5.558359
5.217174
4.957029
5.266006
5.182160
5.212854
5.157655
5.358735
5.370165
5.549896
5.789192
5.803950
5.332292
5.370384
5.348873
5.118344
5.281981
5.254670
5.438252
5.560862
5.803677
5.638579
5.830697
5.691888
5.748816
5.623116
5.326436
5.108424
5.069034
5.162903
5.302100
5.123189
5.369206
5.200561
5.216945
5.314678
5.254280
5.433061
5.569023
5.482888
5.715921
5.284949
5.464399
5.458625
5.423326
5.328483
5.251054
5.249567
5.494136
5.413287
5.707647
5.659067
5.687687
5.802162
5.901802
5.654527
5.559247
5.433980
5.249643
5.304566
5.554859
5.344758
5.321894
5.725178
5.601565
5.553758
5.267856
5.203275
5.254673
5.414158
5.170585
5.170739
5.346561
5.274005
5.266701
5.550575
5.504721
5.405285
5.570846
5.443911
5.570905
5.398196
5.547782
5.392252
5.456961
5.723874
5.580538
5.650582
5.557432
5.638470
5.461372
5.721488
5.887289
5.533019
5.346504
4.992312
4.890808
4.849279
5.136344
5.199733
4.869285
4.962218
5.149970
5.295796
5.622045
5.628623
5.480749
5.628129
5.706076
5.930121
6.112263
5.503074
5.386691
5.757861
5.568095
5.655080
5.401882
5.611235
5.739220
5.734774
5.438846
4.901948
5.058952
5.286737
5.423362
5.448067
5.707436
5.280984
5.644751
5.543680
5.487089
5.601448
5.252620
5.456176
5.642389
5.304661
5.354698
5.451404
5.144006
5.143659
5.186996
5.381258
5.483660
5.488334
5.611656
5.391576
5.222784
5.226440
5.201147
4.726696
4.698865
4.964593
4.951090
5.073066
5.063423
5.471619
5.715021
5.746260
5.927398
5.689183
5.543304
5.377174
5.248238
5.204390
5.404961
5.389473
5.308053
5.383147
5.395201
5.569715
5.453551
5.307001
5.200579
5.414475
5.659680
5.664077
5.660902
5.575674
5.590752
5.402610
5.441714
5.606534
5.361653
5.520257
5.603027
5.946208
5.603693
5.488193
5.108136
5.038792
4.913823
4.872395
5.332111
5.837894
5.583804
5.594159
4.968682
4.891369
4.843088
4.901655
4.543423
4.739061
5.130776
5.461349
5.606362
5.636026
5.712256
6.161657
6.077000
5.581661
5.475402
5.630378
5.684703
5.364270
5.292690
5.344942
5.405313
5.456679
5.539410
5.572077
5.151976
5.154108
5.195737
5.384763
4.990469
5.205981
5.533905
5.139232
5.193995
5.449313
5.542450
5.292308
5.444654
5.435077
5.312145
5.390788
5.189385
5.184094
5.335477
5.401462
5.233332
4.993992
5.031150
4.914256
5.233851
5.409306
5.275820
5.568259
5.831912
5.273940
5.561849
5.398325
5.377489
5.470960
5.325941
5.230621
5.290380
5.375576
5.633914
5.038789
5.273315
5.108913
5.234361
5.419957
5.128849
5.144750
5.297218
5.160676
5.374743
5.317061
4.980633
5.188184
5.519322
5.450064
5.544494
5.357307
5.413536
5.570298
5.321353
5.316548
5.315102
5.050779
4.829916
5.113953
5.393718
5.425677
5.546485
5.679467
5.570827
5.389281
5.484601
5.349094
5.222540
5.419361
5.732426
5.757299
5.560401
5.428274
5.799536
5.508465
5.353043
5.519659
5.658503
5.396097
5.263579
5.403873
5.223100
5.318058
5.347475
5.008175
5.050943
5.282836
4.748116
4.905415
5.012120
4.973952
5.305073
5.119527
5.189759
5.210854
5.244680
5.332840
5.261429
5.303910
5.446740
5.500539
5.596742
5.684452
5.438345
5.440889
5.324756
5.340040
5.097475
5.282924
5.404662
5.419517
5.177189
5.354942
5.235106
4.781497
5.180005
5.015950
5.391362
5.384989
5.202899
5.305738
5.639074
5.788644
5.789809
5.553668
5.359827
5.599662
5.865222
5.796252
5.838130
5.738413
5.737061
5.614586
5.455016
5.601746
5.635545
5.561421
5.528046
5.730273
5.373169
5.771614
6.084147
5.644130
5.691670
5.751476
5.314780
5.200113
5.686822
6.093960
5.723549
5.553688
5.724736
5.492261
5.612806
5.262268
5.231265
5.137491
4.860329
4.985009
5.402728
5.456328
5.909300
5.642647
5.538530
5.558957
5.235152
5.880881
5.427144
5.528626
5.336188
5.165851
5.480845
5.488523
5.468107
5.589679
5.950248
5.547448
5.302842
5.474862
5.328640
5.571754
5.611259
5.447766
4.910790
4.964795
4.884808
5.477959
5.311046
5.705368
5.777260
5.866614
6.080197
5.852157
5.862272
5.647808
5.400811
5.490835
5.073864
4.919078
5.058255
5.167763
5.034358
5.417822
5.548400
5.290053
5.481018
5.311681
5.162134
5.233258
5.355378
5.179472
5.390923
5.249789
5.166209
5.431900
5.422446
5.534268
5.499132
5.356413
5.441831
5.406984
5.179446
5.428359
5.313073
5.355934
5.399374
5.258476
5.549027
5.378484
5.409340
5.220457
5.154530
5.315481
5.557874
5.851655
5.651013
5.434488
5.423600
5.259974
5.473813
5.872823
5.367813
5.697276
5.334720
5.422167
5.547420
5.926323
5.809506
5.601860
5.501791
5.576366
5.465907
5.472991
5.367379
5.258865
5.191718
5.367944
5.370064
5.407045
5.106865
5.068868
5.090537
4.957311
4.827385
5.144553
5.073622
5.003347
5.262133
5.238205
5.648558
5.298177
5.518546
5.463908
5.258969
5.361965
5.378664
5.484181
5.331442
5.239932
5.363053
5.129824
4.906475
5.030899
4.990242
5.444720
5.045365
4.976709
5.366386
5.266410
5.460747
5.866499
5.426253
5.547417
5.264652
5.084724
5.574356
5.440759
5.254306
5.235009
5.175473
5.504223
5.892720
5.442366
5.103629
5.371668
5.554229
5.642816
5.580766
5.373323
5.736008
5.625002
5.237682
5.292198
5.349043
5.222553
5.264498
5.344276
5.370131
5.073336
5.373082
5.071907
5.320944
5.337042
5.299224
5.491457
5.348325
5.774619
5.453970
5.366100
5.352053
5.900078
5.444194
5.267519
5.398556
5.392058
5.185946
5.570043
5.474210
5.572508
5.578272
5.471341
5.327976
5.304602
5.167712
5.370378
5.349321
5.202926
5.105600
5.137612
5.068623
5.336665
5.443095
5.746008
5.509610
5.132791
5.426890
5.508603
5.165158
5.106200
5.083701
5.274435
5.299508
5.250812
5.126979
5.305646
5.508839
5.113345
5.795977
5.659413
5.749172
5.601207
5.625144
5.812680
5.686098
5.985947
5.621963
5.623460
5.687001
5.566574
5.266938
5.185059
4.900562
5.177409
5.052503
5.008136
5.124689
5.213818
5.271444
5.427814
5.358221
5.222215
5.396885
5.146968
5.236571
5.398142
5.262502
5.347910
4.994751
5.117905
5.361324
5.495175
5.647045
5.632085
6.047678
5.503973
5.789205
5.678682
5.841023
5.599290
5.778855
5.616015
5.437133
5.494005
5.398583
5.235323
5.415373
5.315213
5.052237
5.308417
5.600928
5.543765
5.131070
5.292578
5.220537
5.251128
5.230841
5.175596
5.464668
5.523038
5.268986
4.986324
5.279284
5.335594
5.441854
5.029483
5.579043
5.355246
5.429330
5.659273
5.483608
5.586492
5.377176
5.361562
5.320041
5.356854
5.548768
5.642597
5.849646
5.517421
5.755426
5.629678
5.581288
5.331375
5.499491
5.993712
5.664405
5.852724
5.397557
5.357389
5.720391
5.948482
5.645915
5.557070
5.252968
5.529533
5.848058
5.193652
5.433204
5.406180
5.568687
5.524323
5.443350
4.972891
5.442452
5.481531
5.721584
5.334571
5.364891
5.529492
5.340814
5.443080
5.198848
5.165927
5.305961
5.275122
5.459543
5.083239
5.224551
5.304162
5.237594
5.373274
5.686083
5.582410
5.531799
5.374940
5.469696
5.379795
5.864575
5.532942
5.303478
5.268345
5.246442
5.318548
5.247034
5.119077
4.857725
4.966294
4.835048
4.920660
5.215224
5.260470
5.628274
5.420427
5.536519
5.620160
5.795228
6.193701
5.566697
5.164136
5.094028
5.672427
5.524671
5.589111
5.442658
5.424301
5.496050
5.357273
5.374812
5.258458
5.228838
5.276021
5.446115
5.215323
5.118467
5.056133
4.966140
4.952511
5.117524
4.993755
5.534499
5.266425
5.174575
5.296715
5.377202
5.330393
5.357683
5.438234
5.288140
5.568036
5.526240
5.414533
5.510792
5.947104
5.726392
5.598814
5.620303
5.463566
5.125681
5.166510
5.358346
5.105496
5.191652
5.232342
5.186525
4.978063
5.335264
4.970948
5.223351
5.228537
5.289132
5.176269
5.133822
5.313206
5.078890
4.988082
5.307107
5.796875
5.469545
5.649365
5.645389
5.658898
5.757299
5.571957
5.425326
5.588729
5.330712
5.829400
5.613005
5.302246
5.093622
5.134605
5.352208
5.428314
5.367979
5.567423
5.472190
5.112957
5.440234
5.473454
5.556627
5.329201
4.946960
4.993569
4.957058
5.101233
5.076871
4.744924
4.907777
4.857152
5.360744
5.115458
5.316571
5.027176
5.351705
5.297527
5.337391
5.248804
4.400222
4.211261
4.520390
4.650228
5.115726
5.219361
5.165350
5.258567
5.279483
5.277339
5.471943
5.084893
4.653211
5.083964
5.249414
5.086592
5.459252
5.542008
5.328923
5.646703
5.341068
5.470398
5.471158
5.539202
5.234361
5.244673
5.540050
5.536152
5.484398
5.781873
5.445657
5.357093
5.757069
5.214038
5.489456
5.259491
5.256299
5.199749
5.484409
5.489099
5.477479
5.610213
5.628635
5.716712
5.633912
5.495318
5.401191
5.389742
5.255147
5.180121
5.127384
5.494667
5.225158
5.288376
5.353268
5.414382
5.690792
5.666087
5.661978
5.408706
5.702952
5.202399
4.690829
5.011918
4.997963
5.025541
5.197704
5.353023
5.162704
5.393090
5.462263
5.825519
5.386639
5.390408
5.176878
5.201356
5.238003
5.624035
5.659545
5.752445
5.542751
5.073899
5.524038
5.690716
5.452220
5.225637
4.931408
5.181150
5.586602
6.053867
5.894027
5.499146
5.541734
5.579127
5.428947
5.460993
5.403301
5.633483
5.662292
5.495466
5.329417
5.532073
5.502746
5.573759
5.330089
5.653965
5.253340
6.009031
5.716450
5.446813
5.092737
4.946115
4.897804
5.140562
5.547779
5.355094
5.353002
5.484016
5.842930
5.669330
5.739285
5.451080
5.566425
5.765195
5.379492
5.639056
5.422317
5.361580
5.689486
5.103831
4.959570
5.116965
5.072173
5.319103
5.191428
5.093890
5.389975
5.457406
5.173337
5.158498
5.313197
5.194710
5.149897
5.176312
5.417155
5.031341
5.091151
5.128119
5.272382
5.179633
5.395336
5.186842
5.465281
5.295393
5.474224
5.645291
5.539101
5.576996
5.768819
5.563651
5.347817
5.270033
5.126117
5.702196
5.580131
5.827961
5.564947
5.417907
5.338717
5.268089
5.093463
5.461116
5.405508
5.082815
5.195705
5.420104
5.051366
5.518228
5.806178
5.606272
5.713393
5.550737
5.517919
5.470533
5.209822
5.241240
5.276500
5.698289
5.587024
5.097480
5.013421
5.171180
5.208141
5.506087
5.542154
5.453625
5.537748
5.324011
5.303683
5.516944
5.600219
5.733462
5.478183
5.414479
5.407524
5.687919
5.766350
5.869260
5.295738
5.324723
5.229296
5.288038
5.599457
5.776375
5.747559
5.439075
5.594034
5.286351
5.369381
5.562246
5.285810
5.377704
5.520998
5.626521
5.709454
5.163650
5.466421
5.613921
5.568109
5.305122
4.946770
5.120332
5.094200
5.115195
5.292713
5.033662
5.068380
4.889572
5.140908
5.356900
5.416312
5.173255
5.289712
5.474371
5.307017
4.946913
4.378704
4.556230
4.767549
4.761061
5.020496
5.253769
5.141193
5.308180
5.437494
5.189848
5.537213
5.604429
4.944612
5.395369
5.262869
5.020575
5.187995
4.931263
5.334447
5.438753
5.411281
5.403894
5.833912
5.479435
5.147622
5.271581
5.619273
5.260367
5.368534
5.157652
4.912387
5.125251
5.110475
4.981390
4.799822
5.032088
4.987941
5.278691
5.364353
5.746977
5.509569
5.433096
5.452020
5.612408
5.616799
5.145619
5.429815
5.194733
4.917619
5.254877
5.426943
5.360944
5.610392
5.404134
5.638122
5.540906
5.606528
5.162589
4.919624
5.249657
5.267773
5.396120
5.085451
5.191322
4.980720
4.959359
5.088264
5.329440
5.352116
4.965452
4.868704
4.933864
5.162736
5.294115
5.415170
5.516323
5.263856
5.429469
5.317320
5.604536
5.516031
5.399199
5.714125
5.719584
5.670946
5.363041
5.625100
5.815565
5.552239
5.465810
5.568974
5.526062
5.392868
5.263865
5.495462
5.638800
5.471528
5.736205
6.067747
5.716211
5.612940
5.476462
5.450668
5.515627
5.553040
5.426716
5.720235
5.061651
5.221467
5.682230
5.092741
5.244422
5.322914
5.194400
5.468970
5.201612
5.134071
5.176479
5.492418
5.537721
5.245702
5.430398
5.529685
5.415884
5.476049
5.303694
5.123392
5.468901
5.432485
5.390931
5.370940
5.215914
5.448874
5.586736
5.707072
5.584692
5.601289
5.504599
5.311678
5.145362
5.186729
5.144188
5.109550
5.330809
5.777320
5.545750
5.646882
5.460092
5.423808
5.358634
5.422947
5.604503
5.741620
5.682565
5.328732
5.555447
5.284810
5.172910
5.431566
5.553879
5.521450
5.321502
5.167795
5.682966
5.955358
5.712184
5.191140
5.219979
5.177938
5.500592
5.405212
4.981536
5.112780
5.384429
5.436947
5.537233
5.611996
5.484994
5.526014
5.174470
5.095043
4.839179
4.757064
4.739066
5.278525
5.368427
5.305527
5.313123
5.636569
5.697544
5.727996
5.850520
5.850497
5.703662
5.172501
5.097303
5.186286
5.295751
5.232064
5.352842
5.182693
5.368308
5.653628
5.732401
5.888857
5.599588
5.417662
5.573279
5.696505
5.648311
5.459174
5.489412
5.462433
5.247528
5.343569
5.357342
5.328345
5.611913
5.530005
5.225720
5.341563
4.899454
5.387494
5.320447
5.570747
5.854418
5.571649
5.957644
5.589757
5.324411
5.665051
5.239081
4.946421
5.024197
5.391854
5.403432
5.213846
4.813945
5.305619
5.276910
5.465806
5.548618
5.141514
5.372219
5.324246
5.459533
5.246348
5.492684
5.586498
5.753373
5.457358
5.204654
5.434660
5.289098
5.340118
5.250969
5.215353
5.110775
5.070689
5.149859
5.168915
5.368075
5.182274
5.294446
5.759043
5.569445
5.481637
5.420208
5.936746
5.466785
5.254211
5.260349
5.455390
5.120278
5.236336
5.051507
5.003516
5.069754
4.950437
5.319980
5.185683
5.439239
5.391595
5.026801
5.113336
5.197476
5.292050
5.442697
5.347657
5.105630
5.350975
5.178883
5.257281
5.211922
5.417372
5.729700
5.854095
5.637353
5.258873
5.329775
5.554354
5.461544
5.438022
5.621931
5.371749
5.196328
5.271845
5.278222
5.202086
4.655668
4.755197
4.835227
5.370663
5.121205
5.828427
5.757301
5.823106
5.758194
5.829474
6.160499
5.543641
5.142393
5.046485
5.182977
4.981594
5.075511
5.278001
5.348238
5.175488
5.022949
5.382318
5.052183
5.174018
5.008204
5.484683
5.165053
5.178359
4.974152
4.948952
5.409426
4.965868
5.343294
5.751929
5.513934
5.582381
5.405727
5.582372
5.398746
5.340918
5.223034
5.060373
5.167096
5.019244
4.856125
4.658884
4.657108
4.974188
4.968463
4.902505
5.182423
5.359705
5.569692
5.415506
5.217951
5.318642
5.402856
5.353317
5.465084
5.346117
6.066989
5.685669
5.803564
5.384873
5.149254
5.238070
5.251215
5.405471
5.114931
5.139161
5.101258
5.665116
5.823252
5.521653
5.529610
5.496550
5.300134
5.141344
5.466849
5.115594
5.385181
5.322737
5.747043
5.736716
5.227412
5.001980
5.232467
5.067909
5.075483
5.173720
5.321471
5.323002
5.206042
5.378928
5.428802
5.801270
5.386429
5.603106
5.284401
5.406595
5.728306
5.592870
5.675523
5.366328
5.687971
5.444672
5.548818
5.630218
5.522236
5.324253
5.356532
5.367706
5.512060
5.124763
5.237929
5.344490
5.130066
4.994509
5.202210
5.316332
5.405111
5.962786
5.842412
5.499225
5.238030
5.224481
5.481323
5.807158
5.906636
5.704383
5.850437
5.502381
5.720744
5.624271
5.432280
5.346036
5.538347
5.857448
5.555491
5.473185
5.498116
5.291346
5.400099
5.304038
5.301681
5.316036
5.322499
5.390963
5.337252
5.293154
5.287801
5.411796
5.299251
5.164431
5.102819
5.574382
5.595471
5.355288
5.442485
5.086073
5.184892
5.337590
5.570475
5.361515
5.680635
5.635314
5.521368
5.604360
5.627307
5.381989
5.136621
5.418723
5.329697
5.600266
5.175634
5.352095
5.189162
5.372403
5.677562
5.655707
5.911844
5.594864
5.369221
5.387111
5.134190
5.625126
4.887672
4.799063
5.151620
5.235625
5.246662
5.327081
5.409537
5.736160
5.672798
5.679605
5.444388
5.131314
5.365481
5.125235
5.352492
4.933674
4.824348
5.837788
6.268986
5.564816
5.465071
5.402255
5.472881
5.562742
5.258544
5.205402
5.227225
5.398966
5.203175
5.182112
5.105521
5.287217
5.382199
5.483465
5.190521
5.106244
4.984547
5.158103
5.592216
5.200150
5.394659
5.375001
5.400676
5.380382
5.405276
5.548299
5.703986
5.768897
5.403924
5.778887
5.646372
5.550252
5.148101
5.403443
5.341875
5.447337
5.444969
5.164737
5.019359
4.789863
4.432576
4.909225
5.181553
5.327398
5.512386
5.444045
5.227215
5.601213
5.761360
5.731074
5.891049
5.945130
5.793776
5.662802
5.346522
4.998306
5.100425
5.108789
5.723746
5.699451
5.340459
5.645817
5.499491
5.355644
5.318333
5.318249
5.198051
5.190569
5.224991
5.003489
5.078767
5.080415
5.207635
5.114829
5.420847
5.735707
5.573971
5.617940
5.375158
5.193531
5.089388
5.315477
4.841967
4.916377
5.010557
4.875337
5.049133
5.473061
5.541718
5.387415
5.741863
5.420962
5.258613
5.219909
5.363412
5.546132
5.370084
5.286522
5.533335
5.569868
5.342626
5.232435
5.342047
5.475890
5.491809
5.332815
5.422581
5.483889
5.480886
5.485775
5.287840
5.838847
5.500266
6.094933
6.391191
6.165510
5.806493
5.630880
5.357219
5.232393
5.054920
5.356283
5.626149
5.781533
5.546868
5.380957
5.008477
4.945029
5.032233
5.018906
5.192300
5.567543
5.419592
5.703862
5.504024
5.388231
5.174101
5.466541
5.707114
5.907660
5.888214
5.711999
5.639128
5.812807
5.844924
5.788578
5.312966
5.193380
5.590279
5.644462
5.331887
5.466891
5.547687
5.503437
5.791289
5.547270
5.698411
5.457583
5.541046
5.349120
5.580905
5.120832
5.306022
5.318924
5.391200
5.310534
5.220275
5.539542
5.405920
5.329628
5.240640
5.019519
5.420613
5.268200
5.352276
5.160264
5.378018
5.349144
5.126313
5.296386
4.935964
5.246831
5.511663
5.237406
5.482461
5.547822
5.502065
5.696209
5.636120
5.206907
5.047382
4.936518
4.858303
5.109335
5.252386
5.669984
5.804581
5.620330
5.481557
5.467507
5.434619
5.664032
5.635305
5.592838
5.322629
5.417489
5.525221
5.425302
5.453975
5.414277
5.729927
5.755480
5.868571
5.660929
5.369809
5.332466
5.428036
5.327547
5.122263
5.016677
4.857381
5.150848
5.459415
5.592963
5.606402
5.160204
5.169040
5.276176
5.365592
5.612703
5.814704
5.977553
5.588275
5.524326
5.602306
5.129407
5.265072
5.297306
5.188466
5.395520
5.292747
5.223884
4.769088
5.219126
5.228973
5.668662
6.133529
5.764682
5.251582
5.297764
5.292443
5.370880
5.526408
5.476374
5.858581
5.428491
5.210854
5.077948
4.971500
5.400321
5.361086
5.446576
5.305613
5.183690
5.390167
5.231304
5.573905
5.241490
5.353121
5.150867
5.770057
5.660818
5.488914
5.322598
5.299920
5.182136
4.930196
5.179513
4.900631
5.057510
5.442582
5.443961
5.654288
5.779343
5.332046
5.558853
5.373425
5.225031
5.422529
5.631910
5.440581
5.744352
5.651317
5.298187
5.098649
5.062348
5.331593
5.608793
5.550133
5.651337
5.601515
5.385679
5.255801
5.217234
5.372923
5.433015
5.542468
5.611778
5.380824
5.362468
5.188153
5.045858
5.123363
5.202544
5.214735
5.172436
5.315781
5.411469
5.050885
4.999083
5.041345
5.022793
4.961031
5.196800
5.415881
5.163583
4.983953
5.309926
4.796194
5.044615
5.254512
4.999410
5.020121
5.250878
5.371584
5.457415
5.305323
4.751932
5.044632
5.407042
5.441275
5.526873
5.854403
5.596919
5.709781
5.350350
5.293565
5.141214
5.205889
5.457965
5.678967
5.749416
5.754469
5.748449
5.343946
5.478756
5.304094
5.136752
5.454297
5.271181
5.501424
5.559685
5.550229
5.531655
5.538504
5.538226
5.717197
5.578970
5.923221
5.936948
5.570693
5.455712
5.404448
5.286593
5.555865
5.325888
5.384637
5.075620
5.054550
5.248478
5.704189
5.347380
5.053575
5.564887
5.620024
5.322439
5.406348
5.600215
5.875158
5.314658
4.980485
4.868179
5.030336
5.320918
5.213413
5.316274
5.295777
5.351503
5.017651
5.361096
5.651561
5.356705
5.538024
5.642796
5.480482
5.536277
5.435941
5.354463
5.247707
5.490870
5.362536
5.424355
5.645805
5.722529
5.417268
5.542172
5.406951
5.645211
5.630962
5.440872
5.397803
5.438402
5.331002
5.201462
5.357747
5.604389
5.295114
5.269264
5.424297
5.684930
5.605610
5.434595
5.493016
5.530690
5.640675
5.584267
5.682987
5.279275
5.296004
5.618081
5.794342
5.675476
5.341735
5.646738
5.658256
5.289112
5.344632
5.491775
5.512386
5.154130
5.321379
5.098030
5.058357
5.136786
5.273536
5.256256
5.010071
5.035735
5.251660
5.479656
5.713517
5.644719
5.583085
5.481772
5.663258
5.444495
5.470689
5.339130
5.489238
5.673936
5.660195
5.184394
5.783374
5.985559
5.627806
5.464296
5.264239
5.344041
5.260810
5.022385
5.289906
5.422927
5.515454
5.654102
5.609231
5.373429
5.552921
5.420098
5.412439
5.227917
5.237784
5.281423
5.494891
5.321856
5.379162
5.577837
5.446451
5.386561
5.212723
5.141815
5.065065
5.631612
5.395909
5.547221
5.441704
5.311265
5.255946
5.258451
5.344022
5.244159
5.554081
5.562245
5.509457
5.847609
5.449714
5.414506
5.722137
5.567993
5.080690
5.169786
5.224711
5.261831
5.683636
5.684264
5.392926
5.241521
5.184501
4.924028
5.168808
5.444756
5.036118
5.178340
5.465112
5.700746
5.269015
5.425021
5.301089
5.667806
5.587602
5.317825
5.117324
5.171583
5.495815
5.865470
5.598279
5.523371
5.567447
5.371056
5.636583
5.590493
5.256970
5.756093
5.883571
5.556580
5.509054
5.326350
5.340151
5.315516
5.769517
5.732185
5.657812
5.627334
5.481823
5.378487
5.370749
5.291087
5.580060
5.676297
5.779984
5.626224
5.650130
5.183846
5.497711
5.343492
5.306073
4.951128
5.257179
5.242576
5.008003
4.749884
5.201889
5.362039
5.602727
5.727833
5.554055
5.850756
5.699010
5.655082
5.690393
5.331248
5.397140
5.280108
5.597336
5.541746
5.156359
5.030182
5.100482
5.198613
5.370504
5.437112
5.246961
5.454883
5.553524
5.695231
5.831190
6.017596
5.720210
5.784378
5.751647
5.972797
6.068201
5.813792
5.765402
5.672540
5.991076
5.846163
5.334936
5.194485
5.128040
5.197664
5.590612
5.118941
5.092717
5.021770
5.112037
5.016096
5.041775
5.297266
5.364774
5.547241
5.696151
5.402499
5.471836
5.443705
5.533337
5.615855
5.281942
5.269966
5.543307
5.124560
5.211863
5.253048
5.102823
5.269721
5.347654
5.076914
4.997642
5.296327
5.248132
5.289481
5.810821
5.967422
5.839496
5.585256
5.501015
5.725301
5.592734
5.388649
5.294548
4.961486
5.052337
5.415943
5.249251
5.327558
5.329174
5.329579
5.107925
5.315229
5.203157
5.387668
5.545070
5.821898
5.641982
5.498546
5.712077
5.463628
5.700568
5.001665
5.189962
5.529528
5.326025
5.371052
5.537759
5.531657
5.102683
5.446130
5.487037
5.653958
5.551042
5.132116
5.563401
5.650120
5.449420
5.815835
5.298959
5.318448
5.271742
5.109702
5.058910
5.245610
5.462713
5.611815
5.665185
5.723078
5.464021
5.673750
5.824780
5.602699
5.606709
5.514184
5.523019
6.036348
5.530790
5.632085
5.354097
5.402734
5.294235
5.420537
5.578479
5.370475
5.611266
5.664712
5.288521
5.592977
5.804479
6.043612
5.739541
5.526513
5.274056
5.079468
5.116938
5.414582
5.315065
5.578988
5.328990
5.459268
5.316734
5.250416
5.187142
5.170136
4.969794
4.810791
4.726211
4.917792
4.869291
4.837967
4.995750
5.031305
5.358165
5.187787
5.195992
5.135690
5.467663
5.591883
5.543084
5.362870
6.146746
5.706565
5.836069
5.406829
5.194017
5.156926
5.461863
5.696035
5.514129
5.367279
5.331373
5.127569
5.231978
4.897269
5.023725
5.088417
5.101396
5.548984
5.426878
5.064615
5.330259
5.639371
5.462627
5.189037
5.347765
5.508198
5.602574
5.659920
5.745299
5.365825
5.101350
5.233551
5.616552
5.495015
5.421226
5.092816
5.261595
5.540354
5.397366
5.500694
5.101879
5.070338
5.002249
5.198827
5.154024
5.216430
5.217949
4.885502
5.411076
5.069774
5.399411
5.173223
5.236663
5.564938
5.563812
5.145771
5.378989
5.617584
5.616019
5.983453
5.639660
5.280702
5.265228
5.727434
5.561463
5.732654
5.610321
5.173067
5.405725
5.400016
4.943848
5.312502
5.574381
5.584592
5.619445
5.901792
5.630013
5.649576
5.694199
5.482477
5.398455
5.566327
6.030329
5.589571
5.811340
5.978209
5.757985
5.782803
5.873041
5.305868
5.597422
5.131402
5.228819
5.102553
5.229690
5.265280
5.398734
5.194099
5.373618
5.031097
5.032947
5.049330
5.532665
5.491849
5.879904
5.663776
5.685057
5.416052
5.406622
5.770066
5.438925
5.356620
5.464173
5.462984
5.367284
5.282962
5.385062
5.354064
5.449971
5.604864
6.158753
5.612558
5.427735
5.672178
5.650250
5.223662
5.188485
5.667166
5.456761
5.495885
5.519940
5.549077
5.506646
5.462963
5.352978
5.263103
5.248911
5.404923
5.385641
5.239289
5.202165
5.470051
5.041243
5.611587
5.482545
5.399065
5.319281
5.041426
5.286515
5.161450
4.858301
5.338256
5.144017
5.502692
5.438004
5.106970
4.940890
5.182421
5.147938
5.172626
5.741355
5.740546
5.480971
5.751235
5.723604
5.601325
5.463077
5.704829
5.689708
5.526161
5.296170
5.304246
5.268648
5.794432
4.865178
4.936016
4.822675
4.941123
4.997152
5.085816
5.357590
5.665833
5.318850
5.391590
5.084935
5.304095
5.525035
5.476311
5.117357
5.560914
5.626416
5.866129
5.575241
5.192517
5.188892
5.348912
5.343795
5.082010
5.507507
5.516992
5.382329
5.496573
5.415393
5.126687
5.340165
5.702030
5.779636
5.527916
5.624773
5.387444
5.343109
5.625478
5.372068
5.668939
5.466241
5.276204
5.257729
5.236192
5.481429
5.383112
5.653219
5.552048
5.913479
5.484174
5.754168
5.502091
5.405399
5.491455
5.476935
5.099112
4.966617
5.196075
5.352234
5.177146
5.397264
5.106762
5.056276
5.319676
5.376991
5.277290
5.510715
5.568470
5.655207
5.597001
5.430685
5.251910
5.238451
5.485005
5.568394
5.289046
5.448807
5.613220
5.575303
5.687515
5.862255
5.601547
5.425256
5.361148
5.472702
5.458332
5.390515
5.437413
5.405731
5.571896
5.552694
5.295740
5.089298
5.352312
5.629092
5.773856
5.573490
5.460534
5.143817
5.119322
5.110736
5.077231
5.237319
5.530143
5.409242
5.766112
5.612521
5.489993
5.210812
5.367430
5.460617
5.688705
5.813533
5.880906
6.016926
5.478249
5.956175
5.906224
5.524739
5.306377
5.766040
5.436020
5.232917
5.119407
5.133926
5.609075
5.959300
5.912357
5.650485
5.491209
5.636570
5.371569
5.326860
5.365724
5.150190
5.525644
5.390822
5.409106
5.315491
5.546680
5.395876
5.469104
5.726096
5.824428
5.749905
5.433818
5.257276
5.050318
5.058424
5.239958
5.580009
5.837676
5.629805
5.889231
5.413275
5.131810
5.513593
5.705713
5.561634
5.561283
5.533205
5.411881
5.321912
5.355879
5.117082
5.322442
5.605821
5.656599
5.731200
5.621724
5.526716
5.204746
5.077022
5.144132
5.273938
5.467967
5.589959
5.340515
5.055321
5.128192
4.895543
5.120383
5.129960
5.196998
5.061700
4.997267
5.232720
5.250278
5.399564
5.223790
5.378453
5.408888
5.436993
5.369032
5.495074
5.833284
5.591250
5.494454
5.493733
5.437420
5.238572
4.988857
5.018737
5.170114
5.610614
5.458880
5.394436
4.972329
5.481048
5.458099
5.846049
5.448454
5.168186
5.295352
5.137793
5.124500
5.109032
5.341713
5.543297
5.665363
5.482089
5.170799
5.598944
5.505886
5.351945
5.361404
5.341783
5.429052
5.695429
5.933594
5.603696
5.447487
5.539057
5.344620
5.426355
5.458482
5.953290
5.674031
5.416172
5.152485
5.248098
5.289348
4.985230
5.437697
5.482187
5.472750
5.385944
5.436944
5.401176
5.520424
5.551123
5.470166
5.347666
5.405386
5.492005
5.155457
5.233031
5.481849
5.681517
5.386455
5.395210
5.692186
5.510957
5.201430
5.215591
5.008968
5.122488
5.186925
5.122720
5.209342
5.190281
5.111572
5.285863
5.342621
5.460122
5.327588
4.984362
4.471358
4.414413
4.931201
5.025896
4.999139
5.127024
5.409827
5.435147
5.191502
5.238872
5.488395
5.389537
5.330023
4.999964
5.413397
5.543234
5.543899
5.514528
5.366859
5.330760
5.714663
5.162049
5.256828
5.190066
5.268087
5.251833
5.174739
5.560644
5.174388
5.281760
5.067142
5.311776
5.824777
5.562105
5.487992
5.165367
5.447347
5.664493
5.495068
5.288964
5.037698
5.726942
5.756615
5.559871
5.213748
5.223536
5.272495
5.443557
5.505683
5.527472
5.311966
5.262444
4.938456
5.320454
5.242128
5.125481
5.188843
5.083942
5.114423
5.189409
5.224164
5.226899
5.304011
4.947734
5.092387
5.205477
5.151333
5.271959
5.374283
5.228821
5.411725
5.233674
5.437421
5.475331
5.780707
5.734973
5.853614
5.943417
5.219556
5.318262
5.420105
5.221901
5.737938
5.833366
5.547180
5.393561
5.253113
5.267335
5.417826
5.588695
5.160988
5.173870
5.122204
5.131584
5.437951
5.109470
5.383270
5.314442
5.003585
5.014405
5.411217
5.255898
5.325899
5.258206
5.429253
5.797638
5.907911
5.762481
5.613700
5.299759
5.386496
5.427661
5.319245
5.242133
5.305234
5.444712
5.375684
5.284340
5.584643
5.479030
5.260708
5.391813
5.208333
5.112593
5.264485
4.808067
4.768547
4.885762
5.233918
5.231807
4.982559
4.987358
5.130648
5.495666
5.310868
5.470864
5.420770
5.798542
5.566401
5.637412
5.572543
5.495328
5.486728
5.423880
5.373887
5.510478
5.425487
5.584180
5.522536
5.648088
5.473219
5.410294
5.190044
5.538435
5.261937
5.458253
5.538541
5.810270
5.495511
5.538388
5.113215
5.047647
5.352900
5.530229
5.438977
5.620925
5.685843
5.855398
5.601631
5.400762
5.421209
5.398658
5.226971
4.894144
5.391741
5.400688
5.064065
5.389798
5.125971
5.480952
5.394324
5.216910
5.370353
5.480519
6.007948
6.149564
5.716394
5.165407
5.440372
5.619779
5.204512
5.484600
5.423189
5.258401
5.330204
5.077680
5.375571
5.258072
5.244426
5.193599
5.231337
5.236129
5.166864
5.167480
5.367247
4.686728
5.164174
5.301166
4.838177
4.890780
5.210928
5.140298
5.345306
5.641309
5.854736
5.784640
5.554099
5.495404
5.395898
5.498687
5.375168
5.068353
5.070028
5.207404
5.380057
5.491435
5.147792
5.069580
5.217249
4.942881
5.100636
5.145512
5.100913
5.101148
5.403075
5.217884
5.705173
5.742217
6.206484
6.008591
5.885496
5.692733
5.450179
5.649947
6.157662
5.736689
5.623054
5.855805
5.463629
5.619193
5.307774
5.169649
4.982243
5.139174
5.173935
5.490306
5.350630
5.507164
5.414076
5.502668
5.545269
5.476699
5.543193
5.741869
5.475265
5.645925
6.041717
5.400380
5.525241
5.176822
5.593310
5.537998
5.394125
5.599539
5.209874
5.096088
5.100151
5.402604
5.438772
5.342676
5.290615
5.393943
5.946178
5.695493
5.408938
5.434504
5.044969
5.785000
5.558900
5.498731
5.407173
5.458383
5.708374
5.640114
5.711458
5.495172
5.535145
5.797396
5.346592
5.443275
5.637011
5.380464
5.546907
5.253195
5.423826
5.542576
5.506379
5.175593
5.682833
5.728274
5.313513
5.409222
5.731485
5.661491
5.635617
5.828130
5.784716
5.614641
5.504584
5.740648
5.566914
5.143389
5.207695
5.342162
5.412557
5.391367
5.240409
5.315527
5.322642
5.300247
5.383953
5.393976
5.501122
5.413703
5.444990
5.213619
5.155049
4.947565
5.198954
5.501127
5.449710
5.464565
5.545736
5.472078
5.386022
5.232594
5.408190
5.565062
5.524884
5.350378
5.320295
5.332600
5.334501
5.185115
5.187607
5.099772
5.499415
5.308147
5.528393
5.328449
5.360072
5.373839
5.409603
5.297916
5.336093
5.396074
5.221006
5.512475
5.595559
5.657302
5.404597
5.871159
5.852853
5.892855
5.871197
5.400061
5.681342
5.597334
5.334439
5.107041
5.035687
5.277928
5.571750
5.455415
5.256951
5.589633
5.657719
5.329521
5.069179
5.246187
5.220561
5.438067
5.301493
4.992025
5.403270
5.143354
5.259578
5.418790
5.582054
5.543290
5.359866
5.551380
5.781853
5.481326
5.477811
5.348634
5.515415
5.255764
5.172144
5.203186
4.900113
5.076312
4.943936
5.332233
5.241473
5.379740
5.436286
5.400845
5.450830
5.458781
5.317034
4.914938
5.150913
5.418105
5.126307
5.081349
5.126539
5.235961
5.285102
5.128891
5.571653
5.425352
4.834408
5.314274
5.736647
5.656520
5.528863
5.632967
5.177521
5.478691
5.409631
5.360385
5.659488
5.742920
5.659559
5.764462
5.667444
5.767568
5.729814
5.394626
5.307705
5.189403
5.216465
5.569153
5.297970
5.528396
5.720525
5.674901
6.079952
6.049092
5.976383
5.719146
5.324684
5.422662
5.494757
5.638557
5.769671
5.497900
5.541587
5.493928
5.500577
5.254364
5.223080
5.491159
5.238650
5.258274
5.238181
5.260328
5.252531
4.998938
5.469962
5.848736
5.779464
5.660997
5.307867
5.469230
5.640362
5.361778
5.210410
5.529557
5.833578
6.004826
6.125196
5.910158
5.719048
5.904830
5.558471
5.648224
5.747980
5.921525
5.330528
5.421773
5.449987
5.404061
5.499626
5.404832
5.023591
5.338038
5.719133
5.541321
5.366199
5.511463
5.253685
5.404916
5.507740
5.551500
5.369245
6.052807
6.007555
5.454305
5.086362
5.143069
5.214797
5.346463
5.476739
5.535487
5.808780
5.824136
5.671297
5.853118
5.800637
5.675107
5.685977
5.316572
5.590293
5.881207
5.696097
5.594890
5.735788
5.182645
5.210720
5.258673
5.493259
5.419094
5.525720
5.360566
5.034654
5.257790
5.323635
5.509631
5.367390
5.573543
5.514559
5.156062
5.612182
5.781897
5.313028
5.422695
5.675833
5.567890
5.627148
5.508565
5.812514
5.438655
5.391488
5.530684
5.195967
5.146976
5.315342
5.455226
5.555531
5.358007
5.339252
5.833101
5.221188
5.387705
5.326702
5.443048
5.495603
5.456201
5.177890
5.478666
5.270905
5.072907
5.380028
5.433693
5.478789
5.432121
5.468844
4.961658
4.977309
5.163244
5.052979
5.085556
5.510930
5.428692
5.583301
5.774101
5.712007
5.514162
5.606932
5.480938
5.419436
5.719911
5.678538
5.256211
5.092715
5.211285
5.325537
5.104401
5.106904
5.422096
5.587741
5.296657
5.262644
5.455235
5.289143
4.985138
5.329824
4.941994
4.923352
4.931766
4.913284
4.755224
4.963249
5.307927
5.435581
5.490738
5.249511
5.234193
5.464795
5.261311
4.950156
5.190713
5.308130
5.461043
5.666869
5.513595
5.735666
5.352631
5.402408
5.675171
5.301403
5.440238
5.227575
5.609984
5.599080
5.737323
5.349879
5.177437
5.063468
5.412370
5.374507
5.669502
5.060424
5.191852
5.840346
5.952631
5.542052
5.230596
5.019796
5.248057
5.415554
5.105130
5.124170
5.029632
5.291866
5.385669
5.227944
5.664503
5.693126
5.474664
5.339303
5.214162
5.512138
5.748659
5.513674
5.550888
5.711075
5.587130
5.274886
4.909240
5.133543
5.358821
5.460265
5.855492
5.500355
4.921415
4.922215
5.086543
4.990589
5.171356
5.472494
5.194942
5.467480
5.226315
5.459153
5.508189
5.448316
5.767976
5.587144
5.756006
5.728342
5.707209
5.025604
4.983540
5.384441
5.536278
5.448708
5.596756
5.474021
5.627759
5.424445
5.442920
5.564360
6.003286
5.668848
5.419328
5.111645
5.296947
5.419205
5.242403
5.419592
5.639515
5.545084
5.492803
5.586934
5.566115
5.340537
5.388898
5.393588
5.868432
5.377086
5.262388
5.444767
5.579202
5.223828
5.142190
4.965499
5.249027
5.219452
4.914762
5.121362
5.330185
5.387600
5.589477
5.554069
5.489125
5.201795
5.054919
5.647116
5.355641
5.759682
5.932583
5.786419
5.826990
5.445064
5.373282
5.069553
5.251892
5.507231
5.278932
5.748354
5.595623
5.205952
5.290924
5.373973
5.577342
5.457926
5.483916
5.296068
5.367911
5.838995
5.550112
5.402079
5.359973
5.605113
5.490682
5.499430
5.730033
5.761554
5.592766
5.299908
5.197707
5.194581
5.642838
5.622536
5.759791
5.668931
5.750702
5.518199
5.729692
5.782033
5.470723
5.261635
5.502876
5.582832
5.599175
5.304305
5.391301
5.749772
5.576969
5.831162
5.523810
5.394250
5.329495
5.354981
5.418094
5.650029
5.514949
5.383028
5.446965
5.141283
5.213027
5.333626
5.357339
5.084508
5.316378
5.612252
5.785066
5.560377
5.597711
5.140393
5.661555
5.776166
5.629051
5.153491
5.063228
5.135020
5.295592
5.089899
5.112764
5.569678
5.500132
5.627248
5.509664
5.289942
5.378574
5.550935
5.549206
5.622619
5.275665
5.425713
5.367090
5.732964
5.349949
5.381527
5.355371
5.260277
5.556801
5.228869
4.994109
5.211621
5.136476
5.511276
5.253159
5.077344
5.252952
5.679497
5.643610
5.832314
6.123278
5.952376
5.712609
5.467033
4.903419
5.097444
5.365853
5.658577
5.573909
5.386475
5.490718
5.729417
5.805889
5.475440
5.687628
5.920408
5.519576
4.930046
5.044981
5.037241
5.395009
5.383421
5.316752
5.245940
5.535473
5.501800
5.304836
5.375703
5.412922
5.131173
4.919749
5.357683
5.491772
5.170633
5.642367
5.394876
5.830026
5.598750
5.919357
5.623115
5.528950
5.616821
5.645846
5.437420
5.300846
5.387043
5.222852
5.429179
5.278803
5.268703
5.311381
5.344410
5.041819
5.035451
5.216541
5.190615
5.175316
5.366540
5.148347
5.457280
5.298621
5.332747
5.294530
5.479211
5.360968
5.418449
5.099858
5.362432
5.234334
5.101538
5.218850
5.317927
5.215951
5.383664
5.621563
5.464938
5.298008
5.522503
5.363106
5.315661
5.039685
5.153130
5.688729
5.681334
5.391374
5.440053
5.631697
5.582040
5.431590
5.320488
5.227593
5.349378
5.413491
5.400791
5.260521
5.108440
5.017315
5.102766
4.777386
5.109743
5.175578
5.174374
5.658459
5.587757
5.565075
5.697211
5.526901
5.256470
5.048666
4.808535
5.094030
5.003368
4.796138
5.074086
5.461809
5.329185
5.472630
5.554675
5.005443
5.298132
5.594404
5.697763
5.119204
5.855752
5.838829
5.525871
5.556372
5.459271
5.263811
5.245597
5.658459
5.592198
5.624779
6.027801
5.800696
5.888201
5.641668
5.389879
5.670007
5.210046
5.452724
5.636794
5.470283
5.428176
5.330245
5.187977
5.101336
5.375314
5.411627
5.405570
5.346069
5.262634
5.401728
5.473263
5.439849
5.604669
5.345019
5.300514
5.384813
5.360160
5.390590
5.660521
5.685907
5.751128
5.497563
5.375653
5.752069
5.842906
5.763075
5.765963
5.887670
5.526143
5.653421
5.648369
5.320099
5.336537
5.743254
5.730717
5.426868
5.621498
5.918492
5.685039
5.700543
5.717900
5.347999
5.155401
5.800124
5.588650
5.367843
5.266287
5.321396
5.550647
5.197684
5.631801
5.615864
5.188899
5.395943
5.775040
5.892470
5.846353
5.871106
5.530178
5.592068
6.013123
5.779923
5.842364
6.039761
5.597326
5.335094
5.348984
5.509962
5.118967
5.173192
5.202182
5.401262
5.599614
5.574481
5.030451
5.323761
4.934678
5.307312
5.284864
5.107697
5.189288
5.533337
5.797035
5.795169
5.496637
5.225437
5.262615
5.343069
6.005451
5.844353
5.660390
5.707427
5.611812
5.682424
5.261605
4.932399
5.050674
5.309769
5.637978
5.233173
5.343700
5.634831
5.542332
6.185813
5.822263
5.683890
5.331102
5.198181
5.277259
5.497197
5.751443
5.832386
5.542413
5.554769
5.357248
5.438969
5.877088
5.705000
5.551130
5.675321
5.766498
5.516233
5.960464
5.433847
5.368665
5.331383
5.329511
5.698262
5.646299
5.565179
5.201858
5.365804
5.057513
5.153239
5.234052
5.369164
5.356795
5.507840
5.454640
5.429834
5.633684
5.613176
4.976924
5.221396
5.319713
5.249384
5.307285
5.176118
4.950384
5.024622
5.076161
4.748313
4.859843
5.348163
5.322897
5.542152
4.914026
5.149992
5.223287
5.286281
5.626992
5.035034
5.371103
5.261015
5.448989
5.291954
5.526719
5.066821
5.128193
5.348033
5.693192
5.666004
5.829155
5.742769
5.542581
5.483451
5.362616
5.092434
5.156591
5.250429
5.138541
5.440409
5.380831
5.646350
5.482543
4.882315
5.094256
5.442084
5.530149
5.260191
5.490537
5.457541
5.147292
4.971366
5.802877
5.907140
5.614997
5.370748
5.259737
5.307210
5.077902
5.128750
5.205058
5.558742
5.492849
5.407031
5.486454
5.609013
5.287927
5.203125
5.365995
5.622213
5.455980
5.150471
5.427543
5.523208
5.618981
5.540185
5.725221
5.930667
5.848010
5.695121
5.350911
5.219021
5.373143
5.452867
4.725004
5.270393
5.231312
5.304507
5.501572
5.558084
5.444610
5.346738
5.299015
5.312576
5.478710
5.566383
5.635942
5.598397
5.775460
5.752901
5.770622
5.584611
5.357918
5.406880
5.657256
5.401909
5.328233
5.421177
5.338401
5.297580
5.372321
5.245136
5.544961
5.294874
5.249627
5.025557
5.304691
5.371650
5.619568
5.460537
5.333868
5.196198
5.210177
5.468382
5.456193
5.448542
5.408779
5.798306
5.539199
5.627680
5.565034
5.903369
5.585909
5.317743
5.125859
5.108501
4.868235
5.355534
5.630300
5.363941
4.934539
5.228251
5.409643
5.196132
5.152604
5.318475
5.386072
5.044524
5.436824
5.349866
5.346091
5.368212
5.132492
5.586824
5.621888
5.798780
5.403071
4.937269
5.111959
5.096314
5.194036
5.561167
5.430095
5.513514
5.780443
5.775064
5.494709
5.721634
5.474875
5.817880
5.957429
5.820118
5.723997
5.531587
5.562713
5.333201
5.446923
5.356650
5.227690
5.247530
5.580343
5.280500
5.370912
5.397106
5.391193
5.184567
5.302037
5.363769
4.872623
4.836482
5.046699
4.928716
5.344751
5.278523
5.323499
5.257145
5.217999
5.109896
5.339205
5.507353
5.744450
5.594188
5.817727
5.465481
5.663440
5.762635
5.669897
5.763968
5.690967
5.604873
5.695049
5.745091
5.764020
5.980569
5.661682
5.396589
5.213367
5.366429
5.493671
5.552176
5.266169
5.443966
5.413793
5.407949
5.678394
5.320823
5.390824
5.624603
5.670871
5.329345
5.391042
5.574529
5.650819
5.694522
5.682752
5.569762
5.415044
5.407003
5.364632
5.466479
5.812683
5.520623
5.465125
5.446694
5.445217
5.361287
5.365395
5.071143
5.239996
5.111335
5.367461
5.509749
5.588474
5.480637
5.301519
5.145724
5.479683
5.508977
5.513670
5.485881
5.272323
5.701438
5.559977
5.222230
5.097045
5.174854
5.592878
5.263911
5.393586
5.386815
5.618428
5.091212
5.157678
5.057730
4.978727
5.175512
5.282421
5.566257
5.424389
5.414353
5.559472
5.200849
5.555288
5.622419
5.860652
5.781789
5.684575
5.893463
5.357617
5.623483
5.405165
5.237189
5.658337
5.743103
5.776224
5.428258
5.395617
5.564047
5.851082
5.637562
5.679577
5.911305
5.785164
5.600036
5.510649
5.424830
5.118732
5.201393
5.237239
5.251945
5.545121
5.096495
5.320967
5.262495
5.378050
5.129900
5.439104
5.115448
5.288544
5.282211
5.235775
5.403790
5.682702
5.564279
5.494676
5.362105
5.348691
5.889497
5.790189
5.763680
5.489406
5.519842
5.012489
4.902135
5.164014
4.968084
4.906336
5.512036
5.384582
5.514261
5.496398
5.393463
5.023703
5.290199
5.019659
5.076906
5.160868
5.122563
5.158540
5.276280
5.519835
5.701791
6.044872
5.586910
5.716923
5.568243
5.763139
5.634860
5.581248
5.383295
5.564284
5.614226
5.606254
5.690948
5.438228
5.356328
5.753934
5.775106
5.767029
5.567404
5.513670
5.909286
5.752082
5.974896
5.709953
5.180582
5.426491
5.475917
5.417862
5.534722
5.438967
5.345481
5.362200
5.676940
5.434261
5.373447
5.291524
5.364263
5.091548
5.108651
5.401168
5.415942
5.566290
5.389044
5.723831
5.318719
5.521131
5.686152
5.441776
5.454743
5.333698
5.671518
5.639117
5.758362
5.436167
5.346472
5.277091
5.425262
5.451376
5.472742
5.084557
5.313429
5.445688
5.568992
5.371031
5.072564
5.029506
5.180971
5.421653
5.443077
5.437845
5.357117
5.354517
5.532748
5.318442
5.491833
5.412594
5.446699
5.331319
5.274726
5.351480
5.565762
5.193471
5.184123
4.941419
5.411144
5.171872
5.297364
5.005390
5.050084
5.085076
5.191298
5.163540
5.205054
5.206100
5.081373
5.104100
5.314807
5.093668
5.542170
5.748835
5.684344
5.611062
5.745076
5.521169
5.249732
5.285336
5.192376
4.990221
5.095752
5.301227
5.708229
5.818274
5.600945
5.516822
5.616666
5.571732
5.747310
5.558020
5.572328
5.271412
5.627443
5.453946
5.273663
5.671868
5.664322
5.716583
5.032852
5.448081
5.483014
5.574592
5.282758
5.434330
5.397187
5.489918
5.460521
5.604641
5.908884
5.658840
5.454436
5.280931
5.579667
5.668603
5.703942
5.883733
6.054237
6.083354
5.741891
5.910760
5.859828
5.551997
5.398956
5.491356
5.522503
5.486650
5.565346
5.391004
5.373266
5.405670
5.345502
5.590686
5.547014
5.441394
5.678438
5.220898
5.468132
5.387914
5.484322
5.348332
5.534373
5.650190
5.474389
5.207963
5.206151
5.444424
5.542792
6.212908
5.826425
5.650845
5.635944
6.124287
5.752572
5.680877
5.504552
5.385759
4.932832
5.178428
5.518961
5.551603
5.855600
5.559777
5.473238
5.435926
5.276445
5.337940
5.192324
5.435992
5.316289
5.350812
5.388553
5.126715
5.234355
5.107341
5.622514
5.764407
5.482700
5.601662
5.579903
5.639686
5.782249
5.731463
5.346375
5.362241
5.268962
5.388312
5.286640
5.086003
5.137000
5.591720
5.338858
5.744379
5.735265
5.573159
5.361837
5.423368
5.555387
5.320724
5.697904
5.570355
5.704517
5.415408
5.431535
5.071529
5.833934
5.737103
5.280350
5.233073
5.503161
5.448061
5.517516
5.319568
5.325879
5.364167
5.383202
5.641361
5.722571
5.289760
5.460118
5.618171
5.500199
5.740156
5.448168
5.552552
5.234331
5.273343
6.127305
5.892739
5.463265
5.696577
5.504061
5.355679
5.377569
5.431872
5.716513
5.886136
5.566495
5.181349
5.461490
5.249863
5.249290
4.877697
5.441287
5.307378
5.301656
5.321717
5.043630
5.405499
5.370467
5.730639
6.003285
5.804890
5.513480
5.503499
5.407973
5.244597
5.381107
5.411993
5.200193
5.256692
5.130868
4.979997
5.088399
5.532628
5.919436
5.390838
5.358107
5.130585
5.330273
5.522057
5.591988
5.465439
5.413671
5.540698
5.931804
5.563838
5.631234
5.197709
5.512574
5.367349
5.491438
5.694461
5.680239
5.752280
5.702434
5.789919
6.072352
5.765063
5.364506
5.357840
5.287597
5.079683
5.052834
5.301820
4.943538
4.766824
5.173168
5.243790
5.414836
5.376126
5.512281
5.492990
5.254245
5.358784
5.134907
5.083431
5.331473
5.265821
5.279874
5.486079
5.407534
5.457083
5.623732
5.464784
5.635464
5.452742
5.537068
5.223796
5.400385
5.165401
5.404373
5.435018
5.148515
5.373697
5.489208
5.259297
5.534930
5.712051
5.502020
5.392842
5.531331
5.549545
5.243897
5.145136
4.824969
5.145757
5.217723
5.429532
5.547968
5.523235
5.348271
5.509822
5.257972
4.964086
5.296623
5.436605
5.091540
4.890750
4.973446
5.150406
5.133197
4.819521
5.053968
5.263969
5.475514
5.417074
5.399320
5.522728
5.865280
5.568168
5.216276
5.581031
5.007777
5.282345
5.169292
5.637323
5.558935
5.557752
5.276581
5.106792
5.091838
5.149968
5.197238
5.193448
5.110691
5.082594
5.333283
5.339416
5.274672
4.882574
4.997545
5.956105
5.893980
5.850263
5.868358
5.736021
5.668165
5.076343
5.171425
5.112780
5.353309
5.412789
5.416416
5.504223
5.328082
5.535119
5.348585
5.766310
5.931697
5.910127
5.354405
5.266347
5.559557
5.566505
5.281634
5.056030
5.111495
5.111393
5.011677
5.054954
5.218099
5.149497
5.392933
5.317393
5.326613
5.320684
5.085313
5.280053
5.524186
5.543119
5.246579
5.170070
5.147790
5.284143
5.093328
5.609292
5.289565
5.452663
5.639986
5.750545
5.867117
5.815204
5.582195
5.512077
5.527000
5.668793
5.167724
5.060785
5.233581
5.294091
5.180014
5.103797
5.340654
5.737246
5.558899
5.221597
5.240563
5.019162
5.284740
4.963518
5.220170
4.794389
4.894312
5.079641
4.998899
5.330417
5.387190
5.580477
5.367526
5.514739
5.438721
5.629472
5.584483
5.214772
5.420314
5.446083
5.452391
5.642458
5.629707
5.432717
5.451112
5.223415
5.602031
5.696329
5.406574
5.610557
5.229854
5.495382
5.475814
5.504903
5.507100
5.407825
5.364298
5.483922
5.936818
5.564871
5.646049
5.186326
4.795470
4.890843
4.778202
4.759950
5.047926
5.339195
5.591460
5.693063
5.889832
5.341138
5.678263
5.917005
5.525377
5.656246
5.704410
5.598917
5.416928
5.229401
5.696512
5.742391
5.807375
5.608858
5.551252
5.388885
4.943428
5.290862
5.457609
5.764733
5.518025
5.652065
5.791299
5.552417
5.437046
5.607754
5.756901
5.243816
5.319625
5.197531
5.330175
5.610784
5.399838
5.242181
5.265595
5.168813
5.072578
5.222423
5.501597
5.806237
5.816338
5.833064
5.674504
5.564769
5.094655
5.392289
4.961796
5.154314
5.550219
5.328581
4.971085
5.697634
5.381743
5.138489
5.043928
5.110488
5.315262
5.172687
5.268762
5.783274
5.357929
5.649557
5.359963
5.365697
5.378197
5.313895
5.223447
5.344871
5.324058
5.478342
6.077167
5.943348
5.708231
5.709657
5.426023
5.642219
5.244162
4.972599
5.398369
5.360826
5.271346
5.621159
5.621307
5.299562
5.348407
5.583843
5.234823
5.237024
5.086162
5.653254
5.181460
5.328120
5.162607
5.374854
5.211180
5.221627
5.608704
5.373155
5.557311
5.657475
5.413340
5.462546
5.576787
5.627820
5.725688
6.065846
5.800808
5.409711
5.347425
5.290993
5.279228
5.109621
5.323298
5.414563
5.970678
5.877675
5.807066
5.269518
5.179936
4.998046
5.126430
5.559376
5.748861
5.660463
5.400919
5.480131
5.686201
5.696720
5.439690
5.436025
5.212650
