491.511663
514.930242
483.168757
474.344542
502.905809
524.998709
504.228097
531.567759
535.852824
572.369305
535.578247
536.966605
521.020345
555.882903
553.064162
540.090424
522.693152
528.977663
515.323183
511.711954
508.504631
552.998943
520.821603
559.946067
533.392204
495.435468
500.960113
537.602849
594.719773
608.943809
569.977422
538.740718
540.999890
528.698351
551.375193
565.927571
533.268092
521.624031
516.283482
545.627650
533.336086
577.264274
567.811263
550.853158
542.082655
551.771546
578.574204
539.250341
534.580794
511.332850
512.864798
503.593712
533.627666
551.102435
547.310542
537.159851
526.578223
553.101325
525.155886
547.646202
538.754534
546.340808
545.831286
574.920499
537.111000
514.027619
535.155142
537.562758
530.271929
552.965136
550.408673
526.818213
544.747912
566.700042
541.809258
523.387126
542.939829
531.913450
529.999338
542.315070
548.210636
542.737368
546.064161
564.752485
553.824142
567.314445
577.540515
532.217362
540.044339
508.047071
500.437800
509.199570
533.191121
528.038025
497.306175
530.686723
521.562534
529.073466
540.352092
569.740550
559.360472
559.060284
519.354555
550.518605
545.634225
531.197345
518.153228
544.602276
527.341069
534.773666
496.782297
495.979592
531.826195
471.731475
481.033352
470.617565
491.693505
485.324609
502.055220
516.885340
507.808353
510.351189
535.514053
558.375533
560.967503
576.167156
559.347519
548.768520
566.947735
566.327159
527.234838
554.825035
553.145860
554.264171
543.851796
557.956380
563.210385
548.443709
534.917910
572.891020
533.942149
549.044940
575.904089
536.418262
538.960968
547.085741
523.718543
511.361895
518.983984
554.166418
563.765771
550.771032
519.240962
522.882035
560.450492
572.093157
545.129578
507.146480
537.405245
530.044680
527.578025
562.753499
559.481857
537.299646
538.292893
523.948666
558.122855
542.330011
527.944340
508.043117
495.194140
533.798674
525.497164
530.006985
540.545943
525.078468
522.774820
489.827763
520.611325
515.375207
529.804349
470.644337
478.265705
501.531617
503.080209
546.630126
587.946841
580.358151
561.051936
559.936882
532.806253
548.299474
542.150254
535.568021
525.637324
530.499142
523.408363
533.916556
524.285964
551.095195
525.362609
494.676602
509.718746
551.065366
559.466355
535.678671
552.002606
503.201796
521.100041
506.680087
510.554901
538.188015
526.276587
540.256647
542.248014
525.121029
526.873881
520.470304
532.176888
535.136353
540.401006
504.998941
479.839010
520.113653
506.758940
498.082813
538.253470
541.734053
539.820705
567.162374
585.386314
560.987151
547.173676
533.519233
581.549553
540.072480
544.118464
538.014137
532.285811
526.924720
517.041845
519.059266
521.811064
564.583650
568.717856
544.208382
548.193751
529.393259
528.896336
497.212092
513.562541
578.533204
556.554625
534.026301
519.090155
524.602041
532.129170
535.946611
529.091821
516.538356
521.153809
516.154920
530.862420
549.919185
545.615725
559.462828
574.899219
589.752858
541.995336
547.202815
563.222319
573.238000
581.873730
595.684431
565.182303
568.675527
552.261839
534.981224
545.824668
528.267414
546.574296
537.360378
520.783446
498.604538
524.741274
529.002664
557.490326
551.006653
530.739675
537.689833
534.769349
547.930318
563.957353
524.999927
581.463853
542.579284
548.630656
566.917317
561.463307
529.572130
519.781775
513.747853
492.376894
522.817018
513.803676
562.442056
551.001363
514.620492
504.479576
505.604071
493.300634
510.250272
512.720266
514.075115
498.942257
486.899471
514.998201
524.166355
501.859239
524.570534
540.128913
485.213164
478.452619
544.076611
497.671517
515.288375
504.710069
502.906043
575.254997
556.159236
564.006487
555.764508
524.875709
518.031595
521.092495
518.585001
518.798057
559.846036
560.550318
540.081698
570.000379
556.482897
569.579819
556.096586
534.091545
550.179553
538.072442
498.600575
538.710643
532.248903
477.133184
504.164955
522.224534
514.616129
509.890713
531.145022
518.005766
512.025075
492.136652
504.870935
525.249143
529.837041
555.630036
549.819279
557.249803
558.307290
528.240587
545.883967
538.231770
550.750458
542.443563
557.021618
531.204371
499.932240
523.210244
531.951441
556.706228
522.290468
536.162455
549.859774
541.098145
502.807067
509.147949
468.954915
516.736518
530.617456
528.787145
522.619432
535.072314
544.935756
575.493197
563.885680
564.849316
537.053965
536.150999
531.714873
533.251777
528.385278
543.219695
573.974663
553.137856
562.630858
577.687180
593.097695
597.001124
603.308872
562.948337
555.643415
551.904276
563.356106
534.882952
517.235691
553.285693
537.054669
527.908295
504.755766
489.261380
529.842688
506.955084
506.783178
543.672732
537.591440
531.047847
500.419099
518.069678
527.448606
523.275492
480.905760
496.650862
514.216561
516.916471
540.677065
563.887380
565.658325
534.183231
544.016885
542.336767
566.511593
570.495231
555.577519
570.939962
547.123144
522.822717
521.863010
517.774699
531.880338
522.803571
566.851850
566.123395
557.186153
547.244256
577.778734
567.863958
544.633099
541.424061
554.591172
565.302333
576.615530
558.669928
557.978818
507.135757
532.638588
519.879830
536.967689
551.514897
584.954237
589.915655
552.103336
571.217505
559.780070
564.326642
595.545248
586.221122
549.014445
558.586680
545.301086
515.662984
519.089289
524.429987
514.544386
502.630910
534.438768
517.487473
521.472033
471.631621
529.555356
526.074393
531.299208
517.530687
521.319418
535.039398
550.575234
542.004496
541.084333
544.375942
577.475864
576.956216
535.099978
524.143938
512.176509
495.981197
498.957259
512.924992
541.135308
564.217031
575.337842
583.386172
591.909171
569.793587
560.586253
558.001829
545.839509
541.291792
523.983320
538.758807
523.734568
522.915070
522.068863
541.240265
521.048042
571.152996
535.384212
543.131195
539.343838
529.889795
496.919832
503.610686
520.276315
532.537471
560.707897
566.418671
537.090793
533.481903
557.756937
517.806526
565.793000
562.964535
560.622502
529.983092
542.080594
571.793250
516.459916
501.129589
535.006649
567.195988
588.657977
560.558456
558.417749
551.379422
562.657313
558.016209
529.351492
532.686010
500.008937
473.670193
487.797557
479.302636
508.363126
523.447821
527.416433
543.772360
561.783970
541.570570
558.045897
548.069614
529.619261
502.930908
510.278331
534.193288
516.750290
509.726981
556.713905
542.912292
553.207535
529.483784
546.073443
544.461972
572.421121
543.735939
556.309531
573.586780
569.559104
561.858573
532.723774
527.347486
484.422064
532.677300
557.550252
561.324075
529.065494
508.555631
535.264404
544.954340
560.029752
539.114341
539.451696
547.318374
544.076946
554.271315
530.892348
513.418773
505.060310
510.720028
527.482332
527.081905
504.564246
515.443064
509.086914
537.534862
511.707195
521.733675
530.927761
552.359680
528.538106
562.193494
537.990444
523.320541
494.281703
500.847447
534.477662
525.690266
522.568302
532.051421
524.140625
556.888530
526.413472
496.351471
513.620715
516.825034
529.682232
540.882633
510.886986
467.302034
498.987931
533.842838
544.652366
541.847476
534.549969
563.201423
539.706921
523.167885
536.026271
563.853120
550.761900
544.980805
531.015216
520.669619
536.078955
502.903937
506.424878
529.034122
539.905219
504.057156
502.245789
518.434395
540.522550
501.450940
512.301488
522.735657
529.818936
537.374728
557.512374
567.639270
573.156403
580.463564
540.052890
557.884479
529.311854
551.252034
541.283593
565.112158
559.516112
531.422744
538.292484
549.402139
549.704308
556.007527
582.401500
571.946830
590.472728
585.455431
567.353249
554.571775
572.460548
571.607887
569.010386
557.176411
558.523229
546.859608
555.681802
537.554138
530.543420
538.278987
533.443052
547.092166
563.069075
539.438015
566.732988
560.765800
558.513188
571.041120
569.053961
566.696500
572.670497
573.480878
556.372817
511.995243
538.972879
527.340067
529.579584
567.898418
587.382032
603.354311
546.090594
532.609612
555.964044
550.154942
570.859053
561.073979
523.980960
491.343268
507.236998
512.870374
539.555354
516.799915
513.308569
523.970019
566.571486
545.402456
556.373901
536.350790
553.783710
539.113516
521.263161
500.097628
505.522202
510.828100
566.366019
566.576757
538.931403
574.819871
558.546766
533.372829
541.228029
540.169857
514.051624
505.311541
517.103172
525.192866
515.842947
542.228183
497.860273
536.629466
538.922272
550.649236
538.735664
541.228150
518.392871
556.580075
596.154925
602.952874
607.410535
592.872883
579.432015
556.909191
525.568207
546.547895
534.062628
540.189311
503.537817
508.684221
524.402635
519.232654
524.926266
542.873721
540.111041
570.031427
556.784261
573.993765
527.164682
541.815945
551.755701
528.361848
518.860960
557.507613
504.730123
558.751623
564.773381
548.620188
578.688327
551.344173
566.550493
575.078432
556.267561
547.418141
509.095436
506.869233
521.726844
521.933179
543.908802
538.107423
504.288025
513.165907
539.457061
516.758531
532.514352
498.641045
526.071549
504.834060
505.099411
502.833120
511.721586
507.950724
534.434152
552.527516
572.120532
568.503109
564.286019
535.727798
551.269391
557.750248
555.378019
573.193326
592.165256
589.900103
570.631242
557.080184
561.317011
552.312128
544.968914
545.464847
548.640676
538.694180
481.123286
505.624191
552.440533
529.140498
526.938232
523.968232
531.315297
583.976089
557.613514
538.400532
532.270514
504.384452
507.702960
528.587792
540.451146
544.662508
557.926123
584.815217
602.208499
596.660793
590.755074
550.451413
574.096452
592.918185
552.688119
535.232827
534.365747
565.583819
566.349985
568.898255
551.452382
540.424350
557.871840
573.164608
560.290848
523.130080
518.616395
490.836340
452.162418
472.091299
512.483214
506.674298
536.486783
531.987986
529.033022
541.318683
585.468945
561.431198
560.675169
521.649700
523.776803
552.662428
518.272858
515.693797
505.664698
528.120994
531.762210
531.059114
539.875237
550.704033
556.221930
552.270515
569.068059
541.958053
555.675117
569.215000
566.737544
550.680649
541.808307
582.570645
582.701994
532.164473
544.856207
534.618412
539.032242
554.919360
555.597691
556.269099
530.018165
500.250370
455.890161
525.326787
528.547679
546.649012
513.585768
531.234087
532.253046
500.999668
497.878557
510.947346
513.094992
498.951554
539.854120
534.715976
509.929688
492.111020
509.835521
503.078237
548.097266
510.399138
492.711464
471.336226
492.858864
466.662274
504.050333
522.402165
518.929881
536.331427
552.875519
525.345827
494.697432
491.377090
547.058467
566.142008
566.088170
536.780630
581.437268
571.566384
550.904190
545.665340
523.357431
522.119079
524.308558
482.649439
510.501320
515.825364
493.148203
496.394001
508.978449
524.569894
536.528174
531.097875
514.631866
519.960322
529.455212
530.756645
535.120784
521.008946
519.752884
521.216501
547.157326
536.873978
532.563089
526.858240
513.425394
530.577794
535.753692
533.452849
562.375222
538.838611
549.226805
572.850317
558.221688
588.380520
554.376545
555.432000
544.139389
554.047657
543.346188
561.314036
523.646307
518.057848
516.879318
545.969177
518.209384
524.809775
502.416364
532.125170
560.702313
557.104957
541.765938
571.308743
585.132558
550.092537
552.189088
545.453562
561.320862
560.707542
563.099200
519.389242
528.202800
536.601803
562.873616
547.761716
515.601991
521.170807
540.850394
542.775051
539.802927
536.323226
540.488306
553.076182
514.894379
511.212069
526.166915
534.766185
527.959718
511.883273
492.862378
487.441294
499.810781
496.172695
528.073298
516.814699
528.288846
533.738626
541.503542
521.342093
504.821237
519.053496
522.487952
549.469170
530.536450
513.253018
535.282316
523.128230
532.476895
503.412317
509.745075
537.854356
551.409811
532.242462
544.679950
538.220235
535.545204
530.693415
522.261318
521.313483
550.140967
536.678673
533.886931
549.970128
554.765969
549.934041
518.359123
532.827821
527.250314
527.772886
525.533706
505.503053
556.599416
539.134166
558.440216
529.453198
520.333401
528.509820
556.108002
531.879465
540.410793
538.962091
543.109565
540.808840
553.380919
551.130146
514.632197
523.698467
551.067529
562.092452
588.314373
557.551818
563.289481
585.730254
535.917952
528.483896
525.214090
526.511322
546.277312
573.475268
565.372494
557.868803
514.835733
510.366495
530.044804
536.122509
537.278792
551.214442
527.070358
535.657861
543.158981
538.646344
574.956246
560.183899
558.039235
571.399977
542.001792
509.530895
505.789294
553.665912
548.069199
530.186105
538.630434
550.156025
538.720723
532.507314
550.894266
529.557918
534.660051
548.198380
555.734970
567.324367
541.099467
551.603574
556.501839
555.644331
543.306497
527.567096
548.022809
547.112260
540.547282
528.882628
531.487749
489.278695
529.172092
513.326677
496.345183
530.132493
555.034232
538.443154
560.969854
512.709796
513.309750
513.143778
535.122833
542.858449
524.786828
538.630824
584.361068
553.677727
531.956888
514.018641
525.657031
501.151959
533.688036
531.395039
509.946769
537.813614
565.179593
536.827184
528.659853
523.993641
505.997048
490.033293
511.526454
528.349568
529.214061
526.102600
523.259748
515.200534
507.511423
547.128405
504.544978
493.190888
527.910948
544.402260
508.100061
521.779476
512.736145
554.780725
554.128627
556.896874
545.433544
559.072518
537.164049
517.655382
520.015824
572.431104
550.944145
569.973164
548.354701
567.025284
540.750582
543.485884
533.625754
559.176330
536.946716
521.595144
529.705846
527.553037
607.289617
582.721964
535.655445
543.208506
531.291226
539.018370
543.527243
548.812153
543.733975
533.492507
546.128898
564.123025
550.803426
544.074435
519.622023
505.614583
505.307762
528.917045
521.389360
537.721651
521.021515
553.271907
551.343450
541.215210
555.370149
571.567108
559.822300
565.493383
538.545508
519.780986
560.191473
552.986579
538.980830
576.341905
552.399531
533.217339
533.905502
519.716907
512.419216
532.408083
529.000358
504.140774
506.194372
488.411485
499.125606
503.021617
497.406063
527.037188
503.615713
506.697139
490.997135
503.344506
508.120909
530.381955
514.704394
531.822240
516.348902
513.030661
487.937809
561.888559
550.392489
516.592686
559.920547
576.639187
517.050614
488.361627
518.012266
516.295564
509.660638
493.667355
539.045157
515.284298
517.157886
509.548151
515.669401
523.616358
537.351262
497.601746
510.135911
528.345125
508.408283
525.495377
546.450968
550.305499
590.195598
558.431123
526.264747
544.145279
541.562925
515.584438
505.039631
487.163958
527.433453
542.167246
558.404275
569.224691
542.484677
561.050018
548.393166
538.599455
527.349085
498.218708
531.458538
532.535783
526.853618
556.807444
530.104625
525.572829
550.038379
536.700339
494.566648
536.402061
542.434981
566.698117
561.398584
542.337023
558.013222
577.104068
550.396022
530.993154
494.220368
486.946532
487.623796
536.561368
527.423965
531.348298
555.984130
516.061173
534.889774
492.880671
499.403255
507.948423
510.817022
485.011230
522.779890
514.108287
519.445987
532.238510
478.041960
467.033816
468.309612
484.722144
515.686977
533.259423
532.381863
535.576336
542.369692
515.394340
478.803752
505.777112
512.646599
521.329964
515.722926
526.565141
532.837302
542.073672
555.911077
545.267608
553.843583
544.018516
534.791707
529.267682
523.647770
544.764815
565.319697
523.010123
518.800542
523.954633
518.705769
520.436732
520.197249
491.812720
525.154099
485.116607
492.914444
508.665825
537.291613
544.044088
522.451821
550.207200
574.829476
575.035361
550.146557
533.719222
519.848845
518.016373
539.011147
556.253084
543.144200
515.472228
499.910933
508.666330
557.280436
552.766198
556.178328
539.351579
553.385392
541.132077
533.182728
508.097139
503.899686
571.315748
549.076604
532.141094
511.056959
524.881883
552.223814
569.486201
566.433051
548.205844
550.869385
541.807154
524.300837
534.738028
528.708121
491.609641
493.186855
513.598934
523.657463
514.183045
545.480871
543.266522
525.101336
548.718590
508.312644
518.763190
539.463840
532.152294
520.875902
532.698365
551.042865
578.235432
571.176903
512.411998
499.031971
522.682940
507.956334
511.619949
558.170696
536.886937
550.815445
506.087394
535.612418
514.109787
550.724367
536.499657
560.228388
555.259851
515.148645
511.337518
496.482970
474.551974
485.078314
520.281672
511.263250
508.203698
505.433448
502.142942
498.270926
515.492494
542.428851
561.591734
551.238981
557.842599
581.427570
538.304842
578.459292
588.353407
559.745907
527.943855
541.332903
551.094522
518.399571
513.532632
512.514866
502.621751
511.379705
518.740927
541.851679
565.533858
565.537851
544.552249
527.286367
528.827731
521.530022
488.625745
532.332740
535.336912
538.773091
520.708073
541.826388
551.470972
541.246307
553.659460
539.685575
532.919918
518.968557
534.886485
503.511555
480.769513
483.404525
512.226842
520.388173
541.156321
528.954743
571.916536
515.775299
522.558025
573.395610
542.021132
561.556081
583.349425
562.543290
559.515848
520.776424
524.194500
489.678496
500.060803
562.713108
531.355725
499.956691
529.898823
537.033240
516.218893
523.460024
550.634619
577.717226
587.260554
583.191902
555.448254
562.443777
520.434511
519.294773
535.509638
544.673483
525.728343
532.986777
542.071478
516.685074
503.712746
510.328829
506.071173
521.937124
549.924739
528.441100
545.455580
565.991713
516.611591
546.512898
569.624187
541.188980
545.752836
523.324282
497.993869
538.427084
533.821974
491.176590
505.241248
533.620728
558.087238
527.126034
515.153076
499.086612
515.477872
522.380865
497.614925
524.091564
549.333558
539.027205
529.808588
541.593420
540.676966
565.756593
528.004923
528.810468
523.061519
536.596819
516.524505
516.291784
527.990649
509.774379
514.466104
535.469679
550.766692
559.309526
553.056424
565.979888
535.192950
520.184517
531.107294
531.455921
537.903853
545.372885
501.091556
511.225890
496.399519
506.269987
509.986290
502.591991
532.403192
533.465856
510.765439
533.100957
565.931883
542.456222
562.417254
550.860487
579.611782
584.494791
551.286922
563.843683
573.578852
514.715906
536.983973
557.981355
541.231511
565.758909
547.159849
534.883257
530.963014
520.650205
551.251079
542.997112
539.394794
526.475935
534.898927
508.215284
504.212277
506.663339
560.237403
544.731395
577.575334
572.049799
545.878762
492.407262
497.781373
534.198303
511.641081
522.790090
553.017314
583.723651
574.945775
537.483530
539.150796
532.333137
517.277457
493.477595
514.038136
544.731896
544.457044
533.989163
534.107400
498.928487
458.293364
498.772802
534.332858
550.926249
550.232033
556.487613
540.087995
533.039484
522.616563
513.510996
530.433705
566.702709
544.243707
542.441956
558.372559
546.992513
519.797669
532.892287
541.245642
555.970689
517.851079
509.598129
555.425381
502.852027
543.618285
542.208698
559.729790
546.190739
536.308156
546.072159
586.737534
524.672875
523.916300
518.377263
536.875740
559.145643
568.421180
564.562641
544.858643
580.188729
568.723391
548.595661
555.057470
552.557068
531.193768
500.991389
497.694216
536.609813
540.018226
567.871163
562.194455
549.942559
540.727208
563.509545
555.076365
537.228725
547.706203
521.548176
564.378082
539.184757
545.722534
543.127874
550.457828
577.543152
556.459142
532.501468
536.718601
546.856424
558.980209
599.268013
553.740537
557.357758
545.906700
533.075983
539.581348
523.646555
545.402835
513.593135
511.092476
536.432332
518.123724
537.203536
532.965635
537.481664
497.757979
495.542713
494.854706
521.914880
524.998383
531.620242
519.114520
522.305834
518.018594
547.678163
524.679066
510.205105
522.847424
520.953894
503.584245
525.742482
522.217503
531.289309
547.724661
536.137521
493.094797
510.954478
509.509868
521.500262
555.212133
550.073474
542.694575
565.246366
567.637597
554.327133
535.307552
510.595008
531.964109
546.402837
532.357813
518.177452
523.959550
523.924037
559.026561
553.099856
548.895818
528.935107
531.571163
526.138990
510.235389
549.932542
526.438064
542.566490
580.823677
572.189651
581.298830
580.123504
573.745001
590.673912
555.577300
540.106024
568.360377
555.875622
566.159810
553.656598
523.310579
522.707842
537.977223
549.189876
511.747605
505.878128
553.167041
550.383418
553.741092
548.796100
546.683567
539.074609
543.683916
559.087238
570.499413
528.818185
509.259862
536.686310
541.620306
507.374014
523.601182
534.027509
564.369358
513.108875
515.037622
519.245643
502.489833
531.208229
528.851115
538.013272
502.943306
514.910918
502.012562
507.752630
532.123194
508.176239
538.284374
497.245598
512.315149
533.051948
546.167176
531.232170
533.350186
525.656974
553.440196
560.039725
568.909538
535.658363
532.843012
538.884755
546.050120
521.397435
509.331382
528.771416
540.960737
537.341048
571.059787
572.760764
533.481362
510.749304
544.251303
521.518340
517.152233
526.417189
535.496557
552.967653
560.243294
546.256304
549.508164
529.590757
502.569286
529.440314
511.135873
530.221229
502.357157
476.659161
509.785230
537.376828
574.774135
562.505707
584.097406
591.417702
550.958284
549.651245
575.255263
570.595496
554.344182
529.351888
573.036202
547.969568
563.848749
507.008565
529.858241
529.217429
580.396029
567.138914
559.925176
546.815471
563.806187
494.931140
506.157791
515.962202
560.212179
528.153057
506.731739
517.794065
547.050167
532.613180
524.244038
524.996219
528.047726
575.662289
545.708597
531.119318
538.827922
554.669145
571.050524
546.700659
522.586553
569.915529
520.556528
510.363215
521.872209
565.592445
560.828621
529.849923
547.270483
553.283383
576.922843
539.894886
546.735568
528.514832
539.453635
550.574514
563.806189
569.170073
551.726954
554.864171
531.689573
535.738800
544.527923
534.112805
481.177133
449.743801
459.899094
494.289152
510.153203
545.341879
546.607785
512.011886
522.569834
521.257192
499.306096
536.540596
544.843283
543.869699
549.030141
555.978781
568.787257
535.024630
564.874856
537.411450
566.871033
563.035612
549.824500
527.860970
516.464515
539.915897
514.086512
523.383083
506.933292
513.461053
516.910608
541.547863
540.422418
511.853361
564.741700
590.220479
582.270287
590.612470
588.537686
537.797245
544.240018
552.615999
551.939371
567.287610
562.873667
535.898889
511.315461
497.485526
531.025958
510.390404
504.595484
534.170291
504.868448
497.127460
493.646448
545.011078
570.906993
574.740549
541.601086
539.725629
512.187770
505.194735
491.210593
481.466757
507.720129
522.884820
540.947211
563.348598
570.299784
504.210009
490.176661
534.237190
538.541001
523.743875
517.031651
537.457955
505.055650
522.002517
524.775148
560.846315
527.651983
532.480397
506.063486
507.763050
517.458217
525.667606
534.296621
531.338899
538.035390
559.482019
572.424090
587.071028
572.277345
532.394724
529.174582
558.201980
531.055697
504.296535
513.708755
539.854045
567.409521
538.957755
559.370598
515.865496
502.481318
509.284315
480.163892
484.430805
493.056206
552.182263
520.418749
530.207073
500.682033
521.293440
568.527890
560.417068
604.578010
568.954821
584.068044
569.701559
559.041480
530.527864
528.780963
505.769600
489.534013
507.836957
477.287762
476.563238
3075.681903
576.425789
540.672940
549.571898
535.163125
520.836234
545.570048
534.142549
514.904271
538.705026
526.454652
509.759628
506.000476
539.851536
510.033963
509.313829
501.192720
539.712099
507.454369
499.193549
509.451163
530.111403
529.209694
522.549956
537.421237
592.600825
578.327254
584.349132
604.221622
547.291084
530.597346
523.662421
542.237791
542.743780
568.437979
555.160738
534.981335
526.923703
508.732804
506.453444
522.819010
496.826057
501.931907
538.938761
523.126059
517.079913
506.031445
536.218174
527.540820
500.624474
488.748382
508.548677
522.743898
518.363249
568.882233
552.742005
562.007210
583.457251
570.230930
571.279015
582.372192
565.371622
559.863425
549.479482
580.277296
540.008136
526.690273
529.563709
529.774816
534.115798
545.643072
544.762969
510.809941
534.055402
511.253688
542.054504
558.945380
575.523171
577.622704
584.046481
558.618991
544.356776
586.413296
568.571192
542.666025
550.849506
527.884143
525.738557
553.811838
555.402130
546.695878
531.543106
532.615497
508.566920
508.812486
571.610661
582.642143
548.347394
543.293994
527.404211
520.071220
511.412183
529.472033
544.239954
540.781041
517.526927
499.074105
501.395425
517.896487
532.188732
517.945307
554.781286
521.783489
524.990810
510.810406
530.350567
502.139419
539.148678
568.523811
554.651548
524.829847
522.997845
502.640175
504.839397
534.044525
486.793026
476.317371
495.152717
492.025168
544.200987
554.358045
542.843294
552.940966
568.145781
543.834139
562.487240
505.578330
542.953259
515.891960
542.234238
540.613406
545.492930
530.822832
552.602836
547.435989
530.881859
539.779995
490.481597
527.420386
605.913320
583.608796
595.938737
553.969484
538.000284
564.035836
544.854424
556.945166
545.717079
531.687421
538.360891
553.871148
521.289651
489.318827
509.812047
525.538258
546.534695
551.512637
552.308446
570.577510
553.896312
525.763217
552.932073
563.144825
582.767350
556.302478
528.056069
547.307633
520.716065
545.458232
565.037079
553.391546
571.218772
554.528361
529.514316
518.480298
522.404047
545.606828
534.010756
538.716725
528.271571
524.150352
568.664503
560.931181
532.967573
527.436015
520.572200
549.049249
536.507877
539.479568
548.306204
545.673208
549.728360
503.095861
533.962295
525.190274
525.006752
529.557172
533.704515
549.537032
533.747780
540.081549
518.778582
489.334268
504.617089
541.036929
514.727527
532.085156
551.630427
505.444825
520.894659
570.943430
566.845525
574.440438
542.748114
537.369987
549.517674
536.245016
565.547988
564.693864
559.241439
541.876847
528.804726
514.801786
519.985850
543.072126
579.585606
566.786123
554.111795
568.616626
567.529698
590.953528
532.315001
501.210140
530.473283
521.612254
549.284581
539.829161
586.916283
571.967050
604.918464
594.541593
577.889415
575.258102
547.850722
553.643757
536.640339
551.682952
556.869808
554.353782
544.171944
519.569023
524.473422
529.722769
515.780863
529.229668
556.810447
523.049531
528.379929
512.888733
540.486362
569.372890
572.749960
527.662196
538.609772
542.026487
559.005056
559.497449
582.465342
555.601240
542.003254
538.315103
572.214502
552.907739
583.353532
583.105326
560.265190
555.371885
560.043701
544.790276
527.938478
537.261752
524.560084
568.075393
582.524117
556.961790
563.183732
538.878826
542.845030
519.574580
566.260061
498.320215
534.869177
500.225232
490.658194
481.036493
505.221173
493.436789
529.238755
490.132690
511.962242
526.942184
524.733969
522.546921
551.432265
555.457893
542.485733
555.435010
542.417988
536.114968
561.782534
514.792722
542.859265
500.541203
549.982050
525.975349
551.895716
538.977716
555.601971
523.835373
532.115383
535.192768
544.022967
531.532634
556.285659
582.638200
562.026946
547.578940
548.458906
551.391621
523.656965
524.769742
584.357714
589.157062
549.835395
554.958689
537.010559
516.231723
508.675566
525.483877
533.844286
542.343785
522.141513
493.600818
519.456239
520.143730
538.407781
515.014317
532.071550
549.254980
521.604408
516.663676
520.244281
548.676923
547.127158
567.271722
540.802015
530.221229
530.424297
519.060871
517.432970
525.007811
525.479819
498.946610
513.120582
530.844886
524.696264
513.268894
494.823257
537.992650
568.800761
573.034332
566.042933
534.600748
558.955546
546.332702
534.437168
532.946643
515.126970
544.335635
557.130958
539.260270
561.414177
536.812658
550.333725
517.150702
488.451364
520.577991
498.379849
521.374596
518.268547
504.351441
534.269968
574.309351
580.007402
567.251975
551.520530
521.865192
541.603282
513.833714
542.822847
552.876319
523.879039
489.037297
505.724902
461.661111
522.299008
515.916520
535.157339
553.643391
565.593105
546.684150
538.750310
521.560954
564.028458
568.699036
551.389246
564.580159
594.218460
589.787820
572.092006
564.297976
505.951619
530.853621
534.802522
519.541650
548.572197
524.947855
549.343422
558.909370
505.920459
495.920253
530.340999
525.990834
512.244671
550.768514
559.916086
553.015583
521.456570
519.959154
511.431363
502.989227
514.135768
527.681535
544.640836
552.363317
539.178323
514.142837
530.086987
494.381880
515.947298
491.772768
495.032320
516.299125
522.477104
550.803597
526.707556
560.439170
565.931936
535.406694
526.519678
509.736141
573.452526
526.291233
503.505879
511.197053
567.242126
596.602243
579.054237
581.084627
542.732614
518.512590
520.610218
536.139396
529.404064
507.480694
520.434323
523.978277
534.828344
478.740840
509.146991
503.053145
525.620681
537.924071
529.817178
529.346648
547.584459
563.635356
571.408270
535.258804
552.198827
563.390416
546.834725
528.022260
520.800709
529.919499
564.045625
539.573885
610.562633
576.061280
586.968758
530.398225
507.549785
509.087511
488.056108
516.726240
519.708859
496.240754
502.464563
534.906596
513.280443
530.731875
573.177297
586.661012
573.761868
547.750915
518.471765
449.009794
493.085637
486.518919
472.834809
532.614285
529.401582
571.434597
537.326996
553.651900
573.853973
556.704096
549.950193
534.118483
559.743948
561.254356
541.655142
546.064242
560.156031
601.343054
567.614318
555.357233
522.429726
555.005050
558.270867
487.142728
489.625025
532.031582
527.096079
550.474278
540.933363
545.260779
533.364830
541.916319
532.902934
526.585462
503.816220
492.061414
502.223135
513.526017
517.304660
498.653264
472.198150
502.904292
535.759305
548.896661
564.683679
554.048731
535.359323
533.132244
540.240648
563.318306
566.676933
592.898906
550.496736
553.591447
516.676448
508.038634
562.842502
600.600599
581.922883
520.089866
545.629879
541.835817
517.287163
497.402043
498.977401
513.070827
512.712644
524.053646
509.293654
494.227746
528.565930
527.775099
515.694103
541.798852
535.266443
532.813212
565.530267
552.854527
561.578751
549.452276
557.002342
525.034786
505.772754
517.080028
531.189218
527.410035
525.388526
523.428401
507.743591
504.368934
521.447300
554.004010
533.263694
514.839890
487.813429
502.789020
537.354706
509.421878
515.526210
532.067622
544.120271
540.507986
562.263441
542.130190
507.785957
531.646694
525.849984
511.751898
515.919204
532.223860
525.581824
530.593275
549.392616
533.167251
530.835797
561.422094
524.169810
516.571261
504.490139
510.715227
511.462968
546.736978
534.247382
533.060622
539.246035
524.702298
544.413404
532.148629
517.893103
536.191367
522.524872
520.489722
544.799248
561.191163
549.165098
551.852064
564.341963
556.236620
530.584769
521.525252
513.227083
538.733742
508.547776
518.306726
510.864576
465.727869
461.106110
499.935864
527.673925
486.372770
504.485146
528.663144
510.936166
512.786922
492.106186
506.823137
511.892153
532.755345
505.244281
509.452099
521.706935
532.596963
537.403750
566.756413
575.383594
551.809285
523.566473
525.641870
539.231159
546.854580
559.879627
540.862088
530.771968
543.186756
538.979789
531.244515
547.389692
566.893969
567.263286
522.657143
522.153093
510.005665
533.173067
547.503588
552.681862
577.092662
527.016040
542.823139
531.244611
546.117451
543.920468
545.874871
513.764061
520.579709
537.882460
536.529096
539.356558
520.035189
526.235869
564.559072
575.030722
554.166032
514.170793
519.549043
539.561067
533.857610
526.578762
521.245852
542.646437
532.367252
527.171228
508.981759
510.552669
519.691736
533.519035
540.888689
534.163193
545.884269
564.686912
550.031576
547.998574
522.299056
541.439771
568.960999
548.007706
526.078494
539.817206
536.232434
544.484744
525.154359
511.577996
504.160315
515.969245
527.130679
537.139167
549.155028
558.938182
615.037813
603.080942
608.868742
567.071976
550.578149
526.397175
537.553931
518.874559
551.382925
527.230508
515.827975
538.250103
523.034604
525.637340
507.048978
535.034137
546.333251
527.532196
525.394341
521.959200
543.430973
579.000519
576.569887
567.445134
565.723454
548.113209
546.851650
536.451821
571.542511
561.432251
541.617826
504.494521
509.794627
530.826896
546.420392
534.356732
547.152388
546.015237
570.106783
518.842398
529.948636
532.383674
550.305993
560.296603
557.847879
540.754076
518.616329
504.527233
526.088462
544.524040
517.658205
521.639786
540.356184
550.507197
545.030451
570.692559
582.847944
552.354901
540.081182
534.206141
554.492407
555.881162
561.218300
569.466872
539.978592
582.909913
530.980594
538.397959
526.488227
591.797096
584.031625
577.666603
579.355003
562.004327
545.886276
527.851081
517.013541
513.353872
496.839276
541.614497
560.894811
529.340061
528.655724
526.397982
539.532159
541.361655
519.562968
522.811307
526.861271
553.792937
526.269555
542.567442
524.947630
518.708912
499.279894
485.652199
506.582732
522.131865
555.364942
546.702693
544.265759
520.415820
526.341664
525.509972
538.278031
530.178461
561.432301
508.988068
494.859282
532.696415
532.679667
552.688119
549.124610
595.230338
548.940912
554.951248
578.349606
562.561213
566.405334
545.061643
532.752620
519.110143
490.296071
518.818983
526.108473
541.080975
506.267110
518.895358
513.970556
561.466874
539.419069
555.180139
563.390598
572.297794
578.832502
542.063478
548.017266
536.436752
540.684597
525.011262
543.018864
521.769134
514.041286
525.018493
544.974826
514.177409
530.580659
538.699937
533.475515
527.731523
559.164742
533.196102
546.616918
538.055847
511.601705
510.308018
503.236563
547.326188
534.438767
511.079559
515.093411
543.711702
537.176601
508.524515
519.789044
538.889149
517.419221
514.843371
512.322132
553.198582
535.763309
534.034960
560.917325
543.484790
514.944309
511.014744
530.686391
527.158278
549.382016
527.720717
516.641909
480.966502
515.857682
490.379195
497.113899
517.749464
503.513771
530.543687
507.178073
511.939028
496.654168
521.674436
535.504802
562.272210
583.612221
550.335392
549.315206
517.274831
534.918637
559.431005
533.192637
515.762539
518.074827
555.974562
560.705523
584.914923
576.335010
587.007593
529.566125
516.191153
493.268382
501.103509
471.508774
474.520980
521.379901
546.796087
584.583730
530.884783
526.723911
531.226016
516.833802
522.946480
546.061431
527.942421
521.827802
513.342977
540.113558
555.085671
538.211081
547.578300
519.488531
538.719593
563.576851
512.721271
534.987627
486.114261
515.104755
501.967912
497.273860
545.620402
547.947871
531.052566
527.748428
503.658439
534.394393
541.793569
566.690461
514.190346
531.143993
541.644156
534.279684
512.993346
488.368763
499.834510
528.163607
514.947736
532.174700
534.388560
507.576461
495.043226
523.837581
547.688913
553.022526
561.359383
556.607074
543.739724
551.629701
544.764294
535.937875
560.126908
540.277022
516.920591
529.743041
551.620551
532.489702
569.189206
588.841009
596.587382
583.618952
572.134391
549.396896
570.744670
565.293313
541.491323
534.948951
552.482117
503.386639
527.512590
516.940192
528.310051
486.883725
524.558290
470.795485
506.588537
507.016449
523.094093
529.303604
524.179300
555.141347
559.475803
526.045298
501.156716
515.590052
534.695594
559.902307
596.366403
615.846211
613.059271
573.714484
524.456854
543.398253
512.255620
519.915425
521.339811
505.206767
549.197774
535.594243
575.367234
568.522783
558.466920
534.749554
542.848591
511.999211
530.381245
530.785173
518.992690
506.165481
512.878728
497.714932
488.070273
475.590139
515.587153
531.636725
535.196808
584.451277
563.824575
567.700688
564.866624
541.241312
547.125915
560.343560
565.289644
572.523744
587.602578
578.421872
538.106643
513.199257
532.759504
515.131981
538.258861
549.687585
556.439794
548.812857
557.060537
552.263081
532.254634
512.486952
514.227774
523.273399
521.158589
510.264213
495.796947
506.217282
527.361946
534.373381
554.263054
527.076615
567.169609
558.184354
560.667447
519.481755
523.950793
590.031672
542.952009
554.510980
522.477127
534.135145
539.543069
538.329370
530.041457
524.392505
518.251458
532.509766
565.189802
515.544162
514.867355
511.328270
488.787671
505.330744
517.505079
523.639977
528.070179
540.279857
534.351808
523.173716
547.915977
548.042587
587.020567
570.695241
571.045852
570.668674
588.092799
571.781183
547.017751
521.883680
526.317996
518.007223
479.710925
500.778436
497.336627
498.448112
554.766956
549.288477
515.907419
532.054291
585.604663
587.604245
561.952118
550.816811
559.397639
570.757964
535.662764
530.014423
532.789066
547.771522
528.798710
516.267831
518.071038
517.716337
550.858912
528.323654
541.942152
526.580488
537.500083
570.004235
541.845244
534.393174
551.267076
536.587185
547.497732
589.846495
569.459827
594.652401
535.816675
549.110497
541.026227
548.274931
558.976351
535.451910
560.736547
553.854358
531.362271
530.289217
525.361910
542.927902
546.111091
545.892021
554.518876
557.983206
547.040237
572.442370
558.776878
528.916044
525.711209
542.415077
527.554853
551.679069
556.797064
536.301715
498.112021
541.456409
565.247086
531.240857
569.868670
562.543165
558.466633
551.285041
555.527125
536.521913
533.376225
516.044208
551.030050
528.435076
524.154419
522.415693
529.559437
557.243074
577.773743
567.561961
584.116916
584.488522
577.170217
549.749167
579.121321
564.545929
513.663377
516.171018
475.076301
479.351305
499.935819
499.996031
523.016389
507.548783
510.054057
520.692427
548.424025
579.351674
574.739512
586.270527
548.601728
526.477564
528.322930
507.454800
505.109434
510.564151
521.106963
535.895077
559.281654
562.280261
559.427557
582.255223
576.755351
520.700964
482.593210
476.453440
543.422712
533.537675
535.119309
500.005008
497.327600
511.139513
479.071109
493.455390
483.210804
514.929484
526.177127
517.228967
526.881530
556.497399
566.464155
558.237317
529.310002
534.909326
526.871824
531.123281
517.471345
526.135679
540.086909
532.295267
538.040264
541.118823
527.898422
517.805465
538.021879
548.227818
511.291564
532.392778
551.112441
531.637048
528.966452
511.804829
573.158694
581.772071
576.070715
571.829404
613.256412
610.451887
610.022162
592.441701
572.117702
564.989696
568.324729
559.094487
529.927068
503.295409
507.021505
513.713881
521.269749
497.870015
467.907071
535.231760
522.749627
542.699912
544.298019
539.765355
532.469383
521.429136
523.285615
502.796138
559.961111
561.587636
574.799950
553.426292
550.946248
519.023737
539.281108
503.012187
502.346022
505.440463
521.108262
553.278015
548.621548
538.932799
529.672329
563.628765
558.729276
561.221927
553.694429
566.523704
527.662397
528.099562
484.910882
501.804160
510.419850
531.927771
560.822571
545.034538
519.152270
522.244018
504.940479
515.232860
503.885287
467.162610
491.257115
480.094779
508.788200
537.659809
510.342463
512.377756
564.191835
562.436147
549.478267
600.786655
577.073145
556.728199
552.379945
525.091064
529.194737
524.597180
535.311586
529.686310
522.823243
533.585654
577.257161
590.256158
556.867779
539.949269
547.542143
552.319297
560.209373
513.200497
518.137913
507.114820
520.460851
497.018272
506.734706
517.981743
554.690496
549.719328
508.735682
587.388623
599.644564
601.089995
558.586154
572.562348
535.123971
552.917506
537.764737
574.864263
556.134848
555.792329
530.621831
558.410277
576.420366
566.863651
556.233484
515.663175
540.992026
544.081204
538.382317
512.671279
533.446881
576.871239
534.650137
539.124220
556.168439
544.122953
527.886960
525.508317
535.850926
529.125508
543.037836
528.140765
551.430588
523.032528
525.762211
518.196373
519.361698
513.290463
532.185863
548.314353
535.411601
516.364794
519.891750
512.387133
544.189266
532.614978
528.133060
516.021641
539.879085
542.890162
512.657370
545.732407
537.687877
528.880971
499.611318
535.366685
467.793996
518.155342
477.363444
485.132008
492.151428
519.912171
561.863176
536.240897
551.301020
543.979299
518.338000
507.302747
547.293885
551.032121
517.040567
527.702457
517.174620
546.870629
565.304721
556.333997
571.237014
580.785931
572.670642
548.213517
546.147325
519.631443
516.130561
490.143482
541.715094
558.881398
545.244983
540.582634
526.505781
542.292945
521.226813
558.574487
585.604517
606.315575
578.592238
586.109348
556.753909
573.234346
563.968764
540.544898
516.744407
517.986989
527.490643
536.001334
556.204861
540.634726
515.912358
546.591021
573.018167
566.567399
530.105858
549.404931
552.014471
548.783856
540.379347
517.290240
508.918307
499.610641
525.419835
568.537095
609.570961
549.942201
548.725631
534.914773
497.671652
496.962159
512.402341
519.750234
552.426728
543.104953
537.986119
541.945436
504.522020
509.910878
504.255273
531.711468
531.650835
556.797370
543.171732
541.299974
542.718203
545.130204
550.832224
534.719158
546.696996
531.369144
587.138168
515.809093
542.675825
527.003546
498.002352
484.164945
504.548844
529.602361
515.702502
503.424431
516.977925
509.809575
500.502323
521.614028
522.190960
522.193210
515.608493
488.939908
476.983585
496.188379
533.562749
564.365697
536.790470
510.679453
534.509562
544.321993
542.581394
538.215957
531.380264
525.313530
529.289046
521.049511
510.536120
529.059419
526.589115
551.545492
565.226189
568.199517
530.351704
501.581165
535.167893
583.663149
573.338269
558.415405
543.659155
550.765981
538.788458
543.050951
560.280313
527.412519
504.766403
524.759928
561.886397
532.384429
535.301029
559.580682
527.116373
553.167040
530.745192
517.625765
536.464818
530.276435
510.417323
502.114372
505.371834
558.353461
543.567152
550.280699
519.615797
567.220249
557.094405
535.623932
527.053862
579.888996
585.455945
587.079760
526.871220
513.214471
545.215572
538.133451
572.641728
569.157450
525.155315
535.014008
533.390131
564.860524
545.063378
556.576563
585.408478
572.361663
535.618666
502.073243
519.037479
531.634769
564.189634
571.671453
575.557749
547.638537
556.854254
538.269054
539.793681
534.155010
535.176441
542.085653
512.594693
530.630414
543.902171
498.158569
550.274803
551.554314
578.182523
534.240160
536.179370
539.809631
534.298839
526.493387
512.093061
508.848153
496.674660
519.685910
491.172246
521.976203
512.297636
501.739791
508.697709
485.042445
519.912664
512.114646
497.747941
517.415750
532.097479
535.383285
536.904661
516.832515
555.335230
531.595807
579.122914
572.142464
569.511158
591.719333
541.604612
583.468158
569.567837
569.112625
580.244831
561.691815
527.617952
543.866457
545.008175
561.037121
537.015086
508.803570
477.466382
497.926426
493.122780
512.760600
492.241442
494.234398
503.492806
517.199623
561.806415
577.406500
594.460530
574.229526
530.547940
524.785254
526.364474
524.487897
520.836936
529.746242
546.766224
547.586609
549.640840
544.647154
518.579779
510.175968
567.380017
548.932743
538.322790
533.656288
550.971612
537.589427
540.261903
529.951816
525.747733
530.747934
538.675827
577.227392
520.512831
526.572104
542.904476
561.896719
518.373799
532.993608
510.358164
519.671639
520.008178
518.559257
558.803449
560.451348
562.074429
575.737247
548.846561
532.906279
562.063292
550.655491
527.216217
549.601235
558.743836
542.210399
528.663679
540.932759
517.361863
525.459285
510.690577
507.032409
527.834552
511.570372
516.113322
552.788853
571.002055
542.337574
538.062564
523.569225
530.449857
561.929562
532.041879
541.923597
571.215414
535.407179
519.091331
492.142623
487.966361
444.066017
469.809294
509.651522
496.197031
516.739625
511.106168
524.044517
532.093099
551.835621
539.658915
543.007415
577.511958
544.432102
550.790246
556.516440
535.103590
542.539867
547.947949
573.285846
567.752990
569.165008
565.318407
543.218533
556.782384
552.696197
558.962356
543.131082
546.494874
516.014633
540.281879
549.596165
548.289168
546.321562
552.399887
530.251225
546.765250
551.786572
538.193331
513.460862
516.539473
538.514539
523.038365
513.325611
529.144610
527.108702
544.697238
529.176041
548.908760
533.112184
548.134203
544.756883
560.606245
544.274587
559.472766
533.428025
566.503609
581.141245
567.717010
554.640125
565.281317
537.661842
533.704940
530.155139
590.747720
577.590600
564.660057
555.745728
515.086450
547.219214
555.501677
560.123070
560.797455
586.338055
580.687646
594.259031
519.734521
514.024206
497.235751
564.519937
551.305882
535.958237
541.321170
535.032400
551.037592
515.697399
548.171744
542.627681
530.399221
525.125731
539.952921
539.476541
506.967550
497.924296
491.175529
485.879102
502.112486
544.774576
482.844080
512.703796
507.272665
530.919559
543.060018
552.175804
554.012059
567.887867
514.437439
530.807427
530.634815
569.663141
572.173445
555.224830
565.109006
551.704726
532.334127
500.928537
522.040960
546.412476
550.177872
586.470815
534.298501
526.075653
543.711578
512.357248
519.030966
501.129097
534.588532
527.389599
562.970093
575.911254
570.055306
576.079032
545.578601
572.131243
551.735458
538.060391
576.768526
537.351740
563.283151
546.713610
544.631257
535.294900
538.379383
565.763484
576.932643
564.516238
515.569084
503.768236
533.064402
526.248486
548.975414
549.524044
566.940571
574.632168
568.646805
594.670679
586.252920
607.450407
598.875710
558.546051
547.205840
548.521356
565.715174
575.055710
563.766308
531.410134
517.351850
506.484240
506.145824
514.129969
514.104961
535.533513
552.729719
519.536568
477.047388
483.987261
494.967154
494.423910
539.460676
566.474843
609.434649
557.908344
580.356882
584.305439
544.832116
591.866991
567.854767
576.455017
523.354646
509.005718
568.632889
537.148876
524.710617
505.206826
523.660284
485.887128
513.161973
523.890866
527.539391
562.502610
526.060983
554.881041
542.952681
582.304308
561.061470
533.526859
537.995081
550.684645
536.323382
532.758435
504.510574
497.528343
519.595332
517.308424
518.975879
529.250278
510.845601
495.404375
491.182614
575.963683
568.260535
563.321296
555.377455
574.515840
589.473947
535.118368
545.589458
529.298482
542.963832
550.765456
533.559032
534.685760
504.011422
500.018235
472.158562
515.912991
571.521715
558.262732
532.999937
523.230707
549.180599
545.672674
533.157820
546.498441
567.083795
551.072560
502.888200
552.236173
572.297597
561.788555
529.234836
551.939002
495.666140
495.916143
507.258266
483.882832
487.921138
516.450848
510.828390
499.658698
536.584979
557.393718
527.702268
543.025968
537.491350
588.203427
579.085340
552.167830
546.906832
541.528242
566.400620
562.189808
530.264451
514.027699
525.043306
532.324470
558.087489
555.563593
539.545861
555.223750
535.379645
554.336867
523.996720
545.091167
510.691841
510.313851
515.235021
493.278781
521.685047
544.710119
540.308769
534.646291
545.525696
503.063779
517.555103
515.513574
514.666274
505.714251
542.715149
558.098464
541.643498
528.694743
524.256347
474.207082
501.910029
495.052080
545.234836
561.364829
573.427871
584.776632
550.814774
538.232353
491.269631
508.933622
537.986322
567.732635
555.827747
531.963713
548.558184
532.472217
537.902293
549.417380
567.865603
521.577351
548.993509
533.200216
519.865914
517.663896
524.048826
527.909983
502.525160
493.149389
515.800426
506.766782
515.540370
482.401206
497.285315
511.413268
499.128308
517.119275
562.445288
558.024115
535.706463
558.173442
543.746196
547.130746
532.589782
537.312105
522.791403
548.940872
536.351448
543.605740
549.330220
562.442887
542.686884
494.721291
513.449388
511.610207
519.266514
544.143566
559.946612
544.917006
521.538266
563.338607
554.481018
542.013068
526.269252
536.627215
545.357903
551.443965
531.902907
538.156778
563.984558
546.617913
536.618399
562.780008
560.052107
519.466518
526.625193
535.202126
531.571764
528.804052
529.632140
581.885138
563.254005
541.787899
539.569316
523.406562
516.460661
536.764979
512.277511
517.951455
542.719942
544.475381
567.050713
578.793335
560.267690
555.318857
551.876756
540.284133
532.086621
533.630401
538.914463
571.690765
533.205988
525.230618
554.542389
549.329011
522.232375
527.374040
544.054567
528.662791
514.292582
520.413997
504.299726
500.730688
475.290934
499.478908
499.906982
512.256081
523.630652
525.110048
528.281611
500.805280
587.579903
596.828516
598.811256
548.740548
557.854753
512.094711
502.182734
533.408815
561.702300
530.991631
517.859349
476.769055
519.124665
537.349761
520.401225
550.776300
550.555751
538.846063
558.264081
501.492634
491.215434
516.816673
520.800981
551.987299
527.650995
560.301781
546.278062
540.591750
487.290357
520.572740
513.265433
541.534697
556.470655
557.950767
548.091714
559.080384
569.541700
556.906353
537.758280
551.676369
542.916131
538.158483
558.243370
553.254446
537.991590
527.479693
531.392978
522.749696
556.472208
533.098871
549.697851
538.110081
534.585322
535.523390
520.751620
504.052584
504.304445
475.143501
530.916352
514.880444
502.175197
524.885617
541.260899
544.515603
543.189694
541.608309
526.910999
528.379093
577.317090
542.494710
580.416697
530.925011
524.443896
531.601065
514.570369
521.530962
533.328712
568.650007
541.319119
541.924561
523.183799
526.047987
540.237396
520.639665
523.795317
501.226844
495.110116
533.904240
564.522125
562.265125
576.293736
594.696208
544.164131
518.271851
558.569717
544.506580
532.756854
501.701297
518.686342
525.101740
525.639737
521.371951
517.035803
553.699236
577.048038
571.451991
561.360812
539.235691
544.970935
538.345277
518.001044
559.504690
563.823265
545.642697
519.558375
509.473648
567.310693
590.303877
588.160163
561.388811
545.091746
561.467130
558.528947
541.355389
531.178358
470.427795
519.130243
534.056693
563.785511
567.052296
549.356067
539.521035
521.962334
508.948410
500.709093
519.550348
512.676283
547.257005
540.295566
542.059923
588.116274
558.210206
564.992759
554.381418
562.427062
527.718564
539.268178
536.134518
560.760861
531.733171
526.507857
526.878444
510.686382
556.889525
536.484195
516.557631
527.279883
499.886273
539.167044
541.126102
535.336423
565.318359
583.465618
557.300585
557.385140
567.002950
530.122246
557.088746
538.346148
584.808014
575.527199
560.826700
541.755723
553.119718
517.680869
519.587155
500.002934
552.687187
517.877965
524.082086
557.717743
523.472710
541.115150
529.765312
532.195717
562.562588
569.827095
535.743595
553.573031
546.844778
554.802750
548.625757
552.683256
564.800435
518.577593
527.341165
540.326401
570.775553
548.218750
564.890249
577.339768
550.427523
539.206169
523.807168
512.911370
584.897413
565.783790
579.705279
583.637486
562.186050
514.188255
522.983137
568.313825
561.504902
564.191029
536.776585
527.003592
516.372353
518.708685
526.782355
526.397885
547.679362
526.255562
572.556331
561.889045
526.243296
538.811303
547.901881
515.430593
487.322601
498.448710
513.787168
503.309636
488.609450
483.712579
484.773388
511.880526
547.885346
561.601260
552.670914
537.603887
521.921762
547.355055
518.643328
507.043844
497.989372
593.624473
523.246300
524.107565
524.795068
505.682429
478.723397
503.625477
495.294135
511.648842
526.520506
528.142823
473.433972
504.205162
529.919433
554.246636
579.029655
534.002787
547.810276
546.759517
532.045722
513.188750
522.209169
506.878630
530.148763
506.140098
509.219891
502.699558
490.878380
494.385510
526.212006
503.480328
512.886075
508.233134
540.320095
558.672686
560.778366
550.694011
559.836550
590.295595
572.500207
573.006360
543.816161
547.857387
550.198255
577.000113
548.279034
542.052046
585.136100
574.478312
593.960485
582.035439
549.235740
573.571450
537.044138
561.094428
532.204997
542.085559
519.310092
538.505570
535.662849
509.682000
518.311160
542.383400
527.882236
518.737147
563.750540
576.776780
563.095137
572.294936
569.324581
550.863780
542.803931
549.520650
518.276104
521.430549
537.234393
542.546889
548.558439
515.993814
527.376772
541.962190
524.432730
556.928541
575.649079
525.770460
537.044224
513.545261
517.780146
546.471367
540.725380
543.981115
529.947893
513.787682
506.001349
542.808184
520.735155
556.907514
556.795369
545.953957
558.774272
583.664492
567.938885
550.980389
534.052908
558.385149
584.898002
560.986209
545.349775
534.993288
538.790479
531.368558
530.463258
536.451442
525.194347
508.767211
534.152812
518.801775
532.448712
521.319914
491.771896
528.818645
516.881461
513.919616
503.781033
530.954712
566.341006
548.293717
569.746877
548.779225
530.927101
540.927510
533.660804
558.011949
561.157553
552.259366
538.552779
561.211482
527.190516
536.067368
542.833425
590.393724
585.199718
572.716181
600.686907
517.789541
540.876625
511.109955
517.490362
506.125150
531.798923
546.135245
544.050859
543.168688
495.718004
511.940772
559.202094
589.767081
561.826230
582.074477
556.733220
537.431989
542.659703
517.384622
522.354795
533.511698
547.034725
527.723216
526.781468
520.938946
552.811586
528.645730
491.022648
523.611772
546.645041
541.956072
523.172773
517.010208
551.495076
531.418356
545.226987
547.234883
598.996949
599.078908
571.813099
545.087933
559.733602
571.571232
571.566517
509.720511
511.110900
493.055235
511.928379
518.882392
531.957019
497.819765
511.995510
508.044994
524.785447
542.613919
513.021826
498.071566
484.948747
478.275797
478.470095
505.959535
517.201960
558.031681
520.090229
507.665840
504.974524
559.898973
531.297956
542.545816
538.845468
538.545810
547.975835
543.142324
519.682830
520.217601
516.315112
508.257685
511.296497
447.080433
445.003043
487.362295
508.946015
529.376216
535.116021
514.243522
525.770396
542.172555
556.581574
582.604705
594.702350
578.809311
546.873706
523.825793
526.806387
534.785731
516.489194
523.854943
513.351734
531.108291
527.923303
525.865582
543.001621
521.094886
542.571998
547.093231
585.118016
542.863078
547.216038
563.761224
539.692134
549.159541
536.944147
557.949499
532.502264
559.818205
548.359672
511.951918
509.602849
530.723097
545.349823
557.640432
546.332967
551.785716
552.489241
540.115105
465.333278
508.173860
521.658457
516.877152
494.228658
503.757503
542.515236
519.533832
537.985243
541.496378
532.714819
543.253360
550.747876
554.292333
558.205407
569.099130
557.959487
530.644513
546.576241
574.323338
595.808277
579.442006
569.423242
585.748535
588.656917
593.518409
568.046558
611.855163
582.987478
547.562676
548.802934
540.948932
546.444517
558.746838
604.434460
557.515520
590.572594
556.342427
573.887684
513.304541
539.827545
508.863215
518.271653
564.247666
545.408288
554.007051
562.405027
574.978726
545.847342
526.210694
534.886600
521.284248
536.466366
584.406929
560.865616
552.854016
549.223906
536.598249
521.857261
553.984585
543.708700
516.558193
564.723216
544.908277
519.419904
538.183945
549.082168
532.745818
517.935151
528.094833
549.440238
571.034152
580.067997
560.450810
556.909304
546.692585
539.594419
537.660700
522.626465
511.635370
527.871480
515.071757
555.746168
535.768824
535.302940
539.390534
534.997729
491.782083
489.914967
541.921615
529.617248
555.532003
536.764711
526.112798
531.687977
553.501455
534.596628
548.062606
574.355792
571.223895
582.831839
551.608628
553.409663
572.395101
534.257967
557.389706
552.831301
534.244163
520.918582
498.655474
508.789086
524.037261
521.623045
528.033339
559.557831
530.985287
529.175471
538.345789
537.288847
487.744049
521.134735
540.575091
565.901907
543.319202
514.182208
519.552158
507.897917
530.432944
524.955017
542.948292
538.491942
538.895386
534.321111
527.120247
527.752618
517.127120
521.990767
509.671547
524.431387
517.370986
562.706486
558.228559
539.017735
534.016435
510.968998
537.753906
493.761753
486.995365
510.371570
534.207191
512.795674
520.987902
571.165418
518.414766
521.332194
574.692015
570.185586
573.475505
571.200901
529.868689
521.788311
542.547447
573.521322
559.803967
549.410180
535.411495
535.524653
557.262833
548.752060
515.099271
539.830401
555.826511
570.608681
549.469823
544.786604
540.782898
530.227231
556.386263
580.753298
562.685374
558.678750
522.648987
520.376540
558.336686
534.916558
508.940635
496.548287
494.296344
502.059418
512.172172
505.782327
545.797241
559.718265
543.204527
519.886077
541.152046
524.517651
526.201979
577.838927
557.040763
521.066765
525.573388
543.851796
525.436604
553.693859
526.250707
503.795050
515.331874
531.971766
517.065726
504.079020
537.701460
529.319050
525.681459
519.175271
508.558602
506.900919
513.142037
515.168486
528.434741
530.693351
572.032613
563.117183
541.388243
532.931764
552.972819
562.410090
556.104682
526.478959
545.175144
527.295183
515.974159
499.768217
532.731337
528.915981
512.337732
509.148266
507.706231
504.438259
494.152059
540.828993
550.683077
541.529491
524.480777
505.866219
539.042786
535.519041
568.403230
570.432212
536.100127
532.460844
505.641575
507.425534
539.920430
503.517059
509.145319
500.290730
526.949997
567.553993
587.039560
615.394960
625.642570
571.363058
599.629190
510.046979
516.879785
489.497575
541.329001
531.016267
529.297132
528.611738
562.231903
533.009323
530.307118
500.757917
515.917448
502.901324
525.026471
510.810968
514.680720
527.376406
528.712371
518.717126
541.899466
556.059187
481.652981
483.485492
534.545143
531.242898
547.114936
566.593473
544.848222
554.329250
551.363481
549.797687
547.994534
507.555728
538.196628
610.833896
556.172355
559.188582
524.249673
534.194339
568.361512
559.169996
530.617311
557.092878
546.092810
544.591953
539.650934
527.625884
536.136012
552.119796
575.715300
563.387974
523.019110
529.554956
529.269201
532.536921
503.927804
497.874526
539.483004
521.184508
529.953628
531.211138
519.702496
525.745713
531.707358
531.021833
566.884888
563.465019
529.831875
539.716837
545.407814
554.592478
507.995878
521.571040
538.229069
556.572084
505.221482
521.509949
527.415112
548.411939
551.682283
540.652632
560.408850
547.934294
558.360234
544.800566
531.675534
534.792442
535.660712
516.593486
523.948775
532.093707
535.038068
526.442676
561.643527
578.620368
523.054061
521.754788
517.807779
538.977782
528.636718
532.658879
523.683277
552.860515
583.153815
552.619931
516.238267
527.750868
524.784030
506.964508
525.137208
542.500273
534.993073
562.421366
534.045396
544.603491
538.927932
531.078477
491.301626
497.148778
490.462223
510.812038
496.984082
497.386149
532.061019
559.135657
518.285457
546.850378
561.560976
530.365193
529.277961
518.662264
512.873380
529.427680
525.683250
574.667608
547.866966
529.761905
534.020923
525.301179
532.222789
515.054313
497.809984
535.772055
553.405518
588.524645
544.177635
579.933682
559.170403
569.879314
562.526469
585.341287
569.089073
588.664887
602.994098
576.419714
587.250939
554.594456
545.442304
606.760598
552.477013
549.027093
523.556825
575.938839
521.788560
571.837497
583.107090
564.867599
510.174704
528.972553
537.210087
558.673350
555.949986
563.114627
551.031911
593.118629
540.087598
560.283098
526.666392
515.713542
530.557094
528.433559
535.465667
493.333162
483.503911
510.631625
532.467977
519.965692
519.265788
528.091353
555.556611
518.419772
530.740484
564.499328
544.952046
575.509947
518.470739
511.679989
504.462251
505.757260
527.108072
514.987107
514.081242
548.529494
529.044438
521.320504
544.338786
528.551291
531.750852
563.122931
570.425333
555.331693
542.264640
514.773656
533.993609
509.718325
536.448203
534.972390
522.068832
527.525927
529.329788
551.465085
553.745186
568.436732
533.905133
513.674619
495.888235
519.909384
547.874616
547.837844
541.718739
533.857455
508.810080
507.932805
522.317766
509.813743
516.877866
496.723113
513.062800
521.502560
520.464227
512.785829
556.177798
518.252931
514.952170
521.557670
531.233955
565.067032
545.645916
558.557526
537.362287
525.229951
505.018425
558.849761
561.735222
563.500356
561.294547
551.897755
556.091109
533.747420
556.456700
535.842738
525.998827
534.132269
495.272811
508.553291
498.458391
547.757648
571.384847
586.414492
604.973116
575.789672
569.990704
605.224476
618.860713
548.948571
545.604617
536.624175
528.837166
508.645500
527.644912
569.083767
553.553283
558.798636
554.747114
494.829319
531.855413
574.853387
512.690307
503.084947
545.355480
608.340603
544.947515
510.382487
519.637413
534.905748
542.963038
496.335557
516.924833
513.655500
579.057217
566.370490
567.754769
552.431448
539.569809
541.014477
533.717739
528.558620
532.376153
530.405660
540.430296
545.643720
517.469953
536.109809
539.955453
530.460120
534.307404
541.514372
519.582212
547.378427
518.602122
524.236606
512.343588
499.855296
503.185695
528.261526
546.626968
542.054490
534.230025
572.683604
549.118470
574.688364
558.549262
544.759150
513.232031
499.596769
549.512643
565.946350
544.632876
532.776529
521.361025
547.222909
522.378763
507.180093
508.480079
490.270537
507.583884
509.571195
520.345266
540.598234
564.942753
554.563471
574.753775
554.609159
553.320041
550.356125
562.751073
535.453729
519.671343
504.390160
529.194673
555.625797
567.816506
560.058311
569.333343
564.543904
566.828440
564.317345
588.967713
545.668582
517.994339
537.664291
558.178351
555.372276
554.944026
568.894691
544.107731
548.216226
549.571042
541.075348
538.486083
532.391547
508.211642
519.749258
529.819031
537.752126
527.642276
552.159334
521.282237
534.468605
549.801175
516.621035
522.485027
531.613882
540.909692
513.719978
520.173070
535.148458
517.053498
491.525976
522.793189
532.219718
506.116116
496.373410
482.482455
504.240928
536.268090
567.647262
532.723671
529.716674
509.283692
575.816302
544.705295
505.135279
498.708682
551.589947
561.414174
583.128411
562.454357
544.431086
544.405621
582.247191
563.139006
544.560256
563.534162
529.622809
535.475551
523.629527
509.488569
493.424222
482.775335
509.836081
511.863089
528.986309
529.659787
542.108016
552.712953
554.153455
535.715781
571.746553
541.478771
569.139840
582.999797
568.136740
532.118206
566.802687
555.686316
547.477914
515.369987
498.827257
489.164803
493.256770
557.742087
544.829086
562.721751
561.948311
575.635868
554.130036
535.708646
507.814292
522.645543
516.687657
505.896883
508.371185
506.312491
508.075482
467.751162
476.643765
507.897302
518.335326
563.603332
541.676374
560.299995
571.817902
525.751278
565.536584
559.813692
536.810176
529.415757
545.704291
559.820680
563.645887
554.189709
544.966718
533.540505
548.705060
578.377315
546.172328
548.537095
570.064445
539.631834
583.200721
571.045764
571.072656
540.568228
560.191539
536.709596
527.639331
506.662794
536.440645
524.249238
535.016357
559.950008
536.400699
567.676785
562.501369
547.230538
545.332786
529.296723
539.390392
505.944621
505.011392
506.337845
537.816174
572.185047
544.508603
556.528415
578.319254
555.442842
543.102488
562.215231
544.279833
540.834871
545.094097
513.233208
501.822141
498.732578
523.709553
508.301864
512.373121
526.854006
501.644485
518.936861
543.402834
523.810861
509.400491
540.114445
551.767474
506.933862
537.904878
533.237160
523.412017
498.272671
549.586234
539.239133
538.380531
536.248992
549.938934
534.467211
530.970654
552.176884
547.595204
540.705472
490.034621
508.531671
547.892791
559.264564
571.986317
567.482865
583.549514
560.218170
558.136575
568.425696
537.338591
547.527485
577.020036
516.524050
511.553306
514.115101
515.983803
527.764243
494.368070
518.255253
530.039001
554.672310
564.302927
537.757184
517.662745
513.460414
522.991256
550.630934
568.843500
526.214142
519.287931
588.255790
547.848000
559.670268
586.235463
575.452402
514.478784
492.596569
485.820865
492.757874
520.633433
543.487032
552.656331
567.442146
555.177947
510.942317
572.373029
584.237958
563.446773
518.821087
518.510080
482.749868
486.670738
536.695958
533.184035
562.911921
581.578224
562.625200
537.369030
525.423572
575.865000
564.720832
557.213847
522.989120
535.839853
550.558093
556.203364
530.886822
557.913478
578.960768
549.614117
533.287832
549.690029
542.902345
537.503319
512.871001
521.605762
512.265028
480.743461
477.538228
522.394667
505.176142
514.453384
512.868731
504.225415
538.503957
530.102335
519.411585
538.190126
528.002871
537.023715
549.919336
586.822380
596.365020
605.308915
544.128859
523.330935
518.829577
536.681327
540.410043
504.044316
516.362065
554.189433
539.999055
549.982746
584.090209
556.148548
570.694237
590.325371
548.633381
540.032149
556.713388
551.489314
495.077678
475.957772
517.114892
540.406238
500.433128
530.450676
524.888635
552.025259
563.708397
566.343139
554.462037
553.065993
550.709582
562.840435
564.029364
584.885461
547.811115
561.959429
576.450334
516.064902
511.454788
532.531930
538.144135
548.407869
532.612123
524.629337
561.155356
556.425757
542.222511
516.923184
544.030059
534.027249
500.909692
521.636523
543.788622
559.558888
568.737064
561.930087
568.006673
544.797594
519.738481
529.533441
532.072438
528.236948
533.634329
536.423036
557.844288
572.146032
599.032010
594.197829
576.669695
583.786402
560.996878
567.349439
542.521190
515.351917
554.974121
598.573074
573.760293
546.681946
545.008632
531.347309
521.418693
545.509112
531.834723
536.646046
533.530877
573.555653
580.680675
556.024693
553.303574
518.553429
548.760617
537.832078
537.654789
583.713505
582.529429
569.641223
552.491570
568.565739
536.546835
545.711599
516.613430
503.941837
533.356865
529.903637
549.825458
559.556540
550.676611
520.329673
516.473989
510.900307
485.070763
503.765277
545.960514
553.777040
515.669341
529.200383
515.298343
517.589609
537.535235
588.437809
552.124414
545.077127
522.119797
513.901683
491.584869
498.001802
505.742741
504.939803
526.367629
558.268696
536.543266
514.324362
520.913901
511.947312
539.507191
534.961210
510.993210
533.860998
540.035535
527.493897
517.371339
582.314344
564.316054
547.545968
557.010076
530.638980
535.894924
525.812766
525.285405
552.434739
538.094090
494.384611
519.999318
530.311040
544.638045
526.320078
544.813903
575.045301
578.450369
536.745417
521.075075
541.953034
549.074452
555.628468
531.197731
517.550295
534.395613
545.135065
555.819470
544.088862
542.564210
531.264309
540.661463
564.497013
525.541456
550.776677
539.316119
499.564593
531.679685
538.268753
557.383053
558.240797
572.945748
570.956329
534.218540
530.106689
552.125305
514.098600
521.523705
518.771359
532.325917
534.347691
516.527407
498.957272
511.691213
507.806013
519.203882
520.800355
540.341876
575.373613
577.980578
548.576809
516.577482
542.112422
555.056496
545.078993
527.661312
559.525969
542.835508
563.541712
585.408526
607.045334
578.696281
556.845205
522.261766
568.454327
593.020216
560.876354
554.247657
569.018744
579.689112
573.498191
583.921648
576.145660
572.690090
557.710904
526.512676
526.027204
522.731755
519.725561
513.884870
520.792819
530.752670
537.097550
530.408710
530.264638
552.103015
547.600366
540.417084
529.533253
509.669795
507.709911
512.911181
504.064821
482.035255
539.681757
544.420217
551.565859
508.050018
514.197620
532.310435
545.349781
560.822583
559.148707
579.301115
535.216060
538.070268
491.449564
524.432068
519.696644
528.242017
518.323540
548.982202
523.779496
532.791958
521.748714
528.948551
539.925765
540.813359
548.774169
529.375169
557.957731
534.478570
506.810606
549.235639
544.494110
536.092415
552.451732
515.229387
527.523121
530.995193
510.473357
507.847013
514.699355
520.642416
515.132570
559.518815
567.176501
544.996425
509.904843
555.415156
575.707508
564.360825
560.979115
558.912275
551.844257
538.701698
557.272503
574.116540
578.809024
589.621207
556.286952
563.492372
554.917580
543.509670
547.873525
569.981759
574.285468
519.485277
520.527673
533.765244
497.003422
529.776359
541.941778
531.951876
549.762806
549.049471
575.776665
526.521967
517.462620
544.267785
536.769582
533.313114
572.965739
548.447714
526.999164
521.127843
520.171337
523.468793
529.429145
531.344350
555.615306
541.965543
503.725403
524.850917
527.288082
541.195955
526.330789
502.103421
513.817959
519.588425
530.268545
523.154763
512.296549
531.049253
567.926782
587.372738
573.264025
558.651156
568.749244
547.381388
541.326168
526.388120
522.330633
550.602196
556.592776
547.994345
563.317207
584.833370
547.431209
526.756601
528.050564
557.751501
554.341917
553.336283
550.896305
551.844634
533.780147
543.144889
519.961562
506.896201
529.101078
560.518402
581.378632
528.595326
542.577575
529.434286
537.864016
521.603115
534.169959
528.448880
546.738010
544.933061
574.446607
558.486837
540.120324
538.522596
522.912918
553.113521
561.145957
565.629046
590.150825
573.132384
545.087645
564.198231
546.139227
595.012771
571.309304
545.574984
547.722152
530.337561
545.082215
547.575671
541.633853
547.803085
521.297586
545.487027
522.087786
599.264673
604.526637
606.606105
539.493171
523.313105
555.504069
534.276970
527.058087
516.793894
516.522566
518.901084
540.883193
503.684452
539.724602
522.171501
512.867790
554.948619
552.447475
546.172267
566.776462
562.726594
555.733425
540.817411
534.991935
553.792190
547.543882
531.683293
511.692993
518.432131
521.146228
499.597576
492.011128
523.909404
505.819758
543.117605
550.334095
581.840553
553.009267
580.810036
555.728923
551.569812
511.647210
522.970627
555.749255
558.694090
546.517944
536.634018
556.715971
519.019455
582.404811
564.033801
564.476906
588.808237
566.513767
569.983367
569.266926
527.236284
559.893531
516.074867
474.944963
473.655539
495.052629
539.279766
531.501915
535.653785
555.361015
559.149836
524.240476
543.224325
542.603869
513.555407
485.126694
514.961334
526.782913
530.244916
565.018458
527.643062
512.284854
504.201946
492.421062
510.473214
544.512189
530.976111
527.201190
496.809168
505.898371
517.773796
539.343528
532.216823
529.922279
534.623941
527.531141
523.947456
532.802543
520.650114
558.803997
545.269149
525.469091
517.410059
521.407836
547.670816
515.063162
518.252047
543.006550
555.368319
557.295708
532.952351
517.392183
521.831419
517.401504
529.561527
542.474712
538.210900
541.470614
570.826919
555.406440
567.416523
536.140203
550.643472
532.632488
530.826950
536.576775
518.016143
537.377778
553.854544
551.256816
553.290541
547.506349
560.458079
542.190202
541.300697
538.542282
547.587745
563.393029
527.039721
524.693214
527.865686
596.558937
541.258762
516.718664
506.218272
531.133360
550.676249
486.594075
507.051189
556.727685
552.621763
570.071181
575.973524
550.679105
546.262224
542.271135
522.692302
519.508458
547.407966
486.051548
538.014432
549.272731
501.629169
493.953591
460.351976
474.659325
508.345616
531.336560
559.543530
560.314243
556.750150
554.935209
576.408961
589.832871
600.350074
559.914523
575.339926
538.472232
539.542897
547.264234
525.921710
509.653694
501.042021
503.717412
496.216486
498.663600
485.758726
479.668909
523.378039
511.713540
552.480419
552.718736
554.479417
577.128811
557.362681
502.626044
502.607854
493.780791
525.307567
537.730245
542.481033
535.476240
570.693724
543.932813
533.026992
537.025611
562.824834
555.814385
591.904744
598.479289
551.732707
531.909279
539.596048
524.487398
538.057656
543.293487
528.422522
529.122586
565.588293
552.750364
556.410183
551.033035
582.223864
534.810974
526.312258
517.452117
497.910306
518.537498
533.140673
530.166853
550.821843
541.865040
532.563669
542.457872
556.030134
575.147064
523.850319
537.577398
541.689054
530.577824
542.723039
532.298599
517.858674
543.265598
505.003264
510.240090
503.548114
556.964678
543.979895
536.257625
558.069103
550.318036
533.207307
537.430731
566.103902
558.178199
577.693435
556.787217
548.962759
544.307254
547.455095
536.981568
552.694094
532.868868
526.651693
519.560851
526.948408
551.153298
542.803749
541.506456
546.278544
535.774241
541.465883
515.952383
509.138337
538.028649
544.836210
527.137991
550.618365
524.551363
547.137977
532.757498
582.820039
582.344328
558.988614
562.524232
530.515521
537.512547
543.988915
575.828603
574.497822
556.617107
522.711644
521.022102
511.608846
513.301825
511.079836
521.751170
502.118468
554.321724
543.227682
514.955996
577.781597
572.097776
594.621015
566.118472
546.855974
547.728287
557.457683
528.207392
526.143547
519.432859
549.147091
571.161910
547.520052
566.009910
549.826191
546.885953
527.228133
521.742333
515.983199
511.299531
515.808938
540.955468
544.812772
543.472077
522.247241
504.903974
504.894136
498.197080
517.727277
532.065610
526.778781
519.732206
525.748148
520.439830
487.290621
522.949290
507.293645
543.376530
525.180399
533.310138
577.925621
503.043281
537.880018
539.548721
543.597987
529.661400
498.685867
523.466943
549.063530
544.976919
529.835454
517.885257
565.575668
571.079524
527.089713
524.060817
528.275489
585.914345
562.565166
524.388491
547.807107
539.388407
548.489418
545.813008
523.433515
544.223116
558.045878
587.607487
582.859093
558.325424
566.028593
525.142543
532.222281
554.035952
526.133069
526.747817
548.743767
552.676436
531.721154
519.227717
523.662450
513.004514
555.010370
544.749697
551.733194
540.960616
571.915522
587.189539
602.757968
569.605356
560.448863
505.359784
552.680668
530.944756
540.840405
562.944006
583.817259
627.063085
600.597291
580.804499
559.325487
581.282985
566.115454
519.555037
532.180982
542.619085
528.098436
541.257577
561.303467
570.875476
558.018864
544.004195
570.202564
517.300897
521.162982
520.376310
519.062351
559.481469
552.524838
546.403120
577.898887
560.213327
561.525351
564.933239
542.584189
510.884439
526.217490
499.322794
531.494939
503.806423
521.126213
522.696340
556.248080
555.517100
558.885749
555.672771
532.275385
539.813803
543.085739
538.835885
533.414143
518.538337
554.191915
558.536743
576.086296
560.070155
519.445040
504.783757
489.547271
489.374491
509.000555
501.807726
479.062054
473.814705
495.932360
500.522086
516.261419
514.189347
535.525246
542.527865
529.193730
537.398812
515.357080
561.455181
560.487797
542.787237
516.628875
528.965423
515.819859
499.162214
541.915118
540.320921
520.102908
527.499659
513.755005
532.039439
547.675308
569.093101
527.107196
526.772453
512.630137
506.036336
506.740325
509.508351
505.691064
530.024142
556.870088
564.087227
558.699664
565.684546
546.716760
572.015735
558.812838
534.969952
524.273028
498.717738
483.620445
511.289981
526.639440
569.720799
604.648586
588.957255
603.757810
579.997725
582.672364
522.189860
529.145743
535.711106
535.395576
544.571963
516.525015
552.736430
554.895195
548.517873
521.622132
526.452977
512.102455
550.842639
543.761194
519.053545
526.341716
519.054695
536.708319
530.780391
549.853695
530.189167
494.874787
519.078206
524.744529
518.840039
515.372906
541.472861
503.163644
504.061388
552.617955
520.308752
501.883868
484.916195
497.727488
523.253979
545.295411
552.116812
521.566230
509.983726
513.509855
482.886943
576.048796
563.043867
516.200632
545.266914
542.940419
537.552521
522.860334
543.984482
562.207187
541.882370
541.132145
510.864241
518.581780
555.342271
553.434946
533.363579
548.029112
490.726516
548.977402
523.301152
549.838910
587.475376
546.352327
562.917340
542.203136
534.324404
530.764480
509.066556
540.398889
563.965117
543.591722
581.923009
533.951133
519.328800
553.781508
559.637766
561.485640
555.819701
560.603049
547.616002
532.124584
498.184963
524.147079
516.356019
532.387070
518.066487
515.528008
529.967980
539.313209
539.065107
577.091383
508.313181
511.035692
540.784456
512.608029
502.754320
508.570778
529.130875
554.487090
567.709893
558.439945
572.252471
635.733150
588.652295
573.608043
600.480698
583.872262
574.575412
570.141332
554.656506
533.369158
547.567603
541.440032
539.021220
559.177028
543.989699
521.862085
524.003484
559.140744
527.623568
538.188080
520.797278
544.880173
553.188095
548.768473
553.923492
599.387864
549.028087
555.727849
533.872925
538.535473
537.862754
544.476457
558.906522
565.670554
539.776922
551.273145
520.149484
513.683311
539.172719
545.381463
536.946571
527.100712
552.523848
547.393487
543.524025
543.844601
557.959344
560.644773
533.583249
537.252338
540.674006
548.227871
551.864455
583.617990
610.121435
588.483122
588.389712
559.404409
505.904599
524.107687
502.823838
502.236752
537.763394
519.409569
560.620867
540.107490
515.952960
531.051620
518.086926
538.418947
554.085674
549.571645
512.324078
521.799962
554.504456
564.252786
532.106818
535.493905
568.839491
558.243008
564.391013
549.670085
592.419316
559.646844
530.866455
553.816057
558.217339
556.726898
554.543503
525.650498
534.507625
540.435274
530.517240
518.088969
530.195985
523.017909
517.810903
558.268756
557.993012
575.519077
579.787541
568.715747
536.872400
532.737676
557.648476
578.345196
583.438483
562.018603
554.413829
539.123563
532.788736
541.847938
569.103870
571.108117
560.803385
553.914451
570.641818
576.930490
556.565884
542.055071
521.642108
526.036947
522.971589
536.937252
570.043955
557.719696
519.748077
512.405017
536.877749
574.446647
555.439586
544.104076
532.676754
547.649081
537.508358
570.180237
534.645705
542.798532
566.948690
564.638340
555.652939
540.504657
545.439402
566.191357
508.585481
510.798904
490.966072
534.567653
537.209382
543.090510
551.678811
533.117286
515.595044
531.775913
532.559255
516.509701
527.808092
554.635844
543.080948
543.043676
572.958558
584.820025
562.700772
577.209125
540.997743
551.909304
544.475812
495.798537
508.925079
539.971561
556.682299
526.380961
536.681751
531.328277
523.267033
493.251232
525.335855
534.210128
582.103518
560.882451
576.483761
566.245139
581.791114
567.568026
532.731036
548.679356
559.388851
593.356055
587.240319
569.715926
483.778078
493.048095
508.056840
487.628608
514.658750
522.063594
525.143095
544.150341
536.583300
516.839708
499.699938
515.334506
553.531185
519.475929
516.166360
508.723714
517.509440
535.001141
499.145680
513.731017
534.712860
551.385341
561.200156
543.977241
537.382351
534.028878
540.291459
530.045607
526.595134
497.560704
491.097320
515.774760
544.328647
524.150655
526.834877
527.145297
555.113921
562.773085
574.638897
637.807823
585.385809
563.902688
557.808332
538.426391
583.294267
562.327942
587.598021
599.067754
550.575082
540.353779
536.321916
549.969936
551.730295
546.546258
537.539687
523.453618
534.948877
508.304331
501.874149
506.273553
499.454466
520.686490
529.513961
520.306665
522.135365
527.335212
510.849039
526.876279
521.050364
542.964040
503.311201
538.395545
519.779341
497.284823
504.970142
513.955430
530.995354
546.968103
553.477233
540.502307
545.963159
593.026043
557.712943
571.634155
543.132890
516.090973
529.129750
503.782394
534.429550
545.927181
554.668880
562.047270
535.089218
482.561618
505.087477
509.389699
523.441437
522.670715
543.496328
539.428239
539.571536
566.033224
540.378624
530.374494
515.922184
497.349628
502.227495
497.052934
516.573217
539.006337
535.680950
514.311779
532.988960
544.641956
503.494089
513.367506
493.332879
522.119244
492.279126
498.907797
483.538802
531.638792
546.211508
528.552090
541.584395
536.315905
537.490461
550.447367
541.618933
552.138698
546.858309
527.612744
544.737610
537.677632
559.684147
556.046314
546.236090
534.870708
546.899213
494.441133
492.171420
532.424771
527.869375
525.978500
552.775806
547.487790
540.241157
541.065158
505.841011
531.061749
507.633837
525.178801
534.769219
522.288873
567.957274
536.975854
506.869072
547.952072
560.872847
512.136191
517.619939
558.243762
575.640225
515.790961
527.032215
558.037613
527.962561
535.388574
535.128951
529.409656
557.827966
546.055322
551.736184
565.093360
516.847806
507.510323
531.840271
541.067704
522.600704
533.655961
513.831452
546.377181
542.838106
540.530360
535.063906
555.017819
560.788442
545.524074
520.752991
494.677478
495.424720
477.406465
477.582439
481.997299
480.664091
523.949134
540.219624
581.584238
566.252554
539.216775
552.320756
546.438669
571.492654
565.342287
535.022014
521.946332
530.829273
559.424149
531.783202
518.235442
547.221164
547.455855
559.423445
527.611803
525.455642
519.908724
523.165013
526.998289
535.545510
546.871421
556.092682
535.203787
585.609844
588.574768
547.046513
555.919032
571.370670
567.959427
552.079782
569.667917
577.854146
572.175710
516.950751
526.082732
556.809610
536.269384
549.535069
520.266114
489.403856
516.451857
544.509077
520.621569
515.705143
536.296996
540.108461
549.616232
532.187364
533.818480
551.657767
552.281037
536.616258
549.345097
563.353708
540.683952
577.412156
576.500175
562.370320
574.299306
536.678935
524.942369
557.821168
594.445207
585.852434
576.287536
568.816057
569.643604
562.007466
546.017218
547.236875
581.502058
561.731122
535.956124
564.846337
572.984713
548.031741
559.078763
559.124542
567.242482
567.714292
575.253870
548.940549
542.069527
556.632081
521.307708
527.109785
528.439745
528.034856
550.358816
519.395363
514.282243
547.547004
520.630733
529.192476
521.033637
538.252752
546.193803
503.941158
538.526600
512.095443
538.991443
526.208703
539.398227
543.790212
526.808767
550.527371
569.825941
542.536240
542.454459
532.663159
575.567414
534.575147
504.891912
494.858253
517.368063
523.562831
515.643149
540.809963
550.486971
537.593401
540.480767
543.079443
542.907849
540.592284
557.170021
550.827806
535.923000
579.612813
560.356079
521.817157
526.500364
546.521122
520.374252
515.689750
529.093152
560.079225
574.811648
555.272688
537.705885
526.659947
527.191218
515.828489
513.791135
516.622582
538.322291
531.354410
515.769566
534.453277
513.001962
541.470140
535.297812
540.722339
504.454111
519.411178
534.246150
516.511397
566.005176
541.774546
553.158692
525.031144
482.502399
485.125458
536.528097
524.468671
523.070853
492.545606
507.409193
501.029048
539.782966
529.651764
549.784973
530.988269
529.062906
549.942474
560.654945
574.891775
533.806554
538.628186
564.213265
568.114721
566.478588
562.012854
527.183011
540.687175
507.212083
529.283696
519.601577
522.126392
515.169182
538.407275
524.945129
529.728099
545.668998
514.445292
545.764586
541.929877
551.286688
515.034536
505.320556
514.400948
540.064662
555.227906
512.992298
525.702473
536.468035
518.006031
534.372890
530.097292
539.322084
479.833288
485.468327
531.905640
553.406241
545.556370
507.026783
556.545137
546.847497
541.415503
589.773757
539.128343
570.835830
556.071992
538.826814
541.565944
564.471912
550.668839
521.425177
510.816482
539.848306
513.030780
533.107793
531.435503
519.557123
541.917724
523.828582
527.025223
533.776839
496.071630
533.004137
577.632269
583.118475
540.171702
547.129353
509.685583
555.073881
529.241521
531.520402
544.239726
550.479165
576.538729
519.920740
546.187785
539.132649
521.866597
566.526041
534.358107
506.467681
518.128099
541.986881
546.143199
545.419030
530.969570
538.514370
498.274444
504.347935
539.217619
490.084464
511.964071
510.754864
531.046474
532.800668
544.509978
543.487581
523.575898
527.120840
562.793776
537.986227
543.481632
562.317334
568.045928
518.153999
531.322979
565.432083
540.935805
544.739214
554.173599
550.343861
527.466315
550.264563
523.778389
504.982638
495.243914
511.558870
561.953292
565.861309
599.904267
581.646769
540.161559
551.415562
576.331198
562.735595
583.369499
540.374848
529.181704
563.791024
553.303590
548.890192
546.004179
556.734560
548.731825
572.919984
549.464506
513.570267
514.251585
536.677497
533.253469
501.210234
544.766650
529.197626
526.151093
523.393895
488.489034
470.703125
490.707634
557.501792
547.439685
550.343793
557.923492
577.941284
537.464278
515.929758
540.782277
543.280617
540.584017
561.852525
553.804362
582.288220
566.130092
532.821175
525.708607
547.927367
546.465874
573.841656
563.300125
544.512834
558.426963
549.458589
581.521946
562.937714
549.046907
509.317728
498.247066
488.463240
522.228377
508.296875
504.018028
499.137772
514.060229
517.541517
524.442067
521.461743
525.704804
536.681767
522.943247
514.688436
516.693265
516.815334
511.379861
552.698061
562.490551
488.318485
508.067200
543.973155
555.471146
559.164491
549.035662
552.181724
535.877311
559.487087
595.726277
544.217765
524.726725
527.184130
572.964194
531.427668
513.913091
546.528815
565.210364
558.531557
539.428538
541.175192
533.549751
518.104668
539.330484
547.006605
500.689516
490.157916
487.617607
512.246322
538.689582
551.615920
539.007579
540.657844
534.170137
544.165735
560.683186
538.977293
537.311472
549.955129
539.419428
551.970508
537.536579
548.540154
537.464262
549.130139
576.713851
543.691909
526.608678
513.099149
496.137815
511.465002
520.040137
531.840402
506.141615
527.715458
530.928613
532.331986
540.096997
554.701217
541.125151
555.895521
533.923164
570.551588
577.837787
542.828432
532.053416
519.066046
556.700778
531.734753
593.407353
588.721769
579.549413
543.535440
517.380936
543.745020
502.461042
511.481210
512.919526
540.429254
541.111718
510.635380
501.326382
528.745456
538.656778
567.552957
522.859325
508.870773
543.782020
533.304871
542.733120
560.797801
585.286045
543.009031
542.625299
547.953495
539.681058
514.531824
522.854897
510.258768
500.041176
533.625351
532.727613
541.669645
528.576343
510.762212
514.874080
537.056610
554.462770
554.820555
552.709052
588.599217
556.680921
556.089530
528.373262
485.845464
535.235214
519.686694
493.492206
520.461529
529.832966
519.166684
515.339274
537.165074
526.869574
559.644367
541.498781
521.114548
514.488075
560.830798
570.305727
586.059980
579.400148
538.910613
541.861586
545.638624
563.538477
542.798919
506.109400
503.262968
503.746162
526.708372
554.089212
553.515320
552.956552
545.974852
523.884857
503.308658
509.008167
478.383908
473.005473
511.113745
523.837114
523.014308
521.027472
482.855686
508.974365
509.024745
539.425357
554.229765
545.086420
558.424208
515.683762
521.095940
543.342108
529.521145
549.183524
560.032719
547.842734
559.097021
543.503877
522.168477
529.457036
523.603679
493.910503
493.959669
510.164821
508.390425
539.632017
499.864674
504.881662
508.165722
538.616330
520.378453
512.280161
511.029908
527.148330
537.179803
552.728786
504.117283
524.608355
529.572823
533.097633
516.913713
521.233786
519.906009
512.854531
549.704683
551.868636
514.272767
513.218674
536.418137
535.950211
508.918909
528.750678
550.211487
552.140594
540.279345
535.119653
536.663699
529.041991
525.433709
502.183703
535.679626
529.249379
558.701849
572.708665
539.314212
603.780413
611.623299
616.469990
589.828277
547.800464
531.569827
532.930776
540.585871
514.604646
538.221966
518.341676
550.646824
556.582092
558.819918
534.847139
566.491791
561.123082
576.897324
558.064751
559.706882
562.959086
570.022138
576.599188
577.124556
591.956251
585.054415
589.193173
590.575365
554.220880
540.545487
519.696213
539.241084
525.119657
527.741325
535.513028
526.045676
556.301944
563.478739
559.342593
527.950920
542.539489
509.741069
496.392316
502.024738
491.115808
536.933038
557.453649
575.080703
563.935254
584.319855
554.602465
568.696717
554.770952
545.355586
548.453361
551.340607
530.647859
548.802337
552.694134
563.581035
564.729869
528.647001
504.807570
488.442940
527.172088
525.471128
477.933095
508.700076
543.173815
565.517494
526.319334
551.249983
581.495189
549.544703
517.544976
510.706052
505.472902
497.597968
514.554017
531.737423
547.363526
562.922680
580.622464
564.901897
527.495499
538.979699
538.538105
521.744248
525.115078
488.212227
502.817005
565.412746
550.808995
538.964727
544.280193
533.962052
537.065222
517.222988
561.883031
545.411143
513.125714
508.843844
509.409722
488.627447
499.422266
525.098173
557.968014
550.760074
544.165743
518.825367
508.804372
527.714392
536.678110
567.508345
546.672586
534.030696
567.694767
557.477843
529.039987
555.422459
550.179653
523.285167
541.278742
536.593761
539.085546
554.283874
527.952698
518.280137
522.482687
525.093330
529.478030
528.054132
547.814640
526.812192
515.388083
511.842690
496.472719
525.065297
531.188614
526.282536
536.258733
530.970806
548.128198
550.315878
528.954249
542.137609
512.719693
548.236947
528.250145
528.150714
515.169360
529.642914
528.426694
542.871696
526.294805
517.372597
495.164294
523.267604
535.046075
567.385943
551.334503
542.556658
560.775496
535.827973
535.466835
517.600510
512.193097
511.760939
514.677541
510.924480
543.099377
542.851046
535.604386
513.905620
516.612099
542.591308
531.698627
539.421560
544.557695
575.263486
536.363313
549.552766
541.419987
547.799606
509.276684
501.771683
516.257631
476.564335
492.577191
482.776907
482.601221
508.670620
527.388505
561.846596
572.565976
550.940149
522.740840
528.175984
531.460027
535.771409
570.487308
563.009827
542.722606
548.625293
555.719292
542.749528
519.546735
536.962144
531.386959
523.639257
552.517126
513.663590
495.493251
492.317859
477.719696
474.785780
486.197523
479.249945
472.944512
480.879522
515.752898
536.968842
529.076535
539.464775
546.145229
532.798795
540.841190
563.221665
574.383245
582.003234
544.903482
536.814347
504.625524
526.272804
567.413842
522.268068
542.988996
555.606489
569.132413
565.497141
544.642461
551.453867
559.999020
558.190682
550.078480
561.039076
558.037364
576.450501
570.659539
572.407396
590.877203
544.645935
590.217125
559.868757
538.645399
517.979571
530.758684
536.988209
496.672726
520.466112
533.900230
541.825337
549.497180
552.396995
554.751628
513.842483
516.861890
529.584672
523.869878
571.113892
563.756237
562.818529
569.842560
533.328851
551.764200
526.102442
542.787384
598.373756
587.323886
521.045940
509.771986
531.081995
503.292629
528.595896
502.218564
555.928053
526.319529
540.290296
536.568634
539.472206
517.488327
513.719488
487.131062
484.726089
516.792640
530.830637
583.072036
551.556048
573.482884
536.116298
529.664253
543.905425
545.469213
536.398768
531.800161
534.352346
538.120390
537.645954
554.373444
599.034363
587.458284
534.704870
529.248129
547.857418
535.887362
556.729389
567.542442
537.826883
530.912133
545.198877
555.391769
532.078932
548.798000
583.853683
557.468175
555.816432
552.261120
551.324272
551.370457
541.262192
539.807617
559.180196
526.976312
568.702769
557.362311
539.624212
555.947516
558.999793
524.018860
542.508072
505.172812
542.290255
526.440528
528.504437
541.019980
544.274623
523.151986
551.787562
546.097650
539.969371
548.476470
536.621440
502.516134
536.394080
586.493130
594.301923
518.319610
526.603477
545.067656
503.131476
493.690967
501.939667
521.344913
504.049698
519.432469
510.957608
569.383822
568.516485
553.092209
554.441614
519.823611
511.362086
519.949982
509.354077
522.543474
512.786151
516.608070
521.350641
526.186889
549.233848
579.666454
583.203852
574.089662
555.943322
507.926756
529.188261
550.531347
525.758341
519.624520
511.545898
489.653844
477.450054
516.160870
545.225905
555.160339
531.835798
557.274946
583.204740
550.598554
585.147462
562.599972
575.401974
590.598539
567.326803
559.475885
549.193135
555.258026
543.616573
524.353356
541.897999
539.691215
526.001906
547.154167
545.311376
547.480275
548.075873
542.352271
540.965876
531.090662
520.967497
558.512700
595.091559
595.139079
574.358834
577.828517
526.042916
553.982540
508.844738
542.508008
546.463522
546.728188
536.597854
553.115890
551.720976
554.152525
533.773095
549.060746
537.676641
498.437766
567.468202
580.346224
543.520301
544.974133
524.084135
535.478805
577.069701
564.712327
569.503825
544.263782
540.157944
523.683935
545.676692
551.236158
588.150166
585.041217
570.163754
565.400585
558.210474
553.121596
551.629889
537.839295
555.343938
514.609180
537.772381
567.682997
574.029161
563.380502
593.890945
565.889220
532.071650
543.773937
544.280744
535.505238
534.599690
527.771288
523.686166
508.807718
525.432707
539.225422
558.901379
589.963427
564.800670
578.075963
573.367189
570.390696
594.199181
587.669105
567.285397
540.349889
535.778625
532.890336
553.069197
527.368054
529.439604
556.487517
540.338423
561.131455
522.000535
493.126230
509.902139
504.248124
521.966646
502.808599
526.125178
522.162242
532.888968
541.917660
532.656792
532.208177
527.303673
557.586783
540.035058
560.501263
543.354343
553.304053
513.146779
511.380252
570.745784
547.413917
535.423697
541.799144
566.760638
590.401072
568.692706
534.271886
542.967298
543.620722
533.032599
543.650042
564.703087
524.667019
512.265723
521.753824
541.838642
535.989287
506.202237
494.755180
502.008823
514.141336
530.060712
519.061206
527.636767
572.788588
553.990693
619.250525
595.180749
568.103387
529.304373
512.260600
517.446366
514.186493
526.948837
536.522645
565.427328
553.099980
550.788617
544.221418
535.852980
562.979780
553.132323
545.471588
538.117271
548.328275
562.184147
580.067496
549.776983
554.012018
548.913487
533.495638
558.268017
543.107425
514.953415
518.635627
538.967522
542.062976
546.589756
542.923262
536.557474
507.109224
517.974920
513.750940
488.165758
501.436217
565.533392
536.101881
515.364297
517.586472
529.884840
511.532603
523.462236
557.974672
543.902440
530.493349
552.525455
548.152490
530.761627
548.444515
597.813150
611.428864
571.716621
561.972459
566.014991
552.241819
565.091312
552.302832
549.288035
528.334214
532.481751
521.191266
534.097876
545.199864
544.797073
572.344792
566.570521
568.716069
535.589244
549.079995
517.616357
524.704732
536.732884
511.929070
490.307062
501.689402
532.611122
503.369805
504.122517
522.944873
549.810269
532.679530
548.903604
494.678930
506.907118
487.413587
533.589641
532.871626
496.543568
528.558710
520.253396
514.208135
526.094748
562.407967
561.090686
567.728110
530.443229
518.751131
530.057686
572.839964
575.674514
576.331523
586.600601
537.429813
514.101204
501.412442
464.155637
496.889950
528.345036
498.975312
519.359712
546.743298
556.300948
512.184405
505.642103
519.420285
520.474549
522.692784
572.653418
541.355082
557.365469
525.539466
515.806365
528.821359
547.849381
553.953209
523.160846
526.677930
560.536251
557.108577
586.169190
552.137776
535.564268
508.269597
518.819563
525.654924
532.086015
530.896549
544.707162
560.632609
574.741685
562.534543
552.732636
517.493601
530.804952
579.344718
560.898143
578.293073
557.855560
594.927347
566.726449
562.010206
568.394994
567.616945
522.203405
533.213330
543.664336
495.371294
514.080673
545.075402
566.181122
537.045049
573.964437
538.643404
524.424030
508.023303
527.851683
517.728568
541.509842
525.084173
535.661652
522.309258
506.001519
540.118315
540.839362
528.546533
492.694124
520.330845
489.790374
577.643678
567.237777
570.606845
581.550379
548.624056
573.252356
573.715380
523.013835
522.451139
543.342357
561.507484
561.386644
551.136643
525.424688
578.093265
603.140178
582.332153
567.356038
559.981095
544.363171
514.849207
487.307211
492.041146
484.523100
467.173770
502.438975
502.810314
486.600679
507.920934
516.737193
548.585836
552.272895
543.253780
554.178800
547.360842
536.540204
564.810859
593.087855
569.986399
562.687937
518.186303
537.362850
547.438837
511.431539
544.131454
550.876247
553.264230
545.628035
543.511561
538.479361
545.383188
576.246747
571.028997
534.171033
542.462024
549.214174
527.970269
569.005217
525.717001
539.099897
533.332773
503.632226
516.260866
538.549592
538.618731
548.138535
529.738770
557.932222
563.164540
558.929140
575.588799
537.611508
560.732608
588.509943
556.332680
558.359509
544.566598
542.847482
534.764415
543.990202
574.550956
588.403249
522.723551
527.814695
525.260893
536.111853
531.806351
502.772686
519.518264
540.316261
527.925591
549.231340
563.718131
586.764878
529.794422
522.343521
572.296166
538.717986
526.951382
562.288998
538.987499
546.556104
534.325333
520.706326
504.186122
521.687297
548.917184
553.985329
546.099397
574.782500
533.391123
541.745199
536.391488
542.445432
529.076252
549.389349
568.536538
536.965652
515.236317
543.380391
507.137316
520.975657
512.899870
523.569122
543.558728
540.049475
568.138766
557.908725
540.862046
549.217133
543.135592
521.377639
507.099989
501.145047
519.779983
518.768268
530.205069
497.270915
515.522864
522.375980
548.866731
509.117810
514.846218
546.310318
534.308870
539.901119
543.322623
521.408611
537.183729
532.947437
525.012497
557.647950
524.349272
554.676147
499.488611
527.369531
530.187142
471.571540
470.226791
521.047139
504.427666
522.153986
508.607541
536.531123
550.719255
538.679731
555.128699
573.672302
553.872325
537.161024
529.675287
561.517784
533.167975
543.703746
522.155093
533.300077
537.578145
534.170828
519.771087
511.415256
505.002251
508.927439
527.843398
532.439455
544.549088
546.199635
518.299198
532.142121
514.283758
503.789915
504.623383
515.023904
537.389750
536.379377
502.286797
550.719438
540.209097
524.323386
533.217833
517.863481
514.595146
518.727419
516.310509
515.291401
521.943185
553.440583
526.706595
527.924277
544.074547
488.660752
467.405734
504.716952
537.790943
529.827091
547.490878
516.705430
510.734309
514.081357
531.471737
559.667290
554.805454
534.020762
523.735351
529.377328
534.093668
576.828183
538.070841
522.694855
553.639582
532.659745
544.211111
541.838035
543.608034
571.413794
542.553849
528.898839
511.408957
505.740220
534.208046
521.826057
539.463206
529.476515
542.058846
540.771366
543.858475
520.228329
544.235424
537.616769
526.310706
520.029207
529.179824
568.597391
529.999040
515.791354
523.177003
528.477715
529.618919
494.202653
519.402270
550.226582
553.049196
570.497505
555.753154
584.783495
568.993611
553.562237
541.341435
580.813739
551.646954
550.712342
549.653257
560.169949
584.305762
557.936998
532.820824
547.612449
534.012504
514.758631
527.637311
553.624178
546.592074
572.425052
557.888146
557.191811
570.529371
564.196738
576.783482
517.844335
526.212810
532.551994
554.825868
533.569702
550.603298
538.251063
535.265907
524.941975
540.211969
511.230810
565.370665
553.518390
533.368991
563.980019
565.641349
571.554486
527.128981
538.089155
530.284651
531.705403
606.143026
553.877289
590.686638
544.863443
551.574881
531.974403
572.417661
598.682454
590.661394
569.199821
548.119685
544.402851
527.293752
533.817076
567.402408
595.114176
547.142294
535.742365
529.646650
538.379895
570.849796
532.677372
533.865463
512.116960
556.255858
540.615270
540.443664
539.597911
510.542060
529.003756
539.692969
551.101207
525.990403
563.687774
543.524836
540.083442
508.198007
526.508571
539.590371
539.028337
527.383820
558.081243
552.164148
549.147938
532.612709
566.512681
543.626178
542.396219
581.058954
566.388322
550.272081
544.651202
546.904527
518.313716
529.199133
528.984484
552.802792
576.791117
561.074680
500.089824
539.684457
516.671638
513.740275
512.390598
456.302585
483.174146
485.897748
511.401973
488.410756
538.714807
513.195699
540.615786
539.048475
529.751079
516.926754
530.918845
548.428285
533.305286
526.724927
563.950817
542.983923
528.616167
576.845663
575.956899
537.762445
527.766448
541.029014
537.764709
531.690997
539.815144
529.538531
516.494118
526.158589
538.111467
560.534387
554.090095
592.857982
596.593746
567.604490
520.565876
511.053432
535.360685
567.269728
522.381992
534.877953
556.482410
553.014374
551.467510
542.254988
536.008506
570.507839
556.295886
542.488647
540.146865
543.724708
533.151675
536.960266
553.856846
547.154957
534.072334
518.173518
521.709185
510.889769
534.902388
529.675847
516.348833
534.288651
547.866850
559.092054
546.587672
550.487584
539.541480
560.863617
551.158375
536.000559
524.953855
500.448500
545.795985
543.030664
541.707779
541.713207
516.877059
515.822585
591.612324
580.160912
557.442251
559.945070
592.868074
574.003510
561.298579
556.703354
552.051303
534.143180
589.165969
583.997981
537.859119
533.902871
537.020059
526.769101
533.143943
588.168463
578.411846
564.150263
539.350876
563.497981
567.419772
504.967414
526.996827
512.939542
530.581684
524.771048
579.254563
560.618396
534.592499
528.188465
530.528411
544.309228
526.639296
514.437434
485.997882
514.046294
526.559754
517.216128
489.229964
539.723066
539.484074
560.436881
535.302208
535.032610
527.620071
542.360215
539.804621
522.703417
558.053341
561.618633
556.306770
547.209451
571.791266
536.331274
520.910637
529.748274
520.269122
517.682455
530.622572
531.725620
521.129437
530.559599
504.945577
552.954977
567.441230
559.267874
554.444976
568.861333
580.462152
539.199294
561.424960
509.326163
549.575586
527.743994
514.417651
535.860310
536.815626
524.609184
536.803601
554.080358
562.921170
553.784150
521.279962
500.009239
529.974087
532.094388
533.950679
518.873382
510.690898
546.587740
533.083850
579.118465
539.211483
556.942311
536.637577
553.032363
532.550023
498.279236
490.033734
506.299405
515.269838
527.201517
564.265212
581.085023
538.125515
541.289784
568.971411
543.065202
533.687948
523.863021
495.543476
525.927750
528.035787
543.742351
551.568348
566.622979
586.603402
600.855785
567.061232
560.924297
554.560869
585.239997
547.928201
543.454745
511.119199
577.584129
548.660727
537.018630
534.470956
543.738653
558.021765
596.189748
565.138460
604.102906
561.217209
539.659217
543.908293
523.701882
515.703919
528.214185
508.709213
511.481634
533.493250
566.818448
586.399605
568.731016
580.032973
575.671324
524.618741
558.392267
537.929725
545.481185
537.442671
492.100208
527.673048
527.029790
484.973286
527.417261
555.673310
532.995205
524.696715
555.716314
486.061986
511.530355
559.007384
569.421647
589.018641
549.881234
563.382603
539.686543
550.069097
518.947357
527.779301
547.978432
568.577403
530.088776
520.848687
544.041034
554.693844
542.454449
549.665007
517.579508
550.523773
496.336168
507.082594
513.068941
522.593351
522.452430
537.504648
556.463412
543.829175
520.382996
527.663674
549.188276
547.821622
549.140723
556.995231
517.790520
525.660422
500.698441
503.663607
499.159056
532.620488
516.045804
521.770961
566.346904
548.733130
516.873591
524.964120
521.885631
494.455001
498.353434
488.494590
505.163532
488.634156
503.530427
522.459347
532.750596
519.753445
527.028071
519.955122
506.305182
518.970835
561.333961
527.266657
526.223513
524.352863
532.587616
507.899023
521.698592
527.208180
514.782687
501.664509
565.964251
552.302227
542.463855
533.258836
527.485615
548.596973
534.161440
531.907537
524.971865
523.234221
522.308748
565.146905
592.344487
567.868696
546.525304
553.210134
554.623031
533.641943
550.771865
572.270680
570.504035
534.766148
562.045785
563.024803
546.312174
536.209692
528.458686
543.455517
601.732793
573.894751
567.301939
535.601034
560.189785
548.730400
548.308330
536.487577
519.990472
500.302500
527.467221
555.756936
531.594005
532.140797
542.813653
532.008005
515.191078
516.590244
523.397877
509.563696
501.518007
525.638969
527.383303
523.539447
541.185334
555.212394
585.557114
546.045687
536.545970
511.472049
538.038144
536.818323
505.766998
529.433382
527.317062
511.098627
482.528559
518.390247
494.274643
504.507876
513.253826
513.238763
507.531955
495.252786
504.684258
521.867651
542.349180
569.275872
559.493421
556.791509
556.655458
533.253704
542.828109
520.021519
542.287621
538.887808
536.411614
545.222337
506.452525
520.830143
558.864246
567.861758
518.510451
523.420954
505.606200
555.765729
552.750464
584.898989
571.783988
570.963791
530.656777
537.625772
522.757013
533.704040
573.330745
559.278250
557.817063
543.022612
509.397717
530.244159
515.847892
532.495507
509.023515
497.965899
487.857160
517.404340
520.160928
512.296569
512.996814
519.443506
506.779700
514.984043
526.412961
558.273445
545.224632
566.907629
552.868931
522.695286
523.474173
550.977565
580.024874
560.179171
542.214325
541.914266
539.912791
548.534508
487.417313
494.229195
475.406076
520.753016
527.810002
559.820503
556.029662
587.595466
567.902421
554.927529
552.907245
537.470378
554.576246
571.265472
553.606753
547.730575
509.492141
523.177442
525.102068
550.141736
536.742062
589.575526
538.485301
523.376305
516.569156
558.786973
573.388199
539.691108
506.165805
514.859839
532.813733
532.354983
581.539084
569.655930
552.315758
581.327030
607.524597
596.181825
603.666156
588.469045
589.099775
522.814630
505.243268
494.048549
533.470850
539.902096
507.852818
529.621012
540.537186
563.158433
558.324484
564.770574
544.123965
591.376448
547.666196
518.976532
556.629325
553.211477
574.966269
543.173847
577.899846
567.503233
508.315817
553.944326
548.173171
539.886802
518.809027
496.150926
485.978973
497.114012
507.337094
518.613071
525.006865
520.009422
503.324871
517.930675
492.399048
504.971667
508.601051
502.307585
523.145007
507.220818
535.641544
510.914761
539.477854
546.801973
535.846874
534.682345
506.039887
522.918216
554.020131
561.011146
533.352906
523.425086
538.557961
551.780531
528.047133
527.072086
522.765736
571.130180
563.671216
552.690762
556.595559
566.527737
575.026927
528.096724
544.025207
576.617608
571.988156
561.294847
564.384663
541.577334
541.152896
554.301122
581.244283
551.554070
538.252164
525.210475
540.469811
534.888253
531.725343
554.568298
527.435361
529.978441
530.906658
528.273594
524.790773
553.016204
540.389069
518.414642
518.889249
504.835572
515.710595
521.876837
505.751513
505.916467
485.287728
501.166880
507.028840
533.904979
520.162437
514.012755
498.041368
510.908328
517.082565
533.079536
535.545596
536.355095
579.022635
553.912860
513.182196
528.875326
539.819748
537.374731
525.722769
536.540900
558.567072
554.784767
558.356810
545.152341
570.858177
547.909908
581.446308
567.055203
530.905444
529.572237
517.161434
511.441168
519.214877
497.404871
536.507560
526.540006
505.898537
542.788436
576.981727
563.840762
538.801527
525.567742
539.845973
492.106943
512.424779
525.911136
543.246200
515.586913
558.034059
530.328509
508.939092
508.082783
553.685838
553.255151
546.039609
554.773161
507.940083
503.704611
531.238065
525.292953
528.291068
546.380710
553.443601
533.711037
548.823099
561.583583
546.138144
530.160254
516.973271
504.556434
537.088198
512.905786
517.000584
518.399427
493.986931
473.756505
512.628597
511.242407
508.124669
555.339323
534.061834
524.434506
543.631702
562.482229
555.428375
528.987396
520.599985
466.515328
475.123705
499.456310
458.733110
465.092753
534.038850
518.584615
530.632622
507.028552
540.056352
516.309653
520.988455
527.247624
538.248142
533.165930
529.737232
490.086915
498.725746
528.657230
513.656699
526.199140
529.734296
545.422523
544.592232
541.674220
545.417193
553.162042
575.843755
554.100766
561.950182
562.405057
561.351174
541.815478
530.892689
553.168631
567.043589
552.025728
556.539954
535.511137
553.583407
509.441567
522.983560
513.264587
533.083837
526.716386
564.201938
509.047528
528.108657
529.146523
543.189857
537.580029
530.541770
536.065222
556.381520
556.434398
562.488454
511.495850
506.821504
527.595683
524.024532
535.356535
519.047805
517.353545
544.884942
532.353623
521.676830
568.455710
552.436092
572.845660
558.179481
551.201341
595.478239
573.929108
581.493714
553.383752
547.028333
535.813345
557.439333
542.442662
542.198098
576.405221
586.137589
588.675717
573.712330
578.596047
546.738839
534.354594
533.032381
532.171549
532.949777
528.654221
559.103035
572.969854
540.811357
521.415728
511.646013
538.385655
535.619942
595.919054
578.459381
543.566490
545.526719
546.104764
545.674045
555.727278
546.513527
526.073738
544.624206
533.514738
541.043104
561.595596
556.058158
579.403904
550.358387
572.037780
547.649944
529.091876
545.144824
553.201494
544.360715
559.805523
545.514281
550.080424
539.182465
532.814247
534.530606
503.934411
508.095418
520.617922
537.765780
552.259582
554.755309
568.716395
561.886546
537.031495
545.105325
525.083182
558.580501
549.548755
551.465330
568.109251
583.632627
541.532181
528.848121
525.818159
536.721205
556.524721
542.314037
554.280804
518.958475
524.053794
508.786412
500.043822
481.264251
506.398486
518.746238
533.207111
513.315509
523.435535
548.057586
514.599270
530.115019
507.535274
545.266005
547.878594
525.234989
516.242068
559.182422
570.439179
534.864527
537.965125
537.002342
560.213817
530.530248
547.236865
562.894835
555.478044
533.816472
583.589035
547.574586
554.059956
561.585128
555.926566
549.104506
551.175201
524.733453
550.466032
539.171670
540.938569
527.834560
555.634803
549.556557
566.325124
564.171643
583.292663
561.782237
567.008760
551.810910
545.137200
545.935687
567.240337
582.181780
583.186223
534.645389
543.294938
519.537440
504.237930
491.272053
527.183641
539.465799
502.207392
486.170346
484.553305
509.182569
510.707215
560.600064
572.923568
551.940304
548.881425
578.120470
560.193629
570.940404
552.880046
531.025893
533.718237
475.252379
490.544019
525.200619
520.003135
516.948748
503.607401
459.682815
482.373100
509.954932
510.551070
488.080933
494.612303
474.310188
497.009462
501.395000
489.407606
522.604854
523.389199
551.954248
524.540713
537.272485
543.660297
581.384783
532.392291
553.199353
552.373668
565.375058
550.559871
535.861781
551.107789
533.738336
516.152701
498.314338
492.803240
523.301229
496.630468
474.228323
490.187319
538.972336
525.482992
530.124837
500.080851
502.860071
500.965614
559.911712
554.612275
560.579827
555.324063
534.993220
501.944687
512.177693
530.606429
526.877123
548.008291
545.827182
564.552707
574.342164
517.695849
524.517349
556.625174
547.263541
516.690378
554.027685
536.892622
548.688688
506.739321
522.693698
565.050324
605.103498
8299.658458
365.359454
461.936334
494.540618
504.261996
548.190754
544.292892
516.304632
530.390655
517.763800
523.263661
523.906744
527.515539
524.446124
552.521356
520.858276
569.192947
581.636706
570.202838
565.338247
587.147857
568.579616
579.863389
548.204044
526.195830
505.370611
535.311908
523.237524
501.604174
520.466125
516.002645
524.594013
504.907107
514.443272
553.436326
554.084911
536.746966
571.119624
566.851441
542.053333
573.935681
581.333134
557.760043
588.913786
581.684709
556.900336
554.917098
543.825497
527.650469
554.779043
541.884656
547.430668
572.851735
557.395622
516.618208
518.813780
545.958144
529.258832
550.551418
559.279616
540.367893
534.746039
530.770334
517.707655
563.548304
558.041489
563.529503
549.146695
559.700029
552.396221
576.784608
563.231637
564.862211
578.733176
577.201809
540.404444
552.838794
527.820669
528.185635
518.538661
520.110792
533.644265
521.303653
550.262591
542.895315
541.437423
545.995849
520.911312
518.069663
544.540024
525.573717
498.857159
518.949161
518.740612
526.428968
508.765638
518.405836
518.791696
559.497935
560.636070
593.301936
543.914544
532.544547
496.138807
481.800295
506.266280
528.338411
539.650996
543.033474
501.476554
492.355299
500.943495
455.062408
522.265247
584.407055
552.190257
550.181987
522.325807
488.810193
535.282359
511.740501
485.258335
515.820721
513.864458
523.269174
517.021753
511.312845
505.944217
542.959027
535.122644
528.928881
514.989774
500.784963
510.834786
563.485595
523.000379
562.471245
564.241943
558.656879
545.150933
563.724420
550.338499
527.710099
517.118983
533.314700
552.909440
542.906576
580.477238
536.306490
548.675622
560.357377
563.272161
563.358287
545.651502
530.699353
539.537697
560.307829
584.803067
556.160761
541.161908
593.790806
545.153713
560.143598
523.961124
527.641020
531.517294
522.972805
497.987674
496.288483
503.732435
512.066782
524.921484
549.139655
542.742306
523.393283
497.148600
559.365426
582.359090
535.399383
509.899067
551.858437
580.847711
572.916719
586.941176
587.720027
569.529450
559.790108
566.275257
543.763295
505.768712
510.259673
540.411802
562.632427
581.833758
557.129178
572.210542
572.024637
538.776170
535.268174
525.004423
534.726944
508.063737
530.884738
559.594274
563.155257
551.037218
550.088076
596.079914
531.269238
505.837011
542.743468
514.614535
526.146303
516.675317
545.064250
531.497616
548.953775
553.444070
566.948000
537.306440
528.848535
521.203356
536.026363
566.182957
547.944267
535.919965
513.836009
537.813521
519.420526
535.939465
513.302579
509.977387
546.755387
547.674042
507.863700
524.065258
513.900697
594.042459
590.862328
544.081269
532.893285
531.486902
510.699792
546.209441
538.612636
472.197992
495.949324
518.158824
511.015635
557.686949
560.795294
566.367803
571.967435
554.131768
545.416465
559.006086
536.062798
544.585876
552.527608
513.705395
512.727217
493.264000
554.887246
564.177624
561.972918
565.178054
563.635862
557.851410
580.451750
515.429365
488.838638
497.570657
512.071269
546.021688
571.284354
591.380699
527.400416
542.715639
504.510521
516.329413
530.474066
532.233689
498.567479
488.024060
576.456051
526.525081
514.003691
501.123739
493.328451
535.328564
521.885238
513.992701
507.383023
538.733476
562.408145
558.053295
521.281346
544.005107
554.637102
566.539396
560.194627
531.970791
543.768368
534.803937
553.406573
558.459382
550.963541
562.174815
570.253144
563.125344
583.102029
560.527253
498.663967
500.796643
530.328059
541.218758
527.344447
547.482720
545.963618
530.354538
541.044890
539.027788
561.759278
569.998595
539.521456
546.405417
556.372836
553.357482
533.468468
525.942481
505.210404
511.787033
512.639735
530.007704
549.050561
539.022806
532.949380
526.092628
507.946022
513.826432
522.136757
512.893305
506.526143
533.779552
539.833443
545.211023
559.427742
551.898476
548.557170
545.794550
540.918412
562.829361
542.325791
591.949006
557.448080
577.962560
568.333688
516.449431
541.812966
557.101178
564.329657
520.269027
542.717718
575.797317
567.725826
529.822571
523.203836
532.598949
532.675222
559.462036
583.533208
578.714734
574.018599
548.978187
530.228332
519.534950
540.924789
507.115379
547.656900
547.369528
551.976854
541.986761
545.780098
547.583715
540.699841
563.811580
569.055895
549.476405
553.819270
516.953306
522.511083
546.475091
536.770112
539.035249
512.955177
521.493498
517.036584
526.413800
532.236194
555.876993
566.695089
529.396073
532.263471
535.839004
549.655729
554.579504
580.047048
571.888328
574.092605
557.465992
529.905075
505.660811
528.793339
518.657829
536.006752
542.714006
550.843214
551.098726
560.193441
542.977132
545.343607
542.269157
575.506978
569.998910
545.650229
562.738696
540.962473
546.446376
557.637494
543.184245
552.871083
516.387435
536.538193
540.537905
556.617885
534.826893
530.263508
539.592848
537.820609
563.022822
554.819561
526.755829
583.932917
543.225372
540.527449
595.066262
559.097456
556.176747
551.195391
550.499507
504.038365
487.961877
492.124605
498.724466
538.957751
517.292212
554.828692
542.980823
546.134727
544.624364
531.964760
566.406412
507.059153
530.949516
501.619885
528.885175
501.654975
568.334414
568.220974
515.243823
542.255898
519.532442
550.567565
577.789985
576.932620
584.277970
531.802008
534.211991
498.969823
517.087979
544.153575
560.809981
527.358595
547.603889
542.352576
586.666896
600.850661
532.508344
523.370068
513.972238
519.226413
530.541305
503.140268
514.227201
543.145526
535.027009
521.476879
524.804072
533.854245
524.850508
548.608394
524.400094
530.297507
541.159977
519.376850
524.295386
517.867326
500.404628
547.477768
537.646021
548.368353
548.461089
533.882619
535.314979
553.116061
557.423351
569.541125
546.297869
543.021439
572.757991
572.998489
562.472438
586.646838
583.752964
562.796604
552.844084
541.892710
518.108875
501.400015
446.281575
479.703919
511.244042
524.320834
519.971445
546.040291
569.378844
522.437061
522.444633
534.380893
518.581235
495.037172
499.360193
467.667958
472.082513
529.832386
538.311015
512.593812
542.319129
564.641391
556.889913
562.539541
594.774196
573.598267
498.801754
513.403788
553.397515
511.024831
502.793504
540.865966
521.870317
513.971429
508.107725
497.937813
525.004553
549.967998
532.157706
512.170589
474.262013
514.182815
509.378148
511.986163
563.328083
520.593824
546.311001
548.251043
537.738827
556.322458
575.791136
559.880188
571.980986
558.385835
542.943413
537.310568
540.321518
545.578509
552.467676
531.130232
554.898904
541.864025
549.089652
539.570567
532.405354
570.756296
567.122702
559.531233
572.921836
534.459250
531.684576
520.724999
561.907923
594.845776
596.775447
562.687711
558.798646
539.999500
556.752914
546.155960
526.171192
542.931274
535.743441
551.697620
541.605000
549.172231
535.409298
509.662361
535.907225
547.989414
554.710254
530.581587
525.503189
546.457739
517.368237
513.628978
518.167301
560.173348
532.943048
557.977431
550.954166
558.524678
543.985478
528.463663
571.439218
548.479207
514.697579
517.085030
528.235364
578.195590
551.018994
604.918959
584.368135
576.319933
542.994069
533.614393
551.909974
518.122914
508.677227
533.353068
548.480539
566.649922
527.165698
520.130487
501.874306
516.216849
513.225606
515.049696
493.973398
512.845635
541.761613
552.031652
542.256103
548.092050
524.205569
538.584648
533.792533
526.345061
528.253488
514.287915
518.788790
523.133226
525.510445
500.735293
476.966714
543.463079
549.883058
568.356494
557.158675
569.722949
523.869665
534.573472
545.951859
546.143486
516.757757
534.133152
538.749407
545.549066
569.055173
579.268280
510.519948
554.419573
518.768683
481.008541
513.636222
531.153839
553.502875
545.916760
506.457086
472.736911
475.020826
472.644816
475.998854
533.359619
540.291009
501.000906
485.868705
488.442312
502.762735
528.523425
519.390664
539.482903
520.200251
507.071629
501.830508
510.881801
551.010867
521.218859
506.176442
501.256707
519.065950
534.751470
521.274999
550.427168
540.298817
546.202208
539.840785
533.951571
533.900032
524.203941
522.323436
544.635598
518.954654
535.551260
546.911470
533.274069
549.810442
488.080043
489.872473
508.768914
508.096410
517.100970
537.618285
511.584781
506.481053
467.287487
494.041914
511.094309
517.266615
540.744214
553.446572
566.858238
561.177619
547.554565
574.781098
577.626086
555.465609
555.765294
543.994431
524.053854
549.777267
546.582527
570.334923
536.350620
524.051455
526.293245
561.923764
527.055486
509.503873
517.428753
540.657132
540.194449
512.423115
513.788709
509.598164
525.710401
542.430201
542.079946
510.270436
530.879617
550.655251
543.446581
579.846052
564.055103
547.635483
579.618960
552.430343
529.796742
534.975626
516.388629
559.168276
530.228959
525.492431
562.941303
537.444131
531.566478
509.359008
524.103695
558.589281
542.014378
541.072958
553.206502
541.128659
556.469839
561.913560
565.314342
561.351654
555.701343
551.426474
541.865971
532.828196
541.323737
569.425378
571.801264
538.782224
542.411092
521.882067
522.108051
507.055575
536.750245
561.391046
551.901505
558.403936
533.784637
519.128358
534.835943
506.504175
493.995994
541.861665
538.625734
547.333473
541.604320
510.308057
507.063103
514.914652
543.045264
550.890149
536.828562
505.249000
547.881928
541.071100
547.082146
521.548856
548.972961
536.423755
517.859895
496.031515
533.214694
525.113383
558.329342
567.717737
580.507040
528.812137
538.954923
569.475685
543.463078
535.201897
536.101409
501.777193
511.266231
496.788688
514.509881
530.748922
542.920398
566.600594
581.603016
566.102221
554.302024
550.017982
541.417735
549.007266
543.731164
536.825830
553.102698
574.824078
562.654247
566.131662
565.712082
532.520293
554.668872
552.424471
570.874942
524.580371
547.508443
528.767912
517.165376
512.558026
490.756584
495.345671
497.350853
502.819995
528.372551
554.173191
548.400434
517.159120
493.192406
517.406377
516.057880
515.705381
532.925979
509.850938
535.739313
539.825976
517.920079
531.718634
514.642925
522.698687
521.845351
508.171171
520.413010
534.984600
544.147611
513.087157
554.377629
543.155143
538.772097
531.875434
509.541594
521.865054
528.007307
520.375611
566.191123
547.738389
560.672989
524.083917
542.205297
546.741756
581.002772
596.971741
584.005451
573.447223
596.315189
563.663212
519.563301
476.395105
509.820922
501.931117
544.775955
512.852815
534.726561
521.402037
542.177111
509.634082
508.516766
589.269064
554.791765
525.063537
521.645439
535.533510
522.987356
536.380316
539.413703
497.227651
493.856170
498.678733
514.462352
517.315362
523.618497
520.369275
549.828915
542.993137
552.290078
552.000034
519.225135
511.056053
497.032873
507.297387
517.136317
500.442836
548.233948
532.459619
567.192992
557.676844
540.888428
568.940477
524.637526
531.118804
562.087844
540.514848
526.048342
546.731114
539.833976
519.093591
515.199549
485.825788
530.936018
502.706541
517.254511
530.295838
521.193027
517.639191
510.583373
525.066297
551.819072
573.537829
556.369003
544.254771
523.871288
548.434256
528.644546
519.453347
530.215541
542.871285
494.258027
492.433099
527.211820
562.032598
558.913673
581.962256
565.680123
543.885538
570.751284
607.627045
567.158505
543.037738
537.811050
573.351639
521.773549
516.834095
536.893615
558.240166
549.584708
509.491817
495.002775
565.210878
532.071956
523.210799
529.446148
536.322101
537.036526
520.946227
559.906028
578.543278
566.164997
545.858024
534.557706
524.268624
544.312349
532.253457
505.293860
528.771076
537.141765
556.971932
519.723719
508.598484
549.111453
553.679669
530.724366
523.363423
534.538618
494.900349
475.092168
501.575575
524.705049
536.170771
535.310628
553.336223
550.999469
522.834427
520.911722
494.872866
508.120512
510.922121
505.963402
503.794354
532.446594
560.786078
537.422917
519.942389
527.502000
524.186025
507.915088
540.355689
568.166939
522.736524
523.838142
511.274122
551.753949
555.725473
530.511278
550.900487
504.724004
517.183209
523.940937
528.182284
530.717505
549.490691
565.327967
563.906629
578.649322
588.317419
562.374980
553.233194
554.458133
551.879852
546.834390
550.410194
534.086695
544.520728
537.868059
526.718546
562.052619
529.781738
543.563120
554.111112
571.341211
514.053893
524.637584
542.688173
578.927292
522.542857
540.013347
567.199835
543.902483
528.580509
526.910035
522.825267
526.189840
516.451026
511.999248
554.693667
589.527040
575.415256
543.791009
573.264828
565.305520
538.468095
565.387015
539.702607
558.825262
521.330106
534.529603
571.204407
569.502597
544.640418
525.449823
528.336701
519.996185
538.037670
523.819879
580.272691
579.748086
582.008645
590.634985
580.231047
603.577147
557.550620
584.192706
565.203778
514.710769
516.539852
561.709556
569.186785
542.998151
564.134735
593.967031
585.448193
571.238781
499.931516
534.752739
571.318308
598.770745
575.063742
518.336791
500.558725
488.983485
520.381315
553.460513
568.447176
599.178767
560.187599
568.538880
568.425562
584.153245
568.658592
560.054381
565.657467
611.310443
562.640544
530.380807
587.230427
556.910841
560.902727
548.054139
521.292511
531.331004
541.426531
544.301028
566.283981
579.109439
533.027090
544.804236
527.890803
542.532438
537.243506
598.466126
596.393013
565.671541
541.059774
554.733249
534.160565
525.413789
509.851599
513.187348
543.273145
549.355833
535.273035
529.309234
572.079518
557.287584
577.239997
598.096991
562.879468
535.761343
553.134577
579.747971
571.956977
542.678593
540.992682
545.498613
558.389599
567.752318
549.695635
533.001070
541.086504
537.666350
558.730967
523.404346
535.934820
592.569550
555.049038
543.596033
518.292070
513.062956
523.784865
542.734410
553.202186
575.717082
543.107713
534.638010
527.429590
578.097468
556.414572
550.453501
549.763937
549.210247
558.636180
534.274967
523.107852
484.747581
495.634167
520.357939
522.919418
505.394376
514.849685
536.484587
535.770166
544.372374
543.064236
529.592224
524.923834
545.527374
554.298338
560.653107
591.612276
587.389775
548.281162
594.486245
551.394904
562.372400
575.092752
559.868951
523.197187
556.660565
536.186747
521.743679
531.841896
539.275261
520.989472
526.775050
543.828461
501.000000
535.407263
561.972704
546.598026
536.755155
579.727777
547.775003
580.280245
567.092173
537.559328
561.403012
546.258345
521.159333
521.024117
527.977552
557.272387
542.041595
539.043521
524.393746
540.205122
529.699171
498.361844
546.511047
543.523002
555.504032
558.437376
548.952866
532.984442
511.664338
507.354362
549.413401
543.995049
507.035028
568.081979
567.844164
544.785452
534.960502
557.977324
553.180902
555.263623
524.770870
522.153295
501.948521
498.941014
479.803549
506.267508
511.523181
534.813289
541.400829
547.452465
527.446839
522.596753
525.758998
551.077706
554.450496
516.398047
521.721779
498.702344
518.235537
516.086098
546.786244
566.935507
559.380812
517.721189
526.651446
544.748000
525.693399
595.813405
534.599977
543.367394
549.024759
509.830739
511.981521
551.812217
519.922623
525.005243
524.578150
502.675289
553.021295
564.185436
535.418125
531.499802
538.699174
535.155047
525.744736
555.613197
579.986041
558.405943
509.373588
539.942832
547.197348
571.079370
557.513663
525.692753
546.506119
504.346463
521.957940
540.300600
541.412188
551.221393
541.069238
537.026853
488.364957
539.646177
560.296171
560.210854
567.124560
569.441002
564.774306
548.216906
537.542730
544.277406
562.181824
538.699273
559.019020
555.865907
522.958861
531.038675
552.499740
549.132191
537.607426
544.577169
538.007318
533.392873
531.310086
520.358189
556.921610
556.791475
550.818470
570.643485
585.160506
543.105439
503.931797
548.873224
527.565157
534.909577
523.879424
500.431321
527.258884
528.478016
501.520451
496.920649
520.159715
536.273626
542.881983
517.248083
524.427828
519.565423
522.105324
505.333310
528.481235
519.264375
512.734951
516.300180
514.675990
511.264603
552.822709
503.739443
510.185179
506.511642
565.201638
572.483282
531.767940
550.876151
561.108106
569.677350
549.466988
541.532962
546.237088
513.103230
506.124680
480.724142
522.567835
552.157639
534.094479
560.491163
567.213526
568.556144
547.709369
522.131149
541.017669
535.928372
537.748296
547.730092
573.899364
535.405726
502.641434
554.356431
552.364038
569.213685
550.809661
560.020021
534.270206
541.884540
506.936050
519.203836
530.566592
566.045961
565.986012
574.748092
573.052483
564.149600
566.310211
566.166230
557.585325
563.007043
554.969968
560.625237
554.567066
544.025901
536.797745
534.801807
554.620020
550.483229
597.367579
577.014749
575.178405
582.217091
560.616220
567.477885
533.804939
552.984678
558.614616
576.076938
547.228935
577.929741
596.985931
587.959955
557.885940
551.019217
543.374383
579.595065
591.775195
523.877148
546.286526
554.442889
547.354889
542.161544
538.807346
543.445511
556.203172
563.484378
564.616196
534.346889
521.619327
521.963570
528.212141
553.940825
546.280523
544.793653
549.236365
569.488526
561.434930
527.533892
486.417736
553.616732
564.697001
566.727863
526.981076
529.688110
524.441940
527.952016
529.458447
534.769801
517.603595
558.409339
573.413399
536.077998
517.603287
516.296454
512.575713
524.325251
537.256961
533.899089
556.251247
498.428406
531.104634
529.092584
478.206856
526.979421
535.930751
530.618174
528.776049
519.901487
534.389780
512.141849
528.591113
535.025457
542.509195
594.498963
576.428410
529.301669
522.999195
531.020398
523.234573
541.894890
538.121109
545.015357
487.620447
457.698422
508.131440
511.570244
492.963887
508.280355
541.126602
504.692533
513.310475
567.712098
564.765666
533.185680
518.628841
537.249538
540.018099
553.729145
505.327753
488.873674
492.191487
490.685183
498.840287
509.349140
483.723038
494.115666
471.161107
465.373332
482.271368
501.745434
512.005939
506.060727
490.375957
503.724726
505.720720
478.807144
507.910536
524.115370
532.457843
560.598702
564.009288
546.110246
526.215127
535.600501
553.410481
554.406221
522.513659
556.955831
557.101090
533.593074
543.612591
543.989579
565.593117
554.384851
560.779491
554.793763
563.469289
526.386362
531.472474
516.487535
523.509730
561.839569
552.598838
549.980265
569.170934
562.092685
560.054104
570.864970
589.257177
578.362675
561.303441
547.169331
543.215220
537.995300
515.506609
525.108725
547.186992
567.556567
581.399386
559.096155
540.638418
527.224698
540.833536
531.922978
511.159806
534.558365
521.415899
555.530233
526.478589
520.283926
528.780884
523.051950
533.272850
549.206958
563.014819
569.329549
605.153446
585.151015
594.274693
565.350766
571.194195
553.315401
547.351083
625.607982
609.660717
532.285751
530.031304
558.049087
555.052149
559.749032
553.944881
566.071764
565.136616
594.827000
570.198294
521.588034
531.852974
554.228139
524.190432
566.442830
546.346921
519.122399
534.065742
