529.061907
548.363104
490.530457
520.092834
520.574413
542.596500
543.578042
544.682129
548.793928
503.689917
487.831077
514.307977
525.680512
557.527720
536.457209
559.496344
557.193626
553.035220
520.389404
511.986403
530.267621
531.050252
538.740781
538.871671
573.533426
595.383501
588.714629
604.700212
644.725479
607.423519
525.473442
502.650845
506.700452
521.840976
537.020670
540.369211
542.178696
531.786527
528.240935
555.151685
528.097043
547.587997
553.976451
532.795623
520.906279
541.074961
534.193762
493.057624
531.880508
548.257055
526.006700
536.826208
520.601483
506.479739
515.477151
545.681884
547.512050
514.475579
529.947187
547.646214
553.046880
547.809997
537.117855
502.829300
518.695272
517.296556
520.503747
538.266416
562.685276
526.883196
524.245537
523.273724
528.980874
573.054014
546.963497
533.151061
547.935255
532.288848
550.030723
546.418685
523.322252
489.348881
548.882194
521.846921
550.060914
544.066937
540.661838
585.371916
542.751021
576.397505
558.640139
587.595053
541.615385
523.674293
557.346221
514.414035
537.749899
537.921358
522.310501
530.246063
546.105206
545.043047
529.642716
560.617482
512.605391
541.314439
557.268509
534.867789
519.648725
522.784541
517.925402
529.920099
521.039654
526.874111
539.934025
529.196877
525.791860
501.577691
522.255890
509.777912
535.309856
528.597493
522.247075
527.807339
510.651424
541.257900
521.512891
556.557420
504.788113
516.094944
543.807319
536.993935
530.083868
556.493356
541.791992
519.698110
560.045150
557.088500
604.533042
591.275071
571.036110
545.283936
505.840853
497.788475
508.474975
484.384767
523.606821
548.226179
548.037709
600.908590
568.336070
580.242295
578.518741
591.533585
547.821666
552.348945
545.590806
515.845627
518.754696
511.399415
532.566329
538.146050
524.590073
523.588865
516.826364
515.296104
529.676572
529.352911
537.394465
480.951012
513.093287
518.183119
528.794311
530.204413
532.523296
523.962800
568.467206
560.360506
574.184054
590.969456
544.863978
533.362622
530.093318
550.431591
534.047459
528.693107
534.719475
530.016266
589.813455
576.205084
556.274968
525.325087
504.278094
521.785336
524.434820
520.476117
566.264699
539.231301
573.644907
555.168557
554.286105
526.442718
507.251918
539.000719
563.894539
553.185489
546.391863
503.011978
506.055098
507.894763
543.261414
554.640205
548.652770
520.089456
521.506557
551.929477
504.186285
522.978289
508.857601
555.803776
550.459341
546.036654
540.571993
543.984624
497.642567
529.330649
545.687219
545.410143
558.910270
538.541837
498.813530
505.154368
486.479775
544.152776
559.037149
490.639571
534.377439
486.743282
494.035080
519.342375
531.432931
544.052109
536.518374
523.896541
560.057817
510.173141
569.060861
555.240455
536.883069
521.160260
503.660204
551.455195
533.227890
543.503371
548.776531
556.152788
565.405642
612.540367
573.743808
561.425135
555.549221
548.080853
573.413394
539.212967
518.890846
513.164847
535.329865
590.330694
593.576789
560.545073
514.500167
516.031142
514.081342
536.278166
497.696462
509.990621
476.052552
487.377371
509.847956
500.918974
544.071640
588.544516
590.159531
594.424223
514.991954
523.832113
519.720992
581.926220
613.409797
553.188421
556.980419
546.724222
526.438700
530.858067
555.442649
576.596903
540.574520
579.031902
555.735412
572.770021
549.309284
579.383373
539.720203
521.604881
541.285295
547.105332
547.466649
519.667811
498.779901
517.316649
549.162103
527.136136
516.950972
549.984635
533.773870
536.396471
544.735977
539.601375
541.604063
547.209668
515.638990
548.514793
557.786277
554.729621
528.775745
546.211375
550.634921
527.885121
551.305181
548.540805
545.494553
535.184994
536.818326
532.866204
522.136875
516.509495
508.275852
500.999791
487.183646
503.889821
508.860902
517.950903
506.003206
512.825142
514.478842
528.134047
541.210209
540.197482
545.067490
573.266486
553.601738
532.344114
531.027773
519.993878
546.449539
549.636592
542.329439
517.867891
535.718969
544.217264
525.916532
528.274853
538.414924
535.531146
593.121960
569.597524
559.944930
537.615225
551.301740
574.121637
555.720060
571.695362
576.508632
574.393254
588.752362
578.250246
543.195473
534.653602
588.076185
546.291102
543.747888
534.973375
566.729470
568.710274
552.635481
564.145268
587.860841
567.745380
566.016582
544.688103
517.530324
538.880290
544.470760
537.674520
524.670614
531.169625
556.260956
541.445489
533.555727
532.181274
530.270927
516.924864
550.288604
589.463124
581.743944
592.056748
571.375710
536.453734
521.910098
544.533586
527.293412
531.646493
540.881051
545.104464
521.957836
505.621564
506.699155
532.430216
544.254004
542.320435
541.865196
526.307604
550.991283
556.744911
554.932283
546.886535
565.741719
554.636503
546.527163
530.554171
534.640973
530.687156
548.787339
532.784845
552.911985
535.444078
560.292475
559.819383
552.616630
548.843217
560.614834
558.121520
552.884009
558.278753
556.967616
556.889718
552.915541
554.680443
557.577667
525.713153
523.082617
501.484167
531.311070
566.152597
559.569141
550.209815
532.618368
539.374673
518.242801
539.897500
521.975514
525.938401
525.187671
557.524600
547.427458
557.730834
562.121660
544.961060
546.963843
515.952297
497.087074
473.742093
514.817523
544.810918
577.038842
532.714214
518.964347
537.777792
565.827788
566.658382
553.370691
519.453496
481.572316
503.218733
497.365523
520.594080
519.367156
516.181588
518.882388
521.581166
505.938484
523.842836
534.672733
523.540428
547.893993
571.457834
568.152908
506.678801
490.747527
513.886125
529.452195
506.479542
541.408031
520.107216
525.404024
525.583871
531.290633
543.680474
509.143403
527.152182
535.867021
543.260560
574.982680
564.252112
568.177361
557.797734
542.963999
540.196736
526.510388
520.086165
558.118841
534.006001
554.472375
568.338353
569.019988
545.153726
521.239016
512.341701
534.926658
511.212993
536.239552
546.580735
519.960228
545.923339
546.137182
523.567350
539.305869
524.601069
539.726529
528.665007
550.722076
526.165963
555.138423
568.501367
561.457932
561.433946
517.951347
518.354984
512.770008
528.126032
551.190261
574.130460
552.077235
553.634311
570.306392
557.407683
574.135740
561.048080
534.116890
527.697949
540.544782
573.824571
530.949706
530.694853
522.461858
518.343235
547.961119
541.686382
524.645414
531.784644
533.908983
539.024844
533.281906
555.575753
574.616148
588.385597
553.468775
570.554211
560.586595
541.647428
565.453542
552.827758
523.154168
525.051737
530.858832
530.841331
555.635338
573.690748
552.748516
542.420168
531.170918
532.757172
497.338886
512.655724
529.830685
529.789509
510.320529
554.953225
562.990640
566.474137
540.316235
551.510365
546.537744
574.653696
573.476499
587.009418
573.284001
588.854788
563.788903
517.545149
528.838606
541.339250
553.681078
556.486262
522.923552
578.440823
546.095869
523.218986
522.513168
540.102472
508.152424
512.797904
515.097377
515.869254
500.540313
510.865900
503.637909
511.806656
534.356624
526.235636
530.776690
534.232849
535.280471
539.920616
573.163590
554.498207
609.930873
555.641763
570.327647
541.174496
519.237040
521.408907
536.979416
538.328213
552.219916
539.149222
564.771770
548.782112
496.322892
516.752952
513.585006
526.586966
567.561768
576.850616
575.240209
550.318666
551.717295
540.425811
522.801810
534.494873
545.892254
545.609311
552.021279
573.446027
576.359355
559.526799
531.677318
545.138367
519.507467
532.203402
564.053187
557.485013
527.325978
501.815829
457.204176
448.145989
479.123255
480.643608
489.704188
511.089718
544.498936
498.503554
504.074747
478.935807
506.512902
530.589079
529.544744
538.698159
524.683553
509.116955
558.632643
538.189883
535.385628
560.193722
561.187199
530.615858
541.861836
496.085282
525.498803
570.545892
590.480939
578.503739
552.361455
523.819578
523.251857
510.388589
479.000417
519.036327
548.885295
536.157167
509.068990
529.268751
513.113581
504.177003
533.306778
528.959598
518.905919
528.146251
568.266747
589.787540
561.654340
500.425019
515.479413
524.552615
504.180634
531.614329
564.351261
521.319904
522.855381
500.927926
500.632165
486.023326
516.932514
537.691781
526.611014
504.518107
515.098045
497.570237
557.269872
552.274494
511.249486
529.195021
531.379421
558.805746
530.244750
575.287824
587.932311
557.872110
555.016805
547.747353
522.464765
539.029414
500.636171
512.906871
536.113074
524.698645
565.187089
561.016021
528.395509
532.310581
550.753253
585.786706
516.440195
541.759450
528.127156
534.669209
551.126851
562.052860
552.696884
549.191494
500.526922
508.958665
511.793226
525.685673
572.574015
567.471192
548.839525
561.474632
574.557528
538.147968
523.432632
539.367966
537.855735
544.459547
552.234927
554.331945
533.611151
523.842580
549.835697
535.223230
535.517371
540.484836
538.992420
539.557176
551.265388
518.875199
506.883587
510.610728
511.649445
520.728485
561.911199
579.766775
552.316298
536.696386
537.757958
517.992099
552.773020
541.432255
531.771356
550.879963
548.384372
512.833646
538.845688
545.839954
543.069218
550.288611
544.313911
555.809477
552.729689
520.836922
530.108053
549.484772
552.704634
528.008471
498.336539
490.666264
475.090438
513.580275
488.354049
543.386170
522.262932
568.639711
583.654061
538.748654
539.334957
542.636458
515.114880
539.818655
523.066148
531.285945
525.585775
553.463406
550.184304
543.818265
538.086828
503.759575
492.768020
509.325705
528.855541
544.358078
551.135192
536.503791
532.589650
521.943611
519.300937
535.508391
567.269764
590.228612
559.524020
533.317042
542.392753
537.926520
558.794028
570.039221
574.880314
587.730184
528.817634
554.242698
557.396128
547.069311
532.079059
499.873987
525.003279
556.371634
556.852401
533.362151
525.768171
548.730198
560.178810
543.349111
534.361858
547.720995
614.944907
594.500800
562.750540
527.395771
548.117495
530.075838
500.398450
489.594258
494.372100
488.620044
462.786862
480.008056
491.860104
486.424147
508.993863
523.664689
516.501748
549.532891
545.156909
514.215387
536.471958
517.392652
554.751477
548.543913
537.212864
545.426756
540.739892
518.764192
534.161203
546.729696
561.432297
535.366119
525.676603
572.033993
556.883259
590.357819
544.356607
540.985711
524.968797
491.747729
549.994088
543.100841
568.792778
552.204489
531.869123
551.239639
547.049207
535.056818
547.282692
537.735015
516.640629
532.632445
538.663570
560.584706
566.532573
577.090165
569.482240
520.029199
515.285974
527.656716
537.664408
556.302797
529.090691
521.078219
536.240616
542.697912
561.095276
557.571110
554.422812
495.911145
544.643522
552.115399
556.905305
556.666890
581.637944
602.496697
605.981300
545.994211
547.296865
554.451907
590.174125
546.871323
512.134317
518.075225
550.552471
542.777816
539.286432
517.666882
512.464441
498.516723
520.159573
511.137481
520.253271
539.463496
499.174867
530.429385
521.768738
503.917228
508.525235
516.735266
512.804508
481.153821
572.490972
577.606646
508.532072
546.400924
548.882793
536.678032
510.456432
532.125169
522.348414
552.576949
550.767628
549.889146
539.293372
530.596228
516.883803
508.298285
513.969677
506.864430
538.704670
528.269139
549.743119
509.638611
566.184320
559.985203
564.622041
553.574250
563.902575
564.701143
564.994843
548.081955
520.053829
563.841406
543.549054
568.570790
557.170912
543.653654
576.872925
581.004903
547.844696
537.484334
544.421624
578.522027
540.070290
542.733475
552.944660
546.841937
564.357100
569.964877
550.464506
548.062616
499.144229
540.284712
503.914818
537.138575
563.832596
539.182020
562.488996
541.055050
507.714838
510.085909
518.077283
514.522551
493.563458
510.224239
534.970069
532.557264
540.207019
560.944686
548.599949
530.156559
552.755930
539.523674
536.650447
531.521954
531.464733
569.662425
561.869303
566.423558
510.927664
509.314949
505.590490
500.099193
505.755265
495.577550
518.335400
478.448984
456.680026
493.260488
511.945705
520.360041
559.797028
566.917909
575.894320
566.260028
526.326159
545.488076
572.613834
550.962140
581.647072
555.056410
557.130530
559.832547
526.809094
577.244431
561.925397
529.997495
519.913908
542.915323
534.507603
542.240058
540.194342
548.675049
557.364302
540.533437
529.012349
527.254765
522.849815
509.061082
504.524567
502.977415
495.374240
515.472754
518.584322
555.688165
558.340260
505.840963
492.910137
502.740159
547.377383
541.623092
556.982160
520.898559
535.377365
538.176699
507.893166
529.200181
541.135007
586.731053
595.873322
566.671824
550.904087
575.526976
547.483176
558.737205
494.902496
521.976297
513.253587
530.542800
500.065858
523.387355
525.451858
532.204091
535.947826
570.840562
559.958208
554.001417
555.616923
532.859855
513.005466
512.820435
522.921002
515.256398
510.696682
530.730853
530.526386
521.104003
553.706775
561.923330
567.410497
559.072152
559.224792
570.670360
580.374262
553.342831
545.046939
577.974767
571.528983
582.974011
539.366507
528.592553
529.661270
533.378039
485.345499
504.803815
517.038365
568.177509
543.191099
524.176076
511.824489
500.390039
495.134957
516.491592
537.191191
531.446422
509.215751
524.638224
515.475267
511.470807
534.302658
546.313006
541.059145
553.089981
565.455493
572.483943
539.172932
537.369003
542.787188
573.117503
529.891938
537.274751
518.820188
535.178127
544.860034
560.277390
544.553135
550.350681
554.217655
530.585943
544.795313
511.232600
488.584897
498.761148
527.580972
507.461172
508.977165
518.554290
518.372301
526.400826
547.735524
543.613819
544.339654
533.221693
549.809525
484.049609
504.763081
538.982146
533.855286
557.765760
569.298972
540.601418
580.367952
578.194508
545.332927
532.605020
555.127146
543.823242
560.946062
565.238936
545.583912
563.892095
553.232674
561.634946
558.377838
539.252155
539.393628
567.450606
573.356696
568.596385
590.176104
546.536921
541.908353
537.321004
616.066966
534.991447
516.227399
542.105429
573.274647
554.432873
547.999418
574.786881
561.232245
506.458344
545.927028
565.898841
584.577221
574.771813
590.179872
581.215388
585.348587
599.370083
542.682571
521.336611
520.095952
521.962685
484.125890
518.179703
527.920845
572.787291
531.141749
528.156502
498.495146
530.859965
550.950794
547.329249
559.083406
498.634841
499.709300
513.327658
548.603802
564.107587
559.378231
532.135487
533.409709
479.980865
509.072861
546.796385
536.938643
568.259832
550.471847
566.689283
551.116646
546.699693
546.902441
556.144838
579.302978
568.137357
562.287996
559.051344
539.745835
525.846189
529.777000
518.910550
497.568771
533.429278
551.870629
506.064294
547.757492
524.184941
554.163126
552.275034
529.867126
531.397712
549.488080
540.170595
545.395160
513.880499
526.883677
541.977255
541.268555
510.482134
504.641512
539.255757
529.827258
531.420156
524.008931
545.403184
519.911644
510.193678
517.094884
544.656038
543.813607
579.981649
535.162692
532.927714
517.605233
554.041612
568.238074
554.037522
547.634151
526.459659
568.825085
524.973003
535.061973
564.162432
546.336386
567.538311
578.830824
563.015531
572.704637
567.071140
571.795148
558.118046
543.812948
562.039433
511.600422
501.205814
514.708950
499.186718
498.703962
523.599197
514.627020
523.756765
585.475386
542.637895
534.002356
544.529702
527.321494
568.713894
571.276594
519.998942
538.548084
534.308368
560.388621
529.748752
537.733486
519.878780
519.545435
512.814254
507.829641
512.423534
516.169309
558.685314
554.763775
567.306732
558.849741
580.275672
572.262257
566.974948
538.337737
538.911561
528.715202
519.963088
554.610745
560.839750
552.406918
545.022927
513.100827
573.146921
563.362543
504.749896
511.118928
524.431157
506.032608
535.302421
545.413244
537.354145
521.873086
515.574498
510.030909
522.375865
540.190949
504.029455
550.286641
543.473765
544.259526
538.517997
541.719179
560.154504
534.386038
518.374029
536.881605
526.547351
543.690792
519.715826
507.053777
498.686020
533.679246
527.662705
535.699562
532.540482
517.696792
549.969489
538.778226
574.962813
516.412309
516.151932
532.968770
499.735594
512.725098
510.337925
508.702027
528.635608
521.500350
547.896669
517.406920
507.006812
513.260177
555.119771
565.832429
562.367837
552.909375
564.042785
530.367025
563.374158
533.643339
496.384698
528.545038
536.114866
534.294268
536.316797
522.119103
472.191727
500.979661
495.553020
530.194649
526.569617
539.891980
544.781435
563.313861
571.541339
526.912515
527.175640
552.216745
547.200980
577.947237
547.608626
533.886923
548.326076
527.918603
532.094756
562.886944
545.967807
578.784202
584.068563
578.960902
586.495790
562.868809
547.057730
564.055153
554.371112
534.503789
539.298019
574.216593
581.879356
549.860446
538.042714
528.773338
509.467743
505.781508
540.399985
525.373856
527.346782
527.775720
507.902969
550.649760
543.513098
547.154962
533.640065
510.305672
479.409064
493.397902
464.782607
450.708659
557.217864
554.797992
542.013777
567.928808
495.253188
487.332474
512.439362
513.226162
537.270959
564.212531
540.238447
543.180487
567.351822
496.686437
520.434682
520.671791
551.680845
574.580071
589.887488
585.203752
545.917255
520.369108
509.325817
554.248544
556.258503
540.251492
533.904334
552.123438
507.802591
530.408147
554.735332
562.294800
543.778980
522.111109
518.632099
558.259548
536.550187
557.276456
540.676574
576.821112
558.094886
541.059951
544.439707
518.252300
527.184815
537.872713
525.648091
540.890616
508.905324
513.723368
518.245653
531.816870
527.200180
528.439606
541.780747
530.296560
548.637379
551.497504
533.755390
550.076860
557.953420
559.005157
545.651747
549.246331
542.269995
521.229780
514.089482
503.160372
554.268371
560.924505
531.734159
538.678261
531.805376
552.517662
541.405130
526.457866
545.783005
530.148900
542.682617
504.779283
518.886494
537.385133
587.920266
586.331480
574.579186
573.447183
549.150211
573.808192
557.534083
546.369328
555.101212
510.350216
485.137876
495.420067
515.160014
547.901188
562.540659
567.030884
537.043293
549.204429
562.620447
560.117743
563.431716
569.947659
539.448695
564.243632
575.137676
562.660031
561.405214
554.922226
566.139821
554.130166
547.003059
511.330659
574.749633
573.640456
575.454894
566.233624
517.703887
520.775076
526.395897
552.661255
548.167536
541.377034
558.686003
546.106736
561.678312
558.501952
530.307624
490.971770
518.527217
472.719084
475.937993
481.172491
522.071785
548.854649
549.883581
565.542199
562.434561
547.852156
529.685451
551.351876
529.640251
573.769900
549.389734
543.044714
555.525950
538.805370
545.797995
526.848287
569.434275
542.112252
536.751640
488.982410
490.576138
479.525235
494.473996
516.707587
532.407892
549.017302
520.578390
503.287629
544.907164
582.801572
515.769036
512.683064
532.714068
533.025557
521.712945
554.898408
554.212557
526.179798
507.753947
542.628690
561.967771
578.175542
605.519503
586.455668
568.117533
542.875401
539.812285
558.689250
535.616631
529.696191
512.130353
578.433371
588.710136
536.509320
559.628648
557.439892
551.150639
534.077594
553.000556
576.347062
512.124367
519.854601
459.520575
500.860998
483.667046
499.361283
495.053817
550.581486
539.027428
541.134823
535.772367
584.165148
537.546111
559.601053
519.521416
507.259557
515.795170
539.155880
548.400419
543.198204
531.068470
522.159313
531.642228
531.708890
533.070723
551.799977
568.980258
552.942777
549.720556
571.709945
580.845737
606.348050
537.744413
521.637903
506.009414
513.019642
479.263499
464.186050
481.315100
516.645003
519.151690
500.398562
534.054674
558.389777
562.630242
586.016643
582.163090
561.701529
591.080924
560.028665
594.279468
543.964924
540.337180
568.395241
473.906797
537.037865
533.171298
517.329371
554.780756
580.447472
563.686767
531.728000
503.756999
517.750266
518.275520
523.549155
523.031075
510.599249
507.918837
488.851801
482.625996
512.849743
518.208325
569.130596
526.442951
526.354888
513.656205
533.240741
541.511469
547.470485
556.131190
538.464158
534.233022
510.814440
527.117286
499.367165
499.839416
525.770342
507.284294
534.506001
530.983045
555.583064
535.068887
497.076485
504.960262
488.825099
517.693088
523.738070
480.650244
468.553322
490.026728
501.175494
538.045888
572.056752
552.304954
523.996095
537.471450
530.838301
536.412820
540.057571
555.437555
567.633272
585.157740
540.160376
536.399277
501.561800
552.162697
534.220518
518.434143
502.356039
515.920596
504.046879
506.356217
502.916858
558.214003
539.801156
553.450346
555.423972
549.321659
507.396450
498.052607
497.753199
518.414361
536.747803
590.919932
579.685766
569.578349
566.746169
536.370862
544.275242
546.541716
563.908917
551.171404
545.180870
506.034346
505.584215
540.305604
522.097838
511.012118
515.251161
498.193584
494.503412
495.107876
493.640704
517.676209
551.375936
542.003732
559.098020
539.271111
558.226496
571.897778
564.479476
562.997238
557.821299
548.007641
544.865505
551.159671
541.972710
519.209143
536.035879
531.190935
551.425111
547.623952
537.725887
507.571106
537.132679
571.622140
559.378808
560.678242
572.363236
544.899719
519.905960
534.308789
545.319588
613.292093
572.170229
565.000307
582.843553
554.133216
572.277350
560.824064
579.422735
576.431439
560.126056
592.388620
553.665646
585.957713
581.923450
564.164405
571.935948
557.928752
551.712932
545.716782
566.769483
577.789231
557.496875
542.098201
504.549858
532.301500
546.990670
564.065592
562.249586
546.706706
545.891972
528.369905
524.442227
560.349546
547.784500
535.210133
538.621475
539.300581
539.501233
497.615165
511.574504
497.521556
537.299006
535.973534
553.907915
559.410187
550.350699
522.677725
524.686701
516.305189
559.208599
556.321996
532.903603
538.609280
553.692385
564.178063
554.972001
544.439997
538.684978
554.824021
546.231095
557.144251
528.004981
494.868848
550.502438
544.961035
580.995556
551.549031
574.797039
555.200401
527.036216
516.798730
522.524378
504.240321
508.656131
500.910919
526.494563
515.741155
514.288315
527.659552
540.280747
491.601166
502.497199
537.089505
541.806686
559.135107
543.794879
533.132940
510.338135
497.780300
557.449009
553.143132
549.065446
552.503395
536.907293
586.215645
582.278564
586.638445
597.407926
602.769784
592.491349
595.218473
531.875682
527.999425
544.231907
545.452606
586.521026
579.694401
523.846822
545.295149
536.467317
519.871736
522.095123
528.107507
496.541371
540.498534
533.640673
527.333343
553.006125
535.300111
529.465474
509.804042
492.742643
522.331157
540.284299
537.054373
517.108116
525.821894
504.652166
512.135128
491.936718
529.983042
537.113061
552.968226
566.430464
558.879395
570.176095
547.853294
526.107719
551.423259
565.435330
566.742998
551.170925
542.451639
544.945477
565.959906
530.148209
540.631393
532.665104
534.766776
542.096897
542.552729
544.767579
534.915639
524.389531
514.556405
533.230488
527.748456
536.861864
510.353552
533.784141
498.590820
516.026389
564.431257
531.235341
524.141789
531.998707
534.968337
525.287764
556.215346
571.236081
585.971715
602.657035
582.125840
596.640328
540.810739
553.042027
590.346412
555.933842
528.276045
513.834102
481.311198
495.818777
522.628717
548.098276
542.745581
539.902950
509.460055
545.755897
566.012871
536.458866
541.253647
561.797590
532.069113
544.593118
538.635032
509.851270
521.497939
526.865510
578.667670
554.581947
567.148141
536.325194
576.495211
580.900110
567.730221
526.312158
514.585327
508.169302
524.631551
549.453204
555.127088
550.325863
563.614049
540.168571
541.379701
525.128735
539.989894
501.155357
524.184286
503.673352
517.089697
511.072637
531.466139
536.564117
528.367828
542.405573
537.687291
528.916160
524.902608
539.539036
521.032725
534.745307
535.426763
544.024016
525.390602
546.286173
513.996812
544.841462
589.186758
555.808064
555.324265
538.170776
527.624925
512.511392
539.604816
563.494081
590.915426
557.561001
553.892505
551.429690
539.078756
524.795854
529.903279
548.455565
556.921597
538.358011
570.337946
548.055736
553.192378
552.631240
536.941512
503.919328
484.596177
507.640618
528.955793
560.245530
534.636617
535.930831
500.489330
514.974507
512.754082
490.817880
495.024793
505.555185
522.939925
548.368408
534.101741
535.658653
510.221112
519.804805
517.548649
545.131485
545.812509
525.573649
541.443331
520.416086
530.962977
533.166859
521.721147
506.920370
510.648202
509.709888
541.931552
550.710036
529.144269
524.367330
504.507131
492.634018
519.932882
535.222539
509.542870
525.583061
537.403207
570.066842
540.749151
555.416747
587.366039
568.630189
587.652053
533.169110
549.202992
530.521975
557.112202
536.430598
534.831660
524.039132
532.833530
546.209632
552.217303
531.624023
547.514465
554.734733
539.563980
534.389592
540.862305
560.007060
539.757145
529.975511
548.695629
537.630417
525.627417
560.926731
523.221525
522.100359
501.867994
519.372704
531.965210
523.853912
538.238825
522.133950
454.476342
488.046242
500.160781
522.991760
510.385367
493.787038
551.153702
579.245405
552.297673
569.891606
530.188184
543.881850
551.768836
539.341192
522.308205
546.031512
540.387778
513.493141
536.827565
541.482866
569.481295
581.810414
564.096861
538.784716
548.258808
532.908846
516.110982
521.965618
490.308771
515.358667
527.091794
499.922562
513.747526
536.009361
525.591204
514.572853
560.225685
570.357637
575.062992
539.317959
570.660028
521.885462
523.489592
568.788633
571.882101
570.013157
551.144039
563.618977
562.153224
532.465920
571.153508
560.355598
559.357204
532.906091
553.548593
543.083154
515.737933
499.013433
514.917452
511.744678
467.745389
538.105484
536.420000
508.307059
531.562231
559.010682
565.430000
570.382541
575.835344
574.065324
586.113607
583.198794
586.052510
555.252479
541.321998
558.436555
562.631702
538.513921
543.760345
581.980324
572.310769
578.429000
562.455888
531.232744
522.084060
501.636345
510.541879
496.295012
483.286455
505.446214
538.367691
541.996654
552.652191
552.493060
576.612870
540.105432
526.884632
533.958065
534.825365
539.472531
503.944179
529.464876
538.068629
550.661492
554.651133
556.175385
555.221979
534.199579
540.190428
524.483091
536.397748
517.651605
546.757090
540.107800
565.042702
565.002426
562.130809
562.601786
520.108048
500.710436
532.238868
538.269409
516.792532
517.687778
539.461028
535.382927
539.987880
510.417770
526.938230
521.425589
526.770163
531.033177
555.463037
558.106938
575.817681
528.840775
517.903503
509.772566
537.290360
533.502876
540.672696
527.651113
522.601611
552.531085
551.599832
502.609359
531.903603
532.811869
548.680253
565.300710
572.490462
557.639808
534.026539
552.157583
544.833278
539.076868
530.018253
526.290649
517.599499
509.315263
529.292539
528.103109
522.579948
511.184310
542.572645
551.528417
546.048805
495.212487
468.746356
493.197040
540.005329
570.246314
576.761844
552.926003
572.028751
570.620344
570.061758
595.318518
590.806121
571.906580
567.685982
591.236411
562.950357
560.525735
518.223228
535.859900
529.040699
569.640496
540.040383
532.077928
561.999222
548.934425
553.757641
538.895402
551.321266
574.690947
537.043140
527.764897
550.431713
573.282389
569.256133
515.011617
520.269262
516.218505
539.200787
544.283028
554.876961
586.492876
571.091106
551.016847
538.775568
566.740149
555.679514
556.683992
510.924993
491.239590
540.471663
497.403079
484.218029
518.440603
519.207806
494.629865
496.825893
508.989712
575.247833
556.929965
534.058117
604.841916
570.264153
559.432931
572.028979
580.043110
598.100559
602.212032
554.069300
523.364464
527.088935
542.319995
562.893094
515.900530
552.845150
544.279164
542.315858
513.212914
512.711851
530.805516
530.295500
505.038979
534.754593
522.493903
509.932077
533.122453
540.334995
568.469175
557.024821
557.156668
539.048702
540.162066
516.716404
530.801465
519.990370
526.081657
525.563295
505.539813
517.570100
567.444538
520.173499
546.517765
536.860443
517.277705
508.008779
511.434074
537.787672
531.528169
537.412473
484.781952
515.964393
527.396572
524.389545
512.822974
499.429420
496.958406
519.850740
535.320051
551.170396
531.942923
507.908005
522.149239
548.494294
519.030054
542.929053
534.867026
532.794393
556.498364
540.875948
542.598150
564.394097
531.945243
560.675323
575.496781
568.181056
572.089779
534.567662
542.530780
520.918838
487.732751
490.957852
521.161089
547.892934
535.347416
556.419954
567.026028
550.468057
527.272959
556.403904
520.424224
515.845414
495.789127
521.606326
548.996035
540.228222
569.273767
588.429013
558.701873
529.894501
528.744252
542.610184
583.614378
603.020752
570.344009
595.969821
562.224949
531.331080
519.804182
518.527952
535.962214
551.179355
534.823531
540.227733
520.040478
515.882964
496.544733
499.021968
511.631299
489.953310
516.766572
544.728843
543.086789
513.223562
523.126947
529.463381
548.468772
537.315601
535.754907
540.331340
533.765588
567.917132
559.681932
580.744924
563.141821
546.098816
509.017582
524.700490
527.404528
507.982854
529.144936
505.146468
508.539014
511.002376
536.550116
547.700722
550.889719
532.398430
514.904006
537.657701
527.039481
535.143834
552.460731
533.016129
545.668772
564.633000
586.145124
552.035903
549.027421
521.141487
520.548567
518.763096
516.854686
564.235384
561.456011
525.761955
533.824397
523.777079
522.353464
507.190445
474.988239
486.676424
530.218011
517.359906
483.794720
531.149834
520.764678
522.289228
513.106019
531.048896
561.132267
585.841986
542.645073
564.483825
549.237368
576.196528
565.817159
531.876577
527.547259
489.519951
497.639635
504.330200
524.009101
520.373951
535.235450
531.490745
563.827303
521.448205
521.914066
558.363599
554.987694
536.254601
543.563409
535.277743
535.946591
574.468689
611.732685
555.727986
554.703778
538.849519
523.125548
527.732062
548.924782
555.291223
522.370577
549.003287
543.731301
560.359072
546.847209
575.448883
547.012089
543.860143
548.459886
571.763859
556.268259
523.921772
528.797669
547.324764
588.605439
560.056788
543.308584
565.442908
551.579716
547.377416
515.413929
532.040816
526.018414
527.890616
534.810166
530.190785
506.171515
558.249628
549.097523
546.500146
530.337762
522.231850
589.377574
558.352193
592.478725
537.390460
547.363674
591.631432
592.505606
579.477697
599.150328
562.051478
517.729282
574.965769
557.754936
560.415312
530.764215
561.080282
545.374153
486.129339
500.105724
529.534390
515.856329
561.707256
595.554188
533.114947
538.912229
523.625762
533.463063
521.156639
526.506664
519.094821
514.743023
505.807616
499.835223
512.459604
489.798577
531.498929
543.758686
524.693000
527.365728
497.140610
520.173022
570.244200
524.814325
533.069205
554.895018
538.479674
548.783233
575.752457
551.625890
544.305943
564.319538
576.420284
557.434050
563.918015
533.908608
517.668955
527.180979
533.300506
552.659997
536.403600
549.872622
579.541810
568.989198
569.757304
569.965196
558.682453
546.503622
518.248849
512.482795
543.366675
536.055902
552.319241
526.240293
527.350209
529.908498
574.264330
563.809509
573.960572
567.448459
586.477037
532.773977
520.097611
550.877238
497.588254
558.819151
564.323183
542.873069
550.714379
524.662322
504.075822
519.055084
567.517182
566.296467
579.730106
577.854274
528.619899
547.803865
560.820696
557.783019
565.903853
565.850282
575.820522
532.544152
507.907659
547.321071
539.269137
558.157456
553.396723
553.112006
557.747315
521.473130
494.252730
498.418129
514.353151
519.038142
543.139837
555.413573
555.706031
543.195886
523.813083
528.864192
536.973194
520.018585
552.602434
537.782237
524.892960
529.445359
554.285327
557.049092
515.883175
540.849064
525.629215
582.643843
542.488054
554.708672
551.256258
562.151151
546.917514
528.549100
521.046185
573.839859
569.125741
577.088970
570.389679
580.825187
538.474700
512.040946
503.439811
534.530760
534.359069
555.206087
523.488418
521.084908
535.427953
518.670194
527.495926
536.653215
537.385405
516.241312
516.360513
555.385796
513.519979
517.771073
510.204676
588.541426
585.972295
588.638054
566.581596
540.092918
508.116629
537.207095
507.235380
531.032503
553.177937
549.990566
549.667623
504.940366
507.636490
502.380573
517.871567
520.845690
543.152520
545.982371
520.420366
495.671535
536.304922
518.392520
529.856627
521.974810
517.738723
534.222344
559.752972
529.960009
503.169955
508.947568
508.104377
484.791697
489.685878
494.205496
506.129058
505.988739
519.122821
529.445806
543.144323
576.643426
517.975305
517.732980
520.366230
507.331288
493.010573
546.811477
563.590905
540.740881
529.523107
494.209803
512.129783
497.679504
517.009331
536.998125
527.935085
524.230529
519.505077
520.036978
533.172937
535.501032
538.442030
524.285312
519.767186
537.209927
501.407141
536.941557
539.219276
585.799055
554.257048
542.730518
515.278651
507.793405
507.899148
553.670951
517.714228
488.033797
508.194483
525.554290
508.065724
491.491707
523.644949
574.782442
616.986088
574.406877
580.325178
568.618033
553.652540
561.281696
553.984428
513.489674
532.635022
541.143070
541.440529
503.868133
502.789058
532.747389
536.555332
521.545463
572.163006
515.135373
548.527245
506.527473
533.090102
547.466128
555.904698
526.190472
550.572109
523.233707
520.802339
525.675322
544.696076
543.517491
550.991753
593.593322
575.373270
554.993563
596.914111
553.025042
516.248797
533.202270
534.636590
516.892895
569.652726
511.216760
515.649029
514.037020
518.243409
511.520211
522.150942
518.720316
551.354469
543.578512
520.931959
512.571385
553.228518
567.880520
521.150077
527.801200
547.789909
535.089004
507.834838
503.804255
540.872649
584.737431
571.792598
507.606858
486.687535
502.913508
511.069754
512.656571
546.718849
541.518675
580.818759
565.788366
557.807821
539.760208
544.073939
557.924705
532.058371
525.598554
541.666053
495.611226
498.008034
527.931463
518.659099
521.240384
521.518150
504.956576
498.211375
505.538982
537.175014
534.272952
526.335456
520.611852
529.201787
521.939259
545.381598
498.121098
498.312637
518.755637
532.254269
543.953044
534.684173
562.637325
539.050257
550.625449
557.990852
609.191662
551.155568
568.451375
541.162107
573.246187
576.240113
568.749524
542.581601
561.262264
528.052134
504.131389
488.369552
525.678141
474.125230
504.875070
470.324466
500.666144
577.420023
573.325538
532.404768
565.795776
546.785455
569.094753
560.878459
573.131091
552.743342
535.131677
483.537339
501.134844
518.824271
519.088405
529.768887
531.746908
524.632556
531.760762
540.008382
521.776205
521.247135
507.913203
505.547850
547.174249
551.135735
561.589954
551.991232
549.544377
557.343692
577.223050
566.422434
596.528777
582.003150
560.699593
551.719544
555.252483
571.875829
561.757408
523.911478
521.268799
522.951593
528.219024
530.076899
525.030849
522.248677
520.899067
556.290193
554.714676
527.869615
565.380595
582.613444
557.869154
598.735599
587.856169
543.329432
536.220116
548.514140
532.935609
494.544939
517.651239
528.911840
508.770778
470.682037
488.272584
525.156624
496.979256
456.445097
460.788125
504.869863
551.935206
541.100714
529.379892
542.261556
561.396900
565.503317
552.490646
548.158873
549.081600
553.945111
582.652460
564.115996
546.193366
542.917167
526.546278
520.493409
538.583213
528.518008
522.703629
528.622746
540.930044
523.693638
554.169772
542.964630
547.094730
543.722116
565.056079
566.785752
548.934606
562.237144
523.225983
553.166217
510.274497
541.743854
596.710982
602.678460
558.974135
594.694963
567.281327
556.471937
520.030679
520.521964
557.173288
517.782299
504.496831
534.496485
528.637966
541.095464
556.035848
550.459314
551.911566
514.967238
499.569261
509.503263
541.715086
539.843358
519.621397
516.502929
532.791655
543.099000
523.028090
533.793109
545.781362
576.009049
548.622415
556.845400
567.758280
567.183266
558.439477
574.277535
546.361073
558.122100
590.190858
571.589313
562.326697
535.081310
513.369330
526.479560
575.312916
559.931727
572.567409
543.750557
532.135422
538.158082
560.340145
570.503241
544.560101
537.812325
540.207204
531.176156
548.466486
532.176956
557.983954
564.705500
559.062452
534.039168
554.323495
557.786415
559.956270
573.474423
538.686251
547.681169
564.368116
564.174535
536.555203
542.066969
535.724076
560.078716
556.433764
562.371243
559.142719
544.474270
538.784551
590.954922
517.562601
540.995559
586.157253
569.595556
550.199561
536.987969
559.130506
556.217259
557.593929
513.229973
519.359248
536.436840
520.497204
519.829878
495.340592
540.256399
562.385786
588.024844
564.467427
523.715751
515.112580
498.491777
530.859203
512.193172
530.144435
511.704293
513.752882
521.635986
527.088517
540.052909
552.854370
563.122230
506.991385
549.090768
516.985432
530.151591
544.737906
526.188063
527.419362
545.383167
568.177036
547.961783
508.309763
503.397734
498.400005
494.276967
518.884831
544.050406
540.466992
544.275788
536.463795
553.532508
551.040754
543.242166
542.668619
501.807407
514.098913
509.641403
516.289436
519.567300
538.560434
545.409424
560.220955
591.958656
582.143140
565.335824
562.890457
586.999102
561.872302
560.393955
529.033025
572.524604
536.065332
526.246633
524.251901
506.231253
501.808163
553.631476
512.794408
516.767474
554.192818
567.719975
551.962332
502.673113
494.461630
488.664392
501.313867
546.731547
554.568333
559.241023
555.757030
544.014780
566.430289
560.550886
509.841133
494.362992
506.672262
522.900783
551.224037
529.651133
530.493343
531.308301
568.039067
554.183277
532.984781
537.948750
541.756894
563.921447
520.423286
528.166896
520.143534
516.337630
527.454826
506.266478
536.115127
556.656768
524.815496
528.191017
517.726422
515.977778
565.275529
532.764836
516.936901
522.316504
506.416862
573.209140
574.489652
548.436268
545.673291
556.783733
546.209986
545.144141
530.639740
542.661287
541.637472
547.408049
564.760946
570.159768
548.356539
545.083511
548.153335
541.400492
554.175423
547.922133
532.484305
529.026435
548.850853
498.846767
493.293035
494.018637
530.861919
541.488822
549.341697
547.542904
562.154282
521.203189
550.626256
560.021583
570.903305
519.611949
551.257765
550.413123
553.651183
559.852494
552.726942
516.775085
503.364858
513.280183
534.194371
569.654053
536.338685
534.513579
487.418160
501.026778
512.221483
515.195421
523.866562
552.303277
531.718193
552.585074
557.787932
609.104240
567.812147
568.144666
583.866267
555.796675
539.201572
526.002230
576.549758
604.645151
567.254415
544.956440
554.783822
544.870076
524.832058
517.442723
522.933589
490.905258
501.373447
501.625318
532.508755
530.926129
539.534946
516.133458
540.966511
496.977173
492.531553
536.553908
573.871153
543.261250
548.048495
549.880712
544.826547
560.353786
546.970392
567.450148
533.857291
537.191435
521.438564
559.986790
564.908810
574.802843
550.836273
538.144305
532.871969
519.147750
524.916995
569.042663
604.647127
590.590919
596.584387
542.994461
530.137926
527.955771
544.107448
531.447488
539.704468
543.969098
528.646156
556.943935
537.340383
543.273576
517.624828
543.775370
493.732743
505.904496
519.914845
509.724469
515.687414
520.371522
518.266861
515.843154
506.595612
533.527242
534.735770
564.294951
554.808510
543.675864
526.376638
505.035429
522.458020
506.624932
508.468846
498.079642
505.348188
518.363264
522.463904
524.554902
543.213763
549.286439
598.976572
556.470884
549.078549
510.284810
526.791251
573.301644
545.203306
546.030561
545.900422
575.298857
562.068052
594.277061
570.542071
580.268760
557.365343
558.713107
525.367100
573.996312
577.100751
599.041481
555.882671
551.433170
516.105845
562.770579
558.715866
519.009215
528.746504
544.316403
536.683874
544.650690
523.073234
504.679841
517.598432
512.711183
513.208684
559.084052
584.716251
515.997580
519.326995
568.908087
540.608522
515.453912
516.185209
555.821564
511.813979
548.357144
540.790677
557.056860
560.241874
573.842968
555.102985
507.569674
514.230866
545.315306
528.602259
539.320761
535.527117
509.109703
511.709493
489.607732
478.182102
488.949750
517.097244
549.729853
532.150761
511.430034
514.126136
509.793983
540.801388
556.655360
522.736286
525.116790
524.607113
528.075971
576.510600
548.915200
547.167978
530.598385
565.119833
558.823507
547.187092
560.901612
551.307295
520.922351
509.996561
540.067810
531.241569
509.007886
514.498983
528.654345
531.445941
504.060477
532.056893
537.910061
577.897643
578.654839
572.934131
566.137033
548.826815
535.345717
564.243544
521.150364
511.156153
535.776331
530.994966
570.292852
545.932999
568.337613
525.380983
501.234136
496.239977
548.078973
533.211619
535.081580
497.709436
519.748683
530.610302
510.795940
483.216063
489.674389
519.711077
532.659973
533.548505
547.520060
559.336088
552.141610
485.263491
508.793936
536.246178
542.105697
555.462342
507.563270
504.904387
526.848215
518.614784
545.958863
565.032173
545.543488
536.827535
582.679641
563.589767
544.813495
567.891278
545.561870
517.653217
560.340136
557.403070
578.095521
613.256233
567.702752
554.317632
531.130317
556.128338
574.681799
556.246784
569.324897
539.771494
541.344782
539.268169
543.069769
569.976259
554.682055
554.690119
524.078542
567.430407
587.431793
569.676203
537.916861
511.176147
514.975918
523.491689
551.919798
572.162831
585.248730
572.526463
513.976947
509.730267
535.451381
518.885940
538.985885
555.475000
565.279145
545.578607
552.684929
558.031674
567.715095
553.943770
536.179888
547.979083
515.345312
501.625652
506.305192
514.986138
555.790714
575.490783
588.879547
556.872362
493.056467
507.381124
508.823258
516.877583
497.763155
500.944046
544.208750
540.591567
479.200910
529.633308
547.166683
533.451460
539.820391
538.658512
523.459484
533.252962
509.028376
539.653884
544.735947
527.099022
536.552824
525.158694
518.279694
525.796023
531.266942
535.530420
540.561573
524.776183
500.752611
487.019683
549.003070
531.950410
536.238571
528.390015
564.026617
542.630450
582.909184
538.876599
551.604324
585.612141
599.327278
598.394177
579.591043
558.140469
568.236314
503.309597
494.731627
536.995900
572.831128
556.539303
542.769118
578.479484
568.948613
543.996567
540.520205
534.370415
534.541549
525.677387
537.974911
532.742683
522.700878
537.784798
544.459854
607.930725
568.845584
547.778008
594.400083
597.625270
585.910563
555.901917
541.354123
569.761213
523.434297
524.495457
530.908537
513.716030
497.959030
517.441005
517.679305
520.473324
495.325954
510.647636
536.463778
503.908539
518.683729
545.465831
518.726171
514.760367
581.112269
556.448021
541.865335
512.153961
550.528300
578.372835
544.202965
554.409286
524.837312
510.995670
497.770303
506.601509
533.995727
508.061445
503.390526
490.149704
536.867500
535.556610
499.723540
509.233457
530.772835
549.455144
555.509973
512.773470
525.841309
537.949079
508.696754
546.474187
537.565824
527.533633
518.214086
534.976364
532.286931
529.437651
527.251452
519.292542
525.383112
517.808281
506.756673
527.175796
511.993102
550.283237
548.955592
524.885387
514.709734
505.879646
544.865958
536.013744
536.363009
533.907297
508.399412
499.552071
488.512600
549.909548
559.339689
559.814482
555.229530
549.903864
589.155519
547.651879
560.284957
536.160815
484.165683
495.090339
525.828838
538.834631
515.612287
524.200781
525.010445
557.825414
543.789593
533.857528
564.081281
566.687264
572.655875
540.188869
543.007732
578.868409
572.041508
550.399265
528.185908
529.421287
574.700466
547.766176
527.248789
526.061686
545.848911
549.239309
517.005863
535.715052
526.819938
485.747225
500.251230
501.259960
507.779299
513.438227
492.699217
485.629724
517.607728
542.250335
552.287010
567.820738
561.898548
558.385324
546.077264
519.895964
581.160675
569.764858
600.574604
578.157585
595.718086
572.727216
596.546064
582.579759
551.518028
568.267005
571.743000
540.653214
513.083698
550.264891
546.973365
530.415491
535.727597
545.002859
556.703543
517.099003
538.984113
548.549387
523.778315
551.480655
532.362174
517.224459
495.901173
520.278832
540.232166
522.562581
553.282131
535.621435
534.905580
560.649136
521.329264
523.339018
556.124288
547.309600
539.269422
554.230073
520.297834
511.075336
504.126133
517.290290
525.839706
596.330011
570.377514
582.584826
591.054842
586.415311
571.464871
531.529960
531.089768
536.687092
552.335933
552.926570
540.546698
562.368326
586.482351
591.879771
532.582106
571.748602
572.638591
578.729621
567.095990
587.060190
555.588499
519.080935
520.308634
545.047627
561.581520
574.926178
562.589480
567.032901
569.885243
535.745640
535.785245
511.772678
517.991736
557.513723
543.841878
591.788142
574.530220
573.982312
533.155788
563.397891
584.546285
557.021705
538.276581
568.318475
566.407857
592.905354
561.132621
554.323518
565.476567
570.993141
556.149639
565.861811
550.323508
575.753251
546.501606
577.982698
517.609654
480.744062
494.226653
533.580840
536.660863
531.771683
535.972725
549.239708
545.958573
548.238424
535.939168
520.450708
501.369856
517.820952
490.158133
508.526041
539.022754
550.818503
582.231552
579.003635
563.757088
510.918503
561.653228
547.330198
567.672409
561.527709
564.504853
564.683776
572.035360
561.090879
541.593700
532.430589
536.278322
555.047021
579.811623
566.085448
540.129436
523.085858
536.232720
514.171038
496.205719
529.838532
546.013931
565.676176
545.586659
534.968405
559.857341
513.794826
533.637078
521.460844
541.917124
564.654015
577.319050
566.360883
511.568755
513.127551
541.680274
567.218486
525.037313
527.644969
508.411855
526.994716
531.192984
543.735690
539.444775
566.195266
571.985653
536.966686
534.034554
552.628863
555.792245
562.628128
566.068604
513.887565
531.868202
517.008907
548.131484
508.268991
506.390504
580.216961
543.784877
575.647301
533.109247
492.796982
511.624528
521.506259
506.387052
519.870904
528.426470
511.794398
544.354809
563.368740
557.728176
570.294413
573.419636
540.213625
559.948879
570.821494
564.274675
573.022448
536.518424
509.792918
553.423386
525.809048
517.251936
525.589530
505.383636
513.578435
494.519914
524.512144
506.209598
506.738491
534.127838
562.573071
586.905777
580.043022
582.469831
553.758741
588.016160
534.240436
575.969892
535.984434
513.387507
505.910475
511.162616
539.236078
532.757504
557.306014
542.997924
511.345454
506.702239
499.895295
504.277890
501.582097
518.223779
497.289953
511.728023
550.226385
533.119392
551.791921
562.663728
576.789403
574.930269
560.208232
511.848933
538.161409
552.204075
550.998755
518.294179
551.200752
559.258286
540.142395
548.644251
549.912423
541.933518
535.340419
540.420971
522.214286
533.796731
536.916670
551.073845
533.810847
514.226127
559.462936
548.432426
541.729375
521.519262
531.811317
517.225195
536.603216
538.853388
560.748888
556.511442
537.306539
544.179168
524.835036
561.594805
581.591389
529.960445
563.940349
575.517714
550.387818
554.292554
531.490128
540.286856
496.980520
515.574189
519.691571
552.983975
583.345805
554.837585
533.682352
565.361817
558.204278
570.786541
564.169302
539.810449
511.564669
522.564329
541.702429
559.249435
542.452378
530.313670
534.151611
536.444347
514.923097
520.343608
543.952077
546.820521
521.366154
535.087684
513.336098
526.568729
527.400578
529.735257
558.307426
569.768082
541.486661
563.945367
539.252686
531.907254
555.019906
541.314852
485.994559
515.581539
566.704772
574.056850
589.194556
585.170924
572.812667
535.596673
541.652175
536.407610
528.666229
516.304648
513.278257
528.562520
536.098083
499.523640
516.050589
534.509955
532.432806
549.765320
527.923341
546.787257
549.932203
554.528292
512.548004
524.577204
501.242502
519.275151
496.550167
492.409210
481.476459
476.027100
508.424752
503.230856
519.611028
534.100878
521.583697
525.404091
527.406003
563.616428
535.936340
589.058320
548.305508
498.308918
516.270658
514.971174
540.436400
507.085457
536.759360
542.349741
560.198921
522.380000
540.626854
568.931927
574.119430
567.063627
543.102118
516.932768
506.539992
552.175919
539.466276
584.419866
597.982280
599.801062
571.264098
563.400007
594.888762
532.186307
496.802646
533.712973
522.150931
516.362950
526.181748
547.842252
544.173208
560.181078
554.456662
562.690079
561.418037
543.756003
561.747695
567.385954
568.836977
555.238291
524.098208
567.325009
526.077021
519.809189
507.003054
527.881810
500.165433
490.562689
460.773233
500.188577
538.844049
525.019298
540.937622
523.849197
573.189577
564.095573
566.137457
554.911311
514.686595
531.220370
546.067144
558.865221
526.003110
539.897523
543.765706
524.991727
525.632309
531.510243
508.850333
513.552267
521.604432
520.953258
509.538057
512.480996
532.594687
561.948706
559.710403
516.446513
499.951315
480.469265
519.356924
524.980927
538.127927
522.267319
543.068516
534.062988
500.044509
514.750121
534.445273
529.167039
532.604962
558.232688
549.250318
540.936773
557.887475
568.772816
562.565362
583.370555
563.068691
533.124420
532.878347
493.198307
513.838113
520.836781
522.021576
517.633783
521.417815
541.959813
543.166176
547.103247
487.234070
546.238380
553.805028
530.020398
531.270251
540.518601
526.333911
500.935718
510.407254
540.318415
539.167389
537.225667
574.473033
532.052828
569.309543
544.351634
539.392219
544.774091
531.991171
541.343430
502.881965
533.357608
511.983370
522.889296
504.277224
516.628110
521.091888
544.633588
528.658940
496.897823
538.155518
523.221601
548.145037
548.422613
536.881965
561.481673
563.368032
531.306118
535.681546
537.908782
570.421838
546.722683
511.596154
534.040985
520.905864
534.229277
529.686970
545.728288
576.002306
511.154856
535.360034
508.591540
517.422320
550.802785
532.834806
510.932470
532.608133
530.551732
557.397182
534.660362
511.453010
529.329106
531.276599
557.878117
559.753541
550.688573
558.926291
551.729719
535.546506
544.504300
566.502388
535.954322
543.814131
537.311065
535.771737
530.578702
501.883038
538.966187
563.943842
529.695200
523.271797
540.912734
545.551450
582.778039
599.251297
589.531457
561.958493
573.099441
567.057188
526.122204
520.905595
541.169244
547.968859
569.113093
608.831679
543.054031
530.221806
527.416270
535.867252
517.318115
519.859376
491.826600
502.321197
509.251370
503.603448
526.664148
546.370834
538.437856
550.846242
554.628912
549.324971
561.262683
536.862659
546.009314
529.750993
539.491717
539.662675
562.754693
589.998827
574.902208
536.331909
529.015806
556.702256
557.046138
553.461666
540.818039
531.064227
545.449227
502.835563
502.678698
492.053098
487.735994
506.581665
528.994146
534.687903
502.319047
533.213202
536.503504
522.735880
563.736238
575.300255
549.101496
537.728898
541.606610
520.699582
531.356390
507.318547
530.784355
526.427677
517.930317
521.732455
563.781416
517.843966
530.426516
544.298332
561.952113
607.157851
589.803640
527.862968
542.899575
552.267900
551.796967
574.954272
549.126435
517.587175
514.339401
559.458710
576.288344
574.706684
559.915336
592.604581
601.067321
562.550698
545.290123
547.610456
558.188089
540.105110
540.565122
561.275647
536.579494
550.389836
538.832136
544.651291
522.619322
497.057123
554.678804
572.829078
577.417813
572.987471
551.989674
514.297158
516.099065
512.560531
523.104803
525.648193
520.338470
540.048030
507.844338
494.600994
527.304168
496.536883
498.716201
507.994533
508.173898
497.664343
491.207075
526.385476
515.891630
555.978070
527.410468
553.374789
566.513738
544.530644
535.801642
550.384099
536.899344
534.532600
556.792373
543.304664
531.960417
518.082921
491.437786
499.832059
532.274585
516.252387
511.304813
540.438341
481.638842
481.396808
488.743604
523.582435
521.958387
543.008507
535.063693
541.882852
521.909861
530.888763
562.508319
547.815861
532.523114
491.937659
479.926941
490.223444
501.582890
518.616927
515.810937
518.938024
541.756092
523.376615
530.102882
520.692388
527.763572
577.290434
553.428510
563.005480
572.881920
570.159473
554.152344
530.298055
530.889874
537.954068
524.142335
549.080887
519.663038
504.037886
513.846769
513.760743
490.480784
530.065672
563.200466
539.513922
506.524435
492.471367
523.370013
488.253884
483.170307
535.997240
523.625249
485.034979
494.925227
507.141591
521.129924
515.471392
520.999914
525.996044
521.399055
534.641781
520.970077
529.057847
562.290861
584.720909
553.698549
533.376226
542.780138
565.988781
530.868621
540.593240
591.234065
570.922090
535.733514
511.590596
535.507708
527.843489
506.337609
539.576992
538.051770
551.249570
519.280926
509.436979
545.487830
524.171851
549.233566
551.264941
524.884970
519.239402
506.668960
537.001550
538.884435
539.321974
546.998061
558.819136
532.344704
478.365536
534.386784
565.871573
568.086372
553.505438
542.762966
561.897413
579.581691
559.712956
574.025448
537.202723
547.524874
507.090524
515.396932
494.888713
480.614311
568.543799
533.511610
539.429349
526.370522
556.119271
558.079235
571.801862
514.892023
511.629209
541.516496
540.361581
509.263225
532.287791
524.292696
543.547520
516.204148
498.439924
519.655105
522.266419
547.973503
563.904846
556.840497
586.502685
563.388098
557.078431
547.372893
555.884281
566.330244
578.128108
496.318439
550.959094
570.576806
541.938895
561.889356
554.631013
582.465618
551.216266
556.267062
549.052854
537.814595
537.815000
518.531763
555.426006
549.657364
571.575875
567.641293
562.775800
542.659788
496.707132
515.271162
533.190025
539.183688
563.071695
524.320555
520.853434
507.614795
499.016926
502.845988
515.263234
523.898778
498.992388
543.041686
545.160847
554.290068
533.320103
526.244062
521.259533
508.736310
509.537309
535.160620
574.591934
584.880281
583.362129
544.244231
591.177251
520.595135
555.585115
571.976003
536.149152
534.006523
543.769566
531.807165
527.505771
547.180338
540.885667
567.496486
561.089584
574.024477
583.081743
593.563197
557.705312
550.448285
566.270452
563.131198
504.981604
498.229417
522.775148
500.528427
476.302717
475.340068
508.464441
509.404994
563.011301
554.849933
498.675885
508.865245
539.062038
510.621794
549.414129
544.906443
545.760660
513.585254
547.745463
544.720574
586.146978
556.153716
538.445520
550.468371
544.319161
544.062196
529.377650
544.530680
509.716127
524.904176
545.395514
548.632283
528.166164
508.641633
517.916324
510.848916
564.898481
532.084790
516.166940
533.849206
514.838297
507.097384
481.899913
464.999484
472.157613
475.477158
522.568943
541.867711
567.897053
545.472419
547.489829
551.140259
562.845564
587.632677
534.371967
581.633966
532.118618
539.649657
511.631499
518.364484
513.686363
529.450794
550.086329
531.654810
515.530142
523.318493
521.499490
557.212938
556.256192
552.978574
540.678153
568.124493
539.628206
534.231391
536.322198
540.097196
529.693168
518.733320
504.472962
497.145258
488.094382
545.041561
552.949030
535.995981
518.211177
496.979739
488.366746
506.299485
500.737164
520.957910
526.010780
553.828427
496.658465
516.039624
510.116391
536.873523
562.315811
533.564613
542.481854
528.845319
525.820275
540.897159
552.183656
563.212685
582.752677
570.940980
578.610422
572.390432
586.223092
566.294042
536.914849
516.413489
552.405190
558.592194
544.389574
540.398985
555.764187
558.500777
564.736868
567.721197
597.209323
546.015647
520.719607
534.059098
559.626656
575.276891
596.640368
588.119665
567.673194
552.551747
548.301152
494.134924
519.403053
547.329187
544.180561
533.113011
528.847690
539.074547
534.387917
535.151029
530.750689
539.469149
542.850457
533.664579
575.715010
544.891812
554.701119
518.219791
498.147110
521.644895
547.036227
497.480216
559.094918
560.494354
532.427269
562.750481
553.903312
545.497212
490.402505
547.608903
571.953499
561.267056
548.248232
549.183467
531.644441
549.294399
532.400789
538.169218
521.392247
529.516361
505.321876
496.029940
518.645799
531.841832
539.662707
530.517783
517.116296
528.557389
542.859297
553.133614
589.482261
556.331229
562.837910
570.098790
565.620680
550.600339
556.680458
553.635538
567.752806
551.922839
488.806830
517.860460
556.240763
534.171132
537.187643
514.297283
523.152395
497.983611
498.357086
495.322865
491.433990
507.636861
544.228011
514.844033
505.918714
537.966824
512.645765
534.093250
515.537542
545.243883
528.516189
515.201563
502.164009
546.327098
538.708051
489.803105
531.079598
552.032831
535.951816
544.779804
547.189670
545.249487
530.694168
501.550010
521.011124
575.673842
527.048452
518.753311
497.968474
558.672555
568.116940
537.775877
574.456985
565.803429
575.846888
592.833703
602.572210
582.380347
576.215268
569.021781
564.177198
531.136118
522.254840
530.544118
490.773752
510.259124
505.726007
495.987881
509.919541
511.788426
526.785131
538.867127
531.716230
528.000173
522.545397
527.658469
532.334163
519.679416
489.474661
511.405606
533.965928
544.557981
528.801320
489.728651
475.924577
473.954669
482.795272
490.185618
501.987230
498.859384
560.117280
527.826553
528.904263
528.743052
521.161229
522.510181
522.632089
523.962521
553.925074
557.376652
545.181474
577.293109
633.591538
611.073626
571.884681
599.522236
591.406392
538.151302
533.022856
536.370942
534.006851
507.656384
495.698459
508.192918
522.910538
529.420565
537.471646
529.783977
520.093541
532.051104
521.078928
534.140921
511.754841
519.505587
499.442908
505.594508
530.405771
523.656070
550.865476
540.581270
537.353842
546.792779
545.428434
544.046434
572.849362
549.984916
551.147356
550.034783
557.715085
516.446287
539.363706
527.843288
526.581013
504.354282
512.763255
533.893573
520.779418
558.808405
528.950584
551.470091
535.204659
520.706683
513.937320
534.113585
517.929638
523.961575
526.082503
525.009129
516.512296
508.880256
531.135005
507.454091
510.373904
508.229628
537.151252
557.464406
545.611654
561.555409
539.840513
543.314943
567.634979
566.227964
574.155020
579.311524
553.711686
537.905666
519.174213
521.147576
554.545550
496.785235
517.447460
554.109268
549.367664
546.140735
547.659705
543.414504
551.492577
525.912109
527.499853
521.760427
544.648206
546.191102
543.430550
544.253902
569.595149
556.029598
538.299288
539.283875
514.482588
513.135174
536.951109
549.179007
564.345489
544.934955
561.942326
567.060076
585.858097
549.114431
551.108086
569.056893
558.613835
551.448820
516.651009
530.009414
548.709476
562.426405
557.248048
537.560259
572.161121
530.888467
526.153664
523.106180
539.154007
513.962876
532.064169
527.072678
536.162599
530.005252
518.522194
543.358763
534.003825
539.735723
539.642313
524.681672
541.796546
531.914013
525.233897
543.359048
574.821176
593.852310
604.420838
569.563768
555.559048
560.928605
586.042316
567.459557
544.771816
559.943676
547.776583
530.154894
499.594440
506.889683
550.222415
545.352141
479.581230
508.568994
546.763726
571.136222
525.029000
560.296033
551.940413
562.250587
548.141375
536.066913
500.105416
517.209300
535.041682
538.442298
549.808657
509.897666
550.091785
541.361134
549.342135
558.370445
533.967947
547.263052
535.102159
540.446383
537.190781
546.816046
550.917680
518.660657
548.976688
536.792456
532.658347
517.881934
529.579725
535.400229
513.207312
472.016324
485.721650
510.344893
541.458094
527.517500
526.866172
546.717854
513.782703
502.208454
514.262549
529.543413
558.521331
531.933849
529.343169
539.556442
547.539367
527.630901
548.543952
520.800739
528.502562
540.108143
540.427716
544.104050
542.299354
524.591647
518.855522
519.146439
534.709054
528.608277
507.725530
497.232216
540.246828
553.443044
562.273279
575.014144
544.095215
536.583315
535.158724
542.084231
549.361688
530.484846
510.280750
556.410847
540.592201
576.036283
548.624542
544.053892
548.699890
561.897631
545.036157
548.167856
568.473502
533.137479
557.852748
526.098158
550.425481
549.914162
536.223937
527.124926
513.797921
535.828972
578.477845
525.884531
540.293928
580.794163
557.811179
568.269271
550.256305
539.544388
551.560706
568.090376
563.243467
520.514268
511.773832
541.178013
569.939097
586.125118
546.052153
557.261269
577.656078
562.387818
562.972115
529.236480
533.065940
525.780940
502.232029
541.878045
528.225253
554.909967
570.117548
549.827976
549.368278
521.413574
531.756009
558.027660
532.394098
533.594077
527.824351
516.721136
530.552650
504.666291
501.603171
505.246833
509.745405
517.553857
567.429075
563.471648
543.227933
535.809064
523.267823
592.057064
578.740541
574.498419
534.958859
537.035219
521.604806
534.103799
507.385641
542.557642
572.627101
552.588329
529.887138
532.422461
537.153174
545.328450
542.473200
551.771979
563.059866
544.363602
575.340602
555.428899
539.444538
493.401174
523.986294
536.399862
502.341865
507.753833
516.482521
510.289624
501.949037
515.613404
518.531684
533.827358
510.257040
500.096309
508.010830
539.229456
518.091150
527.572666
530.144896
550.397046
518.740226
525.888038
566.822298
512.532209
516.909421
490.641091
526.573263
533.856679
486.381331
495.071556
509.136612
532.864742
505.015691
482.197073
514.828761
549.384893
540.104022
504.575036
507.845001
530.406444
528.739647
529.087790
522.973027
528.339578
527.531110
522.942281
534.865606
540.267095
552.087593
530.916585
551.582115
528.464241
526.876475
555.893711
541.113747
523.083389
547.732427
554.120806
555.543759
564.099256
556.033086
560.031421
562.032652
537.901457
581.315307
536.826748
509.104406
553.380763
563.883617
542.742143
535.663805
561.281148
572.742334
549.051313
552.542265
548.134791
551.966492
554.833193
558.884267
529.250537
530.245771
563.983644
545.674707
554.894979
543.842842
537.766276
514.577843
525.125982
545.421142
524.811380
507.061203
487.899525
509.425072
526.590848
525.591921
544.806270
535.311665
563.434816
556.937759
548.251744
534.268395
542.071478
515.673163
518.057544
516.279330
549.712419
549.977064
516.848511
527.839731
525.537250
532.457831
538.736964
536.521539
505.019349
512.125920
504.612824
526.359759
513.057217
500.649236
530.290144
523.421425
573.414411
574.921446
563.420454
577.097442
575.286239
536.800545
524.722620
488.321899
494.216681
529.277057
530.721878
501.062779
517.640531
526.687828
521.202387
542.389893
569.692433
538.598333
534.032360
511.492953
520.699178
534.593995
527.289018
522.002190
527.305801
537.145676
534.353894
536.902066
538.915217
543.636641
548.295986
587.449724
587.406978
574.423839
586.488130
587.137993
611.889690
558.870942
595.729546
615.992585
601.623468
555.411685
573.730834
591.029176
568.679960
567.605003
551.283201
562.553878
532.692308
504.400462
549.578396
559.762839
569.454251
556.502536
554.591138
561.920130
573.741812
581.178941
554.027848
572.258099
591.944016
592.415627
555.534031
533.129282
527.414678
553.794215
552.501317
559.504660
533.911469
562.676461
543.658460
539.018695
553.927681
528.671151
532.846965
544.009789
559.222927
587.656387
567.889313
553.275108
560.287786
528.961680
528.740061
524.947783
544.919545
580.216131
529.379482
582.831265
556.908104
560.717657
565.006224
526.373683
500.426475
537.433132
541.647310
525.795478
525.046614
563.908725
552.481019
509.029300
510.931494
514.026436
520.364430
522.888423
528.305323
525.990915
500.948841
544.790534
526.856515
524.829368
521.746051
533.607664
544.912776
546.581468
560.087429
535.652238
553.656124
548.286892
567.346826
544.558161
554.959868
554.098072
549.297924
554.533613
530.853103
537.545697
542.681870
539.941113
578.811927
556.031745
517.507089
510.292915
539.046610
570.372756
551.935200
532.918118
546.464613
529.096885
553.416642
540.314819
540.578407
527.112494
537.132219
538.334983
528.421644
507.264139
537.316714
559.916791
529.888488
527.185162
575.510171
525.657359
536.107654
525.247300
498.712847
497.158771
508.848982
559.635135
520.455314
515.529874
542.855553
518.484096
504.320735
493.829422
508.943012
503.119098
532.284947
521.147461
526.327013
551.323840
537.183952
555.140592
577.121249
560.887132
574.076434
532.162656
564.624224
519.412309
513.591476
555.026832
553.635105
529.986209
509.597656
544.611813
527.860736
544.595987
538.665693
518.249658
533.965370
556.903332
539.767613
529.981259
544.666561
511.156772
523.155504
525.968019
510.372736
526.841420
506.775680
531.429847
516.127788
522.668144
506.153357
484.067124
494.531156
516.558499
511.113728
527.576886
558.399718
553.131428
553.121119
524.897274
503.596634
534.327320
522.013734
503.927667
555.205830
547.925157
550.856215
543.856740
545.526733
511.900228
528.753566
534.032230
520.474537
539.718285
568.751323
550.201397
563.838657
533.257557
506.689909
504.446825
551.696018
549.652487
536.009940
540.748420
518.100825
520.452512
526.923622
527.517855
506.674704
504.164249
548.340393
526.995638
480.493122
468.400536
518.914655
517.902103
551.839727
534.489817
546.491462
553.501077
542.078815
541.137646
541.637442
537.747328
545.746703
525.627263
538.366038
591.387928
577.501688
571.857483
550.020511
576.415706
543.895618
520.035223
572.750885
538.776103
530.661466
546.641286
573.320732
531.059402
522.875585
586.820351
574.359282
531.534815
522.515856
535.742857
540.580593
527.909746
566.821469
534.552398
525.250063
533.552598
538.027690
540.165729
586.798445
559.288644
528.835994
541.122720
542.022777
542.440516
547.723131
518.417396
513.198938
485.107957
520.128629
532.030817
556.107991
517.287304
504.103960
490.406839
498.771913
516.539855
518.924355
522.264126
520.664717
537.009909
514.647495
537.368829
521.078396
542.725105
555.627354
566.316338
535.823560
543.916492
543.573506
536.289063
546.099926
532.670286
535.093383
536.133237
563.470118
578.058704
558.694496
554.660235
531.508441
523.106553
524.676693
549.202920
518.551521
563.974518
537.702363
556.317030
551.100610
538.432705
557.808974
539.709162
542.229659
570.110896
594.199204
578.417654
583.403305
567.055622
554.227935
554.204053
503.599757
485.432240
525.929760
538.427427
522.229604
504.281979
505.034796
580.221457
548.220849
535.190296
544.892076
526.958014
531.766350
526.354731
565.429719
548.705344
597.314701
586.897415
593.169419
529.203158
554.356736
541.794400
542.673538
544.049883
527.567037
528.481618
525.857604
545.289074
535.707176
585.750361
587.927838
526.607126
485.842145
512.478602
513.425208
562.323577
563.910605
572.103175
586.857236
560.138298
573.242124
543.332397
542.779993
530.811494
571.492774
526.607809
517.211419
512.471948
527.725387
516.193317
531.689357
549.069605
575.098741
553.540734
545.695678
575.716078
594.346309
552.637326
586.640459
573.054912
561.201442
559.182792
554.999011
561.259276
558.632077
560.369334
541.168936
521.150268
543.165405
555.399324
566.283572
517.175430
512.645923
529.470087
516.658715
537.845266
560.127491
543.310269
528.576212
535.653075
551.085607
516.142902
556.160473
562.126379
538.969740
559.757823
548.317033
547.420199
558.118742
515.690735
515.133495
522.949801
518.272316
491.578535
520.409060
532.740815
531.255996
528.794376
548.492843
554.314194
524.485154
525.704813
497.034742
541.141163
515.483181
557.869071
578.596341
562.669701
547.002735
547.050859
547.011132
542.192601
551.979479
551.543576
566.277745
532.980772
533.407543
520.150058
535.561553
521.495375
546.076342
568.603499
552.658199
524.315490
507.991069
506.263971
512.793321
499.374406
522.590645
507.830330
571.952932
595.565749
595.965187
584.363097
555.583867
576.510546
582.617677
594.309501
583.870138
537.065492
547.561643
527.961481
556.017440
556.289744
569.031769
532.726709
560.512021
549.213868
520.421517
530.440173
515.773834
487.600833
513.690746
508.130810
501.768889
507.423308
537.278745
529.750830
501.071490
548.534939
553.943815
552.648826
540.728607
558.087410
556.501407
503.190674
489.271104
524.925261
509.928101
498.353959
510.125875
529.365479
555.034949
546.056469
550.777649
549.635563
560.149231
529.081680
566.598012
552.079274
539.280983
554.941443
555.962740
527.665847
556.699676
547.381039
562.950434
561.558417
561.493062
610.374011
582.937823
586.196321
553.861133
568.942526
571.458073
561.259002
553.996715
571.552035
567.513000
517.378396
537.225797
542.403138
525.349195
577.594189
567.455060
576.100927
555.595313
533.423537
528.044888
517.734407
512.048907
530.563957
526.627578
536.502221
530.162395
544.813085
560.981098
563.248317
573.887733
570.786009
548.966475
583.049450
581.405514
574.914974
535.500281
504.053706
501.102785
509.525999
536.603220
550.612569
585.548932
551.169847
552.908424
543.426935
538.399989
544.862394
572.944131
552.391275
528.897815
567.631691
493.082123
502.077490
519.077089
524.828893
533.151217
568.919258
545.632961
549.685935
573.302610
577.128812
560.476346
568.046033
606.087002
571.875408
545.879619
517.913591
525.605693
517.764353
544.125903
531.730215
552.893900
547.743563
563.448440
545.473872
536.830160
523.846816
544.936941
522.192021
508.981542
584.170493
582.711078
596.936431
601.708587
555.025908
541.510954
548.109779
565.760218
572.803711
524.664567
555.455976
548.795262
542.371135
527.232972
564.607415
570.496619
547.530861
532.754495
542.516663
549.940442
529.247184
529.057106
536.894120
543.017999
564.046774
517.004117
523.516489
534.115439
530.049162
552.361548
544.978393
547.998097
511.062815
551.355794
535.528910
549.672683
560.157557
571.925194
553.924170
567.003346
556.143469
587.653743
544.634758
544.578054
559.980814
554.393640
506.070422
505.725190
564.159690
580.492621
565.418258
550.705380
541.820772
531.835796
546.826384
524.944343
535.461156
542.716972
507.829280
510.618839
483.643401
489.812285
531.057192
533.323375
519.313923
512.731391
517.042834
505.582221
518.984662
538.551787
519.055800
521.542642
522.544490
545.023364
522.938977
505.204194
512.429184
497.136453
538.489022
519.907346
524.346954
507.575552
521.984445
531.652057
505.134005
538.287538
573.277744
569.055018
596.210398
565.057186
551.125181
562.862537
584.703278
580.439854
539.258314
543.970227
549.294675
550.466593
551.730782
559.713069
520.569802
524.999798
514.237815
512.348372
548.066667
504.388090
522.335835
537.473176
536.953106
557.571248
582.057448
609.286087
571.155328
581.460438
515.851770
519.498550
551.383371
533.780807
555.754452
501.578168
496.231676
488.546939
505.553110
563.757372
551.567204
551.061322
573.323883
578.187233
557.240869
556.414427
517.298253
548.122507
592.106303
598.734076
554.059933
4940.610300
577.686175
557.821407
539.745807
519.528372
529.263495
520.300865
515.701675
528.081813
499.361207
540.644150
524.176416
507.018202
548.627794
551.287069
551.761302
552.417595
531.353037
533.891499
514.876382
534.130783
568.378493
556.417471
581.325882
616.493009
559.654038
561.160009
556.067629
544.539995
537.166616
529.726275
526.203842
519.242565
493.066695
535.519707
531.302889
529.511119
547.429759
555.186626
546.934660
566.243359
540.138303
527.937655
536.553255
562.496565
523.546536
513.492605
534.535452
541.775982
536.135247
552.641220
529.066681
539.993226
564.383999
542.852542
553.113982
594.476089
592.925976
547.643891
577.708473
558.722855
541.145973
519.151446
523.119091
530.915970
537.937596
557.679010
528.636112
525.177288
535.635395
536.051778
525.482573
536.660862
539.891910
551.083985
554.222700
546.928217
578.517927
520.352053
514.287200
514.492844
528.133238
559.005793
532.654841
558.990799
533.101840
525.190591
515.059702
518.064127
549.789008
565.171485
527.483712
505.005714
518.189735
540.203074
571.571610
526.226322
571.859283
523.977996
491.747963
489.382722
532.831468
497.846676
519.458873
515.414546
529.774448
538.611458
556.727117
554.758730
545.837991
522.212321
513.092319
490.066784
523.266589
572.312153
559.024234
591.363411
582.099049
562.080814
509.016870
525.772934
563.825352
541.714639
556.565429
550.920401
509.202562
526.571989
542.560722
506.322998
496.183395
484.718595
509.969762
537.457497
548.153721
531.198082
509.702523
522.706892
543.541774
582.636336
533.496991
538.244006
539.655301
535.231010
510.053642
531.500900
496.546970
506.622807
501.524851
518.239455
566.464277
547.615761
517.588724
515.267584
498.190430
516.005484
533.922486
499.046030
505.628451
526.501505
499.729158
497.027868
493.506139
535.613965
509.064988
545.924339
543.364350
528.662762
505.669875
499.219264
476.195963
495.371602
495.386518
515.076525
514.296383
534.213319
529.524507
513.247000
541.961523
543.186685
527.242843
504.281045
498.845030
495.520513
511.949688
568.960862
569.417280
567.879949
552.149174
513.209075
525.838161
558.356458
549.927897
540.376453
578.706671
584.108111
573.064057
559.578657
553.341180
529.446771
556.734501
574.380597
566.441163
537.351680
518.015587
503.036056
540.690705
552.916632
538.211619
533.628963
538.479808
496.833952
533.338871
536.205616
547.820912
545.628389
519.126474
519.478351
519.332033
510.641952
514.914234
569.814019
570.592470
565.471653
538.757929
520.818502
513.059362
524.925249
513.757919
524.952421
509.890435
547.654948
524.008019
535.871795
527.815689
553.174476
545.710664
531.807099
553.442299
572.946461
542.050654
530.097102
554.367539
555.517293
550.006006
517.739428
521.269569
553.743316
519.515427
525.385526
542.826487
546.752441
531.070706
537.488354
550.034649
543.297200
539.198077
549.847831
550.861964
574.744561
525.897460
502.135518
518.477646
521.748779
529.217035
561.598716
560.950886
549.509286
503.149805
531.789470
522.588875
544.512912
550.613212
532.129717
535.185497
526.504478
528.828590
528.928319
493.851562
526.255475
527.321057
517.576726
573.286150
536.231672
511.784709
538.739548
540.038418
559.597514
563.213846
574.416471
547.155037
561.643376
540.974421
509.740815
521.345794
542.053173
549.764840
561.376889
545.939387
506.717892
529.798685
538.479227
553.510158
507.072405
536.621176
539.590419
509.692699
520.142270
513.578033
554.376746
557.106535
530.525879
526.453986
501.776356
514.407868
544.133779
554.106068
580.171939
552.598114
557.759129
537.159663
547.156322
585.098849
570.350547
551.611336
537.563470
540.385214
526.995898
494.751224
498.027133
515.222733
550.212044
551.993809
536.256155
534.820877
492.346180
538.526757
534.685321
527.215695
511.814092
547.657072
554.719880
553.811669
546.623340
530.540245
483.996867
493.593036
543.964273
554.818741
526.548245
542.788779
545.097604
518.131540
523.300616
491.396124
516.218568
518.643723
517.205389
563.215122
534.965611
571.562165
568.699527
528.454955
559.033253
548.517018
560.230116
600.038723
620.124711
576.573981
567.225726
624.584797
592.161482
577.396467
558.171748
557.432849
564.458182
570.544263
565.762205
517.270310
511.269280
509.338006
510.065113
501.783446
585.006209
587.741379
584.557304
569.047042
556.152818
589.230799
524.425471
503.308144
528.124590
503.406697
496.236029
511.997717
572.096077
554.782543
560.898896
556.626762
534.217802
501.307415
524.722804
541.586213
503.000750
534.850075
559.466910
502.279640
515.772071
508.844902
500.230218
515.905813
553.243417
546.007513
551.599272
535.223807
543.250770
541.653906
582.371704
565.908215
631.733517
576.718082
540.254984
557.338362
576.103283
542.438837
557.973384
549.463570
546.478660
546.406875
543.987232
508.861570
520.300966
509.381961
506.603943
538.366572
563.442828
556.469603
530.612466
519.383786
530.719438
499.357249
543.875272
568.448688
545.350714
559.896629
590.644794
564.602752
535.818326
559.584447
561.801500
529.455524
527.397906
554.244585
565.216839
546.374580
539.168444
545.434255
546.295927
537.073280
555.401354
550.224408
516.912755
531.569978
536.023126
541.911645
562.831798
597.956206
567.557818
570.599014
541.595042
523.104503
512.949214
556.620709
536.745083
539.013363
535.360090
537.579307
531.774914
518.496406
517.958518
540.375853
513.415113
536.320551
584.467872
587.276597
559.779890
539.385442
547.766663
548.916771
566.975125
553.358825
523.940442
523.823188
490.515697
479.361234
469.646040
506.501961
494.233681
509.721617
523.056759
524.961386
515.879256
501.149117
489.588379
504.833839
508.742701
538.982361
547.559718
497.403007
512.148608
519.927851
563.647271
525.195782
552.877431
555.106020
570.900446
528.710801
547.499314
566.099508
540.332795
549.993861
541.666775
526.851085
512.968678
542.781639
561.444919
522.731407
514.106880
527.444626
557.079737
572.862713
545.421960
542.482200
558.350442
541.575490
531.741218
504.679567
523.628431
521.597280
519.272970
522.726760
549.026534
562.984091
533.117091
559.246440
565.826570
534.736578
521.513222
500.052416
533.780618
543.012796
577.933033
533.603617
585.141074
591.682946
586.327782
532.451536
560.553043
561.987284
515.866890
525.878557
519.701650
520.160238
517.269523
513.033850
545.569761
513.857476
507.051160
513.446984
465.468242
482.733066
506.257751
522.719293
507.403857
521.755205
557.832987
552.094983
592.965627
564.616846
551.879769
525.411462
535.782671
549.062112
545.249149
530.240796
546.446992
544.872839
552.247066
593.808940
579.753085
559.112262
528.659540
577.881227
565.914627
584.251817
571.306380
568.123589
560.962811
543.505618
536.999593
524.546524
517.359377
531.114281
530.115974
533.418810
558.644640
535.294343
549.361354
575.695683
518.375762
539.472952
533.706606
543.192963
550.136451
540.992870
525.673735
500.207332
522.350120
518.419464
495.804528
479.323060
531.592477
519.574317
547.471354
533.231773
512.276133
519.073873
529.108383
520.802604
561.149529
561.063408
4346.570861
305.632936
408.770663
471.573557
483.226828
489.669564
517.451776
491.329685
510.053605
511.476367
543.704469
562.022107
546.421229
532.107177
541.673158
518.219109
537.637982
563.921864
547.284392
501.525491
517.686450
531.533088
532.173609
534.090044
517.615852
515.707218
519.071515
526.302286
520.933789
531.675288
547.232238
543.755959
598.952225
595.088934
587.898717
589.327046
523.496897
523.248995
534.192965
523.389039
518.460772
519.845560
507.804876
482.947074
548.298982
492.812715
529.915081
536.738019
539.548903
566.036939
558.014892
595.317909
536.258872
495.989782
546.598802
539.846511
503.649746
561.965576
562.956080
538.238162
544.729265
532.511732
528.341667
515.221497
513.451788
482.098475
502.668444
483.183454
502.147934
521.615949
484.232921
488.360892
487.780045
469.617217
503.892881
482.536625
508.267790
507.537714
512.412104
512.313711
547.120503
570.005645
545.211083
549.369221
552.767302
515.333719
521.252373
534.441328
538.463243
525.154758
514.244982
495.864265
480.182647
513.862083
520.597447
519.923638
528.820294
558.896911
564.004975
546.495845
520.465579
488.826202
515.322192
535.138891
512.133811
499.177412
501.345041
495.474365
539.436505
517.365360
537.679688
548.431332
514.143860
536.166161
518.033240
518.367974
523.539862
520.436123
506.422081
515.220699
508.972069
517.642759
545.212777
540.664424
552.402863
567.394818
585.211821
575.490611
567.555970
549.171086
573.313525
555.357403
542.343542
533.242611
520.817534
529.219869
562.049158
534.188847
520.665846
529.019954
541.677365
510.031179
544.688229
563.214500
527.762824
568.315866
561.090119
564.339844
564.755791
561.902579
582.423584
577.222387
553.262719
537.217924
541.162414
495.431908
500.053552
525.942307
523.055515
525.101166
515.906031
534.004599
567.013378
548.336120
547.832310
544.616044
516.588880
520.555221
551.774985
583.429868
566.000775
558.148489
565.087925
555.294601
519.252945
531.973921
507.856955
513.907173
537.480685
561.994541
568.114720
549.351603
535.227970
540.588442
536.095426
497.003656
528.548722
543.615821
530.767326
517.984074
514.039421
528.608700
534.632449
538.405059
534.536976
540.816960
526.373203
543.665089
540.778463
510.696970
504.683652
519.873353
531.028709
532.998244
521.685915
542.504487
534.659092
505.373397
487.932433
529.922470
547.059836
540.965462
538.601300
551.569764
533.541792
532.390984
601.579237
587.596602
566.054072
541.198032
531.355241
538.978382
546.127382
554.861557
529.636574
560.581131
553.484450
547.492681
540.597271
525.191714
529.231717
522.220946
493.985087
525.169571
557.613717
567.688151
563.420061
534.425383
534.659433
559.953218
552.296415
587.536174
563.518447
550.668400
551.466279
566.358935
552.541306
572.127147
570.769165
530.015080
554.041964
530.666853
540.500083
533.700648
497.112048
524.063798
570.376971
539.951300
538.920950
559.956210
569.130434
569.850117
524.255391
509.365928
504.568437
537.842257
536.084836
549.580038
573.925879
549.828524
525.489395
510.682646
511.399230
531.196441
526.477711
503.048625
489.300302
509.890697
515.488292
493.929889
539.260615
572.974773
566.478341
540.124243
520.095110
562.449391
555.910225
556.215361
514.231072
502.466526
521.447472
547.834018
587.038610
565.987574
578.394393
523.831491
567.681766
533.168816
516.553030
489.345706
521.640215
526.695986
535.267183
526.261915
492.867945
491.933473
516.926611
546.431876
538.791952
546.505868
525.083033
530.279325
530.508569
533.409898
543.458409
561.220584
564.935376
579.418772
553.318996
533.578744
546.033925
546.522219
507.812793
504.094211
543.978674
546.526965
554.104366
553.779428
518.734405
535.743451
559.866138
543.420809
596.566967
578.936378
543.665381
502.494732
524.097093
528.948075
551.720405
584.198956
575.494293
539.824268
545.616449
545.055216
545.829671
538.036822
521.790702
561.458690
564.204538
556.492832
560.406717
566.019451
581.739591
627.642940
613.031838
581.115520
569.959725
554.406804
537.078381
530.108076
511.519038
519.091280
524.463567
513.023966
506.890920
519.292151
529.516747
511.462761
538.627768
544.202292
558.230362
610.772348
590.498766
551.902109
535.466042
524.460985
512.205265
507.419401
539.557635
563.503096
551.871671
528.150006
538.579360
589.211976
563.603433
572.856013
598.457393
555.320281
534.964398
530.138266
555.544164
597.285211
561.433369
558.198573
545.690201
527.090407
542.357565
560.205987
550.418943
517.887122
503.653645
524.673242
505.643103
518.313191
535.739036
523.499924
526.633232
523.771341
568.467822
539.117127
517.569029
540.779429
527.406990
549.253721
529.501671
526.132137
533.869438
553.978030
547.301220
557.625348
550.154546
534.417630
538.973142
503.298622
491.988837
518.064442
547.811238
559.691389
548.515448
552.533134
523.340451
519.446151
555.597226
548.755754
535.899426
519.981556
539.105687
575.808499
542.602358
516.615996
545.901509
569.741114
563.472134
575.047593
561.681262
532.737460
527.504292
546.013335
558.066984
562.777286
581.210122
537.111967
547.299535
554.332241
539.167544
555.787514
551.596664
557.255861
572.301381
542.113877
514.332277
503.636902
532.851735
538.873562
549.960879
571.575205
572.333237
539.443758
529.684442
536.445619
549.427318
538.681627
557.139093
525.698749
555.473215
540.218862
525.444193
507.577760
513.412967
511.009438
520.605941
509.946200
518.633457
523.030257
532.847833
512.769061
514.463428
543.089551
543.997882
557.562892
522.404474
532.730908
578.170131
578.426506
569.860465
561.465508
517.732237
497.903626
525.036584
505.150840
507.811500
530.064073
547.918352
546.424199
555.425446
589.873362
575.802890
579.565309
561.144525
537.336526
546.464414
544.402574
558.059266
566.208855
545.636883
568.141721
560.362820
522.952526
521.379669
504.623053
524.716566
535.835844
540.963868
549.870834
570.582353
589.908194
545.021035
542.962465
562.074779
579.352212
594.433514
574.628792
546.736187
588.259021
597.900266
563.292351
562.114351
530.279236
510.948048
524.203446
549.064000
588.146770
609.138301
578.364140
541.109666
516.731367
500.774060
488.481339
504.092781
499.758700
505.411358
512.142076
535.272384
547.656036
548.330964
524.446354
566.270836
590.665394
565.390125
577.706814
566.105156
594.092575
570.706711
546.724072
517.538037
525.167725
568.418555
533.341290
530.240754
506.493517
519.179921
558.479221
567.152207
535.600412
520.108456
507.210259
508.862589
466.728706
498.284276
535.954224
525.828304
482.924295
501.807023
526.588721
528.697262
584.371624
569.661976
566.964794
561.999983
515.216763
535.054212
507.379943
531.757955
540.960923
534.995678
539.085809
559.989202
537.674444
520.100869
502.272172
528.999194
555.537330
533.041377
508.156822
580.241428
554.791175
528.579517
548.028004
554.674068
552.031209
574.074570
513.794000
498.272657
525.381424
527.423586
550.051639
546.291906
576.521933
549.390751
540.072889
517.587214
543.129826
566.924196
562.891955
581.973287
542.439571
522.887258
574.531860
593.863750
588.792854
569.347644
596.401246
533.116705
541.886426
520.424828
535.574588
526.155756
568.233861
569.302302
556.245789
547.323848
564.437083
572.004553
625.570353
585.353955
556.801682
525.668360
531.320362
520.990872
528.261937
558.628496
565.441001
556.805487
522.672943
562.143514
536.671536
527.377449
560.555483
525.279846
517.413282
545.549332
515.246396
535.605138
531.602282
536.559921
529.399928
542.711296
562.504466
569.359327
585.771319
516.601979
541.603142
535.421599
542.509895
544.539001
565.325432
556.888957
536.240522
577.354796
561.376630
540.599812
537.568788
532.608572
531.430558
538.314430
529.020777
517.172953
514.792467
525.725776
553.425688
550.186448
544.785948
562.841737
571.247537
552.223815
526.358947
517.959849
515.085980
533.198430
507.418899
538.147323
549.220590
532.410440
555.017145
526.466766
527.173406
501.040964
551.438529
547.739020
584.970896
572.693776
542.992649
525.027175
537.112119
507.737938
516.607138
506.475936
492.403596
482.909626
518.309721
496.281204
492.322671
499.072508
496.183272
518.015314
521.451868
545.414003
548.754475
563.316686
531.729182
544.446159
495.735649
488.188797
539.212543
534.050429
528.866369
586.447141
583.639945
594.610867
602.147916
582.180781
614.416124
588.313306
583.055038
576.331598
518.924754
473.894824
497.849496
474.955602
491.775673
537.781576
531.188131
528.520647
536.836230
552.578011
560.607328
552.111209
561.508812
526.660889
556.361093
518.864081
580.084929
546.352939
551.683340
585.079881
591.246455
569.249068
574.702374
553.707761
546.704210
543.052654
524.757685
540.171921
572.082074
566.532066
610.371429
558.066490
538.365974
570.096910
502.406904
533.891388
563.821328
574.661795
538.067725
545.922135
541.974041
556.174263
554.822613
540.248749
548.510047
562.691117
533.443775
522.972646
551.850582
544.835753
564.770197
586.136649
556.652129
546.529952
539.882015
565.472664
567.268799
543.813430
557.538130
531.325581
559.890337
538.039594
551.579249
553.609540
552.304887
566.379162
587.931173
562.155140
555.895934
549.656012
549.162544
539.058786
553.366528
555.254966
585.358529
568.902329
533.348998
543.497612
534.235150
530.180531
507.715787
541.738374
516.964692
530.784893
519.776356
509.602829
521.471887
557.516029
576.668573
544.032296
567.426897
538.195695
522.531022
502.318861
412.296231
470.348519
515.271596
521.914286
492.432364
514.401700
497.651017
511.166622
520.310504
522.020610
533.905268
552.242864
541.209788
518.823825
525.846671
527.247002
533.808820
547.993549
557.951175
563.877571
564.444960
542.505289
567.134765
523.375706
508.753878
517.383776
561.916872
537.213125
545.005261
562.097469
538.736427
515.491331
524.406338
556.901163
538.951743
525.890514
516.277285
542.595322
547.606680
551.021540
542.179392
547.914207
571.322782
569.008023
557.985646
564.896165
554.991427
574.306253
598.694405
535.727004
524.250511
548.843741
531.886201
551.629071
539.405705
553.172288
510.111339
536.541278
523.710232
553.219423
521.838761
550.193919
528.102340
532.440538
533.422582
528.159744
530.004092
539.421100
554.354574
554.117518
541.970950
493.681150
509.052569
541.042683
552.582610
549.069542
547.519284
536.896779
554.084647
536.555384
540.868324
534.906506
496.393161
485.470685
531.634908
521.544886
542.291009
564.810649
543.589848
519.263318
495.199349
506.270576
500.706776
514.632410
523.991053
539.499021
529.971366
509.371347
519.842464
514.976442
543.779564
535.826355
544.628865
535.776017
516.005074
540.804966
502.730961
482.961743
519.052386
506.959910
500.430569
528.775911
492.345904
531.580991
552.400844
581.641016
574.729299
540.782445
536.968508
592.896578
590.619298
537.750962
559.606598
514.413261
545.134477
545.675539
519.966135
496.060541
496.472699
501.144989
525.873870
528.141850
484.814448
501.496502
517.225854
523.275214
502.541158
510.825111
563.942993
553.494694
543.640688
560.409565
522.589249
525.369925
496.785911
533.999843
550.168246
557.002657
540.081911
570.537095
547.128317
550.859467
558.339368
571.957046
520.539462
492.932828
511.750584
557.606873
547.256988
551.129235
610.185994
562.845764
549.990414
561.444228
589.795111
580.872758
526.128222
587.303735
546.178731
548.772548
552.245176
554.234810
539.275790
555.924744
566.855972
547.340547
574.321650
559.144647
550.426245
545.679531
532.115906
546.284931
557.685113
559.553016
552.083107
589.098763
534.214842
508.157470
530.716723
541.623068
540.296685
555.881523
582.039246
610.087979
569.077109
556.823997
551.109067
552.374984
555.343590
554.198343
569.426379
551.702812
528.587542
540.604099
531.735949
483.122476
508.555511
488.031022
508.688903
533.398979
524.852320
545.872139
546.811862
567.444490
565.467896
574.827864
519.290860
543.980100
521.018381
481.142715
526.783070
503.145244
538.910568
556.298503
517.711145
556.069571
534.105037
553.413175
561.072147
536.481429
560.035496
580.328012
562.969058
558.231067
523.955707
542.230490
529.050960
531.068110
561.319710
557.683505
524.156912
525.452999
505.775428
526.824454
566.508385
599.243911
501.759700
511.275341
549.088065
553.842583
514.140622
529.976942
542.760279
528.611969
541.151353
523.962367
527.903779
524.719600
519.650819
481.550655
521.294206
536.259189
537.873886
511.531978
536.766308
515.508899
511.164480
523.340016
534.341940
516.153219
532.273087
527.835111
540.802481
541.520246
520.935890
506.421906
498.623186
518.175278
509.361176
525.707853
525.308111
547.265776
544.939119
571.467763
539.763133
532.760336
545.938748
545.959260
559.348871
547.202926
531.489303
555.495512
548.416972
579.497733
541.982763
558.455476
553.125337
551.909641
542.609201
559.364628
546.620524
588.747105
586.905443
568.560638
554.729343
571.393409
568.037368
498.198055
523.539263
505.105601
503.429382
550.738717
526.618635
520.827749
541.702335
559.769071
535.108060
531.216369
525.204549
521.647510
494.739230
504.720187
546.995796
538.792798
538.089308
550.029970
543.840944
543.802393
506.460910
481.670722
496.764802
509.948389
525.550938
525.356208
525.795410
553.189500
536.558255
529.446105
538.073185
526.602954
556.828161
560.967188
547.496129
540.662249
565.486042
538.932230
534.209982
521.286852
516.612506
534.129335
531.453273
483.840858
512.260095
554.003266
558.165355
575.979515
575.004285
527.996000
512.718551
521.042367
533.343503
560.746271
536.424009
521.137913
545.021731
509.709076
524.893879
506.803197
523.988539
554.609440
517.952377
520.128715
506.401771
533.488287
531.611716
550.967793
556.416481
556.483363
531.361913
533.352389
517.069608
534.330177
542.983790
539.994500
546.743145
542.319669
543.388308
541.122712
581.650063
512.984400
501.573838
518.831787
528.691077
531.164078
554.072193
527.195773
518.954869
492.830825
509.892951
485.904372
529.248137
561.092613
542.456860
541.926222
556.218146
562.046102
564.366143
551.496289
551.515385
545.912072
509.117781
520.656040
509.553126
565.942729
512.019779
533.822671
559.372759
522.560495
516.338686
505.302585
516.591265
513.701537
552.013155
540.819596
524.022169
509.560881
517.972156
507.004902
533.309537
509.825706
527.427733
558.363324
549.700755
565.798172
531.281591
527.014964
503.873025
496.925931
531.388929
540.973893
555.396856
585.344609
529.869821
518.039071
560.225856
525.292679
545.817260
565.599135
536.743786
539.489981
532.762881
542.256734
543.012201
523.286363
526.728499
546.721763
562.487424
556.874239
543.741957
560.470407
562.339051
553.130353
526.875386
537.691988
507.975457
536.475922
551.806727
587.193514
566.798558
567.766208
558.900118
508.200648
557.949414
549.654556
557.673346
541.445448
536.484735
548.348974
561.806518
543.625520
493.133260
504.506810
517.820093
501.869689
511.452971
519.469487
538.449684
523.898005
500.144291
502.843059
505.089472
529.591621
524.990685
544.970171
562.110182
564.630904
585.994479
541.191184
546.684116
603.253349
567.252361
581.388338
543.694901
564.503589
514.015955
539.761962
554.501144
533.473045
519.232374
531.363883
559.877324
555.287270
549.027935
560.869138
533.647261
529.397760
529.116856
513.195494
534.520641
553.358983
577.137000
575.401622
567.562800
522.311201
488.238967
507.954995
513.506388
523.521049
519.619392
528.995670
534.786494
548.267961
546.599642
579.094325
559.440116
535.898211
525.877345
514.245335
521.868653
481.967957
516.816119
512.401553
533.020569
526.462135
542.821832
510.231019
498.405822
523.005230
542.274720
584.020617
549.897268
542.231547
544.273261
504.469659
517.861551
508.315703
546.136691
579.848849
554.086358
543.508953
533.139749
569.965907
556.650363
532.680254
549.825576
540.805960
546.274467
537.143636
508.715560
563.110476
571.576169
554.104229
552.301966
539.587776
574.726811
558.529683
544.101246
489.502401
501.341117
507.624435
529.583369
514.395064
484.644577
508.387951
554.175982
554.586960
555.851873
536.147544
535.577663
521.140500
523.244327
553.443762
534.307585
544.143773
535.149600
542.426615
525.317459
520.400388
521.945187
519.345339
507.908744
516.943130
527.775334
530.212829
547.928922
527.745602
567.551243
530.102549
523.282763
530.126261
559.351844
552.605806
554.919174
522.119777
515.240043
497.783754
513.975662
525.017831
528.092340
533.533722
517.522928
530.968377
533.972594
528.957353
540.742010
558.289132
530.056106
527.841554
542.986794
583.998038
586.059250
578.282361
576.189842
563.754911
576.369458
576.890485
595.021332
582.391611
565.193440
549.706393
565.681320
561.357358
563.204850
562.826092
494.540164
500.972067
503.132057
530.002459
561.410585
547.965734
537.244380
578.649729
579.936647
529.561071
518.274708
476.433777
518.559891
521.003589
484.730052
496.946697
468.591951
507.358962
485.985521
547.080781
520.265654
535.992394
565.893443
573.420506
548.493419
538.617898
539.538601
544.171750
526.287844
534.652560
536.398885
520.448330
519.210544
525.640886
515.116791
529.688057
530.225691
573.664377
560.232948
539.777132
549.258107
507.905537
518.264537
519.315555
535.942846
537.886826
566.332304
573.656423
577.994112
562.678935
549.684587
580.969815
538.921947
543.665364
542.537416
567.227481
534.594606
523.919031
550.657731
521.964336
555.404281
554.374087
581.833508
542.093420
551.039759
562.650192
547.155540
542.300626
555.863100
566.338977
538.918726
514.111579
507.095961
525.085353
512.863769
496.903067
492.561754
525.081251
528.186744
529.314814
530.332252
570.216772
550.910407
570.347342
552.810512
531.095686
531.430166
531.189994
532.169665
555.136589
546.832838
540.526923
533.896112
541.645197
512.304599
508.789342
549.060184
536.603015
558.047375
550.685761
537.338874
539.980064
543.117493
541.240684
556.605888
552.762675
535.275512
541.977662
483.178873
515.233261
533.920529
527.839155
514.725721
538.784537
567.484100
557.499676
584.276254
565.440673
558.414331
582.101912
561.170025
569.272583
589.192862
553.982598
519.758351
545.973427
520.231689
530.209303
553.879851
582.733227
554.644185
546.213969
583.006853
595.569875
550.030654
564.955968
522.131169
563.223529
575.010359
580.541729
558.918291
561.030543
555.357490
555.439222
525.278107
524.681355
512.936945
483.116706
481.234581
543.842964
549.670335
556.685452
524.541717
541.311339
550.039255
591.325294
583.829037
591.019517
596.768825
587.071076
577.214776
571.163623
570.152194
560.650975
513.561397
490.316827
516.361012
534.220315
539.946332
553.485990
550.854203
524.250125
499.572584
506.045469
519.441563
521.620381
505.133569
531.300859
573.421644
561.655705
580.935379
569.846235
568.295172
534.404139
519.284239
547.003518
531.817479
521.443710
533.868773
565.172414
535.714286
517.063319
541.500971
544.472866
554.841757
550.575906
522.726940
478.396522
521.791043
513.785027
488.298456
512.587391
524.154780
512.067970
522.909571
547.158055
563.751151
560.762845
552.252352
566.369175
533.797180
532.422179
559.237209
552.785395
541.989043
549.431915
540.001945
545.878407
561.181615
505.288485
555.383057
542.396078
536.350466
518.087860
519.898619
526.081942
523.737410
546.006356
568.669872
571.422649
578.529765
552.625712
538.271620
511.361327
544.316742
571.712927
567.457338
509.773333
539.891740
549.556621
518.408984
571.477959
594.243113
564.776275
553.387914
558.590815
559.803055
600.080542
591.588375
573.879570
559.811823
531.201335
539.798450
552.642070
553.957019
521.819534
554.863161
547.420501
541.524358
550.799420
562.464769
517.704016
519.172535
526.503906
555.136538
577.934838
572.338217
564.538373
533.164182
533.731977
552.391364
570.696104
550.269378
525.666590
559.672849
568.665987
523.005829
535.249325
559.630939
545.244205
574.624863
566.618720
550.581172
546.645506
556.255833
542.293556
531.521136
531.972677
562.967285
571.704801
552.711733
605.060546
568.877609
559.564878
526.448603
498.234799
471.673077
458.734011
503.717548
553.677728
590.298753
566.024787
534.552950
523.638830
523.191555
543.978376
533.912707
526.434359
530.648990
541.546841
538.249629
535.763857
541.161573
511.163127
531.391588
551.052093
548.056445
534.525030
526.709527
549.245087
512.617882
461.864224
496.938951
528.971008
538.313732
548.368643
543.414340
524.313337
539.337404
524.873767
532.478596
519.190805
485.370474
501.920855
521.844394
559.788956
540.844076
556.630117
550.908433
528.506149
539.325870
522.993362
499.664466
549.933376
556.271514
528.882985
528.065680
558.789393
581.395955
578.828430
571.369225
554.684337
560.065587
562.566833
508.682934
534.506183
506.298849
500.684356
521.007651
539.021021
596.675058
548.279533
520.957724
553.964209
586.058738
556.746868
503.606120
535.138365
553.293543
508.681187
517.618722
503.489955
511.308197
581.259484
559.123629
571.868864
508.841137
542.185506
553.905969
556.119299
527.307240
513.126332
540.509664
565.977397
524.318486
529.800180
560.386812
561.840021
567.659209
568.074781
547.494170
537.897821
537.552264
573.876563
564.213506
533.247591
495.516276
502.966896
504.516137
480.666566
493.385386
540.645671
509.749100
509.169343
502.662750
500.682838
491.202597
518.326691
527.388176
530.295431
520.368920
506.271334
528.017135
534.610193
540.776464
538.167431
529.506583
526.650856
526.362329
517.091139
507.456463
523.019286
551.426092
540.757486
537.895446
533.563504
526.543875
531.408525
529.854289
556.851194
571.563553
570.500084
547.886031
553.358397
545.196131
586.177786
587.515807
566.381594
549.601906
539.673907
533.370079
550.691526
510.953813
554.145608
528.197358
535.166656
526.479298
534.504633
509.281929
559.591616
557.959945
583.548285
560.018070
559.581876
553.275860
562.561434
560.264606
541.282451
564.269170
584.937075
563.795037
571.113257
540.549683
518.935417
531.294557
518.323524
509.402101
513.131805
510.677280
519.001058
551.589275
563.296857
547.599449
555.683444
564.555283
580.132381
565.945350
567.825415
527.618295
507.402243
530.430368
541.315635
535.714582
502.227941
516.853670
528.021452
544.640607
510.990931
540.544168
532.994898
514.234552
506.889826
508.732024
523.755317
509.048227
538.442890
546.690513
528.983653
530.834068
528.594460
565.721744
548.591029
545.583554
559.736529
619.629930
576.214765
581.381182
541.931522
530.609088
524.950831
514.852194
539.004730
486.696227
530.059446
550.452341
523.866960
501.928562
512.515324
550.374544
534.799143
546.081165
529.302376
545.482858
554.199198
568.775438
546.801034
579.068727
570.412144
543.078525
499.136110
509.864797
543.350835
502.127093
519.788170
537.693213
568.551825
578.190651
531.942344
531.104925
527.957464
524.851100
510.104500
553.064048
555.325779
548.780010
586.478261
582.293049
584.495369
579.030016
568.466845
571.878053
563.915276
535.293672
555.448950
529.004254
505.750409
529.209824
543.627335
577.380949
557.640507
555.986026
543.199368
507.196551
509.613710
541.449512
533.727205
551.589093
487.117774
517.915618
510.061897
502.153121
507.113679
508.470576
514.790379
522.996498
521.573632
523.515001
521.303466
542.456850
546.862244
550.294898
555.093320
558.838234
558.279184
518.446832
494.101721
582.893538
581.870806
559.910049
521.163322
551.920034
544.103477
531.671812
478.548403
485.574337
512.258555
515.685942
524.019126
517.761840
544.415463
514.478530
534.124407
569.861774
541.494766
523.205487
526.814147
578.276060
527.928092
535.735575
531.571334
538.441060
539.615952
549.296189
541.800598
532.251861
540.058696
529.724917
572.377937
509.951624
540.555567
535.220823
548.574867
526.651486
561.774440
553.231646
543.628018
521.604899
551.549227
515.340013
507.015994
526.847696
538.979906
518.335319
487.491221
477.997723
503.412235
514.639521
523.370027
505.811302
528.252671
522.671107
529.159764
542.777789
563.868715
545.386892
537.314064
529.958206
518.688523
521.122609
539.249597
536.923194
501.525157
537.171348
500.322438
492.456504
499.542028
510.783689
517.598289
549.909908
560.925164
525.916298
493.933024
511.566602
552.247594
528.211279
546.004485
524.214853
537.656612
524.460336
526.288279
543.943675
516.859733
494.918888
503.173223
499.947509
489.942744
499.040071
518.789583
512.992379
508.770725
530.352056
529.598376
523.571132
503.570633
525.673758
526.727912
510.626379
551.034223
540.375575
539.382521
532.004360
540.545179
545.341441
540.174083
545.784294
555.732929
553.978612
560.446892
564.320791
569.093088
511.483793
523.558588
520.202970
554.963572
557.330893
577.598937
563.727022
526.998707
535.673418
516.701994
532.458215
540.129573
573.558778
590.600669
580.314142
565.694462
589.612203
601.692830
604.166402
573.430587
559.596319
538.720272
553.412098
558.661023
546.267022
534.407960
543.638274
526.715346
529.243071
505.504900
560.750791
571.986742
577.591279
556.204685
555.227179
575.885682
557.587094
551.636622
549.092640
551.263878
522.672349
508.898719
534.560529
544.474034
537.426554
502.672131
518.513065
550.272324
522.810852
549.959173
559.830151
548.639254
537.036516
505.266900
520.523975
500.281216
526.731799
535.890403
540.272305
518.556094
499.861689
499.854353
473.971252
501.378204
494.348640
512.819549
542.191491
509.570984
539.516679
579.590339
525.966211
522.662519
537.024732
526.867419
558.595277
533.159138
541.800392
538.921381
531.304527
568.362492
560.584166
577.384371
524.329678
546.536397
532.242375
549.675674
571.902824
528.606906
525.322713
517.091561
512.335621
517.320512
507.480400
474.956096
478.675805
502.994105
503.486399
538.833255
512.230821
532.841258
526.427837
470.505514
460.771550
480.544256
505.381241
510.111769
552.153250
578.046167
566.189770
543.885015
561.052428
603.749107
567.810501
568.963109
586.191136
551.173123
540.331771
529.224127
530.717849
543.177353
537.915419
533.433966
543.297151
561.671810
571.367801
568.929693
527.009741
529.066244
567.221827
536.747805
542.565112
512.511083
510.869988
545.128442
547.670610
554.110671
519.160822
550.989407
570.083784
553.727116
554.275009
544.179314
524.813308
509.355653
518.615079
553.702388
521.117497
569.271671
515.115363
527.028123
575.925312
601.464454
584.906568
562.155749
554.053946
519.696083
568.296829
564.656835
526.995010
552.405764
561.202662
531.118376
508.062213
516.938160
505.440793
497.007936
492.081614
518.319834
506.205789
510.102652
521.484538
542.623176
552.815162
513.599173
523.123516
513.124837
537.568784
559.272376
534.939878
501.728953
491.062470
488.628723
529.085096
508.049649
510.595543
537.134100
551.847733
543.620908
512.641779
524.480659
564.099566
557.620669
581.936182
511.605380
503.297569
503.193733
498.146716
510.507750
554.790559
551.265066
546.844568
525.327824
500.605422
545.485671
553.796917
519.014660
518.356208
529.108470
528.737179
571.503608
552.923198
579.972840
522.705630
512.359974
495.291652
508.129807
554.854409
517.552822
506.758547
498.479132
486.077784
543.236223
535.759698
543.167301
604.984488
550.290482
536.811421
516.340404
520.993440
509.603215
517.687514
533.017305
542.446326
520.038053
544.453250
572.032274
563.975071
586.692643
567.802127
554.855808
556.655323
560.141101
539.911521
550.534495
560.142238
574.991531
529.879210
534.090473
548.568030
550.100899
540.745538
539.770822
557.730676
545.169508
529.525843
543.474071
556.103340
529.533414
533.515997
552.150799
551.485708
575.332953
584.800780
561.232131
584.018674
569.158078
563.872093
563.070268
558.213045
554.050972
527.141821
520.845356
555.134475
550.292662
561.838475
584.580033
551.097045
547.881923
546.809409
557.927371
546.381168
583.534542
562.059305
550.638934
570.141664
552.349766
543.452237
514.917853
504.578867
526.148593
492.883570
528.012930
540.030487
534.636380
532.741899
546.226091
547.214006
535.494404
547.620252
549.759716
578.542757
555.504384
558.161333
541.580264
546.410552
567.625205
574.113540
550.315211
519.180232
521.194502
535.492743
519.497686
528.623146
562.088213
594.994925
547.171845
564.747392
548.108172
579.046166
556.695792
542.436541
560.814456
561.412754
557.373326
595.784936
529.260119
526.249601
566.403809
544.427136
532.626357
528.587949
531.686515
541.321685
526.889224
548.709744
565.447405
548.438683
526.000904
523.783889
525.082344
537.393549
552.191933
537.958312
524.821673
546.688521
538.994346
522.573762
502.893946
504.314523
511.697120
505.900317
534.428864
531.200469
569.683221
566.270625
568.884772
577.370291
561.951506
558.614372
500.308716
499.207958
541.944099
554.463185
531.863937
538.486418
596.962840
576.554715
574.155062
551.958847
543.567049
548.090525
523.723515
536.023829
539.875854
558.935259
563.321152
539.424511
566.250128
570.763545
603.553148
594.648463
586.492879
551.876260
544.171160
519.733617
517.855082
519.653206
560.320586
555.399044
526.683758
516.997545
539.293465
550.542137
551.303775
561.738003
577.163144
591.148182
555.806852
514.880341
518.263249
527.638871
532.600097
490.132202
504.658255
521.021132
542.313294
577.268454
576.217207
579.412783
550.879657
533.482282
540.520820
543.040780
525.830958
518.023588
555.527116
572.219558
553.540749
536.117201
524.033835
521.918102
501.165206
516.120170
532.780804
496.183652
531.763024
522.995055
512.361573
537.107209
535.218681
508.829235
530.956481
550.728703
515.093274
521.448690
536.607022
539.806110
520.776169
523.637125
524.672211
532.690980
522.840539
532.363702
530.406020
517.598182
541.666775
562.072805
559.572397
553.010992
544.644937
539.109355
528.458189
523.248072
540.784505
536.712957
560.649314
553.862421
543.569856
534.409888
550.968574
551.165385
561.957104
556.511862
524.668926
514.231632
520.419563
538.996249
577.161198
572.632540
566.483547
546.188588
566.556572
562.217983
555.485440
533.143245
563.100344
592.150493
529.123657
528.558146
509.419344
540.316779
563.844421
560.678942
581.617293
566.820773
559.954521
551.278145
549.006669
537.583650
534.814130
557.027733
556.970121
537.081040
558.955151
564.418435
540.776251
541.374994
549.132912
582.717618
543.816312
562.789437
538.391682
529.296641
481.884910
505.398485
508.052445
509.560216
545.568582
514.406742
483.911790
504.011458
512.413690
505.475224
527.879084
505.248327
496.734427
516.118062
492.716575
481.899668
469.464273
477.737842
541.837075
536.520055
588.135918
567.433287
535.779817
535.558035
513.773662
531.087489
501.060135
471.620387
514.163394
525.892819
548.158017
509.095358
494.280366
489.085373
530.271067
537.400054
550.484604
536.991457
506.709174
566.075162
528.166609
534.127537
519.988218
541.032836
542.924293
523.855252
533.546595
516.564456
533.522641
543.799703
515.833990
501.732088
508.002490
514.115969
521.228701
537.454758
520.123790
511.012592
508.292432
567.857284
568.972370
545.791307
510.062886
510.989611
524.123707
530.511159
533.231609
538.145399
558.757147
558.371911
523.021881
546.851760
564.894447
529.646600
534.360666
510.862942
555.496061
563.242896
539.411440
511.847287
516.909125
535.229627
560.714750
547.986497
534.769101
519.969659
547.319343
565.631773
529.700152
539.647596
537.836676
536.842798
531.098291
523.623347
514.570029
548.739042
554.261886
521.159732
513.783353
514.014133
528.049348
502.405006
511.226487
498.282230
492.096953
525.711179
566.559428
551.417142
575.822951
580.749918
527.491967
494.463971
538.480404
537.053508
527.285991
525.832635
482.163065
494.190680
498.235015
495.341561
494.365454
524.172297
522.735761
519.864967
499.890201
497.410469
518.686907
549.256639
529.589105
532.768259
533.252476
540.937587
544.929571
544.301078
560.397867
543.899718
563.879896
538.288270
522.176573
548.972058
544.668802
538.267818
545.598456
579.218098
580.198943
536.424189
507.983897
535.582576
523.437805
521.597541
508.841574
490.711683
475.788890
488.404372
534.858501
524.575980
535.309812
519.235329
562.534744
587.210195
567.423603
564.481019
544.886437
539.266786
518.773187
521.008388
528.244580
525.344888
537.006750
551.103289
571.572576
580.750784
561.602333
524.389847
500.574951
488.745645
489.735758
478.577780
506.998859
499.185887
488.529392
511.687003
568.066028
577.054991
585.178835
544.450633
535.055336
576.536376
570.701675
579.797007
537.590810
527.130393
509.859198
556.516132
564.664434
510.954555
524.800680
497.406749
520.476462
515.820032
523.918004
515.370900
519.446725
532.965120
488.713104
499.249326
511.859979
509.530938
529.857619
499.836454
512.958897
527.827113
515.479450
519.675662
531.635713
537.207728
516.397825
526.214091
535.350632
544.034758
549.178028
547.684716
535.222118
561.982975
534.947541
549.155925
554.098063
530.288252
524.071438
517.694833
494.248119
488.660615
513.426643
540.802959
552.538733
528.670238
554.552860
561.666681
569.395790
533.789559
563.176959
507.977149
539.457797
543.864587
521.473485
527.314290
517.514065
533.153065
539.937984
525.574172
557.541104
536.594153
532.845006
553.618150
520.112249
543.044838
543.976166
567.704961
550.415471
550.505377
580.807277
595.130450
583.542066
595.615688
544.216863
537.125539
586.851620
568.139563
530.826392
538.521893
497.673037
498.031634
500.812700
495.244869
550.322544
543.747700
545.986312
535.943281
519.568177
510.572088
534.272702
555.120332
564.600760
536.556048
503.926039
514.461632
524.034791
510.969550
526.376819
509.927743
553.083018
555.188890
584.411572
555.732427
516.808890
503.612635
478.295064
521.367455
509.666604
504.233975
532.705931
558.877606
544.388027
502.628861
539.600552
541.810982
563.305973
545.283546
509.046643
513.856571
527.890622
544.191034
551.289385
545.554671
557.778069
551.796020
561.994946
543.236034
546.585731
544.723407
518.346076
504.270593
518.497363
501.686283
511.249679
519.928325
539.873101
524.924171
523.150754
552.857478
584.601411
574.762201
578.070620
538.036841
545.073919
567.771695
536.271359
526.938123
526.522720
527.302677
524.508463
518.190976
530.467329
515.944872
504.797251
532.389713
574.844845
544.980488
541.045935
517.975155
541.868390
500.711531
505.485869
485.613373
541.235173
524.622706
521.409089
539.538857
490.522362
502.041518
530.515028
555.663488
530.214864
528.599879
520.398569
553.158682
568.325821
603.698900
584.538665
547.623547
534.965899
505.391987
561.950290
561.049009
542.025157
540.136934
533.897203
533.335332
570.051998
562.586549
556.820499
529.490910
485.353876
496.463281
519.057862
523.213343
543.945904
520.764288
508.982945
563.704282
531.743840
556.501717
532.170375
551.953736
580.970396
559.609017
562.946241
535.824673
554.522643
513.746202
550.245983
515.949680
517.919807
522.518068
529.430064
505.075201
504.227077
518.689914
484.912742
495.333235
475.116406
540.293844
535.734799
505.466706
548.852679
572.348050
572.048344
488.116382
504.473189
521.232069
511.763714
522.597892
534.568004
538.102952
512.852607
505.390704
503.639302
519.952525
551.965241
531.412732
503.285591
534.059430
545.463923
552.341958
515.689968
540.904195
563.150446
550.146013
559.239089
563.752093
534.042393
505.589327
499.080775
496.509609
492.542259
489.275193
512.423677
535.838520
542.160386
574.912458
554.189398
561.313744
573.385182
552.925353
548.499923
585.219508
581.691528
588.453303
556.496108
535.823589
513.001485
526.266044
526.139477
563.392209
552.928026
569.920122
582.269254
528.388542
548.934023
563.629848
543.036143
548.160820
537.538297
538.023545
509.241372
532.581295
579.085163
584.312378
547.522960
551.192081
531.015578
494.306835
502.875037
512.602982
537.112021
539.497243
533.557407
541.202695
527.947355
563.783911
542.610956
543.807334
509.058066
517.033450
530.395371
574.087146
569.587676
569.033137
571.540216
577.995652
510.423391
531.292349
532.952146
524.097276
549.263943
531.183480
572.207582
543.648128
547.876106
547.031550
553.393222
570.486510
579.213985
535.696073
525.505089
507.101322
516.739682
508.645916
512.887366
498.848558
522.240378
537.565976
498.907337
498.004123
526.704340
512.763234
528.193822
535.308674
523.924588
531.227214
506.689201
523.420376
536.150168
540.658903
548.843637
556.075908
541.783454
538.386250
541.343554
529.941977
557.975024
575.144512
537.320462
525.759186
499.844676
500.093554
547.531468
595.641575
552.015403
538.381479
545.358546
539.681493
551.561207
540.450853
505.728479
514.352182
525.960474
542.185317
554.804662
547.750172
558.147977
543.045717
512.285942
525.782717
520.924653
499.798562
484.127030
493.606331
501.616148
540.936283
533.686691
541.179897
520.946110
540.434164
514.844963
553.300263
521.034236
525.621490
546.583612
544.600110
540.175294
544.843028
552.111523
542.335806
512.916994
566.021993
573.915334
540.217848
533.297811
516.623227
511.949100
520.727721
513.261633
514.933391
497.676382
471.268099
510.327145
494.979761
476.109288
514.877911
501.526452
477.099346
475.590139
494.499292
548.315311
526.444463
537.116540
533.823206
527.871685
525.221124
508.072914
544.094910
529.539546
537.800759
521.132243
517.714194
514.230752
530.201770
544.970327
516.947815
486.294058
533.725351
522.100962
529.067084
538.219458
550.068467
550.470790
519.178153
556.587003
528.521097
525.434877
511.877295
543.141430
531.935162
512.214499
550.306920
575.142099
554.996567
546.251102
580.042286
568.962328
568.590398
531.604691
561.249948
528.355394
547.796324
551.000956
551.559677
541.455083
570.339777
558.223986
548.397355
528.956825
544.027431
499.113587
496.857485
529.085799
518.281427
518.713777
538.801200
555.462434
559.186408
538.200463
513.027736
527.266744
498.486387
542.705831
524.864456
520.123774
525.790184
536.641438
536.728448
551.328793
504.910516
588.281692
559.913987
549.062726
540.129358
567.306653
548.300744
568.725238
546.827927
554.442919
577.185722
558.447495
548.524101
547.625336
570.337931
572.784745
564.874744
542.497756
532.762883
519.951578
558.244450
535.346248
517.843540
541.122963
548.357052
573.013621
589.720520
555.890690
554.055661
548.338781
523.266280
536.717413
517.623924
485.259939
482.612321
540.354589
535.258644
510.850477
530.500271
534.968527
563.677405
570.433153
545.079727
584.525257
609.889533
547.699887
551.055143
530.941230
526.628436
524.835143
525.600344
531.507912
499.497040
521.915920
550.523036
555.397953
549.763382
526.295784
547.355552
531.895110
528.098468
545.930513
525.299473
523.518912
520.840691
537.285005
558.653608
566.910692
552.298102
564.406695
541.947794
526.949825
529.232314
559.527509
552.076061
576.846335
534.743539
527.028684
540.150285
562.766766
539.140715
551.765681
562.366864
504.387810
515.098531
543.678675
538.561536
491.019752
480.206033
488.668937
504.437754
510.075555
486.470821
540.270637
516.923013
524.341731
510.615064
478.666921
519.020382
556.750525
502.363416
525.376266
561.933930
584.541654
510.488241
507.155191
508.969910
457.724723
477.817605
526.821151
567.165607
546.515721
551.615378
524.429017
523.614188
525.709442
555.792184
558.296920
546.204898
551.158506
578.841774
596.737973
591.361204
600.779112
539.866517
523.741242
512.637717
511.882436
504.359995
504.080210
495.150649
473.655787
488.596436
465.424816
506.093194
556.114184
529.574055
540.024799
539.473953
536.969438
505.373236
509.325167
536.844029
551.732695
534.499773
560.916983
549.234239
561.124475
569.385009
532.864090
524.498134
521.972396
571.383351
553.334990
521.755159
536.217945
569.358548
558.093021
543.162025
576.125875
566.572789
547.686210
576.813365
574.762514
568.024761
518.932765
520.670908
487.074982
461.584960
486.392642
481.087855
472.129788
536.214874
534.642421
505.398251
482.290694
509.276551
534.679565
497.460377
526.540677
551.424255
560.530883
522.171798
522.974298
511.896440
538.535234
551.977165
535.423123
507.590974
533.189931
507.015844
525.411848
514.822570
502.077118
508.273354
517.352133
527.009854
542.730539
532.676461
517.311786
541.364737
516.431317
528.975763
511.562441
524.619075
536.295784
579.566481
571.537899
554.595158
504.100462
521.650085
524.153199
526.990481
580.887117
562.359162
591.645472
545.255691
525.845902
520.666148
527.903401
529.210988
534.811651
533.439630
527.549673
570.630691
582.100817
581.502543
526.815683
548.673735
549.619193
506.808628
522.913315
516.485555
560.523418
561.723617
553.588819
580.777855
536.192195
551.952213
578.037074
542.529025
553.939360
561.149657
563.315821
564.278126
522.351656
503.698827
540.777260
536.862320
571.382846
564.675594
560.876519
557.859129
556.519167
525.708092
521.243948
508.084746
534.447095
524.924332
540.069056
571.420574
556.840929
558.706459
566.812706
553.304756
563.007926
534.795524
530.054323
519.437032
525.106876
545.423623
565.561718
548.415513
526.321946
515.377909
498.411696
503.530817
533.819146
516.588086
523.707507
536.977520
519.151507
547.511574
555.867513
559.906679
534.334734
542.966169
565.458414
552.184517
563.170508
545.458374
495.806366
498.828382
529.552298
539.806229
535.753771
550.996199
543.166646
539.614904
525.920989
527.125030
521.445765
529.193806
543.127567
547.354701
536.048816
524.932959
518.476553
541.784177
469.345356
514.243599
542.305893
541.951956
545.570752
545.768102
559.150546
537.694243
531.720097
556.542535
532.484115
533.225834
574.210881
558.723304
556.869207
549.919645
520.674485
535.871860
510.514036
520.556686
578.842363
553.149476
613.723821
554.896554
557.116177
596.156852
550.883867
510.146829
532.574712
487.572979
477.568355
509.906316
514.971348
502.049890
542.169837
534.952363
510.902639
525.229233
517.930042
509.960348
542.194746
550.987957
557.583213
535.112300
544.328843
549.505934
538.273877
537.380197
574.410673
547.538051
532.676787
534.293484
530.672407
534.931662
506.237906
526.195211
519.861235
532.291971
557.385070
545.848087
556.471560
514.970253
536.467719
532.529202
519.987789
533.204071
555.407727
551.583030
547.580433
582.294623
592.097748
574.114798
582.936628
565.615440
563.794659
552.118333
518.100815
490.260609
536.160819
533.192379
533.360143
551.523037
522.221690
526.034160
488.393416
509.549928
539.352129
514.413431
525.239837
532.840618
560.394103
546.591808
536.582422
529.075220
550.968868
543.021933
596.470736
551.517704
523.303074
537.663761
527.505526
538.420688
524.068966
528.948462
542.840576
574.270587
568.694592
543.431489
570.186377
571.427998
559.697398
500.732660
484.292723
516.750945
567.144426
515.518324
542.967758
565.087882
596.395647
561.887491
569.205452
529.945542
528.281180
527.047325
557.038296
508.478524
500.206556
492.305355
485.849593
515.966724
550.994704
539.037402
539.856446
523.982450
505.038693
518.265137
524.140105
513.649165
534.143520
555.984766
535.727319
542.974224
538.507229
594.182353
595.959544
586.844636
537.356830
532.457136
535.725186
531.700582
573.840294
554.539353
596.619745
567.932056
574.921551
533.712965
516.923421
555.238282
536.115207
552.665582
562.942707
556.586874
513.785827
535.018669
514.049580
533.869216
543.108645
533.708142
526.089271
515.657573
515.396052
539.568515
543.435167
519.289304
518.473276
551.196875
525.809679
516.513244
538.284421
571.878883
561.116170
544.217982
523.258872
510.338667
586.997665
541.398599
547.674505
517.294221
509.017552
469.396734
491.667498
529.295082
529.145321
491.224531
501.019230
531.088134
521.023928
590.755007
575.842826
537.020716
492.236949
493.293949
490.606758
471.592524
483.161227
520.610895
527.875361
509.940003
530.694914
506.773531
523.914924
563.192814
549.189982
559.080920
541.736951
542.673323
549.506237
532.232531
505.382545
536.501772
546.037413
549.874763
528.640880
520.457749
505.623757
525.625079
533.619279
524.437935
514.522593
535.765773
562.744218
579.576609
564.973370
591.259608
527.290549
547.070083
550.336164
551.613677
540.436445
532.742271
605.628896
563.114552
536.223077
523.150548
528.636711
498.719774
545.707069
598.703093
543.261457
534.991192
556.818248
544.444154
519.056830
520.075821
506.024589
542.992177
522.314555
517.840967
499.389581
509.069578
528.230585
521.413183
542.274555
542.965489
537.038561
525.245192
543.584050
512.554948
535.711412
530.316220
532.020336
534.260058
517.321048
522.508912
528.190153
508.335967
482.360851
480.217562
505.943035
521.809981
529.876675
515.025669
565.453501
571.748085
550.028193
561.609790
553.915649
547.961649
536.625840
530.597971
510.367966
528.550514
551.505921
517.826995
489.658952
519.896342
526.792272
513.618062
515.390101
549.567676
580.726151
557.053770
554.792223
528.539743
567.784984
540.905467
507.812839
528.974433
522.867688
520.974117
542.954971
540.906074
560.901007
562.349014
547.105259
521.880241
543.939378
523.632611
538.107477
550.328641
531.852820
541.647018
539.724616
567.177948
558.175576
557.859544
545.244420
554.001523
558.228124
525.722911
542.408819
544.731412
520.304658
541.879218
511.268600
525.486431
551.557473
545.102129
538.018124
501.609015
522.021452
546.056273
538.629711
534.302917
532.479793
530.999406
528.894489
590.095924
562.470193
588.075596
567.932760
569.821219
569.707317
558.722732
541.495741
530.771334
553.629958
519.456220
475.262684
492.416012
514.677720
507.581503
542.252695
546.597905
535.496482
516.563349
523.905545
547.363695
530.996767
506.450029
487.403139
496.160971
526.971839
504.464449
514.408329
571.876113
539.476535
528.971346
567.022646
585.378611
585.237720
585.911535
593.819123
553.362173
536.175034
513.193629
525.440962
509.099300
516.145455
533.220533
507.741451
538.491604
537.710607
525.537855
541.308721
564.360736
549.121963
551.509200
540.811324
527.716349
543.076340
500.321170
509.153418
503.190791
538.869860
543.699434
494.906588
510.500336
501.441087
500.370603
507.567096
516.587803
530.843551
516.027708
492.023358
496.367043
522.034220
507.061693
508.560466
501.753471
550.004430
541.604494
557.770027
545.182823
570.684296
594.378112
551.649319
560.846331
556.832137
537.864686
552.164597
536.967917
566.257204
552.534969
549.938280
528.363431
511.321682
534.598956
539.564338
510.803153
531.779695
520.067860
534.989193
559.359469
552.124160
624.528008
591.852392
580.753876
580.631268
560.885364
533.007546
538.550483
567.006567
572.524682
569.877623
515.993720
524.653492
523.254624
520.860106
539.936730
499.817412
503.540330
539.989137
567.525887
520.589880
516.100879
535.261420
512.428625
490.102213
470.903851
499.400478
563.226527
539.160325
569.285980
531.570464
494.601535
527.009391
579.966848
527.944640
554.885732
571.290229
588.991032
546.347662
531.870640
511.663643
527.520911
516.819790
546.161357
497.135283
494.980930
518.322760
542.753664
553.591770
584.909052
568.010047
557.463300
564.618256
535.205023
514.248268
526.902433
515.602240
509.827157
517.056034
503.990435
514.022577
534.076524
517.191074
540.702366
572.219629
540.962845
555.919267
582.303505
524.397255
538.518449
500.662844
516.904992
523.573070
544.644261
532.465021
543.139505
537.116252
531.770374
510.549301
501.621589
539.963825
579.140474
515.170570
518.640343
522.065010
558.818430
555.574406
510.966284
537.486274
591.685342
563.621286
535.470701
476.629231
527.923943
519.562763
559.608657
561.258590
580.036356
591.019546
555.192962
537.631159
530.492351
532.179994
501.372847
535.584517
553.557509
534.770080
536.768002
513.616507
546.490114
529.609194
564.493727
574.423724
586.817028
540.306539
533.813112
536.242108
576.219399
538.816568
555.879250
571.129368
534.752349
554.968530
538.767166
533.439249
563.197244
551.496630
536.133242
524.792732
511.872599
508.792987
511.720509
500.379165
514.724598
490.668622
481.700702
514.211225
549.976811
543.633808
523.886932
528.004296
544.199554
539.281854
542.942184
521.349986
522.094929
500.531907
516.351948
498.806056
497.734429
554.419763
564.015343
571.330093
530.369796
544.805021
505.839148
544.516726
542.813200
524.520057
530.887404
540.063406
510.064242
547.648157
566.447822
544.813666
534.641456
510.008153
511.757127
463.404470
469.910583
467.130630
487.328990
490.531395
504.199399
542.824094
556.131432
553.171346
567.225503
568.571834
575.054055
565.664675
553.892435
530.492140
505.175945
529.998523
507.419943
513.138193
533.400930
548.479169
527.921333
529.371461
549.347368
555.139595
503.060580
540.147791
542.349217
484.462784
493.192826
509.172310
501.819761
532.817437
532.620980
554.339219
552.001608
551.816278
531.481134
560.682642
564.475510
548.048053
554.291190
534.252700
560.666021
549.313953
571.582836
506.237142
515.352069
509.281339
522.250765
545.245883
523.184624
540.601069
539.155572
538.792850
556.744684
589.112049
596.997298
576.587108
551.500835
547.983394
540.154268
533.811861
534.524682
505.987167
526.283516
541.728825
546.527400
529.762277
543.525318
530.931370
512.258862
499.402515
507.605460
529.575053
511.394883
524.341741
537.644050
525.297890
551.655026
566.038254
552.999417
537.731202
513.868816
536.487841
500.518868
538.938337
540.858698
515.842464
503.252545
518.148031
553.337951
520.894909
512.287151
524.073774
526.311248
530.093036
499.341675
531.409232
537.164636
562.428208
586.205860
541.046438
573.670594
568.953673
550.783840
552.088013
573.247221
534.106821
510.492806
510.760973
544.337914
527.519379
561.569748
554.913214
543.746170
525.497016
575.144549
572.889991
592.628912
576.161772
542.811172
543.391961
509.733845
512.815552
511.625410
522.903610
507.156735
493.169473
517.594166
478.262931
473.141088
530.480568
538.843985
549.286486
547.545858
529.209990
536.147288
562.046780
555.841527
574.360032
581.757011
563.484682
540.428711
537.967387
533.746934
520.680382
530.818550
540.444339
514.887478
537.710842
491.238350
513.677275
513.248733
535.192007
523.244618
509.129530
497.347783
516.285059
523.016192
517.529423
512.368800
495.393661
515.876692
526.625792
507.191734
512.063828
500.254567
522.267149
502.845887
512.364865
525.951437
530.647723
556.857246
501.714389
519.688921
545.696914
538.106338
546.358554
555.916980
572.976751
569.583806
542.225160
560.977694
550.340431
563.149448
549.727073
521.111028
536.780996
516.427509
542.744122
533.209210
543.210562
535.801840
541.545071
521.423611
528.335665
534.167652
527.622207
540.166476
580.015785
599.350169
604.179326
578.594340
564.016526
568.515170
538.557485
533.318301
594.720395
576.436832
559.220815
555.222619
522.540861
501.161858
557.518461
554.498823
550.242569
550.512448
517.581110
501.472081
540.970328
528.324978
527.981314
531.395351
525.157957
521.627054
551.185439
567.884514
527.107511
544.017288
587.828174
557.986954
545.625483
566.571335
577.763882
573.606312
523.832683
514.152081
522.617863
527.764322
497.773988
497.281822
502.782161
501.168189
547.338583
536.023367
579.736902
581.697003
554.194051
546.758615
527.695143
567.897200
560.362639
608.047625
581.148839
582.712993
551.044256
526.154683
533.975204
525.459477
542.174567
555.181664
556.933298
583.332054
550.277714
530.854444
559.554369
553.299935
511.166293
