5.537661
5.505779
4.947163
5.107750
5.115577
5.098807
5.127430
5.270536
5.182514
5.274768
5.398029
5.482732
5.691274
5.653726
5.380037
5.359894
5.264560
5.566595
5.444936
5.266023
5.418824
5.261784
5.165306
5.628111
5.735392
5.434521
5.414193
5.866375
5.390178
5.186828
5.218796
5.076492
4.960473
5.237827
5.569372
5.412620
5.622613
5.637957
5.383548
5.381266
5.422071
5.079909
5.120408
5.276823
5.633787
5.944944
5.450751
5.825619
5.560168
5.475248
5.657311
5.789221
5.519971
5.584087
5.543102
5.642361
5.423261
5.622477
5.725682
5.625610
5.535891
5.744247
5.640076
5.725233
5.843898
5.992149
5.557119
5.369896
5.514356
5.307227
5.487552
5.564938
5.773438
5.451131
5.134943
5.047077
5.468572
5.757053
5.634546
5.486057
5.509684
5.326572
5.208422
5.822908
5.605167
5.484329
5.335980
5.684497
5.367358
5.231924
5.159598
4.993732
4.985943
5.267207
5.426626
5.508176
5.123027
5.195399
5.190897
5.425615
5.524593
5.771613
5.605589
5.652248
5.359182
4.979936
5.004906
5.168898
5.495047
5.610901
5.753631
5.539179
5.374910
5.491095
5.466780
5.497377
5.422503
5.378341
5.382198
5.507047
5.297911
5.090549
5.318307
5.937051
5.612073
5.364929
5.464290
5.389441
5.566228
5.592086
5.478481
5.451937
5.850585
6.015860
5.803868
5.471103
4.976822
4.824120
4.803382
4.799404
5.139851
5.437077
5.365255
5.680603
5.556403
5.290880
5.337594
5.603763
5.663518
5.435734
5.409664
5.379769
5.479743
5.433713
5.547845
5.592764
5.166380
5.176554
5.414485
5.613008
5.494856
5.475390
5.541542
5.716612
5.645258
5.443728
5.439525
5.333673
5.342957
5.548558
5.315910
5.441749
5.199369
5.231665
5.154015
5.450160
5.652769
5.876062
5.785698
5.870640
5.876973
5.058760
4.910447
5.077462
4.812945
4.600927
4.797109
4.940376
4.951769
5.248289
5.277388
5.131723
5.247889
5.430507
5.519351
5.657278
5.577344
5.515538
5.580394
5.294978
5.271332
5.635289
5.281968
5.284251
5.505961
5.775160
5.632226
5.743166
5.440431
5.384887
5.212092
5.185305
5.449570
5.248646
5.389740
5.609659
5.295768
5.532224
5.265810
5.114933
5.132998
5.447527
5.553474
5.491825
5.140924
5.127662
5.281625
5.165359
5.483341
5.087564
5.563872
5.729801
5.393267
5.234902
5.117687
5.424164
5.442165
5.560780
5.478377
5.377962
5.299687
5.303449
5.341464
5.644288
5.428248
5.470332
5.213685
5.391916
5.086485
5.308875
5.677755
5.336791
5.582476
5.527499
5.532151
5.773405
5.725841
5.976324
5.691253
5.360884
4.994086
5.248067
5.131683
5.702207
5.679339
5.500838
5.540638
5.271049
5.390763
5.370928
5.206771
5.069427
5.020786
4.974286
5.459830
5.384270
5.613652
5.322510
5.384572
5.602779
5.707821
5.734397
5.580997
5.420822
5.375451
5.277807
5.493989
5.740037
5.939200
5.621022
5.639563
5.592567
5.853880
5.823489
5.368658
5.149460
5.048000
5.273712
5.385038
5.381050
5.176315
5.242706
5.420310
5.317043
4.983832
4.958213
5.040396
5.257146
4.928558
5.261711
5.275564
5.608385
5.328034
5.195679
5.624570
5.723837
5.467584
5.443000
5.565574
5.057480
5.106868
5.379522
5.397945
5.562105
5.375642
5.172268
5.108547
5.058279
5.632518
5.197715
5.602660
5.549068
5.544924
5.316747
5.263624
5.356805
5.216327
5.465380
5.520105
5.795614
5.778105
5.333421
5.563959
5.617005
5.813577
5.498463
5.495303
5.443515
5.270090
5.338554
5.358101
5.213697
5.344943
5.530156
5.876474
5.696761
5.248279
5.595346
5.454683
5.473712
5.902920
5.468026
5.418461
5.224403
5.470550
5.226897
5.165044
5.409150
5.475261
5.801908
5.624414
5.539623
5.511093
5.264447
5.433689
5.471993
5.441596
5.619458
5.275389
5.283252
5.426276
5.349343
5.103504
5.244659
5.334216
5.386301
5.099771
5.415443
5.415867
5.251785
5.319566
5.471347
5.457694
5.597119
5.463553
5.377208
5.356116
5.221943
5.324295
5.774504
5.595161
5.590692
5.442381
5.605674
5.489407
5.376226
5.025239
4.877005
4.972611
5.194370
5.506237
5.149944
5.311137
5.451831
5.508758
6.067721
5.802371
6.039907
5.410374
6.031170
5.625580
5.406707
5.287119
5.296881
5.533040
5.466188
5.419169
5.320451
5.009532
5.176365
5.152773
5.299567
5.194027
5.258313
5.227994
5.230822
5.215769
4.978833
5.420857
5.518831
5.533758
5.679876
5.639986
5.568460
5.335543
5.457658
5.234177
5.137115
5.285817
5.345038
5.461279
5.561298
5.602647
5.439570
5.426338
5.511496
5.327001
5.431596
5.633194
5.210779
5.231875
5.623516
5.355090
5.726013
6.066997
5.976909
6.013469
5.610777
5.970766
5.864006
5.555401
5.653906
5.532673
5.368545
5.750758
5.787652
5.893278
5.800541
5.446974
5.412113
5.379426
5.419139
5.364734
5.340285
4.964508
5.388329
5.610704
5.423055
5.490436
5.343484
5.037295
5.034330
5.066390
4.972406
5.299286
5.501955
5.394700
5.057714
5.416370
5.155950
5.239396
5.202812
5.237867
5.428402
5.548965
5.299724
5.280634
5.362309
5.528874
5.389608
5.728573
5.830358
5.747212
5.237499
5.342394
5.507754
5.518017
5.518278
5.244122
5.381089
5.705000
5.084280
5.082544
5.071688
5.081943
5.182508
5.581259
5.746746
5.652513
5.668117
5.493579
5.231189
5.125672
5.469012
5.493149
5.776009
5.494646
5.313018
5.598156
5.800686
5.677557
5.495693
5.524283
5.379243
5.171037
5.255489
5.471538
5.500295
5.461121
5.555142
5.371223
5.147246
5.141772
5.183229
5.632886
5.183918
5.120433
5.080132
4.944154
5.341625
5.238425
4.986182
5.209046
5.167312
5.372771
5.139107
5.229484
5.805472
5.849671
5.787719
5.383648
5.619008
5.775362
5.731488
5.440159
5.621628
5.538096
5.500868
5.261798
5.263298
5.362571
5.539919
5.640570
5.346540
5.204323
5.356946
5.789945
5.711709
5.477197
5.534433
5.089831
5.393362
5.603757
5.458801
5.396687
5.121292
5.247518
5.519536
5.411238
5.405822
5.323738
5.261478
5.537577
5.670565
5.327783
5.263455
5.239082
4.894109
4.861126
5.171735
5.147092
5.222144
4.951797
5.268824
5.048402
5.239586
5.296963
5.558409
5.628183
5.569581
5.610575
5.473569
5.624577
5.715359
5.369076
5.341764
5.209192
4.882704
5.231460
5.440475
5.453323
5.340709
5.602279
5.506027
5.345130
5.291956
5.159663
5.278922
5.361424
5.183535
5.023200
5.183396
5.313998
5.296258
5.623315
5.466416
5.366622
5.368023
5.384203
5.415318
5.428101
5.310259
5.224122
5.230383
5.249119
5.011096
5.159490
5.149813
5.251955
5.277566
5.588856
5.508783
5.430772
5.287527
5.304508
5.400076
5.216660
5.399015
5.444265
5.546936
5.205073
5.186237
5.191686
5.150951
5.421247
5.676420
6.031767
5.467575
5.478461
5.530984
5.625951
5.968620
5.749421
5.363562
5.497759
5.554098
5.253460
4.900541
5.262746
5.480453
5.658525
5.397600
5.077874
5.417393
5.475300
5.295624
5.601728
5.680307
5.775874
5.538703
5.556574
5.833032
5.619151
5.826671
5.695345
5.678577
5.466456
5.807223
5.565783
5.604576
5.931734
5.728379
5.773636
5.567545
5.735403
5.176545
5.222453
5.484387
5.510385
5.491671
5.166611
4.841431
5.636607
5.606915
5.176845
5.105144
4.854029
4.878313
4.816547
4.863272
5.144425
5.132124
5.339180
5.512913
5.594712
5.056624
5.122618
5.216154
5.696649
5.842492
5.412590
5.504610
5.070777
5.728591
5.469892
5.446099
5.352439
5.656655
6.261899
5.755055
5.607202
5.408388
5.135927
5.177726
5.557634
5.365322
5.458933
5.644072
5.629264
6.484420
5.899679
5.389927
5.398781
5.211277
5.002382
5.166716
5.136465
5.313888
5.687229
5.365425
5.394187
5.517916
5.550749
5.679630
5.438878
5.233838
5.008549
5.280190
5.235791
5.533583
5.543079
5.830378
5.692171
5.666064
5.583154
5.233882
5.411008
5.728622
5.451569
5.255128
5.420872
5.111446
5.318692
5.439405
5.556545
5.885729
5.736713
5.271695
5.457102
5.598298
5.330223
5.508987
5.540836
5.165069
5.006331
4.780993
5.239990
5.382159
5.329018
5.834395
5.760569
5.547045
5.742849
5.358837
5.283169
5.550185
5.587187
5.370280
5.285116
5.396886
5.048064
4.952886
5.482367
5.110714
5.247611
5.575643
5.570836
5.409317
5.300850
5.406049
5.435067
5.855243
5.382413
5.188961
5.178802
5.053052
5.133269
5.490902
5.288668
5.098241
5.101473
5.302789
5.408485
4.951164
5.098325
5.298757
5.299626
5.494878
5.374005
5.406036
5.250267
5.575737
5.214930
5.270426
5.265558
5.237702
5.074919
5.226746
5.196924
5.065691
4.851447
5.091488
5.092042
5.574115
5.619882
5.360515
5.023939
4.958549
5.079320
5.567901
5.513639
5.580328
5.848168
6.051836
5.771438
5.979458
5.650268
6.065247
5.858977
5.534664
5.532030
5.059568
5.266967
5.173560
5.537576
5.803959
5.308641
5.492876
5.361762
5.140180
5.243659
4.968008
5.417705
5.407165
5.499188
5.369594
5.105410
5.260216
5.358344
5.331634
5.383829
5.645476
5.377857
5.484348
5.431065
5.509712
5.338033
5.679846
5.501842
5.458400
5.472274
5.297547
5.563616
5.173711
4.883935
5.290337
5.322192
5.314130
5.324543
4.984165
5.401813
5.068938
5.119408
5.165148
5.476109
6.258139
6.298225
5.888847
5.649957
5.495253
5.331352
5.477348
5.675754
5.405001
5.344116
5.185367
5.255452
5.298439
5.397395
5.367871
5.200152
4.938831
5.125531
5.419793
5.487710
5.373980
5.252466
5.324049
5.620491
5.648529
5.614200
5.706737
5.454271
5.612022
5.275667
5.136914
4.845076
5.136582
5.520162
5.331275
5.575929
5.477383
5.569898
5.313383
5.231498
5.471271
5.343797
5.795846
5.728597
5.700974
5.200502
5.549278
5.732755
5.478811
5.295313
5.264075
5.410049
5.282426
5.592196
5.509941
5.271194
5.655140
5.384776
5.141202
5.583131
5.652861
5.405033
5.615809
5.173883
5.538879
5.438469
5.180963
5.008309
5.058089
5.197984
5.056984
5.515630
5.500670
5.740262
5.513399
5.362561
5.280585
5.094857
4.913613
5.171929
5.548776
5.274882
5.131911
5.272662
5.219270
5.337223
5.279516
5.382214
5.501823
5.448688
5.439444
5.502848
5.752400
5.766569
5.753335
5.575888
5.492099
5.501102
5.586995
5.572213
5.309674
5.302972
5.554979
5.384264
5.367177
5.559802
5.459347
5.696959
5.658885
5.839046
5.564024
5.464192
5.235148
5.270384
5.267471
5.300819
5.208914
5.343693
5.229936
5.338171
5.489053
5.864527
5.994753
5.703131
5.503445
5.460126
5.688469
5.205567
4.964525
5.125403
5.104639
5.395635
5.474747
5.533957
5.271109
5.295664
5.479526
5.273694
5.342185
5.698601
5.417722
5.445515
5.282458
5.482413
5.677853
5.486294
5.564504
5.457070
5.380987
5.162955
5.013319
5.134121
5.163298
5.048828
4.827724
5.108425
5.286157
5.539162
5.420229
5.569658
5.745363
5.678672
5.506961
5.659431
5.326322
5.449153
5.591168
5.497782
5.420665
5.295675
5.317909
5.230295
5.224932
5.050391
5.126324
5.299946
5.349414
5.822360
5.410838
4.801413
4.696450
4.852065
5.821834
5.564465
5.463048
5.339943
5.564422
5.452278
5.015463
5.350973
5.236988
5.202372
5.460769
5.199296
5.645633
5.686489
5.351578
5.610840
5.483701
5.387658
5.301191
5.190270
5.327823
5.484086
5.323751
5.293430
5.343991
5.397530
5.278667
5.501099
5.652903
5.766201
5.687907
5.708094
5.706068
5.962649
5.700719
5.832534
5.637911
5.520646
5.738627
5.333869
5.826069
5.129878
5.291344
5.765868
5.753793
5.528081
5.597656
5.615785
5.608663
5.560783
5.252952
5.264504
5.502969
5.229774
5.304748
5.473663
5.615986
4.919150
5.085035
5.420930
5.368617
5.351343
5.413823
5.836734
5.495629
5.210167
5.050976
5.071846
5.321147
5.481427
5.333320
5.054061
5.486755
5.779198
5.508138
5.300644
5.280742
4.914766
5.197085
5.402531
5.516218
5.413088
5.490330
5.385118
5.389462
4.968271
5.160104
5.074906
5.084773
5.188902
5.310676
5.575533
5.791516
5.897621
5.517240
5.441549
5.273875
5.270600
5.353321
5.762397
5.263093
5.610079
5.828699
5.454010
5.387016
5.499556
5.444295
5.351951
5.524986
5.765425
5.576121
5.478392
5.803383
5.556369
5.360897
5.614974
5.546115
5.924815
5.974271
5.761990
5.960677
5.489363
5.532688
5.404185
5.344479
5.493263
5.390716
5.451804
5.474200
4.907695
5.144526
5.159743
5.075943
5.330163
5.449081
5.312905
5.211006
5.076434
4.979061
4.913705
5.359662
5.579024
5.427749
5.397849
5.216599
5.304399
4.953824
4.794687
4.973078
5.120608
5.290430
5.709822
5.689939
5.990065
5.865876
5.718414
5.601053
5.570935
5.627145
5.349424
5.396033
5.663205
5.277657
5.078857
5.420396
5.164974
5.776733
5.721910
5.336228
5.427631
5.398948
5.888969
5.674456
5.509346
5.203190
5.927319
5.824258
5.821854
5.656406
5.639103
5.674914
6.062970
6.039816
5.860234
5.441063
5.222985
5.190118
5.467841
5.557777
5.451415
5.082012
5.456734
5.514581
5.343071
5.268037
5.481403
5.644300
5.976356
5.756550
5.596011
5.301590
5.429140
5.541034
5.604287
5.553681
5.363910
5.326595
5.205466
5.561769
5.540329
5.176135
5.158098
4.822164
5.343860
5.212806
5.123992
5.110427
5.844142
5.757551
5.224217
5.591593
6.165227
5.559626
5.558748
5.512305
5.537675
5.194316
5.367724
5.612557
5.253544
5.335782
5.035395
5.480988
5.352991
5.268204
5.295280
5.431204
5.331328
5.463151
5.655508
6.002430
5.738195
5.726428
5.860277
5.315338
5.470018
5.649092
5.574697
5.672785
5.403924
5.611038
5.495686
5.312519
5.220147
5.436889
5.093926
5.195841
5.672232
6.227740
5.963345
5.923359
5.902358
5.922814
5.465152
5.799552
5.677078
5.406037
6.024709
5.865099
6.030235
5.794041
5.890790
5.582776
5.228652
5.048645
5.233171
5.082900
5.196138
5.331005
5.289651
5.675593
5.465642
5.284167
5.053738
5.304395
5.343083
5.236295
4.816250
4.795804
5.113591
5.579621
5.262957
4.943353
5.560526
5.376646
5.305882
5.197548
5.162285
4.969695
5.034835
5.435264
5.201685
5.349950
5.286630
5.137408
5.335452
5.779100
5.888326
5.884790
5.605169
5.477595
5.684648
5.760533
5.312392
5.375652
5.350280
5.142700
5.219880
5.114719
5.401818
5.247721
5.269641
5.261106
5.409289
5.221138
5.271613
4.791885
5.101067
5.747220
5.407739
5.322078
5.448248
5.475266
5.210506
5.238943
5.440227
5.219754
4.868472
5.135729
4.952443
5.188521
5.508936
5.611495
5.794980
5.544967
4.900751
4.996397
5.291972
5.678348
5.618321
5.757260
5.740340
5.494363
5.168737
5.141804
5.606584
5.754924
5.655343
5.911760
5.488029
5.481187
5.488097
5.838409
5.216711
5.236745
5.198898
4.947707
5.185211
5.366167
5.182654
5.812333
5.769089
5.562626
5.600728
5.543552
5.692420
5.592680
5.644000
5.450609
5.152701
5.185509
5.354656
5.497847
5.372427
5.288006
5.435413
5.219403
5.164748
5.227240
5.304513
5.375097
5.236045
5.305992
5.247891
5.605618
5.562852
5.106379
5.716994
5.550365
5.852995
5.657200
5.650075
5.378313
5.571651
5.508402
5.484045
5.284092
5.585335
5.630491
5.222589
5.259448
5.503388
5.897922
5.795485
5.773795
5.572832
5.175743
5.215234
5.284250
5.158957
5.443692
5.202953
5.701363
4.963865
5.153143
5.365821
5.419684
5.776573
5.421129
5.461614
5.650607
5.594568
5.529786
5.642141
5.538312
5.259849
5.393192
5.404640
5.611887
5.545234
5.745676
5.733213
5.247222
5.106804
5.293718
5.301178
5.328543
5.856650
5.813731
5.558207
5.646948
5.122847
5.054641
5.089848
5.529676
5.466954
5.402490
5.218158
5.385913
5.657856
5.386526
5.235416
5.202670
5.312079
5.479645
4.903965
5.678263
5.492723
5.438937
5.477107
5.399139
5.230551
5.037463
5.357062
5.522143
5.654252
5.224214
5.314991
5.585616
4.990374
5.091220
5.201169
5.327927
5.425713
5.471137
5.323718
5.719104
5.351364
5.096154
5.211084
5.139919
5.084090
5.497146
5.692960
5.155354
5.299984
5.268795
5.477107
5.406228
5.285263
5.551286
5.226004
5.711491
5.296233
5.334601
5.141965
5.127486
5.558516
5.435127
5.628014
5.497236
5.391504
5.013077
5.167939
5.658104
4.905535
5.355278
5.711180
5.358351
4.964606
5.622195
5.728207
5.586974
5.457316
5.348923
5.251787
5.540313
5.588735
5.348156
5.223973
5.444528
5.502511
5.413584
5.171851
5.151753
5.368599
5.608345
5.342131
5.599710
5.611089
5.517588
5.323564
5.693359
5.755190
5.756881
5.549078
5.954755
5.591071
5.461863
5.391400
5.445683
5.444202
5.743932
5.609639
4.916585
5.242103
5.639849
5.748824
5.316883
5.173029
4.957460
4.863028
5.159454
5.731376
5.503443
5.278692
5.226564
5.671698
5.593435
5.636427
5.249125
5.313867
5.305826
5.410934
5.204828
5.291088
5.955428
5.598938
5.232905
5.254663
5.303759
5.225043
5.392636
5.328853
5.348695
5.373508
5.209642
5.499246
5.848995
5.995081
5.821046
5.653353
5.323460
5.581612
5.706572
5.557798
5.431441
5.457254
5.345013
5.134041
5.148318
5.159562
5.617938
5.386559
5.560206
5.160994
5.177296
5.162855
5.239156
5.408996
5.458574
5.354735
5.371406
5.092120
5.070172
5.256643
5.455515
5.668535
5.708774
5.424487
5.846022
5.641759
5.627777
5.863688
5.271465
5.436494
5.616860
5.376820
5.821965
5.929131
5.690568
6.106488
6.039231
5.778181
5.459549
5.248582
5.367861
5.263648
5.248006
5.272981
5.379991
5.476772
5.430772
5.371397
5.373068
5.249032
5.160950
5.766898
5.935826
5.921652
6.239032
6.019790
5.678808
5.919130
5.567297
5.627292
5.207521
5.142425
5.259907
5.445508
5.220237
5.362706
5.189385
5.089667
4.937940
4.729077
5.093031
5.029562
5.488760
5.174389
4.814908
4.950390
5.322675
5.643150
5.184459
5.311357
5.179288
5.109171
5.030528
5.149073
4.758796
5.156632
5.194916
5.328512
5.420802
5.463240
5.661873
5.485422
5.513008
5.229970
5.218266
5.484891
5.406417
5.582932
5.233435
5.723662
5.270545
5.222539
5.623133
5.614861
5.339927
5.412544
5.575382
5.513518
5.088582
5.610835
5.342671
5.563257
5.771764
5.413528
5.299718
5.142714
5.426161
5.408370
5.440106
5.232209
5.326928
5.025816
4.966391
5.131104
5.067285
5.240987
5.280035
4.988952
5.171974
5.386193
5.090094
5.487734
5.311466
5.295823
5.405320
5.040763
5.054722
5.237055
4.967293
5.091373
5.243733
5.277899
5.303895
5.486106
5.276314
5.485343
5.139413
5.325009
5.287813
5.309642
5.531492
5.528969
5.495267
5.167895
5.602962
5.299999
5.428919
5.475649
5.829458
5.702687
5.402142
5.641412
5.214843
5.516020
5.509243
5.315873
5.074776
5.273742
4.960137
4.812855
5.149830
5.188743
5.427481
5.537615
5.393093
5.277407
5.617939
5.442817
5.545910
5.303828
5.401483
5.292868
5.524691
5.650208
5.676559
5.182236
5.219256
4.999943
4.974278
5.164353
4.909244
5.293848
5.162263
5.333668
5.456205
5.554192
5.292570
5.607416
5.394732
5.270013
5.351860
5.424595
5.518336
5.363633
5.651730
5.371234
5.282147
5.342478
5.580805
5.320390
5.417519
5.222066
5.359638
5.684673
5.624203
5.577200
5.503731
5.433049
5.319624
5.206802
5.663646
5.595292
5.563951
5.513209
5.539885
5.384096
5.476164
5.403289
5.519717
5.621391
5.453003
5.099682
5.283488
5.308885
5.257456
5.510977
5.419611
5.224700
5.231608
5.075784
4.984942
4.697001
4.825340
4.779504
4.838408
5.702318
5.686986
5.485872
5.491078
5.510177
5.288365
5.204514
5.059223
5.024506
5.188041
5.252431
5.645808
5.669852
5.495065
5.479448
5.484405
5.123239
5.084798
5.052881
5.210387
5.412761
5.306170
5.303246
5.556515
5.399571
5.417944
5.513811
5.529570
5.233951
5.097506
5.381703
5.306979
5.251556
5.359411
5.523818
5.856962
5.711959
5.494391
5.256273
5.474400
5.635079
5.797008
5.537729
5.059615
5.358397
5.335285
5.285673
5.538431
5.662755
5.305955
5.228145
5.291555
5.205478
5.421158
5.229431
5.421327
5.472266
5.774565
5.581139
5.664737
5.157763
5.621172
5.410753
5.365638
5.375987
5.659779
5.250674
5.431327
5.383609
5.297045
5.321420
5.469331
5.470061
5.309247
5.365013
5.792643
5.314120
5.266597
5.017200
5.259105
5.377516
5.346731
5.562232
5.832678
5.425484
5.562542
5.550573
5.567086
5.601668
5.389987
5.152509
4.964256
4.951850
5.170049
5.317685
5.226778
5.418510
5.825763
5.518254
5.314932
5.332983
5.492159
5.454329
5.915299
5.920955
5.424074
5.546966
5.189707
5.172956
5.175266
4.960547
4.972472
5.344910
5.470552
5.427266
5.346960
5.286423
5.298635
5.512512
5.284402
5.336650
5.161535
5.080279
5.000601
5.564558
5.504167
5.406994
5.031352
5.198644
4.952811
5.105935
5.148799
5.117177
5.419655
5.510136
5.276988
5.774472
5.591970
5.468531
5.501875
5.669894
5.674924
5.491417
5.370174
5.483102
5.496364
5.399102
5.617987
5.521455
5.448803
5.564975
5.154229
5.144329
5.430855
5.418735
5.291978
5.410787
5.712876
5.501599
5.392682
5.207601
5.158937
5.037551
5.432684
5.529281
5.248091
5.285404
5.215545
5.372817
5.216665
5.452857
5.412696
5.267574
5.530891
5.670191
5.775954
5.722695
5.452222
5.550649
5.451081
5.371105
5.596794
5.468236
5.502698
5.730124
5.823310
5.255036
5.346494
4.796459
5.086819
5.221598
5.036263
5.409644
5.213834
5.377141
5.332790
5.441076
5.006675
4.967289
4.950029
5.164460
5.348969
5.290909
5.183312
4.942713
4.893477
4.937440
5.044614
5.145136
5.091359
5.252373
5.469693
5.490195
5.491017
5.680614
5.937220
5.645012
5.937603
5.521796
5.378433
5.182441
5.276471
5.363384
5.604333
5.762792
5.431979
5.272267
5.170883
5.345571
5.311880
5.533755
5.407123
5.607397
5.638652
5.448437
5.218107
5.195788
5.396445
5.292712
5.522195
5.393110
5.621311
5.261751
5.201271
5.520916
5.494562
5.971026
5.622686
5.838926
5.399359
5.878185
5.937725
5.500643
5.564573
5.432695
5.161067
4.997692
5.477056
5.455084
5.053496
5.115756
5.169589
5.656643
6.022171
5.741896
5.898184
5.080688
5.151875
4.920967
5.286642
5.384220
5.191759
5.393932
5.382356
5.665314
5.454594
5.611671
5.638283
5.438508
5.330334
5.662624
5.442503
5.557597
5.617303
5.650911
5.650262
5.482159
5.100111
5.224456
5.293498
5.148888
5.047891
5.186648
5.245401
5.064424
5.597611
5.515488
5.726538
5.642013
5.705609
5.627386
5.441890
5.267346
5.384784
5.449482
5.260219
5.443449
5.535823
5.331787
5.238527
5.258556
5.215260
5.701361
5.594206
5.208921
5.133344
5.387655
5.710272
5.964965
6.193907
5.739603
5.747194
5.494752
5.261776
5.925774
5.772332
6.032295
5.657636
5.664305
5.918046
5.622320
5.541032
5.621023
5.635228
5.413106
4.868309
5.112477
5.277401
5.072173
5.534741
5.744772
5.698474
5.336691
5.323860
5.512131
5.177681
5.287207
5.275438
5.024168
5.150690
4.952906
5.105724
5.354894
5.014528
5.203767
5.312907
5.337222
5.340092
5.613036
5.147398
5.581310
5.166382
5.218750
5.402931
5.372660
5.186082
5.129060
5.010675
4.839238
5.485419
5.772538
5.809665
6.158516
6.023770
5.784482
5.558473
5.623143
5.492932
5.423150
5.267570
5.183202
5.395389
5.244440
5.602709
5.543956
5.622984
5.876582
6.200304
5.814297
5.841674
6.101456
5.586998
5.624585
5.471939
5.340562
5.673811
5.737941
5.522655
5.687648
5.783946
5.586031
5.573158
5.801589
5.727147
5.505635
5.275093
5.541958
5.606815
5.510988
5.529220
4.773111
4.728594
4.749202
4.865463
5.067048
5.061714
5.461180
5.519696
5.489121
5.741984
5.571050
5.259516
5.156305
5.311425
5.476184
5.418764
5.676169
5.318158
4.997829
5.065131
5.443581
5.621699
5.188835
5.266600
5.438316
5.497228
5.454439
5.282889
5.072101
5.090140
5.162611
5.403977
5.293422
5.438445
5.539412
5.618504
5.476611
5.674067
5.481859
5.476859
5.303713
5.348232
5.421342
5.656283
5.617103
5.551620
5.439859
5.646839
5.753567
5.672330
5.393613
5.526222
5.051774
5.177938
5.534499
5.364097
5.414396
5.142870
5.108561
4.881211
5.296433
5.423783
5.236870
5.163891
5.339652
5.248009
5.454838
5.429188
5.607597
5.642255
5.305975
5.214751
5.213808
5.323052
5.283091
5.613235
5.597022
5.359275
5.446438
5.542812
5.340818
5.050602
5.738155
5.749496
5.405075
5.424961
5.600107
5.647746
5.535055
5.343066
5.538911
5.695845
5.776927
5.968856
5.771208
5.677521
5.960608
5.888198
5.627304
5.213172
5.047146
5.257810
5.397843
5.421652
5.671122
5.347034
5.368858
5.385179
5.787009
5.396098
5.202724
5.581863
5.621541
5.602274
5.815816
5.729054
5.852668
5.768011
5.380936
5.327233
5.168180
5.143604
5.303463
5.744398
5.663298
5.463007
4.784632
5.054619
5.096257
5.461875
5.280675
5.246216
5.634886
5.331365
5.391796
5.440998
5.444946
5.438058
5.567671
5.246422
5.341725
5.239882
5.452396
5.699151
5.498921
5.755611
5.403286
5.795619
5.530259
5.731836
5.738952
5.661229
5.685806
5.513370
5.417362
5.530602
5.479822
5.376275
5.229436
5.236776
5.502932
5.546060
5.666560
5.593025
5.381931
5.159304
5.666955
5.548766
5.822789
5.698581
5.577803
5.512180
5.657305
5.494375
5.762059
5.577974
5.373466
5.533410
5.264509
5.491040
5.579468
5.583151
5.497514
5.200913
5.307531
5.202217
5.247409
5.457495
5.050351
5.149034
5.120847
5.160198
5.129760
5.601940
5.454310
5.637051
5.705981
5.536038
5.561482
5.389083
5.715680
5.126909
5.431318
5.621299
5.673072
5.638173
5.716135
5.873677
5.890027
5.563913
5.458375
5.290396
5.605298
5.405523
5.729194
5.239079
5.598810
5.405688
5.474191
5.453216
5.101406
5.266218
5.192873
5.146168
5.328031
5.733044
5.686269
5.431442
5.447769
5.478245
5.252767
5.461472
5.707041
5.483978
5.819788
5.657184
5.383979
5.527881
5.662399
5.451925
5.358497
5.057410
5.300355
5.213637
5.463265
5.448569
5.336989
5.338559
5.529441
5.169667
5.533520
5.434371
5.373301
4.954112
5.181158
5.112460
4.805901
5.073687
5.078170
4.899349
4.821957
5.163092
5.357128
5.347338
5.464488
5.441535
5.476475
5.359856
5.282395
5.358247
5.435276
5.458994
5.444496
5.756123
5.821631
5.654799
5.529438
5.506750
5.337205
5.695457
5.304096
5.394778
4.929679
5.195652
4.985570
5.230141
5.642870
5.932836
6.064796
5.742679
5.617866
5.499069
5.465920
5.599107
5.304274
5.246489
5.173713
5.204722
5.227056
5.383738
5.606886
5.905609
5.710325
5.510605
5.420088
5.388341
5.539654
5.746577
6.099425
5.598511
5.583446
5.321484
5.584173
5.304601
5.247815
5.392368
5.799529
5.334800
5.192903
5.747422
5.640854
5.358489
5.276685
5.349766
5.263638
5.384884
5.170062
5.298035
5.289981
4.923660
5.389186
5.016417
4.929263
4.593406
4.954802
5.104821
5.101580
5.441326
5.268911
5.548195
5.423912
5.140959
5.246874
5.213361
5.480005
5.424852
5.366674
5.215961
5.474057
5.316107
5.379015
5.246841
5.283834
5.361902
5.643225
5.400171
5.409456
5.663688
5.489400
5.653966
5.684370
5.569443
5.413020
5.380559
5.249923
5.561712
5.559539
5.754362
5.746214
5.875353
5.405024
5.749529
5.538012
5.396296
5.373558
5.509894
5.668817
5.340733
5.533895
5.239453
5.128048
5.007786
5.139677
5.183712
5.325990
5.345356
5.067436
5.474097
5.223748
5.202407
5.152796
5.362117
5.210552
5.209070
5.369857
5.423317
5.501026
5.459646
5.378323
5.293199
5.712344
5.786475
5.371842
5.264631
5.132656
5.705775
5.815572
5.410314
5.551162
5.561762
5.164500
5.343118
5.459011
5.414930
5.686702
5.371042
5.148525
4.774631
5.249849
5.200092
5.312800
5.416673
5.660784
5.356387
5.299706
5.280414
5.448668
5.498893
5.284058
5.331811
5.427665
5.233307
5.307257
5.551270
5.158023
5.368275
5.153229
4.960473
5.419752
5.494985
5.099465
4.992065
5.098692
5.164314
5.142425
5.069628
5.146541
5.369976
5.323703
5.378131
5.584576
5.359780
5.257652
5.234083
5.466451
5.475635
5.358944
5.710523
5.899632
5.778488
5.763965
5.315764
5.129077
5.134187
5.261895
5.437073
5.329227
5.536532
5.994474
5.941834
5.865020
5.740614
5.432814
5.599508
5.562145
5.841909
5.797966
5.749577
5.533403
5.645850
5.665703
5.591149
5.892468
5.869294
5.871453
5.617370
5.403640
5.025966
5.260874
5.913402
5.624650
6.004461
6.241382
5.890863
5.499450
5.242641
5.372000
5.349708
5.194677
5.059555
5.112983
5.095911
5.311073
5.511716
5.532523
5.396697
5.432400
5.190457
5.439119
5.217441
5.124467
4.957827
5.644809
5.464393
5.188410
5.177757
5.450950
5.377151
5.800649
5.429285
5.303962
5.448993
5.439805
5.037231
5.144975
4.956995
4.968957
5.172484
4.758764
5.067820
5.429807
5.399070
5.393796
5.416763
5.128936
5.294974
5.839224
5.252890
5.496961
5.597944
5.526392
5.498523
5.406541
5.429387
5.404199
5.192868
5.080020
5.457910
5.489633
5.804684
5.664350
5.514230
5.647030
4.975618
5.449814
5.317377
5.078858
5.520367
5.213205
5.229202
5.356683
5.287255
5.460771
4.937937
4.867158
5.006011
5.373469
5.156280
5.257142
5.626729
5.370092
5.512898
5.469348
5.162384
5.671679
5.625644
5.373163
5.382545
5.436982
5.456110
5.375524
5.221809
5.320240
5.539175
5.529513
5.457172
5.489939
5.335898
5.840269
5.637588
5.973026
5.490442
5.187538
5.289444
5.570756
5.752098
5.535078
5.601294
5.542543
5.465748
5.124282
5.164560
5.550235
5.349924
5.427540
5.536417
5.556943
5.715833
5.263620
5.352628
5.351945
4.924070
5.303409
5.386624
5.686306
5.699246
5.645014
5.306480
5.197526
4.971216
5.314023
5.535907
5.538842
5.368794
5.307969
4.958149
4.961352
5.191230
5.318561
5.075710
5.238224
5.239681
5.130852
5.180150
5.183499
5.187979
5.235189
5.504198
5.464121
5.314668
5.425490
5.282410
5.303626
5.306098
5.137159
5.252468
5.190522
5.851009
5.368580
5.372272
5.429031
5.898475
5.635770
5.785734
5.839978
5.528694
5.202289
5.776093
5.682529
5.737615
5.715926
5.638470
5.588515
5.540133
5.678506
5.586951
5.434441
5.128384
5.170776
5.481712
5.206301
5.489218
5.458438
4.985660
5.103220
5.040402
5.173414
5.174663
5.442982
5.082738
5.031908
5.364480
5.733992
5.444038
5.338234
5.581793
5.193420
5.552865
5.897044
5.392790
5.828342
5.237117
5.456692
6.128566
6.091929
5.542476
5.355318
5.568237
5.441412
5.224758
5.512790
5.159189
5.044195
5.067631
5.109745
5.176409
4.983244
5.516904
5.407581
5.328406
5.447156
5.438726
5.493448
5.752909
5.201616
4.909015
4.973501
5.304365
5.277412
5.397785
5.555761
5.614715
5.135215
5.411818
5.348021
5.722769
5.557592
5.488308
5.724925
5.297079
5.382775
5.068061
5.343596
5.269315
5.601792
5.633312
5.411551
5.119187
5.660335
5.691226
5.897331
5.544614
5.677708
5.530835
5.660464
5.562545
5.415546
5.892201
5.504869
5.273533
5.311917
5.858850
5.616741
5.526399
5.525996
5.487084
5.319671
5.288997
5.322698
5.216198
5.074522
5.575301
5.644207
5.471208
5.373105
5.369733
5.397578
5.714315
5.714653
5.687836
5.585147
5.502815
5.407242
5.588606
5.520279
5.509500
5.448656
5.498200
5.527466
5.174054
5.501004
5.375952
5.043812
4.850606
4.967795
4.896051
4.835102
5.006203
5.571316
5.643365
5.691227
5.945917
5.709926
5.654460
5.590365
5.896303
5.354819
5.557664
5.483643
5.327974
5.559018
5.297474
5.302093
5.387104
5.529715
5.341602
4.904247
5.028400
5.426300
5.143568
5.259983
5.316443
5.690954
5.399011
5.292841
5.320847
5.199473
5.421066
5.365193
5.180104
5.242783
5.265836
5.232454
5.101478
5.277131
5.321956
5.609474
5.469667
5.489710
5.088614
5.301041
5.285642
5.434057
5.350288
5.385083
5.561158
5.506889
5.300759
5.502941
5.607347
5.814451
5.797188
5.717185
5.729894
5.998597
6.087269
5.714812
5.498727
5.422157
5.174873
5.325770
5.346524
5.614432
5.471812
5.612048
5.690648
5.214460
5.257086
5.118335
4.921238
5.222312
5.445569
5.105733
5.154690
5.036381
5.324884
5.504996
5.636492
5.202363
5.176055
5.140196
5.334125
5.385011
5.338287
5.463443
5.477824
5.552951
5.635102
5.248476
5.432141
4.929255
5.124809
5.175266
5.675213
5.729824
5.560785
5.171512
5.541677
5.504374
5.637023
5.494021
5.298145
5.580056
5.621409
5.323849
5.383237
5.615225
5.706206
5.734008
5.641271
5.312058
5.522574
5.360027
5.261582
5.620615
5.791659
5.734504
5.553464
5.478970
4.881212
4.939303
5.146811
4.962332
4.964563
5.336399
5.167153
5.074123
5.177171
5.906822
5.473144
5.485749
5.465642
5.180959
5.138666
5.512660
5.213081
5.166035
5.401305
5.641024
5.546681
5.207384
5.565155
5.333370
5.386316
5.701040
5.302260
5.689341
5.474079
5.597641
5.986680
5.827937
5.689391
5.379461
5.377244
5.155200
5.356362
5.414004
5.097634
5.358536
5.486179
5.187185
5.097849
5.176211
5.283350
5.217024
4.885122
4.972090
4.942604
4.892148
5.124197
4.888152
4.763426
4.898453
5.133810
5.206543
5.181977
5.376189
5.434912
5.348933
5.546608
5.720132
5.970965
5.920368
5.577554
5.741305
5.185235
5.251877
5.746646
5.773298
5.576270
5.854397
5.399873
5.238460
5.470716
5.335906
5.533522
5.576039
5.476261
5.484246
5.827314
5.810377
5.635810
5.554712
5.259854
5.553850
5.381379
5.491237
5.121190
5.373338
5.392261
6.032231
5.443957
5.417974
5.798034
5.343723
5.642666
5.349815
5.309797
5.181122
5.236154
5.418366
5.526175
5.595638
5.299753
5.237997
4.998581
5.427091
5.750916
5.581465
5.365529
5.353770
5.287550
5.374118
5.406400
5.248135
5.284015
5.356686
5.150179
5.405258
5.057146
5.040591
4.911767
5.623334
5.450849
5.472050
5.422090
5.524328
5.502481
5.292280
5.443505
5.595000
5.526361
5.144650
5.426035
4.992022
5.753427
5.561895
5.536354
5.332776
5.603789
5.652944
5.585045
5.864412
5.472679
5.373481
5.217072
5.382065
5.262473
5.195956
5.436566
5.432698
5.308146
5.443387
5.486145
5.727751
5.832396
5.684860
5.063630
5.268100
5.134506
5.269538
5.106632
5.291254
5.147407
5.419794
5.364469
5.346596
5.615403
5.523486
5.163087
5.279071
5.153782
5.376367
5.561929
5.211904
5.168203
5.447162
5.172779
4.924195
4.987111
5.177007
5.290585
5.257191
5.213771
5.197107
5.549707
5.575203
5.312140
5.272131
5.320219
5.603349
5.534573
5.777263
6.201388
6.418309
6.087902
5.914858
5.615236
5.487571
5.743012
5.825904
5.384090
5.157510
5.293004
5.356423
5.462577
5.556811
5.242359
5.612627
5.559250
5.358335
5.617206
5.575242
5.281085
5.460565
5.610235
5.262007
5.714833
5.622366
5.838811
5.738370
6.132964
6.049231
5.597985
5.610387
5.771913
5.614065
5.837920
5.862342
5.658135
5.434273
5.402288
5.319923
5.638983
5.493242
5.497866
5.397245
4.882109
5.325095
5.373939
5.528672
5.599875
5.745425
5.605868
5.476999
5.793319
5.463771
5.871910
5.645776
5.135633
5.600804
5.464575
5.849945
6.065913
5.369948
5.247943
5.351991
5.277356
5.217019
5.470104
5.839525
6.285456
5.947379
5.440116
5.391633
5.553463
5.660993
5.652617
5.271881
5.404931
5.512143
5.539597
5.128135
5.414739
5.412500
5.514282
5.011726
5.127481
5.688873
5.687121
5.698146
5.517771
5.467142
5.519335
5.580182
5.747567
6.058851
6.013785
5.765132
5.334102
5.531290
5.387747
5.247721
5.337056
5.435431
5.685747
5.541390
5.718911
5.432042
5.292434
5.376359
5.581152
5.479549
5.778197
5.558893
5.781918
5.720720
5.801336
5.736388
5.560368
4.956356
4.898240
5.129573
5.230023
5.321751
5.305362
5.531517
5.551356
5.615817
5.279605
5.353342
5.404779
6.078907
5.940114
5.635141
5.496898
5.737440
5.380983
5.780764
5.333159
5.218299
5.195400
5.278918
5.345336
5.209117
5.031229
4.809085
4.631642
5.003819
5.066985
5.834433
5.638994
5.907576
5.564308
5.381930
5.037489
5.615161
5.446487
5.592713
5.859569
5.860749
6.167964
5.947103
5.733504
5.490765
5.491574
5.594928
5.700636
5.714625
5.520572
5.447025
5.449494
5.454182
5.295693
5.493536
5.596969
5.584900
5.871509
5.600090
5.630873
5.369583
5.458514
5.525409
5.463216
5.540260
5.512687
5.376228
5.335508
5.808970
5.689015
5.524706
5.324558
5.346162
5.669213
5.192624
5.520778
5.389225
5.454876
5.589021
5.425197
5.458871
5.247138
5.268939
5.389494
5.283780
5.356913
5.528407
6.012773
5.763602
5.532502
5.759134
5.610956
5.593358
5.506262
5.155592
5.588678
5.458913
5.246607
5.170219
5.713583
5.770002
5.131204
5.057901
5.053076
5.443500
5.391888
5.271470
4.958990
5.008633
5.105084
4.942086
5.628604
5.480483
5.367854
5.579605
5.567601
5.592738
5.661873
5.529819
5.399562
5.115688
5.220085
5.126089
5.495355
5.424721
5.018003
5.169329
5.092003
5.319736
5.056409
5.253358
5.217636
5.166641
5.209428
5.347492
5.476113
5.574985
5.237669
5.131064
5.192685
5.092352
5.154995
5.334440
5.235534
5.322222
5.202719
5.341062
5.403186
5.313782
5.319147
5.089266
5.433919
5.286277
5.697673
5.488393
5.059126
5.199319
5.144516
5.431722
5.520921
5.280206
5.238646
4.996302
4.962717
5.202799
5.322819
5.644147
5.531855
5.596385
5.795804
5.637485
5.589758
5.634621
5.508244
5.623399
5.881141
5.875754
6.014664
5.910499
5.754243
5.537427
5.721555
5.862574
5.557385
5.550187
5.261193
5.159894
5.240040
5.542062
5.546173
5.602979
5.631941
5.645532
5.736276
5.506236
5.364217
5.531756
5.754209
5.609179
5.323611
5.408983
5.377378
5.416350
5.740628
5.418265
5.814489
5.577075
5.861958
5.458101
5.320547
5.355776
5.039218
5.426693
5.180142
5.417358
5.627978
5.324013
5.434006
5.737678
5.623654
5.709314
5.718773
5.607609
5.684676
5.364814
5.195421
5.424922
5.447103
5.675486
5.309980
5.534799
5.212084
5.288459
5.204378
5.312956
5.851853
5.678235
5.705187
5.587661
5.409442
5.457962
5.455927
5.526976
5.563130
5.328997
5.338072
5.360117
5.584524
5.327583
5.453390
5.559950
5.821446
5.702658
5.779171
5.637731
5.341847
5.371479
5.441068
5.512831
4.687397
5.121929
5.281365
5.350519
5.691321
5.768555
5.737852
5.338059
5.427249
5.327898
5.498778
5.429143
5.193024
5.195737
5.492238
5.497140
5.237822
5.830395
5.520331
5.855502
5.566252
5.471018
5.314163
5.328687
5.299251
5.419857
5.368373
5.379004
5.596871
5.739652
5.532373
5.585773
5.754907
5.722585
5.625707
5.727341
5.651020
5.574204
5.224183
5.116182
4.980073
5.276626
5.358355
5.244923
5.538999
5.522266
5.664760
5.405750
5.274063
5.351971
5.247007
5.351915
5.582580
5.292614
5.460102
5.556673
5.536387
5.292792
5.330245
5.593318
5.597963
5.583470
5.663512
5.900979
5.561750
5.302108
5.052539
5.321808
5.442533
5.366536
5.135792
5.176134
5.454651
5.603081
5.583517
5.758057
5.593115
5.216553
5.240031
5.445151
5.035454
5.307259
5.212327
5.275412
5.339901
5.212241
5.381419
5.448693
5.359146
5.030210
5.418291
5.431159
5.556639
5.126507
4.641241
4.654897
4.917681
5.068835
5.014151
5.048520
5.275936
5.230290
5.450294
5.265712
5.169534
5.344049
5.198303
5.398238
5.645615
5.279765
5.277760
5.886371
5.175626
5.199797
5.360432
5.675376
6.115239
5.369809
5.483882
5.722482
5.330934
5.392288
5.374808
5.095116
5.164902
5.148292
5.335044
5.279737
5.184069
5.160504
4.959160
5.125307
5.253674
5.447362
5.636992
5.781656
5.266231
5.261557
5.351066
5.237526
5.386322
5.212563
5.744745
5.711370
5.850839
5.475214
5.394630
5.349258
5.630502
5.879674
5.777229
5.522951
5.620023
5.928285
5.390638
5.213483
5.331585
5.073495
5.164696
5.066144
5.186359
5.011923
5.422970
5.321379
5.528602
5.577249
5.535972
5.365750
5.576864
5.480772
5.607371
5.694799
5.424148
5.551834
5.432116
5.398161
5.102065
5.550893
5.227350
5.280914
5.112114
5.542178
5.257886
5.094825
5.251776
5.481026
5.564051
5.405664
5.442785
5.658667
5.145402
5.392411
5.466715
4.969866
5.201795
5.527910
5.647749
5.495545
5.510187
5.323804
4.868087
5.040686
4.956942
5.032221
5.594482
5.455503
5.126865
5.216511
5.598640
5.777071
5.639238
5.777482
5.754857
5.839252
5.531963
5.309128
5.609949
5.572324
5.492560
5.511114
5.734436
5.334301
5.631591
5.489490
5.594186
5.623670
5.295752
5.293301
5.263591
5.554884
5.477271
5.826248
5.347239
5.485245
5.457285
5.455516
5.585188
5.618833
5.549655
5.740112
5.838808
5.950496
5.813084
5.884799
5.401114
5.404760
5.470174
5.471283
5.465159
4.876254
5.012656
5.045383
4.732015
4.902780
5.086992
5.271134
5.582264
5.755231
5.434295
5.574183
5.373950
5.241132
5.433541
5.274565
5.154781
5.724546
5.606530
5.252360
5.370175
5.400104
5.299984
5.627110
5.233470
5.070088
5.003539
5.380251
5.549318
5.537782
5.512255
5.368221
5.740065
5.527255
5.325383
5.588221
5.333168
4.878283
5.190295
5.254632
5.703328
5.660989
5.441585
5.244385
5.482051
5.215862
5.120810
5.267484
5.346656
5.648481
5.335406
5.514100
5.388469
5.512613
5.454805
5.786817
5.359783
5.638804
5.719531
5.684576
5.527974
5.927327
5.460505
5.524765
5.420258
5.581603
5.621760
5.481014
5.105425
5.261605
5.630124
5.346246
5.459734
5.577551
5.392702
5.151032
5.393084
5.642438
5.780637
5.445249
5.368572
5.168887
5.049171
5.535084
5.130919
5.056714
5.077813
5.439089
5.586085
5.624380
5.503206
5.718760
5.572100
5.616199
5.326413
5.001312
4.909071
5.691154
5.450883
5.459722
5.653077
5.544843
5.866364
5.444777
5.654306
5.802718
5.889718
5.621466
5.725709
5.542102
5.693827
5.759620
5.595256
5.436686
5.023917
5.169673
5.268222
5.326690
5.974092
5.966705
5.862811
5.940800
5.841009
5.599229
5.584627
5.268274
5.283920
5.336784
5.088250
5.198584
5.267469
5.596896
5.394584
5.838471
6.004770
5.837772
5.764096
5.480421
5.258602
5.236319
5.127736
5.529552
5.346243
5.934957
5.739534
5.736808
5.462883
4.923289
5.009042
5.085707
5.734287
5.531303
5.581263
5.675614
5.578736
5.604979
5.633762
5.752163
5.714576
5.384920
5.056974
4.839215
4.680632
4.656693
4.857090
4.774294
5.128119
5.081385
5.276919
5.345025
5.197569
5.157000
4.965559
5.027447
5.601792
5.324659
5.411177
5.371363
5.020020
5.381875
5.694805
5.515096
5.473996
5.113842
5.458565
5.441101
5.581597
5.816773
5.491132
5.345196
4.956453
5.535193
5.662840
5.597660
5.337286
5.301432
5.124610
5.435838
5.115986
5.262764
5.816842
5.526796
5.564450
5.271468
5.284675
5.324377
5.405263
5.469676
5.418915
5.383539
5.605440
5.561366
5.643202
5.341085
5.187679
5.402674
5.501709
5.397494
5.550106
5.240704
5.473970
4.961857
5.148083
5.165970
5.131261
5.608921
5.513221
5.404207
5.058192
5.275923
5.490580
5.582412
5.476413
5.560494
6.001450
5.594262
5.206753
5.518505
5.399743
5.438444
5.308105
5.460239
5.653829
5.596547
5.289307
5.425032
5.548434
5.676115
5.920397
5.596084
5.627508
5.729595
5.627769
5.433789
5.381696
5.227904
5.306957
5.618861
5.437746
5.591547
5.524186
5.187397
5.314958
5.265972
5.860692
5.243728
5.353940
5.316765
6.196653
5.968509
5.929517
5.681107
5.402099
5.179586
5.319839
4.944896
4.857328
4.986868
5.573598
5.477323
5.369801
5.448355
5.545421
5.398652
5.807799
5.415849
5.301722
5.117426
5.483799
5.124214
5.136122
5.394438
5.626509
5.486151
5.381302
5.555267
5.657329
5.362166
5.519748
5.306733
5.275237
5.378932
5.845734
5.338590
5.401673
5.201841
5.660444
5.809685
5.738443
5.292343
5.184361
5.175673
5.197150
5.158500
5.282832
5.772909
5.993801
5.601053
5.426258
5.638257
5.669822
5.489645
5.170269
5.501475
5.575762
5.497717
5.288193
5.251103
5.317186
5.413105
5.982637
5.722552
5.603476
5.086769
5.183175
5.215956
5.439488
5.735734
5.604515
5.436892
5.502624
5.437902
5.546525
5.507784
5.566740
5.689287
5.410970
5.421253
5.849656
5.796308
5.295977
5.414440
5.240354
5.169600
5.320662
5.040014
5.746815
6.010399
5.768971
5.841186
5.382087
5.305387
5.457337
5.515538
5.615137
5.553261
5.743541
5.626317
5.612833
5.410901
5.302923
5.120128
5.216311
5.079341
5.551415
5.559378
5.004402
5.455212
5.599537
5.341365
5.461767
5.203186
5.621606
5.506841
5.785403
5.628342
5.311552
4.872424
5.003996
5.082330
5.363714
5.252795
5.350104
5.100689
5.339790
5.478158
5.100538
5.324578
5.343339
5.206024
5.349797
5.522220
5.615181
5.458322
5.350766
5.081357
5.238868
5.060283
5.239597
5.535998
5.286177
5.273781
5.149103
4.733845
4.887787
4.724537
5.026851
5.145483
5.351886
5.386663
5.716337
5.855792
5.559601
5.460780
5.553025
5.518380
5.756427
5.400648
5.342501
5.632873
5.310813
5.868180
5.974496
5.766246
5.358670
5.752679
5.350378
5.197203
5.266773
5.331072
5.384634
5.203940
5.190859
5.083777
5.553325
5.807042
5.518057
5.590747
5.568620
5.389604
5.136587
4.923373
4.951810
5.094684
5.208185
5.174813
5.716531
5.791194
5.164030
5.387409
5.589080
5.548281
5.712895
5.617592
5.381873
5.477847
5.519615
5.145246
5.363640
5.361719
5.485621
5.476691
5.135126
5.061620
5.225974
5.478820
5.367657
5.441007
5.518898
5.457912
5.339049
5.390234
5.656542
5.578774
5.375109
5.253254
5.214041
5.892652
5.630655
5.323143
5.370342
5.713710
5.693452
5.443414
5.362966
5.451549
5.645300
6.008520
5.732718
5.978681
5.747159
5.681209
5.608317
5.706725
5.488978
5.428364
5.195074
5.351092
5.158306
5.232732
5.012075
5.612875
5.427717
5.376089
5.255578
5.096736
5.562065
5.102552
5.410494
5.405304
5.358894
5.345509
5.331406
5.150754
5.064134
5.129074
5.066157
4.912182
4.932689
4.846338
5.221064
5.210922
5.268841
5.298886
5.349343
5.724879
5.497981
5.401634
5.458218
5.346220
5.489016
5.853643
5.677223
5.442536
5.382030
5.388378
5.346179
5.490222
5.082952
5.645004
5.825462
5.644435
5.393212
5.187005
5.300181
5.450606
5.137523
5.062857
5.085587
5.297530
5.306073
5.617554
5.679633
5.700995
5.770746
5.585936
5.289034
5.446431
5.478804
5.502951
5.710873
5.734183
5.811301
5.831165
5.641856
5.568909
5.679050
5.941120
5.420730
5.445038
5.315892
5.005353
5.014112
5.408004
5.183926
5.349177
5.491212
5.693092
5.429143
5.166729
5.278834
5.048503
5.082867
5.269265
5.214710
5.176750
5.395954
5.213033
5.305117
5.306645
5.467611
5.501665
5.776090
5.495021
5.411136
5.192170
5.276793
5.572183
5.468406
5.112917
5.877001
5.506033
5.626427
5.634895
5.797951
5.548188
5.406722
5.560209
5.848674
5.579501
5.298415
5.372846
5.766223
5.446530
5.400731
5.291148
5.208343
5.279316
5.594765
5.721271
5.751742
5.767834
5.390299
5.024050
5.026207
5.357507
5.495628
5.186045
5.285522
4.908495
5.095065
5.306636
5.222166
5.059125
5.170167
5.215243
5.640947
5.754740
5.601976
5.310525
5.367719
5.569026
5.324065
5.387573
5.286634
5.088619
5.292975
5.343211
5.285539
5.388318
5.452288
5.099901
5.256838
4.975054
5.167589
5.250273
5.255615
5.353850
5.407533
5.438543
5.091681
5.310463
6.016633
5.906287
5.634490
5.909487
5.369314
5.174713
5.403312
5.514723
5.555119
5.342968
5.328546
5.188818
5.544424
5.514227
5.043200
5.326664
5.360968
5.484742
5.357967
5.224703
5.193037
5.193760
5.600618
5.494536
5.714855
5.641932
5.511947
5.092068
5.176299
5.484291
5.236777
5.761995
5.674307
5.689288
5.836906
5.658448
5.672709
5.651259
5.383721
5.167792
5.201954
5.436265
5.610055
5.354932
5.317813
5.430906
5.557881
5.573895
5.398446
5.446688
5.076520
5.215864
5.292934
5.776159
5.605859
5.425699
5.738664
5.833519
5.585602
5.366625
5.573774
5.289166
5.287888
5.497949
5.244226
5.280932
5.299217
5.610901
5.564132
5.576349
5.459052
5.389873
5.061839
5.207346
5.334311
5.520861
5.555106
5.154181
5.201844
5.110529
5.408352
5.034368
5.071520
4.911005
5.259989
5.028766
5.185899
5.446367
5.408559
5.364241
5.395593
5.199454
5.379192
5.437769
5.143061
5.490355
5.693848
5.805774
6.019003
5.588395
5.158453
5.423145
5.704766
5.867285
5.634220
5.990607
5.486035
5.426524
5.511872
5.271760
5.349205
5.222226
5.089886
5.095684
5.235457
5.310438
5.120607
5.224903
5.316058
5.260548
5.113174
5.308065
5.289481
5.315775
4.952167
5.074317
5.388035
5.248369
5.185052
5.402492
5.535108
4.964398
5.098286
5.048009
5.056881
5.377301
5.463852
5.638641
5.597459
5.594216
5.389557
5.202055
5.040941
5.235570
5.168531
5.096578
5.136582
5.210977
5.305629
5.347161
5.281957
5.253019
5.089323
5.122661
5.022575
5.279685
5.395511
5.325780
5.426287
5.556527
5.391813
5.262467
5.234180
5.553536
5.784999
5.672305
5.527823
5.945371
5.689646
5.826256
5.763219
5.579557
5.859129
5.552128
5.572736
5.681042
5.723803
5.553343
5.685076
5.410085
5.503704
5.196336
5.371893
5.224594
4.951003
5.240612
5.227654
4.920067
4.976286
5.077477
5.254240
5.374705
5.281422
5.252383
5.093690
5.230556
5.294977
5.601855
5.508393
5.550822
5.479776
5.582370
5.341728
5.248397
5.756841
5.774499
5.519731
5.496232
5.486858
5.193458
5.295493
5.251636
5.299786
5.528439
5.488799
5.658410
5.742116
5.689077
5.747874
5.433877
5.235237
5.131804
5.297716
5.499465
5.451386
5.497741
5.448314
5.532092
5.550211
5.917229
5.423142
5.477562
5.175223
5.711869
5.483896
5.452006
5.296020
5.292446
5.090751
4.839392
5.127372
5.011048
5.085977
5.257980
5.565414
5.387573
5.964115
5.923054
5.640258
5.844580
5.662201
5.583154
5.172554
5.360252
5.246589
5.249919
5.297136
5.644317
5.719371
5.519969
5.279221
5.703977
5.775056
5.627030
5.808727
5.827031
5.295054
5.645299
5.703584
5.459339
5.457830
5.993966
5.553724
5.280139
5.260209
5.656667
5.689398
5.635459
5.433515
5.802371
5.671905
5.507886
5.300035
5.554587
5.394517
4.979946
5.495484
5.186947
5.102035
5.375363
5.207420
5.286003
5.100873
5.008888
4.941443
5.115769
5.109190
5.100426
5.370735
5.304051
5.110501
4.972540
5.283255
5.513524
5.111554
5.189752
5.154097
4.960764
5.064624
5.362247
5.376192
5.635741
5.589630
5.705152
5.495669
5.401214
5.466556
5.490628
5.572187
5.947421
5.545896
5.669502
5.608126
5.788643
5.574836
5.674721
5.797921
5.405815
5.273612
5.113341
5.234468
5.322879
5.382269
5.043287
5.024700
5.362352
5.345155
5.201995
5.128555
5.068118
5.174013
5.108903
5.236440
5.120169
5.333179
5.470891
5.476648
5.334019
5.458325
5.382928
5.101917
5.167901
5.300426
5.244560
5.202830
5.023343
5.307613
4.996591
5.208891
5.393937
5.911140
5.474054
5.705644
5.387530
5.635517
5.196589
5.172571
5.176157
5.322696
5.381386
5.003527
5.405732
5.291307
5.583369
5.398217
5.582678
5.582545
5.427409
5.488657
5.589636
5.937385
5.081745
5.112380
5.351073
5.476271
5.294977
5.307810
5.360245
5.247999
5.560775
5.361712
5.480434
5.389054
5.268206
5.481264
5.464125
5.392719
5.353926
5.428405
5.463560
5.822240
5.561349
5.277677
5.213110
5.305790
5.330904
5.379295
5.270632
5.192232
5.089347
5.154081
5.144253
5.309547
5.694157
5.307413
5.468739
5.451089
5.366080
5.066591
5.106123
5.327214
5.254089
4.927909
5.210109
5.513383
5.531291
5.944820
5.578703
5.573481
5.799729
5.906737
5.932821
5.805987
5.400486
4.994039
5.275838
5.394626
5.423139
5.465093
5.553770
5.454263
5.290777
5.670522
5.579473
5.396849
5.369417
5.632526
5.599321
5.481521
5.478767
5.158123
5.090813
5.441220
5.573808
5.787294
5.341186
5.554812
5.614355
5.538786
5.575437
5.406648
5.278074
5.418152
5.950745
5.614913
5.645503
5.268863
5.316875
5.323774
5.513860
5.631459
5.141641
5.374778
5.587460
5.598522
5.574184
5.439816
5.033762
5.001143
5.093999
5.072873
5.458026
5.386052
5.635993
5.780082
6.025917
5.862601
5.534554
5.167233
5.247854
4.956224
5.648925
5.419309
5.173628
5.201750
5.438229
5.381748
5.650138
5.270054
5.177679
5.500646
5.361936
5.287490
5.443484
5.296765
5.656781
5.542761
5.428448
5.813812
5.890205
5.318552
5.506899
5.883907
5.450943
5.721076
5.934852
5.651649
5.535661
5.800195
5.797914
5.500885
5.458519
5.337965
5.174068
5.063356
5.034458
5.294078
5.363869
5.179599
5.186064
5.233816
5.292162
5.642576
5.372995
5.301273
5.344723
5.473450
5.248008
5.135085
5.305887
5.145558
5.805116
5.568999
5.202134
5.457081
5.350356
5.303259
5.191562
5.210648
5.338851
5.124555
5.403721
5.554947
5.140053
5.351091
5.408507
5.062216
5.122480
5.079008
5.247800
5.150251
5.391439
5.507141
5.365966
5.466723
5.650756
5.713093
5.549114
5.498712
5.482543
5.215548
5.561797
5.436175
5.706900
5.742013
5.702422
5.316971
5.926285
5.533713
5.450127
5.701306
5.439391
5.202567
5.404265
5.399335
5.228728
5.625716
5.889956
5.545958
5.623748
5.412799
5.875210
5.745024
5.650460
5.195973
5.659828
5.688065
5.322541
5.399264
5.421901
5.147161
5.264546
5.332097
5.264461
5.398017
5.628847
5.624799
5.437713
5.529493
5.658219
5.343682
5.282932
5.476369
5.259943
5.227856
5.456145
5.427689
5.132729
5.535661
5.972202
5.551378
5.813294
5.308678
5.536600
5.584392
5.615863
5.834462
5.638817
5.415645
5.578397
5.837779
5.908227
5.371169
5.199092
5.357490
5.054123
4.859734
5.253851
5.427378
5.467194
5.416575
5.150210
5.084745
5.323494
5.693032
5.640012
5.564791
5.422438
5.578233
5.360867
5.399813
5.023710
5.061630
5.331500
5.186415
5.484629
5.690008
5.628955
5.547353
5.687570
5.088303
5.392275
5.370065
5.332482
5.360574
5.332788
5.325912
4.906943
5.021728
5.270120
5.190545
5.532055
5.177874
5.446222
5.567291
5.583504
5.270179
5.300789
5.049020
4.743457
5.106166
5.017901
5.125561
5.499834
5.317243
5.526280
5.523628
5.648118
5.479389
5.520143
5.169338
5.376707
5.384314
5.262503
5.394648
5.407086
5.252680
5.102011
5.097881
5.093250
5.121101
5.382255
5.440660
5.414465
5.486778
5.226826
5.491533
5.185428
5.188910
5.080474
4.986796
4.943745
5.362530
5.201243
5.375520
5.572754
5.265385
5.832954
5.986757
5.803836
5.604499
5.844945
5.436928
5.319776
5.310788
5.336679
5.405729
5.462738
5.556540
5.492403
5.891263
5.938267
5.666300
5.384503
5.322097
5.399621
5.360110
5.331898
5.607386
5.794971
5.197830
5.642226
5.579991
5.482912
5.304499
5.735540
5.392985
5.453705
5.912637
5.658943
5.789607
5.596372
5.817545
5.930120
6.216401
6.377708
6.015181
5.627245
5.401639
5.329422
5.186512
5.081132
5.618653
5.475697
5.606762
5.360803
5.512418
5.116817
5.214836
5.315172
5.486873
5.385867
5.453533
5.302916
5.324123
5.389862
4.954678
5.364487
5.169416
5.292397
5.181010
5.381654
5.418429
5.630867
5.594902
5.471954
5.105025
5.403860
5.475512
5.702780
5.621649
5.926431
5.632910
5.756906
5.704975
5.791874
5.615698
5.466939
5.478756
6.122744
5.935276
5.779758
5.271697
5.112602
5.337711
5.024262
5.305265
5.277111
5.595909
5.576297
5.678590
5.567985
5.678368
5.526274
5.991411
5.457043
5.610936
5.761816
5.823586
5.770909
5.904045
5.897880
5.395439
5.778882
5.388945
5.385210
5.599235
5.378945
5.490427
5.438781
5.124751
5.319450
5.627576
5.652987
5.556496
5.566513
5.773458
5.247552
5.089156
5.060370
5.079145
5.208996
5.298588
5.486444
5.377645
5.428158
5.147108
5.177083
5.080394
5.264253
5.458153
5.110454
5.593053
5.742705
5.569683
5.648358
5.636901
5.642171
5.260232
5.105000
5.625346
5.758212
5.477676
5.340034
5.129382
5.000164
5.148596
5.066054
5.237600
5.496723
5.289781
5.258954
5.636306
5.525424
5.304825
5.323012
5.402775
5.877596
5.395566
5.138225
5.294207
5.774060
5.753605
5.488659
5.649574
5.451781
5.654493
5.454217
5.564144
5.698837
5.603873
5.814328
5.514284
5.465181
5.777680
5.686521
5.649146
5.573418
5.457108
5.149821
5.149445
5.784340
5.426599
5.348384
5.750357
5.851325
5.351290
5.050334
5.227313
5.375252
5.314320
5.440511
5.689935
5.445954
5.839698
5.999641
5.674825
5.403015
5.392910
5.476143
5.237104
5.016342
5.470521
5.358389
5.621085
5.638641
5.829195
6.010550
5.670230
5.385589
5.522006
5.465679
5.684243
5.390577
5.409660
5.619531
5.714639
5.742409
5.518555
5.380513
5.167894
5.341857
5.248375
5.575381
5.587137
5.856137
5.723046
5.501051
5.392276
5.738511
5.496211
5.551946
5.407105
5.356808
5.591715
5.369026
5.311869
5.165895
5.352278
5.306771
5.666811
5.323643
5.393541
5.740297
5.572162
5.504881
5.599246
5.367746
5.135097
5.147127
5.703295
5.399429
5.391065
5.580862
5.295275
5.306724
4.776873
5.103200
4.815275
5.014662
5.262290
5.196787
5.384212
5.888459
5.729802
6.030901
5.882159
5.594946
5.782434
5.641245
5.371950
5.276379
5.122893
4.710820
4.818435
4.835907
4.796950
4.872064
5.077100
4.960931
5.296328
5.177463
5.127598
5.265748
5.522430
5.249010
5.410468
5.531480
5.217546
5.410836
5.170027
5.458484
5.628129
5.670531
5.592671
5.786706
5.418306
5.585644
5.583405
5.711276
5.267337
5.537274
5.783048
5.336610
5.268988
5.621714
5.649997
5.581049
5.672255
5.601147
5.523671
5.372690
5.612930
5.391588
5.422922
5.017213
5.511758
5.186177
5.300829
5.451986
5.329496
5.390525
5.295267
5.176771
5.506469
4.897285
4.901681
5.347377
5.380802
5.569659
5.234342
5.025851
4.770011
4.989934
5.133596
4.990757
5.084520
5.364278
5.539536
5.522923
5.676504
5.831053
5.991419
5.967209
5.815010
5.352538
5.151131
5.062880
5.165739
5.234081
5.177234
5.177300
5.230228
5.667867
5.570413
5.546257
5.630290
5.425021
5.353295
5.556380
5.518706
5.442281
5.295439
5.172801
5.359772
5.304501
6.013407
5.694873
5.663373
5.365890
5.434068
5.155970
5.603302
5.983291
5.769975
5.972391
5.981991
5.677881
5.715612
5.788407
5.727592
5.648115
5.221601
5.046639
5.179100
5.044983
5.675701
5.734931
5.610348
5.534470
5.642646
5.672828
5.344140
5.443086
5.104278
5.037257
5.095296
5.104093
5.167625
4.925510
4.738874
4.865656
5.545642
5.431211
5.671037
5.413428
5.388574
5.869633
5.564515
5.571166
5.633256
5.149507
5.102792
5.146429
5.466062
5.576806
5.547561
5.761079
5.724795
5.780398
5.558335
5.722416
5.492709
6.020463
5.637871
5.312085
5.173857
5.433548
5.205895
5.564262
5.538404
5.537195
5.346123
5.258331
5.401894
5.817257
5.511019
5.332489
5.439393
5.429475
5.734591
5.594139
5.451528
5.223538
5.057256
5.160798
5.278871
5.256714
5.203075
5.544694
5.626634
5.514887
5.515468
5.478845
5.506912
5.370403
5.288321
5.264151
5.271803
5.252000
5.541761
5.566338
5.646802
5.483382
5.374425
5.306769
5.352455
5.759950
5.758622
5.388542
5.579823
5.693792
5.677606
5.297154
5.731369
5.365830
5.092231
5.173626
5.707292
5.332469
5.704222
5.402196
5.373947
5.538900
5.569288
5.726811
5.488943
5.454393
5.328590
5.180430
5.321635
5.536094
5.252234
5.098102
5.004534
4.877657
5.050478
4.895704
5.270455
5.290768
5.553200
5.472045
5.307360
5.341492
5.187930
5.447618
5.738769
5.828852
5.940480
5.583811
5.529244
5.141819
5.332949
5.196882
5.227649
5.370053
4.987881
5.290003
5.103388
5.241733
5.116674
5.506060
5.167332
5.184543
5.088250
4.963162
5.173562
5.425130
5.914443
5.596243
5.817922
5.482581
5.389599
5.332347
5.505189
5.253542
5.139709
4.916861
5.206402
5.547681
5.509191
5.688586
5.559799
4.978873
5.103125
5.091597
5.233148
4.990924
5.131520
4.789670
5.528737
5.787392
5.673287
5.793401
5.350782
5.296023
5.337016
5.140547
5.376263
5.284121
5.206094
5.439165
5.170633
5.540449
5.218883
5.547515
5.760359
5.594567
5.478833
5.662576
5.487550
5.671380
5.363906
5.254725
5.760771
5.352150
5.310696
5.349627
5.364502
5.161473
5.355301
5.429700
5.661529
5.452785
5.645063
5.837937
5.739429
5.471481
5.580878
5.587813
5.617854
5.182566
5.169931
5.733569
5.736179
5.608527
5.418887
5.161511
5.300448
5.135513
5.052268
4.720265
4.986162
5.203298
5.403692
5.249945
4.870945
5.320385
5.480117
5.427676
5.492163
5.201244
5.449942
5.272035
5.063616
5.439253
5.524999
5.445146
5.485250
5.047682
4.984595
5.292426
5.010866
5.411641
5.676358
5.656708
5.468655
5.628178
5.952359
5.487818
5.356219
5.127916
5.698351
5.555996
5.229308
5.377581
5.085250
5.525862
5.482901
5.420811
5.546001
5.419428
5.400661
5.604945
5.398242
5.711866
5.234274
5.123000
5.639467
5.447243
5.460401
5.532844
5.881381
5.401741
5.725244
5.521193
5.217472
5.618929
5.851214
5.784400
5.325830
5.392447
5.276007
5.277068
5.317712
5.470708
5.184531
5.396803
5.489714
5.468062
5.554161
5.661545
5.548477
5.388030
5.256602
5.624317
5.658349
5.789765
5.551367
5.612863
5.528138
5.476862
5.482921
5.803905
5.563033
5.372301
5.364021
5.205949
5.322054
4.870676
5.118052
5.625254
5.550827
5.702659
5.741494
5.761799
5.336039
5.220363
5.063770
5.339274
5.519923
5.713583
5.303213
5.168210
5.532679
5.515274
5.746404
5.571168
5.840901
5.670170
5.714012
5.507235
5.335233
5.266786
4.940920
5.498928
5.353313
5.080603
5.390935
5.441302
5.428099
5.478325
5.335056
5.635754
5.403757
5.522820
5.182562
5.616174
5.725345
5.631338
5.647660
5.507256
5.125324
4.997824
4.938002
5.237600
5.487090
5.213363
5.521398
5.373196
5.496186
5.763728
5.205671
5.236119
5.394021
5.646991
5.507594
5.333648
5.331552
5.496797
5.332259
5.141946
5.199478
5.054285
5.393444
5.497737
5.080528
5.282353
5.702315
5.468464
5.754169
5.458960
5.547061
5.234966
5.431697
5.189788
5.431426
5.828163
5.460508
5.515489
5.542360
5.364560
5.184411
5.198898
4.900571
5.250207
5.335818
5.299835
5.793247
5.833821
6.042789
5.470899
5.374036
5.283123
5.407658
5.590643
5.159274
5.388969
5.252848
5.311003
5.321112
4.961240
5.238079
5.201436
5.019897
5.001390
5.279693
5.304172
5.557292
5.452867
5.820266
5.515014
5.430987
5.687990
5.687851
5.577582
5.316606
5.367882
4.947955
5.318806
5.341650
5.337542
5.585672
5.280509
5.307581
5.339648
5.420038
5.552803
5.627831
5.567719
5.717881
5.128983
5.326806
5.086891
5.130581
5.272514
5.418694
5.483188
5.167689
5.442109
5.362623
5.497100
5.631939
5.698865
5.632528
5.372262
5.201645
5.631385
5.480528
5.356112
5.251893
5.230915
5.056866
5.175422
5.306805
5.334725
5.310809
5.285408
5.875920
5.268035
5.851709
5.446247
5.336967
5.338922
5.294141
6.022259
5.979878
5.723856
5.294727
5.293696
5.189136
5.087454
5.373095
5.059041
5.068423
5.193991
5.250535
5.245061
5.529686
5.607838
5.453876
5.386394
5.277997
5.274912
5.432364
5.400813
5.627841
5.383151
5.607330
5.428900
5.391393
4.946049
5.184826
5.318685
5.291811
5.480103
5.415704
4.962285
5.067158
5.101294
5.242350
5.480789
5.235457
5.040208
5.363571
5.645860
5.627410
5.777314
5.689570
5.447769
5.106879
5.309421
5.289656
5.392082
5.529414
5.280562
5.058927
4.943246
4.955633
5.388198
5.502139
5.274165
5.352914
4.972439
4.993073
5.544175
5.185592
5.264993
5.427611
5.485533
5.312745
5.286981
5.527444
5.617617
5.560397
5.857459
5.544950
5.321119
5.312077
5.377630
5.333079
5.446323
5.525860
5.797560
5.551897
5.313792
5.491022
5.532274
4.896357
4.907754
4.966649
5.240392
5.067749
5.054786
5.425730
5.362441
5.694692
5.445455
5.506002
5.556421
5.842549
5.916674
5.386084
5.292117
5.613890
5.435645
5.425921
5.350031
5.691360
5.555470
4.948699
5.593777
5.434159
5.260699
5.414907
5.378128
5.191922
5.143891
5.132924
5.683754
5.345117
5.507521
5.170265
5.202675
5.036747
5.076760
5.119464
5.132787
4.664120
5.015907
5.001206
5.174174
5.528454
5.401384
5.225643
5.072819
5.192832
5.194285
5.227664
5.245112
5.245873
5.245954
5.476853
5.555456
5.306368
5.457676
5.221786
5.122030
5.148270
5.127323
5.465622
5.788224
5.914395
5.604010
5.870815
5.752141
5.605576
5.284596
5.323051
5.507170
4.973124
5.424118
5.390876
5.483702
5.572995
5.536932
5.744558
5.584900
5.571194
5.443252
5.383406
5.059367
5.256445
5.290193
5.756691
5.541514
5.372868
5.666246
5.668731
5.469282
5.394998
5.861712
5.211409
5.426356
5.471301
5.166891
5.486007
5.329505
5.635805
5.328876
5.316708
5.187895
5.549195
5.495996
5.448731
5.445738
5.589177
5.488560
5.670580
5.937474
5.683033
5.885079
5.960505
5.601131
5.613022
5.620141
5.715906
5.681488
5.428465
5.420580
5.538509
5.453077
5.398572
5.711474
5.906197
5.536412
5.548176
5.670636
5.207855
5.224398
5.147148
5.118366
5.555271
5.366508
5.247141
5.236250
5.402110
5.041199
5.225490
5.282073
5.407461
5.178354
5.569029
5.505550
5.212634
4.961739
5.445847
5.608219
5.260314
5.446436
5.216567
5.149786
5.288449
5.564883
5.537347
5.384643
5.214620
5.459094
5.500201
5.452490
5.214512
5.237954
5.063890
5.103241
4.919926
5.091898
5.175922
5.294423
5.261493
5.447399
5.522437
5.356601
5.130163
5.009478
5.284839
5.577882
5.458400
5.309152
5.243908
5.507992
5.795788
5.722947
5.502397
5.642701
5.582632
5.503332
5.777936
5.916877
5.826664
5.697683
5.688765
5.649979
5.818746
5.456622
5.327246
5.289743
5.419691
5.215344
4.995239
5.346329
5.528903
5.717961
5.360229
5.706105
5.881580
5.904368
5.687838
5.633441
5.316127
5.380711
5.392949
5.441559
5.388938
5.442730
5.275129
5.543875
5.480429
5.189432
5.333785
5.350853
5.129260
5.095190
5.334734
5.424917
5.441954
5.208698
5.422170
5.310364
5.699904
5.613326
5.610430
5.871643
5.546004
5.491232
5.130137
5.219971
5.241085
5.565055
5.196812
5.103853
5.525711
5.534633
5.270731
5.542129
5.865705
5.501122
5.651054
5.686223
5.578769
5.233046
5.183228
5.160549
5.346434
5.803693
5.816795
5.799672
5.420352
5.627183
5.722540
5.754310
5.737329
5.696221
6.011617
5.513418
5.030651
4.966865
5.404413
4.893388
5.096546
4.965436
5.285719
5.521468
5.283555
5.138575
4.974013
5.101933
5.071166
5.380537
5.445259
5.653464
5.931026
5.641869
5.438820
5.543208
5.382343
5.472361
5.297956
5.283406
5.368016
5.326901
5.334818
5.235008
5.196493
5.307353
5.502056
5.343333
5.416560
5.146048
5.315329
5.439765
4.965067
5.190746
5.151101
5.289591
5.204475
5.244281
5.520457
5.753013
5.818436
5.470468
5.677471
5.681041
5.771019
5.744154
5.695036
5.279258
5.289881
5.327180
5.107102
5.673856
5.721386
5.444158
5.705586
5.699223
5.360153
5.431500
5.089943
5.097874
5.285844
5.110536
5.141505
5.402525
5.420295
5.389517
5.644925
5.122487
5.216677
5.386215
5.245078
5.375811
5.507700
5.415859
5.649081
5.724671
6.025033
5.779295
5.750195
5.319861
5.520758
5.675074
5.515335
5.720067
5.901468
5.308039
4.951879
5.257126
5.664906
5.559834
5.600498
5.725554
5.479546
5.492388
5.453877
5.639061
5.824506
5.734340
5.946241
5.789026
5.710700
5.538656
5.844878
6.105591
5.499463
5.412546
5.440907
5.401506
5.530342
5.540504
5.791071
5.535839
5.381321
5.329542
5.411429
5.242881
5.246191
5.425674
5.254729
5.083734
5.208328
5.737214
5.798206
5.626650
5.628026
5.342419
5.572458
5.467211
5.545266
5.025700
5.069538
5.118027
4.857440
5.296634
5.029271
5.347506
5.378405
5.480011
5.817902
5.695885
5.354684
5.502267
4.902696
5.130343
5.207513
5.405086
5.248631
5.349680
5.519934
5.527757
5.352789
5.136392
5.049709
5.228164
5.286067
5.118664
4.911461
4.766450
5.041135
4.947576
5.104246
5.030225
5.742198
5.443384
5.697392
5.665680
5.626659
5.621388
5.797304
5.716683
5.729183
5.455812
5.242596
4.931131
5.023481
4.851327
5.079100
5.109709
5.235236
5.294487
5.676440
5.583250
5.491209
5.498044
5.374325
5.117856
5.346384
5.502243
5.531831
5.333432
5.616967
5.737772
5.593098
5.296141
5.215782
5.193182
5.004945
5.030996
5.264479
5.041842
5.536227
5.622219
5.535471
5.491720
5.625177
5.624846
5.552106
5.653319
5.402992
5.732135
5.542589
5.311637
5.540035
5.386681
5.552534
5.808953
5.783598
5.619464
5.444700
5.390027
5.295973
5.073413
5.028936
5.023832
4.833445
4.971388
5.137028
5.470904
5.370254
5.101368
5.381075
5.434692
5.584684
5.218591
5.458186
5.381761
5.564730
5.286416
5.407291
5.438333
5.473333
5.736618
5.652996
5.621979
5.223691
5.500217
5.591756
5.764171
6.007846
5.518769
5.352246
5.299982
5.203357
5.270117
5.555380
5.901198
5.923309
5.736919
5.286510
5.268477
5.046279
5.163925
5.342406
5.255097
5.184266
5.687866
5.406811
5.337408
5.331526
5.240861
5.142905
5.611262
5.428416
5.500131
5.632795
5.314979
5.234399
5.544681
5.244821
5.641877
5.694377
5.836419
5.794676
5.869804
5.555697
5.461578
5.170085
5.596922
5.345034
5.686654
5.571974
5.163792
5.071670
5.080721
5.172777
5.157715
5.264699
5.509726
5.862707
5.490945
5.287806
5.124819
5.026382
5.221965
5.208447
5.493265
5.492340
5.393496
5.662328
5.538078
5.388445
5.305649
5.417408
5.647302
5.653330
5.678544
5.536540
5.564532
5.526961
5.162048
5.240741
5.130142
5.596052
5.647310
5.475503
5.516276
5.616906
5.504761
5.641403
6.194415
5.923527
5.835758
5.364796
5.619286
5.721202
5.126749
5.143113
5.467361
5.701111
5.222058
5.433041
5.626483
5.638805
5.721321
5.919550
5.700769
5.661998
5.566224
5.942520
5.895399
5.256161
5.252319
5.281893
5.432665
5.578496
5.668668
5.775203
5.714052
5.210076
5.497709
5.440171
5.207226
5.478786
5.362606
5.188618
5.159017
5.165254
5.239511
5.375672
5.637756
5.441029
5.669595
5.537255
5.449968
5.433053
5.438447
5.427974
5.777989
5.804022
5.440534
5.348661
5.467751
5.360643
5.246826
5.084445
5.329713
5.607521
5.513844
5.699966
5.445186
5.002307
5.036659
5.321727
5.465942
5.543890
5.283942
5.032389
5.127402
5.182900
5.111344
5.338354
5.523686
5.237556
5.199072
4.949514
5.089524
5.337386
5.141647
5.232958
4.945402
5.086915
4.805421
4.905574
4.917726
4.953895
4.898736
5.377275
5.019114
4.886316
5.177093
5.278063
5.186281
5.171490
4.967861
4.884610
4.741615
4.751847
4.970766
5.249141
5.278714
5.324207
5.844936
5.693707
5.899581
5.733821
5.620656
5.330079
5.371171
5.453967
5.541266
6.014764
5.590724
5.285804
5.260400
5.354383
5.413149
5.119773
5.232844
5.293458
5.600361
5.203713
5.421496
5.788265
5.398752
5.750089
5.572669
5.581069
5.345549
5.434368
5.200880
5.461346
5.772867
5.355197
5.295347
5.356653
5.419598
5.540999
5.243156
4.818303
4.950243
5.184896
5.208571
5.454857
5.015063
5.414976
5.127965
5.463164
5.419362
5.355250
5.462258
5.339482
5.503160
5.398782
5.267757
5.533676
5.082628
4.943595
4.924914
5.343283
5.526605
5.043057
4.805421
5.035929
5.078269
5.330246
5.264598
5.250573
5.584456
5.396959
5.297861
5.348500
5.651207
5.791648
5.410493
5.214396
5.204607
4.938415
4.993957
5.070738
5.712320
5.522732
5.418426
5.385675
5.318019
5.608557
5.649460
5.848405
5.642445
5.425781
5.324462
5.285716
5.538653
5.758696
5.494201
5.580572
5.600119
5.606712
5.403628
5.310512
5.257897
5.291776
5.404458
5.366825
5.449316
5.152306
5.138460
5.459711
5.110607
5.241458
5.418875
5.595971
5.536299
5.367156
5.321332
5.330859
5.332269
5.422730
5.405738
5.576064
5.937993
5.683721
5.451154
5.604557
5.548393
5.708521
5.415107
5.432754
5.314276
5.337929
5.111204
5.114721
5.549187
5.488753
5.835401
5.635965
5.321660
5.453097
5.199885
5.618958
5.247933
5.247451
5.244022
5.328947
5.499961
5.283718
5.031660
5.426547
5.359967
5.468557
5.430845
5.398778
5.408229
6.031069
5.653941
5.575958
5.766219
5.148949
5.553297
5.703689
5.566628
5.453705
5.499126
5.246929
5.391151
5.652472
5.800148
5.492678
5.254982
5.213217
5.286755
5.251661
5.226805
4.971710
5.108984
5.025143
4.970458
5.057236
5.271191
5.204161
5.456765
5.466261
5.391792
5.381147
5.425469
5.387572
5.440131
5.684066
5.889339
5.775589
5.420198
5.321229
5.469683
5.773435
5.396009
5.410387
5.412657
5.319167
5.345600
5.424108
5.697354
5.362526
5.533205
5.615765
5.510920
5.635882
5.381447
5.582910
5.463617
5.349671
5.582314
5.247968
5.393429
5.530185
5.599553
5.491754
5.479213
5.487721
5.376872
5.275017
5.422079
5.030226
4.976034
5.237078
5.328188
5.625209
5.452305
5.586404
5.493385
5.311257
5.294327
5.410117
5.501239
5.454932
5.731194
5.402187
5.405517
5.645516
5.486694
5.656826
5.765701
5.488625
5.263322
5.259329
5.440958
5.224981
5.220212
5.289759
5.378711
4.770668
4.940263
4.824614
4.927088
5.255925
5.186643
5.338455
5.250584
5.595611
5.323288
5.473798
5.550897
5.416449
5.757889
5.521706
5.510089
5.447485
5.278768
5.344666
5.327336
5.823330
5.828258
5.572474
5.546361
5.552505
5.745663
5.536039
5.405232
5.285610
5.507499
5.658190
5.196936
5.382195
5.290106
5.184115
5.437095
5.310966
5.482557
5.193505
5.018219
5.230712
4.984282
5.088841
5.013336
5.386655
5.745591
5.419685
5.223416
5.404824
5.051612
4.994490
5.369467
5.440198
5.615197
5.285777
5.392732
5.164714
5.341740
5.664864
5.648135
5.755735
5.635410
5.814376
5.663879
5.598950
5.860409
5.434621
5.647189
5.838821
5.285861
5.562838
5.868023
5.906621
5.770857
5.831518
5.828780
5.718875
5.574703
5.478663
5.249875
5.500940
5.696379
5.339953
5.759003
5.718508
5.391155
5.303077
5.186793
5.572007
5.249034
5.062320
5.494982
5.387028
5.320525
5.482847
5.333958
5.185578
5.302722
5.399236
5.123976
5.300960
5.023526
5.416539
5.042618
4.958169
5.229226
5.175122
5.627064
5.717439
5.329624
5.397043
5.320489
5.251696
5.656280
5.341854
5.255983
5.483247
5.482351
5.579545
5.664903
5.664336
5.566953
5.603552
5.636180
5.665269
5.661403
5.600566
5.551596
5.334312
5.230307
5.319071
5.288442
5.209418
5.341540
5.830628
5.798670
5.662693
5.956616
5.604986
5.844941
5.322179
5.403257
5.056869
4.807757
4.828297
5.366879
5.345821
5.279125
5.382394
5.585886
5.533010
5.570645
5.250214
5.449957
5.526999
5.364958
5.574027
5.168950
5.255540
5.289094
5.560088
5.125513
5.095807
5.211203
5.322351
5.482216
5.156620
5.294224
5.179272
5.324450
5.450904
5.187616
5.205015
5.503749
5.440976
5.612151
5.590427
5.689370
5.907315
5.388375
5.583161
5.140936
5.125082
5.226831
5.376786
5.402611
5.293610
5.208656
5.483595
5.378100
5.670521
5.506066
5.568140
5.451767
5.522020
5.689815
5.660885
5.664574
5.736103
5.571625
5.580658
5.712685
5.185960
5.462287
5.408199
5.503692
5.453042
5.532695
5.596526
5.458599
5.524555
5.155047
5.318402
5.292711
5.715638
5.768703
5.831301
5.975294
5.857694
5.491687
6.092377
5.663790
5.472556
5.442470
5.475264
5.337400
5.102780
5.283523
5.352982
5.282212
4.923405
5.162101
5.472607
5.730913
5.773839
5.542776
5.945152
5.798314
5.653860
5.357438
5.572686
5.444122
5.413883
5.530221
5.410470
5.585586
5.512390
5.605289
5.556929
5.426106
5.629542
5.762582
5.499076
5.403781
5.458442
5.486311
5.326449
5.413893
5.358677
5.425327
5.482510
5.309978
5.168369
5.388618
5.243115
5.200240
5.605595
5.273598
5.310278
5.642892
5.502195
5.434851
5.102368
5.076192
5.213779
5.506414
5.535272
5.386445
5.170352
5.268811
5.322012
5.143308
5.068997
4.976161
4.704876
4.972383
4.870299
5.371866
5.492627
5.524665
5.406584
5.666216
5.830592
5.822729
5.747223
5.868387
5.779165
5.528142
5.360398
5.297151
5.694832
5.795402
5.303545
5.536361
5.389062
5.244090
5.294629
5.315609
5.214526
5.383181
5.418311
5.361542
5.846417
5.702127
5.493114
5.383349
5.677744
5.886298
5.737260
6.056315
5.489400
5.363061
5.714925
5.582850
5.224240
5.320304
5.350295
5.177942
5.218034
5.368936
5.352688
5.087381
5.227611
5.515922
5.674590
5.634193
5.386641
5.572629
5.720518
6.077998
5.851334
5.651983
5.511812
5.380242
5.407198
5.747839
5.874209
5.823024
5.742616
5.376578
5.559903
5.857155
5.452755
5.314728
5.258088
5.580704
5.443802
5.761301
5.524975
5.750365
5.404812
5.460904
5.241643
4.963453
4.653021
5.096615
5.485742
5.587213
5.633890
5.342755
5.491788
5.566248
5.436040
5.072791
5.293749
5.362275
5.459663
5.237772
5.333016
5.470396
5.855117
5.522495
5.572180
4.876134
4.667091
4.780551
5.573724
5.438207
5.502729
5.755417
5.796873
6.015113
6.021955
6.208620
5.654191
5.226810
5.199625
5.153555
4.957915
5.071532
5.308766
5.194991
5.406908
5.268612
5.473124
5.003047
5.352666
5.501847
5.777383
5.454120
5.589052
5.366464
5.239497
5.367057
5.653338
5.580136
5.673131
5.468149
5.515615
5.359952
5.312444
4.964419
5.039977
5.287176
5.215160
5.278524
5.141924
5.249284
5.360212
5.613236
5.286813
5.489781
5.415516
5.212383
5.396209
5.204801
5.642558
5.594962
5.389587
5.427227
5.396706
5.551369
5.206079
5.481040
5.481565
5.595865
5.394304
5.819949
5.447052
5.264734
5.523063
5.828007
5.604475
5.537985
5.083782
4.936455
4.813285
5.058766
5.096534
5.208737
5.255732
5.382885
5.603929
5.273956
5.357784
5.084414
5.178547
5.249480
5.213483
5.105328
5.264502
5.283451
5.498098
5.841123
5.766995
5.634911
5.626036
5.197015
4.950642
5.043358
5.467368
5.376829
5.289855
5.410177
5.427368
5.685603
6.076013
6.216796
5.939424
5.394747
5.405859
5.241966
5.686893
5.525400
5.577617
5.675490
5.289026
5.164797
5.234034
5.276933
5.483484
4.954764
5.268191
5.258248
5.454398
5.564885
5.503757
5.590591
5.644531
5.342646
5.306822
5.274866
5.579809
4.806532
5.000515
4.781315
5.220031
5.376774
5.595530
5.533698
4.968841
4.987530
5.259808
5.099049
5.160156
5.065491
5.478699
5.406643
5.558393
5.693642
5.545751
5.466641
5.515483
5.260610
5.526518
5.683312
5.568682
5.757787
5.394778
5.299671
5.571117
5.491528
5.292875
5.212331
4.981146
5.036243
5.094364
4.968615
4.929019
5.346210
5.027572
5.522856
5.545058
5.246260
5.311714
5.427339
5.386543
5.413965
5.307502
5.274811
5.394775
5.696649
5.561908
5.745000
5.696571
5.284302
5.187595
5.267000
5.389302
5.248343
5.417899
5.479292
5.128480
5.309236
5.176679
5.331726
5.395189
5.554509
5.385549
5.413180
5.280990
5.203043
5.156850
5.208760
5.044798
4.981703
4.974905
5.406771
5.416226
5.569585
5.712007
5.711290
5.831748
5.427194
5.482491
5.508079
5.697172
5.538960
5.486174
5.733937
5.528524
5.510002
5.589691
5.476962
5.055420
5.137565
4.799568
5.538720
5.368821
5.816960
5.473598
5.549355
5.376278
5.284749
4.946127
5.329614
5.653452
5.576625
5.243067
5.283189
4.868100
5.375595
5.620167
5.734389
5.746376
5.745835
5.893186
5.490635
5.559728
5.215651
5.574042
5.744481
5.419547
5.283559
5.828315
5.803966
5.867389
6.044964
5.572209
5.840380
5.837587
5.589547
5.073502
5.072829
5.086273
4.917335
5.064970
4.772199
5.058864
5.336685
5.613866
5.437159
5.523415
5.781461
5.627841
5.407699
5.214824
5.456981
5.490720
5.260783
4.904392
4.901415
5.044751
5.229151
5.508098
5.475476
5.549532
5.338965
5.494762
5.529335
5.479438
5.526393
5.709357
5.669425
5.379936
5.830172
5.499601
5.493323
5.757160
5.644619
5.361377
5.401357
5.282929
5.582429
5.739256
5.233119
5.297214
5.064716
5.228333
5.016881
5.154951
5.265345
5.436357
5.396436
5.487020
5.424839
5.726741
5.789509
5.599091
5.321178
5.451676
5.230905
5.318370
5.514187
5.378942
5.161748
5.459860
5.063069
4.932648
5.044670
5.115962
5.122544
5.143111
5.052295
5.558653
5.725027
5.496910
5.769283
5.439916
5.463129
5.536805
5.385763
5.300310
5.563535
5.434898
5.411675
5.257549
5.123462
5.099473
4.919562
5.128290
5.492990
5.493079
5.789774
5.778460
5.509744
5.945068
5.679881
5.355113
5.557993
5.287326
5.388872
5.534246
5.561551
5.598121
5.433127
5.484797
5.497694
5.151228
5.229728
5.427612
5.323084
4.894298
4.889948
5.392320
5.743356
5.887940
6.347686
6.076117
5.641162
5.838824
5.554088
5.430266
5.498533
5.468100
4.947126
4.994221
4.969309
4.968457
5.173803
5.565399
5.431130
5.574482
5.366812
5.519418
5.091830
5.313097
5.907158
5.745062
5.299857
5.316437
5.352476
5.454276
5.651347
5.787885
5.990320
5.263407
5.368949
5.241841
5.181371
5.216498
5.036279
5.303100
5.513113
5.631227
5.437758
5.207502
5.884785
6.109767
5.629576
5.558325
5.325472
5.512372
5.581126
5.199771
5.325436
5.247585
5.676125
5.362858
5.403400
5.483249
5.332245
5.260328
5.166665
5.384753
5.496673
5.608164
5.903444
5.452058
5.743030
5.740730
5.761222
5.627285
5.605296
5.731324
5.611471
5.446546
5.352105
5.170862
5.113925
5.020137
5.110589
5.347670
5.493004
5.613655
5.474810
5.497329
5.550951
5.794381
5.410424
5.400123
5.569238
5.258150
5.331385
5.642136
5.581783
5.649323
5.582922
5.496551
5.343985
5.185810
5.368572
5.331128
5.677143
5.595623
5.314411
5.197515
5.171961
5.233438
5.452782
5.675440
5.743821
5.644505
5.256444
5.043206
4.981255
5.163408
5.371378
5.630896
5.850446
5.536961
5.409576
5.292606
5.229671
5.230800
5.338611
5.214600
5.048047
5.385515
5.427627
5.407386
5.480161
5.436708
5.545867
5.572863
5.688287
5.540561
5.543769
5.329587
5.372968
5.752978
5.157701
5.475310
5.478786
5.721590
5.489665
5.354069
5.235890
4.955814
6.039948
5.940652
5.686581
5.595897
5.680951
5.491503
5.510064
5.364505
5.372406
5.177688
4.860892
4.781890
5.067703
5.095279
5.398133
5.254471
5.571822
5.162384
5.225357
5.102825
5.468040
5.480934
5.593854
5.714293
5.629189
5.286682
5.109930
5.035418
5.463076
5.546550
5.322060
5.093289
5.068154
5.139368
5.216804
5.484852
5.827642
5.726087
5.771339
5.594484
5.545257
5.723207
5.555563
5.615580
5.306303
5.084758
5.055523
5.008979
5.088567
5.290206
5.460839
5.573569
5.676031
5.715560
5.652014
5.462483
5.446969
5.265456
5.626165
5.452214
5.431811
5.619137
5.442157
5.524676
5.361722
5.529263
5.770181
5.619987
5.519612
5.756073
6.175676
6.348330
6.036202
6.041090
5.656331
5.437757
5.228826
5.139104
5.194887
5.382153
5.267672
5.226893
5.124524
5.053922
5.383770
5.247060
5.131495
5.305206
5.277468
5.445936
5.162821
5.395278
4.957742
4.902847
5.223211
5.506176
5.189847
5.500289
5.221515
5.280559
5.248045
5.485709
5.844596
5.849956
5.678078
5.988303
5.362682
5.240118
5.416803
5.506490
5.649489
5.469764
5.272953
5.355976
5.338895
4.992619
4.965125
5.205330
5.570782
5.351810
5.295814
5.211170
5.500818
6.004464
5.661752
5.793856
5.685592
5.627902
5.680822
5.333140
5.581007
5.598497
5.716165
5.545083
5.533777
5.664622
5.597062
5.814094
5.899413
5.623938
5.704080
5.872094
5.554149
5.292669
5.512864
5.706753
5.606490
5.051146
5.188058
5.182632
5.181137
5.205076
5.160331
5.682049
5.835794
5.680234
5.730538
5.615548
5.807433
5.928780
5.667553
5.360753
5.571357
5.617226
5.186133
5.530678
5.342692
5.061094
4.902836
5.137384
5.282519
5.676036
5.049808
5.000048
5.208828
5.241280
5.622156
5.681504
5.417838
5.321203
5.065916
5.327891
5.351384
5.441865
5.323579
5.801461
5.755670
5.726461
5.821272
5.279160
5.443760
5.446694
5.208252
4.938828
4.998566
5.219749
5.141460
5.563904
5.203381
5.151405
5.294126
5.711262
5.127727
5.213742
5.295377
5.147752
5.478224
5.559381
5.670446
5.365966
4.946460
5.367202
5.348029
5.206134
5.182936
5.079414
5.553719
5.923355
5.572947
5.347049
5.227606
5.473029
5.443488
5.429940
5.223267
5.123571
5.081646
5.477079
5.684185
5.336928
5.603576
5.353856
5.931102
5.739595
5.463268
5.582787
5.376597
5.290138
5.279494
5.461204
5.361353
5.380523
5.048396
5.207798
5.229434
5.594914
5.457341
5.319863
5.278573
5.841900
5.639958
5.585873
5.308896
5.647315
5.663751
5.846870
6.201646
6.062201
5.513995
5.508601
5.481033
5.550942
5.258098
4.948863
5.181483
5.275182
5.329886
5.259743
5.413003
5.304155
5.424593
5.400800
5.564994
5.488209
5.369019
5.277595
5.448373
5.108523
5.476684
5.612834
5.974963
5.779962
5.534354
6.381330
5.936446
5.949611
5.832387
5.097374
5.023672
5.672892
5.722035
5.498431
5.790501
5.778197
5.667194
5.511988
5.397424
5.684101
5.519794
5.625515
5.567009
5.654174
5.526754
5.345587
5.152927
5.104235
4.903231
5.372198
5.271830
5.320352
5.493900
5.179135
5.498952
5.491164
5.523082
5.318630
5.883454
5.422551
5.258765
5.527087
5.529468
5.602534
5.646913
5.670014
5.407587
5.694877
5.687789
5.394595
5.068764
5.089942
5.632333
5.415983
5.667194
5.211566
5.064424
5.655366
5.727157
5.761701
5.633295
5.441066
5.366586
5.504884
5.270365
5.454396
5.658382
5.504257
5.622764
5.527131
5.435796
4.987852
5.995477
5.576562
5.070236
5.280430
5.232981
5.078569
5.445065
5.761404
5.598366
5.938970
5.496992
5.518819
5.555357
5.810576
5.361381
5.371027
5.428207
5.378251
5.362385
5.427582
5.216469
5.305534
4.968150
5.167120
4.885731
5.265770
5.159563
5.356345
5.318702
5.540691
5.408682
5.035778
4.994084
5.190201
5.146059
5.258634
5.492601
5.315491
5.516356
5.672145
5.415828
5.792437
5.667249
5.410200
5.495444
5.749921
5.694580
5.573493
5.834998
5.616388
5.573755
5.391382
5.652125
5.230488
4.910428
5.076284
5.064727
5.363607
5.268348
5.229719
5.352133
5.466647
5.471996
5.809386
5.510321
5.337081
5.413331
5.448427
5.465807
5.686183
5.693494
5.507784
5.734154
5.682245
5.451530
5.348901
5.089983
5.243390
5.244500
5.123758
5.544699
5.519102
5.437804
5.210518
5.262223
5.260997
5.338170
5.400820
5.615987
5.607642
5.648735
5.341044
5.255779
5.235820
5.835783
5.711348
5.349282
5.499987
5.796619
6.002435
5.723449
5.253815
5.443657
5.191488
4.920211
5.477514
5.524252
5.043466
5.487190
5.742079
5.556477
5.256869
5.434736
5.572993
5.603764
5.688629
5.402805
5.088516
5.107825
5.323769
4.983729
5.116712
5.102296
5.465259
5.653405
5.275228
5.668562
5.534256
5.999622
5.889999
5.842521
5.590579
5.448260
5.251491
5.194533
5.324461
5.412136
5.443688
5.434612
5.756792
5.459100
5.848067
5.839442
5.287889
5.346053
5.709120
5.625388
5.443961
5.171635
5.452360
5.457068
5.445761
5.868975
5.631865
5.641299
5.547270
5.544975
5.560546
5.141663
5.256020
4.985681
4.686878
5.342762
5.403778
5.079962
4.897136
5.481017
5.318435
5.238238
5.552166
5.631833
5.515062
5.739415
5.544390
5.201288
5.345711
5.484415
5.501967
6.005352
6.319341
6.147281
6.051582
5.707077
5.757016
5.732469
5.506066
5.570527
5.551394
5.438811
5.469787
5.438422
5.433892
5.198827
5.431428
5.619588
5.355782
5.322272
5.507380
5.566221
5.691223
5.489253
5.324638
5.470358
4.894236
4.995858
5.449887
5.312796
5.247807
5.578119
5.170054
5.065760
5.270040
5.197458
5.318290
5.179621
5.191456
5.409997
5.484496
5.253605
5.336184
5.753056
5.605288
5.657727
5.767280
5.325542
5.439499
5.418823
5.105197
5.300040
5.454516
5.426432
5.236516
5.346706
5.255926
5.316814
5.204866
5.286970
5.403424
4.972974
4.944214
5.047769
5.165247
5.178695
5.044651
5.567476
5.593833
5.155745
5.132167
5.171844
5.612352
5.751249
5.640152
5.526523
5.498958
5.744738
5.417507
5.910735
5.985671
5.579710
5.287222
4.901609
5.148503
5.285487
5.095685
5.026082
5.291935
5.266482
5.301120
5.018095
5.300468
5.361699
5.503071
5.770697
5.352103
5.403843
5.332689
5.491117
5.661501
5.565839
5.520101
5.188577
5.125313
5.172997
5.411063
5.463953
5.465848
5.429267
5.486266
5.419479
5.633305
5.628330
5.578406
5.453725
5.588019
5.305849
5.199521
5.024854
5.372074
5.308296
5.317748
5.063617
5.233815
5.352089
5.415877
5.233459
5.534169
5.513506
5.332537
5.160755
5.309678
5.463591
5.471305
5.960104
5.884772
5.823415
5.863031
5.758973
5.820472
5.598421
5.500458
5.265695
5.321202
5.409961
5.708418
5.881702
5.747234
5.300929
5.369922
5.302817
5.079093
5.284592
5.568233
5.724849
5.792035
5.645064
5.627735
5.544620
5.537322
5.299442
5.297117
5.409993
5.469309
5.718187
5.495031
5.173788
5.313259
5.434290
5.227850
5.661840
5.312685
5.134875
5.368180
5.567966
5.445277
5.495711
5.665849
5.226380
5.211223
5.104718
5.478608
5.378568
5.348425
5.692181
5.544594
5.351498
5.163671
5.305810
5.319875
5.321276
5.673729
5.727906
5.587680
5.470123
5.522405
5.496544
5.519856
5.442417
5.365627
5.518091
5.187540
5.518716
5.442726
5.703068
5.617515
5.736622
5.686286
5.775878
5.795621
5.708921
5.415469
5.739654
5.575647
5.464756
5.387026
5.598151
5.414067
5.280080
5.241627
5.067196
5.140197
5.077981
5.279228
5.368406
5.493299
5.498814
5.577621
5.721619
5.528772
5.313188
5.572046
5.298862
5.243116
5.652405
5.402045
5.053924
4.965051
5.230107
5.215773
5.259120
5.247002
5.476195
5.424981
5.328901
5.384246
5.471815
5.333981
5.717763
5.688452
5.337324
5.651491
5.459308
5.313195
5.149688
5.465933
5.532732
5.224664
5.038035
4.950091
4.970926
4.930737
5.088357
5.345725
4.954994
5.219006
5.218971
5.475891
5.354235
5.409794
5.590941
5.217012
5.558516
5.654068
5.599685
5.187035
5.110211
5.393171
5.196936
5.397733
5.707334
5.560599
5.547835
5.323812
5.509417
5.267462
5.434456
5.759922
5.635229
5.249901
5.302723
5.376753
5.350566
5.276772
5.465074
5.288980
5.458993
5.427357
5.165319
5.599803
5.244124
5.303971
5.375616
5.325165
5.387129
5.616190
5.483429
5.429044
5.359773
5.690402
5.597804
5.578587
5.299701
5.295344
5.605560
5.394937
5.441017
5.224841
5.253245
5.509441
5.679663
5.577172
5.783948
5.483370
6.233077
5.962699
5.915432
5.611741
5.603071
5.823271
5.566129
5.268624
5.183256
5.497259
5.578711
5.185023
5.447245
5.392743
5.633593
5.936022
5.238453
5.278466
5.315010
5.394372
5.439391
5.393135
5.229041
5.274051
5.139333
5.341050
4.606187
4.933254
5.031295
5.467193
5.509825
5.666841
5.630762
5.564077
5.616894
5.482358
5.547071
5.716968
5.804422
5.506969
5.663466
5.723013
5.552203
5.383206
5.328540
5.689096
5.524567
5.623149
5.455142
5.499469
5.732442
5.709773
5.990775
5.868315
5.838404
5.857695
5.800261
5.856721
5.856512
5.647160
5.425497
5.568817
5.348153
5.500079
5.550847
5.278564
5.211839
5.570775
5.421336
5.417560
5.670555
5.432341
5.418441
5.410730
5.166862
5.655974
5.273302
5.441950
5.468475
5.446203
5.667426
5.661729
5.868421
5.930466
6.258134
5.876403
5.608042
5.635843
5.765193
5.582307
5.488255
5.908565
5.609935
5.331167
5.528059
5.152397
5.210170
5.380170
5.205995
5.141116
5.417927
5.135357
5.736526
5.361462
5.344817
5.628193
5.369800
5.644369
5.566345
5.715617
5.582070
5.156169
5.040015
5.439558
5.463325
5.430331
5.798353
5.567658
5.710295
5.405004
5.549358
5.594120
4.990016
5.250027
5.340333
5.507005
5.357095
5.475595
5.621782
5.483124
5.426430
5.226055
5.550950
5.523350
5.127057
5.111577
5.250206
5.501009
5.312727
5.930366
5.713231
5.495933
5.335350
5.301094
5.545055
5.339823
5.372355
5.366950
5.088599
4.969882
5.208355
5.385900
5.260164
5.450231
5.565849
5.554300
5.607978
5.339902
5.523148
5.284548
5.512091
5.053775
4.995563
4.853794
5.336147
5.290441
5.263280
5.237398
5.603028
5.903009
5.739322
5.562466
5.582628
5.279292
5.348439
5.464034
5.179104
5.558422
5.390634
5.543118
5.484044
5.645383
5.569949
5.558507
5.727289
5.452694
5.454405
5.237464
5.184276
5.339019
5.780715
5.942056
5.535700
5.187191
5.682928
5.765160
5.803936
5.335674
5.139007
5.397233
5.366247
5.596010
5.817232
5.740372
5.566638
5.287340
5.457228
5.212545
5.459221
5.632941
5.428140
4.721463
5.098744
5.445294
5.516993
5.512918
5.341053
4.907382
5.114094
5.259357
4.858782
5.331193
5.288447
5.187227
5.185232
5.236834
5.301500
5.463386
5.456822
5.455273
5.200459
5.123071
5.529427
4.991945
5.226752
5.202822
5.881872
5.723986
5.603583
5.576544
5.209033
5.442074
5.451252
5.341898
5.077462
5.238170
5.487137
5.831705
5.964388
5.660082
5.525733
5.705625
5.643370
5.422832
5.399829
5.563312
5.259341
5.642944
5.829159
5.539953
5.524629
5.822963
5.265887
5.148310
4.933914
5.308392
5.196820
5.086534
5.314309
5.205922
5.399356
5.261011
5.214935
5.194256
5.079323
5.405054
5.396226
5.444281
5.423963
5.839201
5.387687
5.906438
5.695445
5.732251
5.560146
5.652320
5.293355
5.399370
5.418934
5.459268
5.769432
6.017572
5.867827
5.637831
5.447938
5.346972
5.207558
5.143827
5.657506
5.773225
5.568797
5.393181
5.302161
5.083968
5.264618
5.408492
5.673997
5.167203
6.013893
5.542573
5.558077
5.240938
5.312867
5.240565
4.848807
5.191288
5.406381
5.361133
5.224041
5.261119
5.598589
5.500179
5.709724
5.324472
5.168364
5.028305
5.341577
5.258673
5.328742
5.383395
5.417387
5.257477
5.004133
5.176879
5.421817
5.317771
5.465302
5.504802
5.532868
5.850242
5.650359
5.104918
5.290677
5.400721
5.360903
5.120241
5.524792
5.328587
5.525116
5.148744
5.452048
5.802598
5.576354
5.421125
5.598279
5.396453
5.268993
5.293047
5.336978
5.250290
5.531984
5.768326
5.291114
4.980163
4.909572
4.897454
5.000604
4.909496
4.962567
5.195348
5.511659
5.319460
5.366199
5.525303
5.387224
5.376248
5.489162
5.406403
5.315302
5.361681
5.428350
5.616162
5.393821
5.204573
5.206089
5.537699
5.381616
5.371685
5.396029
5.231095
5.434105
5.290329
4.915446
5.138980
5.287305
5.456950
5.073518
5.365610
5.585004
5.625239
5.604942
5.728510
5.504735
5.519343
5.682636
5.308931
5.475318
5.289346
5.373562
5.492833
5.448790
5.023661
5.079165
5.350927
5.508468
5.652263
5.525088
5.705308
5.957199
5.210510
5.245025
5.255518
5.599352
5.703635
5.841434
5.853575
5.373193
5.381877
5.708491
5.797961
5.368582
5.615510
5.715813
5.957744
5.647273
5.692070
5.417719
5.529325
5.957350
5.503436
5.182810
5.321407
5.307971
5.298291
4.877497
5.211958
5.303989
5.455698
5.334581
5.401073
5.525408
5.485881
5.453368
5.675405
5.489429
5.608021
5.575725
5.799657
5.631781
5.605445
5.306503
5.420409
5.754146
5.382681
4.982857
5.048298
5.245498
5.394638
5.306168
5.183544
5.300656
5.478866
5.654662
5.626811
5.862875
5.643551
5.289146
5.351876
5.163232
5.405373
5.284619
5.232002
5.843042
5.668567
5.562915
5.497381
5.066609
5.153133
5.449555
5.184170
5.132034
5.364902
5.684739
5.579464
5.717432
5.305436
5.264479
5.523778
5.310633
5.473743
5.158175
5.046539
4.988452
5.397509
5.854606
5.552886
5.531288
5.466075
5.491769
5.911572
5.391275
5.819695
5.784141
5.912842
5.584436
5.736146
5.404979
5.188061
5.023889
5.087280
5.102841
5.574242
5.473016
5.428335
4.929996
5.175593
5.420179
5.364578
5.438202
5.583221
5.598259
5.434093
5.695084
5.159966
5.660788
5.458884
5.235957
5.578452
5.941729
5.538338
5.549689
5.451944
5.297173
5.021727
5.359793
5.476635
5.244493
5.487683
5.493226
5.574656
5.324135
5.350029
5.337792
5.404933
5.474912
5.471653
5.206300
5.333278
5.436636
5.299566
5.170785
5.556174
5.673487
5.441321
5.845295
5.656078
5.661227
5.612188
5.590723
5.454756
5.678560
5.666789
5.464440
5.781954
5.708778
5.410092
5.666259
5.907039
5.641559
5.824790
5.574818
5.755841
5.443113
5.319149
5.437512
5.571692
5.438478
5.349413
5.084345
5.563911
5.621785
5.690567
5.366253
5.397174
5.504297
5.472369
5.798968
5.665528
5.536965
5.633221
5.605497
5.373568
5.042186
5.012480
5.097404
5.745513
5.363426
5.433441
5.429094
5.163765
5.077866
5.369234
5.257534
5.344203
5.336849
5.322715
5.226498
5.479811
5.152065
5.632401
5.074737
5.083219
5.529265
5.281619
5.457431
5.340874
5.294796
5.536152
5.598591
5.218020
5.117112
5.103973
5.133813
5.062754
5.366202
5.107959
5.364105
5.364304
5.368919
5.524686
5.611346
5.583225
5.222698
5.231767
5.177028
5.345442
5.546947
5.538547
5.619727
5.868292
5.504627
5.608016
5.529858
5.631386
5.577659
5.898409
5.732673
5.269750
5.561982
5.766604
5.319405
5.246380
5.208815
5.199944
5.143413
5.130740
5.218561
5.629576
5.820494
5.627502
5.535152
5.578006
5.753260
5.455290
5.844231
5.488046
5.464440
5.362996
5.285576
5.449839
5.390648
5.427911
5.443390
5.524522
5.257893
5.816431
5.435355
5.051001
4.976013
4.980809
4.907308
5.140549
4.929830
5.361215
5.608090
5.588357
5.301459
5.508921
5.425167
5.345281
5.436742
5.789116
5.447422
5.498342
5.352723
5.501655
5.704006
5.704428
5.749545
5.683711
5.657863
5.944325
5.484230
5.260111
5.091253
5.217993
5.264805
5.354876
5.373442
5.270111
5.062291
5.380757
5.528497
5.639705
5.637612
5.613998
4.964904
5.140005
5.122969
5.072066
5.005512
5.315385
5.157835
5.411254
5.650373
5.647874
5.606633
5.364086
5.079091
5.081926
5.366053
5.081496
5.068639
5.121924
5.275402
5.253613
5.540709
5.674755
5.401425
5.101427
5.247646
5.450327
5.615956
5.605983
5.508281
5.493852
4.976469
4.933738
5.266569
5.306550
5.131004
5.503541
5.804330
5.882484
5.680622
5.400838
5.434819
5.412237
5.204476
5.197928
4.813267
5.176697
5.391503
5.218035
5.418267
5.412198
5.630947
5.515293
5.556690
5.623637
5.380928
5.187543
5.084129
5.392736
5.770581
5.552396
5.614774
5.374868
5.552547
5.332566
5.328127
5.298826
5.160745
4.992936
5.059948
4.847743
5.026515
5.272001
5.595881
5.096256
5.833200
5.869948
5.322104
5.502629
5.423773
5.257706
5.188014
5.247814
5.278830
5.532225
5.439181
5.445680
5.428379
5.412066
5.485545
5.336078
5.312859
5.526888
5.117311
4.987784
5.092014
4.968076
4.900298
5.470648
5.665285
5.425016
5.486382
5.378900
5.570104
5.698294
5.514413
5.861425
5.352646
5.529999
5.690910
5.792218
5.897064
5.718229
5.610847
5.372506
5.668673
5.790625
5.619393
5.452918
5.655038
5.972966
5.351639
5.277288
5.430653
5.298623
5.468768
5.510775
5.546138
5.553984
5.898039
5.643354
5.673226
5.505434
5.506295
5.516188
5.369791
5.293060
5.266768
5.453753
5.294827
5.492890
5.424882
5.477762
5.106347
5.362850
5.505711
5.422534
5.675902
5.275995
5.732296
5.687345
5.690096
5.361634
5.139285
5.184932
5.457369
5.331935
5.372074
5.179793
5.274453
5.010075
5.035855
5.111874
5.044994
5.281891
5.395583
5.408997
5.627426
5.186284
5.096808
5.257010
5.518172
5.513686
5.415180
5.818400
5.799804
5.614999
6.317520
5.461386
5.397584
5.376382
5.068890
5.515350
5.764412
5.823589
5.453391
5.470305
5.330003
5.246667
5.277133
5.294044
5.515719
5.619618
5.593092
5.573464
5.187713
5.309766
5.129658
5.266281
5.242867
5.358417
4.725165
5.008805
4.963144
5.106691
5.250406
5.414369
5.085424
5.552672
5.515143
5.181339
5.345207
5.310572
5.289691
5.428626
5.562622
5.544948
5.377951
4.645382
5.205407
5.691226
5.249147
5.155992
5.337654
5.465523
5.394129
5.520116
5.693544
5.515430
5.545548
5.462079
5.185280
5.012574
4.923222
5.330963
5.416534
5.153371
5.593078
5.490812
5.651980
5.981571
6.039269
5.754074
5.537014
5.133115
5.613020
5.353608
5.963514
5.885407
5.730713
5.289682
5.391155
5.307889
5.351299
5.393529
5.449818
5.578346
5.555651
5.621280
5.319567
5.314105
5.473876
5.257928
5.517018
5.295742
5.346382
4.734368
5.105387
5.620448
5.384068
5.288301
5.151210
5.366883
5.348141
5.256365
5.237432
5.333233
5.441856
5.294677
5.624453
5.779337
5.549162
5.658108
5.456031
5.409035
5.320356
5.395402
5.331302
5.344574
5.384693
5.384738
5.563547
5.560998
5.758117
5.552274
5.009100
5.123767
5.290901
5.118225
5.241875
5.336592
5.009092
5.067750
5.162697
5.324309
5.602974
5.380189
5.407925
5.807381
5.262325
5.585425
5.422863
5.079028
5.072314
5.073018
5.017547
5.277299
5.583989
5.527173
5.290222
5.368432
5.524147
5.301790
5.122960
5.351994
5.316907
5.170717
5.460700
5.150122
5.276006
5.458261
5.445777
5.775716
5.393318
5.589899
5.840608
6.062136
5.830256
5.660845
5.407667
5.308887
5.350279
5.548411
5.470112
5.510922
5.306100
4.861993
5.176359
5.400943
5.382698
5.432574
5.360741
5.165580
5.641168
5.358754
5.441159
5.268390
5.509851
5.814536
5.566460
5.198659
5.349616
5.558062
5.295188
5.376336
5.755693
5.842226
5.548460
5.559489
5.160499
5.237485
5.249935
5.259212
5.334473
5.474286
5.490755
5.490563
5.287266
5.081603
5.374003
5.329528
5.555478
5.653266
5.740202
5.222438
5.259727
4.972904
5.039960
5.518981
5.353747
5.370779
5.870859
5.817099
5.560228
5.510704
5.698905
5.447729
5.364212
5.227915
4.966886
5.063512
5.145797
5.601798
5.562821
5.826492
5.486065
5.543335
5.475471
5.409837
5.696999
5.916293
5.894928
5.576341
5.725712
5.645389
5.454262
5.963821
5.306403
5.481987
5.467305
5.519343
5.762321
5.479901
5.274535
5.553532
5.920216
6.011423
5.785342
5.197153
5.230205
5.377988
5.271814
5.595969
5.212945
5.604467
5.691274
5.748718
5.768291
5.710143
5.545750
5.711538
5.588086
5.545339
5.106181
5.358502
5.287877
5.577958
5.940066
6.182988
5.937380
6.112522
5.603757
5.350639
5.322505
4.949903
5.203794
5.291992
5.286724
5.919464
5.991548
5.566495
5.817026
5.688259
5.508105
5.753058
5.686908
5.556388
5.274329
5.605661
5.710331
5.134085
5.170513
5.493073
4.906434
5.135168
5.397931
5.406542
5.611823
5.531107
5.541482
5.517650
5.479129
5.518850
5.344224
5.420483
5.391264
5.228702
5.401817
5.400469
5.585251
5.677779
5.399967
5.631597
5.691554
5.261639
5.144054
5.065868
5.333115
5.616302
5.586791
5.837374
5.321851
5.430772
5.503363
5.472268
5.232225
5.226922
5.220594
4.995654
5.155602
5.524627
5.370560
5.137252
5.291863
5.492882
5.788100
5.251598
5.460658
5.411406
5.419065
4.995350
4.823835
4.755534
4.976468
4.952606
5.204291
5.047156
5.219889
4.910383
5.006287
5.151991
5.014010
5.117261
5.285075
5.283994
5.275796
5.351803
5.413464
5.372345
5.606745
5.531033
5.705224
5.543888
5.569799
5.680035
5.349551
5.665141
5.713891
5.643678
5.723508
5.515962
5.857992
5.485134
5.270175
5.620342
5.714974
5.691599
5.256853
5.252610
5.176749
5.233485
5.129996
5.416164
5.496122
5.427038
5.290929
5.657478
5.373686
5.631212
5.909752
5.608778
5.973570
5.889038
5.579613
5.756231
5.503155
5.138850
5.392611
5.335120
5.354477
5.766495
5.592058
5.373710
5.174564
5.075634
5.171208
4.773413
5.286640
5.804374
5.624862
5.486085
5.336577
5.420291
5.498168
5.400730
5.033910
5.434355
5.529583
5.402009
5.741117
5.256284
5.237453
5.468871
5.282675
5.649783
5.758463
5.582873
5.673687
5.209754
5.721839
5.550422
5.252124
5.393338
5.185762
5.246283
5.033725
5.244753
5.455698
5.672063
6.006083
6.106125
5.687841
5.524519
5.503129
5.254932
5.252788
5.550378
5.959732
6.034002
5.725033
5.478992
5.421483
5.156611
5.498429
5.601627
5.308063
5.226616
5.856621
5.499217
5.390075
5.366847
5.726438
5.812993
5.612153
5.443050
5.441177
5.430889
5.166103
5.377236
5.377392
5.285805
5.900205
6.132083
6.011521
5.799570
5.868643
5.451236
5.427237
5.457167
5.472647
5.061012
5.260768
5.390487
5.162015
5.337825
5.299047
5.395856
5.161396
5.025204
5.162239
5.025392
5.067256
5.288835
5.105429
5.289031
5.166390
5.086961
5.278363
5.135703
5.290199
5.712214
5.534188
5.509636
5.368879
5.080063
5.255794
5.163433
5.012390
5.528325
5.353700
5.122894
5.227642
5.402042
5.492463
5.149446
5.195737
5.259536
5.379770
5.638586
5.298637
5.126090
4.886933
4.959472
5.355246
5.559224
5.550880
5.530160
5.536657
5.763599
5.276059
5.160843
5.200831
5.141615
5.198771
5.505364
5.330100
5.224420
5.226266
5.355915
5.520737
5.168275
5.120380
5.195326
5.071889
4.962214
5.574208
5.331318
5.167992
5.423466
5.854860
5.941558
5.934754
5.798805
5.991956
5.969946
5.677040
5.590007
5.474118
5.668840
5.574910
5.449159
5.624330
5.356928
5.603032
5.420474
5.709467
5.706955
5.549104
5.151907
5.182859
5.449720
5.406568
5.325849
5.483647
5.478356
5.584051
5.748441
5.811049
5.870612
5.678770
5.262486
5.331643
5.291086
5.724582
5.692830
5.722522
5.460901
5.702111
5.612694
5.313813
5.626420
5.542107
5.342742
5.385712
5.410689
5.343534
5.611889
5.363644
5.677398
5.402609
5.142958
4.778394
5.260872
5.242885
5.371169
5.114689
5.653047
5.379347
5.545831
5.619394
5.548087
5.667031
5.662520
5.353491
5.291445
5.340543
5.456823
5.566623
5.356474
5.197758
5.052388
4.981753
5.279227
5.326604
5.403318
5.480923
5.505722
5.355827
5.393738
5.567624
5.796531
5.603773
5.472464
5.442397
5.294490
5.305523
5.592142
5.521034
5.416842
5.523460
5.331046
5.537365
5.547404
5.759993
5.481606
5.774642
5.796260
5.897598
5.833048
5.944669
5.648164
5.569738
5.542155
5.157794
5.312325
5.258416
5.117172
4.921818
5.153224
4.932686
4.995548
5.246642
5.775719
5.686242
5.254496
6.074772
5.816765
5.842427
5.701336
5.506199
5.258926
5.229657
5.153875
5.355712
5.210384
4.944858
5.220884
5.342657
5.234357
5.393142
5.730433
5.771665
5.570074
5.483787
5.385338
5.366892
5.452780
5.587311
5.443140
5.245987
5.253597
5.512463
5.493970
5.468880
5.366982
5.180484
4.978833
5.149929
5.025654
4.936158
5.156657
5.415227
5.548032
5.751122
5.133183
5.187312
5.346412
5.344897
5.426562
5.300896
5.249203
5.180005
5.045642
5.032991
5.164991
5.368145
5.242635
4.973075
5.326670
5.291262
5.081456
5.368371
5.197022
5.352613
5.435216
5.515685
5.074873
5.458635
5.834417
5.538035
5.423203
5.696456
5.724154
5.602746
5.504374
5.484764
5.432235
5.195414
5.485458
5.130375
5.229457
5.299342
5.267880
5.074833
5.463286
5.466095
5.665780
5.670262
5.690357
5.327261
5.236892
5.050343
5.254573
5.119291
5.331047
5.639796
5.544885
5.403972
5.260541
5.435758
5.476249
5.220756
5.221824
5.142595
5.488476
5.693044
5.526796
5.200233
4.912892
5.393573
5.507160
5.529244
5.276713
5.356696
5.080813
5.273466
5.294069
5.536262
5.251674
4.992677
5.310327
5.545790
5.518601
5.505335
5.308853
5.347113
5.500094
5.266270
5.487078
5.425561
5.242738
5.505949
5.450147
5.116311
5.102716
5.063079
5.046648
5.462875
5.223893
5.544905
5.615083
5.240064
5.300430
5.211213
5.308504
5.313296
5.919284
5.906625
5.733129
5.952348
5.318521
5.206456
5.334163
5.499832
5.544134
5.539834
5.640031
5.691117
5.790081
5.575757
5.216857
5.254920
5.165824
5.885923
5.688400
5.934636
5.559162
5.536016
5.516524
5.306767
5.307381
5.225844
5.474075
5.241124
5.305681
5.801710
5.607942
5.600538
5.578918
5.539068
5.432062
5.589581
5.607128
5.707557
5.387889
5.372021
5.267839
5.373448
5.313983
5.071175
5.214490
5.374593
5.137255
5.703399
5.952650
5.436044
5.446914
5.583660
5.131537
5.484753
5.358455
5.372215
5.177415
5.341628
5.384882
5.169578
5.533635
5.356232
5.247784
5.442115
5.495690
5.309812
5.365948
5.404704
5.318001
5.376558
5.082491
5.077376
5.345464
4.907539
5.159650
5.007102
4.863820
4.988345
5.042543
4.869756
4.946013
5.340135
5.375400
4.773777
5.142072
5.142246
5.240053
5.528996
5.780058
5.637397
5.505476
5.426563
5.509703
5.470276
5.578384
5.568697
5.367329
4.987614
5.185375
5.372038
5.092064
4.891135
5.408082
5.184965
5.333209
5.428110
5.406637
5.329664
5.307226
5.555162
5.567492
5.452616
5.485327
5.047341
5.116706
5.113152
5.031699
5.351254
5.309078
5.373654
5.130654
5.032455
5.233512
5.452853
5.234049
5.336297
5.055858
5.107843
5.100712
5.229503
5.863265
5.622517
5.722074
5.629459
5.818381
5.306709
4.957032
5.081989
5.070011
5.076103
4.924930
5.194273
5.495868
5.238460
5.327568
5.149251
5.319029
5.447943
5.397693
5.602644
5.711875
5.534652
5.668420
5.255697
5.068906
5.346528
5.474725
5.106676
5.314571
5.280261
5.206418
5.703894
5.602164
5.455033
5.041007
5.647972
5.291662
4.931656
4.991978
5.189039
5.117859
5.681007
5.675966
5.822142
5.889647
5.605756
5.838452
5.757093
5.613060
5.421123
5.717041
5.789508
5.448827
5.442550
5.454358
5.200650
5.353327
5.736566
5.262681
5.365319
5.639227
5.400910
5.360762
5.639039
5.469357
5.477774
5.622434
5.549045
5.696937
5.421601
5.157899
5.479569
5.564909
5.342515
5.658773
5.738943
5.650586
5.275713
5.480379
5.307758
4.945705
5.043689
5.257339
5.487483
5.609720
5.315828
5.321192
5.316381
5.525807
5.316276
5.308224
5.414551
5.365370
5.482615
5.686021
5.717313
5.620829
5.469821
5.321922
5.791298
5.653669
5.332237
5.500819
5.458519
5.197854
4.961301
4.953227
5.028907
5.222477
5.287753
5.277595
4.991647
4.920632
4.992863
5.107140
5.202791
5.475271
5.928404
5.291385
5.514148
5.601937
5.611466
5.336556
5.331846
5.106387
5.134152
5.045203
5.482812
5.809623
5.669412
5.574953
5.476510
5.741399
5.434191
5.641293
5.878186
6.030449
5.475910
5.603977
5.944027
5.283982
5.403290
4.815818
4.772109
4.893856
5.275559
5.249692
4.979532
4.911849
5.162509
5.699880
5.561461
5.190940
5.396707
5.211939
5.381737
5.300716
5.370332
5.264306
5.363758
5.161069
5.346861
5.262557
5.201367
5.257835
5.324762
5.167425
5.212787
5.278963
5.573829
5.482462
5.627213
5.331149
5.347560
5.340312
5.163937
5.221493
5.205784
4.743105
5.361968
5.314170
5.101458
5.102840
5.344240
5.202060
5.219019
5.443132
4.873234
5.011693
4.873040
5.149957
5.265431
5.763941
5.656962
5.287837
5.401719
5.250261
5.610670
5.332121
5.448624
5.491625
5.506598
5.527773
5.461151
5.774863
5.638289
5.459277
5.482251
5.750268
5.405720
5.385708
5.726216
5.693862
5.326016
5.173686
5.028820
5.075863
4.738444
5.324944
5.484303
5.532676
5.237228
5.172884
5.440642
5.371431
5.594049
5.509949
5.502319
5.308437
5.279883
5.560113
5.360860
5.513883
5.459030
5.928490
5.793349
5.461079
5.539896
5.611518
5.914159
5.612499
5.561561
5.246753
5.637513
5.636446
5.434951
6.233363
5.719348
5.975549
5.526617
5.759252
5.796585
5.794494
5.826409
5.816453
5.621252
5.669190
5.632599
6.012482
5.393688
5.285230
5.633404
4.775467
5.244001
5.313415
5.271008
5.356501
5.296183
5.097858
5.627806
5.318214
5.255010
5.006586
5.338641
5.264426
5.295164
5.332178
5.284055
5.581508
5.334641
5.246240
5.041359
5.227501
5.527409
5.453160
5.360462
5.459873
5.444582
5.651432
5.322622
5.676948
5.699730
6.177032
5.762472
5.757927
5.720372
5.633998
5.612690
5.406323
5.725726
5.845229
6.012020
5.862971
5.304667
5.287019
5.281853
5.546225
5.222835
5.023752
5.262815
5.290612
5.393740
5.546814
5.112298
4.973386
5.148902
5.463009
5.108805
5.007842
4.917265
5.328500
5.500110
5.505183
5.738859
5.929609
5.475570
5.393651
5.413277
5.648866
5.695862
5.308429
5.458029
5.562228
5.424509
5.366135
5.419782
5.313494
5.495196
5.432890
5.513362
5.614450
5.232187
5.272276
5.611384
5.634606
5.090036
5.365314
5.241130
5.262241
5.327375
5.410060
5.544410
5.529957
5.290809
5.336326
5.610256
5.498497
5.429895
5.625488
5.454895
5.586732
5.254326
5.543708
5.897307
5.389882
5.511466
5.220111
5.247982
5.371667
5.120426
5.908722
5.758977
5.625776
5.419906
5.390487
5.687228
5.664469
5.645380
5.684282
5.481060
5.327200
5.445832
5.596207
5.581602
5.708649
5.697554
5.461453
5.318783
5.305302
5.392526
5.357700
5.499642
5.488460
5.615123
5.654378
5.685059
5.498633
5.260065
5.539311
5.664302
5.243866
5.549659
5.956630
5.785587
5.470370
5.764777
5.791644
5.499731
5.478197
5.614029
5.539442
5.430021
5.235689
5.366785
6.094666
5.904413
5.585369
5.495557
5.299798
5.540308
5.406786
5.356079
5.463591
5.657807
5.704880
5.843674
5.590576
5.433244
5.345229
5.249965
5.258813
5.413982
5.244026
4.904424
5.368954
5.443732
5.639735
5.236188
5.434432
5.358551
5.101225
5.450394
5.368524
5.603726
5.554351
5.349193
5.267562
5.710895
5.284422
5.255509
5.379883
5.587412
5.286338
5.376222
5.340605
5.241039
5.515720
5.689182
5.321449
5.646507
5.568925
5.900328
5.624587
5.292499
5.468534
5.944662
5.594069
5.787389
5.809072
5.807186
5.730443
5.154847
5.242609
5.155231
5.094875
5.526142
5.570174
5.344849
5.309156
5.546735
5.634108
5.472186
5.745927
5.556638
5.813134
5.584073
5.354077
4.907149
4.850921
5.200861
5.515239
5.418631
5.372584
5.006216
5.554154
5.337134
5.390352
5.744922
5.721380
5.518142
5.787089
5.637857
5.482449
5.662267
5.013923
5.443733
5.351858
5.382328
5.189943
5.261138
5.266033
5.205689
5.403651
5.406097
5.095833
5.157217
5.158206
5.063893
4.704664
4.828793
4.958302
5.167088
5.337842
5.279290
5.215348
