0.000000
0.000000
0.000000
0.000000
0.000000
0.000000
-1.105478
1.092402
0.899497
-1.194086
0.837626
0.764989
0.000000
0.000000
0.000000
0.000000
0.000000
0.000000
-1.360081
0.727065
0.596501
-1.382715
0.648512
0.771820
0.000000
0.000000
0.000000
0.000000
0.000000
0.000000
0.000000
0.000000
0.000000
-1.305634
1.517447
0.738633
0.000000
0.000000
0.000000
0.000000
0.000000
0.000000
-1.459307
0.339964
0.932852
-1.345118
0.472397
0.879431
0.000000
0.000000
0.000000
0.000000
0.000000
0.000000
-1.550104
0.812702
0.829813
-1.540389
0.958843
0.772408
0.000000
0.000000
0.000000
0.000000
0.000000
0.000000
0.000000
0.000000
0.000000
-1.216481
0.512124
0.715894
0.000000
0.000000
0.000000
0.000000
0.000000
0.000000
-1.455289
0.390015
0.861210
-1.520531
0.361255
0.895169
0.000000
0.000000
0.000000
0.000000
0.000000
0.000000
-1.076336
1.056007
0.804478
-1.189705
0.897488
0.758422
0.000000
0.000000
0.000000
0.000000
0.000000
0.000000
-1.039646
1.912101
0.938370
-1.262756
1.216207
0.873895
0.000000
0.000000
0.000000
0.000000
0.000000
0.000000
-1.049877
0.861249
0.788472
-1.094301
1.087605
0.707431
0.000000
0.000000
0.000000
0.000000
0.000000
0.000000
-1.115307
0.775171
0.764131
-1.158769
0.656042
0.742967
0.000000
0.000000
0.000000
0.000000
0.000000
0.000000
-1.365707
0.568005
0.859119
-1.501026
0.475962
0.899999
0.000000
0.000000
0.000000
0.000000
0.000000
0.000000
0.000000
0.000000
0.000000
-1.314165
0.437448
0.737707
0.000000
0.000000
0.000000
0.000000
0.000000
0.000000
-1.076940
0.779345
0.716357
-1.171275
0.766278
0.732734
0.000000
0.000000
0.000000
0.000000
0.000000
0.000000
-1.090724
0.973064
0.690445
-1.119077
0.845177
0.671294
0.000000
0.000000
0.000000
0.000000
0.000000
0.000000
-1.049266
1.088669
0.776839
-1.145417
0.941118
0.756080
0.000000
0.000000
0.000000
0.000000
0.000000
0.000000
-1.450138
0.535354
0.842122
-1.485401
0.567179
0.844411
0.000000
0.000000
0.000000
0.000000
0.000000
0.000000
0.000000
0.000000
0.000000
-1.393019
0.403799
0.714504
0.000000
0.000000
0.000000
0.000000
0.000000
0.000000
-1.467443
0.725815
0.835221
-1.495284
0.624864
0.858750
0.000000
0.000000
0.000000
0.000000
0.000000
0.000000
-1.037568
0.781514
0.678526
-1.028446
0.943106
0.648509
0.000000
0.000000
0.000000
0.000000
0.000000
0.000000
-1.255059
0.742167
0.759343
-1.351641
0.621417
0.830576
0.000000
0.000000
0.000000
0.000000
0.000000
0.000000
-1.360487
0.434044
0.834648
-1.285942
0.556539
0.852497
0.000000
0.000000
0.000000
0.000000
0.000000
0.000000
-1.057299
0.777347
0.644254
-1.116344
0.791695
0.766484
0.000000
0.000000
0.000000
0.000000
0.000000
0.000000
-1.182772
0.759886
0.843385
-1.080191
0.914651
0.710170
0.000000
0.000000
0.000000
0.000000
0.000000
0.000000
-1.280283
0.460592
0.940984
-1.444726
0.438309
0.907936
0.000000
0.000000
0.000000
0.000000
0.000000
0.000000
-1.373273
0.785690
0.772852
-1.411585
0.769181
0.776153
0.000000
0.000000
0.000000
0.000000
0.000000
0.000000
-1.209338
0.498489
0.926127
-1.325917
0.448794
0.849731
0.000000
0.000000
0.000000
0.000000
0.000000
0.000000
-1.072115
0.798970
0.704896
-1.106272
0.879898
0.676715
0.000000
0.000000
0.000000
0.000000
0.000000
0.000000
-1.260623
0.518547
1.092215
-1.357900
0.506360
0.937164
0.000000
0.000000
0.000000
0.000000
0.000000
0.000000
0.000000
0.000000
0.000000
-1.253565
0.584681
0.736901
0.000000
0.000000
0.000000
0.000000
0.000000
0.000000
-1.400841
0.402285
0.844941
-1.391274
0.463999
0.849706
0.000000
0.000000
0.000000
0.000000
0.000000
0.000000
-1.479687
1.092190
0.557066
-1.500948
1.182223
0.579386
0.000000
0.000000
0.000000
0.000000
0.000000
0.000000
-0.839447
1.448606
0.674513
-1.084389
0.907750
0.627386
0.000000
0.000000
0.000000
0.000000
0.000000
0.000000
-1.600340
0.490090
0.926164
-1.639861
0.402436
0.890716
0.000000
0.000000
0.000000
0.000000
0.000000
0.000000
-1.228675
0.692529
0.716547
-1.216192
0.824725
0.813993
0.000000
0.000000
0.000000
0.000000
0.000000
0.000000
-0.867576
1.390657
0.730074
-1.016451
1.062783
0.689659
0.000000
0.000000
0.000000
0.000000
0.000000
0.000000
-1.244627
0.507413
0.866557
-1.213470
0.559162
0.845803
0.000000
0.000000
0.000000
0.000000
0.000000
0.000000
0.000000
0.000000
0.000000
-0.938378
0.976219
0.685326
0.000000
0.000000
0.000000
0.000000
0.000000
0.000000
0.000000
0.000000
0.000000
-1.463363
0.607269
0.817622
0.000000
0.000000
0.000000
0.000000
0.000000
0.000000
-1.194728
1.044425
0.907122
-1.353299
0.748162
0.869558
0.000000
0.000000
0.000000
0.000000
0.000000
0.000000
-0.990923
0.861765
0.606036
-1.130132
0.721868
0.583141
0.000000
0.000000
0.000000
-1.129719
0.816756
0.888677
0.000000
0.000000
0.000000
-1.110528
0.821283
0.888677
0.000000
0.000000
0.000000
0.000000
0.000000
0.000000
-1.117999
0.816945
0.765757
-1.162849
0.823052
0.749715
0.000000
0.000000
0.000000
0.000000
0.000000
0.000000
-1.042195
1.175378
0.838071
-1.272500
1.022407
0.669221
0.000000
0.000000
0.000000
0.000000
0.000000
0.000000
-1.229189
0.813568
0.814229
-1.158742
1.103004
0.741301
0.000000
0.000000
0.000000
0.000000
0.000000
0.000000
-1.298482
0.679192
0.850990
-1.291656
0.875973
0.781131
0.000000
0.000000
0.000000
0.000000
0.000000
0.000000
-1.368151
1.025613
0.630149
-1.437372
1.036027
0.695195
0.000000
0.000000
0.000000
0.000000
0.000000
0.000000
-1.243547
0.379914
0.832120
-1.321211
0.370998
0.878481
0.000000
0.000000
0.000000
0.000000
0.000000
0.000000
0.000000
0.000000
0.000000
-1.487929
0.538334
0.852085
0.000000
0.000000
0.000000
0.000000
0.000000
0.000000
0.000000
0.000000
0.000000
-1.208177
1.251707
0.689212
0.000000
0.000000
0.000000
0.000000
0.000000
0.000000
-1.452084
0.530279
0.905073
-1.508063
0.556795
0.881783
0.000000
0.000000
0.000000
0.000000
0.000000
0.000000
-1.218078
0.910728
0.531476
-1.195583
1.115035
0.642469
0.000000
0.000000
0.000000
0.000000
0.000000
0.000000
-1.065231
1.032039
0.972049
-1.116566
0.940239
0.825514
0.000000
0.000000
0.000000
0.000000
0.000000
0.000000
0.000000
0.000000
0.000000
-1.171248
1.040940
0.811641
0.000000
0.000000
0.000000
0.000000
0.000000
0.000000
-1.105526
1.054809
0.689429
-1.240880
0.785956
0.629938
0.000000
0.000000
0.000000
0.000000
0.000000
0.000000
-1.179326
0.755686
0.687509
-1.121352
0.928541
0.708105
0.000000
0.000000
0.000000
0.000000
0.000000
0.000000
-1.313807
0.661998
0.777871
-1.423104
0.690036
0.712082
0.000000
0.000000
0.000000
0.000000
0.000000
0.000000
-1.356775
1.029750
0.667001
-1.404675
1.004905
0.661407
0.000000
0.000000
0.000000
0.000000
0.000000
0.000000
-1.355861
0.617515
0.735208
-1.353012
0.508216
0.836394
0.000000
0.000000
0.000000
0.000000
0.000000
0.000000
-1.315123
0.570546
0.898418
-1.361359
0.562524
0.832067
-1.270012
0.571805
0.994304
-1.228990
0.523730
0.881144
-1.249368
0.564882
0.994304
-1.182837
0.518454
0.882138
0.000000
0.000000
0.000000
0.000000
0.000000
0.000000
0.000000
0.000000
0.000000
-1.270741
1.182424
0.779125
0.000000
0.000000
0.000000
0.000000
0.000000
0.000000
0.000000
0.000000
0.000000
-1.244800
0.933944
0.864348
0.000000
0.000000
0.000000
0.000000
0.000000
0.000000
-1.372301
0.600100
0.818538
-1.411956
0.607504
0.836099
0.000000
0.000000
0.000000
0.000000
0.000000
0.000000
0.000000
0.000000
0.000000
-1.294792
1.531466
0.845983
0.000000
0.000000
0.000000
0.000000
0.000000
0.000000
0.000000
0.000000
0.000000
-1.244278
1.120921
0.732412
0.000000
0.000000
0.000000
-1.285373
0.407463
0.680921
0.000000
0.000000
0.000000
-1.295162
0.455464
0.688621
0.000000
0.000000
0.000000
0.000000
0.000000
0.000000
-1.095785
1.316963
0.676724
-1.207411
0.898483
0.813807
0.000000
0.000000
0.000000
0.000000
0.000000
0.000000
-1.165330
0.789455
0.623020
-1.136605
1.079908
0.709666
0.000000
0.000000
0.000000
0.000000
0.000000
0.000000
-1.018247
0.818047
0.678495
-1.034550
0.892611
0.672055
0.000000
0.000000
0.000000
0.000000
0.000000
0.000000
-1.147751
1.026045
0.812960
-1.146218
1.157090
0.763131
0.000000
0.000000
0.000000
0.000000
0.000000
0.000000
-1.253177
1.002563
0.644357
-1.301501
0.962749
0.698138
0.000000
0.000000
0.000000
0.000000
0.000000
0.000000
-1.481841
0.381908
0.958940
-1.526856
0.350541
0.860143
0.000000
0.000000
0.000000
0.000000
0.000000
0.000000
-1.369229
0.653267
0.866437
-1.409125
0.676006
0.842052
0.000000
0.000000
0.000000
0.000000
0.000000
0.000000
-1.062820
0.793987
0.665205
-1.014502
0.882082
0.713725
0.000000
0.000000
0.000000
0.000000
0.000000
0.000000
-1.468123
0.558956
0.861877
-1.503141
0.518469
0.834356
-1.400082
0.679802
0.811189
-1.435984
0.687915
0.810494
-1.344049
0.629796
0.823176
-1.364689
0.637945
0.820410
0.000000
0.000000
0.000000
0.000000
0.000000
0.000000
-1.121703
1.126466
0.541380
-1.182728
1.225415
0.544216
0.000000
0.000000
0.000000
0.000000
0.000000
0.000000
-1.255146
1.072496
0.647231
-1.350395
1.059304
0.730577
0.000000
0.000000
0.000000
0.000000
0.000000
0.000000
-1.532944
0.656022
0.739114
-1.531843
0.756854
0.797074
0.000000
0.000000
0.000000
0.000000
0.000000
0.000000
-1.312379
0.994903
0.582766
-1.349763
0.923333
0.675757
0.000000
0.000000
0.000000
0.000000
0.000000
0.000000
-1.020058
0.664171
0.796569
-1.156268
0.664145
0.694400
0.000000
0.000000
0.000000
0.000000
0.000000
0.000000
0.000000
0.000000
0.000000
-1.151464
0.941842
0.791732
0.000000
0.000000
0.000000
0.000000
0.000000
0.000000
-1.447906
0.511762
0.893296
-1.436777
0.440662
0.857529
0.000000
0.000000
0.000000
0.000000
0.000000
0.000000
-1.556053
0.583047
0.847675
-1.578419
0.600578
0.855077
0.000000
0.000000
0.000000
0.000000
0.000000
0.000000
-1.428874
0.632488
0.730744
-1.449837
0.720952
0.802592
0.000000
0.000000
0.000000
0.000000
0.000000
0.000000
0.000000
0.000000
0.000000
-1.070549
0.644287
0.760369
0.000000
0.000000
0.000000
0.000000
0.000000
0.000000
-1.060459
0.909346
0.633849
-1.062251
0.956248
0.608813
0.000000
0.000000
0.000000
0.000000
0.000000
0.000000
-1.355129
0.980244
0.571293
-1.332428
1.004146
0.612911
0.000000
0.000000
0.000000
0.000000
0.000000
0.000000
-1.194831
1.452845
0.699267
-1.314827
1.034328
0.576297
0.000000
0.000000
0.000000
0.000000
0.000000
0.000000
-1.308472
0.684946
0.844459
-1.314916
0.681952
0.814026
0.000000
0.000000
0.000000
0.000000
0.000000
0.000000
-1.210770
0.921969
0.728741
-1.283428
0.838749
0.813650
0.000000
0.000000
0.000000
0.000000
0.000000
0.000000
-1.353369
0.410186
0.902075
-1.371933
0.499750
0.878386
0.000000
0.000000
0.000000
0.000000
0.000000
0.000000
0.000000
0.000000
0.000000
-1.165204
0.802700
0.788063
0.000000
0.000000
0.000000
0.000000
0.000000
0.000000
0.000000
0.000000
0.000000
-1.248891
1.048763
0.725279
0.000000
0.000000
0.000000
0.000000
0.000000
0.000000
-1.228870
0.665803
0.840516
-1.282621
0.617699
0.858241
0.000000
0.000000
0.000000
0.000000
0.000000
0.000000
-1.309562
0.853312
0.727087
-1.334712
0.885074
0.708875
0.000000
0.000000
0.000000
0.000000
0.000000
0.000000
0.000000
0.000000
0.000000
-1.365413
0.601099
0.668944
0.000000
0.000000
0.000000
0.000000
0.000000
0.000000
-1.401766
1.003636
0.650299
-1.437655
1.004713
0.686143
0.000000
0.000000
0.000000
0.000000
0.000000
0.000000
-1.412409
1.118879
0.645008
-1.440064
0.894975
0.586788
0.000000
0.000000
0.000000
0.000000
0.000000
0.000000
-1.060158
1.496445
0.716224
-1.148559
1.174385
0.660748
0.000000
0.000000
0.000000
0.000000
0.000000
0.000000
-1.274081
0.966671
0.637918
-1.284153
0.995582
0.663602
0.000000
0.000000
0.000000
0.000000
0.000000
0.000000
0.000000
0.000000
0.000000
-1.465450
0.620355
0.660411
0.000000
0.000000
0.000000
0.000000
0.000000
0.000000
-0.996019
1.246315
0.873405
-1.094984
0.976776
0.732401
0.000000
0.000000
0.000000
0.000000
0.000000
0.000000
0.000000
0.000000
0.000000
-0.811351
1.110076
0.817011
0.000000
0.000000
0.000000
0.000000
0.000000
0.000000
-1.358890
0.415529
0.890229
-1.337516
0.506151
0.845096
0.000000
0.000000
0.000000
0.000000
0.000000
0.000000
0.000000
0.000000
0.000000
-1.163257
1.115735
0.563851
0.000000
0.000000
0.000000
0.000000
0.000000
0.000000
-1.473823
0.436022
0.847988
-1.501373
0.435531
0.851970
0.000000
0.000000
0.000000
0.000000
0.000000
0.000000
-1.451012
1.470878
0.486191
-1.494383
1.313529
0.478333
0.000000
0.000000
0.000000
-1.350301
0.490843
0.726855
0.000000
0.000000
0.000000
-1.363225
0.500627
0.726855
0.000000
0.000000
0.000000
0.000000
0.000000
0.000000
-1.264597
0.654455
0.863382
-1.352295
0.548938
0.801004
0.000000
0.000000
0.000000
0.000000
0.000000
0.000000
0.000000
0.000000
0.000000
-1.110018
0.999429
0.632251
0.000000
0.000000
0.000000
0.000000
0.000000
0.000000
-1.554553
0.581447
0.802310
-1.652620
0.581501
0.851900
0.000000
0.000000
0.000000
0.000000
0.000000
0.000000
0.000000
0.000000
0.000000
-1.062088
1.237287
0.766379
0.000000
0.000000
0.000000
0.000000
0.000000
0.000000
-1.047520
1.455665
0.628602
-1.180434
1.061428
0.535437
0.000000
0.000000
0.000000
0.000000
0.000000
0.000000
0.000000
0.000000
0.000000
-1.271188
0.778492
0.764822
0.000000
0.000000
0.000000
0.000000
0.000000
0.000000
0.000000
0.000000
0.000000
-1.262438
0.490816
0.753075
0.000000
0.000000
0.000000
0.000000
0.000000
0.000000
-1.164549
0.840186
0.804494
-1.221113
0.981121
0.734357
0.000000
0.000000
0.000000
0.000000
0.000000
0.000000
-1.186324
0.875231
0.620773
-1.105324
1.170941
0.576760
-1.243615
0.912361
0.710815
-1.276347
0.882910
0.731330
-1.237772
0.679627
0.783869
-1.217257
0.723464
0.773029
0.000000
0.000000
0.000000
0.000000
0.000000
0.000000
-1.383950
0.888873
0.855273
-1.392089
0.899413
0.786112
0.000000
0.000000
0.000000
0.000000
0.000000
0.000000
-1.180687
0.489629
0.862186
-1.165526
0.509929
0.850664
-1.214465
0.407482
0.880729
-1.167530
0.428482
0.870958
-1.208595
0.406516
0.880867
-1.174008
0.426539
0.872021
0.000000
0.000000
0.000000
0.000000
0.000000
0.000000
-1.591955
1.120763
0.849826
-1.706898
0.949915
0.796587
0.000000
0.000000
0.000000
0.000000
0.000000
0.000000
-0.984564
1.103632
0.524335
-1.049264
1.228819
0.602806
0.000000
0.000000
0.000000
0.000000
0.000000
0.000000
-1.405930
0.778964
0.747592
-1.378550
0.771281
0.755876
0.000000
0.000000
0.000000
0.000000
0.000000
0.000000
0.000000
0.000000
0.000000
-1.374298
0.531293
0.690651
0.000000
0.000000
0.000000
0.000000
0.000000
0.000000
-1.411556
0.558825
0.843032
-1.440286
0.528554
0.850595
0.000000
0.000000
0.000000
0.000000
0.000000
0.000000
-1.344799
0.501005
0.843986
-1.371838
0.497913
0.843198
0.000000
0.000000
0.000000
0.000000
0.000000
0.000000
-1.482377
0.496567
0.863383
-1.505223
0.482127
0.859933
-1.268685
0.756732
0.785339
-1.317350
0.713364
0.797864
-1.229951
0.770178
0.782096
-1.276864
0.765476
0.790150
0.000000
0.000000
0.000000
0.000000
0.000000
0.000000
-1.285539
0.515289
0.832640
-1.300479
0.546227
0.848070
0.000000
0.000000
0.000000
0.000000
0.000000
0.000000
-1.385451
0.753925
0.701576
-1.549614
0.558729
0.941660
0.000000
0.000000
0.000000
0.000000
0.000000
0.000000
-1.127113
0.937477
0.665666
-1.122874
0.922705
0.723262
0.000000
0.000000
0.000000
0.000000
0.000000
0.000000
0.000000
0.000000
0.000000
-1.204948
0.456933
0.705858
0.000000
0.000000
0.000000
0.000000
0.000000
0.000000
-1.491555
0.679235
0.824006
-1.568609
0.642099
0.836267
0.000000
0.000000
0.000000
0.000000
0.000000
0.000000
0.000000
0.000000
0.000000
-1.096359
0.958041
0.715103
0.000000
0.000000
0.000000
0.000000
0.000000
0.000000
-1.541070
0.566399
0.777977
-1.536840
0.659776
0.867842
0.000000
0.000000
0.000000
0.000000
0.000000
0.000000
-1.425947
0.773601
0.779245
-1.452088
0.776412
0.783091
0.000000
0.000000
0.000000
0.000000
0.000000
0.000000
-1.218617
0.969657
0.593297
-1.234854
1.032989
0.633745
0.000000
0.000000
0.000000
0.000000
0.000000
0.000000
0.000000
0.000000
0.000000
-1.357646
0.563613
0.694425
0.000000
0.000000
0.000000
0.000000
0.000000
0.000000
-1.273783
1.089331
0.645555
-1.337852
1.029784
0.669234
0.000000
0.000000
0.000000
0.000000
0.000000
0.000000
-1.327483
0.666166
0.785589
-1.342954
0.719158
0.773398
0.000000
0.000000
0.000000
-1.120605
1.241194
0.753384
0.000000
0.000000
0.000000
-1.123590
1.248925
0.753384
0.000000
0.000000
0.000000
0.000000
0.000000
0.000000
-1.196819
0.735090
0.799057
-1.265932
0.644430
0.852627
0.000000
0.000000
0.000000
0.000000
0.000000
0.000000
-1.126250
0.740387
0.581191
-1.157501
0.944072
0.728458
0.000000
0.000000
0.000000
0.000000
0.000000
0.000000
0.000000
0.000000
0.000000
-1.016692
0.859033
0.777470
0.000000
0.000000
0.000000
0.000000
0.000000
0.000000
-1.517357
0.979567
0.707384
-1.538767
0.986714
0.712797
0.000000
0.000000
0.000000
0.000000
0.000000
0.000000
-1.072335
1.154437
0.639492
-1.180209
0.968822
0.715972
0.000000
0.000000
0.000000
0.000000
0.000000
0.000000
-1.333842
0.428810
0.860815
-1.413455
0.390927
0.867457
0.000000
0.000000
0.000000
0.000000
0.000000
0.000000
-1.394378
0.364103
0.866263
-1.396694
0.333237
0.887871
-1.255152
0.948967
0.692098
-1.259164
0.938014
0.693263
-1.203644
0.929022
0.695004
-1.204669
0.920125
0.694062
0.000000
0.000000
0.000000
0.000000
0.000000
0.000000
-1.219911
1.138698
0.810380
-1.228098
1.097328
0.756608
0.000000
0.000000
0.000000
0.000000
0.000000
0.000000
-1.335869
0.387793
0.773063
-1.429725
0.409474
0.925114
0.000000
0.000000
0.000000
0.000000
0.000000
0.000000
-1.637045
0.592339
0.884165
-1.733071
0.550311
0.841908
0.000000
0.000000
0.000000
0.000000
0.000000
0.000000
0.000000
0.000000
0.000000
-1.078725
1.112452
0.772488
0.000000
0.000000
0.000000
0.000000
0.000000
0.000000
-1.506122
0.459980
0.839169
-1.565791
0.454550
0.882809
0.000000
0.000000
0.000000
0.000000
0.000000
0.000000
0.000000
0.000000
0.000000
-1.450188
0.620728
0.595788
0.000000
0.000000
0.000000
0.000000
0.000000
0.000000
-0.997960
1.835055
0.824299
-1.180273
1.165005
0.706023
0.000000
0.000000
0.000000
0.000000
0.000000
0.000000
-1.117685
1.081967
0.703063
-1.306183
0.805596
0.709422
0.000000
0.000000
0.000000
0.000000
0.000000
0.000000
-1.366824
0.624607
0.888707
-1.367748
0.595238
0.886182
0.000000
0.000000
0.000000
0.000000
0.000000
0.000000
0.000000
0.000000
0.000000
-1.295600
0.484871
0.839409
0.000000
0.000000
0.000000
0.000000
0.000000
0.000000
-1.179650
0.552960
0.841089
-1.248499
0.666717
0.866267
0.000000
0.000000
0.000000
0.000000
0.000000
0.000000
-1.208596
1.143035
0.692887
-1.202752
1.228386
0.586135
0.000000
0.000000
0.000000
0.000000
0.000000
0.000000
-1.311535
0.927437
0.721759
-1.366528
0.892047
0.733780
0.000000
0.000000
0.000000
0.000000
0.000000
0.000000
-1.304815
0.566026
0.817986
-1.331083
0.538973
0.843967
0.000000
0.000000
0.000000
0.000000
0.000000
0.000000
-1.189103
1.039390
0.614082
-1.211745
0.995286
0.743756
0.000000
0.000000
0.000000
0.000000
0.000000
0.000000
-1.745756
0.346583
0.911581
-1.753721
0.365542
0.901386
0.000000
0.000000
0.000000
0.000000
0.000000
0.000000
-1.172663
0.933665
0.856616
-1.239527
0.786088
0.822740
0.000000
0.000000
0.000000
0.000000
0.000000
0.000000
-1.119292
1.130639
0.562401
-1.213326
1.115054
0.603832
0.000000
0.000000
0.000000
0.000000
0.000000
0.000000
0.000000
0.000000
0.000000
-1.293249
0.599753
0.733635
0.000000
0.000000
0.000000
0.000000
0.000000
0.000000
-1.464943
0.385069
0.752071
-1.448943
0.493149
0.906778
0.000000
0.000000
0.000000
0.000000
0.000000
0.000000
-1.456413
0.646142
0.824916
-1.480602
0.613946
0.830716
0.000000
0.000000
0.000000
0.000000
0.000000
0.000000
-1.481142
0.631885
0.824000
-1.506276
0.628255
0.827330
0.000000
0.000000
0.000000
0.000000
0.000000
0.000000
-1.521076
0.269196
0.897434
-1.534216
0.275916
0.897682
0.000000
0.000000
0.000000
0.000000
0.000000
0.000000
-1.386574
0.781009
0.638148
-1.463703
0.692626
0.780489
0.000000
0.000000
0.000000
0.000000
0.000000
0.000000
0.000000
0.000000
0.000000
-1.020777
0.801861
0.691049
0.000000
0.000000
0.000000
0.000000
0.000000
0.000000
-1.226731
0.729859
0.768457
-1.241868
0.828738
0.757822
0.000000
0.000000
0.000000
0.000000
0.000000
0.000000
-1.323105
0.508715
0.836360
-1.435506
0.456375
0.848771
0.000000
0.000000
0.000000
0.000000
0.000000
0.000000
-1.131188
0.882995
0.723354
-1.191658
0.770898
0.747596
0.000000
0.000000
0.000000
0.000000
0.000000
0.000000
-1.330962
0.700595
0.687619
-1.349543
0.765585
0.755697
0.000000
0.000000
0.000000
0.000000
0.000000
0.000000
-1.223680
1.027529
0.619663
-1.312913
0.742078
0.614051
0.000000
0.000000
0.000000
0.000000
0.000000
0.000000
-0.839803
1.942326
0.702191
-1.055292
1.320834
0.611119
0.000000
0.000000
0.000000
0.000000
0.000000
0.000000
-1.264041
0.628615
0.791197
-1.329613
0.656370
0.770135
0.000000
0.000000
0.000000
0.000000
0.000000
0.000000
-1.331666
0.557090
0.699128
-1.298395
0.745825
0.854745
0.000000
0.000000
0.000000
0.000000
0.000000
0.000000
-1.042593
1.286322
0.991633
-1.164616
1.198397
0.873439
0.000000
0.000000
0.000000
0.000000
0.000000
0.000000
-1.322517
0.871945
0.622301
-1.304054
0.970588
0.640393
0.000000
0.000000
0.000000
0.000000
0.000000
0.000000
0.000000
0.000000
0.000000
-0.983234
0.907335
0.819231
0.000000
0.000000
0.000000
0.000000
0.000000
0.000000
-1.398846
0.387856
0.865653
-1.465208
0.320687
0.856060
0.000000
0.000000
0.000000
0.000000
0.000000
0.000000
-1.324620
0.529141
0.800034
-1.350273
0.548897
0.820673
0.000000
0.000000
0.000000
0.000000
0.000000
0.000000
-1.247052
0.536785
0.662038
-1.254911
0.574074
0.886089
0.000000
0.000000
0.000000
0.000000
0.000000
0.000000
-1.341040
1.000962
0.640685
-1.356957
0.997229
0.655399
0.000000
0.000000
0.000000
0.000000
0.000000
0.000000
-1.450511
0.815887
0.754115
-1.475548
0.805863
0.765137
0.000000
0.000000
0.000000
0.000000
0.000000
0.000000
-1.321383
1.093249
0.633460
-1.377935
0.998915
0.644146
0.000000
0.000000
0.000000
0.000000
0.000000
0.000000
0.000000
0.000000
0.000000
-1.481056
0.750228
0.711616
0.000000
0.000000
0.000000
-1.143878
0.948683
0.746937
0.000000
0.000000
0.000000
-1.142035
0.949044
0.746937
0.000000
0.000000
0.000000
0.000000
0.000000
0.000000
-1.528652
0.632114
0.929090
-1.601439
0.486784
0.876779
0.000000
0.000000
0.000000
0.000000
0.000000
0.000000
-1.621292
0.456039
0.874448
-1.643018
0.461735
0.874360
0.000000
0.000000
0.000000
0.000000
0.000000
0.000000
-1.529384
0.505073
0.872471
-1.594233
0.484639
0.868328
0.000000
0.000000
0.000000
0.000000
0.000000
0.000000
0.000000
0.000000
0.000000
-1.087119
1.225007
0.706682
0.000000
0.000000
0.000000
0.000000
0.000000
0.000000
-1.216110
0.983667
0.624464
-1.272830
0.935644
0.672119
0.000000
0.000000
0.000000
0.000000
0.000000
0.000000
0.000000
0.000000
0.000000
-1.461890
0.708009
0.632328
0.000000
0.000000
0.000000
0.000000
0.000000
0.000000
-1.223657
0.627943
0.626635
-1.214118
0.623863
0.734396
0.000000
0.000000
0.000000
0.000000
0.000000
0.000000
-1.383570
0.927885
0.702314
-1.440604
0.859684
0.728151
0.000000
0.000000
0.000000
0.000000
0.000000
0.000000
-1.435022
0.653927
0.812764
-1.455845
0.660237
0.817598
0.000000
0.000000
0.000000
0.000000
0.000000
0.000000
-1.414784
0.601468
0.792039
-1.455668
0.532651
0.835141
0.000000
0.000000
0.000000
0.000000
0.000000
0.000000
-1.301450
0.593685
0.707337
-1.278844
0.800500
0.749499
0.000000
0.000000
0.000000
0.000000
0.000000
0.000000
-1.236603
0.762366
0.786367
-1.248202
0.981314
0.731553
0.000000
0.000000
0.000000
0.000000
0.000000
0.000000
-1.046982
1.279323
0.991249
-1.133226
1.220540
0.765260
0.000000
0.000000
0.000000
0.000000
0.000000
0.000000
-1.260321
0.693701
0.818068
-1.202291
0.924025
0.741482
0.000000
0.000000
0.000000
0.000000
0.000000
0.000000
-1.488939
0.813845
0.770441
-1.485262
0.992889
0.752923
0.000000
0.000000
0.000000
0.000000
0.000000
0.000000
-1.183343
0.988043
0.891156
-1.313848
0.780977
0.790986
0.000000
0.000000
0.000000
0.000000
0.000000
0.000000
-1.069361
1.121212
0.849645
-1.107597
0.933192
0.745186
0.000000
0.000000
0.000000
0.000000
0.000000
0.000000
-1.148933
0.947710
0.621136
-1.234437
0.941154
0.671457
0.000000
0.000000
0.000000
0.000000
0.000000
0.000000
-1.321764
1.121628
0.781022
-1.440316
1.037626
0.674827
0.000000
0.000000
0.000000
0.000000
0.000000
0.000000
-1.268120
0.696587
0.629154
-1.188437
0.919018
0.745946
0.000000
0.000000
0.000000
0.000000
0.000000
0.000000
-1.536868
0.406474
0.914248
-1.526550
0.444764
0.881881
0.000000
0.000000
0.000000
0.000000
0.000000
0.000000
-1.184637
1.035372
0.684971
-1.293334
0.795780
0.743050
0.000000
0.000000
0.000000
0.000000
0.000000
0.000000
-1.132556
0.905331
0.718808
-1.135890
1.138645
0.643753
0.000000
0.000000
0.000000
0.000000
0.000000
0.000000
-1.064707
0.797511
0.651686
-1.036495
0.863581
0.705034
0.000000
0.000000
0.000000
0.000000
0.000000
0.000000
-1.339342
0.600059
0.653983
-1.309664
0.589145
0.846912
0.000000
0.000000
0.000000
0.000000
0.000000
0.000000
-1.178128
0.984840
0.584539
-1.205872
0.981901
0.630825
0.000000
0.000000
0.000000
0.000000
0.000000
0.000000
-1.235834
0.526431
0.969655
-1.293367
0.587173
0.829772
0.000000
0.000000
0.000000
0.000000
0.000000
0.000000
0.000000
0.000000
0.000000
-1.069282
0.702384
0.651141
-1.335536
1.105486
0.637535
-1.346055
1.110610
0.624844
-1.300946
1.109255
0.632624
-1.314300
1.104887
0.622375
0.000000
0.000000
0.000000
0.000000
0.000000
0.000000
-1.412576
0.515347
0.712085
-1.537451
0.405488
0.926431
-1.148958
0.509810
0.761260
-1.148405
0.566948
0.815898
-1.132165
0.542548
0.749042
-1.133294
0.563694
0.818275
0.000000
0.000000
0.000000
0.000000
0.000000
0.000000
-1.323377
1.131065
0.591446
-1.362434
1.135202
0.583994
0.000000
0.000000
0.000000
0.000000
0.000000
0.000000
-1.361116
0.622269
0.806301
-1.405739
0.688494
0.821561
0.000000
0.000000
0.000000
0.000000
0.000000
0.000000
-1.427816
0.577210
0.899053
-1.406711
0.554265
0.810185
0.000000
0.000000
0.000000
0.000000
0.000000
0.000000
-1.286857
0.662757
0.690123
-1.318886
0.640637
0.812771
0.000000
0.000000
0.000000
0.000000
0.000000
0.000000
-1.415231
1.430825
0.608761
-1.505112
1.210730
0.632923
0.000000
0.000000
0.000000
0.000000
0.000000
0.000000
-1.390097
0.563146
0.674644
-1.420665
0.571063
0.961029
0.000000
0.000000
0.000000
0.000000
0.000000
0.000000
-1.444661
0.496062
0.868639
-1.495654
0.538740
0.862427
-1.190412
0.713857
0.705632
-1.280525
0.662615
0.891272
-1.187337
0.734364
0.705632
-1.249972
0.710861
0.873571
0.000000
0.000000
0.000000
0.000000
0.000000
0.000000
-0.914074
1.192222
0.648053
-0.972398
1.057871
0.590743
0.000000
0.000000
0.000000
0.000000
0.000000
0.000000
-1.319541
0.573428
0.816186
-1.342960
0.585805
0.824211
0.000000
0.000000
0.000000
0.000000
0.000000
0.000000
0.000000
0.000000
0.000000
-1.216986
0.710070
0.700298
0.000000
0.000000
0.000000
0.000000
0.000000
0.000000
-1.539319
0.824701
0.783667
-1.585978
0.881205
0.764086
0.000000
0.000000
0.000000
0.000000
0.000000
0.000000
-1.198343
1.117530
0.788178
-1.354683
0.710487
0.724249
0.000000
0.000000
0.000000
0.000000
0.000000
0.000000
-1.490981
0.631346
0.822338
-1.523326
0.636965
0.838687
0.000000
0.000000
0.000000
0.000000
0.000000
0.000000
-1.349405
0.661054
0.814333
-1.310480
0.756312
0.808888
0.000000
0.000000
0.000000
0.000000
0.000000
0.000000
-1.101282
1.080262
0.628704
-1.204018
1.108333
0.647202
0.000000
0.000000
0.000000
0.000000
0.000000
0.000000
-1.209044
1.021800
0.621520
-1.269815
0.906181
0.617097
0.000000
0.000000
0.000000
0.000000
0.000000
0.000000
-1.208666
0.681650
0.752151
-1.248530
0.722315
0.844593
0.000000
0.000000
0.000000
0.000000
0.000000
0.000000
-1.205622
0.996294
0.635310
-1.250465
0.979433
0.662912
0.000000
0.000000
0.000000
0.000000
0.000000
0.000000
-1.170211
1.381724
0.686260
-1.336857
1.003267
0.654567
0.000000
0.000000
0.000000
0.000000
0.000000
0.000000
-1.242575
0.991868
0.704182
-1.315318
0.866124
0.721941
0.000000
0.000000
0.000000
0.000000
0.000000
0.000000
-1.111038
0.859802
0.670684
-1.245036
0.896709
0.663278
0.000000
0.000000
0.000000
0.000000
0.000000
0.000000
0.000000
0.000000
0.000000
-1.181703
0.869790
0.745654
0.000000
0.000000
0.000000
0.000000
0.000000
0.000000
0.000000
0.000000
0.000000
-1.086324
0.586876
0.742369
0.000000
0.000000
0.000000
0.000000
0.000000
0.000000
-1.221683
0.678821
0.800938
-1.221000
0.603943
0.804024
0.000000
0.000000
0.000000
0.000000
0.000000
0.000000
-1.389359
1.002237
0.617059
-1.401148
1.159204
0.578507
0.000000
0.000000
0.000000
0.000000
0.000000
0.000000
-1.056418
0.545482
0.746177
-0.973478
0.619508
0.703973
0.000000
0.000000
0.000000
0.000000
0.000000
0.000000
-0.984414
0.782052
0.810367
-1.068897
0.751630
0.765645
0.000000
0.000000
0.000000
0.000000
0.000000
0.000000
-1.299011
0.502795
0.730703
-1.298197
0.598647
0.816736
0.000000
0.000000
0.000000
0.000000
0.000000
0.000000
-1.115364
0.724043
0.618525
-1.073876
1.042982
0.784684
0.000000
0.000000
0.000000
0.000000
0.000000
0.000000
-1.597486
0.378247
0.849271
-1.645306
0.400774
0.876620
0.000000
0.000000
0.000000
0.000000
0.000000
0.000000
-1.284693
0.955228
0.679944
-1.325996
0.966159
0.693620
0.000000
0.000000
0.000000
0.000000
0.000000
0.000000
-1.169107
0.504988
0.698754
-1.086810
0.538259
0.850227
0.000000
0.000000
0.000000
0.000000
0.000000
0.000000
-1.154003
0.895368
0.771284
-1.310720
0.768622
0.718999
0.000000
0.000000
0.000000
0.000000
0.000000
0.000000
-1.424630
0.771634
0.755883
-1.463678
0.741275
0.805185
0.000000
0.000000
0.000000
0.000000
0.000000
0.000000
-1.213200
1.014123
0.650764
-1.192335
1.123825
0.483946
0.000000
0.000000
0.000000
0.000000
0.000000
0.000000
-1.047025
0.875529
0.754940
-1.025721
0.805743
0.688143
0.000000
0.000000
0.000000
0.000000
0.000000
0.000000
-1.289113
0.648865
0.792369
-1.313266
0.680637
0.794553
0.000000
0.000000
0.000000
0.000000
0.000000
0.000000
0.000000
0.000000
0.000000
-1.412513
0.471349
0.821428
0.000000
0.000000
0.000000
0.000000
0.000000
0.000000
-1.206038
0.684746
0.963881
-1.371389
0.554554
0.884852
0.000000
0.000000
0.000000
0.000000
0.000000
0.000000
0.000000
0.000000
0.000000
-1.191726
0.905681
0.913519
0.000000
0.000000
0.000000
0.000000
0.000000
0.000000
-1.250980
1.036153
0.642089
-1.303179
1.068314
0.632100
0.000000
0.000000
0.000000
0.000000
0.000000
0.000000
0.000000
0.000000
0.000000
-1.170886
0.936064
0.651730
0.000000
0.000000
0.000000
0.000000
0.000000
0.000000
-1.431044
0.593992
0.811503
-1.464581
0.607382
0.833355
-1.081097
1.098718
0.794050
-1.095093
1.016399
0.817492
-1.061406
1.104513
0.794050
-1.118052
0.973249
0.768774
0.000000
0.000000
0.000000
0.000000
0.000000
0.000000
-1.314091
1.126113
0.603277
-1.373184
1.101630
0.623572
-1.132570
0.442294
0.848058
-1.201312
0.402231
0.879559
-1.214105
0.394664
0.876366
-1.265282
0.386538
0.900613
-1.186702
0.721597
0.677291
-1.126199
0.829537
0.785181
-1.072672
0.858522
0.647691
-1.075173
0.771543
0.781665
0.000000
0.000000
0.000000
0.000000
0.000000
0.000000
-1.479700
0.729270
0.810131
-1.538541
0.707033
0.818573
0.000000
0.000000
0.000000
0.000000
0.000000
0.000000
-1.263165
0.660146
0.670824
-1.294004
0.641747
0.740057
0.000000
0.000000
0.000000
0.000000
0.000000
0.000000
-1.374579
0.866230
0.690596
-1.518979
0.685990
0.771513
0.000000
0.000000
0.000000
0.000000
0.000000
0.000000
-1.124083
0.744285
0.734480
-1.136871
0.706086
0.773252
0.000000
0.000000
0.000000
0.000000
0.000000
0.000000
-1.136990
0.733964
0.635650
-1.173845
0.807702
0.727954
0.000000
0.000000
0.000000
0.000000
0.000000
0.000000
0.000000
0.000000
0.000000
-1.402837
0.954413
0.645038
0.000000
0.000000
0.000000
0.000000
0.000000
0.000000
-1.460877
0.463800
0.866635
-1.488121
0.507956
0.856725
0.000000
0.000000
0.000000
0.000000
0.000000
0.000000
-1.265743
0.617207
0.700192
-1.192128
0.997835
0.775798
0.000000
0.000000
0.000000
0.000000
0.000000
0.000000
-1.535045
0.457212
0.892658
-1.562609
0.489350
0.874569
0.000000
0.000000
0.000000
0.000000
0.000000
0.000000
-1.036677
0.939486
0.819336
-1.081434
0.898537
0.706072
0.000000
0.000000
0.000000
0.000000
0.000000
0.000000
-1.486746
0.835775
0.732599
-1.514901
0.864986
0.740399
0.000000
0.000000
0.000000
0.000000
0.000000
0.000000
-1.284525
0.804777
0.681588
-1.342341
0.871501
0.690467
-1.347337
0.510993
0.885944
-1.319963
0.413639
0.860401
-1.382189
0.385773
1.097766
-1.428918
0.392871
0.938965
0.000000
0.000000
0.000000
0.000000
0.000000
0.000000
-1.278744
0.639065
0.648674
-1.173247
0.928046
0.668052
0.000000
0.000000
0.000000
0.000000
0.000000
0.000000
-1.149770
0.608884
0.621863
-1.221020
0.828621
0.713921
0.000000
0.000000
0.000000
0.000000
0.000000
0.000000
-1.400773
0.529163
0.857979
-1.476103
0.471083
0.850486
0.000000
0.000000
0.000000
0.000000
0.000000
0.000000
-1.238688
0.522179
0.683771
-1.305134
0.721286
0.752520
-1.035648
1.164672
0.602630
-1.076418
1.030229
0.681148
-1.027618
1.154316
0.602630
-1.069416
1.029948
0.681148
0.000000
0.000000
0.000000
0.000000
0.000000
0.000000
-1.237864
1.186528
0.706841
-1.269039
1.012848
0.624329
0.000000
0.000000
0.000000
0.000000
0.000000
0.000000
-1.214683
0.695125
0.679421
-1.236193
0.851280
0.791684
0.000000
0.000000
0.000000
0.000000
0.000000
0.000000
-1.347060
0.778334
0.796336
-1.370773
0.752169
0.763093
0.000000
0.000000
0.000000
0.000000
0.000000
0.000000
-1.257830
1.017189
0.663104
-1.291912
1.090464
0.690060
0.000000
0.000000
0.000000
0.000000
0.000000
0.000000
-1.049650
1.039873
0.639378
-1.167391
0.951581
0.654179
0.000000
0.000000
0.000000
0.000000
0.000000
0.000000
-1.165065
1.562143
0.590301
-1.271710
1.433993
0.627694
0.000000
0.000000
0.000000
0.000000
0.000000
0.000000
-1.293284
0.451143
0.859435
-1.342810
0.347721
0.887826
0.000000
0.000000
0.000000
0.000000
0.000000
0.000000
-1.320086
0.569293
0.829598
-1.392404
0.527437
0.852258
0.000000
0.000000
0.000000
0.000000
0.000000
0.000000
0.000000
0.000000
0.000000
-1.289746
0.967779
0.598133
0.000000
0.000000
0.000000
0.000000
0.000000
0.000000
0.000000
0.000000
0.000000
-1.183921
0.780824
0.659108
0.000000
0.000000
0.000000
0.000000
0.000000
0.000000
-1.301098
0.475945
0.720993
-1.329805
0.487564
0.970759
0.000000
0.000000
0.000000
0.000000
0.000000
0.000000
-1.559142
0.622431
0.829333
-1.571463
0.641192
0.834655
0.000000
0.000000
0.000000
0.000000
0.000000
0.000000
-1.111629
0.910572
0.703473
-1.187729
0.735500
0.785950
-1.066176
0.718593
0.761420
-1.017969
0.687337
0.766335
-1.077019
0.696218
0.768303
-1.046239
0.659597
0.773882
0.000000
0.000000
0.000000
0.000000
0.000000
0.000000
-1.413101
0.563226
0.633672
-1.343185
0.811562
0.762317
0.000000
0.000000
0.000000
0.000000
0.000000
0.000000
-1.169089
1.094959
0.671422
-1.162335
1.004541
0.680347
0.000000
0.000000
0.000000
0.000000
0.000000
0.000000
-1.430033
1.085768
0.628551
-1.470610
1.086517
0.643690
0.000000
0.000000
0.000000
0.000000
0.000000
0.000000
-1.196549
0.923284
0.893709
-1.266073
0.758835
0.848993
0.000000
0.000000
0.000000
0.000000
0.000000
0.000000
-1.252381
0.802853
0.733240
-1.295664
0.775559
0.761632
0.000000
0.000000
0.000000
0.000000
0.000000
0.000000
-1.394101
1.054089
0.730865
-1.399907
1.042563
0.698751
0.000000
0.000000
0.000000
0.000000
0.000000
0.000000
-1.458366
0.895652
0.688681
-1.416486
0.968543
0.663403
0.000000
0.000000
0.000000
0.000000
0.000000
0.000000
-1.148482
0.503933
0.813198
-1.126323
0.535502
0.806386
0.000000
0.000000
0.000000
0.000000
0.000000
0.000000
-1.278022
0.635996
0.789367
-1.311362
0.619022
0.914334
0.000000
0.000000
0.000000
0.000000
0.000000
0.000000
-1.281041
0.822166
0.723110
-1.368290
0.711559
0.786171
0.000000
0.000000
0.000000
0.000000
0.000000
0.000000
-1.302382
0.579849
0.844431
-1.368920
0.567683
0.862773
0.000000
0.000000
0.000000
0.000000
0.000000
0.000000
-1.279841
0.702836
0.892470
-1.302963
0.685247
0.830889
0.000000
0.000000
0.000000
0.000000
0.000000
0.000000
-1.154209
0.999413
0.704955
-1.130398
1.004648
0.631972
0.000000
0.000000
0.000000
0.000000
0.000000
0.000000
-1.299313
0.783881
0.841046
-1.295814
0.763641
0.758097
-1.257901
1.022391
0.768574
-1.254749
1.456895
0.733523
-1.199025
0.907208
0.834848
-1.202081
0.844629
0.833200
0.000000
0.000000
0.000000
0.000000
0.000000
0.000000
0.000000
0.000000
0.000000
-1.226524
0.627928
0.668873
0.000000
0.000000
0.000000
0.000000
0.000000
0.000000
-1.030838
0.625481
0.854969
-1.049643
0.866771
0.712673
0.000000
0.000000
0.000000
0.000000
0.000000
0.000000
-1.358099
0.714119
1.038525
-1.506137
0.618575
0.934074
0.000000
0.000000
0.000000
0.000000
0.000000
0.000000
-1.107298
0.811765
0.681652
-1.139480
0.772391
0.721994
0.000000
0.000000
0.000000
0.000000
0.000000
0.000000
0.000000
0.000000
0.000000
-0.983022
0.857087
0.799731
0.000000
0.000000
0.000000
0.000000
0.000000
0.000000
-1.266879
0.862871
0.757445
-1.332367
0.786527
0.758869
0.000000
0.000000
0.000000
0.000000
0.000000
0.000000
-1.373830
0.531463
0.937356
-1.484070
0.427742
0.893047
0.000000
0.000000
0.000000
0.000000
0.000000
0.000000
-1.473586
0.571495
0.863446
-1.501962
0.541214
0.851288
0.000000
0.000000
0.000000
0.000000
0.000000
0.000000
-1.425152
0.566875
0.848186
-1.439483
0.594100
0.845740
0.000000
0.000000
0.000000
0.000000
0.000000
0.000000
-1.319559
0.449276
0.601768
-1.434187
0.332422
1.069769
0.000000
0.000000
0.000000
0.000000
0.000000
0.000000
-0.870868
1.237378
0.583682
-1.000267
1.081574
0.515078
0.000000
0.000000
0.000000
0.000000
0.000000
0.000000
-1.164693
0.739376
0.801224
-1.218353
0.863275
0.724951
0.000000
0.000000
0.000000
0.000000
0.000000
0.000000
-1.096703
0.716539
0.824065
-1.159052
0.783115
0.802090
0.000000
0.000000
0.000000
0.000000
0.000000
0.000000
-0.996038
1.377167
0.552227
-1.078715
1.176743
0.450229
0.000000
0.000000
0.000000
0.000000
0.000000
0.000000
-1.400130
0.515220
0.885747
-1.442660
0.457407
0.865394
0.000000
0.000000
0.000000
0.000000
0.000000
0.000000
-1.184106
0.792276
0.736156
-1.215121
0.805041
0.728911
0.000000
0.000000
0.000000
0.000000
0.000000
0.000000
-1.403513
0.542670
0.903274
-1.508336
0.435745
0.890964
0.000000
0.000000
0.000000
0.000000
0.000000
0.000000
-1.280686
0.904922
0.847001
-1.316992
0.803955
0.768173
0.000000
0.000000
0.000000
0.000000
0.000000
0.000000
-1.158327
0.894787
0.906218
-1.282280
0.949375
0.759461
0.000000
0.000000
0.000000
0.000000
0.000000
0.000000
-1.224106
1.113110
0.633580
-1.262890
1.132178
0.622394
0.000000
0.000000
0.000000
0.000000
0.000000
0.000000
-1.181077
0.699045
0.735151
-1.018727
1.099901
0.683326
0.000000
0.000000
0.000000
0.000000
0.000000
0.000000
-1.143247
0.978986
0.745046
-1.187986
0.974970
0.706111
-1.070216
0.484174
0.871534
-0.925169
0.455259
0.827214
-1.060633
0.527647
0.851348
-0.945528
0.473936
0.820552
0.000000
0.000000
0.000000
0.000000
0.000000
0.000000
-1.324681
0.728485
0.686368
-1.267576
0.822604
0.782830
0.000000
0.000000
0.000000
0.000000
0.000000
0.000000
-1.302957
0.753140
0.753181
-1.403857
0.667416
0.941425
0.000000
0.000000
0.000000
0.000000
0.000000
0.000000
-1.363006
0.538649
0.879049
-1.351294
0.752291
0.791146
0.000000
0.000000
0.000000
0.000000
0.000000
0.000000
-1.456997
0.718977
0.811570
-1.538899
0.638921
0.833812
-1.249982
0.577088
0.815703
-1.246693
0.597401
0.816317
-1.242433
0.571058
0.812382
-1.237134
0.588678
0.816465
0.000000
0.000000
0.000000
0.000000
0.000000
0.000000
-1.346521
0.788071
0.773789
-1.344734
0.784631
0.662929
0.000000
0.000000
0.000000
0.000000
0.000000
0.000000
-1.203807
0.908432
0.593921
-1.245945
1.043190
0.699376
0.000000
0.000000
0.000000
0.000000
0.000000
0.000000
-1.306002
0.727711
0.749082
-1.324576
0.806726
0.739172
0.000000
0.000000
0.000000
0.000000
0.000000
0.000000
-1.258539
0.847209
0.772622
-1.285153
0.945529
0.713992
0.000000
0.000000
0.000000
0.000000
0.000000
0.000000
-1.384643
0.700394
0.801026
-1.393774
0.760293
0.786808
0.000000
0.000000
0.000000
0.000000
0.000000
0.000000
-1.501576
0.968449
0.712970
-1.519845
0.974612
0.712612
0.000000
0.000000
0.000000
0.000000
0.000000
0.000000
-1.264851
0.570683
0.937644
-1.288067
0.528828
0.842991
0.000000
0.000000
0.000000
0.000000
0.000000
0.000000
-1.425408
0.838194
0.750179
-1.437686
0.882543
0.743246
0.000000
0.000000
0.000000
0.000000
0.000000
0.000000
-1.305251
0.514950
0.910059
-1.360327
0.511578
0.872537
0.000000
0.000000
0.000000
0.000000
0.000000
0.000000
-1.278435
0.440906
0.738696
-1.257370
0.411994
0.802595
0.000000
0.000000
0.000000
0.000000
0.000000
0.000000
-1.290816
0.846060
0.946371
-1.284112
0.730177
0.860093
0.000000
0.000000
0.000000
0.000000
0.000000
0.000000
-1.176091
0.672688
0.740807
-1.218527
0.789501
0.794775
0.000000
0.000000
0.000000
0.000000
0.000000
0.000000
-1.198420
0.702034
0.704839
-1.259834
0.702468
0.754308
0.000000
0.000000
0.000000
0.000000
0.000000
0.000000
-1.131730
1.047933
0.817927
-1.226032
0.892687
0.765119
0.000000
0.000000
0.000000
0.000000
0.000000
0.000000
-1.695734
0.446390
0.881227
-1.714559
0.442344
0.879593
-1.447406
0.434024
0.764618
-1.404222
0.353062
0.886286
-1.431377
0.438611
0.764618
-1.377147
0.351363
0.886286
0.000000
0.000000
0.000000
0.000000
0.000000
0.000000
-1.443639
0.647346
0.816546
-1.477870
0.689863
0.816980
0.000000
0.000000
0.000000
0.000000
0.000000
0.000000
-1.176710
1.040169
0.699498
-1.321804
0.813635
0.691734
0.000000
0.000000
0.000000
0.000000
0.000000
0.000000
-1.146874
0.957779
0.641465
-1.166514
0.968479
0.635034
0.000000
0.000000
0.000000
0.000000
0.000000
0.000000
-1.213318
0.844781
0.744098
-1.295525
0.927553
0.696603
0.000000
0.000000
0.000000
0.000000
0.000000
0.000000
-1.388690
0.570720
0.840149
-1.464280
0.513425
0.836774
0.000000
0.000000
0.000000
0.000000
0.000000
0.000000
-1.209826
1.088158
0.531626
-1.223846
1.223745
0.502077
0.000000
0.000000
0.000000
0.000000
0.000000
0.000000
-1.239865
0.906040
0.689679
-1.297955
0.826824
0.749243
0.000000
0.000000
0.000000
0.000000
0.000000
0.000000
-1.454757
0.489590
0.881247
-1.512009
0.503935
0.863968
0.000000
0.000000
0.000000
0.000000
0.000000
0.000000
-1.140167
1.016338
0.622305
-1.147826
1.148782
0.602713
0.000000
0.000000
0.000000
0.000000
0.000000
0.000000
-1.403351
0.569074
0.681886
-1.421145
0.546777
0.822668
0.000000
0.000000
0.000000
0.000000
0.000000
0.000000
-1.415697
0.618212
0.888009
-1.387925
0.865615
0.891182
0.000000
0.000000
0.000000
0.000000
0.000000
0.000000
0.000000
0.000000
0.000000
-1.141158
2.234701
0.627609
0.000000
0.000000
0.000000
0.000000
0.000000
0.000000
0.000000
0.000000
0.000000
-1.427319
0.850221
0.788035
0.000000
0.000000
0.000000
0.000000
0.000000
0.000000
-1.352670
0.884101
0.734030
-1.403803
0.833903
0.764999
0.000000
0.000000
0.000000
0.000000
0.000000
0.000000
0.000000
0.000000
0.000000
-1.415182
0.596374
0.757419
0.000000
0.000000
0.000000
0.000000
0.000000
0.000000
-1.386420
1.283167
0.522670
-1.418560
1.272240
0.546141
0.000000
0.000000
0.000000
0.000000
0.000000
0.000000
-1.321180
0.543264
0.846038
-1.408095
0.458021
0.870967
0.000000
0.000000
0.000000
0.000000
0.000000
0.000000
-1.356778
0.563736
0.985836
-1.503375
0.444395
0.955566
0.000000
0.000000
0.000000
0.000000
0.000000
0.000000
-1.236930
0.981430
0.724430
-1.291730
0.960588
0.625129
0.000000
0.000000
0.000000
0.000000
0.000000
0.000000
-1.253968
0.612564
0.727866
-1.435176
0.455313
0.828957
-1.175905
0.612224
0.827387
-1.193651
0.626927
0.819492
-1.254948
0.450722
0.868898
-1.231403
0.476474
0.850958
0.000000
0.000000
0.000000
0.000000
0.000000
0.000000
-1.234707
0.758129
0.670704
-1.151398
0.839470
0.747116
0.000000
0.000000
0.000000
0.000000
0.000000
0.000000
-1.385687
0.838949
0.579381
-1.510556
0.706952
0.814351
0.000000
0.000000
0.000000
0.000000
0.000000
0.000000
-1.341654
0.908921
0.684204
-1.398465
0.866195
0.729054
0.000000
0.000000
0.000000
0.000000
0.000000
0.000000
-1.590111
0.529570
0.877765
-1.618650
0.482684
0.861956
-1.205181
0.642857
0.797532
-1.160356
0.706886
0.783265
-1.193275
0.644917
0.797532
-1.131569
0.702470
0.775544
0.000000
0.000000
0.000000
0.000000
0.000000
0.000000
0.000000
0.000000
0.000000
-1.051838
1.338306
0.660637
0.000000
0.000000
0.000000
-1.150439
0.681345
0.704319
0.000000
0.000000
0.000000
-1.288281
0.611401
0.663635
0.000000
0.000000
0.000000
0.000000
0.000000
0.000000
-1.300733
0.694550
0.689512
-1.285019
0.719009
0.860499
0.000000
0.000000
0.000000
0.000000
0.000000
0.000000
-1.384664
0.470633
0.842788
-1.470251
0.442095
0.850805
0.000000
0.000000
0.000000
0.000000
0.000000
0.000000
-1.401153
1.101361
0.702296
-1.454380
1.080456
0.684488
0.000000
0.000000
0.000000
0.000000
0.000000
0.000000
-1.195378
0.496034
0.799264
-1.281618
0.633054
0.793021
0.000000
0.000000
0.000000
0.000000
0.000000
0.000000
-1.124892
1.007113
0.527194
-1.237704
0.942820
0.625813
0.000000
0.000000
0.000000
0.000000
0.000000
0.000000
-1.373980
1.582274
0.664891
-1.507851
0.968599
0.574806
0.000000
0.000000
0.000000
0.000000
0.000000
0.000000
-1.252551
0.840527
0.709293
-1.329884
0.811700
0.740931
0.000000
0.000000
0.000000
0.000000
0.000000
0.000000
0.000000
0.000000
0.000000
-0.859289
0.933528
0.665145
0.000000
0.000000
0.000000
0.000000
0.000000
0.000000
-1.490450
0.645159
0.776123
-1.540622
0.584994
0.806152
0.000000
0.000000
0.000000
0.000000
0.000000
0.000000
-1.259753
0.566205
0.722004
-1.311731
0.594056
0.768210
0.000000
0.000000
0.000000
0.000000
0.000000
0.000000
0.000000
0.000000
0.000000
-1.055424
0.604502
0.790886
0.000000
0.000000
0.000000
0.000000
0.000000
0.000000
-1.573492
0.289729
0.891912
-1.549357
0.304798
0.890315
0.000000
0.000000
0.000000
0.000000
0.000000
0.000000
-1.392654
0.653603
0.822091
-1.449735
0.682806
0.809509
0.000000
0.000000
0.000000
0.000000
0.000000
0.000000
-1.128201
0.746441
0.719792
-1.171431
0.803079
0.717235
0.000000
0.000000
0.000000
0.000000
0.000000
0.000000
-1.374904
0.601345
0.806395
-1.391925
0.639203
0.816136
-1.351610
0.551383
0.705089
-1.206897
0.645439
0.840602
-1.342133
0.552494
0.705089
-1.199972
0.639225
0.840602
0.000000
0.000000
0.000000
0.000000
0.000000
0.000000
-1.484426
0.904383
0.684047
-1.578148
0.787458
0.750839
0.000000
0.000000
0.000000
0.000000
0.000000
0.000000
0.000000
0.000000
0.000000
-1.120599
0.800180
0.686440
0.000000
0.000000
0.000000
0.000000
0.000000
0.000000
-1.420680
0.888969
0.655166
-1.439771
0.857346
0.665793
0.000000
0.000000
0.000000
0.000000
0.000000
0.000000
0.000000
0.000000
0.000000
-1.144880
1.244838
0.694595
0.000000
0.000000
0.000000
0.000000
0.000000
0.000000
-1.319562
0.937015
0.681441
-1.350187
0.955856
0.691995
0.000000
0.000000
0.000000
0.000000
0.000000
0.000000
-1.430985
0.706867
0.817853
-1.498148
0.629470
0.825744
0.000000
0.000000
0.000000
0.000000
0.000000
0.000000
0.000000
0.000000
0.000000
-1.091429
0.950171
0.805315
0.000000
0.000000
0.000000
0.000000
0.000000
0.000000
-1.273396
1.165028
0.699391
-1.306773
1.075816
0.617687
0.000000
0.000000
0.000000
0.000000
0.000000
0.000000
-0.989443
1.127171
0.619607
-0.973544
1.084722
0.512085
-1.235485
0.546869
0.694692
-1.218154
0.586190
0.801740
-1.227465
0.550150
0.694692
-1.207682
0.580961
0.801740
0.000000
0.000000
0.000000
-1.200968
0.488555
0.727587
0.000000
0.000000
0.000000
-1.187923
0.490222
0.727587
0.000000
0.000000
0.000000
0.000000
0.000000
0.000000
0.000000
0.000000
0.000000
-1.357956
0.577984
0.734814
0.000000
0.000000
0.000000
0.000000
0.000000
0.000000
-1.142615
0.746395
0.769549
-1.225344
0.680729
0.783757
0.000000
0.000000
0.000000
0.000000
0.000000
0.000000
-1.209429
1.231922
0.740379
-1.222216
1.067094
0.775239
0.000000
0.000000
0.000000
0.000000
0.000000
0.000000
0.000000
0.000000
0.000000
-1.051367
1.186800
0.600026
0.000000
0.000000
0.000000
0.000000
0.000000
0.000000
-1.374536
0.773682
0.809401
-1.357511
0.923101
0.728013
0.000000
0.000000
0.000000
0.000000
0.000000
0.000000
-1.391502
0.624194
0.808265
-1.388372
0.670305
0.816204
0.000000
0.000000
0.000000
0.000000
0.000000
0.000000
-1.430324
0.564352
0.830574
-1.439717
0.567836
0.824618
0.000000
0.000000
0.000000
0.000000
0.000000
0.000000
-1.156162
0.835977
0.824619
-1.211189
0.790626
0.668366
-1.118611
1.238871
0.676202
-1.195454
1.106695
0.667622
-1.111160
1.221874
0.676202
-1.210042
0.911107
0.730718
0.000000
0.000000
0.000000
0.000000
0.000000
0.000000
-1.701690
0.634087
0.834127
-1.772158
0.569196
0.866099
0.000000
0.000000
0.000000
0.000000
0.000000
0.000000
-1.294480
0.385455
0.884485
-1.410844
0.326192
0.889157
0.000000
0.000000
0.000000
0.000000
0.000000
0.000000
-1.325207
0.654618
0.824428
-1.395223
0.664172
0.781003
0.000000
0.000000
0.000000
0.000000
0.000000
0.000000
-1.211728
0.863215
0.878082
-1.277389
0.807241
0.783935
-1.166563
0.940567
0.800578
-1.228606
0.785168
0.736897
-1.026308
0.910477
0.781742
-1.081429
0.774180
0.724571
0.000000
0.000000
0.000000
-0.976674
1.348488
0.817748
0.000000
0.000000
0.000000
-0.955495
1.394958
0.817748
0.000000
0.000000
0.000000
0.000000
0.000000
0.000000
-1.502990
0.593632
0.819329
-1.473856
0.689184
0.814696
0.000000
0.000000
0.000000
0.000000
0.000000
0.000000
-1.342671
0.884838
0.758829
-1.410790
0.712900
0.809342
0.000000
0.000000
0.000000
0.000000
0.000000
0.000000
-1.218167
0.804865
0.741177
-1.225007
0.850688
0.716937
0.000000
0.000000
0.000000
0.000000
0.000000
0.000000
-1.506784
0.929059
0.729420
-1.532871
0.955553
0.727466
0.000000
0.000000
0.000000
0.000000
0.000000
0.000000
-1.311744
0.650963
0.833755
-1.369420
0.617097
0.832648
0.000000
0.000000
0.000000
0.000000
0.000000
0.000000
-1.409044
0.487934
0.694100
-1.451207
0.575903
0.889836
0.000000
0.000000
0.000000
0.000000
0.000000
0.000000
0.000000
0.000000
0.000000
-1.069956
0.847338
0.646713
0.000000
0.000000
0.000000
0.000000
0.000000
0.000000
-1.161874
0.793856
0.799064
-1.248374
0.694142
0.686404
0.000000
0.000000
0.000000
0.000000
0.000000
0.000000
-1.153814
0.935158
0.617348
-1.302969
0.869887
0.635878
0.000000
0.000000
0.000000
0.000000
0.000000
0.000000
-1.255619
0.953569
0.670979
-1.324899
0.828047
0.702948
0.000000
0.000000
0.000000
0.000000
0.000000
0.000000
-1.150758
0.997028
0.646457
-1.243433
0.871339
0.698298
-1.415334
0.762401
0.664339
-1.470771
0.754690
0.771527
-1.390813
0.747501
0.664339
-1.460807
0.741588
0.747411
0.000000
0.000000
0.000000
0.000000
0.000000
0.000000
-1.346746
0.877353
0.812232
-1.423894
0.802029
0.786222
0.000000
0.000000
0.000000
0.000000
0.000000
0.000000
-1.401099
0.904151
0.724456
-1.439078
0.921783
0.728815
-1.269488
0.976084
0.662983
-1.291333
0.966371
0.662471
-1.190007
0.955928
0.663533
-1.207902
0.948268
0.655584
-1.477476
0.702347
0.814109
-1.489615
0.700983
0.814074
-1.329629
0.795857
0.770036
-1.331669
0.798828
0.768456
0.000000
0.000000
0.000000
0.000000
0.000000
0.000000
-1.357003
0.571191
0.823538
-1.299398
0.582408
0.876734
0.000000
0.000000
0.000000
0.000000
0.000000
0.000000
-1.155574
0.843725
0.730589
-1.218664
0.815075
0.729023
0.000000
0.000000
0.000000
0.000000
0.000000
0.000000
-1.374546
0.735898
0.787999
-1.457212
0.651978
0.805130
-0.920271
0.777623
0.748516
-0.946816
0.868030
0.760875
-0.891225
0.793182
0.748516
-0.872938
0.833933
0.719154
0.000000
0.000000
0.000000
0.000000
0.000000
0.000000
-1.587760
0.462805
0.871368
-1.567837
0.442109
0.851482
0.000000
0.000000
0.000000
0.000000
0.000000
0.000000
-1.542258
0.519439
0.633972
-1.427686
0.739791
0.773481
0.000000
0.000000
0.000000
0.000000
0.000000
0.000000
-1.239647
0.923842
0.768209
-1.263037
1.011398
0.685434
-1.439274
0.639181
0.760829
-1.396072
0.668338
0.975336
-1.416911
0.642346
0.760829
-1.315375
0.795000
1.080921
0.000000
0.000000
0.000000
0.000000
0.000000
0.000000
-1.191675
0.922899
0.711570
-1.225278
0.939896
0.671576
0.000000
0.000000
0.000000
0.000000
0.000000
0.000000
-1.206834
0.663878
0.748388
-1.226086
0.644937
0.729335
0.000000
0.000000
0.000000
0.000000
0.000000
0.000000
-1.397743
0.971852
0.754843
-1.395748
0.957353
0.725047
0.000000
0.000000
0.000000
0.000000
0.000000
0.000000
-1.505491
0.518196
0.895648
-1.496105
0.503347
0.840908
0.000000
0.000000
0.000000
0.000000
0.000000
0.000000
-1.109874
0.495856
0.915517
-1.137192
0.525388
0.898767
0.000000
0.000000
0.000000
0.000000
0.000000
0.000000
0.000000
0.000000
0.000000
-1.143703
1.274987
0.785320
0.000000
0.000000
0.000000
0.000000
0.000000
0.000000
-1.159710
1.291278
0.596982
-1.308780
1.102431
0.614788
0.000000
0.000000
0.000000
0.000000
0.000000
0.000000
-1.466905
0.479668
0.859806
-1.496219
0.517859
0.880865
0.000000
0.000000
0.000000
0.000000
0.000000
0.000000
-1.244450
0.870036
0.713606
-1.268072
0.866913
0.727454
0.000000
0.000000
0.000000
0.000000
0.000000
0.000000
-1.209112
0.877600
0.739746
-1.249851
0.915349
0.735720
0.000000
0.000000
0.000000
0.000000
0.000000
0.000000
0.000000
0.000000
0.000000
-1.324792
0.650782
0.782176
0.000000
0.000000
0.000000
0.000000
0.000000
0.000000
-1.299387
0.447050
0.662992
-1.305518
0.502656
0.933979
0.000000
0.000000
0.000000
0.000000
0.000000
0.000000
-1.387116
0.730704
0.902937
-1.438272
0.670812
0.841182
0.000000
0.000000
0.000000
0.000000
0.000000
0.000000
-1.215332
0.547408
0.601029
-1.181898
0.587017
1.101183
0.000000
0.000000
0.000000
0.000000
0.000000
0.000000
-1.337581
0.642627
0.690923
-1.389545
0.605958
0.955153
0.000000
0.000000
0.000000
0.000000
0.000000
0.000000
-1.252649
0.611096
0.714188
-1.339573
0.486324
0.832432
0.000000
0.000000
0.000000
0.000000
0.000000
0.000000
0.000000
0.000000
0.000000
-1.013569
1.081684
0.758888
0.000000
0.000000
0.000000
0.000000
0.000000
0.000000
-1.201336
0.682668
0.817648
-1.272222
0.640981
0.819951
0.000000
0.000000
0.000000
0.000000
0.000000
0.000000
-1.302076
0.332164
0.907804
-1.188678
0.436153
0.884209
-1.195456
1.112753
0.654184
-1.198209
0.994169
0.632485
-1.107919
1.157661
0.654184
-1.109709
1.038260
0.630530
0.000000
0.000000
0.000000
0.000000
0.000000
0.000000
-1.472006
0.563828
0.871608
-1.491276
0.475000
0.846203
0.000000
0.000000
0.000000
0.000000
0.000000
0.000000
-1.097086
1.298933
0.554772
-1.177839
1.077201
0.610803
0.000000
0.000000
0.000000
0.000000
0.000000
0.000000
0.000000
0.000000
0.000000
-1.064463
1.436022
0.631110
0.000000
0.000000
0.000000
0.000000
0.000000
0.000000
-1.298269
0.852831
0.781677
-1.417150
0.704537
0.755994
0.000000
0.000000
0.000000
0.000000
0.000000
0.000000
-1.398711
1.260302
0.495617
-1.459386
1.292191
0.549471
0.000000
0.000000
0.000000
0.000000
0.000000
0.000000
-1.207493
1.101829
0.637793
-1.281420
1.116342
0.662705
0.000000
0.000000
0.000000
0.000000
0.000000
0.000000
-1.435929
0.460279
0.652571
-1.468638
0.344879
0.992592
0.000000
0.000000
0.000000
0.000000
0.000000
0.000000
0.000000
0.000000
0.000000
-1.048528
0.839662
0.691298
0.000000
0.000000
0.000000
0.000000
0.000000
0.000000
-1.393010
0.956450
0.798165
-1.484903
0.855066
0.781359
0.000000
0.000000
0.000000
0.000000
0.000000
0.000000
-1.304275
0.574450
0.902618
-1.389970
0.487112
0.904079
0.000000
0.000000
0.000000
0.000000
0.000000
0.000000
-1.432614
0.836316
0.759379
-1.441008
0.893797
0.737878
0.000000
0.000000
0.000000
0.000000
0.000000
0.000000
-1.282106
0.638608
0.814367
-1.273383
0.797106
0.745895
0.000000
0.000000
0.000000
0.000000
0.000000
0.000000
-1.070506
0.720874
0.849461
-1.164062
0.822557
0.804424
0.000000
0.000000
0.000000
0.000000
0.000000
0.000000
-1.378902
0.736167
0.770044
-1.426620
0.816631
0.748391
0.000000
0.000000
0.000000
0.000000
0.000000
0.000000
-1.116792
1.373438
0.602002
-1.235613
1.138824
0.629376
0.000000
0.000000
0.000000
0.000000
0.000000
0.000000
-1.417584
0.706475
0.807013
-1.445436
0.710797
0.804867
-1.074579
1.105420
0.590368
-1.120319
1.030040
0.596610
-1.045442
1.095103
0.586606
-1.081403
1.024306
0.597994
0.000000
0.000000
0.000000
0.000000
0.000000
0.000000
-1.239722
0.473815
0.786313
-1.248421
0.540968
0.827422
0.000000
0.000000
0.000000
0.000000
0.000000
0.000000
-1.428455
0.603737
0.780028
-1.441626
0.757012
0.808437
-1.413197
0.604489
0.830306
-1.438431
0.605462
0.828847
-1.240953
0.616810
0.815207
-1.268741
0.631397
0.811152
0.000000
0.000000
0.000000
0.000000
0.000000
0.000000
0.000000
0.000000
0.000000
-1.093354
1.143481
0.769074
0.000000
0.000000
0.000000
0.000000
0.000000
0.000000
-1.493669
1.188662
0.645522
-1.580889
0.932107
0.696643
0.000000
0.000000
0.000000
0.000000
0.000000
0.000000
-1.240012
0.774307
0.891190
-1.319990
0.586496
0.847651
0.000000
0.000000
0.000000
0.000000
0.000000
0.000000
-0.873676
0.743572
0.783149
-1.068990
0.647955
0.768844
0.000000
0.000000
0.000000
0.000000
0.000000
0.000000
-1.419523
0.682297
0.800152
-1.465577
0.649764
0.837357
0.000000
0.000000
0.000000
0.000000
0.000000
0.000000
-1.388378
0.555339
0.722318
-1.414071
0.466895
0.824625
0.000000
0.000000
0.000000
0.000000
0.000000
0.000000
-1.349231
0.573208
0.933515
-1.426334
0.639292
0.839529
0.000000
0.000000
0.000000
0.000000
0.000000
0.000000
-1.371142
0.892012
0.726738
-1.412845
0.884305
0.730297
0.000000
0.000000
0.000000
0.000000
0.000000
0.000000
-1.191764
0.628294
0.671121
-1.187807
0.617365
0.873752
0.000000
0.000000
0.000000
0.000000
0.000000
0.000000
-1.158548
0.712394
0.804543
-1.086649
0.864338
0.652000
0.000000
0.000000
0.000000
0.000000
0.000000
0.000000
0.000000
0.000000
0.000000
-1.414169
0.518978
0.923905
-1.299725
0.650198
0.770953
-1.298589
0.634197
0.813244
-1.288103
0.650293
0.761584
-1.271211
0.627753
0.808415
-1.245306
0.591752
0.671088
-1.328404
0.589397
0.733430
-1.247051
0.603011
0.671088
-1.320041
0.585625
0.736568
0.000000
0.000000
0.000000
0.000000
0.000000
0.000000
-1.235674
0.913975
0.992205
-1.328221
0.754272
0.860545
0.000000
0.000000
0.000000
-1.161658
0.559133
0.728796
0.000000
0.000000
0.000000
-1.148474
0.560878
0.728796
0.000000
0.000000
0.000000
0.000000
0.000000
0.000000
-1.240645
0.981103
0.735741
-1.292902
0.746101
0.723380
0.000000
0.000000
0.000000
0.000000
0.000000
0.000000
-1.463992
0.916141
0.737249
-1.482104
0.870300
0.738921
0.000000
0.000000
0.000000
0.000000
0.000000
0.000000
0.000000
0.000000
0.000000
-1.245292
1.303809
0.771384
0.000000
0.000000
0.000000
0.000000
0.000000
0.000000
-1.247005
0.753668
0.834490
-1.290701
0.707955
0.839680
0.000000
0.000000
0.000000
0.000000
0.000000
0.000000
-1.267017
1.086220
0.589413
-1.251170
1.107739
0.488875
0.000000
0.000000
0.000000
0.000000
0.000000
0.000000
0.000000
0.000000
0.000000
-1.143333
1.728270
0.715197
0.000000
0.000000
0.000000
0.000000
0.000000
0.000000
-1.032130
1.873493
0.885786
-1.187970
1.273873
0.732897
0.000000
0.000000
0.000000
0.000000
0.000000
0.000000
0.000000
0.000000
0.000000
-1.150210
0.561679
0.695139
0.000000
0.000000
0.000000
0.000000
0.000000
0.000000
0.000000
0.000000
0.000000
-1.333096
0.668135
0.794115
0.000000
0.000000
0.000000
0.000000
0.000000
0.000000
-1.185486
0.860864
0.630035
-1.049615
1.386687
0.546084
0.000000
0.000000
0.000000
0.000000
0.000000
0.000000
-1.489496
0.351843
0.883936
-1.564253
0.322449
0.890411
0.000000
0.000000
0.000000
0.000000
0.000000
0.000000
0.000000
0.000000
0.000000
-1.343052
1.089876
0.867516
0.000000
0.000000
0.000000
0.000000
0.000000
0.000000
-1.353121
1.297069
0.449516
-1.406657
1.297298
0.453455
0.000000
0.000000
0.000000
0.000000
0.000000
0.000000
-1.603509
0.624241
0.832832
-1.612184
0.658785
0.833051
0.000000
0.000000
0.000000
0.000000
0.000000
0.000000
-1.378684
1.093893
0.902854
-1.348620
1.204461
0.742359
0.000000
0.000000
0.000000
0.000000
0.000000
0.000000
-1.397512
0.591558
0.815471
-1.502474
0.517850
0.849649
0.000000
0.000000
0.000000
0.000000
0.000000
0.000000
-1.521783
0.887512
0.727909
-1.546119
0.878797
0.766374
0.000000
0.000000
0.000000
0.000000
0.000000
0.000000
0.000000
0.000000
0.000000
-1.106256
0.662586
0.710070
0.000000
0.000000
0.000000
0.000000
0.000000
0.000000
-1.596081
0.417947
0.881431
-1.619071
0.420654
0.878894
0.000000
0.000000
0.000000
0.000000
0.000000
0.000000
-1.240985
1.126576
0.535778
-1.331267
1.135966
0.556735
0.000000
0.000000
0.000000
0.000000
0.000000
0.000000
-1.452610
0.964907
0.664560
-1.462237
0.942732
0.720710
0.000000
0.000000
0.000000
0.000000
0.000000
0.000000
0.000000
0.000000
0.000000
-0.852095
0.679860
0.780493
0.000000
0.000000
0.000000
0.000000
0.000000
0.000000
-1.551563
0.826603
0.770336
-1.572498
0.783828
0.795634
0.000000
0.000000
0.000000
0.000000
0.000000
0.000000
-1.592976
0.643994
0.829476
-1.620996
0.654606
0.838028
0.000000
0.000000
0.000000
0.000000
0.000000
0.000000
-1.073413
0.887864
0.639623
-1.161312
0.792647
0.651574
0.000000
0.000000
0.000000
0.000000
0.000000
0.000000
-1.332593
0.596251
0.773714
-1.446625
0.479507
0.877361
0.000000
0.000000
0.000000
0.000000
0.000000
0.000000
0.000000
0.000000
0.000000
-1.482370
0.451736
0.675861
0.000000
0.000000
0.000000
0.000000
0.000000
0.000000
-1.276619
0.725396
0.799769
-1.296859
0.756015
0.771178
0.000000
0.000000
0.000000
0.000000
0.000000
0.000000
-1.293084
0.681636
0.800286
-1.340276
0.716694
0.816124
0.000000
0.000000
0.000000
0.000000
0.000000
0.000000
-1.430902
0.670071
0.813753
-1.503146
0.605070
0.822139
0.000000
0.000000
0.000000
0.000000
0.000000
0.000000
0.000000
0.000000
0.000000
-1.217505
0.625302
0.796534
0.000000
0.000000
0.000000
0.000000
0.000000
0.000000
-1.046887
1.353735
0.694664
-1.274497
1.051337
0.642069
0.000000
0.000000
0.000000
0.000000
0.000000
0.000000
-1.654513
1.123589
0.659806
-1.672066
1.157080
0.655479
0.000000
0.000000
0.000000
0.000000
0.000000
0.000000
-0.985083
1.127958
0.733181
-1.101149
0.933537
0.660128
0.000000
0.000000
0.000000
0.000000
0.000000
0.000000
-1.153911
1.112238
0.623531
-1.242050
1.075432
0.577840
0.000000
0.000000
0.000000
0.000000
0.000000
0.000000
-1.426993
0.667118
0.809696
-1.473264
0.671881
0.836939
0.000000
0.000000
0.000000
0.000000
0.000000
0.000000
-1.059170
0.658656
0.690594
-1.191706
0.653701
0.973407
0.000000
0.000000
0.000000
0.000000
0.000000
0.000000
-1.162579
0.988255
0.557787
-1.138051
1.064670
0.566249
0.000000
0.000000
0.000000
0.000000
0.000000
0.000000
-1.123982
0.541938
0.797078
-1.112685
0.743617
0.746498
0.000000
0.000000
0.000000
0.000000
0.000000
0.000000
0.000000
0.000000
0.000000
-1.496406
0.433405
0.861447
0.000000
0.000000
0.000000
0.000000
0.000000
0.000000
-1.090330
0.732821
0.789131
-1.158671
0.633799
0.789225
0.000000
0.000000
0.000000
0.000000
0.000000
0.000000
-1.201656
0.887564
0.780300
-1.196376
0.999357
0.728976
0.000000
0.000000
0.000000
0.000000
0.000000
0.000000
-1.311085
0.373112
0.758585
-1.238335
0.453638
0.853318
0.000000
0.000000
0.000000
0.000000
0.000000
0.000000
-1.266667
0.561688
0.795467
-1.285761
0.573030
0.815868
0.000000
0.000000
0.000000
0.000000
0.000000
0.000000
-1.223444
0.626069
0.822132
-1.241449
0.610620
0.814412
-1.343721
0.751683
0.775599
-1.360099
0.752211
0.785396
-1.307504
0.458535
0.861374
-1.299647
0.466373
0.866542
0.000000
0.000000
0.000000
0.000000
0.000000
0.000000
-1.435897
0.948553
0.745328
-1.492982
0.918973
0.721282
0.000000
0.000000
0.000000
0.000000
0.000000
0.000000
-1.373521
0.865771
0.622280
-1.394507
0.821235
0.749479
0.000000
0.000000
0.000000
0.000000
0.000000
0.000000
-0.988613
1.415140
0.721326
-1.102316
0.991356
0.710796
0.000000
0.000000
0.000000
0.000000
0.000000
0.000000
-1.272874
0.659523
0.727507
-1.065525
0.860997
0.675856
0.000000
0.000000
0.000000
0.000000
0.000000
0.000000
-1.323735
0.730637
0.776634
-1.372491
0.652191
0.797743
0.000000
0.000000
0.000000
0.000000
0.000000
0.000000
-1.191842
0.762212
0.691017
-1.275420
0.750144
0.753260
0.000000
0.000000
0.000000
0.000000
0.000000
0.000000
0.000000
0.000000
0.000000
-1.063573
1.749949
0.867563
-0.996649
0.971221
0.688881
-1.081582
0.796111
0.537282
-0.963615
0.986029
0.688881
-1.085365
0.779679
0.536676
0.000000
0.000000
0.000000
0.000000
0.000000
0.000000
-1.324927
0.649124
0.720271
-1.275777
0.780414
0.754867
0.000000
0.000000
0.000000
0.000000
0.000000
0.000000
-1.201193
0.801047
0.627244
-1.255011
0.863117
0.782546
-1.294680
0.634099
0.790907
-1.167587
0.728754
0.784870
-1.186643
0.728909
0.798673
-1.137329
0.694089
0.782595
0.000000
0.000000
0.000000
0.000000
0.000000
0.000000
-1.096944
0.770439
0.754433
-1.148485
0.731632
0.765996
0.000000
0.000000
0.000000
0.000000
0.000000
0.000000
-1.310494
0.731267
0.869116
-1.372450
0.719494
0.824953
0.000000
0.000000
0.000000
0.000000
0.000000
0.000000
-1.242652
1.240496
0.397402
-1.320838
1.309616
0.393567
0.000000
0.000000
0.000000
0.000000
0.000000
0.000000
-1.292498
0.519959
0.814220
-1.225648
0.587219
0.807499
0.000000
0.000000
0.000000
0.000000
0.000000
0.000000
-1.195756
0.572327
0.611029
-1.096416
0.620341
0.970018
0.000000
0.000000
0.000000
0.000000
0.000000
0.000000
0.000000
0.000000
0.000000
-1.240582
0.839222
0.737454
-1.223100
0.655391
0.695897
-1.139274
0.674549
1.128220
-1.207083
0.658729
0.695897
-1.130028
0.664991
1.128220
0.000000
0.000000
0.000000
0.000000
0.000000
0.000000
-1.691569
0.334679
0.898025
-1.742518
0.330123
0.904345
0.000000
0.000000
0.000000
0.000000
0.000000
0.000000
-1.580973
0.440129
1.067607
-1.635610
0.385266
0.931266
0.000000
0.000000
0.000000
0.000000
0.000000
0.000000
-1.187862
0.605626
0.785268
-1.262405
0.542042
0.746918
-1.522620
0.365313
0.992621
-1.623962
0.327689
0.920908
-1.520187
0.365159
0.992621
-1.617128
0.327850
0.920908
0.000000
0.000000
0.000000
0.000000
0.000000
0.000000
-1.159989
0.760510
0.730273
-1.240769
0.605351
0.783514
0.000000
0.000000
0.000000
-1.160903
0.594421
0.833207
0.000000
0.000000
0.000000
-1.143982
0.609763
0.833207
0.000000
0.000000
0.000000
0.000000
0.000000
0.000000
0.000000
0.000000
0.000000
-1.247482
0.959101
0.673068
0.000000
0.000000
0.000000
0.000000
0.000000
0.000000
-1.371681
0.955141
0.654921
-1.387194
0.879621
0.689679
0.000000
0.000000
0.000000
0.000000
0.000000
0.000000
0.000000
0.000000
0.000000
-1.158378
0.554700
0.777820
0.000000
0.000000
0.000000
0.000000
0.000000
0.000000
-1.223457
0.668477
0.811072
-1.275569
0.690874
0.802966
-1.318325
1.435905
0.467786
-1.426183
1.341789
0.469376
-1.244891
1.468853
0.456528
-1.365605
1.290356
0.484338
0.000000
0.000000
0.000000
0.000000
0.000000
0.000000
-1.106070
0.788743
0.678692
-1.171136
0.849308
0.710921
0.000000
0.000000
0.000000
0.000000
0.000000
0.000000
-1.423238
0.830621
0.738004
-1.433428
0.898589
0.761182
0.000000
0.000000
0.000000
0.000000
0.000000
0.000000
-1.187212
1.095468
0.770335
-1.126712
1.269070
0.600295
0.000000
0.000000
0.000000
0.000000
0.000000
0.000000
-1.265906
1.014983
0.627068
-1.299520
0.997802
0.670701
0.000000
0.000000
0.000000
0.000000
0.000000
0.000000
-1.350016
0.662845
0.823496
-1.404726
0.626761
0.803704
0.000000
0.000000
0.000000
0.000000
0.000000
0.000000
0.000000
0.000000
0.000000
-1.071238
0.961229
0.687542
0.000000
0.000000
0.000000
0.000000
0.000000
0.000000
-1.222216
0.992476
0.695207
-1.286836
1.028307
0.648127
0.000000
0.000000
0.000000
0.000000
0.000000
0.000000
-0.865145
1.027143
0.686202
-1.046961
1.046217
0.579893
0.000000
0.000000
0.000000
0.000000
0.000000
0.000000
-1.361318
1.311495
0.587309
-1.420010
1.013176
0.681537
0.000000
0.000000
0.000000
0.000000
0.000000
0.000000
-1.333524
0.608331
0.742103
-1.355855
0.502737
0.807985
0.000000
0.000000
0.000000
0.000000
0.000000
0.000000
-1.195314
0.513766
0.649855
-1.169527
0.547081
0.884639
0.000000
0.000000
0.000000
0.000000
0.000000
0.000000
0.000000
0.000000
0.000000
-1.059984
1.077468
0.675640
0.000000
0.000000
0.000000
0.000000
0.000000
0.000000
-1.032556
0.577115
0.841165
-1.132309
0.506907
0.855512
0.000000
0.000000
0.000000
0.000000
0.000000
0.000000
-1.042688
0.753774
0.726041
-0.901228
1.426804
0.765282
0.000000
0.000000
0.000000
0.000000
0.000000
0.000000
-1.541290
0.788855
0.748762
-1.565803
0.769727
0.788038
0.000000
0.000000
0.000000
0.000000
0.000000
0.000000
-1.151969
0.886976
0.728037
-1.212746
1.091239
0.717030
0.000000
0.000000
0.000000
0.000000
0.000000
0.000000
-1.708035
0.479200
0.882571
-1.705629
0.469949
0.857153
0.000000
0.000000
0.000000
0.000000
0.000000
0.000000
0.000000
0.000000
0.000000
-1.329109
0.678802
0.652264
0.000000
0.000000
0.000000
0.000000
0.000000
0.000000
-1.363050
0.973196
0.684771
-1.399952
0.956466
0.699757
0.000000
0.000000
0.000000
0.000000
0.000000
0.000000
-1.154795
0.903198
0.706581
-1.145853
1.106955
0.683460
-1.141462
0.671513
0.784930
-1.230999
0.594822
0.810048
-1.090742
0.665058
0.783530
-1.174346
0.593868
0.804625
0.000000
0.000000
0.000000
0.000000
0.000000
0.000000
-1.013865
0.822674
0.663830
-1.161790
0.808777
0.628815
0.000000
0.000000
0.000000
0.000000
0.000000
0.000000
-1.259182
0.634596
0.873267
-1.342134
0.644908
0.847574
0.000000
0.000000
0.000000
0.000000
0.000000
0.000000
-1.355394
0.654977
0.699381
-1.303722
0.805873
0.768414
0.000000
0.000000
0.000000
0.000000
0.000000
0.000000
-1.222138
0.904608
0.751000
-1.256778
0.888130
0.667058
-1.741954
0.668479
0.860675
-1.755025
0.682060
0.849979
-1.652837
0.739448
0.836715
-1.658224
0.690434
0.843837
0.000000
0.000000
0.000000
0.000000
0.000000
0.000000
-1.295572
0.943171
0.657580
-1.378306
0.871306
0.931760
0.000000
0.000000
0.000000
0.000000
0.000000
0.000000
-1.180848
0.513472
0.844162
-1.282986
0.421181
0.874183
0.000000
0.000000
0.000000
0.000000
0.000000
0.000000
-1.106703
0.927564
0.683709
-1.178240
0.953260
0.660991
0.000000
0.000000
0.000000
0.000000
0.000000
0.000000
-1.610582
0.945954
0.738522
-1.633030
0.951564
0.738193
0.000000
0.000000
0.000000
0.000000
0.000000
0.000000
-1.333543
0.564263
0.830690
-1.380640
0.585213
0.839208
0.000000
0.000000
0.000000
0.000000
0.000000
0.000000
-0.915903
0.835808
0.698948
-1.033357
1.061016
0.636823
0.000000
0.000000
0.000000
0.000000
0.000000
0.000000
-1.158092
0.691738
0.770253
-1.188011
0.664816
0.787194
0.000000
0.000000
0.000000
0.000000
0.000000
0.000000
-1.188272
0.496127
0.615303
-1.130171
0.577284
1.046888
0.000000
0.000000
0.000000
0.000000
0.000000
0.000000
0.000000
0.000000
0.000000
-1.344993
0.688667
0.729955
0.000000
0.000000
0.000000
0.000000
0.000000
0.000000
-1.265978
0.665316
1.220304
-1.242023
0.586691
1.029788
0.000000
0.000000
0.000000
0.000000
0.000000
0.000000
-1.163318
0.774289
0.807151
-1.169513
0.881865
0.726142
-1.145054
0.818686
0.700971
-1.080275
0.862352
0.822596
-1.106620
0.835722
0.700971
-0.943304
1.133465
0.804119
0.000000
0.000000
0.000000
0.000000
0.000000
0.000000
0.000000
0.000000
0.000000
-1.409375
0.597978
0.688208
0.000000
0.000000
0.000000
0.000000
0.000000
0.000000
-1.003837
0.699156
0.669780
-1.067706
0.700973
0.727215
-1.114505
0.530089
0.803897
-1.184041
0.518859
0.812494
-1.118663
0.530228
0.803897
-1.186702
0.519322
0.812494
0.000000
0.000000
0.000000
0.000000
0.000000
0.000000
-1.133358
0.700723
0.671586
-1.150128
0.786610
0.724657
0.000000
0.000000
0.000000
0.000000
0.000000
0.000000
-1.211794
1.074458
0.539851
-1.252190
1.085385
0.566742
0.000000
0.000000
0.000000
0.000000
0.000000
0.000000
-1.214094
0.781483
0.696692
-1.266589
0.785341
0.663645
-1.068146
1.017470
0.669404
-1.180680
1.022265
0.799717
-1.061964
0.973778
0.667813
-1.133459
1.077697
0.810725
0.000000
0.000000
0.000000
0.000000
0.000000
0.000000
-1.152275
0.728286
0.730935
-1.283563
0.776783
0.802580
0.000000
0.000000
0.000000
0.000000
0.000000
0.000000
0.000000
0.000000
0.000000
-1.081211
0.814956
0.610558
0.000000
0.000000
0.000000
0.000000
0.000000
0.000000
-1.244627
0.825172
0.744697
-1.282225
0.809401
0.758595
0.000000
0.000000
0.000000
0.000000
0.000000
0.000000
-1.486069
0.544063
0.866111
-1.521305
0.563904
0.852585
-1.427878
1.068365
0.581929
-1.448983
1.036708
0.625834
-1.304852
1.046216
0.569483
-1.336596
0.984168
0.622570
0.000000
0.000000
0.000000
0.000000
0.000000
0.000000
-1.372818
0.617411
0.835676
-1.418453
0.692784
0.857143
0.000000
0.000000
0.000000
0.000000
0.000000
0.000000
-1.243401
0.540072
0.749850
-1.161093
0.650949
0.851706
-1.238143
0.601588
0.715853
-1.333315
0.629460
0.794398
-1.356035
0.520089
0.720807
-1.422814
0.527185
0.825526
0.000000
0.000000
0.000000
0.000000
0.000000
0.000000
-1.170657
1.146605
0.553629
-1.198288
1.309026
0.496053
0.000000
0.000000
0.000000
0.000000
0.000000
0.000000
-1.112694
0.955518
0.680263
-1.145012
0.860430
0.684979
0.000000
0.000000
0.000000
0.000000
0.000000
0.000000
-1.391012
0.618893
0.713592
-1.297266
0.661199
0.778789
0.000000
0.000000
0.000000
0.000000
0.000000
0.000000
-1.496258
0.657812
0.881691
-1.618030
0.525290
0.861014
0.000000
0.000000
0.000000
0.000000
0.000000
0.000000
-1.057104
0.879712
0.685148
-1.175681
0.893899
0.657879
0.000000
0.000000
0.000000
0.000000
0.000000
0.000000
-1.254740
1.279467
0.513373
-1.297776
1.313971
0.505938
0.000000
0.000000
0.000000
0.000000
0.000000
0.000000
-1.219413
0.866750
0.873246
-1.259045
0.775352
0.792741
0.000000
0.000000
0.000000
0.000000
0.000000
0.000000
0.000000
0.000000
0.000000
-1.041584
0.987020
0.789674
0.000000
0.000000
0.000000
0.000000
0.000000
0.000000
-1.322549
1.214094
0.462883
-1.299381
1.414176
0.416380
0.000000
0.000000
0.000000
0.000000
0.000000
0.000000
-1.091282
1.311472
0.575244
-1.216294
1.469009
0.499953
-1.252000
0.696167
0.701558
-1.187517
0.728489
0.772952
-1.222401
0.701554
0.701558
-1.156916
0.711415
0.772952
0.000000
0.000000
0.000000
0.000000
0.000000
0.000000
0.000000
0.000000
0.000000
-0.937542
1.368211
0.812096
0.000000
0.000000
0.000000
0.000000
0.000000
0.000000
-1.315687
0.677055
0.784604
-1.411101
0.541205
0.840038
0.000000
0.000000
0.000000
0.000000
0.000000
0.000000
-1.276732
0.610928
0.669889
-1.216471
0.741183
0.777814
0.000000
0.000000
0.000000
0.000000
0.000000
0.000000
0.000000
0.000000
0.000000
-1.409259
0.455867
0.727546
0.000000
0.000000
0.000000
-1.458445
0.559852
0.646712
0.000000
0.000000
0.000000
-1.457694
0.569524
0.646712
0.000000
0.000000
0.000000
0.000000
0.000000
0.000000
-0.981762
0.840848
0.685717
-0.994961
1.072500
0.615567
0.000000
0.000000
0.000000
0.000000
0.000000
0.000000
-1.313525
0.557516
0.854894
-1.403160
0.445730
0.876042
0.000000
0.000000
0.000000
-1.314144
0.429212
0.631885
0.000000
0.000000
0.000000
-1.313604
0.437191
0.631885
0.000000
0.000000
0.000000
0.000000
0.000000
0.000000
-1.313879
0.844764
0.643192
-1.299992
0.991709
0.660313
0.000000
0.000000
0.000000
0.000000
0.000000
0.000000
-1.271267
1.056530
0.667805
-1.319829
1.027885
0.671797
0.000000
0.000000
0.000000
0.000000
0.000000
0.000000
0.000000
0.000000
0.000000
-1.203260
0.805327
0.693470
0.000000
0.000000
0.000000
-1.366327
0.497869
0.790247
0.000000
0.000000
0.000000
-1.364319
0.501512
0.790247
0.000000
0.000000
0.000000
0.000000
0.000000
0.000000
-1.395325
0.863716
0.847568
-1.411680
0.981958
0.790924
0.000000
0.000000
0.000000
0.000000
0.000000
0.000000
-1.491479
0.710161
0.797645
-1.497078
0.700243
0.806178
0.000000
0.000000
0.000000
0.000000
0.000000
0.000000
0.000000
0.000000
0.000000
-1.139797
0.531402
0.712774
0.000000
0.000000
0.000000
0.000000
0.000000
0.000000
0.000000
0.000000
0.000000
-1.347054
1.030575
0.672103
0.000000
0.000000
0.000000
0.000000
0.000000
0.000000
-1.348020
0.908008
0.700788
-1.366516
0.930875
0.702815
0.000000
0.000000
0.000000
0.000000
0.000000
0.000000
-1.163826
1.038706
0.684517
-1.213221
0.999814
0.666845
0.000000
0.000000
0.000000
0.000000
0.000000
0.000000
-1.260355
0.549370
0.687559
-1.247325
0.930565
0.932573
0.000000
0.000000
0.000000
0.000000
0.000000
0.000000
-1.204991
0.813360
0.689477
-1.280272
0.733976
0.794091
-1.136468
0.815195
0.777156
-1.248728
1.000620
0.673805
-1.098156
0.825130
0.777156
-1.154863
1.009734
0.682185
0.000000
0.000000
0.000000
0.000000
0.000000
0.000000
-1.350921
0.459864
0.751829
-1.225702
0.505492
0.807927
0.000000
0.000000
0.000000
0.000000
0.000000
0.000000
-1.482234
0.526175
0.824683
-1.592400
0.472757
0.888351
-1.526840
0.471334
0.625603
-1.526482
0.407453
1.147898
-1.527936
0.471364
0.625603
-1.525823
0.407962
1.147898
0.000000
0.000000
0.000000
0.000000
0.000000
0.000000
-1.627176
0.830303
0.773568
-1.691201
0.740263
0.809371
0.000000
0.000000
0.000000
0.000000
0.000000
0.000000
0.000000
0.000000
0.000000
-1.304988
0.798621
0.999079
0.000000
0.000000
0.000000
0.000000
0.000000
0.000000
-1.284921
0.413136
0.946191
-1.327369
0.389369
0.881409
-1.023126
1.393877
0.741053
-1.168254
1.061537
0.626790
-0.978888
1.424560
0.741053
-1.146329
1.036285
0.626790
0.000000
0.000000
0.000000
0.000000
0.000000
0.000000
-1.380713
0.761429
0.748987
-1.409060
0.759305
0.750922
0.000000
0.000000
0.000000
0.000000
0.000000
0.000000
-1.269446
0.425024
0.880598
-1.367504
0.442325
0.866267
0.000000
0.000000
0.000000
0.000000
0.000000
0.000000
-1.151204
1.174602
0.738503
-1.191807
1.057242
0.630720
0.000000
0.000000
0.000000
0.000000
0.000000
0.000000
0.000000
0.000000
0.000000
-1.162799
2.000607
0.627079
0.000000
0.000000
0.000000
0.000000
0.000000
0.000000
-1.448524
0.800694
0.819356
-1.509323
0.718324
0.806446
0.000000
0.000000
0.000000
0.000000
0.000000
0.000000
-1.307473
0.919978
0.645352
-1.339423
0.996903
0.669514
0.000000
0.000000
0.000000
0.000000
0.000000
0.000000
-1.518171
0.444989
0.909054
-1.550247
0.455684
0.891101
0.000000
0.000000
0.000000
0.000000
0.000000
0.000000
-1.045645
0.619949
0.685832
-0.959346
0.940506
0.710828
0.000000
0.000000
0.000000
0.000000
0.000000
0.000000
-1.538489
0.543603
0.849679
-1.567623
0.569770
0.872119
0.000000
0.000000
0.000000
0.000000
0.000000
0.000000
-1.306037
0.689528
0.634607
-1.288181
1.116189
0.823088
0.000000
0.000000
0.000000
0.000000
0.000000
0.000000
-1.403709
0.775580
0.765839
-1.443777
0.619458
0.805275
0.000000
0.000000
0.000000
-1.240870
1.466417
0.664687
0.000000
0.000000
0.000000
-1.256473
1.464906
0.666066
0.000000
0.000000
0.000000
0.000000
0.000000
0.000000
-1.425203
0.439033
0.655471
-1.419079
0.513843
1.089854
0.000000
0.000000
0.000000
0.000000
0.000000
0.000000
-1.488607
0.492614
0.860142
-1.500352
0.487030
0.844646
0.000000
0.000000
0.000000
0.000000
0.000000
0.000000
-1.447452
1.299146
0.542906
-1.522541
1.235351
0.590101
0.000000
0.000000
0.000000
0.000000
0.000000
0.000000
-1.379158
1.133174
0.836800
-1.424874
1.104336
0.681929
0.000000
0.000000
0.000000
0.000000
0.000000
0.000000
0.000000
0.000000
0.000000
-0.798079
1.037531
0.622396
0.000000
0.000000
0.000000
0.000000
0.000000
0.000000
-1.143724
1.327126
0.618728
-1.293140
1.189111
0.537828
0.000000
0.000000
0.000000
0.000000
0.000000
0.000000
-1.397322
0.863995
0.743473
-1.437199
0.885418
0.752942
-1.615514
0.615245
0.839141
-1.620274
0.655420
0.836730
-1.398914
0.790254
0.771977
-1.399268
0.803927
0.775134
0.000000
0.000000
0.000000
0.000000
0.000000
0.000000
0.000000
0.000000
0.000000
-1.344732
1.808504
0.774992
0.000000
0.000000
0.000000
0.000000
0.000000
0.000000
-1.014916
0.662125
0.752571
-0.970562
1.019119
0.741095
0.000000
0.000000
0.000000
0.000000
0.000000
0.000000
-1.259967
0.582907
0.816034
-1.310955
0.721446
0.837814
0.000000
0.000000
0.000000
0.000000
0.000000
0.000000
-1.176956
0.761211
0.792534
-1.235627
0.642158
0.758746
0.000000
0.000000
0.000000
0.000000
0.000000
0.000000
-1.379931
0.624676
0.737246
-1.384707
0.661380
0.732401
0.000000
0.000000
0.000000
0.000000
0.000000
0.000000
-1.502867
0.864256
0.758893
-1.523841
0.875035
0.758988
0.000000
0.000000
0.000000
0.000000
0.000000
0.000000
-1.300241
0.828699
0.729193
-1.330191
0.842287
0.742222
0.000000
0.000000
0.000000
0.000000
0.000000
0.000000
0.000000
0.000000
0.000000
-1.119438
0.706139
0.726906
-1.134208
0.828507
0.600868
-1.123095
0.730461
0.696985
-1.129331
0.825361
0.600868
-1.102881
0.732623
0.696405
0.000000
0.000000
0.000000
0.000000
0.000000
0.000000
-1.376417
1.052822
0.677066
-1.411413
0.990608
0.641404
-1.487191
0.407473
1.016140
-1.480953
0.414303
0.920129
-1.334539
0.546411
0.923012
-1.344484
0.551729
0.896589
0.000000
0.000000
0.000000
0.000000
0.000000
0.000000
-1.477964
0.444644
0.857974
-1.503411
0.449590
0.886100
0.000000
0.000000
0.000000
0.000000
0.000000
0.000000
0.000000
0.000000
0.000000
-1.171090
0.745582
0.701973
0.000000
0.000000
0.000000
0.000000
0.000000
0.000000
0.000000
0.000000
0.000000
-1.404722
0.548250
0.675785
0.000000
0.000000
0.000000
0.000000
0.000000
0.000000
0.000000
0.000000
0.000000
-1.086290
1.328861
0.781141
-1.244935
0.609476
0.810157
-1.245327
0.625141
0.816310
-1.100562
0.723587
0.759079
-1.112940
0.709993
0.770275
0.000000
0.000000
0.000000
0.000000
0.000000
0.000000
-1.337279
0.685609
0.782487
-1.401461
0.668703
0.812797
0.000000
0.000000
0.000000
0.000000
0.000000
0.000000
0.000000
0.000000
0.000000
-1.212173
0.600388
0.719318
0.000000
0.000000
0.000000
0.000000
0.000000
0.000000
-1.108541
1.155336
0.720118
-1.163858
1.119876
0.653383
0.000000
0.000000
0.000000
0.000000
0.000000
0.000000
0.000000
0.000000
0.000000
-1.304329
0.936756
0.871886
0.000000
0.000000
0.000000
-1.116670
0.820460
0.727300
0.000000
0.000000
0.000000
-1.093283
0.829299
0.727300
0.000000
0.000000
0.000000
0.000000
0.000000
0.000000
-1.134658
1.154695
0.610565
-1.249970
0.846151
0.709532
0.000000
0.000000
0.000000
0.000000
0.000000
0.000000
-1.426111
1.168736
0.577161
-1.458715
1.170716
0.587201
0.000000
0.000000
0.000000
0.000000
0.000000
0.000000
-1.367291
0.583526
0.838122
-1.389740
0.504102
0.834603
0.000000
0.000000
0.000000
0.000000
0.000000
0.000000
-1.238531
0.869512
0.656432
-1.261078
0.936102
0.682485
0.000000
0.000000
0.000000
0.000000
0.000000
0.000000
0.000000
0.000000
0.000000
-1.183124
0.533731
0.659918
0.000000
0.000000
0.000000
0.000000
0.000000
0.000000
-1.101222
0.698769
0.861467
-1.075369
0.778902
0.765652
0.000000
0.000000
0.000000
0.000000
0.000000
0.000000
-1.455613
0.729195
0.850454
-1.538591
0.611934
0.850821
0.000000
0.000000
0.000000
0.000000
0.000000
0.000000
-1.665638
0.582500
0.854346
-1.676532
0.606808
0.843054
0.000000
0.000000
0.000000
0.000000
0.000000
0.000000
0.000000
0.000000
0.000000
-1.176402
0.480606
0.717608
0.000000
0.000000
0.000000
0.000000
0.000000
0.000000
-1.172945
0.886515
0.766994
-1.343598
0.786286
0.790617
0.000000
0.000000
0.000000
-1.002390
0.754915
0.678626
0.000000
0.000000
0.000000
-0.955115
0.765067
0.678626
0.000000
0.000000
0.000000
0.000000
0.000000
0.000000
-1.238717
0.466581
0.989121
-1.300623
0.420996
0.913230
0.000000
0.000000
0.000000
0.000000
0.000000
0.000000
-1.294206
0.855178
0.721707
-1.337556
0.796181
0.755943
0.000000
0.000000
0.000000
0.000000
0.000000
0.000000
-1.333098
1.125155
0.588114
-1.376717
1.080660
0.616513
0.000000
0.000000
0.000000
0.000000
0.000000
0.000000
-1.294253
0.699832
0.783489
-1.344581
0.715096
0.767362
0.000000
0.000000
0.000000
0.000000
0.000000
0.000000
-1.070771
0.815477
0.887685
-1.189736
0.715394
0.884490
0.000000
0.000000
0.000000
0.000000
0.000000
0.000000
-1.453131
0.599134
0.845274
-1.523992
0.450962
0.847471
0.000000
0.000000
0.000000
0.000000
0.000000
0.000000
-1.125476
0.965262
0.826401
-1.227751
0.892235
0.818444
0.000000
0.000000
0.000000
-0.974097
1.090934
0.696650
0.000000
0.000000
0.000000
-0.971506
1.095205
0.696650
0.000000
0.000000
0.000000
0.000000
0.000000
0.000000
-1.337702
0.719156
0.807351
-1.413662
0.603374
0.815273
0.000000
0.000000
0.000000
0.000000
0.000000
0.000000
-1.308590
0.733551
0.795458
-1.333153
0.669842
0.835332
0.000000
0.000000
0.000000
0.000000
0.000000
0.000000
-1.387762
0.709860
0.811907
-1.440278
0.698127
0.796410
0.000000
0.000000
0.000000
0.000000
0.000000
0.000000
-1.420002
1.103050
0.844545
-1.495138
0.987757
0.705749
0.000000
0.000000
0.000000
0.000000
0.000000
0.000000
-1.363330
0.991379
0.717025
-1.400149
1.027510
0.701166
-1.264525
0.790936
0.786480
-1.140850
1.500529
0.734026
-1.238036
0.796345
0.786480
-1.112063
1.448611
0.734026
0.000000
0.000000
0.000000
0.000000
0.000000
0.000000
-1.393090
0.661105
0.820753
-1.465617
0.586612
0.840089
0.000000
0.000000
0.000000
0.000000
0.000000
0.000000
-1.335783
0.649329
0.800801
-1.299753
0.608819
0.798478
0.000000
0.000000
0.000000
0.000000
0.000000
0.000000
-1.384165
0.527804
0.817858
-1.402977
0.415174
0.871693
0.000000
0.000000
0.000000
0.000000
0.000000
0.000000
-1.082237
0.716019
0.609920
-1.082429
1.036764
0.654468
0.000000
0.000000
0.000000
0.000000
0.000000
0.000000
-1.162362
0.422856
0.787563
-1.076671
0.450450
0.982281
0.000000
0.000000
0.000000
0.000000
0.000000
0.000000
-1.241184
0.595905
0.791124
-1.248150
0.808739
0.841827
0.000000
0.000000
0.000000
0.000000
0.000000
0.000000
-1.248763
1.415121
0.732441
-1.428438
1.181124
0.673139
0.000000
0.000000
0.000000
0.000000
0.000000
0.000000
-1.382500
0.792289
0.760799
-1.449410
0.680395
0.786312
0.000000
0.000000
0.000000
0.000000
0.000000
0.000000
0.000000
0.000000
0.000000
-1.372940
0.540145
0.681239
0.000000
0.000000
0.000000
0.000000
0.000000
0.000000
-1.434936
0.648135
0.781900
-1.501817
0.593896
0.816012
0.000000
0.000000
0.000000
0.000000
0.000000
0.000000
-1.289415
1.038073
0.675775
-1.247042
1.061651
0.649309
0.000000
0.000000
0.000000
0.000000
0.000000
0.000000
-1.250010
0.983927
0.679683
-1.317104
0.948181
0.672944
0.000000
0.000000
0.000000
0.000000
0.000000
0.000000
-1.278518
0.590676
0.742684
-1.316541
0.473955
0.809014
0.000000
0.000000
0.000000
0.000000
0.000000
0.000000
-1.103949
0.907511
0.622398
-1.133181
0.827644
0.597034
0.000000
0.000000
0.000000
0.000000
0.000000
0.000000
-1.507131
0.926927
0.722615
-1.532520
0.921119
0.733762
0.000000
0.000000
0.000000
0.000000
0.000000
0.000000
0.000000
0.000000
0.000000
-1.223408
0.718443
0.899179
0.000000
0.000000
0.000000
0.000000
0.000000
0.000000
-1.316579
0.686398
0.795031
-1.336797
0.740245
0.760633
0.000000
0.000000
0.000000
0.000000
0.000000
0.000000
-1.294748
0.675195
0.851770
-1.361298
0.642444
0.857363
-0.980048
0.847026
0.830944
-0.886718
1.041239
0.928176
-0.967521
0.851698
0.830944
-0.867306
1.027135
0.928176
0.000000
0.000000
0.000000
0.000000
0.000000
0.000000
0.000000
0.000000
0.000000
-1.140980
0.823797
0.743821
-1.303499
0.796139
0.746206
-1.322144
0.857311
0.780018
-1.252149
0.732516
0.779930
-1.285235
0.755289
0.786499
0.000000
0.000000
0.000000
0.000000
0.000000
0.000000
-1.536439
0.876357
0.754845
-1.562961
0.870503
0.758262
0.000000
0.000000
0.000000
0.000000
0.000000
0.000000
-1.104142
0.782757
0.760248
-1.166668
0.874846
0.873856
0.000000
0.000000
0.000000
0.000000
0.000000
0.000000
-1.137170
0.759869
0.769351
-1.217331
0.713638
0.762868
0.000000
0.000000
0.000000
0.000000
0.000000
0.000000
-1.377626
0.616532
0.810529
-1.394956
0.612151
0.857244
0.000000
0.000000
0.000000
0.000000
0.000000
0.000000
-1.051785
1.256332
0.470338
-1.106000
1.186617
0.441725
0.000000
0.000000
0.000000
0.000000
0.000000
0.000000
-1.378843
0.492327
0.811964
-1.605453
0.439852
0.915528
0.000000
0.000000
0.000000
0.000000
0.000000
0.000000
-1.490826
0.291953
0.907891
-1.559413
0.258492
0.903354
0.000000
0.000000
0.000000
0.000000
0.000000
0.000000
-1.419749
1.057250
0.665366
-1.449054
1.065848
0.642508
0.000000
0.000000
0.000000
0.000000
0.000000
0.000000
0.000000
0.000000
0.000000
-1.069548
0.650165
0.702157
0.000000
0.000000
0.000000
0.000000
0.000000
0.000000
-1.441780
0.547426
0.851998
-1.504579
0.547488
0.856404
0.000000
0.000000
0.000000
0.000000
0.000000
0.000000
-1.447321
0.748279
0.782742
-1.469042
0.760600
0.782921
0.000000
0.000000
0.000000
0.000000
0.000000
0.000000
-1.245516
0.565235
0.996719
-1.174426
0.653034
0.877147
0.000000
0.000000
0.000000
0.000000
0.000000
0.000000
-1.123865
0.651139
0.735890
-1.282853
0.483140
0.834521
0.000000
0.000000
0.000000
0.000000
0.000000
0.000000
-1.192859
1.029678
0.609424
-1.228319
1.060957
0.659280
0.000000
0.000000
0.000000
0.000000
0.000000
0.000000
-1.329026
1.228802
0.667724
-1.415603
1.016164
0.584405
0.000000
0.000000
0.000000
0.000000
0.000000
0.000000
-1.501976
1.001743
0.626209
-1.546062
0.937484
0.758468
0.000000
0.000000
0.000000
0.000000
0.000000
0.000000
-1.274478
0.835710
0.907236
-1.322823
0.854911
0.753883
0.000000
0.000000
0.000000
0.000000
0.000000
0.000000
-1.156694
0.542908
0.819808
-1.107695
0.553205
0.791188
0.000000
0.000000
0.000000
0.000000
0.000000
0.000000
-1.036599
0.875535
0.690822
-1.096596
0.900263
0.649973
0.000000
0.000000
0.000000
0.000000
0.000000
0.000000
0.000000
0.000000
0.000000
-1.051447
1.321814
0.738697
0.000000
0.000000
0.000000
0.000000
0.000000
0.000000
-1.271999
0.508349
0.841963
-1.332746
0.444040
0.855931
-1.212158
0.746393
0.710921
-1.294211
0.746095
0.716352
-1.119621
0.882686
0.688161
-1.270198
0.730767
0.698247
0.000000
0.000000
0.000000
0.000000
0.000000
0.000000
-1.219276
0.558875
0.837945
-1.292879
0.497770
0.938128
0.000000
0.000000
0.000000
0.000000
0.000000
0.000000
-1.335588
0.669966
0.816722
-1.370367
0.683923
0.804242
-1.115932
0.919212
0.672448
-1.180265
0.774308
0.737023
-1.087898
0.908676
0.672742
-1.147975
0.754918
0.738375
0.000000
0.000000
0.000000
0.000000
0.000000
0.000000
0.000000
0.000000
0.000000
-0.996873
1.064479
0.791939
-1.358850
0.631525
0.853462
-1.364490
0.677554
0.808977
-1.526241
0.381902
0.871168
-1.477109
0.406632
0.865882
0.000000
0.000000
0.000000
0.000000
0.000000
0.000000
-1.151621
0.790607
0.835706
-1.392583
0.638749
0.756367
0.000000
0.000000
0.000000
0.000000
0.000000
0.000000
0.000000
0.000000
0.000000
-1.173169
0.638342
0.595848
0.000000
0.000000
0.000000
0.000000
0.000000
0.000000
-1.300491
0.750331
0.695275
-1.364607
0.816064
0.812802
0.000000
0.000000
0.000000
0.000000
0.000000
0.000000
-1.642522
1.035066
0.707544
-1.662088
1.037724
0.711819
0.000000
0.000000
0.000000
0.000000
0.000000
0.000000
-1.271351
0.591584
0.819651
-1.293338
0.584251
0.836662
0.000000
0.000000
0.000000
0.000000
0.000000
0.000000
-1.304420
1.050815
0.675337
-1.400028
0.855911
0.752890
0.000000
0.000000
0.000000
0.000000
0.000000
0.000000
-1.212850
1.053652
0.816352
-1.279897
0.924126
0.669640
0.000000
0.000000
0.000000
0.000000
0.000000
0.000000
-1.244695
0.578481
0.779833
-1.240770
0.691155
0.723894
0.000000
0.000000
0.000000
0.000000
0.000000
0.000000
-1.055351
1.002327
1.009031
-1.226309
0.659633
0.834208
0.000000
0.000000
0.000000
0.000000
0.000000
0.000000
0.000000
0.000000
0.000000
-1.244636
0.757182
0.692242
0.000000
0.000000
0.000000
0.000000
0.000000
0.000000
-1.042354
1.377443
0.675848
-1.195253
0.869568
0.749093
0.000000
0.000000
0.000000
0.000000
0.000000
0.000000
0.000000
0.000000
0.000000
-1.337818
0.499182
0.775059
0.000000
0.000000
0.000000
0.000000
0.000000
0.000000
-1.283688
0.847893
0.781289
-1.351399
0.777149
0.691558
0.000000
0.000000
0.000000
0.000000
0.000000
0.000000
0.000000
0.000000
0.000000
-1.056239
0.528226
0.726653
0.000000
0.000000
0.000000
0.000000
0.000000
0.000000
-1.186746
0.723461
0.752467
-1.335434
0.656977
0.873569
0.000000
0.000000
0.000000
0.000000
0.000000
0.000000
-1.247474
0.738547
0.761077
-1.219145
0.684047
0.733377
-1.261916
1.093434
1.002597
-1.334509
0.935195
0.817079
-1.143953
1.137407
0.957721
-1.288504
0.858022
0.765468
0.000000
0.000000
0.000000
0.000000
0.000000
0.000000
-1.040876
0.803811
0.755014
-1.084901
0.640028
0.703965
0.000000
0.000000
0.000000
0.000000
0.000000
0.000000
-1.355378
0.808593
0.773118
-1.333470
0.643237
0.760909
0.000000
0.000000
0.000000
0.000000
0.000000
0.000000
-1.256373
1.025106
0.620431
-1.259785
0.971999
0.676361
0.000000
0.000000
0.000000
0.000000
0.000000
0.000000
-1.198640
0.821437
0.615513
-1.255849
0.726994
0.986589
0.000000
0.000000
0.000000
0.000000
0.000000
0.000000
-1.221493
0.892377
0.672740
-1.245594
0.878879
0.672374
0.000000
0.000000
0.000000
0.000000
0.000000
0.000000
-1.140208
0.729518
0.838990
-1.064910
0.917844
0.753034
0.000000
0.000000
0.000000
0.000000
0.000000
0.000000
-1.336197
0.963655
0.686538
-1.367881
1.060110
0.667681
0.000000
0.000000
0.000000
0.000000
0.000000
0.000000
-1.473025
0.506135
0.859914
-1.484322
0.528111
0.856132
0.000000
0.000000
0.000000
0.000000
0.000000
0.000000
0.000000
0.000000
0.000000
-1.103865
1.379206
0.825163
0.000000
0.000000
0.000000
0.000000
0.000000
0.000000
-1.357547
0.629999
0.680603
-1.313729
0.935625
0.757686
0.000000
0.000000
0.000000
0.000000
0.000000
0.000000
-1.605863
0.244198
0.861961
-1.663680
0.226898
0.906595
0.000000
0.000000
0.000000
0.000000
0.000000
0.000000
-1.147986
1.065352
0.646665
-1.185933
1.067808
0.590115
0.000000
0.000000
0.000000
0.000000
0.000000
0.000000
0.000000
0.000000
0.000000
-1.388416
0.424120
0.818492
0.000000
0.000000
0.000000
0.000000
0.000000
0.000000
-1.454177
0.629466
0.877089
-1.572512
0.482020
0.827641
0.000000
0.000000
0.000000
0.000000
0.000000
0.000000
-1.230537
0.947470
0.691820
-1.242517
0.921255
0.626988
0.000000
0.000000
0.000000
0.000000
0.000000
0.000000
-1.621215
0.864459
0.774540
-1.641260
0.875904
0.790601
0.000000
0.000000
0.000000
0.000000
0.000000
0.000000
-1.244974
0.998265
0.646202
-1.267514
1.069977
0.573207
0.000000
0.000000
0.000000
0.000000
0.000000
0.000000
0.000000
0.000000
0.000000
-1.468279
0.641949
0.733940
0.000000
0.000000
0.000000
0.000000
0.000000
0.000000
-1.259159
0.815465
0.753295
-1.286899
0.864409
0.688508
0.000000
0.000000
0.000000
0.000000
0.000000
0.000000
0.000000
0.000000
0.000000
-1.148442
0.997247
0.644994
0.000000
0.000000
0.000000
0.000000
0.000000
0.000000
0.000000
0.000000
0.000000
-1.081625
0.760757
0.829413
0.000000
0.000000
0.000000
0.000000
0.000000
0.000000
-1.321065
0.525307
0.796706
-1.271929
0.512965
0.813864
0.000000
0.000000
0.000000
0.000000
0.000000
0.000000
-1.178638
1.033294
0.694570
-1.216280
0.832889
0.628464
0.000000
0.000000
0.000000
0.000000
0.000000
0.000000
-1.394276
0.660655
0.822144
-1.433073
0.619736
0.832226
0.000000
0.000000
0.000000
0.000000
0.000000
0.000000
-1.104674
0.977367
0.677561
-1.200715
0.925420
0.619458
0.000000
0.000000
0.000000
0.000000
0.000000
0.000000
0.000000
0.000000
0.000000
-1.470441
0.492765
0.645287
0.000000
0.000000
0.000000
0.000000
0.000000
0.000000
-1.005253
0.923380
0.603092
-1.107091
0.843920
0.632201
0.000000
0.000000
0.000000
0.000000
0.000000
0.000000
-1.388262
0.702056
0.800555
-1.425060
0.627698
0.830641
0.000000
0.000000
0.000000
0.000000
0.000000
0.000000
-1.396618
0.668443
0.790050
-1.439708
0.598258
0.804455
0.000000
0.000000
0.000000
0.000000
0.000000
0.000000
-1.368651
0.797287
0.758797
-1.416723
0.775396
0.808837
0.000000
0.000000
0.000000
0.000000
0.000000
0.000000
-1.191071
1.394718
0.366771
-1.262693
1.418362
0.253677
0.000000
0.000000
0.000000
0.000000
0.000000
0.000000
-1.474158
0.657010
0.839361
-1.471029
0.729242
0.819730
0.000000
0.000000
0.000000
0.000000
0.000000
0.000000
-1.382926
0.661208
0.871882
-1.448055
0.534618
0.723232
0.000000
0.000000
0.000000
0.000000
0.000000
0.000000
-1.326498
1.046512
0.696614
-1.370088
0.926092
0.719348
0.000000
0.000000
0.000000
-1.203814
1.049428
0.868974
0.000000
0.000000
0.000000
-1.184115
1.071056
0.868974
0.000000
0.000000
0.000000
0.000000
0.000000
0.000000
-1.010445
0.968379
0.501706
-1.181293
0.892822
0.735504
0.000000
0.000000
0.000000
0.000000
0.000000
0.000000
-0.967996
1.190678
0.633593
-1.181878
1.069917
0.536812
0.000000
0.000000
0.000000
0.000000
0.000000
0.000000
-1.402286
0.899564
0.749701
-1.459082
0.886886
0.748147
0.000000
0.000000
0.000000
0.000000
0.000000
0.000000
-1.379595
0.570934
0.814574
-1.350746
0.592613
0.870902
0.000000
0.000000
0.000000
0.000000
0.000000
0.000000
-1.465419
1.174097
0.599989
-1.493947
1.247567
0.591967
0.000000
0.000000
0.000000
0.000000
0.000000
0.000000
-1.110031
0.754592
0.630971
-1.173581
0.780117
0.766023
0.000000
0.000000
0.000000
0.000000
0.000000
0.000000
-1.293686
0.538121
0.858138
-1.371697
0.503437
0.847785
0.000000
0.000000
0.000000
0.000000
0.000000
0.000000
-1.282412
0.643917
0.814956
-1.327904
0.629774
0.813938
0.000000
0.000000
0.000000
0.000000
0.000000
0.000000
0.000000
0.000000
0.000000
-1.276774
0.586527
0.689072
0.000000
0.000000
0.000000
0.000000
0.000000
0.000000
-1.323399
0.733349
0.795483
-1.361476
0.705402
0.789362
-1.500251
0.860843
0.778014
-1.547573
0.936115
0.772035
-1.500971
0.864389
0.774085
-1.536905
0.942275
0.769127
0.000000
0.000000
0.000000
0.000000
0.000000
0.000000
-1.168628
0.917805
0.691134
-1.313831
0.734181
0.755774
0.000000
0.000000
0.000000
0.000000
0.000000
0.000000
-1.649080
0.686279
0.838259
-1.676225
0.663236
0.821875
0.000000
0.000000
0.000000
0.000000
0.000000
0.000000
-1.345845
0.803972
0.729796
-1.328272
0.946913
0.688723
0.000000
0.000000
0.000000
0.000000
0.000000
0.000000
-1.219815
0.958872
0.914097
-1.318448
0.745142
0.748571
0.000000
0.000000
0.000000
0.000000
0.000000
0.000000
-1.239958
0.733394
0.913481
-1.371063
0.664822
0.803521
0.000000
0.000000
0.000000
0.000000
0.000000
0.000000
0.000000
0.000000
0.000000
-1.328182
0.684062
0.668871
0.000000
0.000000
0.000000
0.000000
0.000000
0.000000
-1.281090
0.747580
0.623623
-1.293977
0.714081
0.814137
0.000000
0.000000
0.000000
0.000000
0.000000
0.000000
-1.474602
0.760835
0.775668
-1.512184
0.742001
0.802089
0.000000
0.000000
0.000000
0.000000
0.000000
0.000000
-1.335005
0.771561
0.779383
-1.345204
0.811138
0.764781
0.000000
0.000000
0.000000
0.000000
0.000000
0.000000
-0.889801
1.059746
0.954279
-1.103894
0.802287
0.837017
-1.230929
0.534758
0.707020
-1.255090
0.689905
0.886301
-1.361378
0.452245
0.731947
-1.284526
0.826338
0.797537
0.000000
0.000000
0.000000
0.000000
0.000000
0.000000
0.000000
0.000000
0.000000
-1.013123
1.187695
0.695020
0.000000
0.000000
0.000000
0.000000
0.000000
0.000000
-1.329115
0.817176
0.796681
-1.338257
0.821937
0.723992
0.000000
0.000000
0.000000
0.000000
0.000000
0.000000
-1.141923
0.480334
0.783769
-0.985072
0.609987
0.827227
-1.179496
0.470458
0.656945
-1.265435
0.466321
0.952035
-1.114001
0.495579
0.656915
-1.199649
0.472505
0.947688
0.000000
0.000000
0.000000
0.000000
0.000000
0.000000
-1.141759
0.559887
0.608951
-1.071588
0.885893
0.683159
0.000000
0.000000
0.000000
0.000000
0.000000
0.000000
-1.362291
0.608920
0.823519
-1.430277
0.484949
0.795401
0.000000
0.000000
0.000000
0.000000
0.000000
0.000000
-1.092154
0.660416
0.788265
-1.118935
0.714015
0.759648
0.000000
0.000000
0.000000
0.000000
0.000000
0.000000
-1.130612
1.062947
0.536951
-1.150256
1.264679
0.568947
0.000000
0.000000
0.000000
0.000000
0.000000
0.000000
0.000000
0.000000
0.000000
-1.100684
0.788721
0.858453
0.000000
0.000000
0.000000
0.000000
0.000000
0.000000
0.000000
0.000000
0.000000
-1.222518
0.525745
0.794591
0.000000
0.000000
0.000000
0.000000
0.000000
0.000000
-1.553894
0.697361
0.752228
-1.626912
0.596811
0.814433
0.000000
0.000000
0.000000
-1.167514
0.837513
0.767640
0.000000
0.000000
0.000000
-1.150354
0.842641
0.767640
0.000000
0.000000
0.000000
0.000000
0.000000
0.000000
-1.375953
0.690980
0.774246
-1.382306
0.654681
0.770258
0.000000
0.000000
0.000000
-1.031392
0.806674
0.604259
0.000000
0.000000
0.000000
-0.954862
0.878977
0.602930
-1.150249
0.907354
0.741849
-1.189765
0.906729
0.737748
-1.125276
0.901669
0.741584
-1.161552
0.905324
0.732331
0.000000
0.000000
0.000000
0.000000
0.000000
0.000000
-0.990352
1.114594
0.776540
-1.056110
1.054791
0.694041
-1.116357
0.574745
0.710380
-1.042593
0.605512
0.757965
-1.125374
0.559333
0.723417
-1.050228
0.572417
0.771267
0.000000
0.000000
0.000000
0.000000
0.000000
0.000000
-1.361132
0.648286
0.791642
-1.383438
0.683583
0.827153
0.000000
0.000000
0.000000
0.000000
0.000000
0.000000
-0.881998
1.099391
0.854447
-1.006501
0.875651
0.698659
0.000000
0.000000
0.000000
0.000000
0.000000
0.000000
-1.345793
0.850503
0.620197
-1.400180
0.745737
0.768206
0.000000
0.000000
0.000000
0.000000
0.000000
0.000000
-1.023020
0.529771
0.659870
-1.081427
0.534770
0.885282
0.000000
0.000000
0.000000
0.000000
0.000000
0.000000
-1.227330
1.005299
0.494577
-1.269695
1.216072
0.553441
0.000000
0.000000
0.000000
0.000000
0.000000
0.000000
0.000000
0.000000
0.000000
-1.252119
0.706274
0.811712
-1.052445
0.952794
0.706576
-1.129899
0.871038
0.726689
-0.947703
1.043803
0.492474
-0.996131
1.133034
0.445440
0.000000
0.000000
0.000000
0.000000
0.000000
0.000000
-1.364536
0.860775
0.826539
-1.431855
0.809002
0.816598
0.000000
0.000000
0.000000
0.000000
0.000000
0.000000
-1.445978
0.805851
0.742664
-1.501173
0.717573
0.703657
0.000000
0.000000
0.000000
0.000000
0.000000
0.000000
-1.257672
1.098425
0.686289
-1.251624
1.254649
0.505004
0.000000
0.000000
0.000000
0.000000
0.000000
0.000000
-1.196036
1.115547
0.660063
-1.334203
0.891561
0.744893
0.000000
0.000000
0.000000
0.000000
0.000000
0.000000
-1.060587
1.498089
0.619155
-1.220743
1.125725
0.579692
0.000000
0.000000
0.000000
0.000000
0.000000
0.000000
0.000000
0.000000
0.000000
-1.387263
0.503914
0.710052
0.000000
0.000000
0.000000
0.000000
0.000000
0.000000
-1.328568
0.572216
0.703644
-1.324463
0.484283
0.778883
-1.373840
0.561742
0.879016
-1.230468
0.814303
0.866216
-1.356133
0.564396
0.879016
-1.216903
0.836551
0.850407
0.000000
0.000000
0.000000
0.000000
0.000000
0.000000
-1.301142
0.516762
0.883212
-1.435798
0.424962
0.876875
0.000000
0.000000
0.000000
0.000000
0.000000
0.000000
-1.153806
1.204328
0.703166
-1.240019
1.136760
0.668659
0.000000
0.000000
0.000000
0.000000
0.000000
0.000000
0.000000
0.000000
0.000000
-1.224813
1.059232
0.712708
0.000000
0.000000
0.000000
0.000000
0.000000
0.000000
-1.245048
0.662946
0.675672
-1.234794
0.743237
0.871873
0.000000
0.000000
0.000000
0.000000
0.000000
0.000000
-1.242959
1.179817
0.437259
-1.294229
1.156187
0.478661
0.000000
0.000000
0.000000
0.000000
0.000000
0.000000
-1.485227
0.588709
0.806943
-1.491893
0.598307
0.850544
0.000000
0.000000
0.000000
0.000000
0.000000
0.000000
-1.437082
0.682273
0.680304
-1.448971
0.759421
0.831756
-1.182540
0.597397
0.819751
-1.219818
0.576084
0.773707
-1.116057
0.612574
0.819751
-1.171813
0.547952
0.778409
0.000000
0.000000
0.000000
0.000000
0.000000
0.000000
-1.135757
0.777703
0.760267
-1.174036
0.834890
0.744484
0.000000
0.000000
0.000000
0.000000
0.000000
0.000000
-1.200320
0.638375
0.602512
-1.225054
0.617876
0.764400
0.000000
0.000000
0.000000
0.000000
0.000000
0.000000
0.000000
0.000000
0.000000
-1.103905
0.896755
0.793547
0.000000
0.000000
0.000000
0.000000
0.000000
0.000000
-1.268205
0.664166
0.784380
-1.321192
0.647088
0.792513
0.000000
0.000000
0.000000
0.000000
0.000000
0.000000
-1.149598
0.802124
0.708124
-1.219425
0.677487
0.818123
0.000000
0.000000
0.000000
0.000000
0.000000
0.000000
-1.209733
0.995430
0.673072
-1.243718
1.139548
0.644819
0.000000
0.000000
0.000000
0.000000
0.000000
0.000000
-1.144683
0.712747
0.735609
-1.123255
0.811715
0.931789
0.000000
0.000000
0.000000
0.000000
0.000000
0.000000
-1.421449
0.616242
0.821526
-1.519983
0.592293
0.853226
0.000000
0.000000
0.000000
0.000000
0.000000
0.000000
-1.289891
0.570009
0.828607
-1.221343
0.637243
0.779699
0.000000
0.000000
0.000000
0.000000
0.000000
0.000000
-1.332254
0.653255
0.832503
-1.333382
0.743834
0.760798
0.000000
0.000000
0.000000
0.000000
0.000000
0.000000
0.000000
0.000000
0.000000
-1.242882
0.507687
0.712712
0.000000
0.000000
0.000000
0.000000
0.000000
0.000000
-1.208638
1.133964
0.792408
-1.343624
0.955772
0.728800
0.000000
0.000000
0.000000
0.000000
0.000000
0.000000
0.000000
0.000000
0.000000
-1.109615
0.532108
0.703484
0.000000
0.000000
0.000000
0.000000
0.000000
0.000000
-1.278466
0.680414
0.676133
-1.346393
0.644396
0.870363
0.000000
0.000000
0.000000
0.000000
0.000000
0.000000
-1.535065
0.417214
0.889130
-1.488531
0.495451
0.883355
0.000000
0.000000
0.000000
0.000000
0.000000
0.000000
-1.310837
0.524911
0.918979
-1.458922
0.428742
0.792936
0.000000
0.000000
0.000000
0.000000
0.000000
0.000000
0.000000
0.000000
0.000000
-1.331885
0.843103
0.807692
0.000000
0.000000
0.000000
0.000000
0.000000
0.000000
0.000000
0.000000
0.000000
-0.870696
1.271968
0.637723
-1.385547
0.480151
0.815671
-1.514577
0.490055
0.866891
-1.383062
0.465470
0.813958
-1.500821
0.510021
0.867647
0.000000
0.000000
0.000000
0.000000
0.000000
0.000000
-1.281812
0.560793
0.881226
-1.429485
0.417887
0.918213
0.000000
0.000000
0.000000
0.000000
0.000000
0.000000
0.000000
0.000000
0.000000
-1.170698
0.481834
0.778092
-1.062276
1.114427
1.035774
-1.237014
0.939843
0.900609
-1.038943
1.126967
1.035774
-1.222943
0.925938
0.900609
0.000000
0.000000
0.000000
0.000000
0.000000
0.000000
-1.105008
0.854908
0.755232
-1.144565
0.836088
0.732437
0.000000
0.000000
0.000000
0.000000
0.000000
0.000000
-1.427764
0.624958
0.845968
-1.431551
0.695556
0.816054
0.000000
0.000000
0.000000
0.000000
0.000000
0.000000
0.000000
0.000000
0.000000
-1.245888
0.534000
0.630943
0.000000
0.000000
0.000000
0.000000
0.000000
0.000000
-1.186400
0.789058
0.775355
-1.215717
0.868140
0.662427
0.000000
0.000000
0.000000
0.000000
0.000000
0.000000
-1.266687
0.649888
0.809207
-1.306583
0.649218
0.810418
0.000000
0.000000
0.000000
0.000000
0.000000
0.000000
-1.478608
0.520469
0.845688
-1.505208
0.494493
0.862994
0.000000
0.000000
0.000000
0.000000
0.000000
0.000000
-1.254656
0.462288
0.857826
-1.286921
0.473896
0.855230
0.000000
0.000000
0.000000
0.000000
0.000000
0.000000
0.000000
0.000000
0.000000
-1.366215
0.455482
0.727763
0.000000
0.000000
0.000000
0.000000
0.000000
0.000000
-1.539773
0.727231
0.803178
-1.561046
0.740688
0.803616
0.000000
0.000000
0.000000
0.000000
0.000000
0.000000
-1.287956
0.544159
0.740134
-1.135590
0.714950
0.791414
0.000000
0.000000
0.000000
0.000000
0.000000
0.000000
-0.953785
0.768774
0.917692
-1.002725
0.597701
0.787876
0.000000
0.000000
0.000000
0.000000
0.000000
0.000000
-1.256902
0.929580
0.672396
-1.300523
0.921773
0.688852
0.000000
0.000000
0.000000
0.000000
0.000000
0.000000
-1.094381
0.915955
0.767451
-1.073170
0.990960
0.637666
0.000000
0.000000
0.000000
0.000000
0.000000
0.000000
-1.184909
0.471279
0.838847
-1.343356
0.408680
0.892191
0.000000
0.000000
0.000000
0.000000
0.000000
0.000000
-1.542891
0.554316
0.853444
-1.579662
0.605929
0.861434
0.000000
0.000000
0.000000
0.000000
0.000000
0.000000
-1.278832
0.954041
0.629064
-1.290926
1.073307
0.624092
0.000000
0.000000
0.000000
0.000000
0.000000
0.000000
0.000000
0.000000
0.000000
-1.115418
0.619615
0.785533
0.000000
0.000000
0.000000
0.000000
0.000000
0.000000
0.000000
0.000000
0.000000
-1.270851
0.698571
0.641402
0.000000
0.000000
0.000000
0.000000
0.000000
0.000000
-1.215627
0.716791
0.780764
-1.321845
0.615682
0.791915
-1.343583
0.605303
0.748911
-1.273757
0.703012
0.837549
-1.330219
0.591919
0.748911
-1.228460
0.755853
0.810306
0.000000
0.000000
0.000000
0.000000
0.000000
0.000000
-1.180282
1.083437
0.558229
-1.246371
1.020802
0.612388
0.000000
0.000000
0.000000
0.000000
0.000000
0.000000
-1.622004
0.501408
0.864686
-1.637393
0.515576
0.864954
0.000000
0.000000
0.000000
0.000000
0.000000
0.000000
-1.049060
0.897783
0.751830
-1.129354
0.870076
0.677291
0.000000
0.000000
0.000000
0.000000
0.000000
0.000000
-1.335395
0.452199
1.098854
-1.446403
0.344581
0.959218
0.000000
0.000000
0.000000
0.000000
0.000000
0.000000
-1.093573
1.075469
0.711063
-1.165821
0.912683
0.721452
0.000000
0.000000
0.000000
0.000000
0.000000
0.000000
-1.414976
0.413525
0.875829
-1.506937
0.401004
0.862494
0.000000
0.000000
0.000000
0.000000
0.000000
0.000000
-1.144503
0.469920
0.878508
-1.146792
0.522430
0.845146
0.000000
0.000000
0.000000
0.000000
0.000000
0.000000
0.000000
0.000000
0.000000
-1.162059
0.582711
0.655377
0.000000
0.000000
0.000000
0.000000
0.000000
0.000000
-1.217455
0.498716
0.802226
-1.348829
0.383432
0.877485
0.000000
0.000000
0.000000
0.000000
0.000000
0.000000
-1.444442
0.558558
0.835659
-1.424162
0.576509
0.876149
0.000000
0.000000
0.000000
0.000000
0.000000
0.000000
-1.367243
0.572141
0.790750
-1.427871
0.717230
0.820141
0.000000
0.000000
0.000000
0.000000
0.000000
0.000000
-1.305479
0.965688
0.697727
-1.305463
1.003358
0.682806
0.000000
0.000000
0.000000
0.000000
0.000000
0.000000
-1.035312
0.798519
0.800030
-1.205679
0.737332
0.735552
0.000000
0.000000
0.000000
0.000000
0.000000
0.000000
0.000000
0.000000
0.000000
-1.044638
0.702574
0.759938
0.000000
0.000000
0.000000
0.000000
0.000000
0.000000
-1.339539
1.326250
0.762861
-1.478725
1.036749
0.709766
0.000000
0.000000
0.000000
0.000000
0.000000
0.000000
-1.409837
0.693443
0.727814
-1.352224
0.789650
0.680814
0.000000
0.000000
0.000000
0.000000
0.000000
0.000000
-1.219319
0.885116
0.834551
-1.234317
0.769884
0.801279
0.000000
0.000000
0.000000
-1.542434
0.458263
0.734494
0.000000
0.000000
0.000000
-1.511417
0.466404
0.734494
0.000000
0.000000
0.000000
0.000000
0.000000
0.000000
-1.220688
0.853625
0.711844
-1.271678
0.739747
0.772803
0.000000
0.000000
0.000000
0.000000
0.000000
0.000000
-1.462407
1.040822
0.752626
-1.468186
1.056772
0.709208
0.000000
0.000000
0.000000
0.000000
0.000000
0.000000
-1.240366
1.144371
0.701510
-1.277617
1.002447
0.651380
0.000000
0.000000
0.000000
0.000000
0.000000
0.000000
-1.391208
0.685831
1.042715
-1.540256
0.499312
0.918166
0.000000
0.000000
0.000000
0.000000
0.000000
0.000000
-1.420047
1.299485
0.555782
-1.481384
1.235483
0.582593
0.000000
0.000000
0.000000
0.000000
0.000000
0.000000
0.000000
0.000000
0.000000
-1.420045
0.432316
0.775898
0.000000
0.000000
0.000000
0.000000
0.000000
0.000000
0.000000
0.000000
0.000000
-1.271596
0.544224
0.694744
0.000000
0.000000
0.000000
0.000000
0.000000
0.000000
-1.061355
0.574668
0.715335
-1.189869
0.614364
0.862522
-1.322305
0.391041
0.862466
-1.330055
0.340464
0.881644
-1.322855
0.389465
0.859822
-1.380984
0.335483
0.878414
-1.324869
0.668095
0.852286
-1.347050
0.658711
0.825528
-1.265896
0.697619
0.824505
-1.273552
0.680315
0.814109
-1.087070
0.927086
0.645026
-1.142123
0.945176
0.636733
-1.100394
0.721833
0.802931
-1.168217
0.667361
0.787091
-1.318804
0.906395
0.734495
-1.328031
0.867993
0.743930
-1.233000
0.905294
0.723660
-1.251622
0.848416
0.736537
0.000000
0.000000
0.000000
0.000000
0.000000
0.000000
-0.889667
1.152506
0.723579
-1.011348
1.189494
0.766256
0.000000
0.000000
0.000000
0.000000
0.000000
0.000000
-1.008652
0.920046
0.787876
-1.149028
0.803502
0.762202
-1.185022
0.900862
0.796076
-1.314115
0.656732
0.732633
-1.150887
0.909922
0.796076
-1.309622
0.631373
0.727530
0.000000
0.000000
0.000000
0.000000
0.000000
0.000000
0.000000
0.000000
0.000000
-1.153807
1.451534
0.692456
0.000000
0.000000
0.000000
-1.206870
0.674280
0.716440
0.000000
0.000000
0.000000
-1.252940
0.674336
0.716440
0.000000
0.000000
0.000000
0.000000
0.000000
0.000000
-1.142122
0.843180
0.650992
-1.175439
0.814763
0.712661
-1.497902
0.547200
0.840376
-1.517120
0.590571
0.855550
-1.427878
0.543881
0.840514
-1.445494
0.584640
0.852203
0.000000
0.000000
0.000000
0.000000
0.000000
0.000000
-1.361599
0.409382
0.698530
-1.240189
0.550065
0.881215
0.000000
0.000000
0.000000
0.000000
0.000000
0.000000
-1.226299
0.838780
0.711134
-1.270224
0.812563
0.761421
0.000000
0.000000
0.000000
0.000000
0.000000
0.000000
-1.544913
0.734266
1.163627
-1.621062
0.540415
0.952125
0.000000
0.000000
0.000000
0.000000
0.000000
0.000000
-1.308402
0.859080
0.662666
-1.379963
0.842170
0.788305
0.000000
0.000000
0.000000
0.000000
0.000000
0.000000
-1.198421
0.899024
0.787355
-1.286553
0.928810
0.700510
0.000000
0.000000
0.000000
0.000000
0.000000
0.000000
-1.091726
0.993624
0.667657
-1.147862
0.961553
0.694813
0.000000
0.000000
0.000000
0.000000
0.000000
0.000000
0.000000
0.000000
0.000000
-1.234843
0.692556
0.811396
0.000000
0.000000
0.000000
0.000000
0.000000
0.000000
-1.181360
1.154967
0.788580
-1.219193
1.177460
0.679902
0.000000
0.000000
0.000000
0.000000
0.000000
0.000000
-1.304648
1.389244
0.682561
-1.336712
1.093878
0.603799
0.000000
0.000000
0.000000
0.000000
0.000000
0.000000
-0.943763
0.790087
0.646431
-1.075864
0.734872
0.617340
0.000000
0.000000
0.000000
-1.162222
1.274146
0.719404
0.000000
0.000000
0.000000
-1.107761
1.301571
0.719404
0.000000
0.000000
0.000000
0.000000
0.000000
0.000000
0.000000
0.000000
0.000000
-1.035352
0.956673
0.768511
0.000000
0.000000
0.000000
0.000000
0.000000
0.000000
0.000000
0.000000
0.000000
-1.327321
0.575799
0.751839
-1.224527
1.059670
0.615117
-1.304666
0.971546
0.684929
-1.198611
1.250581
0.437115
-1.239016
1.246189
0.508325
0.000000
0.000000
0.000000
0.000000
0.000000
0.000000
-1.034403
0.924857
0.621535
-1.111023
1.135093
0.683036
0.000000
0.000000
0.000000
0.000000
0.000000
0.000000
-1.271243
0.485183
1.045856
-1.262235
0.535648
0.940765
0.000000
0.000000
0.000000
0.000000
0.000000
0.000000
-1.284333
0.502653
0.732086
-1.233628
0.603072
0.849005
0.000000
0.000000
0.000000
0.000000
0.000000
0.000000
-1.258562
0.541270
0.815046
-1.304417
0.677745
0.799125
0.000000
0.000000
0.000000
0.000000
0.000000
0.000000
0.000000
0.000000
0.000000
-1.062166
1.023221
0.777929
0.000000
0.000000
0.000000
0.000000
0.000000
0.000000
-1.199385
0.867461
0.775383
-1.222702
0.838461
0.739060
0.000000
0.000000
0.000000
0.000000
0.000000
0.000000
-1.485024
0.687940
0.800485
-1.520038
0.690317
0.807878
0.000000
0.000000
0.000000
-1.060528
0.654714
0.777152
0.000000
0.000000
0.000000
-1.049289
0.660455
0.777152
0.000000
0.000000
0.000000
0.000000
0.000000
0.000000
-1.280354
0.786503
0.750643
-1.325977
0.835006
0.765056
0.000000
0.000000
0.000000
0.000000
0.000000
0.000000
0.000000
0.000000
0.000000
-1.298106
0.553393
0.613574
0.000000
0.000000
0.000000
0.000000
0.000000
0.000000
-1.276700
0.931963
0.682097
-1.349139
0.851782
0.769978
0.000000
0.000000
0.000000
0.000000
0.000000
0.000000
-1.512959
0.506044
0.864248
-1.521375
0.568092
0.835381
0.000000
0.000000
0.000000
0.000000
0.000000
0.000000
0.000000
0.000000
0.000000
-1.343504
0.576974
0.726570
0.000000
0.000000
0.000000
0.000000
0.000000
0.000000
-1.145799
1.093410
0.620325
-1.217742
0.849478
0.818464
0.000000
0.000000
0.000000
0.000000
0.000000
0.000000
-1.098241
0.769297
0.784071
-1.168460
0.728264
0.748646
0.000000
0.000000
0.000000
0.000000
0.000000
0.000000
0.000000
0.000000
0.000000
-1.258346
0.471290
0.726471
0.000000
0.000000
0.000000
0.000000
0.000000
0.000000
-1.268230
0.793678
0.731278
-1.283413
0.729417
0.819356
0.000000
0.000000
0.000000
0.000000
0.000000
0.000000
0.000000
0.000000
0.000000
-1.164113
0.655624
0.788215
0.000000
0.000000
0.000000
0.000000
0.000000
0.000000
0.000000
0.000000
0.000000
-1.338993
0.504926
0.896122
0.000000
0.000000
0.000000
0.000000
0.000000
0.000000
-1.286051
0.540203
0.804375
-1.353129
0.604871
0.858746
0.000000
0.000000
0.000000
0.000000
0.000000
0.000000
-1.135245
0.893824
0.585720
-1.072202
1.364149
0.651401
0.000000
0.000000
0.000000
0.000000
0.000000
0.000000
-1.065671
0.780106
0.717222
-1.195150
0.605074
0.862937
0.000000
0.000000
0.000000
0.000000
0.000000
0.000000
-1.480558
0.525275
0.855932
-1.485244
0.581024
0.855990
0.000000
0.000000
0.000000
0.000000
0.000000
0.000000
-1.285450
0.766043
0.782160
-1.282640
0.802630
0.758097
0.000000
0.000000
0.000000
0.000000
0.000000
0.000000
0.000000
0.000000
0.000000
-1.084490
1.228008
0.706293
0.000000
0.000000
0.000000
0.000000
0.000000
0.000000
-1.086587
0.999416
0.596712
-1.064295
1.343070
0.505124
-1.117778
0.613817
0.795196
-0.931617
0.892020
0.864221
-1.091843
0.618485
0.795196
-0.895711
0.857638
0.865557
0.000000
0.000000
0.000000
0.000000
0.000000
0.000000
-1.442414
0.618595
0.729565
-1.496952
0.565702
0.766761
0.000000
0.000000
0.000000
0.000000
0.000000
0.000000
-1.313299
0.521324
0.698211
-1.306745
0.579812
0.884129
0.000000
0.000000
0.000000
0.000000
0.000000
0.000000
-1.449576
0.439422
0.845696
-1.461383
0.561168
0.863811
0.000000
0.000000
0.000000
0.000000
0.000000
0.000000
-1.165158
0.614221
0.813749
-1.174530
0.642012
0.877000
0.000000
0.000000
0.000000
0.000000
0.000000
0.000000
-1.208239
0.741857
0.814273
-1.273486
0.683130
0.803155
0.000000
0.000000
0.000000
0.000000
0.000000
0.000000
-1.450016
0.771742
0.803361
-1.494932
0.689635
0.822134
0.000000
0.000000
0.000000
0.000000
0.000000
0.000000
-1.474927
0.599757
0.807591
-1.501028
0.781105
0.757689
0.000000
0.000000
0.000000
0.000000
0.000000
0.000000
0.000000
0.000000
0.000000
-1.178073
0.784665
0.825184
0.000000
0.000000
0.000000
0.000000
0.000000
0.000000
-1.140539
0.585719
0.788870
-1.083311
0.689639
0.932750
-1.022965
0.698292
0.776462
-1.020305
0.697398
0.744814
-1.021928
0.561448
0.783830
-1.040570
0.574403
0.792439
0.000000
0.000000
0.000000
0.000000
0.000000
0.000000
-1.202161
0.816225
0.872057
-1.233215
0.802847
0.760292
0.000000
0.000000
0.000000
0.000000
0.000000
0.000000
-1.238428
1.227282
0.507700
-1.257418
1.327010
0.424728
0.000000
0.000000
0.000000
0.000000
0.000000
0.000000
-1.178759
1.182995
0.521625
-1.265488
1.138842
0.611181
0.000000
0.000000
0.000000
0.000000
0.000000
0.000000
-1.151720
0.770808
0.846365
-1.233796
0.612417
0.820223
0.000000
0.000000
0.000000
0.000000
0.000000
0.000000
-1.339014
0.574761
0.929360
-1.383896
0.525953
0.826565
0.000000
0.000000
0.000000
0.000000
0.000000
0.000000
0.000000
0.000000
0.000000
-1.181885
1.302520
0.794929
0.000000
0.000000
0.000000
0.000000
0.000000
0.000000
-1.301135
0.810318
0.712475
-1.329311
0.804615
0.724153
0.000000
0.000000
0.000000
0.000000
0.000000
0.000000
-1.070033
1.155019
0.621867
-1.135924
1.067780
0.665584
-1.246943
0.422537
0.864368
-1.321369
0.431965
0.882888
-1.214058
0.448602
0.854134
-1.260501
0.455125
0.872339
0.000000
0.000000
0.000000
0.000000
0.000000
0.000000
-1.508678
0.371747
0.955267
-1.594730
0.314778
0.922366
0.000000
0.000000
0.000000
0.000000
0.000000
0.000000
-1.582840
0.440687
0.879111
-1.606874
0.413127
0.883686
0.000000
0.000000
0.000000
0.000000
0.000000
0.000000
-1.168204
0.699718
0.741582
-1.174969
0.681492
0.720815
0.000000
0.000000
0.000000
0.000000
0.000000
0.000000
-0.994882
1.430561
0.712587
-1.071979
1.246412
0.694207
0.000000
0.000000
0.000000
0.000000
0.000000
0.000000
0.000000
0.000000
0.000000
-0.862096
1.392128
0.647088
0.000000
0.000000
0.000000
0.000000
0.000000
0.000000
-1.301206
1.015342
0.709028
-1.334915
1.100617
0.622702
0.000000
0.000000
0.000000
0.000000
0.000000
0.000000
-1.371699
0.554237
0.858372
-1.383189
0.633338
0.842131
0.000000
0.000000
0.000000
0.000000
0.000000
0.000000
-1.362697
0.417325
0.985819
-1.369120
0.440400
0.857948
0.000000
0.000000
0.000000
0.000000
0.000000
0.000000
-1.204815
1.079707
0.573959
-1.282698
1.059099
0.591874
0.000000
0.000000
0.000000
0.000000
0.000000
0.000000
0.000000
0.000000
0.000000
-1.397364
0.609664
0.623997
0.000000
0.000000
0.000000
0.000000
0.000000
0.000000
-1.334719
1.378927
0.708251
-1.384161
1.339493
0.653769
0.000000
0.000000
0.000000
0.000000
0.000000
0.000000
-1.277856
0.583536
0.947366
-1.331007
0.500359
0.811497
0.000000
0.000000
0.000000
0.000000
0.000000
0.000000
-1.363798
1.096477
0.683028
-1.393910
0.987162
0.672090
0.000000
0.000000
0.000000
0.000000
0.000000
0.000000
0.000000
0.000000
0.000000
-1.114200
0.884747
0.636524
0.000000
0.000000
0.000000
0.000000
0.000000
0.000000
0.000000
0.000000
0.000000
-1.104521
0.483512
0.816700
0.000000
0.000000
0.000000
0.000000
0.000000
0.000000
-1.153150
0.889864
0.758469
-1.226008
0.779239
0.790034
0.000000
0.000000
0.000000
0.000000
0.000000
0.000000
-1.367611
0.442905
0.850143
-1.344901
0.521104
0.834252
0.000000
0.000000
0.000000
0.000000
0.000000
0.000000
-1.162927
0.635118
0.670214
-1.142620
0.739863
0.834210
0.000000
0.000000
0.000000
0.000000
0.000000
0.000000
-1.277407
0.377024
0.842786
-1.259717
0.352909
0.862890
-1.172716
0.668655
0.811690
-1.199966
0.702246
0.780640
-1.058212
0.709080
0.790888
-1.102655
0.710471
0.765892
0.000000
0.000000
0.000000
0.000000
0.000000
0.000000
-1.281471
0.667313
0.750938
-1.419019
0.557982
0.830777
-1.312818
0.701614
0.780171
-1.266384
0.786179
0.787100
-1.315662
0.678971
0.789978
-1.236672
0.680021
0.814086
-1.156319
0.777868
0.756982
-1.220582
0.663514
0.783272
-1.105162
0.803608
0.757345
-1.168523
0.694380
0.770743
-1.193100
1.466031
0.821496
-1.254989
1.007293
0.678542
-1.336097
1.216828
0.840184
-1.372391
0.977761
0.663673
0.000000
0.000000
0.000000
0.000000
0.000000
0.000000
-1.221020
0.966888
0.693804
-1.207793
1.264383
0.660073
0.000000
0.000000
0.000000
0.000000
0.000000
0.000000
-1.235618
0.587757
0.806843
-1.340455
0.511635
0.879990
0.000000
0.000000
0.000000
0.000000
0.000000
0.000000
-1.399211
0.379208
0.889072
-1.441226
0.362477
0.879166
0.000000
0.000000
0.000000
0.000000
0.000000
0.000000
0.000000
0.000000
0.000000
-1.300263
0.922084
0.843528
0.000000
0.000000
0.000000
0.000000
0.000000
0.000000
-1.011783
0.801467
0.717852
-1.083956
0.781351
0.761164
0.000000
0.000000
0.000000
0.000000
0.000000
0.000000
0.000000
0.000000
0.000000
-1.164692
0.648508
0.632102
0.000000
0.000000
0.000000
0.000000
0.000000
0.000000
0.000000
0.000000
0.000000
-1.119604
0.785082
0.683170
0.000000
0.000000
0.000000
0.000000
0.000000
0.000000
-1.120465
0.673576
0.750338
-1.124342
0.755853
0.922149
0.000000
0.000000
0.000000
0.000000
0.000000
0.000000
-1.359132
0.509262
1.076630
-1.492565
0.454629
0.944419
0.000000
0.000000
0.000000
0.000000
0.000000
0.000000
-1.382354
0.373200
0.885322
-1.408726
0.419629
0.876822
0.000000
0.000000
0.000000
0.000000
0.000000
0.000000
-1.303872
0.897589
0.791926
-1.307817
0.664626
0.777290
0.000000
0.000000
0.000000
0.000000
0.000000
0.000000
-1.355664
0.776937
0.777569
-1.455214
0.703438
0.771205
0.000000
0.000000
0.000000
0.000000
0.000000
0.000000
-1.192541
1.002456
0.761742
-1.307005
0.852879
0.756437
0.000000
0.000000
0.000000
0.000000
0.000000
0.000000
0.000000
0.000000
0.000000
-1.220272
0.591006
0.816737
0.000000
0.000000
0.000000
0.000000
0.000000
0.000000
-1.345479
0.600181
0.804484
-1.418770
0.642134
1.025731
0.000000
0.000000
0.000000
0.000000
0.000000
0.000000
0.000000
0.000000
0.000000
-1.333039
0.580864
0.721864
0.000000
0.000000
0.000000
0.000000
0.000000
0.000000
0.000000
0.000000
0.000000
-1.271022
0.482233
0.715060
0.000000
0.000000
0.000000
0.000000
0.000000
0.000000
-1.273639
0.777532
0.635631
-1.250390
0.865281
0.615323
0.000000
0.000000
0.000000
0.000000
0.000000
0.000000
-1.230081
0.360889
0.749283
-1.101038
0.412297
0.825082
0.000000
0.000000
0.000000
0.000000
0.000000
0.000000
0.000000
0.000000
0.000000
-1.208789
0.543409
0.741860
0.000000
0.000000
0.000000
0.000000
0.000000
0.000000
-1.398876
1.078373
0.630964
-1.431520
1.055140
0.643088
0.000000
0.000000
0.000000
0.000000
0.000000
0.000000
-1.065510
0.674310
0.860187
-1.133166
0.669300
0.760170
0.000000
0.000000
0.000000
0.000000
0.000000
0.000000
0.000000
0.000000
0.000000
-1.262115
0.515396
0.702248
0.000000
0.000000
0.000000
0.000000
0.000000
0.000000
-1.247383
1.008773
0.686038
-1.305318
0.936090
0.701313
0.000000
0.000000
0.000000
0.000000
0.000000
0.000000
0.000000
0.000000
0.000000
-1.212078
0.766750
0.719625
0.000000
0.000000
0.000000
0.000000
0.000000
0.000000
0.000000
0.000000
0.000000
-1.022567
1.295947
0.758802
0.000000
0.000000
0.000000
0.000000
0.000000
0.000000
-1.337983
1.237662
0.704944
-1.456545
0.957483
0.751383
0.000000
0.000000
0.000000
0.000000
0.000000
0.000000
-1.287389
0.636788
0.916745
-1.325258
0.586897
0.841286
0.000000
0.000000
0.000000
0.000000
0.000000
0.000000
-1.350991
0.975412
0.674818
-1.381248
1.130504
0.618714
0.000000
0.000000
0.000000
0.000000
0.000000
0.000000
0.000000
0.000000
0.000000
-1.265399
0.586671
0.721854
0.000000
0.000000
0.000000
0.000000
0.000000
0.000000
-1.307552
0.896101
0.687444
-1.346650
0.905472
0.664472
0.000000
0.000000
0.000000
0.000000
0.000000
0.000000
-1.386475
0.516164
0.811939
-1.443743
0.518187
0.819411
0.000000
0.000000
0.000000
0.000000
0.000000
0.000000
-1.436302
0.785404
0.726026
-1.586303
0.689085
0.881097
0.000000
0.000000
0.000000
0.000000
0.000000
0.000000
0.000000
0.000000
0.000000
-1.133775
0.994706
0.729731
0.000000
0.000000
0.000000
0.000000
0.000000
0.000000
-1.228205
0.550131
0.726564
-1.127218
0.541639
0.851340
0.000000
0.000000
0.000000
0.000000
0.000000
0.000000
-1.335300
0.330683
0.873587
-1.310202
0.329277
0.871189
0.000000
0.000000
0.000000
0.000000
0.000000
0.000000
-1.242213
0.599029
0.814130
-1.339260
0.482161
0.861752
0.000000
0.000000
0.000000
0.000000
0.000000
0.000000
-1.204565
0.920026
0.679931
-1.259355
0.926508
0.704724
0.000000
0.000000
0.000000
0.000000
0.000000
0.000000
0.000000
0.000000
0.000000
-1.287119
0.845975
0.577004
0.000000
0.000000
0.000000
0.000000
0.000000
0.000000
-1.255690
0.620048
0.795358
-1.276091
0.739629
0.814334
0.000000
0.000000
0.000000
0.000000
0.000000
0.000000
-1.291972
0.633315
0.810581
-1.360030
0.626657
0.820826
0.000000
0.000000
0.000000
0.000000
0.000000
0.000000
-1.245282
0.736038
0.711927
-1.303067
0.765491
0.855201
0.000000
0.000000
0.000000
0.000000
0.000000
0.000000
-1.299872
0.952067
0.676116
-1.343122
1.091366
0.638576
0.000000
0.000000
0.000000
0.000000
0.000000
0.000000
-1.561140
0.979828
0.734037
-1.594061
0.986753
0.715926
0.000000
0.000000
0.000000
0.000000
0.000000
0.000000
-1.449235
0.424355
0.768450
-1.375124
0.503232
0.778662
0.000000
0.000000
0.000000
0.000000
0.000000
0.000000
-1.190878
0.445001
0.809292
-1.176836
0.584999
0.802194
0.000000
0.000000
0.000000
0.000000
0.000000
0.000000
-1.298023
0.832119
0.777486
-1.318738
0.865235
0.718372
0.000000
0.000000
0.000000
0.000000
0.000000
0.000000
-1.272529
0.438146
0.836051
-1.368156
0.400926
0.870355
-1.192577
0.509054
0.782499
-1.222511
0.490307
0.813540
-1.161831
0.494227
0.777459
-1.192710
0.498588
0.812255
0.000000
0.000000
0.000000
0.000000
0.000000
0.000000
-1.350000
0.889311
0.712823
-1.345899
0.877530
0.695211
0.000000
0.000000
0.000000
0.000000
0.000000
0.000000
-1.333676
0.536012
0.937981
-1.318647
0.565960
0.847883
-1.370730
0.405920
0.749999
-1.273494
0.579642
0.849549
-1.347607
0.412483
0.749999
-1.312637
0.519687
0.952675
0.000000
0.000000
0.000000
0.000000
0.000000
0.000000
0.000000
0.000000
0.000000
-1.276206
0.766749
0.726972
0.000000
0.000000
0.000000
0.000000
0.000000
0.000000
-1.383547
0.523455
0.813193
-1.482303
0.500631
0.861646
0.000000
0.000000
0.000000
0.000000
0.000000
0.000000
-1.007667
0.804010
0.790023
-1.119005
0.760339
0.683356
0.000000
0.000000
0.000000
0.000000
0.000000
0.000000
0.000000
0.000000
0.000000
-1.556832
0.803725
0.712330
0.000000
0.000000
0.000000
0.000000
0.000000
0.000000
-1.129344
0.916106
0.915581
-1.169776
1.019053
0.811024
-1.140262
0.943732
0.764391
-1.207779
1.052971
0.662253
-1.197253
0.955024
0.834741
-1.264731
1.129624
0.696840
0.000000
0.000000
0.000000
0.000000
0.000000
0.000000
-1.162839
0.645635
0.765585
-1.189567
0.620101
0.817084
0.000000
0.000000
0.000000
0.000000
0.000000
0.000000
0.000000
0.000000
0.000000
-1.154674
0.839832
0.780683
0.000000
0.000000
0.000000
0.000000
0.000000
0.000000
0.000000
0.000000
0.000000
-1.187968
0.778429
0.677797
0.000000
0.000000
0.000000
0.000000
0.000000
0.000000
-1.222542
1.041702
0.725960
-1.243911
1.190293
0.556472
0.000000
0.000000
0.000000
0.000000
0.000000
0.000000
-1.269261
0.740415
0.790700
-1.358759
0.723183
0.731690
0.000000
0.000000
0.000000
0.000000
0.000000
0.000000
-1.227727
0.542416
0.977473
-1.269171
0.650390
0.855122
0.000000
0.000000
0.000000
0.000000
0.000000
0.000000
-1.167292
0.940645
0.706147
-1.282358
0.835633
0.721823
0.000000
0.000000
0.000000
0.000000
0.000000
0.000000
0.000000
0.000000
0.000000
-1.472255
0.601568
0.741854
0.000000
0.000000
0.000000
0.000000
0.000000
0.000000
-1.510478
0.510874
0.858856
-1.526930
0.510783
0.851211
0.000000
0.000000
0.000000
0.000000
0.000000
0.000000
-1.360843
0.556207
0.849961
-1.405726
0.615239
0.831437
0.000000
0.000000
0.000000
0.000000
0.000000
0.000000
0.000000
0.000000
0.000000
-1.092687
0.529889
0.742360
0.000000
0.000000
0.000000
0.000000
0.000000
0.000000
-1.429924
0.544010
0.681273
-1.460666
0.629979
0.977422
0.000000
0.000000
0.000000
0.000000
0.000000
0.000000
0.000000
0.000000
0.000000
-0.970872
1.416132
0.616262
0.000000
0.000000
0.000000
0.000000
0.000000
0.000000
0.000000
0.000000
0.000000
-1.143264
1.022677
0.718312
0.000000
0.000000
0.000000
0.000000
0.000000
0.000000
-1.262761
0.512478
0.694156
-1.289378
0.691450
0.800447
0.000000
0.000000
0.000000
0.000000
0.000000
0.000000
-1.410814
0.970982
0.662399
-1.437854
0.977776
0.685775
0.000000
0.000000
0.000000
0.000000
0.000000
0.000000
0.000000
0.000000
0.000000
-1.263665
0.901173
0.705997
-1.377993
0.432632
0.855389
-1.170257
0.576374
0.886718
-1.323954
0.443753
0.857742
-1.122995
0.572230
0.908053
0.000000
0.000000
0.000000
0.000000
0.000000
0.000000
0.000000
0.000000
0.000000
-1.171900
0.765833
0.661020
0.000000
0.000000
0.000000
0.000000
0.000000
0.000000
-1.237950
0.685659
0.728104
-1.297328
0.610645
0.800914
-1.293601
0.780650
0.747837
-1.383072
0.877868
0.718318
-1.305379
0.797000
0.747837
-1.359269
1.098642
0.711066
0.000000
0.000000
0.000000
0.000000
0.000000
0.000000
-1.403932
0.965191
0.675909
-1.450824
0.835241
0.579970
0.000000
0.000000
0.000000
0.000000
0.000000
0.000000
-1.239515
0.799313
0.699273
-1.217992
1.209697
0.850776
0.000000
0.000000
0.000000
0.000000
0.000000
0.000000
-1.371707
0.403480
0.795926
-1.378888
0.404456
0.844284
0.000000
0.000000
0.000000
0.000000
0.000000
0.000000
-1.530732
0.771224
0.789797
-1.556110
0.773716
0.792176
0.000000
0.000000
0.000000
0.000000
0.000000
0.000000
-1.176369
0.962589
0.782065
-1.189839
1.185427
0.662187
0.000000
0.000000
0.000000
0.000000
0.000000
0.000000
-1.136713
1.234412
0.703415
-1.363289
0.999359
0.719344
0.000000
0.000000
0.000000
0.000000
0.000000
0.000000
-1.146564
0.987217
0.579851
-1.231864
0.824536
0.711123
0.000000
0.000000
0.000000
0.000000
0.000000
0.000000
-1.285925
0.643531
0.919062
-1.361114
0.747843
0.743964
0.000000
0.000000
0.000000
0.000000
0.000000
0.000000
-1.297353
0.962963
0.694351
-1.347537
0.901707
0.715634
0.000000
0.000000
0.000000
0.000000
0.000000
0.000000
0.000000
0.000000
0.000000
-1.141859
0.793355
0.707462
-1.070644
0.616386
0.965928
-1.088056
0.819028
0.890667
-1.044094
0.599401
0.965928
-1.102908
0.668627
0.900572
0.000000
0.000000
0.000000
0.000000
0.000000
0.000000
0.000000
0.000000
0.000000
-1.432998
0.464249
0.793402
0.000000
0.000000
0.000000
-0.990220
0.730022
0.662608
0.000000
0.000000
0.000000
-0.982387
0.731236
0.662608
0.000000
0.000000
0.000000
0.000000
0.000000
0.000000
-1.069117
0.605703
0.823326
-1.165184
0.698161
0.792507
0.000000
0.000000
0.000000
0.000000
0.000000
0.000000
0.000000
0.000000
0.000000
-1.186094
1.505555
0.632371
0.000000
0.000000
0.000000
0.000000
0.000000
0.000000
0.000000
0.000000
0.000000
-1.117242
0.712674
0.711012
0.000000
0.000000
0.000000
0.000000
0.000000
0.000000
-1.526176
0.649353
0.819348
-1.568173
0.635733
0.820833
0.000000
0.000000
0.000000
0.000000
0.000000
0.000000
-1.655935
0.695745
0.823930
-1.680947
0.691239
0.828398
0.000000
0.000000
0.000000
0.000000
0.000000
0.000000
0.000000
0.000000
0.000000
-1.019400
0.984498
0.850149
-1.181660
0.619280
0.873859
-1.280792
0.467274
0.869719
-1.153709
0.604154
0.873859
-1.258332
0.462410
0.881014
0.000000
0.000000
0.000000
0.000000
0.000000
0.000000
-1.315853
0.812520
0.705868
-1.340372
0.815055
0.638274
0.000000
0.000000
0.000000
0.000000
0.000000
0.000000
-1.206370
0.914139
0.644355
-1.276364
0.864988
0.676331
0.000000
0.000000
0.000000
0.000000
0.000000
0.000000
-1.181064
1.221024
0.461747
-1.223242
1.275659
0.395791
0.000000
0.000000
0.000000
0.000000
0.000000
0.000000
-1.342493
0.644181
0.784141
-1.320219
0.654571
0.753309
0.000000
0.000000
0.000000
0.000000
0.000000
0.000000
0.000000
0.000000
0.000000
-1.188615
0.493205
0.714182
0.000000
0.000000
0.000000
0.000000
0.000000
0.000000
-1.374407
0.550151
0.821718
-1.399504
0.542066
0.846729
0.000000
0.000000
0.000000
0.000000
0.000000
0.000000
-1.362810
0.827628
0.773684
-1.369905
0.780889
0.766689
-1.100038
1.768974
0.711995
-1.283270
1.322363
0.521710
-1.030482
1.816151
0.711995
-1.224416
1.311471
0.513772
0.000000
0.000000
0.000000
0.000000
0.000000
0.000000
0.000000
0.000000
0.000000
-1.354342
0.697533
0.734351
0.000000
0.000000
0.000000
0.000000
0.000000
0.000000
-1.445934
0.432813
0.723277
-1.433772
0.388459
0.880965
-1.323749
0.779588
0.779027
-1.358272
0.722275
0.782912
-1.324400
0.761812
0.791346
-1.350952
0.695883
0.788529
0.000000
0.000000
0.000000
0.000000
0.000000
0.000000
0.000000
0.000000
0.000000
-1.032438
0.776729
0.642107
0.000000
0.000000
0.000000
0.000000
0.000000
0.000000
-1.256490
0.944912
0.691335
-1.309864
0.853828
0.714691
-1.110340
0.650954
0.695114
-1.002567
0.713755
0.785933
-1.099475
0.652711
0.695114
-0.993719
0.706625
0.785933
0.000000
0.000000
0.000000
0.000000
0.000000
0.000000
0.000000
0.000000
0.000000
-1.059396
1.119394
0.688395
0.000000
0.000000
0.000000
0.000000
0.000000
0.000000
-1.335476
0.694836
0.778998
-1.351872
0.738134
0.774602
0.000000
0.000000
0.000000
0.000000
0.000000
0.000000
-1.100799
0.683783
0.865198
-1.172119
0.639021
0.807864
0.000000
0.000000
0.000000
0.000000
0.000000
0.000000
-1.570824
0.556355
0.824096
-1.574212
0.637477
0.845407
0.000000
0.000000
0.000000
0.000000
0.000000
0.000000
-1.474317
0.340300
0.888756
-1.545109
0.305641
0.917602
0.000000
0.000000
0.000000
0.000000
0.000000
0.000000
-1.058772
1.292988
0.574943
-1.145987
0.899637
0.596491
0.000000
0.000000
0.000000
0.000000
0.000000
0.000000
-1.118734
0.585315
0.775395
-1.226764
0.603854
0.858360
0.000000
0.000000
0.000000
0.000000
0.000000
0.000000
-1.260389
0.533571
0.680705
-1.216570
0.546635
0.828684
0.000000
0.000000
0.000000
0.000000
0.000000
0.000000
-1.498904
0.923082
0.719660
-1.538986
0.906130
0.740345
0.000000
0.000000
0.000000
0.000000
0.000000
0.000000
-1.267131
0.326488
1.149724
-1.291038
0.287525
0.973058
0.000000
0.000000
0.000000
0.000000
0.000000
0.000000
-1.321696
0.625025
0.817868
-1.354807
0.623429
0.820794
0.000000
0.000000
0.000000
0.000000
0.000000
0.000000
-1.126437
0.881859
0.677379
-1.171472
1.068708
0.677933
0.000000
0.000000
0.000000
0.000000
0.000000
0.000000
-1.187380
1.415185
0.704292
-1.293773
1.110367
0.663388
0.000000
0.000000
0.000000
0.000000
0.000000
0.000000
-1.488752
0.361946
0.906121
-1.521755
0.386295
0.890523
0.000000
0.000000
0.000000
0.000000
0.000000
0.000000
-1.165393
0.943647
0.731437
-1.231209
0.916345
0.718277
-1.302017
0.705199
0.799590
-1.337823
0.661499
0.795774
-1.311427
0.661032
0.791168
-1.313532
0.671983
0.790898
0.000000
0.000000
0.000000
0.000000
0.000000
0.000000
-1.351578
1.144977
0.574317
-1.379308
1.160946
0.576923
0.000000
0.000000
0.000000
0.000000
0.000000
0.000000
-1.353202
0.843954
0.751782
-1.390499
0.827060
0.757293
0.000000
0.000000
0.000000
0.000000
0.000000
0.000000
-1.397920
0.897685
0.658542
-1.437905
1.002833
0.694587
0.000000
0.000000
0.000000
0.000000
0.000000
0.000000
-1.105376
1.051033
0.724367
-1.219202
0.872240
0.902331
0.000000
0.000000
0.000000
0.000000
0.000000
0.000000
-1.312281
0.703734
0.855309
-1.327040
0.676950
0.753703
-1.315852
0.626919
0.785992
-1.326596
0.692682
0.795029
-1.272193
0.556291
0.816106
-1.249646
0.627942
0.810327
0.000000
0.000000
0.000000
0.000000
0.000000
0.000000
-1.309751
1.027001
0.621462
-1.348732
0.848178
0.651200
0.000000
0.000000
0.000000
0.000000
0.000000
0.000000
0.000000
0.000000
0.000000
-1.230637
1.560921
0.746897
0.000000
0.000000
0.000000
0.000000
0.000000
0.000000
-1.250543
0.576647
0.872142
-1.064064
0.900259
0.759306
0.000000
0.000000
0.000000
0.000000
0.000000
0.000000
-1.208117
0.723824
0.714899
-1.244551
0.810202
0.745184
0.000000
0.000000
0.000000
0.000000
0.000000
0.000000
-1.154403
0.638695
0.826098
-1.061893
0.924338
0.765530
0.000000
0.000000
0.000000
0.000000
0.000000
0.000000
-1.203128
0.514361
0.818170
-1.260405
0.460817
0.857603
0.000000
0.000000
0.000000
0.000000
0.000000
0.000000
-1.322475
0.952872
0.829413
-1.372388
0.679892
0.830220
0.000000
0.000000
0.000000
0.000000
0.000000
0.000000
0.000000
0.000000
0.000000
-1.214142
0.556606
0.723028
0.000000
0.000000
0.000000
0.000000
0.000000
0.000000
0.000000
0.000000
0.000000
-1.088863
0.643085
0.787774
-1.308413
0.887919
0.734756
-1.394646
0.844837
0.752854
-1.257263
0.869655
0.738959
-1.321495
0.815981
0.755278
0.000000
0.000000
0.000000
0.000000
0.000000
0.000000
-1.265877
0.911715
0.800019
-1.340977
0.816083
0.705730
0.000000
0.000000
0.000000
0.000000
0.000000
0.000000
-1.212064
0.689100
0.707692
-1.239970
0.818492
0.838380
0.000000
0.000000
0.000000
0.000000
0.000000
0.000000
0.000000
0.000000
0.000000
-0.988098
0.992088
0.697568
0.000000
0.000000
0.000000
0.000000
0.000000
0.000000
0.000000
0.000000
0.000000
-1.214959
0.779899
0.659582
0.000000
0.000000
0.000000
0.000000
0.000000
0.000000
0.000000
0.000000
0.000000
-1.350975
0.628085
0.667317
0.000000
0.000000
0.000000
0.000000
0.000000
0.000000
-1.155949
0.585191
0.791724
-1.133101
0.811349
0.799227
0.000000
0.000000
0.000000
0.000000
0.000000
0.000000
-1.528901
0.409792
0.878120
-1.548839
0.422285
0.878943
0.000000
0.000000
0.000000
0.000000
0.000000
0.000000
0.000000
0.000000
0.000000
-1.086914
0.706113
0.622600
0.000000
0.000000
0.000000
0.000000
0.000000
0.000000
0.000000
0.000000
0.000000
-1.275423
1.070575
0.856730
0.000000
0.000000
0.000000
0.000000
0.000000
0.000000
-1.186227
0.807811
0.746080
-1.377922
0.569113
0.895871
0.000000
0.000000
0.000000
0.000000
0.000000
0.000000
0.000000
0.000000
0.000000
-1.079976
1.053147
0.604000
0.000000
0.000000
0.000000
0.000000
0.000000
0.000000
-1.295467
0.560037
0.831097
-1.322780
0.592747
0.826157
0.000000
0.000000
0.000000
0.000000
0.000000
0.000000
-1.156486
0.705419
0.722094
-1.188868
0.858116
0.707003
0.000000
0.000000
0.000000
0.000000
0.000000
0.000000
-1.101930
0.960751
0.527557
-1.205890
1.019523
0.615577
0.000000
0.000000
0.000000
0.000000
0.000000
0.000000
-1.196041
0.928984
0.693241
-1.250939
0.845230
0.726791
0.000000
0.000000
0.000000
0.000000
0.000000
0.000000
-1.490079
0.573736
0.840392
-1.515390
0.581384
0.837450
0.000000
0.000000
0.000000
0.000000
0.000000
0.000000
0.000000
0.000000
0.000000
-1.214763
0.678263
0.668317
0.000000
0.000000
0.000000
0.000000
0.000000
0.000000
-1.507211
0.884807
0.748388
-1.523501
0.875336
0.749554
0.000000
0.000000
0.000000
0.000000
0.000000
0.000000
-1.082528
0.708215
0.804781
-1.327608
0.506138
0.863068
0.000000
0.000000
0.000000
0.000000
0.000000
0.000000
-1.244095
0.857379
0.784695
-1.367922
0.725086
0.868369
0.000000
0.000000
0.000000
0.000000
0.000000
0.000000
-1.211249
1.150669
0.741372
-1.244958
1.057271
0.650352
0.000000
0.000000
0.000000
0.000000
0.000000
0.000000
0.000000
0.000000
0.000000
-1.406715
0.589552
0.593497
0.000000
0.000000
0.000000
0.000000
0.000000
0.000000
-1.028722
1.023839
0.693819
-1.007759
1.041986
0.619313
0.000000
0.000000
0.000000
0.000000
0.000000
0.000000
-1.170879
0.486023
0.825634
-1.045228
0.614968
0.840190
0.000000
0.000000
0.000000
0.000000
0.000000
0.000000
-1.347463
0.779505
0.694404
-1.326935
0.852091
0.717553
0.000000
0.000000
0.000000
0.000000
0.000000
0.000000
-1.346829
0.899191
0.812565
-1.387568
0.987599
0.793402
0.000000
0.000000
0.000000
0.000000
0.000000
0.000000
-1.309595
1.365310
0.651624
-1.382020
1.220113
0.568902
0.000000
0.000000
0.000000
0.000000
0.000000
0.000000
-1.243465
0.431999
0.933904
-1.398218
0.376978
0.905782
0.000000
0.000000
0.000000
0.000000
0.000000
0.000000
-1.412797
0.639261
0.816034
-1.471382
0.562785
0.844529
0.000000
0.000000
0.000000
0.000000
0.000000
0.000000
-1.044431
0.982864
0.694256
-1.104058
0.934152
0.635385
0.000000
0.000000
0.000000
0.000000
0.000000
0.000000
-1.207458
0.660939
0.806894
-1.302148
0.638349
0.814993
0.000000
0.000000
0.000000
0.000000
0.000000
0.000000
-1.629049
0.661209
0.816172
-1.652204
0.632926
0.831325
0.000000
0.000000
0.000000
0.000000
0.000000
0.000000
-1.186387
0.670188
0.781367
-1.270524
0.664346
0.799790
0.000000
0.000000
0.000000
0.000000
0.000000
0.000000
0.000000
0.000000
0.000000
-1.246646
1.061308
0.793213
0.000000
0.000000
0.000000
0.000000
0.000000
0.000000
0.000000
0.000000
0.000000
-1.117062
1.266695
0.788368
0.000000
0.000000
0.000000
0.000000
0.000000
0.000000
-1.380147
1.032602
0.701931
-1.395062
1.058250
0.675999
-1.278461
0.653523
0.793178
-1.254491
0.660835
0.766288
-1.266864
0.650421
0.793178
-1.228988
0.658090
0.767833
0.000000
0.000000
0.000000
0.000000
0.000000
0.000000
-1.397235
0.810309
0.748785
-1.440457
0.831753
0.760006
0.000000
0.000000
0.000000
0.000000
0.000000
0.000000
-1.468828
0.485387
0.840849
-1.472443
0.520863
0.855422
0.000000
0.000000
0.000000
0.000000
0.000000
0.000000
0.000000
0.000000
0.000000
-1.137206
0.533126
0.717184
-1.243695
0.759373
0.822608
-1.301950
0.811215
0.769981
-1.107751
0.788738
0.828287
-1.181420
0.779650
0.772033
0.000000
0.000000
0.000000
0.000000
0.000000
0.000000
-1.215428
0.619765
0.721012
-1.263904
0.495500
0.853744
0.000000
0.000000
0.000000
0.000000
0.000000
0.000000
-1.211531
0.626651
0.825372
-1.191357
0.711859
0.754648
0.000000
0.000000
0.000000
0.000000
0.000000
0.000000
0.000000
0.000000
0.000000
-1.356609
0.901561
0.623869
0.000000
0.000000
0.000000
0.000000
0.000000
0.000000
0.000000
0.000000
0.000000
-1.184607
0.535385
0.661332
0.000000
0.000000
0.000000
0.000000
0.000000
0.000000
-1.079068
0.845095
0.837952
-1.208314
0.691002
0.794004
0.000000
0.000000
0.000000
0.000000
0.000000
0.000000
-1.605329
0.459371
0.743888
-1.687378
0.422744
0.930597
0.000000
0.000000
0.000000
0.000000
0.000000
0.000000
-1.089115
0.767945
0.723831
-1.252931
0.556689
0.787811
0.000000
0.000000
0.000000
0.000000
0.000000
0.000000
-1.215379
0.552826
0.834120
-1.392242
0.479140
0.923587
0.000000
0.000000
0.000000
0.000000
0.000000
0.000000
-1.445483
0.704106
0.813344
-1.488867
0.700876
0.836494
0.000000
0.000000
0.000000
0.000000
0.000000
0.000000
-1.241192
0.753304
0.774097
-1.273847
0.763423
0.792498
0.000000
0.000000
0.000000
0.000000
0.000000
0.000000
-1.113895
1.097294
0.525342
-1.090357
1.046519
0.565227
0.000000
0.000000
0.000000
0.000000
0.000000
0.000000
-1.193290
0.755968
0.908070
-1.331964
0.680558
0.841988
0.000000
0.000000
0.000000
0.000000
0.000000
0.000000
0.000000
0.000000
0.000000
-1.266016
0.675538
0.597046
0.000000
0.000000
0.000000
0.000000
0.000000
0.000000
-1.097084
0.984391
0.759911
-1.139921
1.097654
0.624280
0.000000
0.000000
0.000000
0.000000
0.000000
0.000000
-1.363988
0.456800
0.910560
-1.292408
0.638339
0.876326
0.000000
0.000000
0.000000
0.000000
0.000000
0.000000
-1.128344
1.016239
0.664181
-1.151226
1.066399
0.646435
-1.403402
0.522077
0.880882
-1.286012
0.610834
0.788839
-1.388770
0.528477
0.880882
-1.304174
0.649720
0.780516
0.000000
0.000000
0.000000
0.000000
0.000000
0.000000
-1.088304
0.545334
0.708841
-1.079154
0.552158
0.945295
0.000000
0.000000
0.000000
0.000000
0.000000
0.000000
-1.104385
1.050892
0.812849
-1.189359
1.038247
0.696475
-1.577313
0.422476
0.888167
-1.528784
0.466380
0.842280
-1.527853
0.419374
0.885733
-1.499183
0.460672
0.841395
-1.458062
0.278561
0.884606
-1.523904
0.275449
0.890115
-1.377052
0.284933
0.877910
-1.430770
0.280321
0.884522
0.000000
0.000000
0.000000
0.000000
0.000000
0.000000
-1.381458
0.588286
0.934355
-1.432082
0.498728
0.921100
0.000000
0.000000
0.000000
0.000000
0.000000
0.000000
-1.187721
0.595461
0.801765
-1.151914
0.570128
0.837341
0.000000
0.000000
0.000000
0.000000
0.000000
0.000000
0.000000
0.000000
0.000000
-1.297226
0.602934
0.724817
0.000000
0.000000
0.000000
0.000000
0.000000
0.000000
-1.156059
0.468603
0.795670
-1.236287
0.399336
1.000559
0.000000
0.000000
0.000000
0.000000
0.000000
0.000000
-1.108207
1.265346
0.727510
-1.224486
0.932508
0.690425
0.000000
0.000000
0.000000
0.000000
0.000000
0.000000
-1.190336
0.804475
0.735954
-1.242993
1.056654
0.660947
0.000000
0.000000
0.000000
0.000000
0.000000
0.000000
-1.321557
0.437180
0.804037
-1.262229
0.533729
0.964974
0.000000
0.000000
0.000000
0.000000
0.000000
0.000000
-1.307685
0.627817
0.799372
-1.365242
0.543630
0.802078
0.000000
0.000000
0.000000
0.000000
0.000000
0.000000
-1.581962
0.386311
0.640424
-1.524586
0.448387
1.063965
0.000000
0.000000
0.000000
0.000000
0.000000
0.000000
0.000000
0.000000
0.000000
-1.078176
1.059812
0.623835
0.000000
0.000000
0.000000
0.000000
0.000000
0.000000
0.000000
0.000000
0.000000
-1.210215
0.542576
0.682142
0.000000
0.000000
0.000000
0.000000
0.000000
0.000000
0.000000
0.000000
0.000000
-1.162504
0.520511
0.937359
0.000000
0.000000
0.000000
0.000000
0.000000
0.000000
-1.315241
0.881433
0.708029
-1.371639
0.907043
0.713448
0.000000
0.000000
0.000000
0.000000
0.000000
0.000000
-1.235072
0.508524
0.731987
-1.215130
0.471044
0.794866
0.000000
0.000000
0.000000
0.000000
0.000000
0.000000
-1.240385
0.661357
0.737817
-1.367336
0.475968
0.833723
0.000000
0.000000
0.000000
0.000000
0.000000
0.000000
0.000000
0.000000
0.000000
-1.284940
0.514827
0.630757
0.000000
0.000000
0.000000
0.000000
0.000000
0.000000
-1.350036
1.019796
0.733283
-1.375047
1.033726
0.675622
0.000000
0.000000
0.000000
0.000000
0.000000
0.000000
-1.294495
0.555575
0.677061
-1.304715
0.537157
0.927583
0.000000
0.000000
0.000000
0.000000
0.000000
0.000000
-1.385455
0.696015
0.762893
-1.442871
0.662457
0.780565
0.000000
0.000000
0.000000
0.000000
0.000000
0.000000
-1.060171
0.849532
0.728023
-1.109769
0.943756
0.719526
0.000000
0.000000
0.000000
0.000000
0.000000
0.000000
0.000000
0.000000
0.000000
-1.267935
0.661813
0.697328
0.000000
0.000000
0.000000
0.000000
0.000000
0.000000
0.000000
0.000000
0.000000
-1.281314
0.509587
0.759607
0.000000
0.000000
0.000000
0.000000
0.000000
0.000000
-1.354723
0.484912
0.780312
-1.435317
0.476810
0.876409
0.000000
0.000000
0.000000
0.000000
0.000000
0.000000
-1.358240
0.615858
0.738398
-1.339122
0.603596
0.860934
0.000000
0.000000
0.000000
0.000000
0.000000
0.000000
-1.248797
0.430534
0.847755
-1.209824
0.424587
0.857383
0.000000
0.000000
0.000000
0.000000
0.000000
0.000000
-1.250435
0.863751
0.798257
-1.231295
0.916321
0.774378
0.000000
0.000000
0.000000
0.000000
0.000000
0.000000
0.000000
0.000000
0.000000
-1.083912
0.594338
0.658567
0.000000
0.000000
0.000000
0.000000
0.000000
0.000000
-1.147089
1.040782
0.715599
-1.295146
1.016584
0.628782
0.000000
0.000000
0.000000
0.000000
0.000000
0.000000
0.000000
0.000000
0.000000
-1.014223
1.071258
0.848078
0.000000
0.000000
0.000000
0.000000
0.000000
0.000000
-1.344780
0.613054
0.660887
-1.290483
0.665421
0.810524
0.000000
0.000000
0.000000
0.000000
0.000000
0.000000
0.000000
0.000000
0.000000
-1.012502
1.353672
0.846920
0.000000
0.000000
0.000000
0.000000
0.000000
0.000000
-1.035471
1.001120
0.745318
-1.177208
0.901602
0.682114
0.000000
0.000000
0.000000
0.000000
0.000000
0.000000
-1.544181
0.539706
0.855344
-1.578809
0.522545
0.849739
0.000000
0.000000
0.000000
0.000000
0.000000
0.000000
-1.249156
0.854121
0.773089
-1.301195
0.789017
0.781812
0.000000
0.000000
0.000000
0.000000
0.000000
0.000000
-1.133903
0.835901
0.842789
-1.248621
0.666588
0.728840
0.000000
0.000000
0.000000
0.000000
0.000000
0.000000
0.000000
0.000000
0.000000
-1.257454
0.454750
0.771230
0.000000
0.000000
0.000000
0.000000
0.000000
0.000000
-1.208189
0.716620
0.652028
-1.223357
0.769280
0.716254
0.000000
0.000000
0.000000
0.000000
0.000000
0.000000
0.000000
0.000000
0.000000
-0.994899
1.216044
0.998816
0.000000
0.000000
0.000000
0.000000
0.000000
0.000000
-1.314624
0.834855
0.764211
-1.362195
0.770845
0.779039
0.000000
0.000000
0.000000
0.000000
0.000000
0.000000
0.000000
0.000000
0.000000
-1.447666
0.529334
0.834480
0.000000
0.000000
0.000000
0.000000
0.000000
0.000000
-1.174117
0.523442
0.711453
-1.327028
0.436027
0.865970
0.000000
0.000000
0.000000
0.000000
0.000000
0.000000
-1.155631
0.761187
0.748814
-1.169236
0.815281
0.722917
0.000000
0.000000
0.000000
0.000000
0.000000
0.000000
0.000000
0.000000
0.000000
-1.253415
1.200200
0.908599
0.000000
0.000000
0.000000
0.000000
0.000000
0.000000
-1.246546
0.931603
0.681522
-1.333374
0.828757
0.720688
0.000000
0.000000
0.000000
0.000000
0.000000
0.000000
-1.347138
0.975128
0.777658
-1.394635
1.080069
0.715300
0.000000
0.000000
0.000000
0.000000
0.000000
0.000000
-1.485532
0.418868
0.914535
-1.457827
0.379404
0.887652
0.000000
0.000000
0.000000
0.000000
0.000000
0.000000
-1.366052
0.523359
0.830937
-1.460479
0.539797
0.860521
0.000000
0.000000
0.000000
0.000000
0.000000
0.000000
-1.037084
1.105573
0.821919
-1.135480
0.878921
0.736860
0.000000
0.000000
0.000000
0.000000
0.000000
0.000000
-1.375954
0.859012
0.746651
-1.413305
0.859282
0.746375
-1.213392
0.663981
0.719447
-1.069074
0.885522
0.696986
-1.188786
0.651884
0.720852
-1.039523
0.869030
0.697044
0.000000
0.000000
0.000000
0.000000
0.000000
0.000000
-1.261782
0.459191
0.623959
-1.215360
0.450509
0.877513
0.000000
0.000000
0.000000
0.000000
0.000000
0.000000
-1.162996
0.614601
0.658198
-1.158962
0.719857
0.759355
0.000000
0.000000
0.000000
0.000000
0.000000
0.000000
0.000000
0.000000
0.000000
-1.100527
0.978493
0.669415
0.000000
0.000000
0.000000
0.000000
0.000000
0.000000
0.000000
0.000000
0.000000
-1.107144
0.785602
0.888884
0.000000
0.000000
0.000000
0.000000
0.000000
0.000000
0.000000
0.000000
0.000000
-1.218530
0.730396
0.803544
-1.531536
0.752538
0.798307
-1.553534
0.776364
0.798712
-1.405290
0.824924
0.762254
-1.415107
0.841149
0.760978
0.000000
0.000000
0.000000
0.000000
0.000000
0.000000
-1.083209
1.205979
0.781893
-1.312139
0.901868
0.752315
0.000000
0.000000
0.000000
0.000000
0.000000
0.000000
-1.193695
0.659474
0.761543
-1.301425
0.758292
0.813414
0.000000
0.000000
0.000000
0.000000
0.000000
0.000000
-1.125733
0.776604
0.788742
-1.166700
0.772015
0.821542
0.000000
0.000000
0.000000
0.000000
0.000000
0.000000
-1.271709
0.504645
0.649132
-1.468804
0.432632
0.954701
0.000000
0.000000
0.000000
0.000000
0.000000
0.000000
-1.244607
0.459894
0.918619
-1.306145
0.476645
0.855943
0.000000
0.000000
0.000000
0.000000
0.000000
0.000000
-1.324404
0.972561
0.699299
-1.192125
1.249087
0.696848
0.000000
0.000000
0.000000
0.000000
0.000000
0.000000
-1.229194
0.589735
0.792055
-1.316025
0.538223
0.839339
0.000000
0.000000
0.000000
0.000000
0.000000
0.000000
-1.419133
0.905456
0.722596
-1.444441
0.883361
0.737811
0.000000
0.000000
0.000000
-1.267373
0.478457
0.680176
0.000000
0.000000
0.000000
-1.293353
0.486540
0.680176
0.000000
0.000000
0.000000
0.000000
0.000000
0.000000
-1.398757
0.425165
0.700129
-1.329806
0.428100
1.065277
0.000000
0.000000
0.000000
0.000000
0.000000
0.000000
-1.333104
0.665704
0.749303
-1.305754
0.640475
0.798490
0.000000
0.000000
0.000000
0.000000
0.000000
0.000000
-1.132903
0.958710
0.805645
-1.250221
0.778223
0.685729
0.000000
0.000000
0.000000
0.000000
0.000000
0.000000
-1.510053
0.541925
0.849794
-1.556617
0.503778
0.858433
0.000000
0.000000
0.000000
0.000000
0.000000
0.000000
-1.345763
0.569123
0.820916
-1.456165
0.483213
0.881193
0.000000
0.000000
0.000000
0.000000
0.000000
0.000000
-1.158546
0.959593
0.647305
-1.185555
0.986596
0.682224
0.000000
0.000000
0.000000
0.000000
0.000000
0.000000
-0.956802
0.635747
0.872589
-1.038499
0.587322
0.861228
0.000000
0.000000
0.000000
0.000000
0.000000
0.000000
-1.300236
0.766451
0.790910
-1.342066
0.713705
0.803896
0.000000
0.000000
0.000000
0.000000
0.000000
0.000000
-0.951354
1.416212
0.826969
-1.105914
0.912273
0.683381
0.000000
0.000000
0.000000
-1.146209
0.946401
0.765315
0.000000
0.000000
0.000000
-1.147440
0.950545
0.765315
0.000000
0.000000
0.000000
0.000000
0.000000
0.000000
0.000000
0.000000
0.000000
-1.162013
0.742826
0.843730
0.000000
0.000000
0.000000
0.000000
0.000000
0.000000
0.000000
0.000000
0.000000
-1.386839
0.629128
0.628229
0.000000
0.000000
0.000000
0.000000
0.000000
0.000000
0.000000
0.000000
0.000000
-1.162191
0.986033
0.672783
0.000000
0.000000
0.000000
0.000000
0.000000
0.000000
-1.281463
0.804272
0.659626
-1.309180
0.853149
0.708200
0.000000
0.000000
0.000000
0.000000
0.000000
0.000000
-1.392084
0.706859
0.827341
-1.420315
0.766846
0.784691
0.000000
0.000000
0.000000
0.000000
0.000000
0.000000
0.000000
0.000000
0.000000
-1.233585
0.867284
0.725316
-1.213446
0.835926
0.803125
-1.268110
0.776828
0.813324
-1.129815
0.903718
0.796744
-1.194912
0.842302
0.781163
0.000000
0.000000
0.000000
0.000000
0.000000
0.000000
-1.317880
0.549493
1.073942
-1.311977
0.700510
0.911596
0.000000
0.000000
0.000000
0.000000
0.000000
0.000000
-1.329376
0.742031
0.775461
-1.362350
0.802244
0.773462
0.000000
0.000000
0.000000
0.000000
0.000000
0.000000
0.000000
0.000000
0.000000
-1.213080
0.804668
0.817926
0.000000
0.000000
0.000000
0.000000
0.000000
0.000000
-1.113089
0.868060
0.742613
-1.171914
0.915401
0.786384
0.000000
0.000000
0.000000
0.000000
0.000000
0.000000
-1.437306
0.534205
0.830664
-1.452195
0.592120
0.847985
0.000000
0.000000
0.000000
0.000000
0.000000
0.000000
0.000000
0.000000
0.000000
-1.018731
0.903231
0.770002
-1.488124
0.917665
0.750598
-1.530090
0.893588
0.758112
-1.448801
1.167353
0.706636
-1.499963
1.066908
0.709294
0.000000
0.000000
0.000000
0.000000
0.000000
0.000000
-1.289745
0.693624
0.764296
-1.330273
0.783727
0.811124
0.000000
0.000000
0.000000
0.000000
0.000000
0.000000
-1.188619
0.671195
1.089232
-1.166479
0.602675
0.934686
0.000000
0.000000
0.000000
0.000000
0.000000
0.000000
-1.255236
0.889210
0.653085
-1.259102
0.869116
0.708136
0.000000
0.000000
0.000000
0.000000
0.000000
0.000000
0.000000
0.000000
0.000000
-1.436802
0.315643
0.723437
0.000000
0.000000
0.000000
0.000000
0.000000
0.000000
-1.350916
1.005516
0.696622
-1.388257
0.965056
0.694739
0.000000
0.000000
0.000000
0.000000
0.000000
0.000000
-1.157161
0.696399
0.733630
-1.294732
0.631730
0.769231
0.000000
0.000000
0.000000
0.000000
0.000000
0.000000
-1.312844
0.427233
0.876196
-1.367708
0.382278
0.875486
0.000000
0.000000
0.000000
0.000000
0.000000
0.000000
0.000000
0.000000
0.000000
-1.177948
1.082647
1.032690
0.000000
0.000000
0.000000
0.000000
0.000000
0.000000
-1.299138
0.769633
0.788032
-1.388182
0.729750
0.777432
0.000000
0.000000
0.000000
0.000000
0.000000
0.000000
-1.121279
0.877196
0.614904
-1.204442
0.833423
0.666024
0.000000
0.000000
0.000000
0.000000
0.000000
0.000000
-1.168478
0.720562
0.734409
-1.210004
0.677169
0.773703
0.000000
0.000000
0.000000
0.000000
0.000000
0.000000
-1.453599
0.521290
0.962841
-1.601097
0.453611
0.859971
0.000000
0.000000
0.000000
0.000000
0.000000
0.000000
0.000000
0.000000
0.000000
-0.995942
1.009165
0.639062
0.000000
0.000000
0.000000
0.000000
0.000000
0.000000
0.000000
0.000000
0.000000
-1.060140
0.842992
0.587977
0.000000
0.000000
0.000000
0.000000
0.000000
0.000000
-1.106069
1.208947
0.668580
-1.202188
1.037201
0.799297
0.000000
0.000000
0.000000
0.000000
0.000000
0.000000
-1.722138
1.198380
0.632017
-1.741484
1.148105
0.647475
0.000000
0.000000
0.000000
0.000000
0.000000
0.000000
-1.412474
0.996650
0.722868
-1.461548
0.893128
0.748845
0.000000
0.000000
0.000000
0.000000
0.000000
0.000000
0.000000
0.000000
0.000000
-1.168414
0.481823
0.843785
0.000000
0.000000
0.000000
0.000000
0.000000
0.000000
0.000000
0.000000
0.000000
-1.377209
0.725129
0.724943
-1.334181
0.607619
0.821964
-1.329125
0.612547
0.836529
-1.330891
0.574866
0.827506
-1.307252
0.596252
0.857975
0.000000
0.000000
0.000000
0.000000
0.000000
0.000000
0.000000
0.000000
0.000000
-1.438202
0.577383
0.660180
0.000000
0.000000
0.000000
0.000000
0.000000
0.000000
-1.375873
0.603092
0.854789
-1.413034
0.574878
0.848428
0.000000
0.000000
0.000000
0.000000
0.000000
0.000000
-1.099259
0.734439
0.774878
-1.160047
0.736649
0.756476
0.000000
0.000000
0.000000
0.000000
0.000000
0.000000
-1.036161
0.779624
0.864983
-1.124354
0.761649
0.834124
0.000000
0.000000
0.000000
0.000000
0.000000
0.000000
-1.516829
1.142117
0.663636
-1.523525
1.140265
0.623268
0.000000
0.000000
0.000000
0.000000
0.000000
0.000000
-1.122484
1.367968
0.634337
-1.209977
1.184733
0.706464
0.000000
0.000000
0.000000
0.000000
0.000000
0.000000
-1.263929
0.979854
0.642089
-1.293837
0.999256
0.654607
0.000000
0.000000
0.000000
0.000000
0.000000
0.000000
-1.243986
0.539488
0.752410
-1.393617
0.499799
0.880871
0.000000
0.000000
0.000000
0.000000
0.000000
0.000000
-1.252625
0.905427
0.729646
-1.306509
0.946014
0.703648
-1.437302
0.988791
0.828146
-1.546668
0.839312
0.813825
-1.403431
0.814343
0.825910
-1.459332
0.835466
0.805467
0.000000
0.000000
0.000000
0.000000
0.000000
0.000000
0.000000
0.000000
0.000000
-1.269920
0.710414
0.659488
0.000000
0.000000
0.000000
0.000000
0.000000
0.000000
-1.134348
1.203834
0.649017
-1.327522
0.750719
0.761331
-1.244442
0.970761
0.754671
-1.286832
0.945728
0.690500
-1.248455
0.984377
0.805901
-1.278276
0.942722
0.703375
0.000000
0.000000
0.000000
0.000000
0.000000
0.000000
-1.278219
0.987442
0.619608
-1.347113
0.954166
0.671554
0.000000
0.000000
0.000000
-1.288870
0.468357
0.799474
0.000000
0.000000
0.000000
-1.294028
0.471401
0.797911
0.000000
0.000000
0.000000
0.000000
0.000000
0.000000
-1.136970
0.941983
0.798911
-1.259230
0.663379
0.783991
0.000000
0.000000
0.000000
0.000000
0.000000
0.000000
-1.142117
0.787062
0.783035
-1.272598
0.686158
0.805611
0.000000
0.000000
0.000000
0.000000
0.000000
0.000000
-1.141418
0.808589
0.686869
-1.213959
0.770724
0.746840
0.000000
0.000000
0.000000
0.000000
0.000000
0.000000
-1.239749
0.677618
0.712374
-1.211856
1.016965
0.740846
0.000000
0.000000
0.000000
0.000000
0.000000
0.000000
0.000000
0.000000
0.000000
-1.119465
0.668328
0.775615
0.000000
0.000000
0.000000
0.000000
0.000000
0.000000
-1.360223
0.689414
0.701724
-1.307943
0.713577
0.759952
0.000000
0.000000
0.000000
0.000000
0.000000
0.000000
-1.369048
0.455131
0.875623
-1.356961
0.605755
0.875844
0.000000
0.000000
0.000000
0.000000
0.000000
0.000000
-1.395368
0.746788
0.633841
-1.335431
0.941305
0.764028
0.000000
0.000000
0.000000
0.000000
0.000000
0.000000
0.000000
0.000000
0.000000
-1.286707
0.746663
1.140321
0.000000
0.000000
0.000000
0.000000
0.000000
0.000000
0.000000
0.000000
0.000000
-1.124306
0.612289
0.814084
0.000000
0.000000
0.000000
0.000000
0.000000
0.000000
-1.262259
1.462775
0.768666
-1.285370
1.420430
0.769469
0.000000
0.000000
0.000000
0.000000
0.000000
0.000000
-1.028227
0.852727
0.648512
-1.131339
0.862229
0.726222
0.000000
0.000000
0.000000
0.000000
0.000000
0.000000
-1.447499
0.596763
0.812003
-1.387254
0.924274
0.819023
0.000000
0.000000
0.000000
0.000000
0.000000
0.000000
-1.210272
0.695060
0.776624
-1.122449
0.912654
0.711850
0.000000
0.000000
0.000000
0.000000
0.000000
0.000000
-1.322211
0.747499
0.783708
-1.387072
0.677737
0.806461
0.000000
0.000000
0.000000
0.000000
0.000000
0.000000
0.000000
0.000000
0.000000
-1.258703
0.711715
0.762111
-1.271862
1.093526
0.590872
-1.321435
1.052668
0.610213
-1.207938
1.028708
0.621112
-1.249284
0.995208
0.637787
0.000000
0.000000
0.000000
0.000000
0.000000
0.000000
0.000000
0.000000
0.000000
-1.447293
0.565773
0.770897
0.000000
0.000000
0.000000
0.000000
0.000000
0.000000
-1.211094
0.908619
0.709788
-1.252429
0.911145
0.699578
0.000000
0.000000
0.000000
0.000000
0.000000
0.000000
-1.488069
0.425512
0.881396
-1.530091
0.430169
0.869698
-1.153348
0.963080
0.815584
-1.172589
0.805273
0.820303
-1.123001
0.973451
0.815584
-1.137240
0.790605
0.820303
0.000000
0.000000
0.000000
0.000000
0.000000
0.000000
-1.394309
0.827099
0.829547
-1.452120
0.857943
0.780266
0.000000
0.000000
0.000000
0.000000
0.000000
0.000000
-1.095969
0.961230
0.561043
-1.105548
1.155354
0.469047
0.000000
0.000000
0.000000
0.000000
0.000000
0.000000
-1.296997
1.001808
0.717815
-1.258454
1.101585
0.619154
0.000000
0.000000
0.000000
-1.271526
0.852459
0.686537
0.000000
0.000000
0.000000
-1.272159
0.852567
0.686537
0.000000
0.000000
0.000000
0.000000
0.000000
0.000000
-1.082341
1.052247
0.714196
-1.063977
1.254614
0.549715
0.000000
0.000000
0.000000
0.000000
0.000000
0.000000
0.000000
0.000000
0.000000
-1.322784
0.773056
0.747309
0.000000
0.000000
0.000000
0.000000
0.000000
0.000000
-1.319629
0.656324
0.791723
-1.330918
0.696128
0.799685
0.000000
0.000000
0.000000
0.000000
0.000000
0.000000
0.000000
0.000000
0.000000
-1.305950
0.553125
0.731752
-0.929435
0.902365
0.730849
-1.057830
0.952538
0.714643
-0.898884
0.917539
0.730849
-1.038436
0.924445
0.714643
0.000000
0.000000
0.000000
0.000000
0.000000
0.000000
-1.308479
0.871428
0.787489
-1.360271
0.756862
0.706700
0.000000
0.000000
0.000000
0.000000
0.000000
0.000000
-1.240089
0.740128
0.633013
-1.182332
1.127954
0.762821
0.000000
0.000000
0.000000
0.000000
0.000000
0.000000
-1.299919
0.687689
0.816546
-1.321411
0.665701
0.774126
0.000000
0.000000
0.000000
0.000000
0.000000
0.000000
-1.217176
1.165758
0.750407
-1.344006
0.898622
0.658150
0.000000
0.000000
0.000000
0.000000
0.000000
0.000000
-1.489490
0.657007
0.850626
-1.502421
0.709715
0.801721
0.000000
0.000000
0.000000
0.000000
0.000000
0.000000
-1.067501
0.971381
0.613363
-1.148071
0.907637
0.639424
0.000000
0.000000
0.000000
0.000000
0.000000
0.000000
-1.419353
0.745032
0.778157
-1.435194
0.903685
0.729924
0.000000
0.000000
0.000000
0.000000
0.000000
0.000000
-1.489493
0.301581
0.873103
-1.545285
0.239615
0.903140
0.000000
0.000000
0.000000
0.000000
0.000000
0.000000
-1.299559
0.861117
0.946959
-1.376409
0.797851
0.807407
0.000000
0.000000
0.000000
0.000000
0.000000
0.000000
-1.381280
1.117238
0.525341
-1.418167
1.280698
0.509960
0.000000
0.000000
0.000000
0.000000
0.000000
0.000000
-1.149299
1.169517
0.600645
-1.246675
0.905146
0.636711
0.000000
0.000000
0.000000
0.000000
0.000000
0.000000
-1.233038
0.761782
0.677610
-1.359815
0.590222
0.792199
0.000000
0.000000
0.000000
0.000000
0.000000
0.000000
-1.615015
0.463660
0.869139
-1.657591
0.452749
0.883490
0.000000
0.000000
0.000000
0.000000
0.000000
0.000000
0.000000
0.000000
0.000000
-1.223142
0.462242
0.720123
0.000000
0.000000
0.000000
0.000000
0.000000
0.000000
0.000000
0.000000
0.000000
-0.952095
0.830649
0.620281
0.000000
0.000000
0.000000
0.000000
0.000000
0.000000
-1.375654
0.969908
0.653968
-1.392837
1.020507
0.657025
0.000000
0.000000
0.000000
0.000000
0.000000
0.000000
-1.532222
0.931244
0.677908
-1.617185
0.897528
0.724346
0.000000
0.000000
0.000000
0.000000
0.000000
0.000000
-1.292589
0.608887
0.869617
-1.339360
0.548050
0.845828
0.000000
0.000000
0.000000
0.000000
0.000000
0.000000
-1.172725
0.667625
0.724038
-1.203538
0.687424
0.778236
0.000000
0.000000
0.000000
0.000000
0.000000
0.000000
-1.500682
1.045832
0.674242
-1.491189
1.075414
0.663085
0.000000
0.000000
0.000000
0.000000
0.000000
0.000000
-1.483377
0.682135
0.817959
-1.511471
0.645020
0.841329
0.000000
0.000000
0.000000
0.000000
0.000000
0.000000
-1.241474
0.457781
0.652038
-1.390852
0.321063
1.030330
0.000000
0.000000
0.000000
0.000000
0.000000
0.000000
-1.068399
0.689738
0.654755
-1.060852
0.656561
0.705210
0.000000
0.000000
0.000000
0.000000
0.000000
0.000000
-1.047811
1.230657
0.712055
-1.266621
1.037696
0.669296
0.000000
0.000000
0.000000
0.000000
0.000000
0.000000
-1.138216
1.064483
0.718360
-1.288447
0.829771
0.776163
-1.128675
0.876865
0.639287
-1.148597
0.823358
0.667488
-1.063129
0.863607
0.625307
-1.081181
0.783896
0.670433
0.000000
0.000000
0.000000
0.000000
0.000000
0.000000
-1.369108
0.810765
0.745913
-1.480022
0.604757
0.784354
0.000000
0.000000
0.000000
0.000000
0.000000
0.000000
-1.445358
0.682782
0.781875
-1.461130
0.659214
0.793659
0.000000
0.000000
0.000000
0.000000
0.000000
0.000000
-1.606577
0.516697
0.862089
-1.666211
0.440174
0.873206
0.000000
0.000000
0.000000
0.000000
0.000000
0.000000
-0.998872
0.726377
0.995314
-0.933696
0.801042
0.907828
0.000000
0.000000
0.000000
0.000000
0.000000
0.000000
-1.175445
0.691793
0.886993
-1.366709
0.542277
0.831891
0.000000
0.000000
0.000000
0.000000
0.000000
0.000000
0.000000
0.000000
0.000000
-1.183393
0.781726
0.938628
0.000000
0.000000
0.000000
0.000000
0.000000
0.000000
-1.468087
0.716818
0.777873
-1.454461
0.838619
0.765606
0.000000
0.000000
0.000000
0.000000
0.000000
0.000000
-1.081330
0.947043
0.740428
-1.300026
0.746252
0.766146
0.000000
0.000000
0.000000
0.000000
0.000000
0.000000
-1.178515
0.514175
0.630569
-1.033702
0.701952
0.877411
0.000000
0.000000
0.000000
0.000000
0.000000
0.000000
-1.247765
0.506277
0.868653
-1.339253
0.487551
0.885705
0.000000
0.000000
0.000000
0.000000
0.000000
0.000000
-1.511609
0.437725
0.866389
-1.605123
0.435824
0.870898
0.000000
0.000000
0.000000
0.000000
0.000000
0.000000
-1.094036
0.756130
0.871455
-1.152852
0.816330
0.750255
0.000000
0.000000
0.000000
0.000000
0.000000
0.000000
-1.160114
1.135308
0.570315
-1.202476
1.135014
0.508438
0.000000
0.000000
0.000000
0.000000
0.000000
0.000000
0.000000
0.000000
0.000000
-1.088715
1.350574
0.624622
-1.274676
0.720792
0.713934
-1.243709
0.806407
0.730768
-1.211536
0.708149
0.754682
-1.185584
0.781352
0.730780
0.000000
0.000000
0.000000
0.000000
0.000000
0.000000
-1.473691
0.497859
0.871546
-1.513026
0.521394
0.868113
0.000000
0.000000
0.000000
0.000000
0.000000
0.000000
-1.288811
0.898839
0.698904
-1.331488
0.905286
0.703630
0.000000
0.000000
0.000000
0.000000
0.000000
0.000000
0.000000
0.000000
0.000000
-1.139685
0.935192
0.659669
0.000000
0.000000
0.000000
0.000000
0.000000
0.000000
-1.414945
0.421791
0.652449
-1.437586
0.558537
0.933906
0.000000
0.000000
0.000000
0.000000
0.000000
0.000000
-1.298852
0.611851
0.904039
-1.399296
0.659198
0.808187
0.000000
0.000000
0.000000
0.000000
0.000000
0.000000
-1.428952
0.520850
0.823425
-1.491866
0.478295
0.859749
0.000000
0.000000
0.000000
0.000000
0.000000
0.000000
-1.592335
0.417202
0.716894
-1.574860
0.431867
0.976239
0.000000
0.000000
0.000000
0.000000
0.000000
0.000000
0.000000
0.000000
0.000000
-1.346296
0.483333
0.746266
0.000000
0.000000
0.000000
0.000000
0.000000
0.000000
-1.476031
0.583389
0.867858
-1.500681
0.610390
0.878323
0.000000
0.000000
0.000000
0.000000
0.000000
0.000000
-1.195123
0.658884
0.791684
-0.983806
1.038509
0.667648
0.000000
0.000000
0.000000
0.000000
0.000000
0.000000
-1.103281
0.826564
0.676469
-1.127143
0.862086
0.642472
0.000000
0.000000
0.000000
0.000000
0.000000
0.000000
-1.152233
0.806450
0.724460
-1.297090
0.559454
0.825619
0.000000
0.000000
0.000000
0.000000
0.000000
0.000000
-1.389342
1.224709
0.628117
-1.468557
0.977885
0.709568
0.000000
0.000000
0.000000
0.000000
0.000000
0.000000
0.000000
0.000000
0.000000
-1.093875
1.071225
0.733260
0.000000
0.000000
0.000000
0.000000
0.000000
0.000000
-1.226921
0.518210
0.706918
-1.420220
0.428556
0.880877
0.000000
0.000000
0.000000
0.000000
0.000000
0.000000
0.000000
0.000000
0.000000
-1.134786
0.650235
0.817893
0.000000
0.000000
0.000000
0.000000
0.000000
0.000000
-1.241807
0.827816
0.624512
-1.138574
1.134992
0.715236
0.000000
0.000000
0.000000
0.000000
0.000000
0.000000
0.000000
0.000000
0.000000
-0.891251
0.731445
0.643702
0.000000
0.000000
0.000000
0.000000
0.000000
0.000000
-1.190653
0.611878
0.662108
-1.102264
0.605540
0.813177
0.000000
0.000000
0.000000
0.000000
0.000000
0.000000
-1.308223
0.543536
0.873706
-1.357552
0.596127
0.803764
0.000000
0.000000
0.000000
0.000000
0.000000
0.000000
-1.138941
0.460695
0.667763
-0.939194
0.611611
0.863976
0.000000
0.000000
0.000000
0.000000
0.000000
0.000000
-1.336890
0.891970
0.720276
-1.363351
0.919613
0.723733
0.000000
0.000000
0.000000
0.000000
0.000000
0.000000
0.000000
0.000000
0.000000
-1.259188
0.735543
0.614104
0.000000
0.000000
0.000000
0.000000
0.000000
0.000000
-1.350496
0.512726
0.919533
-1.367286
0.600896
0.880169
0.000000
0.000000
0.000000
0.000000
0.000000
0.000000
0.000000
0.000000
0.000000
-1.252252
0.528638
0.804509
0.000000
0.000000
0.000000
0.000000
0.000000
0.000000
-1.424502
0.695220
0.810186
-1.452983
0.705948
0.804436
0.000000
0.000000
0.000000
0.000000
0.000000
0.000000
-1.265577
0.644829
0.795348
-1.229828
0.536950
0.812641
0.000000
0.000000
0.000000
0.000000
0.000000
0.000000
-1.389461
0.683301
0.803498
-1.428049
0.656844
0.822380
0.000000
0.000000
0.000000
0.000000
0.000000
0.000000
-1.140452
0.924548
0.749947
-1.246469
0.894358
0.745688
-1.285466
1.029857
0.850129
-1.267151
1.238659
0.783991
-1.231269
1.061402
0.850129
-1.211010
1.075927
0.778663
0.000000
0.000000
0.000000
0.000000
0.000000
0.000000
0.000000
0.000000
0.000000
-1.171345
0.631930
0.756658
0.000000
0.000000
0.000000
0.000000
0.000000
0.000000
0.000000
0.000000
0.000000
-1.447005
0.560443
0.657381
0.000000
0.000000
0.000000
0.000000
0.000000
0.000000
-1.268299
1.273451
0.422796
-1.297520
1.442177
0.412773
0.000000
0.000000
0.000000
0.000000
0.000000
0.000000
-1.227088
0.565904
0.775322
-1.246661
0.553480
0.730934
0.000000
0.000000
0.000000
0.000000
0.000000
0.000000
0.000000
0.000000
0.000000
-1.249063
1.172799
0.931035
0.000000
0.000000
0.000000
0.000000
0.000000
0.000000
-1.288275
0.728232
0.737603
-1.270576
0.797542
0.739190
0.000000
0.000000
0.000000
0.000000
0.000000
0.000000
0.000000
0.000000
0.000000
-1.342594
0.669074
0.779187
0.000000
0.000000
0.000000
0.000000
0.000000
0.000000
-1.515569
0.911464
0.734687
-1.550880
0.879886
0.753311
-1.059677
1.222948
0.666697
-1.116475
1.008887
0.696028
-1.020331
1.191279
0.667651
-1.116777
0.930381
0.740914
0.000000
0.000000
0.000000
0.000000
0.000000
0.000000
-1.331422
0.844289
0.857387
-1.422212
0.747309
0.790295
0.000000
0.000000
0.000000
0.000000
0.000000
0.000000
0.000000
0.000000
0.000000
-1.204823
0.794516
0.843023
0.000000
0.000000
0.000000
0.000000
0.000000
0.000000
-1.407383
0.681492
0.831650
-1.550619
0.508618
0.859905
-1.161098
1.309752
0.773603
-1.161449
1.314237
0.690132
-1.120046
1.356114
0.773603
-1.110572
1.270292
0.689842
0.000000
0.000000
0.000000
0.000000
0.000000
0.000000
-1.123143
0.763677
0.805806
-1.207762
0.679906
0.784573
0.000000
0.000000
0.000000
0.000000
0.000000
0.000000
-1.236259
0.983135
0.723670
-1.211586
1.001589
0.631581
-1.361127
0.330870
0.872701
-1.260508
0.377033
0.887892
-1.367175
0.317775
0.874285
-1.227734
0.403575
0.884007
-1.223574
0.659106
0.619749
-0.962244
0.949443
0.681182
-1.212760
0.661277
0.619749
-0.981166
1.124519
0.632312
0.000000
0.000000
0.000000
0.000000
0.000000
0.000000
0.000000
0.000000
0.000000
-1.382472
0.432355
0.770810
0.000000
0.000000
0.000000
0.000000
0.000000
0.000000
-1.330317
0.666279
0.790503
-1.402696
0.588803
0.811037
0.000000
0.000000
0.000000
0.000000
0.000000
0.000000
-1.377288
0.580119
0.831098
-1.433301
0.562327
0.841435
0.000000
0.000000
0.000000
0.000000
0.000000
0.000000
0.000000
0.000000
0.000000
-1.152054
0.570780
0.843189
0.000000
0.000000
0.000000
0.000000
0.000000
0.000000
-1.128376
1.172635
0.681792
-1.226879
1.047601
0.677884
0.000000
0.000000
0.000000
0.000000
0.000000
0.000000
0.000000
0.000000
0.000000
-1.418843
0.614552
0.747478
0.000000
0.000000
0.000000
0.000000
0.000000
0.000000
-1.084047
1.001745
0.699098
-1.144721
0.845939
0.606071
0.000000
0.000000
0.000000
0.000000
0.000000
0.000000
-1.372358
1.035448
0.740127
-1.409937
0.891939
0.754589
0.000000
0.000000
0.000000
0.000000
0.000000
0.000000
-1.430832
0.933739
0.735148
-1.472553
0.900134
0.744218
0.000000
0.000000
0.000000
0.000000
0.000000
0.000000
-1.201247
0.670729
0.692607
-1.231792
0.609679
0.798856
0.000000
0.000000
0.000000
0.000000
0.000000
0.000000
-1.456594
0.344736
0.890806
-1.473845
0.336919
0.897347
0.000000
0.000000
0.000000
0.000000
0.000000
0.000000
-1.463632
1.223461
0.591459
-1.463914
1.276041
0.601572
0.000000
0.000000
0.000000
0.000000
0.000000
0.000000
0.000000
0.000000
0.000000
-1.295769
1.013398
0.673331
0.000000
0.000000
0.000000
0.000000
0.000000
0.000000
-1.408848
1.009434
0.700576
-1.451998
0.910950
0.731258
0.000000
0.000000
0.000000
0.000000
0.000000
0.000000
-1.250490
0.622278
0.818244
-1.220709
0.597615
0.854154
0.000000
0.000000
0.000000
0.000000
0.000000
0.000000
-1.522107
0.474500
0.740144
-1.552497
0.502485
0.847077
0.000000
0.000000
0.000000
0.000000
0.000000
0.000000
-1.737256
0.335585
0.896280
-1.750340
0.336442
0.896209
0.000000
0.000000
0.000000
0.000000
0.000000
0.000000
-1.147691
0.960797
0.618630
-1.186101
1.001187
0.636404
0.000000
0.000000
0.000000
0.000000
0.000000
0.000000
-1.104263
1.082193
0.742280
-1.237311
0.857459
0.654840
-1.279979
0.649912
0.808719
-1.301754
0.653607
0.808189
-1.169368
0.617661
0.811125
-1.187673
0.622834
0.809917
0.000000
0.000000
0.000000
0.000000
0.000000
0.000000
0.000000
0.000000
0.000000
-1.082328
0.972564
0.601505
0.000000
0.000000
0.000000
0.000000
0.000000
0.000000
-1.227466
0.688508
0.771243
-1.287873
0.778184
0.749290
0.000000
0.000000
0.000000
0.000000
0.000000
0.000000
-1.206410
1.003146
0.654951
-1.275718
0.990525
0.641748
0.000000
0.000000
0.000000
0.000000
0.000000
0.000000
-1.121089
0.749839
0.787777
-1.060990
0.956635
0.678227
0.000000
0.000000
0.000000
0.000000
0.000000
0.000000
-1.394884
0.754668
0.795584
-1.424980
0.767127
0.795966
0.000000
0.000000
0.000000
0.000000
0.000000
0.000000
-1.490932
0.896529
0.737961
-1.515028
0.902674
0.743018
0.000000
0.000000
0.000000
0.000000
0.000000
0.000000
0.000000
0.000000
0.000000
-1.328982
0.701846
0.671800
0.000000
0.000000
0.000000
0.000000
0.000000
0.000000
-1.381438
0.432276
0.653552
-1.363038
0.730439
0.999456
0.000000
0.000000
0.000000
0.000000
0.000000
0.000000
-1.493491
0.710433
0.903514
-1.489912
0.657239
0.906655
0.000000
0.000000
0.000000
0.000000
0.000000
0.000000
-1.288006
1.247296
0.493065
-1.338390
1.155604
0.531432
0.000000
0.000000
0.000000
0.000000
0.000000
0.000000
-1.246304
0.961713
0.640366
-1.226720
1.030505
0.651843
0.000000
0.000000
0.000000
0.000000
0.000000
0.000000
-1.196792
0.816340
0.842130
-1.255080
0.697191
0.787240
0.000000
0.000000
0.000000
0.000000
0.000000
0.000000
-1.272600
0.503575
0.854061
-1.258084
0.537312
0.841374
0.000000
0.000000
0.000000
0.000000
0.000000
0.000000
-1.262417
0.658074
0.856655
-1.345986
0.515967
0.846170
0.000000
0.000000
0.000000
0.000000
0.000000
0.000000
-1.333650
1.005661
0.620274
-1.370214
1.041398
0.662794
0.000000
0.000000
0.000000
0.000000
0.000000
0.000000
-1.207706
0.693907
0.742125
-1.147040
0.977827
0.663616
0.000000
0.000000
0.000000
0.000000
0.000000
0.000000
-1.203172
0.314493
1.031037
-1.176224
0.285760
0.928206
0.000000
0.000000
0.000000
0.000000
0.000000
0.000000
-1.273895
0.471311
0.716120
-1.369844
0.338978
0.973197
0.000000
0.000000
0.000000
0.000000
0.000000
0.000000
-1.310904
0.471344
0.819088
-1.392647
0.450922
0.905936
0.000000
0.000000
0.000000
-1.044983
1.286187
0.738308
0.000000
0.000000
0.000000
-1.002143
1.314036
0.738308
0.000000
0.000000
0.000000
0.000000
0.000000
0.000000
0.000000
0.000000
0.000000
-1.444687
0.459535
0.729190
0.000000
0.000000
0.000000
0.000000
0.000000
0.000000
-1.187090
1.041499
0.845470
-1.247067
1.008642
0.732712
0.000000
0.000000
0.000000
0.000000
0.000000
0.000000
-1.602844
0.637976
0.838327
-1.654477
0.587580
0.854122
-1.260499
0.387250
0.872261
-1.256269
0.388543
0.870422
-1.211879
0.458943
0.859230
-1.201312
0.473860
0.849955
0.000000
0.000000
0.000000
0.000000
0.000000
0.000000
-1.192495
0.560247
0.730254
-1.251057
0.542757
0.848981
0.000000
0.000000
0.000000
0.000000
0.000000
0.000000
0.000000
0.000000
0.000000
-1.207945
0.790586
0.732174
-1.234956
0.629621
0.566504
-1.158449
0.658236
0.774215
-1.183144
0.640999
0.566504
-1.039822
0.787960
0.624670
0.000000
0.000000
0.000000
0.000000
0.000000
0.000000
-1.301106
0.596925
0.815166
-1.422392
0.645315
0.783510
0.000000
0.000000
0.000000
0.000000
0.000000
0.000000
-1.187858
0.900609
0.731097
-1.255944
0.720783
0.842714
0.000000
0.000000
0.000000
0.000000
0.000000
0.000000
-1.434289
0.445990
0.864764
-1.462674
0.456026
0.861456
0.000000
0.000000
0.000000
0.000000
0.000000
0.000000
-1.258365
0.597572
0.814584
-1.313556
0.624365
0.807384
0.000000
0.000000
0.000000
0.000000
0.000000
0.000000
-1.558214
0.800827
0.781546
-1.595065
0.788857
0.785924
0.000000
0.000000
0.000000
0.000000
0.000000
0.000000
-1.189709
0.795599
0.753240
-1.184754
0.909882
0.773820
0.000000
0.000000
0.000000
0.000000
0.000000
0.000000
-1.268912
0.541035
0.644562
-1.363211
0.449414
1.073875
0.000000
0.000000
0.000000
0.000000
0.000000
0.000000
-1.132669
0.959365
0.698698
-1.191953
1.068390
0.517815
0.000000
0.000000
0.000000
0.000000
0.000000
0.000000
-1.267589
0.639575
0.761845
-1.257379
0.759967
0.743243
0.000000
0.000000
0.000000
0.000000
0.000000
0.000000
-1.404446
0.592344
0.858909
-1.470524
0.533138
0.857445
0.000000
0.000000
0.000000
0.000000
0.000000
0.000000
-1.254017
1.292587
0.778623
-1.347916
1.252971
0.640086
0.000000
0.000000
0.000000
0.000000
0.000000
0.000000
0.000000
0.000000
0.000000
-1.170909
0.724197
0.631200
0.000000
0.000000
0.000000
0.000000
0.000000
0.000000
-1.213155
0.960991
0.861832
-1.146779
1.129155
0.785894
0.000000
0.000000
0.000000
0.000000
0.000000
0.000000
-1.292963
0.838896
0.731209
-1.350436
0.716566
0.782327
0.000000
0.000000
0.000000
0.000000
0.000000
0.000000
-1.286739
0.662307
0.839589
-1.411984
0.601304
0.939181
0.000000
0.000000
0.000000
0.000000
0.000000
0.000000
-1.126028
0.531109
0.774979
-1.119498
0.648314
0.786531
-1.136885
1.041107
0.707708
-1.232649
1.036463
0.658975
-1.106453
1.027194
0.725254
-1.208119
0.949337
0.717129
0.000000
0.000000
0.000000
0.000000
0.000000
0.000000
-1.387405
0.759344
0.774688
-1.457136
0.726934
0.779155
0.000000
0.000000
0.000000
0.000000
0.000000
0.000000
-1.450166
0.592207
0.777743
-1.474001
0.642229
0.789167
0.000000
0.000000
0.000000
0.000000
0.000000
0.000000
-1.218980
0.912814
0.893049
-1.377535
0.797573
0.815642
0.000000
0.000000
0.000000
0.000000
0.000000
0.000000
0.000000
0.000000
0.000000
-1.095553
0.841766
0.636913
0.000000
0.000000
0.000000
0.000000
0.000000
0.000000
-1.402829
0.863333
0.770766
-1.451503
0.850241
0.764719
0.000000
0.000000
0.000000
0.000000
0.000000
0.000000
-1.356142
0.305145
0.873443
-1.402598
0.260170
0.884765
0.000000
0.000000
0.000000
0.000000
0.000000
0.000000
-1.064400
1.203791
0.841242
-1.208006
0.894952
0.725375
0.000000
0.000000
0.000000
0.000000
0.000000
0.000000
0.000000
0.000000
0.000000
-1.151383
0.546761
0.690928
-1.206828
1.000174
0.643500
-1.211940
0.995579
0.653226
-1.171484
0.631021
0.807919
-1.173360
0.629260
0.808308
0.000000
0.000000
0.000000
0.000000
0.000000
0.000000
0.000000
0.000000
0.000000
-1.160494
0.835013
0.596730
0.000000
0.000000
0.000000
0.000000
0.000000
0.000000
-1.537058
0.707587
0.780142
-1.517906
0.755646
0.811993
0.000000
0.000000
0.000000
0.000000
0.000000
0.000000
-1.249411
0.803020
0.739490
-1.269724
0.860077
0.706698
0.000000
0.000000
0.000000
0.000000
0.000000
0.000000
0.000000
0.000000
0.000000
-1.283067
0.735282
0.600658
0.000000
0.000000
0.000000
0.000000
0.000000
0.000000
0.000000
0.000000
0.000000
-1.260283
0.750650
0.823938
0.000000
0.000000
0.000000
0.000000
0.000000
0.000000
-1.242659
0.595520
0.654191
-1.178583
0.660137
0.836329
0.000000
0.000000
0.000000
0.000000
0.000000
0.000000
-1.269378
0.745231
0.754763
-1.332987
0.719169
0.743021
0.000000
0.000000
0.000000
0.000000
0.000000
0.000000
-1.175625
1.179163
0.526426
-1.246080
1.157871
0.519396
0.000000
0.000000
0.000000
0.000000
0.000000
0.000000
-1.280015
1.285057
0.660106
-1.299542
1.248777
0.744239
0.000000
0.000000
0.000000
0.000000
0.000000
0.000000
-1.325193
1.158424
0.562881
-1.366939
1.162894
0.579992
0.000000
0.000000
0.000000
0.000000
0.000000
0.000000
0.000000
0.000000
0.000000
-1.147066
0.576756
0.675759
0.000000
0.000000
0.000000
0.000000
0.000000
0.000000
-1.558125
0.503582
0.864466
-1.595363
0.478954
0.861473
0.000000
0.000000
0.000000
0.000000
0.000000
0.000000
-1.495197
1.283844
0.525051
-1.530872
1.287879
0.533671
0.000000
0.000000
0.000000
0.000000
0.000000
0.000000
-1.191401
1.030501
0.792425
-1.228894
0.948904
0.818795
0.000000
0.000000
0.000000
0.000000
0.000000
0.000000
-1.348955
1.061322
0.674760
-1.378660
1.074365
0.624699
-1.255797
0.802106
0.758782
-1.243052
0.850950
0.753381
-1.235820
0.722251
0.783654
-1.212999
0.759210
0.785696
0.000000
0.000000
0.000000
0.000000
0.000000
0.000000
0.000000
0.000000
0.000000
-0.848614
1.500958
0.743708
0.000000
0.000000
0.000000
0.000000
0.000000
0.000000
0.000000
0.000000
0.000000
-1.330918
0.452581
1.039199
0.000000
0.000000
0.000000
0.000000
0.000000
0.000000
-1.229188
0.652073
0.782534
-1.301493
0.633377
0.827471
0.000000
0.000000
0.000000
0.000000
0.000000
0.000000
0.000000
0.000000
0.000000
-1.112597
0.750263
0.818002
0.000000
0.000000
0.000000
0.000000
0.000000
0.000000
0.000000
0.000000
0.000000
-1.208039
0.616583
0.841362
0.000000
0.000000
0.000000
0.000000
0.000000
0.000000
0.000000
0.000000
0.000000
-1.179406
0.685181
0.739140
0.000000
0.000000
0.000000
0.000000
0.000000
0.000000
-1.271092
0.531805
0.687948
-1.312289
0.620174
0.968540
0.000000
0.000000
0.000000
0.000000
0.000000
0.000000
-1.304281
0.531709
0.638632
-1.199851
0.743199
0.865346
0.000000
0.000000
0.000000
0.000000
0.000000
0.000000
-1.222322
0.641108
0.860919
-1.277352
0.744822
0.868943
0.000000
0.000000
0.000000
0.000000
0.000000
0.000000
-1.381004
0.551160
0.800087
-1.525410
0.451571
0.874033
-1.600085
0.824392
0.810086
-1.569284
0.928613
0.776745
-1.601156
0.826589
0.810181
-1.548106
0.993666
0.733015
0.000000
0.000000
0.000000
0.000000
0.000000
0.000000
0.000000
0.000000
0.000000
-0.833725
0.920741
0.763267
0.000000
0.000000
0.000000
0.000000
0.000000
0.000000
-1.354377
0.501735
0.844244
-1.456680
0.351929
0.869318
0.000000
0.000000
0.000000
0.000000
0.000000
0.000000
-1.342518
0.926729
0.706028
-1.368049
0.960824
0.698485
0.000000
0.000000
0.000000
0.000000
0.000000
0.000000
-1.277638
0.486506
0.961137
-1.320514
0.352084
0.919275
0.000000
0.000000
0.000000
0.000000
0.000000
0.000000
-1.262512
0.578514
0.794574
-1.244600
0.716173
0.761344
0.000000
0.000000
0.000000
0.000000
0.000000
0.000000
0.000000
0.000000
0.000000
-0.864677
0.993569
0.657747
0.000000
0.000000
0.000000
0.000000
0.000000
0.000000
-1.181311
0.567253
0.853331
-1.244032
0.551201
0.831323
0.000000
0.000000
0.000000
0.000000
0.000000
0.000000
-1.386329
1.255184
0.658900
-1.398541
1.317632
0.585754
0.000000
0.000000
0.000000
0.000000
0.000000
0.000000
-1.387270
0.452120
0.954869
-1.395247
0.490866
0.859114
0.000000
0.000000
0.000000
0.000000
0.000000
0.000000
-1.303789
0.617352
0.712711
-1.245627
0.674558
0.662590
0.000000
0.000000
0.000000
0.000000
0.000000
0.000000
-1.456750
0.761688
0.792053
-1.521250
0.703888
0.819007
0.000000
0.000000
0.000000
0.000000
0.000000
0.000000
-1.284513
1.202247
0.663444
-1.300590
1.195721
0.651857
0.000000
0.000000
0.000000
0.000000
0.000000
0.000000
-1.338918
0.563598
0.831492
-1.329718
0.619275
0.762787
-1.153313
0.651928
0.823180
-1.247971
0.547540
0.759392
-1.153145
0.690771
0.874570
-1.261736
0.554953
0.768243
0.000000
0.000000
0.000000
0.000000
0.000000
0.000000
-0.982778
0.960080
0.613142
-1.074248
0.945675
0.567688
0.000000
0.000000
0.000000
0.000000
0.000000
0.000000
-1.380890
0.656825
0.809650
-1.414891
0.676693
0.791735
0.000000
0.000000
0.000000
0.000000
0.000000
0.000000
-0.993013
1.662279
0.687690
-1.230550
1.107264
0.563912
-1.313147
0.589122
0.660721
-1.280054
0.567253
0.748552
-1.278720
0.597453
0.660721
-1.239205
0.553156
0.748552
0.000000
0.000000
0.000000
0.000000
0.000000
0.000000
-1.319896
0.676152
0.794905
-1.391119
0.651409
0.791389
0.000000
0.000000
0.000000
0.000000
0.000000
0.000000
-1.363545
1.071818
0.648188
-1.396290
1.069762
0.649455
0.000000
0.000000
0.000000
0.000000
0.000000
0.000000
-1.287155
1.159749
0.613714
-1.336916
1.084002
0.623228
0.000000
0.000000
0.000000
0.000000
0.000000
0.000000
0.000000
0.000000
0.000000
-1.238651
0.489321
0.848328
0.000000
0.000000
0.000000
0.000000
0.000000
0.000000
-1.012424
1.192766
0.779009
-1.174701
0.771406
0.789745
0.000000
0.000000
0.000000
0.000000
0.000000
0.000000
-1.105529
0.939234
0.701520
-1.137217
1.025023
0.631166
0.000000
0.000000
0.000000
0.000000
0.000000
0.000000
-1.202751
0.624102
0.885870
-1.215940
0.674432
0.887653
0.000000
0.000000
0.000000
0.000000
0.000000
0.000000
-1.215681
0.681251
0.935872
-1.248605
0.740849
0.827280
0.000000
0.000000
0.000000
0.000000
0.000000
0.000000
-1.590330
0.937726
0.737995
-1.615159
0.930803
0.744630
0.000000
0.000000
0.000000
0.000000
0.000000
0.000000
-1.252597
0.763981
0.687373
-1.206562
0.977082
0.806637
-1.107365
0.688944
0.898901
-1.174383
0.559521
0.825825
-1.081540
0.670774
0.887067
-1.131811
0.567794
0.819365
0.000000
0.000000
0.000000
0.000000
0.000000
0.000000
-1.023522
0.702930
0.785319
-1.151847
0.668675
0.750048
-0.918124
1.658788
0.692257
-1.108591
1.017319
0.767547
-0.878834
1.695483
0.692257
-1.091214
1.004840
0.767547
0.000000
0.000000
0.000000
0.000000
0.000000
0.000000
-1.268427
0.743103
0.734088
-1.304567
0.945958
0.722602
0.000000
0.000000
0.000000
0.000000
0.000000
0.000000
0.000000
0.000000
0.000000
-1.344896
1.091179
0.751852
0.000000
0.000000
0.000000
0.000000
0.000000
0.000000
-1.033794
1.073824
0.832874
-1.176480
0.672170
0.768544
0.000000
0.000000
0.000000
0.000000
0.000000
0.000000
-1.325531
0.934696
0.641016
-1.348466
0.948831
0.664067
0.000000
0.000000
0.000000
0.000000
0.000000
0.000000
-1.495049
0.738127
0.790956
-1.501960
0.793040
0.753738
0.000000
0.000000
0.000000
0.000000
0.000000
0.000000
-1.209130
1.193549
0.586308
-1.284187
1.114374
0.573535
0.000000
0.000000
0.000000
0.000000
0.000000
0.000000
-1.401031
1.060089
0.679022
-1.483735
0.985701
0.704044
0.000000
0.000000
0.000000
0.000000
0.000000
0.000000
-1.225259
0.935224
0.679719
-1.255431
0.927737
0.692118
0.000000
0.000000
0.000000
0.000000
0.000000
0.000000
-1.092436
0.660873
0.748963
-1.112132
0.616289
0.778820
0.000000
0.000000
0.000000
0.000000
0.000000
0.000000
-1.057177
0.975020
0.650342
-1.069489
1.017839
0.588076
0.000000
0.000000
0.000000
0.000000
0.000000
0.000000
-0.969027
1.014950
0.607226
-0.989989
0.853814
0.650529
0.000000
0.000000
0.000000
0.000000
0.000000
0.000000
-1.143704
0.833022
0.981455
-1.116380
0.819681
0.833358
0.000000
0.000000
0.000000
0.000000
0.000000
0.000000
-1.295394
0.630203
0.724742
-1.306880
0.646547
0.795176
0.000000
0.000000
0.000000
0.000000
0.000000
0.000000
-1.263214
0.517769
0.759939
-1.390427
0.408675
0.879170
-1.375814
0.618089
0.827380
-1.343211
0.695637
0.855965
-1.337836
0.615085
0.827418
-1.274559
0.721739
0.835483
0.000000
0.000000
0.000000
0.000000
0.000000
0.000000
-1.136355
0.900580
0.637784
-1.173868
0.923679
0.647098
0.000000
0.000000
0.000000
0.000000
0.000000
0.000000
-1.086754
1.132404
0.593012
-1.250475
1.014655
0.583134
0.000000
0.000000
0.000000
0.000000
0.000000
0.000000
-1.235069
0.736433
0.947212
-1.174777
0.788649
0.809031
0.000000
0.000000
0.000000
0.000000
0.000000
0.000000
0.000000
0.000000
0.000000
-1.236458
0.501990
0.696064
0.000000
0.000000
0.000000
0.000000
0.000000
0.000000
-1.134747
0.776904
0.766176
-1.187655
0.752795
0.751966
0.000000
0.000000
0.000000
0.000000
0.000000
0.000000
0.000000
0.000000
0.000000
-1.026985
1.471022
0.761397
0.000000
0.000000
0.000000
0.000000
0.000000
0.000000
-1.220917
0.493577
0.644039
-1.220349
0.586521
0.953956
-1.111914
0.778003
0.749743
-1.162910
0.766278
0.759189
-1.034019
0.792382
0.730406
-1.079887
0.785928
0.737377
0.000000
0.000000
0.000000
0.000000
0.000000
0.000000
-1.231681
1.090150
0.978903
-1.119861
1.266367
0.838575
0.000000
0.000000
0.000000
0.000000
0.000000
0.000000
-1.336913
0.775797
0.795087
-1.372860
0.773732
0.770785
0.000000
0.000000
0.000000
0.000000
0.000000
0.000000
-1.442141
1.131663
0.598489
-1.473145
1.130628
0.623654
0.000000
0.000000
0.000000
0.000000
0.000000
0.000000
-1.232901
0.843929
0.698536
-1.248635
0.791279
0.753172
0.000000
0.000000
0.000000
0.000000
0.000000
0.000000
-1.107318
1.153438
0.773277
-1.167945
1.128614
0.715273
0.000000
0.000000
0.000000
0.000000
0.000000
0.000000
0.000000
0.000000
0.000000
-1.186968
1.147833
0.734487
-1.104141
0.813213
0.746249
-1.219000
0.814463
0.727938
-1.013365
0.908054
0.777222
-1.183813
0.836094
0.734343
0.000000
0.000000
0.000000
0.000000
0.000000
0.000000
-1.260890
0.877890
0.718092
-1.292916
0.903178
0.726406
0.000000
0.000000
0.000000
0.000000
0.000000
0.000000
-1.604020
1.015395
0.716560
-1.614997
1.051874
0.706011
0.000000
0.000000
0.000000
0.000000
0.000000
0.000000
-1.577553
0.587023
0.697208
-1.541008
0.683790
0.834367
0.000000
0.000000
0.000000
0.000000
0.000000
0.000000
-1.514857
0.396964
0.876993
-1.535942
0.403945
0.877896
0.000000
0.000000
0.000000
0.000000
0.000000
0.000000
0.000000
0.000000
0.000000
-1.230063
0.614446
0.661390
0.000000
0.000000
0.000000
0.000000
0.000000
0.000000
-1.149676
0.626352
0.770676
-1.207157
0.482887
0.815466
0.000000
0.000000
0.000000
0.000000
0.000000
0.000000
-1.214024
1.089080
0.516380
-1.258256
1.122850
0.523419
0.000000
0.000000
0.000000
0.000000
0.000000
0.000000
0.000000
0.000000
0.000000
-1.228665
0.725428
0.715826
0.000000
0.000000
0.000000
0.000000
0.000000
0.000000
-1.056210
1.069802
0.539096
-1.070780
1.116016
0.528469
0.000000
0.000000
0.000000
0.000000
0.000000
0.000000
-1.299049
1.095671
0.578612
-1.353663
1.146950
0.609737
0.000000
0.000000
0.000000
0.000000
0.000000
0.000000
-1.132770
0.829552
0.729269
-1.096213
0.891320
0.728248
0.000000
0.000000
0.000000
0.000000
0.000000
0.000000
-1.296684
0.788798
0.612779
-1.204011
0.961113
0.732569
0.000000
0.000000
0.000000
0.000000
0.000000
0.000000
-1.088957
0.691456
0.687081
-1.141027
0.829825
0.678190
0.000000
0.000000
0.000000
0.000000
0.000000
0.000000
-1.178932
0.916375
0.713082
-1.198286
1.024095
0.633880
0.000000
0.000000
0.000000
0.000000
0.000000
0.000000
-1.400634
0.386622
0.878264
-1.452519
0.344307
0.885724
0.000000
0.000000
0.000000
0.000000
0.000000
0.000000
-1.390465
0.893024
0.702429
-1.416372
0.882000
0.713624
0.000000
0.000000
0.000000
0.000000
0.000000
0.000000
0.000000
0.000000
0.000000
-1.333300
0.541243
0.719112
0.000000
0.000000
0.000000
0.000000
0.000000
0.000000
-1.361010
0.434641
0.880834
-1.301100
0.487850
0.882828
0.000000
0.000000
0.000000
0.000000
0.000000
0.000000
-1.168717
0.709092
0.865865
-1.230180
0.684990
0.846492
0.000000
0.000000
0.000000
0.000000
0.000000
0.000000
-1.386464
0.907506
0.703727
-1.381585
1.029332
0.717436
0.000000
0.000000
0.000000
0.000000
0.000000
0.000000
-1.215782
0.610082
0.738809
-1.214213
0.815136
0.832210
0.000000
0.000000
0.000000
0.000000
0.000000
0.000000
0.000000
0.000000
0.000000
-1.274597
0.674880
0.829735
0.000000
0.000000
0.000000
0.000000
0.000000
0.000000
-1.120293
1.138941
0.688128
-1.179657
0.861242
0.758379
0.000000
0.000000
0.000000
0.000000
0.000000
0.000000
-1.078579
0.929336
0.736101
-1.174501
0.905498
0.728508
0.000000
0.000000
0.000000
0.000000
0.000000
0.000000
-1.115496
1.076503
0.620969
-1.296820
0.855714
0.550391
0.000000
0.000000
0.000000
0.000000
0.000000
0.000000
-1.396075
0.427548
0.825050
-1.469286
0.388841
0.843134
0.000000
0.000000
0.000000
0.000000
0.000000
0.000000
-1.327680
0.994223
0.663546
-1.383110
0.889175
0.709483
0.000000
0.000000
0.000000
0.000000
0.000000
0.000000
-1.391067
0.995130
0.682529
-1.421891
0.983054
0.707297
0.000000
0.000000
0.000000
0.000000
0.000000
0.000000
0.000000
0.000000
0.000000
-1.487961
0.493861
0.761211
0.000000
0.000000
0.000000
0.000000
0.000000
0.000000
-1.409684
0.687629
0.892925
-1.478709
0.639104
0.800308
0.000000
0.000000
0.000000
0.000000
0.000000
0.000000
0.000000
0.000000
0.000000
-0.913578
1.013671
0.905965
0.000000
0.000000
0.000000
0.000000
0.000000
0.000000
-1.222224
0.697453
0.713678
-1.218981
0.660766
0.821377
0.000000
0.000000
0.000000
0.000000
0.000000
0.000000
0.000000
0.000000
0.000000
-1.227137
0.701334
0.618729
0.000000
0.000000
0.000000
0.000000
0.000000
0.000000
0.000000
0.000000
0.000000
-1.225704
0.459397
0.895510
0.000000
0.000000
0.000000
0.000000
0.000000
0.000000
-1.065946
0.889491
0.735435
-1.085221
0.806250
0.591032
0.000000
0.000000
0.000000
0.000000
0.000000
0.000000
-1.116915
1.253511
0.698109
-1.076641
1.333916
0.473085
0.000000
0.000000
0.000000
0.000000
0.000000
0.000000
-1.078873
1.044451
0.751320
-1.148845
0.976608
0.603089
0.000000
0.000000
0.000000
0.000000
0.000000
0.000000
-1.317460
0.641610
0.711854
-1.414649
0.556106
0.975813
0.000000
0.000000
0.000000
0.000000
0.000000
0.000000
-1.349563
0.441929
0.878436
-1.408987
0.453197
0.870046
0.000000
0.000000
0.000000
0.000000
0.000000
0.000000
-1.208110
0.457689
0.630778
-1.132365
0.648243
1.083267
0.000000
0.000000
0.000000
0.000000
0.000000
0.000000
0.000000
0.000000
0.000000
-0.989909
0.984600
0.745482
0.000000
0.000000
0.000000
0.000000
0.000000
0.000000
-1.189558
1.046261
0.618502
-1.215615
1.073205
0.645265
0.000000
0.000000
0.000000
0.000000
0.000000
0.000000
-1.300743
0.649873
0.755922
-1.474102
0.545043
0.836140
0.000000
0.000000
0.000000
0.000000
0.000000
0.000000
0.000000
0.000000
0.000000
-1.216686
0.791397
0.640602
0.000000
0.000000
0.000000
0.000000
0.000000
0.000000
-1.410704
0.792278
0.835105
-1.416208
0.892723
0.713930
0.000000
0.000000
0.000000
0.000000
0.000000
0.000000
-1.554137
0.919206
0.751507
-1.589081
0.931520
0.758567
0.000000
0.000000
0.000000
0.000000
0.000000
0.000000
-1.014006
1.387033
0.924671
-1.011538
1.292442
0.823837
0.000000
0.000000
0.000000
0.000000
0.000000
0.000000
-1.246842
0.750245
0.796936
-1.299781
0.637531
0.863941
0.000000
0.000000
0.000000
0.000000
0.000000
0.000000
-1.132991
1.009935
0.645640
-1.131131
1.038867
0.660738
0.000000
0.000000
0.000000
0.000000
0.000000
0.000000
-1.215152
0.580944
0.814787
-1.222235
0.626690
0.798860
0.000000
0.000000
0.000000
0.000000
0.000000
0.000000
0.000000
0.000000
0.000000
-1.398914
0.745946
0.845250
0.000000
0.000000
0.000000
0.000000
0.000000
0.000000
-1.089506
0.701951
0.656522
-1.061297
1.002438
0.742668
0.000000
0.000000
0.000000
0.000000
0.000000
0.000000
-1.288540
0.593303
0.853469
-1.325978
0.653986
0.798931
0.000000
0.000000
0.000000
0.000000
0.000000
0.000000
-1.451302
0.446693
0.878471
-1.491389
0.441303
0.880984
-1.328216
0.895677
0.772021
-1.377937
0.941820
0.692803
-1.262764
0.860037
0.777484
-1.275047
0.930041
0.703927
0.000000
0.000000
0.000000
0.000000
0.000000
0.000000
-1.296997
0.569979
0.706495
-1.371747
0.407113
0.876005
0.000000
0.000000
0.000000
0.000000
0.000000
0.000000
-1.225838
0.876363
0.720403
-1.339309
0.641775
0.711243
0.000000
0.000000
0.000000
0.000000
0.000000
0.000000
-1.557950
0.693163
0.811657
-1.587800
0.695448
0.818881
0.000000
0.000000
0.000000
0.000000
0.000000
0.000000
-1.477646
0.528208
0.889827
-1.491544
0.576188
0.878124
0.000000
0.000000
0.000000
0.000000
0.000000
0.000000
-1.283893
0.635517
0.816855
-1.308480
0.664199
0.805221
0.000000
0.000000
0.000000
0.000000
0.000000
0.000000
0.000000
0.000000
0.000000
-1.329464
0.465833
0.675769
-1.188354
0.861785
0.732491
-1.203626
0.890309
0.649146
-1.108424
0.836865
0.813289
-1.107686
0.871903
0.686894
0.000000
0.000000
0.000000
0.000000
0.000000
0.000000
-1.239683
0.678198
0.868868
-1.358226
0.585281
0.842438
0.000000
0.000000
0.000000
0.000000
0.000000
0.000000
-1.511245
0.698969
0.754624
-1.579055
0.565000
0.843705
0.000000
0.000000
0.000000
0.000000
0.000000
0.000000
-1.360989
0.897514
0.714117
-1.391276
0.871304
0.724735
0.000000
0.000000
0.000000
0.000000
0.000000
0.000000
0.000000
0.000000
0.000000
-1.067325
1.426777
0.631501
0.000000
0.000000
0.000000
0.000000
0.000000
0.000000
-1.487976
0.615893
0.692840
-1.449870
0.904291
0.784157
0.000000
0.000000
0.000000
0.000000
0.000000
0.000000
-1.211954
0.897815
0.716747
-1.329536
0.886995
0.738418
0.000000
0.000000
0.000000
0.000000
0.000000
0.000000
-1.401202
0.753587
0.791488
-1.420028
0.802933
0.779088
0.000000
0.000000
0.000000
0.000000
0.000000
0.000000
-1.264483
0.691627
0.762444
-1.282974
0.730486
0.758530
-0.953649
0.986710
0.768997
-0.937017
1.141060
0.657707
-0.921424
1.007961
0.768997
-0.902989
1.143202
0.660210
0.000000
0.000000
0.000000
0.000000
0.000000
0.000000
-1.098627
0.935976
0.791446
-1.169529
0.926117
0.707892
0.000000
0.000000
0.000000
0.000000
0.000000
0.000000
-1.278915
0.607358
0.949443
-1.267282
0.700166
0.884472
0.000000
0.000000
0.000000
0.000000
0.000000
0.000000
-1.430085
0.464158
0.854024
-1.466486
0.460347
0.855864
0.000000
0.000000
0.000000
0.000000
0.000000
0.000000
-1.018487
2.632492
0.586899
-1.337745
1.321072
0.454821
0.000000
0.000000
0.000000
0.000000
0.000000
0.000000
-1.331249
0.783444
0.772019
-1.391944
0.733637
0.781982
-1.114460
0.844126
0.589137
-1.054822
1.016305
0.619982
-1.057870
1.297591
0.546859
-1.068601
1.210968
0.554786
0.000000
0.000000
0.000000
0.000000
0.000000
0.000000
-1.419513
0.588768
0.831629
-1.480548
0.536279
0.866578
0.000000
0.000000
0.000000
0.000000
0.000000
0.000000
-1.472536
0.949259
0.696080
-1.481650
0.959286
0.713669
0.000000
0.000000
0.000000
0.000000
0.000000
0.000000
-1.436401
0.510957
0.867638
-1.525971
0.442576
0.876324
0.000000
0.000000
0.000000
0.000000
0.000000
0.000000
0.000000
0.000000
0.000000
-1.043828
0.786022
0.842350
0.000000
0.000000
0.000000
0.000000
0.000000
0.000000
-1.195382
0.839026
0.618811
-1.222999
0.857001
0.631019
0.000000
0.000000
0.000000
0.000000
0.000000
0.000000
-1.198110
0.544237
0.812495
-1.379128
0.445809
0.776979
0.000000
0.000000
0.000000
0.000000
0.000000
0.000000
-1.279100
0.484588
0.730308
-1.387259
0.565129
0.881355
0.000000
0.000000
0.000000
0.000000
0.000000
0.000000
-1.322095
0.679689
0.779635
-1.269976
0.829908
0.853622
0.000000
0.000000
0.000000
0.000000
0.000000
0.000000
-1.459164
0.808771
0.834634
-1.408926
0.998970
0.824134
0.000000
0.000000
0.000000
0.000000
0.000000
0.000000
-1.326876
0.693774
0.805839
-1.348210
0.671641
0.754806
0.000000
0.000000
0.000000
0.000000
0.000000
0.000000
-1.412000
0.785277
0.698358
-1.543094
0.588685
0.845190
0.000000
0.000000
0.000000
0.000000
0.000000
0.000000
0.000000
0.000000
0.000000
-1.059078
0.750536
0.678881
0.000000
0.000000
0.000000
0.000000
0.000000
0.000000
-0.877458
0.775577
0.720485
-0.981398
0.913653
0.762220
0.000000
0.000000
0.000000
0.000000
0.000000
0.000000
-1.111485
0.858331
0.729247
-1.190470
0.810553
0.733191
0.000000
0.000000
0.000000
0.000000
0.000000
0.000000
-1.231093
0.901830
0.590416
-1.106780
1.384549
0.565323
0.000000
0.000000
0.000000
0.000000
0.000000
0.000000
-1.219902
0.670600
0.712896
-1.242877
0.604023
0.728860
-1.328086
0.843382
0.819514
-1.316138
0.923801
0.736807
-1.310349
0.836215
0.819514
-1.293667
0.898245
0.742713
0.000000
0.000000
0.000000
0.000000
0.000000
0.000000
-1.340459
0.515817
0.823908
-1.404742
0.501107
0.854666
0.000000
0.000000
0.000000
0.000000
0.000000
0.000000
-1.261742
0.789100
0.758943
-1.307717
0.764045
0.757867
0.000000
0.000000
0.000000
0.000000
0.000000
0.000000
-1.417090
0.653064
0.663304
-1.383099
0.878716
0.851196
0.000000
0.000000
0.000000
0.000000
0.000000
0.000000
-1.531657
0.641742
0.832927
-1.546498
0.669721
0.819906
0.000000
0.000000
0.000000
0.000000
0.000000
0.000000
-1.300450
0.710077
0.767762
-1.259449
0.764798
0.706145
0.000000
0.000000
0.000000
0.000000
0.000000
0.000000
-1.389643
0.408351
0.682116
-1.452648
0.418711
0.926595
0.000000
0.000000
0.000000
0.000000
0.000000
0.000000
0.000000
0.000000
0.000000
-1.185894
1.047909
0.780194
-1.555276
0.421785
0.877013
-1.553838
0.433784
0.874969
-1.487106
0.536792
0.853072
-1.488768
0.537232
0.855665
0.000000
0.000000
0.000000
0.000000
0.000000
0.000000
-1.353934
0.706568
0.816054
-1.388517
0.674262
0.812319
0.000000
0.000000
0.000000
0.000000
0.000000
0.000000
-1.450654
0.723050
0.818115
-1.491639
0.817944
0.793500
0.000000
0.000000
0.000000
0.000000
0.000000
0.000000
-1.300201
0.773571
0.740233
-1.362511
0.801956
0.748992
0.000000
0.000000
0.000000
0.000000
0.000000
0.000000
-1.389126
1.151899
0.560944
-1.413704
1.257675
0.558979
0.000000
0.000000
0.000000
0.000000
0.000000
0.000000
0.000000
0.000000
0.000000
-1.324826
0.723965
0.689346
0.000000
0.000000
0.000000
0.000000
0.000000
0.000000
-1.297989
0.618754
0.723021
-1.340152
0.649671
0.743852
0.000000
0.000000
0.000000
0.000000
0.000000
0.000000
-1.255030
0.761156
0.765177
-1.285128
0.914100
0.737372
0.000000
0.000000
0.000000
0.000000
0.000000
0.000000
0.000000
0.000000
0.000000
-1.038897
0.811233
0.617074
0.000000
0.000000
0.000000
0.000000
0.000000
0.000000
-1.141334
0.471585
0.903216
-1.266746
0.436788
0.885811
0.000000
0.000000
0.000000
0.000000
0.000000
0.000000
-1.637048
0.403358
0.882869
-1.657353
0.405868
0.882734
0.000000
0.000000
0.000000
0.000000
0.000000
0.000000
-1.119493
0.799049
1.021978
-1.117502
0.754125
0.916719
0.000000
0.000000
0.000000
0.000000
0.000000
0.000000
-0.948673
0.934798
0.752724
-1.042715
0.816420
0.623787
0.000000
0.000000
0.000000
0.000000
0.000000
0.000000
-1.058140
0.826055
0.711235
-1.117606
0.784151
0.899922
0.000000
0.000000
0.000000
0.000000
0.000000
0.000000
-1.181327
0.537611
0.817412
-1.247162
0.439478
0.791056
0.000000
0.000000
0.000000
0.000000
0.000000
0.000000
-1.148853
0.429304
0.841192
-1.260738
0.322938
0.827132
0.000000
0.000000
0.000000
0.000000
0.000000
0.000000
0.000000
0.000000
0.000000
-1.188396
0.746653
0.873684
0.000000
0.000000
0.000000
0.000000
0.000000
0.000000
-1.163047
0.818569
0.784104
-1.204623
1.012987
0.848910
0.000000
0.000000
0.000000
0.000000
0.000000
0.000000
-1.346700
0.447788
1.183543
-1.385131
0.382175
0.980907
0.000000
0.000000
0.000000
0.000000
0.000000
0.000000
-1.231861
0.827989
0.786362
-1.257901
0.816104
0.742807
-1.169940
0.537188
0.768214
-1.142123
0.562587
0.847375
-1.113553
0.547232
0.768214
-1.020561
0.644444
0.823200
0.000000
0.000000
0.000000
0.000000
0.000000
0.000000
0.000000
0.000000
0.000000
-1.124397
0.888446
0.779271
0.000000
0.000000
0.000000
0.000000
0.000000
0.000000
-1.076056
0.798683
0.658128
-1.096981
0.938485
0.547361
0.000000
0.000000
0.000000
0.000000
0.000000
0.000000
-1.241920
0.779044
0.769431
-1.267934
0.731435
0.657978
0.000000
0.000000
0.000000
0.000000
0.000000
0.000000
-1.287021
0.947423
0.651957
-1.336106
1.002434
0.624442
0.000000
0.000000
0.000000
0.000000
0.000000
0.000000
-1.053968
1.093943
0.720461
-1.205231
0.756519
0.746537
0.000000
0.000000
0.000000
0.000000
0.000000
0.000000
0.000000
0.000000
0.000000
-1.318131
0.483148
0.665591
0.000000
0.000000
0.000000
0.000000
0.000000
0.000000
-1.141992
0.920488
0.582056
-1.254982
0.904241
0.705680
0.000000
0.000000
0.000000
0.000000
0.000000
0.000000
-1.311380
0.484859
0.683315
-1.337752
0.511171
0.787481
0.000000
0.000000
0.000000
0.000000
0.000000
0.000000
-1.108347
0.888677
0.645830
-1.163948
0.857923
0.590181
0.000000
0.000000
0.000000
0.000000
0.000000
0.000000
-1.219412
0.586773
0.787368
-1.307378
0.548938
0.881075
0.000000
0.000000
0.000000
0.000000
0.000000
0.000000
-1.310698
0.662745
0.804519
-1.319425
0.789712
0.810558
0.000000
0.000000
0.000000
0.000000
0.000000
0.000000
-1.640597
0.512370
0.864343
-1.645774
0.578198
0.862218
0.000000
0.000000
0.000000
0.000000
0.000000
0.000000
-1.491028
0.583720
0.851361
-1.527092
0.621589
0.823032
0.000000
0.000000
0.000000
0.000000
0.000000
0.000000
-1.333067
0.551048
0.816818
-1.354188
0.429117
0.798826
0.000000
0.000000
0.000000
0.000000
0.000000
0.000000
-1.307646
0.837625
0.726327
-1.308421
0.972243
0.739429
0.000000
0.000000
0.000000
0.000000
0.000000
0.000000
0.000000
0.000000
0.000000
-1.298437
0.635967
0.639072
0.000000
0.000000
0.000000
0.000000
0.000000
0.000000
-1.340700
0.442617
0.771295
-1.406223
0.363122
0.823309
0.000000
0.000000
0.000000
0.000000
0.000000
0.000000
-1.204972
0.513587
0.815497
-1.268687
0.460306
0.852053
0.000000
0.000000
0.000000
0.000000
0.000000
0.000000
-1.246384
1.061429
0.557094
-1.322655
1.063143
0.565372
0.000000
0.000000
0.000000
0.000000
0.000000
0.000000
-1.232586
0.665583
0.652940
-1.233745
0.749180
0.716060
0.000000
0.000000
0.000000
0.000000
0.000000
0.000000
-1.163016
0.609623
0.770320
-1.267068
0.526417
0.818002
0.000000
0.000000
0.000000
0.000000
0.000000
0.000000
-1.118211
0.950883
1.119207
-1.104757
1.322118
0.953746
0.000000
0.000000
0.000000
0.000000
0.000000
0.000000
-1.131032
0.601867
0.675009
-1.079062
0.602092
0.844778
0.000000
0.000000
0.000000
0.000000
0.000000
0.000000
-1.325746
0.868536
0.701134
-1.330764
1.067379
0.678106
0.000000
0.000000
0.000000
0.000000
0.000000
0.000000
-1.188316
0.827988
0.724582
-1.237758
0.807176
0.713817
0.000000
0.000000
0.000000
0.000000
0.000000
0.000000
-1.368996
1.009031
0.675289
-1.389734
1.081796
0.668943
0.000000
0.000000
0.000000
0.000000
0.000000
0.000000
-1.026282
0.944654
0.797097
-1.169524
0.850485
0.703299
0.000000
0.000000
0.000000
0.000000
0.000000
0.000000
-1.062882
0.694765
0.855921
-0.941708
1.508833
0.694724
0.000000
0.000000
0.000000
0.000000
0.000000
0.000000
-0.899419
1.073189
0.668932
-1.076284
0.910273
0.595791
0.000000
0.000000
0.000000
0.000000
0.000000
0.000000
-1.754266
0.735468
0.812411
-1.781515
0.680197
0.839351
0.000000
0.000000
0.000000
0.000000
0.000000
0.000000
-1.265901
0.946580
0.642276
-1.316243
0.976855
0.686557
0.000000
0.000000
0.000000
0.000000
0.000000
0.000000
-1.505915
0.386254
0.716463
-1.530966
0.426085
0.992002
0.000000
0.000000
0.000000
0.000000
0.000000
0.000000
-1.282415
0.733163
0.750424
-1.293781
0.741918
0.771939
0.000000
0.000000
0.000000
0.000000
0.000000
0.000000
-1.413094
0.963951
0.703938
-1.456285
0.983997
0.707209
0.000000
0.000000
0.000000
0.000000
0.000000
0.000000
-1.232302
0.818084
0.793709
-1.162808
0.853689
0.765384
0.000000
0.000000
0.000000
0.000000
0.000000
0.000000
0.000000
0.000000
0.000000
-1.137751
0.859782
0.693369
0.000000
0.000000
0.000000
0.000000
0.000000
0.000000
-1.087561
1.091646
0.598189
-1.179482
0.986142
0.579614
0.000000
0.000000
0.000000
0.000000
0.000000
0.000000
-1.325396
0.892435
0.680715
-1.222428
1.153167
0.676200
0.000000
0.000000
0.000000
0.000000
0.000000
0.000000
-1.372200
0.741595
0.777381
-1.434444
0.730461
0.801546
0.000000
0.000000
0.000000
0.000000
0.000000
0.000000
-1.185811
0.840451
0.657007
-1.171923
0.871614
0.664713
0.000000
0.000000
0.000000
0.000000
0.000000
0.000000
-1.040184
0.729954
0.700530
-1.174099
0.614037
0.794476
0.000000
0.000000
0.000000
0.000000
0.000000
0.000000
-1.236571
0.795963
0.778393
-1.237612
0.888088
0.730371
0.000000
0.000000
0.000000
0.000000
0.000000
0.000000
-1.142499
0.667273
0.773551
-1.216398
0.594579
0.810084
-1.583852
0.198271
0.899726
-1.566924
0.217336
0.908771
-1.583553
0.198178
0.899726
-1.486180
0.238411
0.900214
0.000000
0.000000
0.000000
0.000000
0.000000
0.000000
-1.511620
0.609057
0.882966
-1.515287
0.543024
0.852642
0.000000
0.000000
0.000000
0.000000
0.000000
0.000000
0.000000
0.000000
0.000000
-1.304092
0.384747
0.766464
0.000000
0.000000
0.000000
0.000000
0.000000
0.000000
-0.941105
1.234468
0.613855
-1.102391
1.192682
0.559011
0.000000
0.000000
0.000000
0.000000
0.000000
0.000000
-1.045863
0.780735
0.597836
-1.038280
0.907305
0.599846
0.000000
0.000000
0.000000
0.000000
0.000000
0.000000
-1.262989
0.772713
0.869288
-1.305306
0.877607
0.782299
-1.452677
0.711690
0.785422
-1.536974
0.601781
0.824977
-1.441870
0.714039
0.785422
-1.525673
0.600193
0.824977
0.000000
0.000000
0.000000
0.000000
0.000000
0.000000
-1.102765
0.984883
0.654594
-1.191561
0.952913
0.646429
0.000000
0.000000
0.000000
0.000000
0.000000
0.000000
0.000000
0.000000
0.000000
-1.169230
0.892540
0.845948
0.000000
0.000000
0.000000
0.000000
0.000000
0.000000
-1.400263
1.464346
0.420210
-1.473520
1.311824
0.484558
0.000000
0.000000
0.000000
0.000000
0.000000
0.000000
-1.459238
0.428849
0.879078
-1.509540
0.424525
0.876279
0.000000
0.000000
0.000000
0.000000
0.000000
0.000000
-1.205656
0.504650
0.736329
-1.246246
0.414135
1.117914
0.000000
0.000000
0.000000
0.000000
0.000000
0.000000
-1.332249
0.536815
0.909372
-1.374970
0.689541
0.840459
0.000000
0.000000
0.000000
0.000000
0.000000
0.000000
-1.378941
0.670711
0.811491
-1.411348
0.667108
0.809147
0.000000
0.000000
0.000000
0.000000
0.000000
0.000000
-1.329151
0.749264
0.794029
-1.408653
0.740952
0.774799
0.000000
0.000000
0.000000
0.000000
0.000000
0.000000
-1.095726
0.715445
0.730929
-1.205956
0.756035
0.798562
0.000000
0.000000
0.000000
0.000000
0.000000
0.000000
-1.109778
0.940330
0.762385
-1.147024
0.879007
0.747920
-1.208465
0.657953
0.688748
-1.236431
0.525437
0.830126
-1.173046
0.619896
0.673661
-1.168648
0.537324
0.850541
0.000000
0.000000
0.000000
0.000000
0.000000
0.000000
-1.381285
0.834837
0.777278
-1.393203
0.873188
0.783566
0.000000
0.000000
0.000000
0.000000
0.000000
0.000000
-1.124887
1.044080
0.639063
-1.158416
1.110549
0.549189
-1.446950
0.317480
0.757255
-1.428218
0.284767
0.898477
-1.456809
0.321324
0.757255
-1.414631
0.287963
0.894154
0.000000
0.000000
0.000000
0.000000
0.000000
0.000000
-0.877328
1.176506
0.687690
-1.023733
0.891010
0.646912
0.000000
0.000000
0.000000
0.000000
0.000000
0.000000
-0.872467
1.325543
0.688037
-1.084068
0.861806
0.577049
0.000000
0.000000
0.000000
0.000000
0.000000
0.000000
-1.453118
0.468034
0.862455
-1.449732
0.432362
0.892341
0.000000
0.000000
0.000000
0.000000
0.000000
0.000000
-1.081399
0.709369
0.887572
-1.245461
0.540708
0.845340
0.000000
0.000000
0.000000
0.000000
0.000000
0.000000
-1.080704
0.777022
0.724183
-1.178886
0.673836
0.813903
-1.090135
0.651086
0.817855
-1.163957
0.652553
0.798786
-1.081813
0.649009
0.819219
-1.148079
0.644916
0.797702
0.000000
0.000000
0.000000
0.000000
0.000000
0.000000
-1.424201
0.923205
0.686325
-1.414609
1.070732
0.622450
0.000000
0.000000
0.000000
0.000000
0.000000
0.000000
-1.304791
0.928881
0.740592
-1.318445
0.906607
0.694419
0.000000
0.000000
0.000000
0.000000
0.000000
0.000000
-1.530384
0.915684
0.737007
-1.556967
0.922342
0.734681
0.000000
0.000000
0.000000
0.000000
0.000000
0.000000
0.000000
0.000000
0.000000
-1.201520
0.908740
0.986646
0.000000
0.000000
0.000000
0.000000
0.000000
0.000000
-1.155738
1.165232
0.701375
-1.200202
1.123840
0.601679
0.000000
0.000000
0.000000
0.000000
0.000000
0.000000
-1.283066
0.544094
0.863399
-1.257346
0.541073
0.826134
0.000000
0.000000
0.000000
0.000000
0.000000
0.000000
-1.351115
0.440160
0.847461
-1.354780
0.486063
0.867746
0.000000
0.000000
0.000000
0.000000
0.000000
0.000000
-1.273886
0.587094
0.783129
-1.221722
0.787877
0.800879
0.000000
0.000000
0.000000
0.000000
0.000000
0.000000
-1.575772
0.491490
0.871122
-1.605262
0.479297
0.868250
0.000000
0.000000
0.000000
0.000000
0.000000
0.000000
0.000000
0.000000
0.000000
-1.011227
0.805064
0.743871
0.000000
0.000000
0.000000
0.000000
0.000000
0.000000
-1.179945
0.758763
0.822823
-1.358701
0.822098
0.787609
0.000000
0.000000
0.000000
0.000000
0.000000
0.000000
0.000000
0.000000
0.000000
-1.291887
0.705849
0.801111
0.000000
0.000000
0.000000
0.000000
0.000000
0.000000
0.000000
0.000000
0.000000
-1.076158
0.773150
0.846080
0.000000
0.000000
0.000000
0.000000
0.000000
0.000000
0.000000
0.000000
0.000000
-1.024156
0.786955
0.640258
0.000000
0.000000
0.000000
0.000000
0.000000
0.000000
-1.145374
0.915891
0.701467
-1.204462
0.923616
0.683056
0.000000
0.000000
0.000000
0.000000
0.000000
0.000000
-1.322134
0.776155
0.673849
-1.455974
0.742410
0.928190
-1.156243
0.737097
0.794354
-1.263033
0.735643
0.767297
-0.924525
1.516761
0.626066
-1.070677
1.063348
0.620723
0.000000
0.000000
0.000000
0.000000
0.000000
0.000000
-1.245332
0.742705
0.776832
-1.266830
0.734369
0.831505
0.000000
0.000000
0.000000
0.000000
0.000000
0.000000
-1.598643
0.477263
0.873280
-1.586827
0.532672
0.864857
0.000000
0.000000
0.000000
0.000000
0.000000
0.000000
0.000000
0.000000
0.000000
-1.276567
0.769348
0.824138
0.000000
0.000000
0.000000
0.000000
0.000000
0.000000
-0.968608
0.929303
0.754430
-1.046708
0.855172
0.735989
0.000000
0.000000
0.000000
0.000000
0.000000
0.000000
-1.411357
0.470876
0.830950
-1.420064
0.612066
0.826982
0.000000
0.000000
0.000000
0.000000
0.000000
0.000000
-1.486181
0.395938
0.880805
-1.530614
0.330348
0.882075
0.000000
0.000000
0.000000
0.000000
0.000000
0.000000
-1.440067
0.549635
0.813872
-1.436821
0.590832
0.835831
0.000000
0.000000
0.000000
0.000000
0.000000
0.000000
0.000000
0.000000
0.000000
-1.182384
1.092679
0.599433
0.000000
0.000000
0.000000
0.000000
0.000000
0.000000
0.000000
0.000000
0.000000
-1.211010
0.968153
0.779319
0.000000
0.000000
0.000000
0.000000
0.000000
0.000000
-1.248212
0.864644
0.863906
-1.240710
0.913551
0.709680
0.000000
0.000000
0.000000
0.000000
0.000000
0.000000
-1.009727
0.861291
0.699151
-1.036843
0.796190
0.714039
0.000000
0.000000
0.000000
0.000000
0.000000
0.000000
0.000000
0.000000
0.000000
-1.147813
1.144200
0.907196
0.000000
0.000000
0.000000
0.000000
0.000000
0.000000
-1.303352
0.603605
0.688896
-1.258061
0.667605
0.800048
0.000000
0.000000
0.000000
0.000000
0.000000
0.000000
0.000000
0.000000
0.000000
-1.239275
0.480125
0.732531
0.000000
0.000000
0.000000
0.000000
0.000000
0.000000
-1.363621
0.429845
0.893860
-1.397098
0.464796
0.892643
0.000000
0.000000
0.000000
0.000000
0.000000
0.000000
0.000000
0.000000
0.000000
-1.285129
1.121351
0.663084
0.000000
0.000000
0.000000
0.000000
0.000000
0.000000
-1.045757
1.532948
0.707063
-1.239662
1.194179
0.665501
0.000000
0.000000
0.000000
0.000000
0.000000
0.000000
0.000000
0.000000
0.000000
-0.928481
0.900734
0.631440
0.000000
0.000000
0.000000
0.000000
0.000000
0.000000
-1.572223
0.229726
0.870726
-1.520993
0.260052
0.895685
0.000000
0.000000
0.000000
0.000000
0.000000
0.000000
-1.165528
0.893099
0.713668
-1.218035
1.085750
0.694756
0.000000
0.000000
0.000000
0.000000
0.000000
0.000000
-1.361072
0.670544
0.816319
-1.456917
0.597824
0.859950
0.000000
0.000000
0.000000
0.000000
0.000000
0.000000
-1.179271
0.509392
0.792081
-1.210691
0.392042
0.834795
0.000000
0.000000
0.000000
0.000000
0.000000
0.000000
-1.544644
0.411800
0.912522
-1.627370
0.398159
0.883949
0.000000
0.000000
0.000000
0.000000
0.000000
0.000000
0.000000
0.000000
0.000000
-1.207164
0.549369
0.608499
0.000000
0.000000
0.000000
0.000000
0.000000
0.000000
-1.395703
0.769651
0.758037
-1.416691
0.789701
0.764171
0.000000
0.000000
0.000000
0.000000
0.000000
0.000000
-1.031592
0.942870
0.825367
-1.143116
0.883935
0.721288
0.000000
0.000000
0.000000
0.000000
0.000000
0.000000
-1.533702
0.616342
0.851769
-1.578380
0.633393
0.834625
0.000000
0.000000
0.000000
0.000000
0.000000
0.000000
-1.251972
0.713109
0.747609
-1.310616
0.675615
0.763842
0.000000
0.000000
0.000000
0.000000
0.000000
0.000000
-1.397479
0.553534
0.811939
-1.366376
0.607673
0.806554
0.000000
0.000000
0.000000
0.000000
0.000000
0.000000
0.000000
0.000000
0.000000
-1.163783
0.555229
0.661826
0.000000
0.000000
0.000000
0.000000
0.000000
0.000000
-1.148196
0.570050
0.644648
-1.067620
0.927187
0.977932
0.000000
0.000000
0.000000
0.000000
0.000000
0.000000
-1.072761
1.194317
0.827596
-1.123824
1.010581
0.716013
0.000000
0.000000
0.000000
0.000000
0.000000
0.000000
-1.205708
0.912776
0.530649
-1.251100
1.076581
0.537255
0.000000
0.000000
0.000000
0.000000
0.000000
0.000000
-1.275766
0.852551
0.824833
-1.313570
0.849104
0.727683
0.000000
0.000000
0.000000
0.000000
0.000000
0.000000
0.000000
0.000000
0.000000
-1.287355
1.027426
0.552404
0.000000
0.000000
0.000000
0.000000
0.000000
0.000000
0.000000
0.000000
0.000000
-1.078558
1.038856
0.830770
0.000000
0.000000
0.000000
0.000000
0.000000
0.000000
-0.964444
1.497801
0.605056
-1.079932
1.082393
0.516610
0.000000
0.000000
0.000000
0.000000
0.000000
0.000000
-1.470346
0.894688
0.896684
-1.557586
0.849009
0.784024
0.000000
0.000000
0.000000
0.000000
0.000000
0.000000
-1.342488
0.467389
0.692132
-1.439133
0.447834
0.894409
0.000000
0.000000
0.000000
0.000000
0.000000
0.000000
-1.261146
0.437505
0.830592
-1.278163
0.532947
0.845551
0.000000
0.000000
0.000000
0.000000
0.000000
0.000000
-1.530220
0.824529
0.736128
-1.564371
0.864926
0.760544
0.000000
0.000000
0.000000
0.000000
0.000000
0.000000
-1.401529
0.587130
0.859146
-1.421404
0.616523
0.851414
0.000000
0.000000
0.000000
0.000000
0.000000
0.000000
-1.211831
0.947074
0.601884
-1.263656
1.087692
0.653848
0.000000
0.000000
0.000000
0.000000
0.000000
0.000000
-1.216304
0.951713
0.785143
-1.282548
0.907734
0.834310
0.000000
0.000000
0.000000
0.000000
0.000000
0.000000
-1.491885
0.416889
0.863069
-1.557575
0.386459
0.861693
-1.302690
0.582480
0.823628
-1.294956
0.907285
0.850828
-1.342357
0.591654
0.823628
-1.317977
0.798176
0.874849
0.000000
0.000000
0.000000
-1.341014
0.950770
0.914613
0.000000
0.000000
0.000000
-1.324695
0.955307
0.914613
0.000000
0.000000
0.000000
-1.305774
0.568547
0.643633
0.000000
0.000000
0.000000
-1.317809
0.570101
0.643633
0.000000
0.000000
0.000000
0.000000
0.000000
0.000000
0.000000
0.000000
0.000000
-1.109168
1.000454
0.699906
0.000000
0.000000
0.000000
0.000000
0.000000
0.000000
-1.248627
0.700868
0.779034
-1.159992
0.817819
0.717783
0.000000
0.000000
0.000000
0.000000
0.000000
0.000000
0.000000
0.000000
0.000000
-1.098993
0.728907
0.641800
0.000000
0.000000
0.000000
0.000000
0.000000
0.000000
-1.360201
0.636994
0.807167
-1.385747
0.713363
0.812249
0.000000
0.000000
0.000000
0.000000
0.000000
0.000000
-1.149448
0.654340
1.045957
-1.312403
0.500890
0.904415
0.000000
0.000000
0.000000
0.000000
0.000000
0.000000
-1.116895
0.515822
0.640024
-1.335716
0.481705
0.843240
0.000000
0.000000
0.000000
0.000000
0.000000
0.000000
-1.156649
0.813468
0.660630
-1.187710
0.913035
0.797518
0.000000
0.000000
0.000000
0.000000
0.000000
0.000000
-1.330895
0.829987
0.682571
-1.417436
0.793758
0.742610
0.000000
0.000000
0.000000
0.000000
0.000000
0.000000
0.000000
0.000000
0.000000
-1.177777
1.000439
0.798964
0.000000
0.000000
0.000000
0.000000
0.000000
0.000000
-1.181157
0.352444
0.889262
-1.258612
0.394520
0.900650
0.000000
0.000000
0.000000
0.000000
0.000000
0.000000
-1.121144
0.983648
0.858628
-1.265239
1.028186
0.797774
0.000000
0.000000
0.000000
0.000000
0.000000
0.000000
-1.238016
0.729643
0.775691
-1.211763
0.792387
0.744478
0.000000
0.000000
0.000000
0.000000
0.000000
0.000000
-1.466628
0.405395
1.124445
-1.503120
0.398427
0.973746
0.000000
0.000000
0.000000
0.000000
0.000000
0.000000
0.000000
0.000000
0.000000
-1.170306
0.620189
0.696345
0.000000
0.000000
0.000000
0.000000
0.000000
0.000000
0.000000
0.000000
0.000000
-1.432116
0.530346
0.723395
0.000000
0.000000
0.000000
0.000000
0.000000
0.000000
-1.353959
0.589245
0.852837
-1.367393
0.553347
0.854685
0.000000
0.000000
0.000000
0.000000
0.000000
0.000000
0.000000
0.000000
0.000000
-1.097726
1.105886
0.675033
0.000000
0.000000
0.000000
0.000000
0.000000
0.000000
-1.399661
0.927644
0.736242
-1.463760
0.860934
0.775673
0.000000
0.000000
0.000000
0.000000
0.000000
0.000000
-1.263053
0.639222
0.605521
-1.085885
0.957648
0.889637
0.000000
0.000000
0.000000
0.000000
0.000000
0.000000
-1.227799
0.696879
0.758510
-1.312132
0.763822
0.786447
0.000000
0.000000
0.000000
0.000000
0.000000
0.000000
-1.205219
0.802900
0.770004
-1.217033
0.831106
0.720558
0.000000
0.000000
0.000000
0.000000
0.000000
0.000000
-1.214626
0.985593
0.709665
-1.223753
1.151471
0.645381
0.000000
0.000000
0.000000
-1.248261
0.539568
0.749327
0.000000
0.000000
0.000000
-1.173921
0.555951
0.749327
0.000000
0.000000
0.000000
0.000000
0.000000
0.000000
-1.200367
0.653804
0.651090
-1.386550
0.550954
0.789639
0.000000
0.000000
0.000000
0.000000
0.000000
0.000000
-1.044097
0.917573
0.708751
-1.164492
0.807111
0.799597
0.000000
0.000000
0.000000
0.000000
0.000000
0.000000
-1.236574
1.173683
0.528732
-1.278516
1.325834
0.474045
0.000000
0.000000
0.000000
0.000000
0.000000
0.000000
-1.431940
0.563368
0.879398
-1.505071
0.467026
0.859672
-1.428741
0.834737
0.774872
-1.447568
0.897335
0.756725
-1.399397
0.872336
0.766791
-1.393125
0.960377
0.723256
0.000000
0.000000
0.000000
0.000000
0.000000
0.000000
-1.378130
0.526693
0.753806
-1.380656
0.439677
0.875912
0.000000
0.000000
0.000000
0.000000
0.000000
0.000000
-1.176243
1.133461
0.692425
-1.209425
1.123274
0.601845
0.000000
0.000000
0.000000
0.000000
0.000000
0.000000
0.000000
0.000000
0.000000
-1.362802
0.729205
0.676790
0.000000
0.000000
0.000000
0.000000
0.000000
0.000000
-1.299914
0.365531
0.797606
-1.320385
0.423661
0.868816
0.000000
0.000000
0.000000
0.000000
0.000000
0.000000
0.000000
0.000000
0.000000
-1.011721
0.674579
0.844668
0.000000
0.000000
0.000000
0.000000
0.000000
0.000000
-1.022797
1.180735
0.737849
-1.137247
1.098586
0.568806
0.000000
0.000000
0.000000
-1.086206
0.524566
0.799149
0.000000
0.000000
0.000000
-1.054870
0.528171
0.799149
0.000000
0.000000
0.000000
0.000000
0.000000
0.000000
0.000000
0.000000
0.000000
-1.331348
0.464700
0.811292
-1.442044
0.944323
0.733325
-1.481315
0.940959
0.742863
-1.362656
1.132192
0.641390
-1.385717
1.116468
0.619020
0.000000
0.000000
0.000000
0.000000
0.000000
0.000000
-1.561930
0.487222
0.871528
-1.581929
0.512855
0.866658
0.000000
0.000000
0.000000
0.000000
0.000000
0.000000
-0.980124
0.822691
0.708148
-1.119189
0.694130
0.771897
0.000000
0.000000
0.000000
0.000000
0.000000
0.000000
-1.518124
0.466837
0.888641
-1.489758
0.412562
0.884160
0.000000
0.000000
0.000000
0.000000
0.000000
0.000000
-1.414958
0.948570
0.821599
-1.554280
0.783065
0.846262
0.000000
0.000000
0.000000
0.000000
0.000000
0.000000
-1.261893
0.615411
0.717463
-1.181762
0.669687
0.725370
0.000000
0.000000
0.000000
0.000000
0.000000
0.000000
-1.061698
0.784582
0.631357
-1.125436
1.315506
0.528915
0.000000
0.000000
0.000000
0.000000
0.000000
0.000000
-1.239916
0.878456
0.628563
-1.250587
0.956606
0.686443
0.000000
0.000000
0.000000
0.000000
0.000000
0.000000
-1.642429
0.587517
0.839887
-1.662088
0.602626
0.844668
0.000000
0.000000
0.000000
0.000000
0.000000
0.000000
-1.517818
0.631136
0.687968
-1.533579
0.516097
0.841100
0.000000
0.000000
0.000000
0.000000
0.000000
0.000000
-1.555284
0.522001
0.892557
-1.561400
0.491535
0.857873
0.000000
0.000000
0.000000
-1.097982
0.938177
0.769339
0.000000
0.000000
0.000000
-1.062540
0.968709
0.769339
0.000000
0.000000
0.000000
0.000000
0.000000
0.000000
-1.436294
1.038058
0.519464
-1.443865
1.216293
0.627930
0.000000
0.000000
0.000000
0.000000
0.000000
0.000000
-1.588787
0.267202
0.910904
-1.607984
0.273042
0.904996
0.000000
0.000000
0.000000
0.000000
0.000000
0.000000
-1.509284
0.562111
0.853441
-1.543666
0.503593
0.858438
0.000000
0.000000
0.000000
0.000000
0.000000
0.000000
-1.258839
0.939354
0.644673
-1.260789
1.111282
0.589122
0.000000
0.000000
0.000000
0.000000
0.000000
0.000000
-1.102455
0.970026
0.648429
-1.100427
1.008940
0.670348
0.000000
0.000000
0.000000
0.000000
0.000000
0.000000
-1.422350
0.652515
0.725828
-1.415301
0.811335
0.796748
0.000000
0.000000
0.000000
0.000000
0.000000
0.000000
0.000000
0.000000
0.000000
-0.932292
0.850202
0.826544
0.000000
0.000000
0.000000
0.000000
0.000000
0.000000
-1.398113
0.635216
0.817464
-1.352091
0.751104
0.761630
-1.120226
0.533343
0.650728
-1.226721
0.539095
0.853885
-1.094375
0.538350
0.650728
-1.202021
0.501626
0.875398
0.000000
0.000000
0.000000
0.000000
0.000000
0.000000
-1.399686
1.135559
0.614801
-1.450681
1.106249
0.622185
0.000000
0.000000
0.000000
0.000000
0.000000
0.000000
0.000000
0.000000
0.000000
-1.145529
0.881663
0.778118
0.000000
0.000000
0.000000
0.000000
0.000000
0.000000
-1.582523
0.734653
0.798295
-1.607511
0.866307
0.793926
0.000000
0.000000
0.000000
0.000000
0.000000
0.000000
-1.415561
0.643421
0.763928
-1.468838
0.633331
0.810758
0.000000
0.000000
0.000000
0.000000
0.000000
0.000000
-1.153099
0.569911
0.802723
-1.132503
0.666261
0.751515
0.000000
0.000000
0.000000
0.000000
0.000000
0.000000
-1.499179
1.036463
0.674962
-1.524820
1.034400
0.681646
0.000000
0.000000
0.000000
0.000000
0.000000
0.000000
-1.249071
1.013728
0.621009
-1.272537
1.168576
0.574508
0.000000
0.000000
0.000000
0.000000
0.000000
0.000000
-1.300359
0.383026
0.771779
-1.424964
0.341576
0.954028
0.000000
0.000000
0.000000
0.000000
0.000000
0.000000
-1.156156
1.022808
0.654857
-1.242771
1.199776
0.651937
0.000000
0.000000
0.000000
0.000000
0.000000
0.000000
-1.166732
0.883101
0.671520
-1.227809
1.116112
0.684350
0.000000
0.000000
0.000000
0.000000
0.000000
0.000000
-1.439341
1.076432
0.606559
-1.461126
1.248274
0.607978
0.000000
0.000000
0.000000
0.000000
0.000000
0.000000
-1.086229
0.619877
0.707652
-1.086787
0.692082
0.811461
0.000000
0.000000
0.000000
0.000000
0.000000
0.000000
-1.194550
0.762943
0.790771
-1.150380
0.974493
0.670319
0.000000
0.000000
0.000000
0.000000
0.000000
0.000000
-1.289337
0.731233
0.892622
-1.273867
1.024812
0.794857
0.000000
0.000000
0.000000
0.000000
0.000000
0.000000
-1.198679
1.005922
0.557462
-1.369281
0.876693
0.744630
0.000000
0.000000
0.000000
0.000000
0.000000
0.000000
-1.429183
0.691805
0.805006
-1.438019
0.790869
0.804785
0.000000
0.000000
0.000000
0.000000
0.000000
0.000000
-1.261513
0.602193
0.740938
-1.251905
0.637600
0.776481
0.000000
0.000000
0.000000
0.000000
0.000000
0.000000
-1.292883
0.508636
0.843999
-1.373400
0.491744
0.853060
0.000000
0.000000
0.000000
0.000000
0.000000
0.000000
-1.126825
0.696517
0.675957
-1.171310
0.582473
0.897243
0.000000
0.000000
0.000000
0.000000
0.000000
0.000000
-1.325834
1.055467
0.628018
-1.382908
0.946329
0.703970
0.000000
0.000000
0.000000
0.000000
0.000000
0.000000
-1.238629
0.691457
0.639027
-1.309475
0.659520
0.714678
0.000000
0.000000
0.000000
0.000000
0.000000
0.000000
0.000000
0.000000
0.000000
-1.308587
0.758479
0.804204
0.000000
0.000000
0.000000
0.000000
0.000000
0.000000
-1.158052
1.056259
0.790782
-1.145128
1.089418
0.723181
0.000000
0.000000
0.000000
0.000000
0.000000
0.000000
-1.444131
0.576537
0.835430
-1.456191
0.597280
0.837069
0.000000
0.000000
0.000000
0.000000
0.000000
0.000000
-1.249274
0.829015
0.647348
-1.226314
0.819811
0.731756
0.000000
0.000000
0.000000
0.000000
0.000000
0.000000
-1.303742
0.691299
0.647809
-1.276021
0.678468
0.778285
0.000000
0.000000
0.000000
0.000000
0.000000
0.000000
-1.679174
1.032660
0.709077
-1.701526
1.031352
0.714103
0.000000
0.000000
0.000000
0.000000
0.000000
0.000000
-1.187596
0.778474
0.690886
-1.262708
0.575083
0.832772
0.000000
0.000000
0.000000
0.000000
0.000000
0.000000
-1.442090
0.536192
0.886385
-1.507078
0.526815
0.847151
0.000000
0.000000
0.000000
0.000000
0.000000
0.000000
-1.286124
0.699653
0.759068
-1.326139
0.711172
0.847441
0.000000
0.000000
0.000000
0.000000
0.000000
0.000000
-1.253038
1.022368
0.581474
-1.268394
0.964577
0.544881
0.000000
0.000000
0.000000
0.000000
0.000000
0.000000
-1.320071
0.923039
0.847830
-1.357507
0.865492
0.790859
0.000000
0.000000
0.000000
0.000000
0.000000
0.000000
0.000000
0.000000
0.000000
-1.090945
0.999141
0.790228
0.000000
0.000000
0.000000
0.000000
0.000000
0.000000
-1.164045
0.626321
0.763408
-1.232866
0.432853
0.745917
0.000000
0.000000
0.000000
0.000000
0.000000
0.000000
-1.156569
0.821222
0.662138
-1.043969
1.023127
0.674084
0.000000
0.000000
0.000000
0.000000
0.000000
0.000000
-1.181402
1.012571
0.914891
-1.178055
1.138312
0.796031
0.000000
0.000000
0.000000
0.000000
0.000000
0.000000
-1.357789
0.592970
0.976020
-1.347118
0.612022
0.839124
0.000000
0.000000
0.000000
0.000000
0.000000
0.000000
-1.181850
0.862092
0.739985
-1.222088
0.915243
0.646203
0.000000
0.000000
0.000000
0.000000
0.000000
0.000000
-1.451773
1.065966
0.713079
-1.515402
0.935031
0.688357
0.000000
0.000000
0.000000
0.000000
0.000000
0.000000
-1.192749
0.772412
0.783382
-1.299860
0.663172
0.778267
0.000000
0.000000
0.000000
0.000000
0.000000
0.000000
-1.341451
0.606225
0.800331
-1.327056
0.621253
0.809358
0.000000
0.000000
0.000000
0.000000
0.000000
0.000000
-1.263324
0.780161
0.833349
-1.317357
0.777304
0.792192
0.000000
0.000000
0.000000
0.000000
0.000000
0.000000
-1.308618
0.589132
0.805322
-1.324735
0.629163
0.811527
0.000000
0.000000
0.000000
0.000000
0.000000
0.000000
-1.358186
1.032810
0.672280
-1.415171
1.047857
0.661038
0.000000
0.000000
0.000000
0.000000
0.000000
0.000000
-1.462909
0.621787
0.859923
-1.476575
0.660302
0.833081
0.000000
0.000000
0.000000
0.000000
0.000000
0.000000
-1.111835
0.854788
0.802729
-1.120439
0.983572
0.832959
0.000000
0.000000
0.000000
0.000000
0.000000
0.000000
-1.407766
0.528285
0.850260
-1.463895
0.515827
0.821254
0.000000
0.000000
0.000000
0.000000
0.000000
0.000000
-1.051686
1.155296
0.582781
-1.188816
1.018025
0.580867
0.000000
0.000000
0.000000
0.000000
0.000000
0.000000
-0.856488
1.043777
0.859920
-1.011832
0.886234
0.716835
0.000000
0.000000
0.000000
0.000000
0.000000
0.000000
-1.391049
0.605322
0.836425
-1.398204
0.596918
0.820560
-1.200781
0.748117
0.802178
-1.284032
0.670590
0.785456
-1.212349
0.816091
0.798408
-1.255499
0.764509
0.759339
0.000000
0.000000
0.000000
0.000000
0.000000
0.000000
0.000000
0.000000
0.000000
-1.102326
1.036884
0.623635
-1.104092
0.678189
0.760126
-1.138206
0.690318
0.786892
-1.097889
0.677519
0.760095
-1.145638
0.685932
0.788650
0.000000
0.000000
0.000000
0.000000
0.000000
0.000000
-1.489953
0.873185
0.715431
-1.568561
0.872271
0.766249
0.000000
0.000000
0.000000
0.000000
0.000000
0.000000
-1.436923
0.620533
0.715988
-1.339550
0.713132
0.688572
0.000000
0.000000
0.000000
0.000000
0.000000
0.000000
-1.159883
0.578406
0.669831
-1.231835
0.496073
0.781333
0.000000
0.000000
0.000000
0.000000
0.000000
0.000000
0.000000
0.000000
0.000000
-1.290924
0.910120
0.742334
0.000000
0.000000
0.000000
0.000000
0.000000
0.000000
-1.224696
0.699756
0.766657
-1.248229
0.789533
0.750176
0.000000
0.000000
0.000000
0.000000
0.000000
0.000000
-1.467216
0.362650
0.693351
-1.345661
0.493763
0.958763
0.000000
0.000000
0.000000
0.000000
0.000000
0.000000
-1.179510
0.706071
0.681848
-1.249065
0.731870
0.834862
0.000000
0.000000
0.000000
0.000000
0.000000
0.000000
-1.655289
0.580354
0.858696
-1.665435
0.566632
0.853017
0.000000
0.000000
0.000000
0.000000
0.000000
0.000000
0.000000
0.000000
0.000000
-1.022879
1.772072
0.677399
0.000000
0.000000
0.000000
0.000000
0.000000
0.000000
-1.410494
0.781742
0.753180
-1.461767
0.746303
0.805016
0.000000
0.000000
0.000000
0.000000
0.000000
0.000000
-1.381680
0.679828
0.807337
-1.431423
0.620729
0.811569
0.000000
0.000000
0.000000
0.000000
0.000000
0.000000
-1.663694
0.634700
0.849076
-1.681215
0.620767
0.844256
0.000000
0.000000
0.000000
0.000000
0.000000
0.000000
-1.391415
0.497911
0.659536
-1.495969
0.401771
0.921849
0.000000
0.000000
0.000000
0.000000
0.000000
0.000000
-1.095214
1.279492
0.746539
-1.252150
1.026882
0.617415
0.000000
0.000000
0.000000
-0.967266
2.074847
0.891762
0.000000
0.000000
0.000000
-0.996850
1.864295
0.936897
0.000000
0.000000
0.000000
0.000000
0.000000
0.000000
-1.296765
0.822603
0.783345
-1.356727
0.890164
0.731871
0.000000
0.000000
0.000000
0.000000
0.000000
0.000000
-1.279771
0.698485
0.814192
-1.302428
0.871130
0.737036
0.000000
0.000000
0.000000
0.000000
0.000000
0.000000
0.000000
0.000000
0.000000
-1.172032
0.601712
0.816037
0.000000
0.000000
0.000000
0.000000
0.000000
0.000000
0.000000
0.000000
0.000000
-1.467502
0.462774
0.680750
0.000000
0.000000
0.000000
0.000000
0.000000
0.000000
-1.135135
0.890470
0.622371
-1.172416
0.908687
0.747307
0.000000
0.000000
0.000000
0.000000
0.000000
0.000000
-1.434631
0.600316
0.682925
-1.594289
0.427115
0.943485
0.000000
0.000000
0.000000
0.000000
0.000000
0.000000
-1.243815
0.611831
0.744546
-1.250363
0.855316
0.673981
0.000000
0.000000
0.000000
0.000000
0.000000
0.000000
-1.491770
0.744146
0.807928
-1.504240
0.789029
0.793794
0.000000
0.000000
0.000000
0.000000
0.000000
0.000000
-1.391706
0.615345
0.801967
-1.419010
0.592993
0.808964
0.000000
0.000000
0.000000
0.000000
0.000000
0.000000
-1.101607
0.865803
0.640756
-1.110621
0.958423
0.620619
0.000000
0.000000
0.000000
0.000000
0.000000
0.000000
-1.370994
0.466983
0.668775
-1.406907
0.459009
0.944177
0.000000
0.000000
0.000000
0.000000
0.000000
0.000000
-1.396835
0.927608
0.571087
-1.464066
0.775269
0.687378
0.000000
0.000000
0.000000
0.000000
0.000000
0.000000
0.000000
0.000000
0.000000
-1.186713
0.710461
0.778089
0.000000
0.000000
0.000000
0.000000
0.000000
0.000000
-1.172859
0.957353
0.619569
-1.220669
1.006804
0.640371
0.000000
0.000000
0.000000
0.000000
0.000000
0.000000
-0.991246
0.998213
0.701460
-1.099393
0.730770
0.837180
0.000000
0.000000
0.000000
0.000000
0.000000
0.000000
-1.232210
0.776717
0.726437
-1.304698
0.702212
0.774117
0.000000
0.000000
0.000000
0.000000
0.000000
0.000000
0.000000
0.000000
0.000000
-1.228605
0.764917
0.637194
0.000000
0.000000
0.000000
0.000000
0.000000
0.000000
-1.912303
0.491589
0.882931
-1.931243
0.501569
0.880529
-1.252018
0.582738
0.704954
-1.273261
0.622772
0.864671
-1.208947
0.588778
0.704954
-1.253251
0.639949
0.874339
0.000000
0.000000
0.000000
0.000000
0.000000
0.000000
-1.060184
0.756518
0.654294
-1.160007
0.676130
0.904318
0.000000
0.000000
0.000000
0.000000
0.000000
0.000000
0.000000
0.000000
0.000000
-1.360426
0.455104
0.699084
0.000000
0.000000
0.000000
0.000000
0.000000
0.000000
-1.392051
0.960569
0.696108
-1.435118
0.950350
0.707150
0.000000
0.000000
0.000000
0.000000
0.000000
0.000000
-1.242390
1.105951
0.569759
-1.344312
1.299633
0.484295
0.000000
0.000000
0.000000
0.000000
0.000000
0.000000
-1.664616
0.339920
0.888157
-1.683996
0.358116
0.876060
0.000000
0.000000
0.000000
0.000000
0.000000
0.000000
-1.521113
0.339295
0.897735
-1.583060
0.328033
0.907898
0.000000
0.000000
0.000000
0.000000
0.000000
0.000000
-1.374414
0.642544
0.844103
-1.441052
0.671979
0.807163
0.000000
0.000000
0.000000
0.000000
0.000000
0.000000
-1.160367
0.615246
0.695044
-1.144725
0.660042
0.826470
-1.330311
0.591541
0.772647
-1.382371
0.642520
0.898994
-1.284402
0.600681
0.772647
-1.337689
0.621502
0.919222
0.000000
0.000000
0.000000
0.000000
0.000000
0.000000
-1.051472
0.858074
0.811097
-1.167192
0.645053
0.767937
0.000000
0.000000
0.000000
0.000000
0.000000
0.000000
-1.167916
0.733157
0.731701
-1.170011
0.821998
0.754368
0.000000
0.000000
0.000000
0.000000
0.000000
0.000000
-1.152353
0.649017
0.875882
-1.181947
0.650781
0.834044
0.000000
0.000000
0.000000
0.000000
0.000000
0.000000
-1.314805
0.575138
0.733821
-1.271094
0.690889
0.875559
0.000000
0.000000
0.000000
0.000000
0.000000
0.000000
-1.254937
1.079943
0.639132
-1.297710
1.077135
0.682242
0.000000
0.000000
0.000000
0.000000
0.000000
0.000000
0.000000
0.000000
0.000000
-1.208618
0.613372
0.627663
0.000000
0.000000
0.000000
0.000000
0.000000
0.000000
-1.201828
0.383410
0.889908
-1.319795
0.366027
0.867196
0.000000
0.000000
0.000000
0.000000
0.000000
0.000000
-1.518453
0.759970
0.826731
-1.513703
0.800675
0.800829
0.000000
0.000000
0.000000
0.000000
0.000000
0.000000
-1.306809
0.599624
0.809646
-1.330560
0.548297
0.829113
0.000000
0.000000
0.000000
0.000000
0.000000
0.000000
-1.104208
0.583985
0.941185
-1.147577
0.660943
0.890370
0.000000
0.000000
0.000000
0.000000
0.000000
0.000000
-1.508568
0.632560
0.812861
-1.502104
0.690199
0.816849
0.000000
0.000000
0.000000
0.000000
0.000000
0.000000
0.000000
0.000000
0.000000
-1.293448
0.778731
0.745771
0.000000
0.000000
0.000000
0.000000
0.000000
0.000000
-1.301003
0.646421
0.865639
-1.330279
0.672254
0.859827
0.000000
0.000000
0.000000
0.000000
0.000000
0.000000
-1.125456
1.247557
0.560695
-1.191080
1.127499
0.567887
0.000000
0.000000
0.000000
0.000000
0.000000
0.000000
-1.366663
1.045029
0.626858
-1.386936
1.139071
0.637636
-1.259711
0.971860
0.663693
-1.298411
0.991458
0.665336
-1.250255
0.981005
0.652526
-1.267514
0.998764
0.659942
0.000000
0.000000
0.000000
0.000000
0.000000
0.000000
0.000000
0.000000
0.000000
-1.025562
0.841559
0.730656
0.000000
0.000000
0.000000
0.000000
0.000000
0.000000
-1.070369
0.827542
0.628451
-1.116709
0.673345
0.637935
0.000000
0.000000
0.000000
0.000000
0.000000
0.000000
-1.055900
1.149015
0.733540
-1.099285
0.892055
0.633018
0.000000
0.000000
0.000000
0.000000
0.000000
0.000000
-1.055592
0.911327
0.805683
-1.128949
1.108269
0.709128
0.000000
0.000000
0.000000
0.000000
0.000000
0.000000
-1.405137
0.575952
0.799649
-1.439901
0.561549
0.823362
0.000000
0.000000
0.000000
0.000000
0.000000
0.000000
0.000000
0.000000
0.000000
-1.140337
0.917316
0.729986
0.000000
0.000000
0.000000
0.000000
0.000000
0.000000
-1.012834
1.190441
0.595070
-1.085369
1.223709
0.491789
0.000000
0.000000
0.000000
0.000000
0.000000
0.000000
-1.447493
0.613894
0.824056
-1.477524
0.601741
0.845938
0.000000
0.000000
0.000000
0.000000
0.000000
0.000000
-1.605889
0.321475
0.911415
-1.687336
0.277864
0.905371
-1.155335
0.950519
0.659155
-1.200642
0.757777
0.759987
-1.079146
0.986661
0.659155
-1.126235
0.842490
0.672109
0.000000
0.000000
0.000000
0.000000
0.000000
0.000000
-0.945052
1.040722
0.793547
-1.087126
0.809257
0.666997
0.000000
0.000000
0.000000
0.000000
0.000000
0.000000
-1.410676
0.831819
0.753171
-1.433393
0.831100
0.752040
0.000000
0.000000
0.000000
0.000000
0.000000
0.000000
-1.072172
0.627647
0.826255
-1.104104
0.614203
0.770055
0.000000
0.000000
0.000000
0.000000
0.000000
0.000000
0.000000
0.000000
0.000000
-1.217849
0.773708
0.916489
0.000000
0.000000
0.000000
0.000000
0.000000
0.000000
0.000000
0.000000
0.000000
-0.937931
1.170550
0.687302
0.000000
0.000000
0.000000
0.000000
0.000000
0.000000
-1.379339
0.890955
0.695779
-1.414722
0.932721
0.708454
0.000000
0.000000
0.000000
0.000000
0.000000
0.000000
-1.306248
0.498575
0.887952
-1.325616
0.383325
0.877637
0.000000
0.000000
0.000000
0.000000
0.000000
0.000000
-1.254597
0.883852
0.628464
-1.296554
0.904163
0.669555
0.000000
0.000000
0.000000
0.000000
0.000000
0.000000
-1.501330
0.657574
0.807048
-1.485574
0.785973
0.818741
-1.212755
0.772628
0.857293
-1.080146
1.162480
0.722118
-1.232630
0.776869
0.857293
-1.066020
1.243375
0.711131
0.000000
0.000000
0.000000
0.000000
0.000000
0.000000
-1.296125
0.776819
0.773837
-1.273327
0.794181
0.790295
0.000000
0.000000
0.000000
0.000000
0.000000
0.000000
-1.437378
0.876488
0.723268
-1.470903
0.862184
0.755210
0.000000
0.000000
0.000000
0.000000
0.000000
0.000000
0.000000
0.000000
0.000000
-1.308916
0.469241
0.756638
0.000000
0.000000
0.000000
0.000000
0.000000
0.000000
0.000000
0.000000
0.000000
-1.233535
1.069291
0.667448
0.000000
0.000000
0.000000
0.000000
0.000000
0.000000
-1.558874
0.728672
0.805561
-1.584513
0.721067
0.808110
0.000000
0.000000
0.000000
0.000000
0.000000
0.000000
-1.465931
0.924355
0.717880
-1.561045
0.908645
0.725525
0.000000
0.000000
0.000000
0.000000
0.000000
0.000000
-1.301111
0.817140
0.718923
-1.413948
0.760590
0.741288
0.000000
0.000000
0.000000
0.000000
0.000000
0.000000
-1.428569
0.546354
0.905621
-1.441215
0.487683
0.853432
0.000000
0.000000
0.000000
0.000000
0.000000
0.000000
0.000000
0.000000
0.000000
-1.303828
0.759458
0.767001
0.000000
0.000000
0.000000
0.000000
0.000000
0.000000
-1.267445
0.873558
0.684019
-1.260827
0.950537
0.685342
0.000000
0.000000
0.000000
0.000000
0.000000
0.000000
-1.173872
0.980314
0.652196
-1.217791
0.944170
0.680386
0.000000
0.000000
0.000000
0.000000
0.000000
0.000000
-1.486457
0.722637
0.818285
-1.587448
0.664135
0.844924
0.000000
0.000000
0.000000
0.000000
0.000000
0.000000
0.000000
0.000000
0.000000
-0.990811
0.625048
0.824302
0.000000
0.000000
0.000000
0.000000
0.000000
0.000000
-1.237503
1.250123
0.761269
-1.308330
1.315108
0.758147
0.000000
0.000000
0.000000
0.000000
0.000000
0.000000
-1.537134
0.562080
0.871848
-1.558445
0.618354
0.849802
0.000000
0.000000
0.000000
0.000000
0.000000
0.000000
-0.959757
1.454349
0.772413
-1.113574
1.078604
0.707795
0.000000
0.000000
0.000000
0.000000
0.000000
0.000000
-1.200013
0.700602
0.882403
-1.233459
0.820125
0.822871
0.000000
0.000000
0.000000
0.000000
0.000000
0.000000
-1.360727
0.542355
0.880759
-1.313953
0.720194
0.924866
0.000000
0.000000
0.000000
0.000000
0.000000
0.000000
0.000000
0.000000
0.000000
-1.246864
0.980885
0.737752
0.000000
0.000000
0.000000
0.000000
0.000000
0.000000
-1.326565
0.994071
0.669550
-1.344675
0.964307
0.671042
0.000000
0.000000
0.000000
0.000000
0.000000
0.000000
-1.739765
0.670812
0.831243
-1.748775
0.696359
0.828010
0.000000
0.000000
0.000000
0.000000
0.000000
0.000000
-1.303387
0.638037
0.869036
-1.379235
0.478419
0.838056
0.000000
0.000000
0.000000
0.000000
0.000000
0.000000
-1.299613
0.624108
0.838728
-1.315489
0.557434
0.832948
0.000000
0.000000
0.000000
0.000000
0.000000
0.000000
-1.236241
0.725960
0.761233
-1.207562
0.736996
0.668107
0.000000
0.000000
0.000000
0.000000
0.000000
0.000000
-1.255285
0.731607
0.699550
-1.262112
0.741572
0.756430
0.000000
0.000000
0.000000
-1.352362
0.564889
0.774975
0.000000
0.000000
0.000000
-1.349468
0.565196
0.774975
-1.351306
1.032711
0.680690
-1.389884
1.034087
0.667866
-1.285919
1.028041
0.675011
-1.308083
1.049187
0.657863
0.000000
0.000000
0.000000
0.000000
0.000000
0.000000
-1.095756
0.734543
0.751932
-1.248932
0.649494
0.879967
0.000000
0.000000
0.000000
0.000000
0.000000
0.000000
-1.187008
1.103173
0.900941
-1.330994
0.964455
0.792209
0.000000
0.000000
0.000000
0.000000
0.000000
0.000000
-1.088611
0.666458
0.839150
-1.039667
0.823472
0.717856
0.000000
0.000000
0.000000
0.000000
0.000000
0.000000
0.000000
0.000000
0.000000
-1.229685
0.573188
0.708257
0.000000
0.000000
0.000000
0.000000
0.000000
0.000000
-1.231790
0.790457
0.738720
-1.270863
0.794390
0.777055
0.000000
0.000000
0.000000
0.000000
0.000000
0.000000
-1.098679
0.683623
0.755076
-1.113127
0.875751
0.764698
0.000000
0.000000
0.000000
0.000000
0.000000
0.000000
-1.356271
0.426207
0.873632
-1.399972
0.469654
0.873376
0.000000
0.000000
0.000000
0.000000
0.000000
0.000000
-0.984111
1.288554
0.812268
-1.192303
0.890896
0.766230
0.000000
0.000000
0.000000
0.000000
0.000000
0.000000
0.000000
0.000000
0.000000
-1.211339
0.393688
0.675329
0.000000
0.000000
0.000000
0.000000
0.000000
0.000000
-1.093675
1.020552
0.630332
-1.128624
0.967255
0.607587
0.000000
0.000000
0.000000
0.000000
0.000000
0.000000
0.000000
0.000000
0.000000
-1.305473
0.577249
0.873919
0.000000
0.000000
0.000000
0.000000
0.000000
0.000000
0.000000
0.000000
0.000000
-1.235574
0.866053
0.615525
0.000000
0.000000
0.000000
0.000000
0.000000
0.000000
0.000000
0.000000
0.000000
-1.192967
1.186925
0.638199
0.000000
0.000000
0.000000
0.000000
0.000000
0.000000
0.000000
0.000000
0.000000
-1.034512
0.693078
0.698348
0.000000
0.000000
0.000000
0.000000
0.000000
0.000000
-1.531034
0.415491
0.888821
-1.586968
0.389564
0.896599
0.000000
0.000000
0.000000
0.000000
0.000000
0.000000
-1.364209
0.510966
0.768595
-1.396065
0.435580
0.856141
0.000000
0.000000
0.000000
0.000000
0.000000
0.000000
-1.516272
0.865064
0.744912
-1.537259
0.968081
0.762194
0.000000
0.000000
0.000000
0.000000
0.000000
0.000000
-1.261795
0.753311
0.877780
-1.333478
0.631545
0.849409
0.000000
0.000000
0.000000
0.000000
0.000000
0.000000
-0.940602
0.623747
1.279623
-0.968029
0.550549
1.061265
0.000000
0.000000
0.000000
0.000000
0.000000
0.000000
0.000000
0.000000
0.000000
-1.309045
0.413029
0.875407
0.000000
0.000000
0.000000
0.000000
0.000000
0.000000
-1.536465
0.881482
0.758068
-1.539594
0.821170
0.677779
0.000000
0.000000
0.000000
0.000000
0.000000
0.000000
0.000000
0.000000
0.000000
-1.205500
0.880773
0.819818
0.000000
0.000000
0.000000
0.000000
0.000000
0.000000
0.000000
0.000000
0.000000
-1.185723
0.657208
0.827714
0.000000
0.000000
0.000000
0.000000
0.000000
0.000000
0.000000
0.000000
0.000000
-1.051017
1.494065
0.782792
0.000000
0.000000
0.000000
0.000000
0.000000
0.000000
-1.319606
0.456642
0.704184
-1.283996
0.517554
0.785874
0.000000
0.000000
0.000000
0.000000
0.000000
0.000000
-1.043154
0.925704
0.738078
-1.089536
0.870781
0.665054
0.000000
0.000000
0.000000
0.000000
0.000000
0.000000
-1.226471
0.916517
0.812720
-1.304926
0.779951
0.764100
0.000000
0.000000
0.000000
0.000000
0.000000
0.000000
0.000000
0.000000
0.000000
-1.394785
0.533321
0.859566
0.000000
0.000000
0.000000
0.000000
0.000000
0.000000
0.000000
0.000000
0.000000
-1.154223
0.853666
0.769339
0.000000
0.000000
0.000000
0.000000
0.000000
0.000000
0.000000
0.000000
0.000000
-1.385946
0.818160
0.835537
-1.171669
0.962525
0.831944
-1.313458
1.103883
0.638796
-1.162941
0.864073
0.823246
-1.307531
0.947242
0.700436
0.000000
0.000000
0.000000
0.000000
0.000000
0.000000
-1.330829
0.935021
0.673879
-1.354101
1.013019
0.671150
0.000000
0.000000
0.000000
0.000000
0.000000
0.000000
-1.243959
0.553808
0.856526
-1.292595
0.568012
0.830168
0.000000
0.000000
0.000000
0.000000
0.000000
0.000000
-1.287354
0.577269
0.719970
-1.288108
0.516791
0.802197
0.000000
0.000000
0.000000
0.000000
0.000000
0.000000
-1.330177
1.073030
0.648773
-1.381165
1.092750
0.636026
0.000000
0.000000
0.000000
0.000000
0.000000
0.000000
-1.414993
0.842365
0.750445
-1.443575
0.846167
0.758569
0.000000
0.000000
0.000000
0.000000
0.000000
0.000000
-1.295655
0.754433
0.716869
-1.334632
0.840337
0.754646
0.000000
0.000000
0.000000
0.000000
0.000000
0.000000
-1.351712
0.553110
1.053822
-1.444675
0.473395
0.963618
0.000000
0.000000
0.000000
0.000000
0.000000
0.000000
0.000000
0.000000
0.000000
-1.221090
0.733913
0.758601
0.000000
0.000000
0.000000
0.000000
0.000000
0.000000
-1.210796
0.866147
0.759608
-1.255067
0.758928
0.747553
0.000000
0.000000
0.000000
0.000000
0.000000
0.000000
-1.353399
0.894237
0.657835
-1.359386
0.831756
0.691481
-1.221432
0.650017
0.780431
-1.268177
0.654862
0.876745
-1.130228
0.592609
0.837589
-1.161464
0.676378
0.856129
0.000000
0.000000
0.000000
0.000000
0.000000
0.000000
0.000000
0.000000
0.000000
-1.069263
0.911162
0.685883
0.000000
0.000000
0.000000
0.000000
0.000000
0.000000
0.000000
0.000000
0.000000
-1.130463
0.960805
0.774881
0.000000
0.000000
0.000000
0.000000
0.000000
0.000000
0.000000
0.000000
0.000000
-1.299568
0.487204
0.678741
0.000000
0.000000
0.000000
0.000000
0.000000
0.000000
-1.241821
0.673943
0.764290
-1.357880
0.583139
0.820912
0.000000
0.000000
0.000000
0.000000
0.000000
0.000000
-1.321022
0.638135
0.812567
-1.343573
0.665822
0.809724
0.000000
0.000000
0.000000
0.000000
0.000000
0.000000
-1.221838
0.644639
0.844645
-1.302861
0.670289
0.780329
-0.987629
0.701853
0.853462
-0.963460
0.978524
0.758825
-0.937675
0.711641
0.853462
-0.940995
0.903846
0.762486
0.000000
0.000000
0.000000
0.000000
0.000000
0.000000
-1.205511
0.539950
0.938139
-1.223580
0.638335
0.839357
0.000000
0.000000
0.000000
0.000000
0.000000
0.000000
-1.168401
0.866694
0.704965
-1.295779
0.672988
0.847722
0.000000
0.000000
0.000000
0.000000
0.000000
0.000000
-1.514171
0.587479
0.791532
-1.540725
0.493911
0.859448
0.000000
0.000000
0.000000
0.000000
0.000000
0.000000
0.000000
0.000000
0.000000
-0.988362
2.689262
0.776997
0.000000
0.000000
0.000000
0.000000
0.000000
0.000000
-1.564789
0.978911
0.696440
-1.580440
0.985551
0.704680
0.000000
0.000000
0.000000
0.000000
0.000000
0.000000
-1.086898
0.708850
0.804346
-1.163531
0.646924
0.804689
0.000000
0.000000
0.000000
0.000000
0.000000
0.000000
-1.561187
0.753422
0.741202
-1.615731
0.713704
0.802946
0.000000
0.000000
0.000000
0.000000
0.000000
0.000000
-1.387574
0.591144
0.726229
-1.475490
0.481330
0.841471
0.000000
0.000000
0.000000
0.000000
0.000000
0.000000
-1.278528
0.339271
0.723757
-1.325692
0.297107
0.860715
0.000000
0.000000
0.000000
0.000000
0.000000
0.000000
-1.792192
0.553142
0.873971
-1.812040
0.548997
0.858217
0.000000
0.000000
0.000000
0.000000
0.000000
0.000000
0.000000
0.000000
0.000000
-1.108798
1.058007
0.854282
0.000000
0.000000
0.000000
0.000000
0.000000
0.000000
0.000000
0.000000
0.000000
-1.189250
0.565437
0.913474
0.000000
0.000000
0.000000
0.000000
0.000000
0.000000
-1.127783
0.848358
0.842406
-1.195744
0.872999
0.861546
0.000000
0.000000
0.000000
0.000000
0.000000
0.000000
-1.571950
0.478807
0.855602
-1.475337
0.643211
0.851347
0.000000
0.000000
0.000000
0.000000
0.000000
0.000000
0.000000
0.000000
0.000000
-0.997252
1.239116
0.621921
0.000000
0.000000
0.000000
0.000000
0.000000
0.000000
-1.272004
1.002383
0.756419
-1.427029
0.763127
0.720107
0.000000
0.000000
0.000000
0.000000
0.000000
0.000000
-1.151750
1.026223
0.631757
-1.195203
1.007501
0.610087
0.000000
0.000000
0.000000
0.000000
0.000000
0.000000
-1.479871
0.728078
0.791992
-1.496389
0.766097
0.796827
0.000000
0.000000
0.000000
0.000000
0.000000
0.000000
0.000000
0.000000
0.000000
-1.134396
0.667852
0.739961
0.000000
0.000000
0.000000
0.000000
0.000000
0.000000
0.000000
0.000000
0.000000
-1.177915
1.280466
0.718956
0.000000
0.000000
0.000000
0.000000
0.000000
0.000000
-1.307892
0.896021
0.706291
-1.315656
0.844904
0.693778
0.000000
0.000000
0.000000
0.000000
0.000000
0.000000
0.000000
0.000000
0.000000
-1.274309
0.433734
0.639895
0.000000
0.000000
0.000000
0.000000
0.000000
0.000000
-1.467879
0.665308
0.810012
-1.494810
0.642103
0.820270
0.000000
0.000000
0.000000
0.000000
0.000000
0.000000
-1.289612
0.550595
0.602479
-1.207928
0.578022
0.946493
0.000000
0.000000
0.000000
0.000000
0.000000
0.000000
-1.346762
0.905505
0.707101
-1.512095
0.773335
0.806503
0.000000
0.000000
0.000000
0.000000
0.000000
0.000000
-1.170930
0.810939
0.754127
-1.197512
0.862998
0.704022
0.000000
0.000000
0.000000
0.000000
0.000000
0.000000
-1.096447
0.704117
0.644629
-1.196589
0.700391
0.757353
0.000000
0.000000
0.000000
0.000000
0.000000
0.000000
-1.458266
1.176183
0.715280
-1.507556
1.145715
0.641554
0.000000
0.000000
0.000000
0.000000
0.000000
0.000000
-1.368184
1.052920
0.696271
-1.415153
1.045525
0.727930
0.000000
0.000000
0.000000
0.000000
0.000000
0.000000
-1.214262
1.163767
0.805778
-1.264191
1.046702
0.783099
0.000000
0.000000
0.000000
0.000000
0.000000
0.000000
-1.195610
0.907589
0.678436
-1.256039
0.797503
0.708708
0.000000
0.000000
0.000000
0.000000
0.000000
0.000000
-1.199598
0.801057
0.752993
-1.333006
0.734190
0.837615
0.000000
0.000000
0.000000
0.000000
0.000000
0.000000
0.000000
0.000000
0.000000
-1.386281
0.580340
0.568210
0.000000
0.000000
0.000000
0.000000
0.000000
0.000000
-1.587390
0.450410
0.859582
-1.629000
0.436044
0.869574
0.000000
0.000000
0.000000
0.000000
0.000000
0.000000
-1.427516
0.439580
0.694822
-1.262832
0.667339
0.972723
0.000000
0.000000
0.000000
0.000000
0.000000
0.000000
-1.293985
1.162461
0.708705
-1.434707
0.785779
0.729755
0.000000
0.000000
0.000000
0.000000
0.000000
0.000000
0.000000
0.000000
0.000000
-1.249554
0.657447
0.889652
0.000000
0.000000
0.000000
0.000000
0.000000
0.000000
-1.205494
1.018015
0.581154
-1.276606
1.194456
0.711002
-1.226373
1.125255
0.777122
-1.342557
0.871860
0.608740
-1.264800
0.982022
0.813401
-1.375769
0.783967
0.659148
-1.237169
1.138399
0.636140
-1.240374
1.238107
0.588582
-1.225570
1.254541
0.594378
-1.218179
1.293797
0.560379
0.000000
0.000000
0.000000
0.000000
0.000000
0.000000
-1.121526
0.557095
0.756562
-1.066877
0.797595
0.784055
0.000000
0.000000
0.000000
0.000000
0.000000
0.000000
-1.143730
0.804712
0.727496
-1.071805
0.945475
0.754600
0.000000
0.000000
0.000000
0.000000
0.000000
0.000000
-1.198454
1.161907
0.621141
-1.292995
0.957791
0.673470
0.000000
0.000000
0.000000
0.000000
0.000000
0.000000
-1.076394
0.718886
0.583131
-1.055018
1.029851
0.558121
0.000000
0.000000
0.000000
0.000000
0.000000
0.000000
-1.137631
1.124282
0.677714
-1.228624
1.075765
0.648389
0.000000
0.000000
0.000000
0.000000
0.000000
0.000000
-1.248200
0.538929
0.813047
-1.185041
0.662617
0.766204
0.000000
0.000000
0.000000
0.000000
0.000000
0.000000
-1.434181
0.457943
0.822955
-1.466491
0.489510
0.854910
0.000000
0.000000
0.000000
0.000000
0.000000
0.000000
-1.186375
0.827257
0.713486
-1.218943
0.892532
0.722500
-1.299723
0.786262
0.772724
-1.432961
0.604189
0.810651
-1.292336
0.863944
0.774145
-1.394700
0.682915
0.784563
0.000000
0.000000
0.000000
0.000000
0.000000
0.000000
-1.203598
1.280899
0.482900
-1.212534
1.366719
0.387997
-1.012012
0.825187
0.717949
-1.107416
0.832988
0.693449
-1.025072
0.760432
0.759034
-1.122624
0.785258
0.680517
0.000000
0.000000
0.000000
0.000000
0.000000
0.000000
-1.118974
0.762615
0.707104
-1.112455
0.761211
0.670739
0.000000
0.000000
0.000000
0.000000
0.000000
0.000000
-1.176456
0.999337
0.811580
-1.304077
0.765026
0.685847
0.000000
0.000000
0.000000
0.000000
0.000000
0.000000
-1.239003
0.722935
0.725609
-1.209073
0.615004
0.761497
0.000000
0.000000
0.000000
0.000000
0.000000
0.000000
-0.968797
1.136805
0.629812
-1.130906
0.855889
0.650130
0.000000
0.000000
0.000000
0.000000
0.000000
0.000000
0.000000
0.000000
0.000000
-1.091701
0.807288
0.781093
0.000000
0.000000
0.000000
0.000000
0.000000
0.000000
0.000000
0.000000
0.000000
-0.842240
0.972906
0.772170
0.000000
0.000000
0.000000
0.000000
0.000000
0.000000
-1.333537
0.903496
0.730132
-1.355624
0.896481
0.728699
0.000000
0.000000
0.000000
0.000000
0.000000
0.000000
-1.084854
0.623512
0.748211
-1.145084
0.720809
0.812717
0.000000
0.000000
0.000000
0.000000
0.000000
0.000000
0.000000
0.000000
0.000000
-1.161772
1.108203
0.738919
0.000000
0.000000
0.000000
0.000000
0.000000
0.000000
0.000000
0.000000
0.000000
-1.073277
1.206677
0.603983
0.000000
0.000000
0.000000
0.000000
0.000000
0.000000
-1.431413
0.349797
0.836024
-1.496512
0.322805
0.889880
0.000000
0.000000
0.000000
0.000000
0.000000
0.000000
-1.441737
0.451920
0.790068
-1.359305
0.529696
0.822741
0.000000
0.000000
0.000000
0.000000
0.000000
0.000000
-0.982519
1.045932
0.684634
-1.181173
0.850385
0.543984
0.000000
0.000000
0.000000
0.000000
0.000000
0.000000
-1.228620
1.068512
0.657224
-1.279245
1.078645
0.645382
0.000000
0.000000
0.000000
0.000000
0.000000
0.000000
-1.270290
0.672707
0.736484
-1.336363
0.623643
0.707829
0.000000
0.000000
0.000000
0.000000
0.000000
0.000000
-1.539935
0.414244
0.869693
-1.651000
0.324705
0.896676
0.000000
0.000000
0.000000
0.000000
0.000000
0.000000
0.000000
0.000000
0.000000
-0.950977
1.111957
0.851162
0.000000
0.000000
0.000000
-1.389520
0.806251
0.851055
0.000000
0.000000
0.000000
-1.424651
0.880690
0.878884
0.000000
0.000000
0.000000
0.000000
0.000000
0.000000
-1.368747
0.689553
0.808380
-1.344646
0.783437
0.813931
0.000000
0.000000
0.000000
0.000000
0.000000
0.000000
-1.310499
0.385040
0.879923
-1.351115
0.381720
0.877498
0.000000
0.000000
0.000000
0.000000
0.000000
0.000000
-1.439034
0.938714
0.721609
-1.460062
0.828858
0.720949
0.000000
0.000000
0.000000
0.000000
0.000000
0.000000
-1.192934
0.947209
0.708283
-1.247464
1.012820
0.632091
0.000000
0.000000
0.000000
0.000000
0.000000
0.000000
-1.152246
0.956977
0.691006
-1.198044
0.960339
0.658184
0.000000
0.000000
0.000000
0.000000
0.000000
0.000000
-1.484521
0.629633
0.793663
-1.562337
0.533421
0.808539
0.000000
0.000000
0.000000
0.000000
0.000000
0.000000
0.000000
0.000000
0.000000
-1.193959
0.779110
0.620563
0.000000
0.000000
0.000000
0.000000
0.000000
0.000000
0.000000
0.000000
0.000000
-1.318326
0.578666
0.661411
0.000000
0.000000
0.000000
0.000000
0.000000
0.000000
-1.203266
1.097527
0.717828
-1.271031
0.984995
0.735371
0.000000
0.000000
0.000000
0.000000
0.000000
0.000000
-1.242977
0.639264
0.926535
-1.352865
0.520508
0.827218
-1.258503
0.704730
0.858736
-1.374787
0.610466
0.780512
-1.235776
0.690146
0.854421
-1.377243
0.556003
0.795981
0.000000
0.000000
0.000000
0.000000
0.000000
0.000000
-1.204699
0.974643
0.665395
-1.317630
0.594945
0.766118
0.000000
0.000000
0.000000
0.000000
0.000000
0.000000
-1.246278
0.689679
0.778506
-1.298187
0.642307
0.790813
0.000000
0.000000
0.000000
0.000000
0.000000
0.000000
-1.039375
1.298618
0.757371
-1.152082
1.051814
0.716085
0.000000
0.000000
0.000000
0.000000
0.000000
0.000000
-1.524338
0.464290
0.862922
-1.570334
0.492118
0.865163
0.000000
0.000000
0.000000
0.000000
0.000000
0.000000
-0.870041
0.775349
0.751964
-0.970013
0.917888
0.803535
0.000000
0.000000
0.000000
0.000000
0.000000
0.000000
0.000000
0.000000
0.000000
-1.234194
0.617846
0.674422
0.000000
0.000000
0.000000
0.000000
0.000000
0.000000
-1.212072
0.838611
0.948742
-1.253035
0.790824
0.805936
0.000000
0.000000
0.000000
0.000000
0.000000
0.000000
-1.138607
0.674372
0.805801
-1.201754
0.608242
0.753774
0.000000
0.000000
0.000000
0.000000
0.000000
0.000000
-1.503030
0.397146
0.826319
-1.511915
0.376128
0.887664
0.000000
0.000000
0.000000
0.000000
0.000000
0.000000
0.000000
0.000000
0.000000
-1.166770
0.638382
0.742227
0.000000
0.000000
0.000000
0.000000
0.000000
0.000000
-1.428436
0.705199
0.767085
-1.392821
0.914161
0.787103
-1.282056
1.331701
0.731728
-1.354020
1.371775
0.617862
-1.254497
1.375465
0.731728
-1.313990
1.331856
0.617862
0.000000
0.000000
0.000000
0.000000
0.000000
0.000000
-1.216402
0.635527
0.660111
-1.082944
0.985236
0.796130
0.000000
0.000000
0.000000
0.000000
0.000000
0.000000
-1.097165
0.721427
0.695939
-1.196111
0.616781
0.716603
-1.461580
0.556164
0.912873
-1.386390
0.621042
0.835749
-1.405741
0.554284
0.904703
-1.317952
0.576206
0.827260
0.000000
0.000000
0.000000
0.000000
0.000000
0.000000
-1.137145
0.913705
0.756555
-1.322273
0.929915
0.873972
0.000000
0.000000
0.000000
0.000000
0.000000
0.000000
0.000000
0.000000
0.000000
-1.038679
1.003566
0.906728
0.000000
0.000000
0.000000
0.000000
0.000000
0.000000
-1.576523
0.290007
0.893729
-1.596120
0.297989
0.895900
0.000000
0.000000
0.000000
0.000000
0.000000
0.000000
-1.347335
0.875175
0.772057
-1.393154
0.801870
0.769106
0.000000
0.000000
0.000000
0.000000
0.000000
0.000000
-1.087013
0.730493
0.745118
-1.120866
0.844384
0.716742
-1.147009
0.530629
0.695484
-1.122267
0.784886
0.827688
-1.151868
0.530095
0.695484
-1.121952
0.789385
0.827688
0.000000
0.000000
0.000000
0.000000
0.000000
0.000000
-1.433808
0.825342
0.771733
-1.405825
0.896022
0.760465
0.000000
0.000000
0.000000
0.000000
0.000000
0.000000
-1.167733
1.000127
0.657855
-1.329145
0.916683
0.616352
-1.108501
0.700789
0.772015
-1.124384
1.132689
0.782175
-1.058990
0.715246
0.772015
-1.045769
0.974943
0.778045
0.000000
0.000000
0.000000
0.000000
0.000000
0.000000
-1.290186
0.657590
0.704610
-1.348611
0.672120
0.872413
0.000000
0.000000
0.000000
0.000000
0.000000
0.000000
0.000000
0.000000
0.000000
-1.195944
0.687510
0.900326
0.000000
0.000000
0.000000
0.000000
0.000000
0.000000
-0.942611
1.212559
0.755299
-0.979354
0.950991
0.614337
0.000000
0.000000
0.000000
0.000000
0.000000
0.000000
-1.195392
0.531606
0.739483
-1.210284
0.509380
0.849771
0.000000
0.000000
0.000000
0.000000
0.000000
0.000000
-1.280748
0.685434
0.748033
-1.290486
0.778682
0.764823
0.000000
0.000000
0.000000
0.000000
0.000000
0.000000
-1.076920
0.428651
0.681344
-1.148965
0.345556
1.139316
0.000000
0.000000
0.000000
0.000000
0.000000
0.000000
-1.096203
1.000973
0.620345
-1.164714
1.321617
0.473284
0.000000
0.000000
0.000000
0.000000
0.000000
0.000000
-1.251735
0.681127
0.756665
-1.212707
0.967667
0.769531
-1.715328
0.435730
0.901206
-1.695149
0.452516
0.881592
-1.706641
0.425072
0.905204
-1.693024
0.385936
0.879512
0.000000
0.000000
0.000000
0.000000
0.000000
0.000000
-1.135947
0.779984
0.732907
-0.976986
1.243056
0.693726
0.000000
0.000000
0.000000
0.000000
0.000000
0.000000
-1.100936
1.083785
0.662844
-1.083539
0.982219
0.693921
0.000000
0.000000
0.000000
0.000000
0.000000
0.000000
-1.322512
0.579373
0.844498
-1.354309
0.490431
0.830199
-1.309878
1.052847
0.774821
-1.318333
1.007356
0.662887
-1.290950
1.031635
0.781451
-1.290414
0.999264
0.671321
0.000000
0.000000
0.000000
0.000000
0.000000
0.000000
-1.213720
0.840525
0.876846
-1.250505
0.893757
0.803522
-1.363782
0.442128
0.867946
-1.378785
0.424510
0.873163
-1.367630
0.460854
0.864618
-1.383214
0.450292
0.865368
0.000000
0.000000
0.000000
0.000000
0.000000
0.000000
-1.035939
0.789629
0.735196
-1.086423
0.776524
0.735163
0.000000
0.000000
0.000000
0.000000
0.000000
0.000000
-1.291942
0.404579
0.769293
-1.307880
0.315476
0.967476
0.000000
0.000000
0.000000
0.000000
0.000000
0.000000
-1.262069
0.479117
0.610080
-1.434834
0.419431
0.997026
0.000000
0.000000
0.000000
0.000000
0.000000
0.000000
-1.171862
0.881529
0.954351
-1.131979
0.996872
0.933236
0.000000
0.000000
0.000000
0.000000
0.000000
0.000000
-1.220043
0.820980
0.702912
-1.294610
0.897016
0.710963
0.000000
0.000000
0.000000
0.000000
0.000000
0.000000
-1.311995
0.960116
0.633932
-1.305748
1.028412
0.582403
0.000000
0.000000
0.000000
-1.432448
0.517606
0.697057
0.000000
0.000000
0.000000
-1.474174
0.525734
0.697057
0.000000
0.000000
0.000000
0.000000
0.000000
0.000000
-1.425427
0.465167
0.574764
-1.350478
0.642882
1.271451
0.000000
0.000000
0.000000
0.000000
0.000000
0.000000
-1.178168
0.733870
0.738831
-1.277535
0.630047
0.800784
0.000000
0.000000
0.000000
0.000000
0.000000
0.000000
-1.465659
0.567412
0.954166
-1.508536
0.424123
0.873150
0.000000
0.000000
0.000000
0.000000
0.000000
0.000000
-1.197412
0.472406
0.832153
-1.245403
0.430288
0.878450
0.000000
0.000000
0.000000
0.000000
0.000000
0.000000
-1.467192
1.275069
0.726962
-1.526404
0.982191
0.711062
0.000000
0.000000
0.000000
0.000000
0.000000
0.000000
-1.205375
0.891841
0.681259
-1.385577
0.715470
0.895613
0.000000
0.000000
0.000000
0.000000
0.000000
0.000000
-1.283574
0.454925
0.639218
-1.415645
0.523150
1.025468
0.000000
0.000000
0.000000
0.000000
0.000000
0.000000
-1.353382
0.535666
0.879223
-1.274641
0.567079
0.872056
0.000000
0.000000
0.000000
0.000000
0.000000
0.000000
-1.194583
0.373442
0.966521
-1.194210
0.387265
0.878028
-1.145325
0.854167
0.735282
-1.152245
0.907418
0.737109
-1.154623
0.750669
0.791759
-1.146735
0.780629
0.793807
0.000000
0.000000
0.000000
0.000000
0.000000
0.000000
-1.318906
0.680976
0.855690
-1.349642
0.686189
0.809489
0.000000
0.000000
0.000000
0.000000
0.000000
0.000000
-1.083818
0.951075
0.755410
-1.202312
0.900389
0.682711
0.000000
0.000000
0.000000
0.000000
0.000000
0.000000
0.000000
0.000000
0.000000
-1.071190
1.752584
0.734965
0.000000
0.000000
0.000000
0.000000
0.000000
0.000000
-1.254897
0.787381
0.662066
-1.216549
0.717985
0.769555
0.000000
0.000000
0.000000
0.000000
0.000000
0.000000
-1.369554
0.725818
0.770309
-1.366293
0.846094
0.749118
0.000000
0.000000
0.000000
0.000000
0.000000
0.000000
-1.159114
0.905990
0.554979
-1.173184
1.315266
0.570550
0.000000
0.000000
0.000000
0.000000
0.000000
0.000000
-1.435441
0.437814
0.679205
-1.413850
0.496584
0.889172
0.000000
0.000000
0.000000
0.000000
0.000000
0.000000
-1.113749
0.541065
0.688447
-1.031452
0.683524
0.704541
0.000000
0.000000
0.000000
0.000000
0.000000
0.000000
-1.360766
0.993275
0.734121
-1.397376
1.092434
0.698943
0.000000
0.000000
0.000000
0.000000
0.000000
0.000000
-1.431419
0.629877
0.798454
-1.521796
0.612901
0.833449
0.000000
0.000000
0.000000
0.000000
0.000000
0.000000
0.000000
0.000000
0.000000
-1.075361
0.663612
0.637646
0.000000
0.000000
0.000000
0.000000
0.000000
0.000000
-1.276620
0.767670
0.773808
-1.307433
0.763556
0.759460
0.000000
0.000000
0.000000
0.000000
0.000000
0.000000
-1.301824
0.960974
0.697584
-1.262606
1.200460
0.583100
0.000000
0.000000
0.000000
0.000000
0.000000
0.000000
-1.185887
0.479045
0.821244
-1.344900
0.403369
0.835129
0.000000
0.000000
0.000000
0.000000
0.000000
0.000000
-1.191580
0.628638
0.799111
-1.193324
0.568398
0.814170
0.000000
0.000000
0.000000
0.000000
0.000000
0.000000
-1.344080
0.901946
0.659818
-1.390849
0.775569
0.701405
0.000000
0.000000
0.000000
0.000000
0.000000
0.000000
-1.462020
0.471668
0.852230
-1.504877
0.431338
0.869632
0.000000
0.000000
0.000000
0.000000
0.000000
0.000000
-0.802519
2.232981
0.707370
-1.076612
1.084393
0.645186
0.000000
0.000000
0.000000
0.000000
0.000000
0.000000
0.000000
0.000000
0.000000
-1.168423
0.909715
0.670165
0.000000
0.000000
0.000000
0.000000
0.000000
0.000000
0.000000
0.000000
0.000000
-1.371161
0.536202
0.594055
0.000000
0.000000
0.000000
0.000000
0.000000
0.000000
-1.522195
0.630266
0.782345
-1.589150
0.654647
0.814508
0.000000
0.000000
0.000000
0.000000
0.000000
0.000000
-1.340879
0.537868
0.735736
-1.450433
0.455421
0.895052
0.000000
0.000000
0.000000
0.000000
0.000000
0.000000
-1.139462
0.580062
0.670542
-1.129225
0.760399
0.664341
0.000000
0.000000
0.000000
0.000000
0.000000
0.000000
-1.729949
0.916982
0.763946
-1.750838
0.925839
0.779510
0.000000
0.000000
0.000000
0.000000
0.000000
0.000000
-1.283719
0.545273
0.869609
-1.391038
0.453900
0.861722
0.000000
0.000000
0.000000
0.000000
0.000000
0.000000
-1.349433
0.899803
0.750433
-1.354470
0.881982
0.743170
0.000000
0.000000
0.000000
0.000000
0.000000
0.000000
-1.493786
0.947309
0.713487
-1.517548
0.953516
0.714137
0.000000
0.000000
0.000000
0.000000
0.000000
0.000000
-1.154339
0.839685
0.771526
-1.146336
1.044362
0.734239
0.000000
0.000000
0.000000
0.000000
0.000000
0.000000
0.000000
0.000000
0.000000
-1.267378
1.007172
0.566649
0.000000
0.000000
0.000000
0.000000
0.000000
0.000000
-1.602986
0.873236
0.729342
-1.615181
0.916690
0.743271
0.000000
0.000000
0.000000
0.000000
0.000000
0.000000
0.000000
0.000000
0.000000
-1.181258
0.773598
0.818656
0.000000
0.000000
0.000000
0.000000
0.000000
0.000000
-1.279795
0.713152
0.775417
-1.253327
0.810152
0.777520
-1.252572
1.164361
0.589613
-1.277265
1.156270
0.724331
-1.296597
1.141831
0.586374
-1.331070
1.036705
0.718551
0.000000
0.000000
0.000000
0.000000
0.000000
0.000000
-1.157572
0.772855
0.951049
-1.104218
0.741131
0.823245
0.000000
0.000000
0.000000
0.000000
0.000000
0.000000
-1.424827
0.476696
0.794553
-1.461191
0.376656
0.869949
0.000000
0.000000
0.000000
0.000000
0.000000
0.000000
-1.331184
0.662742
0.575949
-1.344448
0.710071
0.914645
0.000000
0.000000
0.000000
0.000000
0.000000
0.000000
-1.447776
0.567122
0.723612
-1.510899
0.494621
0.778374
0.000000
0.000000
0.000000
0.000000
0.000000
0.000000
-1.181335
0.624284
0.994988
-1.252309
0.483573
0.873377
0.000000
0.000000
0.000000
0.000000
0.000000
0.000000
-1.615930
0.497204
0.894987
-1.651041
0.450938
0.853608
0.000000
0.000000
0.000000
0.000000
0.000000
0.000000
-1.390400
0.648297
0.863772
-1.522889
0.563357
0.866726
0.000000
0.000000
0.000000
0.000000
0.000000
0.000000
0.000000
0.000000
0.000000
-1.185518
0.419753
0.663913
0.000000
0.000000
0.000000
0.000000
0.000000
0.000000
-1.431035
0.798771
0.706271
-1.532754
0.817479
0.755894
0.000000
0.000000
0.000000
0.000000
0.000000
0.000000
-1.203118
1.012761
0.637558
-1.282477
0.927239
0.700006
0.000000
0.000000
0.000000
0.000000
0.000000
0.000000
-1.157953
1.058647
0.734053
-1.224228
1.161151
0.645805
0.000000
0.000000
0.000000
0.000000
0.000000
0.000000
-1.199003
0.562092
0.695600
-1.284855
0.634216
1.054371
0.000000
0.000000
0.000000
0.000000
0.000000
0.000000
-1.375151
0.508896
0.710874
-1.511941
0.530961
1.106733
0.000000
0.000000
0.000000
0.000000
0.000000
0.000000
-1.433284
0.663356
0.925204
-1.477268
0.632212
0.839781
0.000000
0.000000
0.000000
0.000000
0.000000
0.000000
-1.510732
0.407480
0.870318
-1.604461
0.432986
0.975219
0.000000
0.000000
0.000000
0.000000
0.000000
0.000000
-1.241182
0.378986
0.879843
-1.356165
0.343730
0.896993
0.000000
0.000000
0.000000
0.000000
0.000000
0.000000
-1.172761
1.038123
0.585026
-1.226647
1.119748
0.456253
0.000000
0.000000
0.000000
0.000000
0.000000
0.000000
0.000000
0.000000
0.000000
-1.085225
0.672579
0.692950
0.000000
0.000000
0.000000
0.000000
0.000000
0.000000
-1.116214
1.252636
0.725311
-1.280935
1.184864
0.608742
0.000000
0.000000
0.000000
0.000000
0.000000
0.000000
-1.039205
1.018243
0.685135
-1.195780
0.761836
0.685285
0.000000
0.000000
0.000000
0.000000
0.000000
0.000000
-1.416547
0.594494
0.843515
-1.446308
0.576988
0.827060
0.000000
0.000000
0.000000
0.000000
0.000000
0.000000
-1.127617
0.562967
0.788305
-1.160221
0.610358
0.819402
0.000000
0.000000
0.000000
0.000000
0.000000
0.000000
-1.042316
0.900442
0.763192
-1.047297
0.972641
0.678937
0.000000
0.000000
0.000000
0.000000
0.000000
0.000000
-1.251412
1.155611
0.577531
-1.279534
1.195382
0.596116
0.000000
0.000000
0.000000
0.000000
0.000000
0.000000
-1.032180
0.891257
0.643386
-1.132498
1.013465
0.675726
0.000000
0.000000
0.000000
0.000000
0.000000
0.000000
-1.306022
0.507957
0.996799
-1.271663
0.747397
0.845612
0.000000
0.000000
0.000000
0.000000
0.000000
0.000000
-1.116645
0.752404
0.810752
-1.207219
0.785203
0.766994
0.000000
0.000000
0.000000
0.000000
0.000000
0.000000
-1.461359
0.441643
0.950685
-1.386622
0.538350
0.859858
-1.192757
0.573965
0.649293
-1.152476
0.862210
0.772771
-1.128474
0.589920
0.649293
-0.949006
1.061127
0.893274
0.000000
0.000000
0.000000
0.000000
0.000000
0.000000
-1.299648
0.512397
0.749239
-1.308870
0.877717
0.740234
0.000000
0.000000
0.000000
0.000000
0.000000
0.000000
-1.320588
1.061702
0.588062
-1.334836
0.996679
0.637881
0.000000
0.000000
0.000000
0.000000
0.000000
0.000000
-1.453703
0.399598
0.899337
-1.497488
0.420920
0.883441
0.000000
0.000000
0.000000
0.000000
0.000000
0.000000
-1.380661
0.712841
0.772535
-1.397861
0.747141
0.774851
-1.172897
1.029976
0.593800
-1.116633
1.093662
0.587764
-1.166983
1.027103
0.594643
-1.097027
1.083557
0.587673
0.000000
0.000000
0.000000
0.000000
0.000000
0.000000
-1.203380
0.635544
0.743515
-1.329511
0.430587
0.909030
0.000000
0.000000
0.000000
0.000000
0.000000
0.000000
-0.947538
0.991017
0.728060
-1.054013
1.187909
0.653280
0.000000
0.000000
0.000000
0.000000
0.000000
0.000000
-1.273306
0.903842
0.690994
-1.315202
0.911281
0.696273
0.000000
0.000000
0.000000
0.000000
0.000000
0.000000
-1.117127
0.869203
0.722223
-1.150773
0.945384
0.728301
0.000000
0.000000
0.000000
0.000000
0.000000
0.000000
-1.122796
1.383788
0.763585
-1.202618
1.187223
0.658443
-1.172639
0.534414
0.842599
-1.197192
0.516578
0.842861
-1.194542
0.500205
0.855300
-1.224318
0.483744
0.850981
0.000000
0.000000
0.000000
0.000000
0.000000
0.000000
-1.322175
1.150614
0.701699
-1.348615
1.055942
0.739852
0.000000
0.000000
0.000000
0.000000
0.000000
0.000000
-1.324305
1.215804
0.560558
-1.367763
1.213820
0.557706
0.000000
0.000000
0.000000
0.000000
0.000000
0.000000
-1.022483
1.146438
0.670042
-1.146836
0.880895
0.682835
0.000000
0.000000
0.000000
0.000000
0.000000
0.000000
0.000000
0.000000
0.000000
-1.351706
0.526116
0.685523
0.000000
0.000000
0.000000
0.000000
0.000000
0.000000
-1.118934
0.909259
0.695584
-1.216140
0.967790
0.652659
0.000000
0.000000
0.000000
0.000000
0.000000
0.000000
0.000000
0.000000
0.000000
-0.934078
1.085516
0.697104
0.000000
0.000000
0.000000
0.000000
0.000000
0.000000
-1.324503
0.921687
0.709632
-1.386041
0.807378
0.730311
0.000000
0.000000
0.000000
0.000000
0.000000
0.000000
-1.221254
1.003319
0.692992
-1.236015
0.991535
0.794126
0.000000
0.000000
0.000000
0.000000
0.000000
0.000000
-1.070585
0.771678
0.849761
-1.078751
0.645862
0.691433
0.000000
0.000000
0.000000
0.000000
0.000000
0.000000
-1.071979
1.098474
0.584176
-1.131618
1.306862
0.480614
0.000000
0.000000
0.000000
0.000000
0.000000
0.000000
-1.250309
0.717133
0.754287
-1.329898
0.731909
0.796759
0.000000
0.000000
0.000000
0.000000
0.000000
0.000000
-1.237158
0.438976
0.812985
-1.035871
0.601930
0.847481
0.000000
0.000000
0.000000
0.000000
0.000000
0.000000
-1.134937
1.050419
0.668191
-1.201584
0.953603
0.648286
0.000000
0.000000
0.000000
0.000000
0.000000
0.000000
-1.185325
1.299108
0.677529
-1.279045
1.083205
0.652371
0.000000
0.000000
0.000000
0.000000
0.000000
0.000000
-1.077762
0.884150
0.753889
-1.177392
1.109390
0.568047
0.000000
0.000000
0.000000
0.000000
0.000000
0.000000
-1.242819
0.807537
0.899415
-1.240071
0.997334
0.805591
0.000000
0.000000
0.000000
0.000000
0.000000
0.000000
0.000000
0.000000
0.000000
-1.172432
1.284380
0.813148
0.000000
0.000000
0.000000
0.000000
0.000000
0.000000
-1.560597
0.536632
0.634662
-1.467170
0.654658
0.811439
0.000000
0.000000
0.000000
0.000000
0.000000
0.000000
0.000000
0.000000
0.000000
-1.351861
0.608176
0.678254
0.000000
0.000000
0.000000
0.000000
0.000000
0.000000
-1.399570
0.420117
0.866861
-1.462003
0.477336
0.869386
0.000000
0.000000
0.000000
0.000000
0.000000
0.000000
-1.431009
1.641500
0.342653
-1.489385
1.494330
0.288284
0.000000
0.000000
0.000000
0.000000
0.000000
0.000000
0.000000
0.000000
0.000000
-0.986667
0.981432
0.640175
0.000000
0.000000
0.000000
0.000000
0.000000
0.000000
0.000000
0.000000
0.000000
-1.146225
1.179777
0.801710
0.000000
0.000000
0.000000
0.000000
0.000000
0.000000
0.000000
0.000000
0.000000
-1.200376
0.850194
0.649214
0.000000
0.000000
0.000000
0.000000
0.000000
0.000000
-1.250500
0.416032
0.795640
-1.360562
0.291259
0.885245
0.000000
0.000000
0.000000
0.000000
0.000000
0.000000
-1.087153
0.913729
0.649200
-1.120929
0.920300
0.622107
0.000000
0.000000
0.000000
0.000000
0.000000
0.000000
-1.420341
0.721201
0.686598
-1.511432
0.637837
0.761847
0.000000
0.000000
0.000000
0.000000
0.000000
0.000000
-1.041212
0.776674
0.797322
-0.985914
1.074147
0.687268
0.000000
0.000000
0.000000
0.000000
0.000000
0.000000
-1.229478
0.725311
0.773150
-1.284056
0.720478
0.778190
0.000000
0.000000
0.000000
0.000000
0.000000
0.000000
-1.321271
0.603082
0.653688
-1.285644
0.878248
0.901667
-1.292875
0.526958
0.896862
-1.367281
0.399122
0.894503
-1.302522
0.528434
0.896862
-1.348979
0.416448
0.893628
0.000000
0.000000
0.000000
0.000000
0.000000
0.000000
-1.378310
0.987793
0.701200
-1.391197
1.000455
0.666803
0.000000
0.000000
0.000000
0.000000
0.000000
0.000000
-1.385981
0.490750
0.873706
-1.478277
0.429286
0.880021
0.000000
0.000000
0.000000
0.000000
0.000000
0.000000
-1.227882
0.907471
0.676603
-1.255969
0.880704
0.718616
0.000000
0.000000
0.000000
0.000000
0.000000
0.000000
-1.210126
0.501059
0.733876
-1.407604
0.372110
0.933139
0.000000
0.000000
0.000000
0.000000
0.000000
0.000000
-1.425748
0.613295
0.788760
-1.433389
0.556064
0.840268
0.000000
0.000000
0.000000
0.000000
0.000000
0.000000
-1.345570
0.951769
0.679549
-1.475508
0.864770
0.813174
-1.305923
0.618705
0.816677
-1.193558
0.698767
0.850663
-1.333353
0.624240
0.816677
-1.209903
0.712129
0.850663
0.000000
0.000000
0.000000
0.000000
0.000000
0.000000
-1.429589
0.572174
0.786318
-1.450161
0.368045
0.847243
0.000000
0.000000
0.000000
0.000000
0.000000
0.000000
-1.123285
0.937357
0.715846
-1.226758
0.822451
0.680782
-1.253876
0.967048
0.709626
-1.193039
1.128650
0.695346
-1.269351
0.973638
0.709626
-1.189689
1.142836
0.695346
0.000000
0.000000
0.000000
0.000000
0.000000
0.000000
-1.484880
0.580929
0.837131
-1.503030
0.621740
0.826769
0.000000
0.000000
0.000000
0.000000
0.000000
0.000000
-1.231275
0.804391
0.708600
-1.247425
0.881354
0.720855
0.000000
0.000000
0.000000
0.000000
0.000000
0.000000
-0.913072
1.675802
0.723408
-1.043169
1.165374
0.667543
-1.369778
0.369652
0.892396
-1.461317
0.377591
0.885405
-1.365820
0.367746
0.892396
-1.454148
0.379715
0.885717
0.000000
0.000000
0.000000
0.000000
0.000000
0.000000
0.000000
0.000000
0.000000
-1.245640
0.551074
0.751065
0.000000
0.000000
0.000000
0.000000
0.000000
0.000000
-1.217119
0.592297
0.719168
-1.202104
0.606525
0.848319
0.000000
0.000000
0.000000
0.000000
0.000000
0.000000
-1.137146
0.961361
0.612102
-1.166008
1.010921
0.644278
0.000000
0.000000
0.000000
0.000000
0.000000
0.000000
0.000000
0.000000
0.000000
-1.368304
0.324226
0.626747
0.000000
0.000000
0.000000
0.000000
0.000000
0.000000
-1.151728
0.993788
0.728979
-1.264876
0.931761
0.612836
0.000000
0.000000
0.000000
0.000000
0.000000
0.000000
-0.985275
0.627787
0.851849
-1.128431
0.700278
0.797300
0.000000
0.000000
0.000000
0.000000
0.000000
0.000000
-1.151401
0.792134
0.697361
-1.246425
0.789931
0.731801
0.000000
0.000000
0.000000
0.000000
0.000000
0.000000
-1.177992
0.668118
0.955992
-1.021047
0.858147
0.925196
0.000000
0.000000
0.000000
0.000000
0.000000
0.000000
-1.319861
0.429557
0.885551
-1.343409
0.444257
0.879319
0.000000
0.000000
0.000000
0.000000
0.000000
0.000000
-1.144422
1.157854
0.556718
-1.218822
0.982145
0.605128
-1.011376
0.848681
0.808135
-1.022870
1.071822
0.676164
-0.997391
0.992016
0.775432
-0.996191
1.074890
0.649378
0.000000
0.000000
0.000000
0.000000
0.000000
0.000000
-1.510776
0.433835
0.869615
-1.530986
0.410946
0.873281
-1.471071
0.767496
0.657819
-1.444116
0.900763
0.729799
-1.456911
0.746454
0.666127
-1.454101
0.774177
0.795907
0.000000
0.000000
0.000000
0.000000
0.000000
0.000000
-1.398663
0.749402
0.741632
-1.426730
1.020922
0.781524
0.000000
0.000000
0.000000
0.000000
0.000000
0.000000
-1.514256
0.335645
0.953294
-1.561308
0.310786
0.913192
-1.307157
0.581678
0.787259
-1.365390
0.495429
0.917971
-1.326715
0.584583
0.787259
-1.355538
0.531947
0.903402
0.000000
0.000000
0.000000
0.000000
0.000000
0.000000
-1.258822
0.605781
0.815546
-1.185252
0.594509
0.808725
0.000000
0.000000
0.000000
0.000000
0.000000
0.000000
-1.254286
0.516049
0.814481
-1.307017
0.474232
0.855233
0.000000
0.000000
0.000000
0.000000
0.000000
0.000000
0.000000
0.000000
0.000000
-1.222525
1.012902
0.587801
0.000000
0.000000
0.000000
0.000000
0.000000
0.000000
-1.286513
1.255817
0.746792
-1.462700
0.944986
0.765392
0.000000
0.000000
0.000000
0.000000
0.000000
0.000000
-1.146842
1.724514
0.762967
-1.243769
1.350091
0.679033
0.000000
0.000000
0.000000
0.000000
0.000000
0.000000
-1.254844
0.589205
0.826746
-1.353848
0.482631
0.871460
0.000000
0.000000
0.000000
0.000000
0.000000
0.000000
-1.289701
0.786513
0.800661
-1.310814
0.700457
0.904171
0.000000
0.000000
0.000000
0.000000
0.000000
0.000000
-1.403088
0.764438
0.751517
-1.445175
0.769568
0.765948
0.000000
0.000000
0.000000
0.000000
0.000000
0.000000
-1.530788
0.379924
0.940954
-1.473572
0.324448
0.866042
0.000000
0.000000
0.000000
0.000000
0.000000
0.000000
-1.242155
0.797128
0.725664
-1.234855
0.828870
0.791869
0.000000
0.000000
0.000000
0.000000
0.000000
0.000000
-1.476348
0.851740
0.742193
-1.502109
0.795925
0.770894
0.000000
0.000000
0.000000
0.000000
0.000000
0.000000
-1.351326
0.725841
0.697619
-1.350296
0.704967
0.781734
0.000000
0.000000
0.000000
0.000000
0.000000
0.000000
-1.102092
0.566140
0.587033
-1.163290
0.858023
1.102390
0.000000
0.000000
0.000000
0.000000
0.000000
0.000000
-1.531736
0.536381
0.854275
-1.559887
0.522321
0.857143
0.000000
0.000000
0.000000
0.000000
0.000000
0.000000
-1.277433
0.671030
0.790436
-1.294573
0.741609
0.792597
0.000000
0.000000
0.000000
0.000000
0.000000
0.000000
-1.554036
0.566912
0.855170
-1.593986
0.565270
0.873207
0.000000
0.000000
0.000000
0.000000
0.000000
0.000000
-1.211219
0.684029
0.630956
-1.197553
0.727642
0.811371
0.000000
0.000000
0.000000
0.000000
0.000000
0.000000
-0.944492
1.933924
0.858827
-1.106620
1.228995
0.905542
0.000000
0.000000
0.000000
0.000000
0.000000
0.000000
-1.068871
1.882312
0.734598
-1.237203
1.243289
0.646945
0.000000
0.000000
0.000000
0.000000
0.000000
0.000000
-1.455662
0.432988
0.826412
-1.606208
0.367932
0.872530
0.000000
0.000000
0.000000
0.000000
0.000000
0.000000
-1.458905
0.607543
0.901410
-1.578821
0.619564
0.946188
-1.711460
0.489570
0.865212
-1.709985
0.520625
0.860150
-1.653733
0.458368
0.875717
-1.647903
0.481112
0.866149
-1.135286
0.771471
0.824532
-1.248219
0.617485
0.807478
-1.113789
0.791802
0.824532
-1.245556
0.604396
0.808809
0.000000
0.000000
0.000000
0.000000
0.000000
0.000000
0.000000
0.000000
0.000000
-1.082998
0.678723
0.705555
0.000000
0.000000
0.000000
0.000000
0.000000
0.000000
0.000000
0.000000
0.000000
-1.098950
0.892327
0.762437
0.000000
0.000000
0.000000
0.000000
0.000000
0.000000
0.000000
0.000000
0.000000
-1.133155
0.863625
0.739395
0.000000
0.000000
0.000000
0.000000
0.000000
0.000000
-0.872186
1.348877
0.750928
-0.981751
1.010345
0.765739
0.000000
0.000000
0.000000
0.000000
0.000000
0.000000
0.000000
0.000000
0.000000
-1.234735
0.581611
0.629202
0.000000
0.000000
0.000000
0.000000
0.000000
0.000000
-1.430845
0.570311
0.832250
-1.470658
0.595254
0.824504
0.000000
0.000000
0.000000
0.000000
0.000000
0.000000
-1.256975
0.396392
0.858571
-1.318027
0.390563
0.889964
0.000000
0.000000
0.000000
0.000000
0.000000
0.000000
-1.248525
0.600915
0.672867
-1.159047
0.683737
0.734660
0.000000
0.000000
0.000000
0.000000
0.000000
0.000000
-1.139456
1.164583
0.558758
-1.197068
1.079240
0.545609
-1.346287
0.785898
0.804737
-1.329028
0.914365
0.725251
-1.271201
0.840251
0.808158
-1.248771
0.895266
0.710219
0.000000
0.000000
0.000000
0.000000
0.000000
0.000000
0.000000
0.000000
0.000000
-1.072873
0.866503
0.806903
0.000000
0.000000
0.000000
0.000000
0.000000
0.000000
-1.193737
1.710810
0.602755
-1.313633
1.280807
0.422460
0.000000
0.000000
0.000000
0.000000
0.000000
0.000000
-1.011125
1.235890
0.730390
-1.161581
1.118557
0.635423
0.000000
0.000000
0.000000
0.000000
0.000000
0.000000
-1.177328
1.036062
0.750785
-1.348469
0.744631
0.777142
0.000000
0.000000
0.000000
0.000000
0.000000
0.000000
-1.412818
0.730884
0.697219
-1.458202
0.558022
0.766206
0.000000
0.000000
0.000000
0.000000
0.000000
0.000000
-1.166770
0.667277
0.681511
-1.162463
0.719268
0.748833
0.000000
0.000000
0.000000
0.000000
0.000000
0.000000
-1.365527
0.763556
0.788830
-1.397718
0.769340
0.773559
0.000000
0.000000
0.000000
0.000000
0.000000
0.000000
-1.258108
0.952109
0.687093
-1.302650
0.904934
0.695360
0.000000
0.000000
0.000000
0.000000
0.000000
0.000000
0.000000
0.000000
0.000000
-1.330120
0.660841
0.764128
0.000000
0.000000
0.000000
0.000000
0.000000
0.000000
-1.322198
0.746238
0.770328
-1.306600
0.764856
0.807371
0.000000
0.000000
0.000000
0.000000
0.000000
0.000000
-1.624573
0.743979
0.808937
-1.646667
0.746934
0.809536
0.000000
0.000000
0.000000
0.000000
0.000000
0.000000
-1.397325
0.827030
0.676910
-1.408375
1.012363
0.801182
0.000000
0.000000
0.000000
0.000000
0.000000
0.000000
-1.469200
0.606392
0.856929
-1.552562
0.537804
0.854769
0.000000
0.000000
0.000000
0.000000
0.000000
0.000000
-1.280980
0.521036
0.765288
-1.527231
0.482990
0.923789
0.000000
0.000000
0.000000
0.000000
0.000000
0.000000
-1.266191
0.961249
0.845944
-1.408984
0.859415
0.736087
0.000000
0.000000
0.000000
0.000000
0.000000
0.000000
0.000000
0.000000
0.000000
-1.039800
0.705982
0.718914
0.000000
0.000000
0.000000
0.000000
0.000000
0.000000
-1.151803
1.460658
0.898133
-1.214933
1.349188
0.849996
0.000000
0.000000
0.000000
0.000000
0.000000
0.000000
-1.025391
1.058434
0.827936
-1.059667
1.019502
0.693067
0.000000
0.000000
0.000000
0.000000
0.000000
0.000000
-1.274665
0.549680
0.666236
-1.237327
0.603405
0.894678
0.000000
0.000000
0.000000
0.000000
0.000000
0.000000
-1.433903
0.515045
0.857543
-1.512620
0.462833
0.882273
0.000000
0.000000
0.000000
0.000000
0.000000
0.000000
-1.207103
0.629863
0.797976
-1.234029
0.691614
0.816156
0.000000
0.000000
0.000000
0.000000
0.000000
0.000000
-1.340098
0.524085
0.833995
-1.432268
0.494825
0.839813
-0.926750
0.935932
0.749193
-0.966919
0.867514
0.676001
-0.876283
1.077414
0.746596
-0.966023
0.925080
0.647409
0.000000
0.000000
0.000000
0.000000
0.000000
0.000000
-1.072158
0.691271
0.654387
-1.098624
0.881879
0.628599
0.000000
0.000000
0.000000
0.000000
0.000000
0.000000
-1.607918
1.187052
0.636257
-1.639933
1.167447
0.652826
0.000000
0.000000
0.000000
0.000000
0.000000
0.000000
-1.306720
0.664751
0.638398
-1.357486
0.818583
0.888003
0.000000
0.000000
0.000000
0.000000
0.000000
0.000000
-1.326995
0.947794
0.668472
-1.375323
0.948656
0.692552
0.000000
0.000000
0.000000
0.000000
0.000000
0.000000
-1.546239
0.292333
0.888915
-1.556692
0.286902
0.897199
0.000000
0.000000
0.000000
0.000000
0.000000
0.000000
-1.749758
0.433534
0.886597
-1.770427
0.438872
0.883962
0.000000
0.000000
0.000000
0.000000
0.000000
0.000000
-1.258729
0.838422
0.695382
-1.316876
0.934967
0.758305
0.000000
0.000000
0.000000
0.000000
0.000000
0.000000
-1.557098
0.815478
0.834482
-1.622323
0.689250
0.796528
0.000000
0.000000
0.000000
0.000000
0.000000
0.000000
-1.332553
0.783695
0.748203
-1.375599
0.714105
0.753169
0.000000
0.000000
0.000000
0.000000
0.000000
0.000000
-1.454521
0.921231
0.724387
-1.480756
0.935193
0.723073
-1.176215
0.851322
0.741322
-1.180538
0.880869
0.726597
-1.144588
0.828646
0.747429
-1.145872
0.872630
0.731339
-1.257483
0.751966
0.713845
-1.261010
0.772462
0.834325
-1.235167
0.759496
0.713845
-1.244050
0.758633
0.834325
0.000000
0.000000
0.000000
0.000000
0.000000
0.000000
0.000000
0.000000
0.000000
-1.047062
0.803672
0.663192
0.000000
0.000000
0.000000
0.000000
0.000000
0.000000
-1.245849
0.579362
0.810728
-1.241706
0.598107
0.774931
0.000000
0.000000
0.000000
0.000000
0.000000
0.000000
-1.519437
0.335951
1.010757
-1.533281
0.339066
0.956344
0.000000
0.000000
0.000000
0.000000
0.000000
0.000000
-1.226881
0.626297
0.769122
-1.205963
0.671195
0.761231
0.000000
0.000000
0.000000
0.000000
0.000000
0.000000
-1.417342
0.868154
0.768027
-1.456714
0.861143
0.779702
0.000000
0.000000
0.000000
0.000000
0.000000
0.000000
-1.271434
1.155708
0.700328
-1.342227
1.146969
0.713579
0.000000
0.000000
0.000000
0.000000
0.000000
0.000000
0.000000
0.000000
0.000000
-1.097034
0.829596
0.759053
0.000000
0.000000
0.000000
0.000000
0.000000
0.000000
-1.403774
0.564636
0.781835
-1.437376
0.507810
0.878207
0.000000
0.000000
0.000000
0.000000
0.000000
0.000000
-1.274927
0.465166
0.843617
-1.323061
0.445255
0.859143
0.000000
0.000000
0.000000
0.000000
0.000000
0.000000
-1.052985
0.686780
0.866954
-1.111048
0.686478
0.863187
0.000000
0.000000
0.000000
0.000000
0.000000
0.000000
0.000000
0.000000
0.000000
-1.048364
1.064518
0.754785
0.000000
0.000000
0.000000
0.000000
0.000000
0.000000
-1.008443
1.118910
0.528578
-1.084116
1.078017
0.600719
0.000000
0.000000
0.000000
0.000000
0.000000
0.000000
-1.357098
0.401367
0.939799
-1.429930
0.327518
0.863022
0.000000
0.000000
0.000000
0.000000
0.000000
0.000000
-1.171554
0.516261
0.796122
-1.218933
0.500092
0.851118
0.000000
0.000000
0.000000
0.000000
0.000000
0.000000
-1.321026
0.448995
0.654115
-1.331407
0.490405
0.929043
0.000000
0.000000
0.000000
0.000000
0.000000
0.000000
-1.434403
0.922557
0.746001
-1.483957
0.896592
0.743627
0.000000
0.000000
0.000000
0.000000
0.000000
0.000000
-1.056850
0.887852
0.659279
-1.039966
1.044010
0.733882
0.000000
0.000000
0.000000
0.000000
0.000000
0.000000
0.000000
0.000000
0.000000
-0.831480
0.970988
0.599335
0.000000
0.000000
0.000000
0.000000
0.000000
0.000000
-0.892030
0.839733
0.749680
-0.950871
0.894482
0.663132
0.000000
0.000000
0.000000
0.000000
0.000000
0.000000
0.000000
0.000000
0.000000
-1.255067
0.789900
0.781664
0.000000
0.000000
0.000000
0.000000
0.000000
0.000000
-1.363993
0.615399
0.798841
-1.368036
0.702996
0.813421
0.000000
0.000000
0.000000
0.000000
0.000000
0.000000
0.000000
0.000000
0.000000
-1.347949
0.773067
0.729400
0.000000
0.000000
0.000000
0.000000
0.000000
0.000000
-1.388341
0.842428
0.655900
-1.494781
0.706980
0.772082
0.000000
0.000000
0.000000
0.000000
0.000000
0.000000
0.000000
0.000000
0.000000
-1.312019
0.722122
0.675774
0.000000
0.000000
0.000000
0.000000
0.000000
0.000000
-1.600726
0.443947
1.049599
-1.644380
0.315996
0.937865
0.000000
0.000000
0.000000
0.000000
0.000000
0.000000
0.000000
0.000000
0.000000
-1.058940
0.679951
0.646684
0.000000
0.000000
0.000000
0.000000
0.000000
0.000000
-1.383056
0.946005
0.690516
-1.418281
0.917234
0.705300
0.000000
0.000000
0.000000
0.000000
0.000000
0.000000
-0.943931
0.951539
0.638150
-1.019214
0.890276
0.712282
0.000000
0.000000
0.000000
0.000000
0.000000
0.000000
-1.468239
1.112425
0.626793
-1.480270
1.148523
0.568090
0.000000
0.000000
0.000000
0.000000
0.000000
0.000000
-1.160964
1.070737
0.657694
-1.256839
0.941230
0.627119
0.000000
0.000000
0.000000
0.000000
0.000000
0.000000
-1.339524
1.254507
0.467421
-1.378452
1.281746
0.466534
0.000000
0.000000
0.000000
0.000000
0.000000
0.000000
-1.199096
0.637843
0.718251
-1.167865
0.773173
0.787255
0.000000
0.000000
0.000000
0.000000
0.000000
0.000000
0.000000
0.000000
0.000000
-1.286375
0.587894
0.698656
0.000000
0.000000
0.000000
0.000000
0.000000
0.000000
-1.243346
0.785901
0.756915
-1.300216
0.861017
0.726483
-1.191141
1.121642
0.600564
-1.329999
0.918017
0.547743
-1.104613
1.166248
0.600564
-1.275036
0.913757
0.569274
0.000000
0.000000
0.000000
0.000000
0.000000
0.000000
0.000000
0.000000
0.000000
-0.927232
1.279310
0.742018
0.000000
0.000000
0.000000
0.000000
0.000000
0.000000
-1.321303
1.401192
0.628231
-1.361222
1.264000
0.625650
0.000000
0.000000
0.000000
0.000000
0.000000
0.000000
-1.037051
1.045171
0.683474
-1.096906
0.895932
0.626906
0.000000
0.000000
0.000000
0.000000
0.000000
0.000000
-1.488277
1.003214
0.687160
-1.431452
0.885018
0.642531
0.000000
0.000000
0.000000
0.000000
0.000000
0.000000
-1.186571
0.973857
0.590665
-1.164747
1.044531
0.709828
-1.352115
0.565413
0.879836
-1.331962
0.565884
0.856667
-1.354249
0.541869
0.886837
-1.335373
0.547136
0.866915
0.000000
0.000000
0.000000
0.000000
0.000000
0.000000
-1.271983
1.867086
0.522813
-1.406332
1.444933
0.459332
0.000000
0.000000
0.000000
0.000000
0.000000
0.000000
-1.309448
1.117150
0.556981
-1.354618
1.134166
0.573388
0.000000
0.000000
0.000000
0.000000
0.000000
0.000000
-1.192600
0.975366
0.702499
-1.296680
0.927254
0.686830
0.000000
0.000000
0.000000
0.000000
0.000000
0.000000
-1.456284
0.523810
0.874605
-1.442991
0.517339
0.858551
0.000000
0.000000
0.000000
0.000000
0.000000
0.000000
-1.458877
0.267761
0.888844
-1.519053
0.256772
0.898461
0.000000
0.000000
0.000000
0.000000
0.000000
0.000000
-1.102381
0.946098
0.603796
-1.158972
0.996063
0.593064
0.000000
0.000000
0.000000
0.000000
0.000000
0.000000
-1.195494
0.965924
0.896780
-1.352325
0.698605
0.837456
0.000000
0.000000
0.000000
0.000000
0.000000
0.000000
-1.407545
0.664342
0.807079
-1.425052
0.682690
0.809255
0.000000
0.000000
0.000000
0.000000
0.000000
0.000000
-1.232691
0.738581
0.821179
-1.288075
0.737430
0.862770
0.000000
0.000000
0.000000
0.000000
0.000000
0.000000
-1.376841
1.154410
0.677869
-1.408644
0.935365
0.651511
0.000000
0.000000
0.000000
0.000000
0.000000
0.000000
0.000000
0.000000
0.000000
-0.968122
1.085270
0.664820
0.000000
0.000000
0.000000
0.000000
0.000000
0.000000
-1.285892
1.258723
0.669508
-1.344406
1.191442
0.634194
0.000000
0.000000
0.000000
0.000000
0.000000
0.000000
-1.435583
0.570064
0.689069
-1.449868
0.511351
0.992130
0.000000
0.000000
0.000000
0.000000
0.000000
0.000000
0.000000
0.000000
0.000000
-1.000166
1.443778
0.873175
0.000000
0.000000
0.000000
0.000000
0.000000
0.000000
-1.239093
0.527371
0.696383
-1.329176
0.457000
0.878791
0.000000
0.000000
0.000000
0.000000
0.000000
0.000000
-1.259425
1.201149
0.758360
-1.424716
0.936752
0.748184
0.000000
0.000000
0.000000
0.000000
0.000000
0.000000
0.000000
0.000000
0.000000
-1.304473
0.728538
0.570635
0.000000
0.000000
0.000000
0.000000
0.000000
0.000000
0.000000
0.000000
0.000000
-1.161069
0.991320
1.001518
0.000000
0.000000
0.000000
0.000000
0.000000
0.000000
-1.427885
0.425052
0.841094
-1.445690
0.376574
0.869834
0.000000
0.000000
0.000000
0.000000
0.000000
0.000000
0.000000
0.000000
0.000000
-1.100565
1.044333
0.698816
0.000000
0.000000
0.000000
0.000000
0.000000
0.000000
-1.313539
0.908138
0.735104
-1.313461
0.916757
0.733724
0.000000
0.000000
0.000000
0.000000
0.000000
0.000000
0.000000
0.000000
0.000000
-1.329271
0.569401
0.784581
0.000000
0.000000
0.000000
0.000000
0.000000
0.000000
-1.245068
0.591291
0.679054
-1.363392
0.703295
0.990937
0.000000
0.000000
0.000000
0.000000
0.000000
0.000000
-1.339292
0.938478
0.646452
-1.307712
1.242360
0.594222
0.000000
0.000000
0.000000
0.000000
0.000000
0.000000
-1.223021
0.898676
0.626473
-1.279333
0.977825
0.853464
-1.038395
0.831919
0.626543
-1.102145
0.933359
0.766689
-1.053682
0.833649
0.626543
-1.103819
0.944877
0.766689
0.000000
0.000000
0.000000
0.000000
0.000000
0.000000
-1.276690
0.547907
0.653242
-1.262307
0.631677
0.845325
0.000000
0.000000
0.000000
0.000000
0.000000
0.000000
-1.077513
0.854216
0.736457
-1.195383
0.676267
0.720881
0.000000
0.000000
0.000000
0.000000
0.000000
0.000000
-1.107686
0.741829
0.580020
-1.118361
0.828731
0.767475
0.000000
0.000000
0.000000
0.000000
0.000000
0.000000
-1.184648
1.387829
0.681941
-1.221620
1.093539
0.705458
0.000000
0.000000
0.000000
0.000000
0.000000
0.000000
-1.028014
0.725918
0.673322
-1.037039
0.725741
0.680043
0.000000
0.000000
0.000000
0.000000
0.000000
0.000000
-1.051411
0.838236
0.792194
-1.116478
0.774058
0.720089
0.000000
0.000000
0.000000
0.000000
0.000000
0.000000
-1.127490
0.685247
0.727392
-1.174794
0.683754
0.823762
0.000000
0.000000
0.000000
0.000000
0.000000
0.000000
-1.416987
0.537827
0.864600
-1.461339
0.615695
0.845655
0.000000
0.000000
0.000000
0.000000
0.000000
0.000000
-1.098697
0.969327
0.693088
-1.170577
0.795107
0.722630
-1.274271
0.637646
0.769469
-1.207981
0.712367
0.839918
-1.222264
0.647825
0.767506
-1.132721
0.728225
0.825737
0.000000
0.000000
0.000000
0.000000
0.000000
0.000000
0.000000
0.000000
0.000000
-1.013003
1.054150
0.667550
-1.165097
0.907414
0.678165
-1.204385
0.878211
0.700237
-1.130895
0.789449
0.741045
-1.151812
0.781712
0.748844
0.000000
0.000000
0.000000
0.000000
0.000000
0.000000
0.000000
0.000000
0.000000
-1.044069
1.516826
0.828006
0.000000
0.000000
0.000000
0.000000
0.000000
0.000000
-1.247056
0.682949
0.736083
-1.373289
0.553738
0.861272
0.000000
0.000000
0.000000
-1.197590
0.518067
0.709200
0.000000
0.000000
0.000000
-1.179098
0.519792
0.711570
0.000000
0.000000
0.000000
0.000000
0.000000
0.000000
-1.273311
0.710712
0.840224
-1.346184
0.700506
0.829756
0.000000
0.000000
0.000000
0.000000
0.000000
0.000000
-1.345837
0.881620
0.746046
-1.404614
0.854848
0.838491
0.000000
0.000000
0.000000
0.000000
0.000000
0.000000
-1.359325
1.384774
0.348833
-1.429197
1.436514
0.282862
0.000000
0.000000
0.000000
0.000000
0.000000
0.000000
-1.292828
0.972880
0.672550
-1.350937
0.997283
0.632730
0.000000
0.000000
0.000000
0.000000
0.000000
0.000000
-0.933963
1.606251
0.928823
-1.017324
1.089682
0.734331
0.000000
0.000000
0.000000
0.000000
0.000000
0.000000
-1.344370
0.609504
0.764325
-1.438585
0.523576
0.842202
0.000000
0.000000
0.000000
0.000000
0.000000
0.000000
-1.154834
0.758695
0.779261
-1.230700
0.578631
0.822617
0.000000
0.000000
0.000000
0.000000
0.000000
0.000000
-1.252763
0.682409
0.747665
-1.339084
0.716175
0.813553
0.000000
0.000000
0.000000
0.000000
0.000000
0.000000
0.000000
0.000000
0.000000
-1.489479
0.658109
1.005344
0.000000
0.000000
0.000000
0.000000
0.000000
0.000000
-1.244590
0.576672
0.853587
-1.267113
0.603103
0.807350
0.000000
0.000000
0.000000
0.000000
0.000000
0.000000
-1.309372
0.925163
0.666533
-1.362462
1.064611
0.617062
0.000000
0.000000
0.000000
0.000000
0.000000
0.000000
-1.378296
0.907165
0.732090
-1.401773
0.932899
0.727763
0.000000
0.000000
0.000000
0.000000
0.000000
0.000000
-1.372919
0.639738
0.825136
-1.422486
0.565673
0.835075
0.000000
0.000000
0.000000
0.000000
0.000000
0.000000
0.000000
0.000000
0.000000
-1.325513
0.428552
0.707699
0.000000
0.000000
0.000000
0.000000
0.000000
0.000000
-1.013629
0.629726
0.790387
-1.134399
0.680640
0.810965
0.000000
0.000000
0.000000
0.000000
0.000000
0.000000
-1.527052
0.349891
0.899001
-1.517342
0.374363
0.871546
-1.379931
0.490383
0.694846
-1.426241
0.528166
0.758358
-1.392566
0.526333
0.702653
-1.474338
0.493460
0.754198
0.000000
0.000000
0.000000
0.000000
0.000000
0.000000
-1.238770
0.643229
0.848415
-1.154653
0.851625
0.799625
0.000000
0.000000
0.000000
0.000000
0.000000
0.000000
-1.368534
1.035374
0.639389
-1.389736
1.123280
0.634903
0.000000
0.000000
0.000000
0.000000
0.000000
0.000000
-1.158242
0.741571
0.767110
-1.082593
1.071581
0.730273
0.000000
0.000000
0.000000
0.000000
0.000000
0.000000
0.000000
0.000000
0.000000
-1.191320
0.687334
0.767280
0.000000
0.000000
0.000000
0.000000
0.000000
0.000000
-0.981407
1.316320
0.608610
-1.086744
1.167372
0.551368
0.000000
0.000000
0.000000
0.000000
0.000000
0.000000
-1.297122
0.571888
0.781477
-1.288329
0.457461
0.801575
-1.143416
0.753877
0.672888
-1.120305
0.890121
0.678396
-0.991248
0.876434
0.642314
-1.026089
0.895066
0.621030
0.000000
0.000000
0.000000
0.000000
0.000000
0.000000
0.000000
0.000000
0.000000
-1.216107
0.996941
0.706412
0.000000
0.000000
0.000000
0.000000
0.000000
0.000000
-1.144133
0.882667
0.751696
-1.161198
1.052169
0.771319
0.000000
0.000000
0.000000
0.000000
0.000000
0.000000
-1.234905
0.891255
0.743542
-1.268586
0.760119
0.767622
0.000000
0.000000
0.000000
0.000000
0.000000
0.000000
-1.342779
0.663247
0.795725
-1.387729
0.665062
0.815096
0.000000
0.000000
0.000000
0.000000
0.000000
0.000000
0.000000
0.000000
0.000000
-1.066115
0.934742
0.664820
0.000000
0.000000
0.000000
0.000000
0.000000
0.000000
0.000000
0.000000
0.000000
-1.215980
0.839153
0.839245
0.000000
0.000000
0.000000
0.000000
0.000000
0.000000
-1.271376
0.429291
0.637050
-1.163457
0.491927
0.920080
0.000000
0.000000
0.000000
0.000000
0.000000
0.000000
0.000000
0.000000
0.000000
-1.242111
0.676439
0.784741
0.000000
0.000000
0.000000
0.000000
0.000000
0.000000
-1.348294
0.647520
0.751141
-1.383965
0.581916
0.820167
0.000000
0.000000
0.000000
0.000000
0.000000
0.000000
0.000000
0.000000
0.000000
-1.190246
0.945513
0.814741
0.000000
0.000000
0.000000
0.000000
0.000000
0.000000
-1.391630
0.945174
0.653352
-1.415382
0.955001
0.678745
0.000000
0.000000
0.000000
0.000000
0.000000
0.000000
0.000000
0.000000
0.000000
-1.429836
0.594088
0.640295
0.000000
0.000000
0.000000
0.000000
0.000000
0.000000
0.000000
0.000000
0.000000
-1.364338
0.571161
0.757554
0.000000
0.000000
0.000000
0.000000
0.000000
0.000000
-1.717780
0.495050
0.875604
-1.746906
0.483248
0.879604
0.000000
0.000000
0.000000
0.000000
0.000000
0.000000
-1.021874
0.765633
0.734517
-1.103711
0.643594
0.744717
0.000000
0.000000
0.000000
0.000000
0.000000
0.000000
0.000000
0.000000
0.000000
-1.097745
2.775794
0.718718
0.000000
0.000000
0.000000
0.000000
0.000000
0.000000
-1.131959
0.976099
0.818747
-1.232763
0.824562
0.726421
0.000000
0.000000
0.000000
0.000000
0.000000
0.000000
-1.485029
0.531338
0.801209
-1.437668
0.654265
0.768542
0.000000
0.000000
0.000000
0.000000
0.000000
0.000000
-1.374575
0.730778
0.786660
-1.396601
0.727323
0.794220
0.000000
0.000000
0.000000
0.000000
0.000000
0.000000
-1.067752
1.266759
0.488937
-1.210573
1.126514
0.582217
0.000000
0.000000
0.000000
0.000000
0.000000
0.000000
-1.430265
0.736497
0.719707
-1.476392
0.851560
0.785078
0.000000
0.000000
0.000000
0.000000
0.000000
0.000000
-1.449559
0.652318
0.822412
-1.429220
0.710513
0.902632
0.000000
0.000000
0.000000
0.000000
0.000000
0.000000
-1.227134
1.012585
0.670883
-1.261528
1.067561
0.637760
0.000000
0.000000
0.000000
0.000000
0.000000
0.000000
-1.446084
0.458971
0.861419
-1.475690
0.465449
0.857512
0.000000
0.000000
0.000000
0.000000
0.000000
0.000000
-1.311335
0.639687
0.707905
-1.376592
0.576990
0.782978
0.000000
0.000000
0.000000
0.000000
0.000000
0.000000
-1.154696
0.853699
0.708357
-1.146041
1.072181
0.528471
0.000000
0.000000
0.000000
0.000000
0.000000
0.000000
-1.121281
0.812207
0.656899
-1.040980
1.080478
0.622284
0.000000
0.000000
0.000000
0.000000
0.000000
0.000000
-1.502391
0.495165
0.866607
-1.471496
0.486564
0.852817
0.000000
0.000000
0.000000
0.000000
0.000000
0.000000
-1.295871
0.835955
0.802372
-1.330229
0.657452
0.717715
0.000000
0.000000
0.000000
0.000000
0.000000
0.000000
-1.310086
0.369714
0.872576
-1.358484
0.362938
0.881596
0.000000
0.000000
0.000000
0.000000
0.000000
0.000000
-1.411782
0.543572
0.826933
-1.505738
0.588493
0.859887
0.000000
0.000000
0.000000
0.000000
0.000000
0.000000
-1.299924
0.786233
0.718133
-1.363113
0.985029
0.629800
0.000000
0.000000
0.000000
0.000000
0.000000
0.000000
-1.348358
0.568627
0.836226
-1.378501
0.582838
0.837247
0.000000
0.000000
0.000000
0.000000
0.000000
0.000000
-1.575667
0.960894
0.724915
-1.583556
1.130764
0.700890
-1.061269
1.233725
0.853645
-1.125761
1.083360
0.786539
-1.054768
1.175958
0.913046
-1.089542
1.020495
0.824683
0.000000
0.000000
0.000000
0.000000
0.000000
0.000000
-1.307147
0.740148
0.804213
-1.322292
0.730271
0.802342
0.000000
0.000000
0.000000
0.000000
0.000000
0.000000
-1.554926
0.395513
0.890322
-1.501242
0.494724
0.857031
0.000000
0.000000
0.000000
0.000000
0.000000
0.000000
-1.436273
0.704354
0.665671
-1.367985
0.879561
0.753096
0.000000
0.000000
0.000000
0.000000
0.000000
0.000000
-1.449220
0.767868
0.782578
-1.455395
0.809385
0.759693
0.000000
0.000000
0.000000
0.000000
0.000000
0.000000
-1.465258
0.653449
0.954571
-1.497888
0.657814
0.906531
0.000000
0.000000
0.000000
0.000000
0.000000
0.000000
-1.303575
0.672111
0.805847
-1.353454
0.708677
0.782269
0.000000
0.000000
0.000000
0.000000
0.000000
0.000000
0.000000
0.000000
0.000000
-1.351678
0.661023
0.676870
-1.157441
0.763997
0.777367
-1.181965
0.957986
0.717145
-1.215765
0.776957
0.795622
-1.222262
0.979828
0.735087
0.000000
0.000000
0.000000
0.000000
0.000000
0.000000
-1.247729
0.774398
0.752018
-1.292501
0.783377
0.754438
0.000000
0.000000
0.000000
0.000000
0.000000
0.000000
0.000000
0.000000
0.000000
-1.302112
0.684233
0.678352
-1.235878
0.432642
0.666306
-1.154323
0.428037
0.895845
-1.225653
0.433459
0.666306
-1.099057
0.449049
0.876357
0.000000
0.000000
0.000000
0.000000
0.000000
0.000000
-1.302369
0.688631
0.835655
-1.322037
0.672110
0.765403
0.000000
0.000000
0.000000
-1.118036
0.873216
0.697418
0.000000
0.000000
0.000000
-1.077203
0.888961
0.697418
0.000000
0.000000
0.000000
0.000000
0.000000
0.000000
-1.098922
0.863198
0.734500
-1.272459
0.756687
0.700929
0.000000
0.000000
0.000000
0.000000
0.000000
0.000000
-1.385262
0.921833
0.788038
-1.497756
0.724740
0.824947
0.000000
0.000000
0.000000
0.000000
0.000000
0.000000
-1.558212
0.434475
0.896017
-1.602981
0.403354
0.890918
-1.214869
0.967180
0.725764
-1.136946
1.237672
0.793878
-1.181311
1.009984
0.724138
-1.110591
1.415821
0.780974
0.000000
0.000000
0.000000
0.000000
0.000000
0.000000
-1.184334
0.724220
0.812842
-1.160134
0.827314
0.754532
0.000000
0.000000
0.000000
0.000000
0.000000
0.000000
-1.252937
1.153335
0.577307
-1.369362
1.048077
0.582045
0.000000
0.000000
0.000000
0.000000
0.000000
0.000000
0.000000
0.000000
0.000000
-1.119761
0.919549
0.742974
0.000000
0.000000
0.000000
0.000000
0.000000
0.000000
-1.184550
0.960310
0.634638
-1.192744
0.991915
0.590695
0.000000
0.000000
0.000000
0.000000
0.000000
0.000000
0.000000
0.000000
0.000000
-1.501854
0.350904
0.867532
0.000000
0.000000
0.000000
0.000000
0.000000
0.000000
-1.418015
0.656117
0.788804
-1.289553
0.941610
0.772359
0.000000
0.000000
0.000000
0.000000
0.000000
0.000000
-1.388780
0.634776
0.851204
-1.498730
0.567288
0.847053
0.000000
0.000000
0.000000
0.000000
0.000000
0.000000
-1.249608
0.733270
0.779485
-1.289447
0.830188
0.754403
0.000000
0.000000
0.000000
0.000000
0.000000
0.000000
-1.177579
0.817132
0.648501
-1.198462
1.157154
0.701389
0.000000
0.000000
0.000000
0.000000
0.000000
0.000000
-1.164337
0.869404
0.729942
-1.237402
0.802489
0.728771
0.000000
0.000000
0.000000
0.000000
0.000000
0.000000
-0.999014
1.035136
0.711691
-1.125031
0.946664
0.710562
-1.161017
0.738377
0.664091
-1.187511
0.679210
0.892372
-1.100175
0.771204
0.667424
-1.067006
0.766531
0.889571
0.000000
0.000000
0.000000
0.000000
0.000000
0.000000
-1.117067
0.547466
0.888164
-1.171458
0.605835
0.824655
0.000000
0.000000
0.000000
0.000000
0.000000
0.000000
-1.618023
0.333751
0.830411
-1.609682
0.398326
0.877858
0.000000
0.000000
0.000000
0.000000
0.000000
0.000000
-1.232660
0.731427
0.882029
-1.215959
0.761901
0.854014
0.000000
0.000000
0.000000
-1.228645
0.653663
0.728711
0.000000
0.000000
0.000000
-1.287629
0.572073
0.798912
0.000000
0.000000
0.000000
0.000000
0.000000
0.000000
-1.340531
0.932759
0.631766
-1.396720
0.836642
0.688674
0.000000
0.000000
0.000000
0.000000
0.000000
0.000000
-1.255496
1.214896
0.525551
-1.310031
1.255585
0.507413
0.000000
0.000000
0.000000
0.000000
0.000000
0.000000
-1.403696
0.888323
0.732751
-1.429778
0.927223
0.723618
0.000000
0.000000
0.000000
0.000000
0.000000
0.000000
0.000000
0.000000
0.000000
-1.149051
0.880968
0.594071
-1.288821
0.457272
0.855010
-1.287982
0.458894
0.853929
-1.309539
0.460594
0.854335
-1.300948
0.461101
0.853644
0.000000
0.000000
0.000000
0.000000
0.000000
0.000000
-1.211082
0.492826
0.849443
-1.248767
0.374575
0.894292
0.000000
0.000000
0.000000
0.000000
0.000000
0.000000
0.000000
0.000000
0.000000
-1.355658
0.915903
0.570844
0.000000
0.000000
0.000000
0.000000
0.000000
0.000000
-1.143605
1.132119
0.582459
-1.206982
1.112227
0.539035
0.000000
0.000000
0.000000
0.000000
0.000000
0.000000
-1.178289
0.691878
0.725648
-1.161920
0.912440
0.810057
0.000000
0.000000
0.000000
0.000000
0.000000
0.000000
-1.182645
0.883083
0.720991
-1.252039
0.858124
0.688529
0.000000
0.000000
0.000000
0.000000
0.000000
0.000000
0.000000
0.000000
0.000000
-1.104219
1.190727
0.676067
0.000000
0.000000
0.000000
0.000000
0.000000
0.000000
0.000000
0.000000
0.000000
-1.078537
2.341579
0.894827
-1.232210
0.545312
0.736430
-1.259410
0.468209
0.837363
-1.267804
0.558141
0.736430
-1.271551
0.467174
0.847386
0.000000
0.000000
0.000000
0.000000
0.000000
0.000000
-1.232884
0.960528
0.694261
-1.346776
0.905496
0.755694
0.000000
0.000000
0.000000
0.000000
0.000000
0.000000
-1.511946
1.071689
0.748141
-1.475980
0.948471
0.608476
0.000000
0.000000
0.000000
0.000000
0.000000
0.000000
-1.579789
1.097897
0.681337
-1.608351
1.077541
0.696306
0.000000
0.000000
0.000000
0.000000
0.000000
0.000000
-1.222704
0.876908
0.686977
-1.251842
0.764460
0.729292
0.000000
0.000000
0.000000
0.000000
0.000000
0.000000
-1.302688
1.120547
0.755983
-1.349999
0.986158
0.678118
0.000000
0.000000
0.000000
0.000000
0.000000
0.000000
-1.145434
0.587252
0.630999
-1.024686
0.839650
0.702784
0.000000
0.000000
0.000000
0.000000
0.000000
0.000000
-1.142538
1.204869
0.867438
-1.253403
1.054741
0.681499
0.000000
0.000000
0.000000
0.000000
0.000000
0.000000
0.000000
0.000000
0.000000
-1.386516
0.780419
0.710595
0.000000
0.000000
0.000000
0.000000
0.000000
0.000000
-1.126169
0.937423
0.567831
-1.256970
0.810384
0.663345
0.000000
0.000000
0.000000
0.000000
0.000000
0.000000
-1.479512
0.431366
0.701667
-1.384076
0.643985
0.862564
0.000000
0.000000
0.000000
0.000000
0.000000
0.000000
-1.513484
0.416025
0.731661
-1.574499
0.352425
0.882910
0.000000
0.000000
0.000000
0.000000
0.000000
0.000000
0.000000
0.000000
0.000000
-1.139636
0.718744
0.844821
-1.598604
0.429821
0.867641
-1.612558
0.549632
0.880459
-1.602058
0.431659
0.867641
-1.597608
0.550088
0.881184
0.000000
0.000000
0.000000
0.000000
0.000000
0.000000
-1.523380
0.894552
0.737066
-1.460422
1.062639
0.654209
0.000000
0.000000
0.000000
0.000000
0.000000
0.000000
-1.324401
0.623435
0.543509
-1.181317
0.861330
0.895386
-1.030734
0.835210
0.709431
-1.102103
0.890616
0.694977
-0.990922
0.807540
0.709141
-1.085591
0.884497
0.676956
0.000000
0.000000
0.000000
0.000000
0.000000
0.000000
0.000000
0.000000
0.000000
-1.322468
0.783045
0.712659
0.000000
0.000000
0.000000
0.000000
0.000000
0.000000
-1.231670
0.856796
0.820443
-1.277352
0.820116
0.750509
0.000000
0.000000
0.000000
0.000000
0.000000
0.000000
0.000000
0.000000
0.000000
-1.132213
0.733691
0.738469
-0.960935
0.736283
0.788224
-1.165827
0.524470
0.862966
-0.925931
1.078022
0.951426
-1.100897
0.731955
0.875121
0.000000
0.000000
0.000000
0.000000
0.000000
0.000000
-1.347877
0.558455
0.627096
-1.430072
0.447730
0.982826
0.000000
0.000000
0.000000
0.000000
0.000000
0.000000
-1.320982
0.739987
0.766382
-1.337538
0.782417
0.754868
0.000000
0.000000
0.000000
0.000000
0.000000
0.000000
-1.207517
0.817087
0.742878
-1.292888
0.805490
0.651181
0.000000
0.000000
0.000000
0.000000
0.000000
0.000000
-1.183150
0.502967
0.744533
-1.140167
0.568306
0.858386
0.000000
0.000000
0.000000
0.000000
0.000000
0.000000
-1.432475
0.742939
0.685399
-1.443397
0.713356
0.742383
0.000000
0.000000
0.000000
0.000000
0.000000
0.000000
0.000000
0.000000
0.000000
-1.221414
0.765087
0.926365
0.000000
0.000000
0.000000
0.000000
0.000000
0.000000
-1.369880
0.574551
0.795665
-1.416216
0.531810
0.814840
0.000000
0.000000
0.000000
0.000000
0.000000
0.000000
-1.283808
0.686666
0.635416
-1.098080
2.023325
0.790185
0.000000
0.000000
0.000000
0.000000
0.000000
0.000000
-1.542861
0.576196
0.825361
-1.520305
0.642623
0.816829
0.000000
0.000000
0.000000
0.000000
0.000000
0.000000
-1.189168
1.014074
0.591026
-1.163726
1.207835
0.584785
0.000000
0.000000
0.000000
0.000000
0.000000
0.000000
-1.276304
0.930474
0.695729
-1.326624
0.953879
0.688381
0.000000
0.000000
0.000000
0.000000
0.000000
0.000000
0.000000
0.000000
0.000000
-1.088718
0.619409
0.880836
0.000000
0.000000
0.000000
0.000000
0.000000
0.000000
-1.269622
0.934858
0.842927
-1.288149
1.053472
0.747804
0.000000
0.000000
0.000000
0.000000
0.000000
0.000000
-1.411474
0.667972
0.816328
-1.439060
0.636023
0.828760
0.000000
0.000000
0.000000
0.000000
0.000000
0.000000
-1.078907
0.445396
0.849374
-1.202210
0.393618
0.864550
0.000000
0.000000
0.000000
0.000000
0.000000
0.000000
-1.461179
1.106204
0.636421
-1.491900
1.161634
0.627038
0.000000
0.000000
0.000000
0.000000
0.000000
0.000000
-1.270358
0.327928
0.904468
-1.348866
0.298458
0.882461
0.000000
0.000000
0.000000
0.000000
0.000000
0.000000
-1.510703
0.640085
0.861925
-1.513603
0.759722
0.847492
0.000000
0.000000
0.000000
0.000000
0.000000
0.000000
-1.143234
1.011209
0.800784
-1.239460
0.887401
0.705840
0.000000
0.000000
0.000000
0.000000
0.000000
0.000000
-0.895500
0.956059
0.647605
-1.055112
0.836206
0.711644
0.000000
0.000000
0.000000
0.000000
0.000000
0.000000
0.000000
0.000000
0.000000
-1.233995
0.863584
0.776807
0.000000
0.000000
0.000000
0.000000
0.000000
0.000000
-1.331798
0.836230
0.798237
-1.355714
0.848326
0.764445
0.000000
0.000000
0.000000
0.000000
0.000000
0.000000
-1.258998
1.110459
0.807757
-1.242204
1.088429
0.732538
0.000000
0.000000
0.000000
0.000000
0.000000
0.000000
-1.286030
0.728294
0.749010
-1.285048
0.788683
0.769820
0.000000
0.000000
0.000000
0.000000
0.000000
0.000000
-1.358840
0.513847
0.841931
-1.388492
0.505181
0.850364
0.000000
0.000000
0.000000
-1.140523
0.761993
0.918546
0.000000
0.000000
0.000000
-1.138465
0.771839
0.918546
0.000000
0.000000
0.000000
0.000000
0.000000
0.000000
-1.258704
0.988820
0.541113
-1.278908
0.975566
0.645145
0.000000
0.000000
0.000000
0.000000
0.000000
0.000000
-1.088493
2.048156
0.765717
-1.320740
1.155780
0.733923
0.000000
0.000000
0.000000
0.000000
0.000000
0.000000
-1.297918
0.720006
0.849858
-1.242796
0.843339
1.009135
0.000000
0.000000
0.000000
0.000000
0.000000
0.000000
-1.087101
0.666026
0.637544
-0.830603
1.123828
0.591253
0.000000
0.000000
0.000000
0.000000
0.000000
0.000000
-1.183799
0.882698
0.714593
-1.235332
0.856630
0.760026
0.000000
0.000000
0.000000
-1.228121
0.649188
0.624229
0.000000
0.000000
0.000000
-1.286168
0.604634
0.644510
0.000000
0.000000
0.000000
0.000000
0.000000
0.000000
-1.132029
1.021632
0.627131
-1.067939
1.328182
0.509419
0.000000
0.000000
0.000000
0.000000
0.000000
0.000000
0.000000
0.000000
0.000000
-1.442437
0.589074
1.063974
0.000000
0.000000
0.000000
0.000000
0.000000
0.000000
-1.260341
1.060743
0.620728
-1.295692
0.960840
0.599638
0.000000
0.000000
0.000000
0.000000
0.000000
0.000000
0.000000
0.000000
0.000000
-1.231797
0.971015
0.750208
0.000000
0.000000
0.000000
0.000000
0.000000
0.000000
-1.516461
0.767834
0.784449
-1.558298
0.738264
0.795521
0.000000
0.000000
0.000000
0.000000
0.000000
0.000000
-1.135753
0.605834
0.678121
-1.093481
0.770815
0.871230
0.000000
0.000000
0.000000
0.000000
0.000000
0.000000
-1.368075
0.491367
0.766537
-1.355312
0.495312
0.833655
0.000000
0.000000
0.000000
0.000000
0.000000
0.000000
-1.206385
0.517165
0.978359
-1.222865
0.477632
0.866417
0.000000
0.000000
0.000000
0.000000
0.000000
0.000000
-1.705152
0.615952
0.871414
-1.699147
0.684738
0.811308
0.000000
0.000000
0.000000
0.000000
0.000000
0.000000
-1.123049
0.717744
0.621233
-1.206357
0.799787
0.997260
0.000000
0.000000
0.000000
0.000000
0.000000
0.000000
-1.180353
0.955666
0.831735
-1.181463
0.746494
0.772665
0.000000
0.000000
0.000000
0.000000
0.000000
0.000000
-1.189325
0.970065
0.721518
-1.241365
1.007484
0.855744
0.000000
0.000000
0.000000
0.000000
0.000000
0.000000
-1.262146
0.696775
0.824668
-1.292467
0.779122
0.774288
0.000000
0.000000
0.000000
0.000000
0.000000
0.000000
-1.328143
0.805479
0.767966
-1.284621
0.877974
0.751157
0.000000
0.000000
0.000000
-1.181983
0.609602
0.759577
0.000000
0.000000
0.000000
-1.185062
0.609215
0.759577
0.000000
0.000000
0.000000
0.000000
0.000000
0.000000
0.000000
0.000000
0.000000
-1.257862
0.485669
0.828590
0.000000
0.000000
0.000000
0.000000
0.000000
0.000000
-1.245679
0.778376
0.833313
-1.333925
0.680788
0.788190
0.000000
0.000000
0.000000
0.000000
0.000000
0.000000
-1.223816
1.045249
0.634789
-1.228088
1.124663
0.587015
0.000000
0.000000
0.000000
0.000000
0.000000
0.000000
-1.289856
0.931338
0.616571
-1.359989
0.959234
0.638757
0.000000
0.000000
0.000000
0.000000
0.000000
0.000000
-0.928907
0.744794
0.756926
-1.024108
0.898600
0.690653
-1.520537
0.438423
0.863510
-1.590254
0.356642
0.875497
-1.344682
0.779686
0.772665
-1.382797
0.770979
0.833044
0.000000
0.000000
0.000000
0.000000
0.000000
0.000000
-1.251940
0.773142
0.760627
-1.195534
0.967084
0.661928
0.000000
0.000000
0.000000
0.000000
0.000000
0.000000
-1.231931
0.819024
0.737615
-1.259997
0.832794
0.740536
0.000000
0.000000
0.000000
0.000000
0.000000
0.000000
-1.307691
0.521904
0.666151
-1.219419
0.708399
0.815512
0.000000
0.000000
0.000000
0.000000
0.000000
0.000000
-1.168840
1.149171
0.715107
-1.230240
1.033376
0.597111
0.000000
0.000000
0.000000
0.000000
0.000000
0.000000
-1.212531
0.630210
0.755448
-1.271595
0.612369
0.805399
0.000000
0.000000
0.000000
-1.431355
1.216537
0.790860
0.000000
0.000000
0.000000
-1.432950
1.217305
0.790860
0.000000
0.000000
0.000000
0.000000
0.000000
0.000000
-1.291282
0.883345
0.789157
-1.225693
1.264335
0.711855
0.000000
0.000000
0.000000
0.000000
0.000000
0.000000
-1.458372
0.801129
0.552561
-1.444173
1.278006
0.595306
0.000000
0.000000
0.000000
0.000000
0.000000
0.000000
-1.254876
0.922364
0.701766
-1.301014
0.895399
0.763741
0.000000
0.000000
0.000000
0.000000
0.000000
0.000000
-1.323511
0.678306
0.866496
-1.371202
0.516353
0.835752
0.000000
0.000000
0.000000
0.000000
0.000000
0.000000
-1.473731
0.713294
0.813725
-1.513805
0.704662
0.806890
0.000000
0.000000
0.000000
0.000000
0.000000
0.000000
-1.580515
0.608530
0.894074
-1.598098
0.610697
0.856044
0.000000
0.000000
0.000000
0.000000
0.000000
0.000000
0.000000
0.000000
0.000000
-1.185517
0.653295
0.836243
0.000000
0.000000
0.000000
0.000000
0.000000
0.000000
-1.678574
0.907703
0.771064
-1.702368
0.905601
0.759730
0.000000
0.000000
0.000000
0.000000
0.000000
0.000000
0.000000
0.000000
0.000000
-1.582359
0.573360
0.774573
0.000000
0.000000
0.000000
0.000000
0.000000
0.000000
-1.140334
1.106735
0.674031
-1.260251
0.927981
0.651665
0.000000
0.000000
0.000000
0.000000
0.000000
0.000000
-1.565784
0.711921
0.845729
-1.592086
0.716976
0.754506
0.000000
0.000000
0.000000
0.000000
0.000000
0.000000
-1.548315
0.768346
0.714215
-1.544466
1.042519
0.701408
0.000000
0.000000
0.000000
0.000000
0.000000
0.000000
-1.011173
0.849582
0.684678
-0.991540
1.079409
0.552388
0.000000
0.000000
0.000000
0.000000
0.000000
0.000000
-1.298150
0.793813
0.753209
-1.320743
0.847789
0.756522
0.000000
0.000000
0.000000
0.000000
0.000000
0.000000
-1.199516
0.954867
0.667793
-1.233492
0.971283
0.658517
0.000000
0.000000
0.000000
0.000000
0.000000
0.000000
-1.225968
0.978299
0.685838
-1.291612
1.036915
0.660390
0.000000
0.000000
0.000000
0.000000
0.000000
0.000000
0.000000
0.000000
0.000000
-0.907268
1.187635
0.669781
0.000000
0.000000
0.000000
0.000000
0.000000
0.000000
0.000000
0.000000
0.000000
-1.212267
0.451209
0.682899
0.000000
0.000000
0.000000
0.000000
0.000000
0.000000
-1.504833
0.488827
0.859299
-1.531514
0.495327
0.862146
0.000000
0.000000
0.000000
0.000000
0.000000
0.000000
0.000000
0.000000
0.000000
-1.197444
0.476133
0.677153
0.000000
0.000000
0.000000
0.000000
0.000000
0.000000
-1.499802
1.043056
0.573005
-1.451639
1.148783
0.615153
0.000000
0.000000
0.000000
0.000000
0.000000
0.000000
-1.246170
1.048957
0.688300
-1.297800
1.078848
0.632273
0.000000
0.000000
0.000000
0.000000
0.000000
0.000000
0.000000
0.000000
0.000000
-1.255965
0.675868
0.657053
0.000000
0.000000
0.000000
0.000000
0.000000
0.000000
-1.651973
0.635948
0.857145
-1.681959
0.610996
0.847996
0.000000
0.000000
0.000000
0.000000
0.000000
0.000000
-1.286158
0.727148
0.852418
-1.316263
0.656270
0.797841
0.000000
0.000000
0.000000
0.000000
0.000000
0.000000
-1.168943
0.820547
0.917075
-1.173619
0.869244
0.873004
0.000000
0.000000
0.000000
0.000000
0.000000
0.000000
-1.365159
0.539874
0.812041
-1.420031
0.633300
0.850497
0.000000
0.000000
0.000000
0.000000
0.000000
0.000000
-1.666980
0.316303
0.885101
-1.662288
0.364458
0.898600
0.000000
0.000000
0.000000
0.000000
0.000000
0.000000
0.000000
0.000000
0.000000
-1.365353
0.705388
0.638491
0.000000
0.000000
0.000000
0.000000
0.000000
0.000000
-1.384678
0.488238
0.843773
-1.408420
0.529147
0.839986
0.000000
0.000000
0.000000
0.000000
0.000000
0.000000
-1.258500
1.162208
0.541302
-1.311940
1.143624
0.574062
0.000000
0.000000
0.000000
0.000000
0.000000
0.000000
0.000000
0.000000
0.000000
-1.337623
1.200308
0.704764
0.000000
0.000000
0.000000
0.000000
0.000000
0.000000
-1.285518
0.765025
0.725981
-1.253497
0.967326
0.612476
0.000000
0.000000
0.000000
0.000000
0.000000
0.000000
0.000000
0.000000
0.000000
-1.216407
0.870360
0.698471
-1.151040
0.812842
0.803480
-1.149989
0.787207
0.773802
-1.122106
0.838791
0.794995
-1.052849
0.975506
0.723722
0.000000
0.000000
0.000000
0.000000
0.000000
0.000000
-1.233707
0.643011
0.751726
-1.234050
0.702408
0.716040
0.000000
0.000000
0.000000
0.000000
0.000000
0.000000
-1.431067
0.706605
0.849359
-1.463094
0.761371
0.808199
0.000000
0.000000
0.000000
0.000000
0.000000
0.000000
-1.453220
0.452987
0.859548
-1.474235
0.516565
0.880878
0.000000
0.000000
0.000000
0.000000
0.000000
0.000000
0.000000
0.000000
0.000000
-1.204995
1.167827
0.782141
0.000000
0.000000
0.000000
0.000000
0.000000
0.000000
-1.427937
0.886721
0.746170
-1.465289
0.917290
0.733735
0.000000
0.000000
0.000000
0.000000
0.000000
0.000000
-1.383355
0.783942
0.806142
-1.420621
0.647911
0.805734
0.000000
0.000000
0.000000
0.000000
0.000000
0.000000
-1.297509
0.530651
0.710115
-1.380586
0.395853
0.881103
0.000000
0.000000
0.000000
0.000000
0.000000
0.000000
-1.294655
0.542860
0.904839
-1.259130
0.623233
0.865135
0.000000
0.000000
0.000000
0.000000
0.000000
0.000000
0.000000
0.000000
0.000000
-1.022063
0.705658
0.679313
0.000000
0.000000
0.000000
0.000000
0.000000
0.000000
0.000000
0.000000
0.000000
-1.119593
0.560915
0.839990
0.000000
0.000000
0.000000
0.000000
0.000000
0.000000
-1.078912
1.144250
0.810514
-1.098710
1.170116
0.717224
0.000000
0.000000
0.000000
0.000000
0.000000
0.000000
0.000000
0.000000
0.000000
-1.699701
0.423711
0.942918
0.000000
0.000000
0.000000
0.000000
0.000000
0.000000
-1.254154
0.724815
0.725026
-1.195994
0.839917
0.741905
0.000000
0.000000
0.000000
0.000000
0.000000
0.000000
-0.960328
0.974502
0.643886
-0.969523
1.038094
0.640735
0.000000
0.000000
0.000000
0.000000
0.000000
0.000000
0.000000
0.000000
0.000000
-1.036445
0.809855
0.636800
0.000000
0.000000
0.000000
0.000000
0.000000
0.000000
-1.124132
1.259663
0.671185
-1.194139
1.286655
0.640232
0.000000
0.000000
0.000000
0.000000
0.000000
0.000000
-1.083281
0.403445
0.695884
-1.147755
0.375321
0.924882
0.000000
0.000000
0.000000
0.000000
0.000000
0.000000
-1.206581
1.089606
0.527017
-1.268991
1.111351
0.570544
-1.094237
0.767883
0.786165
-1.179394
0.932432
0.785622
-1.062631
0.775649
0.786165
-1.154920
0.906114
0.785622
0.000000
0.000000
0.000000
0.000000
0.000000
0.000000
-1.257359
0.500552
0.901588
-1.248076
0.565827
0.829612
0.000000
0.000000
0.000000
0.000000
0.000000
0.000000
-1.570938
0.475646
0.846351
-1.573935
0.478912
0.842052
-1.212364
1.202317
0.585783
-1.293354
1.147589
0.533644
-1.191379
1.194491
0.617800
-1.273973
1.013384
0.654986
0.000000
0.000000
0.000000
0.000000
0.000000
0.000000
-1.151042
0.948973
0.677799
-1.184053
0.958427
0.686110
-1.463562
0.723024
0.819869
-1.515610
0.675138
0.804912
-1.284105
0.760141
0.773780
-1.329554
0.707124
0.775215
0.000000
0.000000
0.000000
0.000000
0.000000
0.000000
-1.237387
0.547217
0.744229
-1.402034
0.475893
0.811818
0.000000
0.000000
0.000000
0.000000
0.000000
0.000000
0.000000
0.000000
0.000000
-1.204549
1.414259
0.730540
0.000000
0.000000
0.000000
0.000000
0.000000
0.000000
-1.094793
0.849365
0.602556
-1.173895
0.864896
0.529916
0.000000
0.000000
0.000000
0.000000
0.000000
0.000000
0.000000
0.000000
0.000000
-0.916352
1.325799
0.594870
0.000000
0.000000
0.000000
0.000000
0.000000
0.000000
0.000000
0.000000
0.000000
-1.277715
0.581193
0.644066
0.000000
0.000000
0.000000
0.000000
0.000000
0.000000
0.000000
0.000000
0.000000
-1.385006
1.314209
0.534180
0.000000
0.000000
0.000000
0.000000
0.000000
0.000000
-1.452718
0.547376
0.756008
-1.341274
0.643980
0.825592
0.000000
0.000000
0.000000
0.000000
0.000000
0.000000
-1.223720
1.070423
0.643234
-1.289741
0.922771
0.685416
0.000000
0.000000
0.000000
0.000000
0.000000
0.000000
-1.302928
0.999282
0.707036
-1.368401
0.943849
0.673131
0.000000
0.000000
0.000000
0.000000
0.000000
0.000000
-1.345502
1.194168
0.653965
-1.350674
1.121805
0.705063
0.000000
0.000000
0.000000
0.000000
0.000000
0.000000
-1.314752
0.857589
0.658163
-1.279485
1.053439
0.564707
-1.052953
0.703310
0.720478
-1.118955
0.652181
0.697971
-0.996140
0.764297
0.689449
-1.041583
0.809553
0.718564
0.000000
0.000000
0.000000
0.000000
0.000000
0.000000
-1.433328
0.959158
0.701378
-1.504561
0.906782
0.744332
0.000000
0.000000
0.000000
0.000000
0.000000
0.000000
-1.460715
1.148505
0.586994
-1.480658
1.116503
0.596798
0.000000
0.000000
0.000000
0.000000
0.000000
0.000000
-1.509915
0.558127
0.860051
-1.532090
0.577417
0.857096
0.000000
0.000000
0.000000
0.000000
0.000000
0.000000
-1.439166
0.877875
0.752657
-1.533193
0.691183
0.770618
0.000000
0.000000
0.000000
0.000000
0.000000
0.000000
-1.613402
0.689803
0.919298
-1.612017
0.900258
0.808892
0.000000
0.000000
0.000000
0.000000
0.000000
0.000000
-1.016035
0.807445
0.616601
-1.025511
0.964021
0.639072
0.000000
0.000000
0.000000
0.000000
0.000000
0.000000
-1.119034
1.029486
0.576724
-1.175917
1.025240
0.591516
0.000000
0.000000
0.000000
0.000000
0.000000
0.000000
-1.587711
0.482265
0.876008
-1.608389
0.437918
0.867884
0.000000
0.000000
0.000000
0.000000
0.000000
0.000000
-1.483508
0.390289
0.891428
-1.526513
0.340683
0.878825
0.000000
0.000000
0.000000
0.000000
0.000000
0.000000
-1.423377
0.417155
0.777615
-1.424710
0.715578
0.889090
0.000000
0.000000
0.000000
0.000000
0.000000
0.000000
0.000000
0.000000
0.000000
-1.349563
0.687999
0.797096
0.000000
0.000000
0.000000
0.000000
0.000000
0.000000
0.000000
0.000000
0.000000
-1.158856
0.989499
0.804880
0.000000
0.000000
0.000000
0.000000
0.000000
0.000000
-1.115339
0.866437
0.677064
-1.186452
0.786571
0.661862
0.000000
0.000000
0.000000
0.000000
0.000000
0.000000
-1.336147
0.844090
0.770715
-1.375142
0.746967
0.707521
0.000000
0.000000
0.000000
0.000000
0.000000
0.000000
-1.103780
0.743548
0.619142
-1.189480
0.795955
0.654710
0.000000
0.000000
0.000000
0.000000
0.000000
0.000000
-1.434061
1.269012
0.504906
-1.468835
1.269812
0.499458
0.000000
0.000000
0.000000
0.000000
0.000000
0.000000
-1.358356
0.962112
0.658794
-1.368336
1.065030
0.613690
0.000000
0.000000
0.000000
0.000000
0.000000
0.000000
-1.390659
0.475847
0.839305
-1.441408
0.425840
0.897727
0.000000
0.000000
0.000000
0.000000
0.000000
0.000000
-1.452384
0.327371
0.876304
-1.522767
0.352974
0.876355
0.000000
0.000000
0.000000
-1.292190
0.587505
0.568730
0.000000
0.000000
0.000000
-1.271752
0.600098
0.568730
0.000000
0.000000
0.000000
0.000000
0.000000
0.000000
-1.326918
0.503102
0.870024
-1.331590
0.495940
0.850633
0.000000
0.000000
0.000000
0.000000
0.000000
0.000000
-1.377238
0.885577
0.804371
-1.397249
0.893347
0.829560
0.000000
0.000000
0.000000
0.000000
0.000000
0.000000
-1.439914
0.746781
0.781526
-1.471223
0.743007
0.789167
-1.201219
0.365592
0.885573
-1.239360
0.326532
0.881891
-1.203954
0.366011
0.885134
-1.240111
0.328414
0.881534
0.000000
0.000000
0.000000
0.000000
0.000000
0.000000
-1.321675
0.695715
0.773478
-1.300854
0.830503
0.774772
0.000000
0.000000
0.000000
0.000000
0.000000
0.000000
-1.553261
0.586599
0.870736
-1.620355
0.573077
0.833937
0.000000
0.000000
0.000000
0.000000
0.000000
0.000000
-1.288453
0.980855
0.682039
-1.321261
0.823017
0.725421
0.000000
0.000000
0.000000
0.000000
0.000000
0.000000
-1.325444
1.066677
0.511251
-1.321098
1.254164
0.487935
0.000000
0.000000
0.000000
0.000000
0.000000
0.000000
-1.285713
1.085501
0.866424
-1.345326
1.054549
0.736687
0.000000
0.000000
0.000000
0.000000
0.000000
0.000000
-1.598796
0.638742
0.811431
-1.535158
0.853955
0.801662
-1.251151
0.856279
0.902847
-1.341679
0.737117
0.839349
-1.232839
0.845416
0.902847
-1.283547
0.731235
0.831673
0.000000
0.000000
0.000000
0.000000
0.000000
0.000000
-1.211927
0.603337
0.716870
-1.238515
0.623045
0.835014
0.000000
0.000000
0.000000
0.000000
0.000000
0.000000
-1.041873
0.749964
0.832327
-1.087930
0.832420
0.798058
-1.026107
0.671432
0.609467
-0.939417
0.934551
0.638381
-0.989732
0.678336
0.609467
-0.912129
0.980335
0.645772
0.000000
0.000000
0.000000
0.000000
0.000000
0.000000
-1.213197
0.743165
0.778752
-1.282062
0.683686
0.793353
0.000000
0.000000
0.000000
0.000000
0.000000
0.000000
-1.100589
0.856888
0.725160
-1.095288
1.126004
0.632364
0.000000
0.000000
0.000000
0.000000
0.000000
0.000000
-1.333221
0.656300
0.712489
-1.294855
0.711223
0.834716
0.000000
0.000000
0.000000
0.000000
0.000000
0.000000
0.000000
0.000000
0.000000
-1.211499
0.578931
0.920672
0.000000
0.000000
0.000000
0.000000
0.000000
0.000000
-1.114859
0.906089
0.659376
-1.175490
0.862046
0.627237
-1.141890
0.587169
0.863363
-1.163300
0.618031
0.819190
-1.153935
0.678887
0.898875
-1.101642
0.782310
0.827376
0.000000
0.000000
0.000000
0.000000
0.000000
0.000000
-1.275249
1.048344
0.656683
-1.331431
1.093311
0.593192
0.000000
0.000000
0.000000
0.000000
0.000000
0.000000
0.000000
0.000000
0.000000
-1.109374
0.745387
0.724083
0.000000
0.000000
0.000000
0.000000
0.000000
0.000000
-1.468903
0.431191
0.694135
-1.416636
0.536394
0.894707
0.000000
0.000000
0.000000
0.000000
0.000000
0.000000
-1.446513
0.531381
0.853188
-1.480480
0.515566
0.856817
0.000000
0.000000
0.000000
0.000000
0.000000
0.000000
-1.165383
0.717582
0.777368
-1.164540
0.808039
0.758020
0.000000
0.000000
0.000000
0.000000
0.000000
0.000000
0.000000
0.000000
0.000000
-1.217264
0.763764
0.845495
0.000000
0.000000
0.000000
0.000000
0.000000
0.000000
0.000000
0.000000
0.000000
-1.156100
0.907492
0.651007
0.000000
0.000000
0.000000
0.000000
0.000000
0.000000
-1.225886
0.621830
0.688421
-1.280875
0.687039
0.707983
0.000000
0.000000
0.000000
0.000000
0.000000
0.000000
-1.311416
0.918596
0.809424
-1.299851
1.061895
0.799524
0.000000
0.000000
0.000000
0.000000
0.000000
0.000000
-1.269587
0.850223
0.737480
-1.301606
0.857885
0.737966
0.000000
0.000000
0.000000
0.000000
0.000000
0.000000
-1.142804
0.877632
0.720034
-1.226680
0.814434
0.786960
0.000000
0.000000
0.000000
0.000000
0.000000
0.000000
-1.156101
0.692447
0.806917
-1.226736
0.616943
0.824217
0.000000
0.000000
0.000000
0.000000
0.000000
0.000000
-1.347381
0.736129
0.770723
-1.381770
0.627390
0.785236
0.000000
0.000000
0.000000
0.000000
0.000000
0.000000
-1.142783
1.119938
0.686036
-1.198494
1.201018
0.656590
0.000000
0.000000
0.000000
0.000000
0.000000
0.000000
-1.191484
0.688329
0.669283
-1.221302
0.594995
0.732156
0.000000
0.000000
0.000000
0.000000
0.000000
0.000000
0.000000
0.000000
0.000000
-1.299281
0.531159
0.783571
0.000000
0.000000
0.000000
0.000000
0.000000
0.000000
0.000000
0.000000
0.000000
-1.350356
0.726630
0.638042
0.000000
0.000000
0.000000
0.000000
0.000000
0.000000
-1.024717
0.927527
0.809548
-1.002028
0.997342
0.730894
0.000000
0.000000
0.000000
0.000000
0.000000
0.000000
0.000000
0.000000
0.000000
-1.428891
0.445705
0.762733
0.000000
0.000000
0.000000
0.000000
0.000000
0.000000
0.000000
0.000000
0.000000
-1.243637
0.533463
0.651311
0.000000
0.000000
0.000000
0.000000
0.000000
0.000000
-1.599368
0.448556
0.987955
-1.660135
0.390909
0.896780
0.000000
0.000000
0.000000
0.000000
0.000000
0.000000
-1.081286
1.010900
0.552097
-1.155315
0.983073
0.562266
-1.113877
1.010723
0.595771
-1.127458
0.983434
0.624084
-1.093370
1.002329
0.597473
-1.096600
0.972746
0.626215
0.000000
0.000000
0.000000
0.000000
0.000000
0.000000
-1.204420
1.082568
0.737317
-1.285652
0.929766
0.770985
0.000000
0.000000
0.000000
0.000000
0.000000
0.000000
-1.119180
1.149530
0.736126
-1.208860
1.064423
0.721704
0.000000
0.000000
0.000000
0.000000
0.000000
0.000000
-1.368862
0.863351
0.739637
-1.407498
0.849148
0.755766
0.000000
0.000000
0.000000
0.000000
0.000000
0.000000
-1.250393
1.152744
0.675281
-1.284821
1.140354
0.737951
0.000000
0.000000
0.000000
0.000000
0.000000
0.000000
-1.616990
0.293847
0.896148
-1.638862
0.297270
0.896436
0.000000
0.000000
0.000000
0.000000
0.000000
0.000000
-1.205001
0.559874
0.863358
-1.201651
0.547842
0.820061
0.000000
0.000000
0.000000
0.000000
0.000000
0.000000
-1.289144
0.883691
0.752702
-1.294480
1.127398
0.717782
0.000000
0.000000
0.000000
0.000000
0.000000
0.000000
0.000000
0.000000
0.000000
-1.210912
0.512660
0.762758
0.000000
0.000000
0.000000
0.000000
0.000000
0.000000
-1.288109
0.542971
0.844164
-1.333526
0.528925
0.852084
0.000000
0.000000
0.000000
0.000000
0.000000
0.000000
-1.388220
0.500624
0.843386
-1.303757
0.659124
0.823747
0.000000
0.000000
0.000000
0.000000
0.000000
0.000000
-1.161515
0.700039
0.697826
-1.286933
0.652001
0.850190
0.000000
0.000000
0.000000
0.000000
0.000000
0.000000
-1.305914
1.070912
0.735409
-1.363974
0.916108
0.731440
0.000000
0.000000
0.000000
0.000000
0.000000
0.000000
-1.232379
0.647114
0.704880
-1.173670
0.962702
0.790351
0.000000
0.000000
0.000000
0.000000
0.000000
0.000000
-1.361942
0.981955
0.633394
-1.388559
0.952902
0.634700
0.000000
0.000000
0.000000
0.000000
0.000000
0.000000
-1.388381
0.992999
0.664831
-1.418219
1.006811
0.675883
0.000000
0.000000
0.000000
0.000000
0.000000
0.000000
-1.366670
0.583926
0.816215
-1.437773
0.516319
0.834754
0.000000
0.000000
0.000000
0.000000
0.000000
0.000000
-1.394817
0.790926
0.764372
-1.429232
0.782555
0.768500
0.000000
0.000000
0.000000
0.000000
0.000000
0.000000
-1.716404
0.530557
0.826334
-1.738505
0.699515
0.871539
0.000000
0.000000
0.000000
0.000000
0.000000
0.000000
-1.426899
0.743147
0.772933
-1.505135
0.726545
0.819647
0.000000
0.000000
0.000000
0.000000
0.000000
0.000000
-1.239493
0.561329
0.825389
-1.275712
0.609716
0.794015
0.000000
0.000000
0.000000
0.000000
0.000000
0.000000
-1.293319
0.589045
0.818699
-1.347806
0.600094
0.803597
0.000000
0.000000
0.000000
0.000000
0.000000
0.000000
0.000000
0.000000
0.000000
-1.336799
0.929502
0.782344
0.000000
0.000000
0.000000
0.000000
0.000000
0.000000
-1.116614
1.021821
0.835871
-1.183763
0.898956
0.751913
0.000000
0.000000
0.000000
0.000000
0.000000
0.000000
-1.506281
0.470760
0.716159
-1.575678
0.557388
0.848789
0.000000
0.000000
0.000000
0.000000
0.000000
0.000000
-1.448388
0.997753
0.695818
-1.471844
1.004778
0.691002
0.000000
0.000000
0.000000
0.000000
0.000000
0.000000
-1.192352
1.012922
0.720071
-1.228402
0.983034
0.629774
0.000000
0.000000
0.000000
-1.192900
1.118874
0.736373
0.000000
0.000000
0.000000
-1.275106
1.311113
0.743223
0.000000
0.000000
0.000000
0.000000
0.000000
0.000000
0.000000
0.000000
0.000000
-1.442891
0.759484
0.718622
0.000000
0.000000
0.000000
0.000000
0.000000
0.000000
-1.020129
0.907109
0.642609
-0.906121
1.239070
0.444551
0.000000
0.000000
0.000000
0.000000
0.000000
0.000000
-1.316080
0.828738
0.735454
-1.355150
0.709387
0.778845
0.000000
0.000000
0.000000
0.000000
0.000000
0.000000
0.000000
0.000000
0.000000
-1.102816
1.354057
0.777467
0.000000
0.000000
0.000000
0.000000
0.000000
0.000000
-1.352187
0.505379
0.801744
-1.344067
0.415157
0.834134
0.000000
0.000000
0.000000
0.000000
0.000000
0.000000
-1.548363
0.662102
0.840290
-1.561310
0.695478
0.832282
0.000000
0.000000
0.000000
0.000000
0.000000
0.000000
-1.216203
0.783639
0.760240
-1.278909
0.894041
0.662406
0.000000
0.000000
0.000000
0.000000
0.000000
0.000000
-1.388186
0.591149
0.861390
-1.494129
0.486117
0.861061
0.000000
0.000000
0.000000
0.000000
0.000000
0.000000
0.000000
0.000000
0.000000
-1.147448
0.407416
0.671163
0.000000
0.000000
0.000000
0.000000
0.000000
0.000000
0.000000
0.000000
0.000000
-1.450750
0.601508
0.661935
-1.102121
0.948665
0.771715
-1.188541
0.945272
0.723337
-1.055236
0.914943
0.764183
-1.144062
0.829146
0.755662
0.000000
0.000000
0.000000
0.000000
0.000000
0.000000
-1.621815
0.979511
0.720170
-1.642823
0.990657
0.722484
0.000000
0.000000
0.000000
0.000000
0.000000
0.000000
0.000000
0.000000
0.000000
-1.395280
0.864223
0.677305
0.000000
0.000000
0.000000
0.000000
0.000000
0.000000
-1.343194
0.627805
0.804840
-1.343425
0.612764
0.829944
-1.047568
1.056715
0.654018
-1.113565
1.006594
0.639183
-0.896826
1.425581
0.725638
-1.032018
1.160685
0.582061
0.000000
0.000000
0.000000
0.000000
0.000000
0.000000
0.000000
0.000000
0.000000
-1.271140
0.689867
0.915084
0.000000
0.000000
0.000000
0.000000
0.000000
0.000000
-1.578251
0.691569
0.839638
-1.566565
0.714126
0.816870
0.000000
0.000000
0.000000
0.000000
0.000000
0.000000
-1.295334
0.878247
0.739762
-1.329305
1.051933
0.745774
0.000000
0.000000
0.000000
0.000000
0.000000
0.000000
-1.222267
0.529631
0.770260
-1.197904
0.633554
0.838167
0.000000
0.000000
0.000000
0.000000
0.000000
0.000000
0.000000
0.000000
0.000000
-0.996638
1.024219
0.630271
0.000000
0.000000
0.000000
-1.196484
0.733238
0.781565
0.000000
0.000000
0.000000
-1.140534
0.745091
0.781565
0.000000
0.000000
0.000000
0.000000
0.000000
0.000000
-1.398763
0.463689
0.810722
-1.347342
0.525418
0.795347
0.000000
0.000000
0.000000
0.000000
0.000000
0.000000
-1.142643
0.987079
0.656154
-1.250792
0.922431
0.700911
0.000000
0.000000
0.000000
0.000000
0.000000
0.000000
-1.494757
0.361157
0.908396
-1.524771
0.342144
0.877505
0.000000
0.000000
0.000000
0.000000
0.000000
0.000000
-0.990228
0.925067
0.785003
-0.972458
0.832384
0.715411
0.000000
0.000000
0.000000
0.000000
0.000000
0.000000
-1.407703
0.714001
0.778267
-1.423497
0.669561
0.790768
0.000000
0.000000
0.000000
0.000000
0.000000
0.000000
0.000000
0.000000
0.000000
-1.211441
0.586072
0.650718
0.000000
0.000000
0.000000
0.000000
0.000000
0.000000
-1.244909
1.069342
0.652368
-1.288796
1.080276
0.629428
0.000000
0.000000
0.000000
0.000000
0.000000
0.000000
-1.275334
0.476773
0.798699
-1.339425
0.573814
0.859385
0.000000
0.000000
0.000000
0.000000
0.000000
0.000000
-1.641181
0.508190
0.867172
-1.655112
0.515138
0.865264
