0.000000
0.000000
0.000000
0.000000
0.000000
0.000000
-1.375455
0.689172
0.763824
-1.398413
0.692169
0.741541
0.000000
0.000000
0.000000
0.000000
0.000000
0.000000
-1.289224
0.634686
0.628869
-1.377779
0.569334
0.804231
0.000000
0.000000
0.000000
0.000000
0.000000
0.000000
-1.194863
0.762078
0.742847
-1.233982
0.611018
0.768508
0.000000
0.000000
0.000000
0.000000
0.000000
0.000000
-1.423676
0.795450
0.824386
-1.489833
0.761982
0.797110
0.000000
0.000000
0.000000
0.000000
0.000000
0.000000
-1.253109
1.088611
0.651581
-1.306780
0.939994
0.674798
0.000000
0.000000
0.000000
0.000000
0.000000
0.000000
0.000000
0.000000
0.000000
-1.242335
0.451611
0.677323
0.000000
0.000000
0.000000
0.000000
0.000000
0.000000
-1.206527
1.074575
0.540516
-1.277882
1.198608
0.516038
0.000000
0.000000
0.000000
0.000000
0.000000
0.000000
-1.269293
0.607984
0.723334
-1.053899
0.884669
0.788378
0.000000
0.000000
0.000000
0.000000
0.000000
0.000000
-1.225250
1.048797
0.612709
-1.271444
1.002127
0.632314
0.000000
0.000000
0.000000
0.000000
0.000000
0.000000
-1.213525
0.693521
0.644364
-1.184808
1.017289
0.678331
0.000000
0.000000
0.000000
0.000000
0.000000
0.000000
-1.255032
0.635065
0.674013
-1.211189
0.678093
0.753940
0.000000
0.000000
0.000000
0.000000
0.000000
0.000000
-1.210999
0.583901
0.710467
-1.161436
0.628234
0.818150
0.000000
0.000000
0.000000
0.000000
0.000000
0.000000
-1.240947
0.760422
0.726686
-1.254372
0.845947
0.753218
0.000000
0.000000
0.000000
0.000000
0.000000
0.000000
-1.371999
0.974556
0.674237
-1.377708
1.036887
0.678741
-1.157394
0.510117
0.802564
-1.075737
0.647498
0.847839
-1.164943
0.511812
0.802564
-1.057814
0.652346
0.847839
-1.372180
0.448670
0.662143
-1.302440
0.556073
0.978783
-1.402822
0.439701
0.631509
-1.374966
0.525732
1.004251
0.000000
0.000000
0.000000
0.000000
0.000000
0.000000
-1.139944
0.693077
0.652845
-1.079385
1.111744
0.706946
0.000000
0.000000
0.000000
0.000000
0.000000
0.000000
-1.239961
0.652835
0.748145
-1.251850
0.560240
0.769213
0.000000
0.000000
0.000000
0.000000
0.000000
0.000000
0.000000
0.000000
0.000000
-0.999371
0.710355
0.621151
0.000000
0.000000
0.000000
0.000000
0.000000
0.000000
-1.372512
0.750632
0.775276
-1.450219
0.656361
0.784762
0.000000
0.000000
0.000000
0.000000
0.000000
0.000000
-1.508988
0.496674
0.852569
-1.503952
0.566190
0.839875
0.000000
0.000000
0.000000
0.000000
0.000000
0.000000
-1.356010
0.854561
0.747147
-1.387523
0.868253
0.746196
0.000000
0.000000
0.000000
0.000000
0.000000
0.000000
-1.384874
0.667239
0.823797
-1.380199
0.706757
0.825874
0.000000
0.000000
0.000000
0.000000
0.000000
0.000000
-1.264031
0.601769
0.684375
-1.360880
0.812833
0.821021
0.000000
0.000000
0.000000
0.000000
0.000000
0.000000
-1.399006
0.598743
0.957393
-1.541154
0.489510
0.880985
0.000000
0.000000
0.000000
0.000000
0.000000
0.000000
-1.371197
0.710244
0.823262
-1.394816
0.768981
0.783963
0.000000
0.000000
0.000000
0.000000
0.000000
0.000000
-1.306968
0.575665
0.814903
-1.327464
0.632515
0.775845
0.000000
0.000000
0.000000
0.000000
0.000000
0.000000
-1.313119
0.591491
0.820744
-1.374846
0.580985
0.823513
0.000000
0.000000
0.000000
0.000000
0.000000
0.000000
-1.400333
0.487774
0.724781
-1.485144
0.394088
0.833963
0.000000
0.000000
0.000000
0.000000
0.000000
0.000000
-1.277856
0.588659
0.861048
-1.289663
0.541952
0.852051
0.000000
0.000000
0.000000
0.000000
0.000000
0.000000
-1.482177
0.607186
0.830579
-1.509595
0.606734
0.835084
0.000000
0.000000
0.000000
0.000000
0.000000
0.000000
-1.520225
1.072064
0.663009
-1.549333
1.053695
0.673820
0.000000
0.000000
0.000000
0.000000
0.000000
0.000000
0.000000
0.000000
0.000000
-1.182813
0.709889
0.761293
0.000000
0.000000
0.000000
0.000000
0.000000
0.000000
-1.463691
0.597087
0.785766
-1.422047
0.688306
0.798712
0.000000
0.000000
0.000000
0.000000
0.000000
0.000000
-1.425552
0.445591
0.894574
-1.484885
0.355216
0.863737
0.000000
0.000000
0.000000
0.000000
0.000000
0.000000
-1.078584
0.546168
0.683916
-1.168186
0.494190
0.763678
0.000000
0.000000
0.000000
0.000000
0.000000
0.000000
-1.263438
0.941356
0.688008
-1.322468
0.878764
0.711482
0.000000
0.000000
0.000000
0.000000
0.000000
0.000000
-1.158091
0.790889
0.717330
-1.215030
0.628704
0.702139
0.000000
0.000000
0.000000
0.000000
0.000000
0.000000
-1.279334
0.603841
0.626879
-1.194386
1.019787
0.795474
0.000000
0.000000
0.000000
0.000000
0.000000
0.000000
-1.511555
0.414066
0.883155
-1.496423
0.470390
0.856981
0.000000
0.000000
0.000000
0.000000
0.000000
0.000000
-1.251858
0.716692
0.710405
-1.235492
0.788648
0.753604
0.000000
0.000000
0.000000
0.000000
0.000000
0.000000
-1.126715
0.775761
0.666218
-1.157384
0.735289
0.747840
0.000000
0.000000
0.000000
0.000000
0.000000
0.000000
-0.993807
0.664639
0.724948
-0.948632
0.884907
0.637431
-1.095286
0.718385
0.754086
-1.163769
0.783711
0.808764
-1.181242
0.627398
0.783859
-1.220167
0.766955
0.862137
0.000000
0.000000
0.000000
0.000000
0.000000
0.000000
-1.403438
0.518101
0.918055
-1.420868
0.571707
0.896667
0.000000
0.000000
0.000000
0.000000
0.000000
0.000000
-1.510086
0.746192
0.788594
-1.537193
0.750615
0.794756
0.000000
0.000000
0.000000
0.000000
0.000000
0.000000
-1.248324
0.553644
0.797181
-1.256510
0.626265
0.780121
0.000000
0.000000
0.000000
0.000000
0.000000
0.000000
0.000000
0.000000
0.000000
-1.212716
0.896970
0.862958
-1.165642
0.823094
0.677258
-1.151823
0.935066
0.703393
-1.083913
0.676197
0.777335
-1.111551
0.787986
0.791484
-1.331849
0.658682
0.606558
-1.165578
1.040904
0.749031
-1.305112
0.641129
0.618871
-1.163937
0.898049
0.766017
0.000000
0.000000
0.000000
0.000000
0.000000
0.000000
-1.226260
1.039442
0.553951
-1.236676
1.073421
0.565852
0.000000
0.000000
0.000000
0.000000
0.000000
0.000000
-1.400836
0.975369
0.691617
-1.429646
0.988153
0.691813
0.000000
0.000000
0.000000
0.000000
0.000000
0.000000
-1.359253
1.030574
0.654279
-1.390977
1.036025
0.653875
0.000000
0.000000
0.000000
0.000000
0.000000
0.000000
0.000000
0.000000
0.000000
-1.375736
0.755886
0.702181
0.000000
0.000000
0.000000
0.000000
0.000000
0.000000
-1.491396
0.363960
0.868174
-1.509231
0.361911
0.857748
0.000000
0.000000
0.000000
0.000000
0.000000
0.000000
-1.034999
0.735843
0.998367
-1.060041
0.654476
0.817345
0.000000
0.000000
0.000000
0.000000
0.000000
0.000000
0.000000
0.000000
0.000000
-1.287821
0.824193
0.879972
0.000000
0.000000
0.000000
0.000000
0.000000
0.000000
0.000000
0.000000
0.000000
-1.066130
1.051101
0.574613
0.000000
0.000000
0.000000
0.000000
0.000000
0.000000
-1.105238
0.744350
0.755451
-1.139188
0.721741
0.750299
-1.179043
1.056271
0.764748
-1.181867
0.862278
0.677510
-1.164355
1.041705
0.764748
-1.174789
0.859650
0.683267
0.000000
0.000000
0.000000
0.000000
0.000000
0.000000
-1.260422
0.989438
0.674186
-1.312429
0.914087
0.658603
0.000000
0.000000
0.000000
0.000000
0.000000
0.000000
-1.185403
0.651666
0.698953
-1.269756
0.777113
0.857870
0.000000
0.000000
0.000000
0.000000
0.000000
0.000000
-1.279484
0.805144
0.777834
-1.368622
0.640606
0.789480
0.000000
0.000000
0.000000
0.000000
0.000000
0.000000
0.000000
0.000000
0.000000
-1.239297
0.490861
0.865237
0.000000
0.000000
0.000000
0.000000
0.000000
0.000000
-1.345719
0.866075
0.705313
-1.384223
0.790391
0.752087
0.000000
0.000000
0.000000
0.000000
0.000000
0.000000
-1.591284
0.374860
0.895463
-1.608579
0.393023
0.880400
0.000000
0.000000
0.000000
0.000000
0.000000
0.000000
-1.262676
0.624230
0.796641
-1.275519
0.677552
0.811895
0.000000
0.000000
0.000000
0.000000
0.000000
0.000000
-1.578239
0.551281
0.829440
-1.609992
0.548033
0.836559
0.000000
0.000000
0.000000
0.000000
0.000000
0.000000
-1.414293
0.695000
0.830989
-1.464455
0.632783
0.827253
0.000000
0.000000
0.000000
0.000000
0.000000
0.000000
-1.269771
0.692565
0.736945
-1.296576
0.656216
0.790905
0.000000
0.000000
0.000000
0.000000
0.000000
0.000000
-1.206640
0.822683
0.683456
-1.197684
0.991263
0.743822
0.000000
0.000000
0.000000
0.000000
0.000000
0.000000
-1.019522
0.839784
0.831069
-1.061869
0.853580
0.760589
-1.068280
0.773058
0.747698
-1.114798
0.744345
0.770487
-0.961834
0.798230
0.725131
-1.009724
0.758177
0.745808
0.000000
0.000000
0.000000
0.000000
0.000000
0.000000
-1.442632
0.875987
0.756686
-1.470360
0.901263
0.764640
0.000000
0.000000
0.000000
0.000000
0.000000
0.000000
-1.662431
0.552219
1.108686
-1.723035
0.523023
0.978152
0.000000
0.000000
0.000000
0.000000
0.000000
0.000000
0.000000
0.000000
0.000000
-1.294375
0.906713
0.674596
0.000000
0.000000
0.000000
0.000000
0.000000
0.000000
0.000000
0.000000
0.000000
-1.232628
0.677780
0.646693
0.000000
0.000000
0.000000
0.000000
0.000000
0.000000
-1.256346
1.072324
1.023385
-1.308107
0.992868
0.881548
0.000000
0.000000
0.000000
0.000000
0.000000
0.000000
-1.295816
1.065049
0.805927
-1.495228
0.806274
0.723273
0.000000
0.000000
0.000000
0.000000
0.000000
0.000000
0.000000
0.000000
0.000000
-1.254704
0.630520
0.607705
0.000000
0.000000
0.000000
0.000000
0.000000
0.000000
-1.278113
0.870041
0.902680
-1.331742
0.704177
0.794069
0.000000
0.000000
0.000000
0.000000
0.000000
0.000000
-1.097954
1.033112
0.737562
-1.250038
0.732095
0.772285
0.000000
0.000000
0.000000
0.000000
0.000000
0.000000
-0.915316
1.410578
0.720974
-1.053471
0.819903
0.581100
0.000000
0.000000
0.000000
0.000000
0.000000
0.000000
-1.413312
0.951990
0.697769
-1.434191
0.978250
0.700804
0.000000
0.000000
0.000000
0.000000
0.000000
0.000000
0.000000
0.000000
0.000000
-1.189342
0.674823
0.771289
0.000000
0.000000
0.000000
0.000000
0.000000
0.000000
-1.316957
0.352103
0.874571
-1.349550
0.381833
0.871674
0.000000
0.000000
0.000000
0.000000
0.000000
0.000000
-1.048993
0.845916
0.667671
-1.264081
0.710255
0.639596
0.000000
0.000000
0.000000
0.000000
0.000000
0.000000
-1.420787
0.364688
0.799873
-1.375632
0.419256
0.905158
0.000000
0.000000
0.000000
0.000000
0.000000
0.000000
-1.156089
0.620189
0.759237
-1.100648
0.724885
0.708869
0.000000
0.000000
0.000000
0.000000
0.000000
0.000000
-1.231552
0.932301
0.572006
-1.279430
0.866003
0.631880
0.000000
0.000000
0.000000
0.000000
0.000000
0.000000
-1.176559
0.599602
0.720667
-1.182356
0.797435
0.929610
0.000000
0.000000
0.000000
0.000000
0.000000
0.000000
-1.386835
0.688059
0.560692
-1.236871
1.071485
0.826999
-0.986959
0.711189
0.646840
-1.050398
0.625471
0.855794
-0.888682
0.661769
0.658321
-1.016128
0.555566
0.917784
0.000000
0.000000
0.000000
0.000000
0.000000
0.000000
-1.301592
0.877229
0.715122
-1.284433
0.915560
0.748003
0.000000
0.000000
0.000000
0.000000
0.000000
0.000000
-1.623569
1.654112
0.647263
-1.683675
1.307842
0.607658
0.000000
0.000000
0.000000
0.000000
0.000000
0.000000
-1.241016
0.819348
0.816741
-1.272873
0.675222
0.776790
0.000000
0.000000
0.000000
0.000000
0.000000
0.000000
0.000000
0.000000
0.000000
-0.905717
1.270302
0.764668
0.000000
0.000000
0.000000
0.000000
0.000000
0.000000
-1.265223
0.633279
0.861450
-1.367249
0.502682
0.788927
0.000000
0.000000
0.000000
0.000000
0.000000
0.000000
-1.376759
0.514658
0.851448
-1.397991
0.524656
0.852737
0.000000
0.000000
0.000000
0.000000
0.000000
0.000000
-1.295840
0.517778
0.707266
-1.224482
0.703067
0.728667
0.000000
0.000000
0.000000
0.000000
0.000000
0.000000
-1.499158
0.471464
0.683851
-1.418885
0.514128
0.891317
0.000000
0.000000
0.000000
0.000000
0.000000
0.000000
-1.297770
0.676734
0.789634
-1.334078
0.747332
0.844577
-1.269059
1.094146
0.821315
-1.257455
1.173819
0.703084
-1.214537
1.111063
0.821315
-1.227116
1.111014
0.703084
0.000000
0.000000
0.000000
0.000000
0.000000
0.000000
0.000000
0.000000
0.000000
-1.359667
0.538803
0.628615
0.000000
0.000000
0.000000
0.000000
0.000000
0.000000
0.000000
0.000000
0.000000
-1.183926
0.613797
0.902091
0.000000
0.000000
0.000000
0.000000
0.000000
0.000000
-1.075702
0.843759
0.652422
-1.158813
1.018906
0.786345
0.000000
0.000000
0.000000
0.000000
0.000000
0.000000
-1.402591
0.574132
0.856602
-1.446659
0.532574
0.825133
0.000000
0.000000
0.000000
0.000000
0.000000
0.000000
-1.104179
0.901214
0.691520
-1.158243
0.955118
0.706164
0.000000
0.000000
0.000000
0.000000
0.000000
0.000000
-1.260110
0.659067
0.798912
-1.329044
0.669236
0.801959
0.000000
0.000000
0.000000
0.000000
0.000000
0.000000
-1.227146
0.984412
0.615429
-1.273236
0.841567
0.753956
0.000000
0.000000
0.000000
0.000000
0.000000
0.000000
-1.127355
1.269597
0.580126
-1.161303
1.151761
0.532190
0.000000
0.000000
0.000000
0.000000
0.000000
0.000000
-1.468096
0.391544
0.929951
-1.484145
0.392710
0.873410
0.000000
0.000000
0.000000
0.000000
0.000000
0.000000
-1.295323
0.873831
0.800216
-1.364577
0.864415
0.808315
-1.439496
0.406021
0.879190
-1.452524
0.434177
0.871120
-1.363822
0.460532
0.864260
-1.379751
0.469930
0.860900
0.000000
0.000000
0.000000
0.000000
0.000000
0.000000
-1.345738
0.566524
0.848086
-1.369037
0.697179
0.760690
0.000000
0.000000
0.000000
0.000000
0.000000
0.000000
-1.015513
0.719591
0.617035
-1.085165
0.775304
0.739654
0.000000
0.000000
0.000000
0.000000
0.000000
0.000000
-1.457645
0.641502
0.815710
-1.483540
0.648441
0.818769
0.000000
0.000000
0.000000
0.000000
0.000000
0.000000
-1.351372
0.472231
0.658783
-1.382265
0.606822
0.895016
0.000000
0.000000
0.000000
0.000000
0.000000
0.000000
-1.232648
0.825757
0.718889
-1.204231
0.890449
0.651720
0.000000
0.000000
0.000000
0.000000
0.000000
0.000000
-1.311724
0.810564
0.780845
-1.305130
0.887061
0.692511
0.000000
0.000000
0.000000
0.000000
0.000000
0.000000
-1.390110
0.706859
0.776721
-1.523122
0.665060
0.806147
0.000000
0.000000
0.000000
0.000000
0.000000
0.000000
-1.256894
0.714358
0.807778
-1.297411
0.665394
0.829517
0.000000
0.000000
0.000000
0.000000
0.000000
0.000000
-1.326424
0.789489
0.746393
-1.359235
0.773080
0.771034
0.000000
0.000000
0.000000
0.000000
0.000000
0.000000
-1.520111
0.443738
0.871715
-1.547388
0.449990
0.871481
0.000000
0.000000
0.000000
0.000000
0.000000
0.000000
-1.545880
1.003189
0.694214
-1.560011
0.992476
0.691459
0.000000
0.000000
0.000000
0.000000
0.000000
0.000000
-1.393781
0.494948
0.853866
-1.442091
0.440215
0.881529
0.000000
0.000000
0.000000
0.000000
0.000000
0.000000
-1.236788
0.569086
0.807564
-1.299033
0.520325
0.837579
0.000000
0.000000
0.000000
0.000000
0.000000
0.000000
-1.424893
0.960887
0.792690
-1.451445
0.896251
0.807391
0.000000
0.000000
0.000000
0.000000
0.000000
0.000000
-1.172880
0.993892
0.644508
-1.233122
1.006737
0.641790
0.000000
0.000000
0.000000
0.000000
0.000000
0.000000
-1.327390
0.457299
0.834938
-1.388916
0.385288
0.831253
0.000000
0.000000
0.000000
0.000000
0.000000
0.000000
-1.160535
1.037104
0.558503
-1.259846
0.943264
0.656409
0.000000
0.000000
0.000000
0.000000
0.000000
0.000000
-1.395863
0.622074
0.859225
-1.517669
0.522471
0.856017
0.000000
0.000000
0.000000
0.000000
0.000000
0.000000
-1.267503
0.790605
0.669424
-1.319339
0.775291
0.742954
-1.249658
0.643208
0.647393
-1.015480
1.003172
0.730010
-1.243418
0.640853
0.647393
-0.949038
1.180952
0.718739
0.000000
0.000000
0.000000
0.000000
0.000000
0.000000
-1.241427
0.510976
0.843132
-1.233495
0.585277
0.834292
0.000000
0.000000
0.000000
0.000000
0.000000
0.000000
-1.337798
0.956994
0.707348
-1.403659
0.887462
0.734397
0.000000
0.000000
0.000000
0.000000
0.000000
0.000000
-1.256233
0.966370
0.655711
-1.294379
0.901622
0.681664
0.000000
0.000000
0.000000
0.000000
0.000000
0.000000
-1.297247
0.842509
0.731674
-1.318378
0.865562
0.718563
-1.316055
0.716706
0.677868
-1.411109
0.754728
1.002246
-1.276501
0.737598
0.677868
-1.272284
0.935295
0.840740
0.000000
0.000000
0.000000
0.000000
0.000000
0.000000
-1.337313
0.940343
0.685760
-1.350575
0.981003
0.709227
0.000000
0.000000
0.000000
0.000000
0.000000
0.000000
-1.537500
0.819326
0.790598
-1.603008
0.695205
0.800139
0.000000
0.000000
0.000000
0.000000
0.000000
0.000000
-1.185398
0.600572
0.752258
-1.198327
0.619875
0.814414
0.000000
0.000000
0.000000
0.000000
0.000000
0.000000
-1.186782
0.592425
0.841741
-1.258326
0.524697
0.873152
0.000000
0.000000
0.000000
0.000000
0.000000
0.000000
-1.395415
0.800292
0.800745
-1.469433
0.677916
0.811675
0.000000
0.000000
0.000000
0.000000
0.000000
0.000000
-1.269337
0.671423
0.808917
-1.333170
0.597795
0.772687
0.000000
0.000000
0.000000
0.000000
0.000000
0.000000
-1.222707
0.844747
0.761190
-1.299697
0.864733
0.742131
0.000000
0.000000
0.000000
0.000000
0.000000
0.000000
-1.468798
0.539244
0.862808
-1.428716
0.530172
0.863990
-1.151014
0.970548
0.693799
-1.094763
1.129114
0.723732
-1.142771
0.973154
0.693799
-1.049268
1.186443
0.739251
0.000000
0.000000
0.000000
0.000000
0.000000
0.000000
-1.155492
0.766550
0.713362
-1.227869
0.800010
0.702426
0.000000
0.000000
0.000000
0.000000
0.000000
0.000000
-1.180720
1.220698
0.689457
-1.325811
1.063113
0.639771
0.000000
0.000000
0.000000
0.000000
0.000000
0.000000
0.000000
0.000000
0.000000
-1.126742
1.196642
0.995155
0.000000
0.000000
0.000000
0.000000
0.000000
0.000000
-1.311102
0.919883
0.782035
-1.405564
0.754983
0.722599
0.000000
0.000000
0.000000
0.000000
0.000000
0.000000
0.000000
0.000000
0.000000
-1.118539
0.829984
0.771024
0.000000
0.000000
0.000000
0.000000
0.000000
0.000000
-1.206896
0.863937
0.670529
-1.322300
0.975260
0.617196
0.000000
0.000000
0.000000
0.000000
0.000000
0.000000
-1.258028
0.596398
0.826606
-1.180284
0.626267
0.773274
0.000000
0.000000
0.000000
0.000000
0.000000
0.000000
-1.242172
0.706681
0.732448
-1.264629
0.854102
0.734035
0.000000
0.000000
0.000000
0.000000
0.000000
0.000000
-1.236627
1.140343
0.512037
-1.287536
1.166644
0.484001
0.000000
0.000000
0.000000
0.000000
0.000000
0.000000
-1.212875
0.737070
0.728178
-1.396882
0.525005
0.824067
0.000000
0.000000
0.000000
0.000000
0.000000
0.000000
-1.517520
0.915037
0.735221
-1.543898
0.926958
0.738719
0.000000
0.000000
0.000000
0.000000
0.000000
0.000000
-1.287777
0.927657
0.663449
-1.393056
0.808476
0.784645
0.000000
0.000000
0.000000
0.000000
0.000000
0.000000
-1.753023
0.342770
0.891147
-1.811545
0.293199
0.906748
0.000000
0.000000
0.000000
0.000000
0.000000
0.000000
0.000000
0.000000
0.000000
-1.169312
0.540482
0.644246
0.000000
0.000000
0.000000
0.000000
0.000000
0.000000
-1.199060
0.659797
0.899618
-1.302320
0.706454
0.826619
-1.345849
0.473036
0.879235
-1.455906
0.436334
0.893427
-1.317142
0.491527
0.875078
-1.366227
0.466791
0.873360
0.000000
0.000000
0.000000
0.000000
0.000000
0.000000
-1.254882
0.521046
0.659847
-1.002817
1.271383
0.676178
0.000000
0.000000
0.000000
0.000000
0.000000
0.000000
-1.479458
1.080872
0.589963
-1.480344
1.096896
0.658182
0.000000
0.000000
0.000000
0.000000
0.000000
0.000000
-1.210205
0.987707
0.682601
-1.252892
0.941611
0.657538
-1.363724
0.605091
0.844058
-1.402765
0.646437
0.780258
-1.340738
0.612067
0.844073
-1.326079
0.652700
0.776355
0.000000
0.000000
0.000000
0.000000
0.000000
0.000000
-1.316924
1.203751
0.521008
-1.368278
1.166773
0.530341
0.000000
0.000000
0.000000
0.000000
0.000000
0.000000
-1.182479
0.538468
0.869964
-1.095235
0.724057
0.801027
0.000000
0.000000
0.000000
0.000000
0.000000
0.000000
-1.548709
0.333242
0.906035
-1.523210
0.311164
0.874921
0.000000
0.000000
0.000000
0.000000
0.000000
0.000000
-1.261162
1.109531
0.569075
-1.310434
1.100933
0.578936
0.000000
0.000000
0.000000
-1.107357
0.711279
0.677580
0.000000
0.000000
0.000000
-1.114762
0.710669
0.677580
0.000000
0.000000
0.000000
0.000000
0.000000
0.000000
-1.556639
0.567539
0.849884
-1.601072
0.565891
0.865900
0.000000
0.000000
0.000000
0.000000
0.000000
0.000000
0.000000
0.000000
0.000000
-1.318597
0.658216
0.630575
0.000000
0.000000
0.000000
0.000000
0.000000
0.000000
-1.223203
0.726601
0.699226
-1.298714
0.672655
0.838029
0.000000
0.000000
0.000000
0.000000
0.000000
0.000000
-1.104863
0.623680
0.813904
-1.249297
0.643200
0.852519
0.000000
0.000000
0.000000
0.000000
0.000000
0.000000
-1.137920
0.698021
0.886772
-1.277451
0.676486
0.877762
0.000000
0.000000
0.000000
0.000000
0.000000
0.000000
-1.469899
0.626197
0.747919
-1.574313
0.671516
0.795153
0.000000
0.000000
0.000000
0.000000
0.000000
0.000000
-1.281140
0.477554
0.857230
-1.341454
0.453365
0.851473
0.000000
0.000000
0.000000
0.000000
0.000000
0.000000
-1.295710
0.871800
0.725195
-1.324502
0.879491
0.724918
0.000000
0.000000
0.000000
0.000000
0.000000
0.000000
-1.234872
0.849740
0.817999
-1.293423
0.799948
0.821283
0.000000
0.000000
0.000000
0.000000
0.000000
0.000000
-1.303115
0.397031
0.865498
-1.287620
0.419320
0.921070
0.000000
0.000000
0.000000
0.000000
0.000000
0.000000
0.000000
0.000000
0.000000
-1.546642
0.633221
0.888936
0.000000
0.000000
0.000000
0.000000
0.000000
0.000000
0.000000
0.000000
0.000000
-1.080453
1.093055
0.627090
0.000000
0.000000
0.000000
0.000000
0.000000
0.000000
-1.207278
1.026808
0.595589
-1.294634
0.992203
0.596899
0.000000
0.000000
0.000000
0.000000
0.000000
0.000000
-1.351822
0.876589
0.702556
-1.349717
0.970044
0.785710
0.000000
0.000000
0.000000
0.000000
0.000000
0.000000
0.000000
0.000000
0.000000
-1.331024
0.692457
0.674262
-1.359935
0.730798
0.805311
-1.470794
0.582514
0.816100
-1.402081
0.590835
0.881838
-1.457470
0.568186
0.845246
0.000000
0.000000
0.000000
0.000000
0.000000
0.000000
-1.635775
0.344425
0.874729
-1.586599
0.332416
0.878735
0.000000
0.000000
0.000000
0.000000
0.000000
0.000000
-1.288362
0.816542
0.770273
-1.253417
0.933964
0.719851
0.000000
0.000000
0.000000
0.000000
0.000000
0.000000
-1.281466
0.958336
0.671254
-1.344468
0.865388
0.719400
0.000000
0.000000
0.000000
0.000000
0.000000
0.000000
-1.175516
0.669657
0.834330
-1.171907
0.640260
0.807376
0.000000
0.000000
0.000000
0.000000
0.000000
0.000000
-1.408471
0.588177
0.793980
-1.362427
0.911106
0.817057
0.000000
0.000000
0.000000
0.000000
0.000000
0.000000
-1.426724
0.619264
0.786292
-1.461987
0.607178
0.816484
0.000000
0.000000
0.000000
0.000000
0.000000
0.000000
0.000000
0.000000
0.000000
-1.249883
0.630921
0.756442
0.000000
0.000000
0.000000
0.000000
0.000000
0.000000
-1.023846
0.957301
0.655992
-1.029410
1.240586
0.700474
0.000000
0.000000
0.000000
0.000000
0.000000
0.000000
-1.342832
0.627355
0.836316
-1.358745
0.749377
0.812754
0.000000
0.000000
0.000000
0.000000
0.000000
0.000000
-1.377870
0.416094
0.751438
-1.348869
0.387635
0.773773
0.000000
0.000000
0.000000
0.000000
0.000000
0.000000
-1.551550
0.530818
0.871040
-1.525653
0.551733
0.867349
0.000000
0.000000
0.000000
0.000000
0.000000
0.000000
0.000000
0.000000
0.000000
-1.048338
1.223752
0.747090
0.000000
0.000000
0.000000
0.000000
0.000000
0.000000
0.000000
0.000000
0.000000
-1.365557
0.404232
0.890768
0.000000
0.000000
0.000000
0.000000
0.000000
0.000000
-0.917019
1.068124
0.678603
-1.067166
1.041716
0.523650
0.000000
0.000000
0.000000
0.000000
0.000000
0.000000
0.000000
0.000000
0.000000
-1.169061
1.291195
0.593572
0.000000
0.000000
0.000000
0.000000
0.000000
0.000000
-1.326747
0.383797
0.807531
-1.438439
0.357044
0.877262
0.000000
0.000000
0.000000
0.000000
0.000000
0.000000
-1.098649
0.823346
0.674106
-1.119676
0.922307
0.723384
0.000000
0.000000
0.000000
0.000000
0.000000
0.000000
0.000000
0.000000
0.000000
-1.206383
0.482101
0.832663
0.000000
0.000000
0.000000
0.000000
0.000000
0.000000
-1.045476
0.944065
0.576227
-1.061586
1.149855
0.424906
0.000000
0.000000
0.000000
0.000000
0.000000
0.000000
-1.114871
0.850341
0.678448
-1.206917
0.729123
0.694416
0.000000
0.000000
0.000000
0.000000
0.000000
0.000000
-1.366432
0.430008
0.887816
-1.403401
0.416528
0.884984
0.000000
0.000000
0.000000
0.000000
0.000000
0.000000
-1.581141
0.711880
0.807457
-1.604073
0.698352
0.811670
0.000000
0.000000
0.000000
0.000000
0.000000
0.000000
0.000000
0.000000
0.000000
-1.374678
0.656654
0.752986
0.000000
0.000000
0.000000
0.000000
0.000000
0.000000
-1.217488
0.746454
0.742032
-1.326637
0.748433
0.750343
0.000000
0.000000
0.000000
0.000000
0.000000
0.000000
-1.345416
0.569462
0.724572
-1.413960
0.634172
0.852726
0.000000
0.000000
0.000000
0.000000
0.000000
0.000000
-1.337118
0.889642
0.989746
-1.400511
0.708979
0.851747
0.000000
0.000000
0.000000
0.000000
0.000000
0.000000
0.000000
0.000000
0.000000
-1.418674
0.566696
0.699483
0.000000
0.000000
0.000000
0.000000
0.000000
0.000000
-1.022007
0.833499
0.929586
-1.110564
0.750574
0.794201
0.000000
0.000000
0.000000
0.000000
0.000000
0.000000
-1.501445
0.580258
0.826851
-1.458709
0.686969
0.823729
0.000000
0.000000
0.000000
0.000000
0.000000
0.000000
-1.324149
1.035939
0.925750
-1.463382
0.862516
0.816784
0.000000
0.000000
0.000000
0.000000
0.000000
0.000000
0.000000
0.000000
0.000000
-1.187864
1.340102
0.825572
0.000000
0.000000
0.000000
0.000000
0.000000
0.000000
0.000000
0.000000
0.000000
-1.123540
1.074375
0.679131
0.000000
0.000000
0.000000
-1.289315
0.662565
0.662336
0.000000
0.000000
0.000000
-1.280580
0.663724
0.662336
0.000000
0.000000
0.000000
0.000000
0.000000
0.000000
-1.307702
0.444399
0.751245
-1.322039
0.379751
0.887824
0.000000
0.000000
0.000000
0.000000
0.000000
0.000000
-1.264160
0.429714
0.776067
-1.220670
0.480027
0.844922
0.000000
0.000000
0.000000
0.000000
0.000000
0.000000
-1.431494
0.555632
0.921839
-1.447021
0.479245
0.840985
0.000000
0.000000
0.000000
0.000000
0.000000
0.000000
-1.109601
0.874589
0.649624
-1.071743
1.088086
0.494881
0.000000
0.000000
0.000000
0.000000
0.000000
0.000000
-1.320902
0.447815
0.737605
-1.309072
0.656404
1.050648
0.000000
0.000000
0.000000
0.000000
0.000000
0.000000
-1.213284
0.465383
0.821777
-1.227555
0.493969
0.847191
0.000000
0.000000
0.000000
0.000000
0.000000
0.000000
0.000000
0.000000
0.000000
-1.198604
0.607889
0.907587
0.000000
0.000000
0.000000
0.000000
0.000000
0.000000
-1.198510
0.656009
0.882666
-1.240935
0.701978
0.834339
0.000000
0.000000
0.000000
0.000000
0.000000
0.000000
-1.292935
0.374920
0.867597
-1.332830
0.355205
0.889874
0.000000
0.000000
0.000000
0.000000
0.000000
0.000000
-1.196023
0.890627
0.742788
-1.202196
0.835377
0.749320
0.000000
0.000000
0.000000
0.000000
0.000000
0.000000
-1.396427
0.993328
0.650314
-1.477923
0.731699
0.732724
0.000000
0.000000
0.000000
0.000000
0.000000
0.000000
-1.261772
0.861539
0.788698
-1.289340
0.833896
0.730473
0.000000
0.000000
0.000000
0.000000
0.000000
0.000000
0.000000
0.000000
0.000000
-1.446783
0.457862
0.818972
0.000000
0.000000
0.000000
0.000000
0.000000
0.000000
-1.291007
0.657529
0.850485
-1.278717
0.777198
0.822800
0.000000
0.000000
0.000000
0.000000
0.000000
0.000000
-1.308606
0.756398
0.790753
-1.356247
0.766985
0.772056
0.000000
0.000000
0.000000
0.000000
0.000000
0.000000
-1.419308
0.790842
0.724950
-1.524797
0.704766
0.904732
-1.229442
1.012744
0.730316
-1.309702
0.819839
0.678518
-1.159189
1.090648
0.702951
-1.240498
0.897316
0.662332
0.000000
0.000000
0.000000
0.000000
0.000000
0.000000
-1.337772
0.716476
0.794834
-1.425517
0.557352
0.780881
0.000000
0.000000
0.000000
0.000000
0.000000
0.000000
-1.114672
0.700775
0.789961
-1.164452
0.588006
0.822744
0.000000
0.000000
0.000000
0.000000
0.000000
0.000000
-1.446603
0.866199
0.656775
-1.406823
0.941008
0.768838
0.000000
0.000000
0.000000
0.000000
0.000000
0.000000
-1.264608
0.878403
0.692266
-1.310548
0.811430
0.716094
0.000000
0.000000
0.000000
0.000000
0.000000
0.000000
-1.604785
0.432403
0.874669
-1.661422
0.400732
0.883359
0.000000
0.000000
0.000000
0.000000
0.000000
0.000000
-1.345200
0.905455
0.829943
-1.348879
0.795257
0.824358
0.000000
0.000000
0.000000
0.000000
0.000000
0.000000
0.000000
0.000000
0.000000
-1.347866
0.665853
0.780590
0.000000
0.000000
0.000000
0.000000
0.000000
0.000000
-1.291053
0.641753
0.754082
-1.357649
0.695442
0.768029
0.000000
0.000000
0.000000
0.000000
0.000000
0.000000
0.000000
0.000000
0.000000
-1.071255
0.706105
0.662980
-1.515416
0.428743
0.845582
-1.483096
0.517266
0.879791
-1.384919
0.496814
0.828239
-1.389001
0.511807
0.873356
0.000000
0.000000
0.000000
0.000000
0.000000
0.000000
-1.028838
0.907412
0.881150
-1.113895
0.744433
0.811925
0.000000
0.000000
0.000000
0.000000
0.000000
0.000000
-1.268850
0.817148
0.748007
-1.328165
0.839846
0.698088
0.000000
0.000000
0.000000
0.000000
0.000000
0.000000
-1.061756
0.658576
0.910448
-1.229912
0.518719
0.835994
0.000000
0.000000
0.000000
0.000000
0.000000
0.000000
0.000000
0.000000
0.000000
-1.254107
1.116112
0.807478
0.000000
0.000000
0.000000
0.000000
0.000000
0.000000
0.000000
0.000000
0.000000
-1.269515
0.714458
0.718473
0.000000
0.000000
0.000000
0.000000
0.000000
0.000000
0.000000
0.000000
0.000000
-1.229999
0.875095
0.777007
0.000000
0.000000
0.000000
0.000000
0.000000
0.000000
-1.270774
0.975675
0.733405
-1.272044
1.024450
0.649350
0.000000
0.000000
0.000000
0.000000
0.000000
0.000000
-1.079755
0.510968
0.597745
-1.192610
0.604882
0.877999
0.000000
0.000000
0.000000
0.000000
0.000000
0.000000
0.000000
0.000000
0.000000
-1.258394
0.739835
0.723180
0.000000
0.000000
0.000000
0.000000
0.000000
0.000000
-1.000762
0.839316
0.603958
-1.034357
0.831091
0.641522
-1.291345
0.749309
1.087228
-1.329412
0.572011
0.945627
-1.252642
0.761532
1.087228
-1.308696
0.562937
0.946535
0.000000
0.000000
0.000000
0.000000
0.000000
0.000000
-1.201141
0.961805
0.601790
-1.222330
1.145637
0.650481
0.000000
0.000000
0.000000
0.000000
0.000000
0.000000
-1.394906
0.693175
0.729894
-1.410525
0.599104
0.870201
0.000000
0.000000
0.000000
0.000000
0.000000
0.000000
0.000000
0.000000
0.000000
-1.289027
0.551753
0.748304
-1.508459
0.538911
0.861425
-1.520933
0.488699
0.853524
-1.291575
0.573352
0.814191
-1.302620
0.574122
0.819323
0.000000
0.000000
0.000000
0.000000
0.000000
0.000000
-0.986199
0.895546
0.790730
-1.158937
0.659370
0.749089
0.000000
0.000000
0.000000
0.000000
0.000000
0.000000
-1.040074
0.873490
0.808575
-1.133166
0.936132
0.723948
0.000000
0.000000
0.000000
0.000000
0.000000
0.000000
-1.071293
1.001892
0.728793
-1.113196
0.881813
0.672614
0.000000
0.000000
0.000000
0.000000
0.000000
0.000000
0.000000
0.000000
0.000000
-1.281736
0.603109
0.671197
0.000000
0.000000
0.000000
0.000000
0.000000
0.000000
-1.017956
1.124123
0.752397
-1.120229
0.834939
0.646185
0.000000
0.000000
0.000000
0.000000
0.000000
0.000000
-1.293457
0.881426
0.772966
-1.310683
0.911321
0.720024
0.000000
0.000000
0.000000
0.000000
0.000000
0.000000
0.000000
0.000000
0.000000
-1.333147
0.918857
0.802686
0.000000
0.000000
0.000000
0.000000
0.000000
0.000000
-1.108608
1.146535
0.721366
-1.201165
0.964303
0.756259
0.000000
0.000000
0.000000
0.000000
0.000000
0.000000
-1.369117
0.701458
0.709189
-1.296198
0.871749
0.801118
0.000000
0.000000
0.000000
0.000000
0.000000
0.000000
-1.182615
0.442699
0.811556
-1.158515
0.710799
0.878249
0.000000
0.000000
0.000000
0.000000
0.000000
0.000000
0.000000
0.000000
0.000000
-1.108302
0.949153
0.774373
0.000000
0.000000
0.000000
0.000000
0.000000
0.000000
-0.998694
0.815348
0.667148
-0.992545
0.931774
0.740965
0.000000
0.000000
0.000000
0.000000
0.000000
0.000000
0.000000
0.000000
0.000000
-1.155574
0.512868
0.747721
0.000000
0.000000
0.000000
0.000000
0.000000
0.000000
-1.418551
0.760722
0.689912
-1.393074
0.878254
0.644117
0.000000
0.000000
0.000000
0.000000
0.000000
0.000000
-1.171506
0.496017
0.743600
-0.965801
0.659369
0.735596
0.000000
0.000000
0.000000
0.000000
0.000000
0.000000
-1.412707
0.863677
0.757835
-1.443590
0.861494
0.747814
0.000000
0.000000
0.000000
0.000000
0.000000
0.000000
-1.143454
0.910426
0.614521
-1.189791
0.925765
0.630105
0.000000
0.000000
0.000000
0.000000
0.000000
0.000000
-1.353473
0.661804
0.745056
-1.424302
0.750859
0.949358
0.000000
0.000000
0.000000
0.000000
0.000000
0.000000
-1.389914
0.794408
0.771859
-1.424035
0.716533
0.802315
0.000000
0.000000
0.000000
0.000000
0.000000
0.000000
-1.275545
0.773834
0.636776
-1.365285
0.754896
0.967245
0.000000
0.000000
0.000000
0.000000
0.000000
0.000000
-1.250926
0.558680
0.809781
-1.295521
0.573659
0.828013
0.000000
0.000000
0.000000
0.000000
0.000000
0.000000
-1.350110
0.844016
0.742365
-1.385295
0.865197
0.730887
0.000000
0.000000
0.000000
0.000000
0.000000
0.000000
-1.120016
1.139087
0.506406
-1.159769
1.260339
0.456712
0.000000
0.000000
0.000000
0.000000
0.000000
0.000000
-1.113299
1.047863
0.478455
-1.187319
1.071747
0.528825
0.000000
0.000000
0.000000
0.000000
0.000000
0.000000
-1.259132
0.435037
0.714455
-1.342018
0.538874
0.879110
-0.867686
0.885692
0.845758
-0.813898
1.132838
0.690152
-0.813131
0.902256
0.845758
-0.745283
1.118106
0.693211
0.000000
0.000000
0.000000
0.000000
0.000000
0.000000
-1.277120
0.684508
0.778521
-1.252996
0.750824
0.710816
0.000000
0.000000
0.000000
0.000000
0.000000
0.000000
-1.158490
0.556178
0.770691
-1.193817
0.491992
0.841107
0.000000
0.000000
0.000000
0.000000
0.000000
0.000000
-1.493453
0.507249
0.823161
-1.528140
0.473341
0.890388
0.000000
0.000000
0.000000
0.000000
0.000000
0.000000
-1.200421
0.480376
0.680897
-1.197983
0.569108
0.875585
0.000000
0.000000
0.000000
0.000000
0.000000
0.000000
-1.164835
1.042690
0.760217
-1.232481
0.900531
0.742724
0.000000
0.000000
0.000000
0.000000
0.000000
0.000000
-1.310767
0.723301
0.750008
-1.433747
0.501809
0.804355
0.000000
0.000000
0.000000
0.000000
0.000000
0.000000
-1.327615
0.699100
0.699244
-1.354444
0.762462
0.808741
0.000000
0.000000
0.000000
0.000000
0.000000
0.000000
-1.257656
1.107746
0.815166
-1.339755
1.051609
0.774927
0.000000
0.000000
0.000000
0.000000
0.000000
0.000000
0.000000
0.000000
0.000000
-1.187947
0.787599
0.766171
0.000000
0.000000
0.000000
0.000000
0.000000
0.000000
0.000000
0.000000
0.000000
-0.911766
1.546602
0.649518
0.000000
0.000000
0.000000
0.000000
0.000000
0.000000
0.000000
0.000000
0.000000
-0.984271
0.959291
0.665458
0.000000
0.000000
0.000000
0.000000
0.000000
0.000000
-1.322997
0.848689
0.597344
-1.262767
1.052587
0.699258
0.000000
0.000000
0.000000
0.000000
0.000000
0.000000
0.000000
0.000000
0.000000
-1.250651
0.462943
0.673582
-1.155584
0.832441
0.729038
-1.139784
0.800140
0.758155
-1.136532
0.818633
0.729506
-1.116565
0.791434
0.758409
0.000000
0.000000
0.000000
0.000000
0.000000
0.000000
-1.123419
0.951121
0.621453
-1.136333
0.854482
0.702019
0.000000
0.000000
0.000000
0.000000
0.000000
0.000000
-1.465130
0.539353
0.886853
-1.438164
0.658770
0.879712
0.000000
0.000000
0.000000
0.000000
0.000000
0.000000
-1.286612
0.916938
0.770522
-1.324688
0.895082
0.729870
0.000000
0.000000
0.000000
0.000000
0.000000
0.000000
-1.389959
0.497025
0.851914
-1.430475
0.501828
0.848789
0.000000
0.000000
0.000000
0.000000
0.000000
0.000000
-1.089825
1.233482
0.711647
-1.163369
0.995040
0.679865
-1.390434
0.533088
0.845646
-1.417092
0.555763
0.851880
-1.281725
0.551987
0.837738
-1.306593
0.568607
0.845793
0.000000
0.000000
0.000000
0.000000
0.000000
0.000000
0.000000
0.000000
0.000000
-1.422640
0.475637
0.742515
0.000000
0.000000
0.000000
0.000000
0.000000
0.000000
-1.173857
0.408834
0.853432
-1.199375
0.395554
0.843459
0.000000
0.000000
0.000000
0.000000
0.000000
0.000000
-1.401629
1.186085
0.590966
-1.434261
1.156492
0.583159
0.000000
0.000000
0.000000
0.000000
0.000000
0.000000
-1.186440
0.941993
0.782657
-1.212629
1.326510
0.588878
-1.277664
0.865515
0.806996
-1.342006
0.741234
0.830329
-1.189609
1.015143
0.782896
-1.294676
0.829196
0.808089
0.000000
0.000000
0.000000
0.000000
0.000000
0.000000
-1.447042
0.789369
0.801608
-1.513977
0.721270
0.836305
0.000000
0.000000
0.000000
0.000000
0.000000
0.000000
-1.030485
1.200203
0.633122
-1.191040
0.910078
0.723668
-1.249121
0.940017
0.702268
-1.355620
0.820433
0.681017
-1.251031
0.877491
0.711336
-1.334094
0.810340
0.687720
0.000000
0.000000
0.000000
0.000000
0.000000
0.000000
-1.146211
0.897183
0.650335
-1.218688
0.947031
0.649362
0.000000
0.000000
0.000000
0.000000
0.000000
0.000000
-1.163416
0.688741
0.764424
-1.231931
0.669063
0.799297
0.000000
0.000000
0.000000
0.000000
0.000000
0.000000
-1.423591
0.516230
0.780157
-1.423759
0.481599
0.859836
0.000000
0.000000
0.000000
0.000000
0.000000
0.000000
-1.397003
0.671268
0.669465
-1.471447
0.651435
0.833707
0.000000
0.000000
0.000000
0.000000
0.000000
0.000000
-1.246368
0.803875
0.781634
-1.282338
0.875344
0.723786
0.000000
0.000000
0.000000
0.000000
0.000000
0.000000
-1.370037
0.627290
0.862400
-1.311488
0.664780
0.791844
0.000000
0.000000
0.000000
0.000000
0.000000
0.000000
-1.159831
1.036681
0.637045
-1.234283
0.942878
0.674295
0.000000
0.000000
0.000000
0.000000
0.000000
0.000000
-1.329464
0.764337
0.833233
-1.435852
0.621040
0.815588
0.000000
0.000000
0.000000
0.000000
0.000000
0.000000
-1.104059
0.629730
0.684926
-1.165989
0.721925
0.823178
0.000000
0.000000
0.000000
0.000000
0.000000
0.000000
-1.555658
0.435840
0.880519
-1.573171
0.467805
0.880866
0.000000
0.000000
0.000000
0.000000
0.000000
0.000000
-1.298855
0.919379
0.672889
-1.311624
1.134760
0.551711
0.000000
0.000000
0.000000
0.000000
0.000000
0.000000
0.000000
0.000000
0.000000
-1.358061
0.567065
0.691083
0.000000
0.000000
0.000000
0.000000
0.000000
0.000000
-1.232157
0.683575
0.749646
-1.216846
0.678708
0.816386
0.000000
0.000000
0.000000
0.000000
0.000000
0.000000
-1.307723
1.111385
0.583766
-1.353013
1.115707
0.595411
0.000000
0.000000
0.000000
0.000000
0.000000
0.000000
-1.497357
0.550072
0.851864
-1.541932
0.540174
0.858895
0.000000
0.000000
0.000000
0.000000
0.000000
0.000000
-1.650852
0.899032
0.754750
-1.667655
0.905236
0.761671
0.000000
0.000000
0.000000
0.000000
0.000000
0.000000
-1.329315
0.860044
0.706923
-1.373071
0.850083
0.721761
0.000000
0.000000
0.000000
0.000000
0.000000
0.000000
-0.969819
0.836816
0.679528
-1.052380
0.821298
0.744016
0.000000
0.000000
0.000000
0.000000
0.000000
0.000000
0.000000
0.000000
0.000000
-1.046471
1.051397
0.718329
0.000000
0.000000
0.000000
0.000000
0.000000
0.000000
-1.446514
0.486736
0.893443
-1.461426
0.535814
0.877636
0.000000
0.000000
0.000000
0.000000
0.000000
0.000000
0.000000
0.000000
0.000000
-1.203136
0.918888
0.787401
0.000000
0.000000
0.000000
0.000000
0.000000
0.000000
-1.356770
0.781520
0.614752
-1.295470
0.840545
0.685706
0.000000
0.000000
0.000000
0.000000
0.000000
0.000000
-1.305650
0.620984
0.809885
-1.349827
0.597396
0.814455
0.000000
0.000000
0.000000
0.000000
0.000000
0.000000
-1.218212
0.689061
0.692133
-1.122559
0.814837
0.728761
0.000000
0.000000
0.000000
0.000000
0.000000
0.000000
0.000000
0.000000
0.000000
-1.117836
0.805748
0.772922
0.000000
0.000000
0.000000
0.000000
0.000000
0.000000
-1.336260
0.606042
0.792272
-1.360023
0.750043
0.742482
0.000000
0.000000
0.000000
0.000000
0.000000
0.000000
0.000000
0.000000
0.000000
-1.276894
0.411763
0.720089
-1.230911
0.952708
0.602753
-1.179431
0.967274
0.816722
-1.232227
0.955533
0.602753
-1.172775
0.940564
0.814239
0.000000
0.000000
0.000000
0.000000
0.000000
0.000000
-1.249500
0.781913
0.738795
-1.275561
0.743087
0.776047
-1.177069
0.937103
0.674683
-1.180311
0.953786
0.671876
-1.204134
0.566982
0.829939
-1.196241
0.581579
0.826075
0.000000
0.000000
0.000000
0.000000
0.000000
0.000000
-1.197047
0.541664
0.658261
-1.035268
0.872438
0.711649
0.000000
0.000000
0.000000
0.000000
0.000000
0.000000
-1.332378
0.560067
0.938047
-1.447439
0.442707
0.870547
0.000000
0.000000
0.000000
0.000000
0.000000
0.000000
-0.998699
1.785835
0.771662
-1.171056
1.394251
0.665232
-1.124453
1.029408
0.699746
-1.316193
0.757321
0.671269
-1.125921
1.020123
0.704436
-1.286531
0.758710
0.642181
-1.127608
0.765009
0.755480
-1.171230
0.688391
0.781989
-1.095981
0.759105
0.754978
-1.130640
0.677468
0.769498
0.000000
0.000000
0.000000
0.000000
0.000000
0.000000
-1.314240
0.939496
0.779238
-1.315320
0.930123
0.701447
0.000000
0.000000
0.000000
-1.305876
0.676039
0.762627
0.000000
0.000000
0.000000
-1.285810
0.679370
0.762627
0.000000
0.000000
0.000000
0.000000
0.000000
0.000000
-1.471299
1.023377
0.680829
-1.499033
1.014388
0.676752
0.000000
0.000000
0.000000
0.000000
0.000000
0.000000
-1.166248
0.491346
0.757315
-1.333346
0.308962
0.937201
0.000000
0.000000
0.000000
0.000000
0.000000
0.000000
-1.496080
1.475110
0.337210
-1.535630
1.488706
0.329335
0.000000
0.000000
0.000000
0.000000
0.000000
0.000000
-1.144272
0.956832
0.694887
-1.200781
1.084565
0.730117
0.000000
0.000000
0.000000
0.000000
0.000000
0.000000
-1.305493
0.496023
0.855455
-1.339944
0.452988
0.877019
0.000000
0.000000
0.000000
0.000000
0.000000
0.000000
-1.416866
0.848454
0.728936
-1.407058
0.825523
0.696108
0.000000
0.000000
0.000000
0.000000
0.000000
0.000000
0.000000
0.000000
0.000000
-1.315770
0.605139
0.698163
0.000000
0.000000
0.000000
0.000000
0.000000
0.000000
-1.103093
1.050984
0.649120
-1.182164
0.918115
0.726752
0.000000
0.000000
0.000000
0.000000
0.000000
0.000000
-1.441252
0.910811
0.793418
-1.430992
1.021220
0.711340
-1.425927
0.439543
0.700959
-1.410272
0.585210
0.895470
-1.437019
0.446844
0.700959
-1.386138
0.571718
0.907400
0.000000
0.000000
0.000000
0.000000
0.000000
0.000000
-1.457160
0.602852
0.769356
-1.496340
0.646302
0.849641
0.000000
0.000000
0.000000
0.000000
0.000000
0.000000
-1.079016
0.983315
0.837060
-1.109797
0.800375
0.734380
0.000000
0.000000
0.000000
0.000000
0.000000
0.000000
-1.533165
0.881492
0.731286
-1.537167
0.924372
0.725649
0.000000
0.000000
0.000000
0.000000
0.000000
0.000000
-1.282289
0.866219
0.802178
-1.374894
0.604460
0.817360
0.000000
0.000000
0.000000
0.000000
0.000000
0.000000
-1.133050
1.068801
0.834674
-1.203894
0.903684
0.609266
0.000000
0.000000
0.000000
0.000000
0.000000
0.000000
-1.376109
0.834702
0.738406
-1.377859
0.821163
0.739361
-1.066525
0.829900
0.813685
-1.027270
1.159389
0.731754
-1.034965
0.850109
0.813685
-1.012239
1.098112
0.753583
0.000000
0.000000
0.000000
0.000000
0.000000
0.000000
-1.133937
0.822470
0.701109
-1.154342
0.826084
0.653677
0.000000
0.000000
0.000000
0.000000
0.000000
0.000000
-1.342597
0.661943
0.843200
-1.356614
0.589516
0.760078
0.000000
0.000000
0.000000
0.000000
0.000000
0.000000
-1.570391
0.472596
0.875436
-1.584577
0.501940
0.867436
0.000000
0.000000
0.000000
0.000000
0.000000
0.000000
-1.333089
0.450745
0.813255
-1.362201
0.466815
0.859058
0.000000
0.000000
0.000000
0.000000
0.000000
0.000000
0.000000
0.000000
0.000000
-1.444701
0.880445
0.812526
-1.441885
0.612462
0.820955
-1.480808
0.591151
0.833139
-1.354937
0.654682
0.805730
-1.386403
0.639360
0.819239
0.000000
0.000000
0.000000
0.000000
0.000000
0.000000
-1.368632
0.399697
0.856376
-1.401446
0.393892
0.875959
0.000000
0.000000
0.000000
0.000000
0.000000
0.000000
-1.290577
0.499833
0.821162
-1.283000
0.564798
0.821521
0.000000
0.000000
0.000000
0.000000
0.000000
0.000000
-1.077644
0.790924
0.762501
-1.111299
0.800970
0.824770
0.000000
0.000000
0.000000
0.000000
0.000000
0.000000
-1.191326
1.278588
0.684884
-1.256710
1.158620
0.599278
0.000000
0.000000
0.000000
0.000000
0.000000
0.000000
0.000000
0.000000
0.000000
-1.373431
0.804127
0.768390
0.000000
0.000000
0.000000
0.000000
0.000000
0.000000
-1.245409
0.617150
0.794738
-1.257774
0.708525
0.753978
0.000000
0.000000
0.000000
0.000000
0.000000
0.000000
-1.334321
0.637472
0.775886
-1.405498
0.623754
0.878265
0.000000
0.000000
0.000000
0.000000
0.000000
0.000000
-1.213022
0.897586
0.702537
-1.217995
0.985326
0.693102
0.000000
0.000000
0.000000
0.000000
0.000000
0.000000
0.000000
0.000000
0.000000
-1.160441
0.700266
0.634794
0.000000
0.000000
0.000000
0.000000
0.000000
0.000000
-1.480284
1.240035
0.572628
-1.507365
1.279498
0.553207
0.000000
0.000000
0.000000
0.000000
0.000000
0.000000
0.000000
0.000000
0.000000
-1.243907
0.611927
0.679169
-1.367059
1.178870
0.580095
-1.421454
1.131348
0.637945
-1.332551
1.082851
0.596668
-1.357374
1.090151
0.636822
0.000000
0.000000
0.000000
0.000000
0.000000
0.000000
-1.182120
0.502681
0.636205
-1.158210
0.559990
1.049585
0.000000
0.000000
0.000000
0.000000
0.000000
0.000000
-1.207206
1.228544
0.690255
-1.259442
0.976637
0.583085
0.000000
0.000000
0.000000
0.000000
0.000000
0.000000
-0.978042
1.101095
0.548721
-1.057449
1.060216
0.503896
0.000000
0.000000
0.000000
0.000000
0.000000
0.000000
0.000000
0.000000
0.000000
-1.431175
0.505435
0.906576
0.000000
0.000000
0.000000
0.000000
0.000000
0.000000
-0.888011
1.090249
0.735867
-1.054835
0.879409
0.629511
0.000000
0.000000
0.000000
0.000000
0.000000
0.000000
-1.384689
0.483483
0.819490
-1.441440
0.438645
0.873519
0.000000
0.000000
0.000000
0.000000
0.000000
0.000000
-1.436724
0.334499
0.874126
-1.444746
0.308833
0.859591
0.000000
0.000000
0.000000
0.000000
0.000000
0.000000
-1.340629
0.437359
0.853336
-1.343880
0.397502
0.849960
0.000000
0.000000
0.000000
0.000000
0.000000
0.000000
0.000000
0.000000
0.000000
-1.367648
0.622071
0.668419
0.000000
0.000000
0.000000
0.000000
0.000000
0.000000
-1.554525
0.401976
0.883997
-1.582921
0.402331
0.881567
0.000000
0.000000
0.000000
0.000000
0.000000
0.000000
-1.063834
0.819242
0.749801
-1.166394
0.789956
0.693122
0.000000
0.000000
0.000000
0.000000
0.000000
0.000000
-0.991313
0.755194
0.725178
-1.053472
0.813553
0.822663
0.000000
0.000000
0.000000
0.000000
0.000000
0.000000
0.000000
0.000000
0.000000
-1.098990
0.781261
0.685296
0.000000
0.000000
0.000000
0.000000
0.000000
0.000000
0.000000
0.000000
0.000000
-1.428889
0.562412
0.716387
0.000000
0.000000
0.000000
0.000000
0.000000
0.000000
-1.223491
0.805956
0.732410
-1.269065
0.801929
0.730486
-1.360632
0.613329
0.874893
-1.459656
0.478474
0.846662
-1.366021
0.623390
0.874893
-1.469146
0.443874
0.857965
0.000000
0.000000
0.000000
0.000000
0.000000
0.000000
-1.319094
0.697441
0.870390
-1.371028
0.739510
0.810337
0.000000
0.000000
0.000000
0.000000
0.000000
0.000000
-1.382766
0.376659
0.935191
-1.415356
0.366158
0.905959
0.000000
0.000000
0.000000
0.000000
0.000000
0.000000
-1.295560
0.936207
0.687442
-1.373239
0.941556
0.657684
0.000000
0.000000
0.000000
0.000000
0.000000
0.000000
-1.493595
1.122464
0.638127
-1.511983
1.128843
0.639682
0.000000
0.000000
0.000000
0.000000
0.000000
0.000000
-1.134153
1.007389
0.670992
-1.195456
0.911897
0.663738
-1.110263
0.710470
0.712667
-0.985960
1.089659
0.778417
-1.111836
0.737222
0.688138
-1.009952
1.070229
0.763462
0.000000
0.000000
0.000000
0.000000
0.000000
0.000000
-1.544128
0.411249
0.865272
-1.581406
0.382416
0.882116
0.000000
0.000000
0.000000
0.000000
0.000000
0.000000
-1.326781
0.741693
0.749393
-1.394530
0.641228
0.784729
0.000000
0.000000
0.000000
0.000000
0.000000
0.000000
-1.520992
0.499825
0.855936
-1.557181
0.497540
0.858010
0.000000
0.000000
0.000000
0.000000
0.000000
0.000000
-1.212642
0.753152
0.762402
-1.293928
0.643728
0.910207
0.000000
0.000000
0.000000
0.000000
0.000000
0.000000
-1.149329
1.353089
0.577172
-1.232537
1.277752
0.542731
0.000000
0.000000
0.000000
0.000000
0.000000
0.000000
0.000000
0.000000
0.000000
-1.120148
0.622414
0.712350
0.000000
0.000000
0.000000
0.000000
0.000000
0.000000
0.000000
0.000000
0.000000
-1.369291
0.659850
0.949139
0.000000
0.000000
0.000000
0.000000
0.000000
0.000000
0.000000
0.000000
0.000000
-1.154034
0.914956
0.595505
0.000000
0.000000
0.000000
0.000000
0.000000
0.000000
-1.579410
0.646590
0.848248
-1.583177
0.809633
0.847515
-1.170551
0.887728
0.731461
-1.216333
0.977531
0.690866
-1.116064
0.881378
0.716977
-1.152646
0.972894
0.680760
0.000000
0.000000
0.000000
0.000000
0.000000
0.000000
-1.379841
0.294390
0.931906
-1.356586
0.340327
0.879045
0.000000
0.000000
0.000000
0.000000
0.000000
0.000000
-1.184202
0.595461
0.846218
-1.243755
0.585959
0.820851
0.000000
0.000000
0.000000
0.000000
0.000000
0.000000
-1.232180
1.251451
0.495370
-1.313281
1.276755
0.530777
0.000000
0.000000
0.000000
0.000000
0.000000
0.000000
-1.385626
0.778919
0.806211
-1.454386
0.734554
0.805312
0.000000
0.000000
0.000000
0.000000
0.000000
0.000000
-1.219719
0.306070
1.035666
-1.244372
0.299931
0.934403
0.000000
0.000000
0.000000
0.000000
0.000000
0.000000
-1.208766
0.578098
0.832567
-1.201610
0.641101
0.807886
0.000000
0.000000
0.000000
0.000000
0.000000
0.000000
-1.256364
0.958432
0.678077
-1.285486
0.956393
0.677776
0.000000
0.000000
0.000000
0.000000
0.000000
0.000000
0.000000
0.000000
0.000000
-1.204456
0.483127
0.737333
0.000000
0.000000
0.000000
0.000000
0.000000
0.000000
0.000000
0.000000
0.000000
-1.336774
0.716182
0.755683
0.000000
0.000000
0.000000
0.000000
0.000000
0.000000
-1.465851
0.709145
0.816222
-1.534576
0.682418
0.786987
0.000000
0.000000
0.000000
0.000000
0.000000
0.000000
-1.463308
0.755607
0.774598
-1.493130
0.722877
0.784388
0.000000
0.000000
0.000000
0.000000
0.000000
0.000000
0.000000
0.000000
0.000000
-1.215512
0.833735
0.610452
0.000000
0.000000
0.000000
0.000000
0.000000
0.000000
-1.388733
1.071414
0.688429
-1.432101
1.045980
0.654267
0.000000
0.000000
0.000000
0.000000
0.000000
0.000000
-1.327479
0.902592
0.896328
-1.443946
0.776260
0.840954
0.000000
0.000000
0.000000
0.000000
0.000000
0.000000
0.000000
0.000000
0.000000
-1.027552
1.244314
0.711929
0.000000
0.000000
0.000000
0.000000
0.000000
0.000000
-1.277812
0.581820
0.875655
-1.330415
0.615702
0.835103
0.000000
0.000000
0.000000
0.000000
0.000000
0.000000
-1.167820
0.579088
0.748848
-1.362103
0.412854
0.805567
0.000000
0.000000
0.000000
0.000000
0.000000
0.000000
0.000000
0.000000
0.000000
-1.217081
0.667109
0.669029
0.000000
0.000000
0.000000
0.000000
0.000000
0.000000
0.000000
0.000000
0.000000
-1.225010
0.610761
0.779180
0.000000
0.000000
0.000000
0.000000
0.000000
0.000000
0.000000
0.000000
0.000000
-1.122029
0.624480
0.778504
0.000000
0.000000
0.000000
0.000000
0.000000
0.000000
-1.487294
0.616808
0.843666
-1.528724
0.616594
0.851327
0.000000
0.000000
0.000000
0.000000
0.000000
0.000000
-1.323420
0.827822
0.805115
-1.432800
0.672476
0.819167
0.000000
0.000000
0.000000
0.000000
0.000000
0.000000
-1.317218
0.490875
0.846017
-1.373003
0.407564
0.865538
0.000000
0.000000
0.000000
0.000000
0.000000
0.000000
-1.178481
0.736286
0.779769
-1.283947
0.717567
0.851151
0.000000
0.000000
0.000000
0.000000
0.000000
0.000000
-1.391321
0.799005
0.759997
-1.437838
0.799865
0.759851
0.000000
0.000000
0.000000
0.000000
0.000000
0.000000
-1.317405
0.506442
0.655352
-1.251927
0.529984
0.936574
0.000000
0.000000
0.000000
0.000000
0.000000
0.000000
-1.574930
0.696275
0.796337
-1.589032
0.682356
0.817541
0.000000
0.000000
0.000000
0.000000
0.000000
0.000000
-0.858603
0.974241
0.805750
-0.921241
0.742128
0.666031
0.000000
0.000000
0.000000
0.000000
0.000000
0.000000
-1.130900
0.933775
0.638408
-1.199585
0.733680
0.752197
0.000000
0.000000
0.000000
0.000000
0.000000
0.000000
-1.549055
0.700498
0.753839
-1.565769
0.713144
0.786137
0.000000
0.000000
0.000000
0.000000
0.000000
0.000000
-1.260223
0.528563
0.717821
-1.140802
0.715871
0.814611
0.000000
0.000000
0.000000
0.000000
0.000000
0.000000
-1.410235
0.718180
0.726679
-1.463676
0.623474
0.831871
0.000000
0.000000
0.000000
0.000000
0.000000
0.000000
0.000000
0.000000
0.000000
-1.183256
0.922652
0.772089
0.000000
0.000000
0.000000
0.000000
0.000000
0.000000
-1.262653
0.667302
0.611747
-1.305335
0.672324
0.770682
-1.022884
1.125151
0.799654
-1.084154
1.063833
0.757427
-0.940454
1.153975
0.799654
-1.021441
1.144419
0.731580
0.000000
0.000000
0.000000
0.000000
0.000000
0.000000
-1.448445
0.507120
0.743310
-1.512046
0.437453
0.890002
0.000000
0.000000
0.000000
0.000000
0.000000
0.000000
0.000000
0.000000
0.000000
-0.905103
1.244939
0.881325
0.000000
0.000000
0.000000
0.000000
0.000000
0.000000
-1.253736
0.539606
0.945436
-1.235564
0.450173
0.881274
0.000000
0.000000
0.000000
0.000000
0.000000
0.000000
-1.459842
0.519240
0.860342
-1.473263
0.502840
0.857618
0.000000
0.000000
0.000000
0.000000
0.000000
0.000000
-1.326915
0.341324
0.869594
-1.383653
0.334911
0.883567
0.000000
0.000000
0.000000
0.000000
0.000000
0.000000
-1.448961
0.546058
0.835829
-1.499373
0.583820
0.864269
0.000000
0.000000
0.000000
0.000000
0.000000
0.000000
-1.179141
0.757766
0.660779
-1.270575
1.151151
0.645436
0.000000
0.000000
0.000000
0.000000
0.000000
0.000000
-1.280128
1.059880
0.685557
-1.331371
1.102748
0.690275
0.000000
0.000000
0.000000
0.000000
0.000000
0.000000
-1.336061
0.657647
0.808065
-1.287226
0.694177
0.834339
0.000000
0.000000
0.000000
0.000000
0.000000
0.000000
-1.076565
1.184779
0.590214
-1.195030
1.019808
0.689047
0.000000
0.000000
0.000000
0.000000
0.000000
0.000000
-1.141447
0.620814
0.833569
-1.252867
0.515369
0.825946
0.000000
0.000000
0.000000
0.000000
0.000000
0.000000
-1.106144
1.208274
0.664761
-1.204104
1.341788
0.702021
0.000000
0.000000
0.000000
0.000000
0.000000
0.000000
0.000000
0.000000
0.000000
-1.039477
0.865432
0.848167
0.000000
0.000000
0.000000
0.000000
0.000000
0.000000
-1.393437
0.698764
0.791048
-1.421991
0.651723
0.805588
0.000000
0.000000
0.000000
0.000000
0.000000
0.000000
0.000000
0.000000
0.000000
-1.244828
0.734524
0.686155
0.000000
0.000000
0.000000
0.000000
0.000000
0.000000
-1.392512
0.435253
0.857592
-1.441157
0.420683
0.875409
0.000000
0.000000
0.000000
0.000000
0.000000
0.000000
0.000000
0.000000
0.000000
-1.486343
0.685125
0.756783
0.000000
0.000000
0.000000
0.000000
0.000000
0.000000
-1.102478
0.480042
0.582950
-1.060597
0.551974
1.089897
0.000000
0.000000
0.000000
0.000000
0.000000
0.000000
-1.291266
0.830662
0.776643
-1.315213
0.835211
0.736757
0.000000
0.000000
0.000000
0.000000
0.000000
0.000000
-0.991366
0.996300
0.802428
-1.154796
1.080727
0.789399
0.000000
0.000000
0.000000
0.000000
0.000000
0.000000
0.000000
0.000000
0.000000
-1.474421
0.354681
0.677008
0.000000
0.000000
0.000000
0.000000
0.000000
0.000000
-1.251035
0.823576
0.672690
-1.254115
1.001343
0.571611
0.000000
0.000000
0.000000
0.000000
0.000000
0.000000
-1.301076
0.902850
0.765098
-1.413998
0.811777
0.810331
0.000000
0.000000
0.000000
0.000000
0.000000
0.000000
-1.126564
0.927413
0.781382
-1.107736
0.847167
0.764376
0.000000
0.000000
0.000000
0.000000
0.000000
0.000000
-1.169984
0.912488
0.649162
-1.132686
1.042654
0.693391
0.000000
0.000000
0.000000
0.000000
0.000000
0.000000
-1.447175
0.442432
0.879046
-1.477878
0.430890
0.866271
0.000000
0.000000
0.000000
0.000000
0.000000
0.000000
0.000000
0.000000
0.000000
-1.467337
0.466984
0.773430
0.000000
0.000000
0.000000
0.000000
0.000000
0.000000
-1.311731
1.005581
0.744025
-1.378657
0.895717
0.712877
0.000000
0.000000
0.000000
0.000000
0.000000
0.000000
-1.249377
0.841530
0.677097
-1.214733
0.866577
0.685116
0.000000
0.000000
0.000000
0.000000
0.000000
0.000000
0.000000
0.000000
0.000000
-1.269234
0.742739
0.730495
0.000000
0.000000
0.000000
0.000000
0.000000
0.000000
0.000000
0.000000
0.000000
-1.289218
0.627768
0.701673
-1.217778
0.707018
0.812133
-1.235909
0.485836
0.753076
-1.150522
0.829918
0.788630
-1.197599
0.486293
0.779440
0.000000
0.000000
0.000000
0.000000
0.000000
0.000000
0.000000
0.000000
0.000000
-1.292213
0.626463
0.661204
0.000000
0.000000
0.000000
0.000000
0.000000
0.000000
-1.088983
1.408524
0.853218
-1.219103
1.073145
0.832239
0.000000
0.000000
0.000000
0.000000
0.000000
0.000000
0.000000
0.000000
0.000000
-1.259173
0.651832
0.638813
0.000000
0.000000
0.000000
0.000000
0.000000
0.000000
-1.501362
0.968306
0.698955
-1.513958
0.966360
0.706244
0.000000
0.000000
0.000000
0.000000
0.000000
0.000000
-1.233020
0.902280
0.729289
-1.248419
0.994373
0.746943
-1.350202
0.302782
0.789416
-1.380161
0.334572
0.934257
-1.393596
0.305561
0.789416
-1.392343
0.344821
0.934257
0.000000
0.000000
0.000000
0.000000
0.000000
0.000000
-1.220987
0.611183
0.776542
-1.246356
0.622228
0.803483
0.000000
0.000000
0.000000
0.000000
0.000000
0.000000
0.000000
0.000000
0.000000
-1.197170
0.469472
0.786384
0.000000
0.000000
0.000000
0.000000
0.000000
0.000000
-0.836594
1.560786
0.687036
-0.921872
1.192599
0.516909
0.000000
0.000000
0.000000
0.000000
0.000000
0.000000
-1.256173
0.825071
0.723727
-1.277702
0.896092
0.701932
0.000000
0.000000
0.000000
0.000000
0.000000
0.000000
-1.260482
0.795865
0.790585
-1.294807
0.813054
0.700681
0.000000
0.000000
0.000000
0.000000
0.000000
0.000000
-0.972124
1.209485
0.649305
-1.042239
1.161836
0.545973
0.000000
0.000000
0.000000
0.000000
0.000000
0.000000
-1.291381
0.883367
0.739561
-1.295323
0.957338
0.728888
0.000000
0.000000
0.000000
0.000000
0.000000
0.000000
0.000000
0.000000
0.000000
-1.170528
0.749230
0.693951
0.000000
0.000000
0.000000
0.000000
0.000000
0.000000
-1.202599
0.727143
0.620361
-1.316600
0.808257
1.005123
0.000000
0.000000
0.000000
0.000000
0.000000
0.000000
-1.296382
0.569362
0.851041
-1.360270
0.554232
0.846064
-1.335584
0.519296
0.847055
-1.549766
0.481740
0.890919
-1.325650
0.523720
0.847055
-1.547823
0.478059
0.890919
0.000000
0.000000
0.000000
0.000000
0.000000
0.000000
-1.183101
0.844240
0.619462
-1.254324
0.749446
0.905064
0.000000
0.000000
0.000000
0.000000
0.000000
0.000000
0.000000
0.000000
0.000000
-1.154615
0.656396
0.759345
0.000000
0.000000
0.000000
0.000000
0.000000
0.000000
-1.290856
0.458113
0.822473
-1.357129
0.385943
0.867724
0.000000
0.000000
0.000000
0.000000
0.000000
0.000000
-1.135023
0.618689
0.860621
-1.192383
0.633628
0.805920
0.000000
0.000000
0.000000
0.000000
0.000000
0.000000
-1.127507
0.787578
0.800845
-1.198779
0.770017
0.800028
0.000000
0.000000
0.000000
0.000000
0.000000
0.000000
-1.229816
0.737813
0.834426
-1.319282
0.699991
0.842918
0.000000
0.000000
0.000000
0.000000
0.000000
0.000000
-1.178571
1.360105
0.596572
-1.259257
1.387379
0.542586
0.000000
0.000000
0.000000
0.000000
0.000000
0.000000
-1.398426
0.763796
0.777008
-1.436152
0.757539
0.783285
0.000000
0.000000
0.000000
-1.323767
0.552020
0.674161
0.000000
0.000000
0.000000
-1.332662
0.564072
0.674161
0.000000
0.000000
0.000000
0.000000
0.000000
0.000000
-1.151708
0.790047
0.831727
-1.254696
0.697697
0.777423
0.000000
0.000000
0.000000
0.000000
0.000000
0.000000
-1.381281
0.672994
0.781385
-1.355857
0.706860
0.853232
0.000000
0.000000
0.000000
0.000000
0.000000
0.000000
-1.587108
0.471026
0.873498
-1.607347
0.457672
0.874254
0.000000
0.000000
0.000000
0.000000
0.000000
0.000000
-1.526592
0.384762
0.886770
-1.499641
0.425587
0.879754
0.000000
0.000000
0.000000
0.000000
0.000000
0.000000
-1.222688
1.083643
0.778594
-1.218123
0.967923
0.663448
0.000000
0.000000
0.000000
0.000000
0.000000
0.000000
0.000000
0.000000
0.000000
-1.253702
0.622359
0.798664
0.000000
0.000000
0.000000
0.000000
0.000000
0.000000
-0.717760
2.417368
0.714176
-1.012920
1.308338
0.881962
0.000000
0.000000
0.000000
0.000000
0.000000
0.000000
-1.400933
0.747605
0.800341
-1.440286
0.765777
0.788379
0.000000
0.000000
0.000000
0.000000
0.000000
0.000000
-1.536122
0.492813
0.854726
-1.551185
0.515093
0.855629
0.000000
0.000000
0.000000
0.000000
0.000000
0.000000
-1.305339
0.562873
0.738405
-1.279276
0.648156
0.880510
0.000000
0.000000
0.000000
0.000000
0.000000
0.000000
-1.313924
0.606635
0.800424
-1.364726
0.567003
0.828674
0.000000
0.000000
0.000000
0.000000
0.000000
0.000000
-1.349794
0.927867
0.916689
-1.400649
0.850544
0.750506
-1.157873
0.925803
0.616741
-1.151125
1.104038
0.745200
-1.148594
0.927517
0.616741
-1.142589
1.094977
0.745200
0.000000
0.000000
0.000000
0.000000
0.000000
0.000000
-1.244163
0.454565
0.960683
-1.317033
0.495601
0.900752
0.000000
0.000000
0.000000
0.000000
0.000000
0.000000
-1.053435
0.619664
0.884980
-1.186593
0.501481
0.866531
0.000000
0.000000
0.000000
0.000000
0.000000
0.000000
-1.240968
0.614539
0.756543
-1.277989
0.601132
0.809745
-1.560224
0.425961
0.876898
-1.566747
0.430664
0.870633
-1.444107
0.465866
0.865853
-1.477244
0.460379
0.864014
0.000000
0.000000
0.000000
0.000000
0.000000
0.000000
-1.332628
0.582889
0.787420
-1.278749
0.621948
0.796698
0.000000
0.000000
0.000000
0.000000
0.000000
0.000000
-1.107892
1.004096
0.687869
-1.113409
0.942429
0.747405
0.000000
0.000000
0.000000
0.000000
0.000000
0.000000
-1.287793
0.852176
0.785908
-1.365180
0.811225
0.816329
0.000000
0.000000
0.000000
0.000000
0.000000
0.000000
-1.201261
0.622725
0.594825
-1.143768
0.880229
0.985005
0.000000
0.000000
0.000000
0.000000
0.000000
0.000000
0.000000
0.000000
0.000000
-1.133822
0.892803
0.682335
0.000000
0.000000
0.000000
0.000000
0.000000
0.000000
-1.202454
1.067364
0.723859
-1.285561
1.060960
0.720056
0.000000
0.000000
0.000000
0.000000
0.000000
0.000000
-1.308156
0.811028
0.647997
-1.283958
0.828364
0.723851
-1.299349
0.720277
0.796017
-1.309261
0.724137
0.802921
-1.139654
0.713169
0.774356
-1.158992
0.723345
0.790190
0.000000
0.000000
0.000000
0.000000
0.000000
0.000000
-1.253721
0.843791
0.720078
-1.226650
0.993301
0.720874
0.000000
0.000000
0.000000
0.000000
0.000000
0.000000
-1.163476
1.836230
0.754284
-1.318288
1.422511
0.714150
0.000000
0.000000
0.000000
0.000000
0.000000
0.000000
-1.203188
0.713857
0.882479
-1.237988
0.625358
0.919698
0.000000
0.000000
0.000000
0.000000
0.000000
0.000000
-1.391517
0.576953
0.803310
-1.396999
0.547916
0.835527
0.000000
0.000000
0.000000
0.000000
0.000000
0.000000
-1.519238
0.360179
0.856188
-1.539121
0.353545
0.880865
-1.370532
0.607237
0.765696
-1.302886
0.794070
0.763808
-1.367549
0.608207
0.724512
-1.287161
0.763083
0.766392
0.000000
0.000000
0.000000
0.000000
0.000000
0.000000
-1.353922
0.958803
0.684072
-1.390670
0.940743
0.765312
0.000000
0.000000
0.000000
0.000000
0.000000
0.000000
-1.246285
1.032409
0.627675
-1.291256
1.021972
0.644586
0.000000
0.000000
0.000000
0.000000
0.000000
0.000000
-1.562966
0.384992
0.893493
-1.587695
0.377225
0.891786
0.000000
0.000000
0.000000
0.000000
0.000000
0.000000
-1.444421
0.432198
0.848110
-1.459289
0.426530
0.867422
0.000000
0.000000
0.000000
0.000000
0.000000
0.000000
-1.261579
0.877200
0.671364
-1.280934
0.920131
0.693007
0.000000
0.000000
0.000000
0.000000
0.000000
0.000000
-1.242805
0.502350
0.826636
-1.278376
0.580964
0.855359
0.000000
0.000000
0.000000
0.000000
0.000000
0.000000
-1.211248
0.763718
0.715172
-1.254547
0.789640
0.751350
0.000000
0.000000
0.000000
0.000000
0.000000
0.000000
-1.345961
0.603692
0.667734
-1.256852
0.671903
0.829158
0.000000
0.000000
0.000000
0.000000
0.000000
0.000000
-1.240511
0.426030
0.835670
-1.283945
0.554977
0.896902
0.000000
0.000000
0.000000
0.000000
0.000000
0.000000
-0.908453
1.120484
0.708959
-1.125575
0.855875
0.682002
0.000000
0.000000
0.000000
0.000000
0.000000
0.000000
-1.420146
0.368406
0.886227
-1.497999
0.306827
0.882455
0.000000
0.000000
0.000000
-1.387574
0.478534
0.680224
0.000000
0.000000
0.000000
-1.414898
0.486082
0.680224
0.000000
0.000000
0.000000
0.000000
0.000000
0.000000
0.000000
0.000000
0.000000
-0.941277
0.649237
0.785105
0.000000
0.000000
0.000000
0.000000
0.000000
0.000000
-1.309135
0.910888
0.698506
-1.340145
0.926027
0.710337
-1.309176
1.016746
0.646878
-1.321140
1.038787
0.647006
-1.235517
0.993206
0.648538
-1.239555
1.009427
0.648860
0.000000
0.000000
0.000000
0.000000
0.000000
0.000000
-1.571656
0.691756
0.829390
-1.587245
0.708430
0.814520
0.000000
0.000000
0.000000
0.000000
0.000000
0.000000
-1.463935
0.696429
0.819715
-1.491258
0.698953
0.802109
0.000000
0.000000
0.000000
0.000000
0.000000
0.000000
0.000000
0.000000
0.000000
-1.322213
0.597461
0.728695
0.000000
0.000000
0.000000
0.000000
0.000000
0.000000
0.000000
0.000000
0.000000
-1.268224
0.459972
0.724541
0.000000
0.000000
0.000000
0.000000
0.000000
0.000000
-1.122179
0.762829
0.686191
-1.158759
0.643470
0.806382
0.000000
0.000000
0.000000
0.000000
0.000000
0.000000
-1.130303
1.001094
0.814126
-1.089097
0.821112
0.706225
0.000000
0.000000
0.000000
0.000000
0.000000
0.000000
-1.050098
0.769341
0.777499
-1.145756
0.602758
0.828906
0.000000
0.000000
0.000000
0.000000
0.000000
0.000000
0.000000
0.000000
0.000000
-1.476523
0.363656
0.775213
0.000000
0.000000
0.000000
0.000000
0.000000
0.000000
-1.326956
1.364830
0.580583
-1.346197
1.321416
0.547687
0.000000
0.000000
0.000000
0.000000
0.000000
0.000000
-1.643017
0.595703
0.836295
-1.636368
0.677005
0.821825
0.000000
0.000000
0.000000
0.000000
0.000000
0.000000
0.000000
0.000000
0.000000
-1.095126
0.765179
0.715466
0.000000
0.000000
0.000000
0.000000
0.000000
0.000000
-1.561749
0.365931
0.869537
-1.600585
0.408786
0.874957
0.000000
0.000000
0.000000
0.000000
0.000000
0.000000
-1.453865
0.335042
0.888111
-1.446058
0.347676
0.881350
0.000000
0.000000
0.000000
0.000000
0.000000
0.000000
-1.252604
1.195199
0.575768
-1.287045
1.279559
0.500248
0.000000
0.000000
0.000000
0.000000
0.000000
0.000000
-1.602578
0.658582
0.831381
-1.674776
0.587375
0.857018
0.000000
0.000000
0.000000
0.000000
0.000000
0.000000
-1.335305
0.678642
0.772357
-1.363923
0.745351
0.776827
-1.228193
0.885781
0.853829
-1.207756
0.981218
0.788685
-1.224769
0.881376
0.853829
-1.202604
0.980691
0.788281
0.000000
0.000000
0.000000
0.000000
0.000000
0.000000
-1.319826
0.825186
0.832109
-1.356041
0.790864
0.778397
0.000000
0.000000
0.000000
0.000000
0.000000
0.000000
-1.038188
0.819367
0.682725
-1.132844
0.788508
0.717561
0.000000
0.000000
0.000000
-1.229138
0.471287
0.731989
0.000000
0.000000
0.000000
-1.174683
0.479042
0.731989
0.000000
0.000000
0.000000
0.000000
0.000000
0.000000
-1.441377
0.549548
0.815996
-1.380859
0.739230
0.889600
-1.436448
0.536301
0.684297
-1.399468
0.537726
0.935755
-1.430974
0.536934
0.684297
-1.394297
0.535738
0.935755
0.000000
0.000000
0.000000
0.000000
0.000000
0.000000
-1.260077
0.842283
0.737073
-1.276272
0.933706
0.670101
0.000000
0.000000
0.000000
0.000000
0.000000
0.000000
-1.163901
0.462210
0.864254
-1.237292
0.432747
0.866496
0.000000
0.000000
0.000000
0.000000
0.000000
0.000000
-1.296904
0.891912
0.783313
-1.318257
0.949613
0.718966
0.000000
0.000000
0.000000
0.000000
0.000000
0.000000
0.000000
0.000000
0.000000
-1.304083
0.698576
0.653261
0.000000
0.000000
0.000000
0.000000
0.000000
0.000000
-1.182706
0.570302
0.777216
-1.297873
0.528652
0.873821
0.000000
0.000000
0.000000
0.000000
0.000000
0.000000
-1.296762
1.245587
0.399653
-1.330490
1.319415
0.414748
0.000000
0.000000
0.000000
0.000000
0.000000
0.000000
0.000000
0.000000
0.000000
-1.142925
0.863616
0.687712
0.000000
0.000000
0.000000
0.000000
0.000000
0.000000
-1.155688
0.838627
0.761154
-1.242410
0.707684
0.787187
0.000000
0.000000
0.000000
0.000000
0.000000
0.000000
-1.189280
0.547833
0.886017
-1.286920
0.457333
0.804267
0.000000
0.000000
0.000000
0.000000
0.000000
0.000000
-1.085538
0.833812
0.677632
-1.142876
0.815396
0.750099
0.000000
0.000000
0.000000
0.000000
0.000000
0.000000
0.000000
0.000000
0.000000
-1.142816
0.805336
0.640541
0.000000
0.000000
0.000000
0.000000
0.000000
0.000000
-1.463894
0.446020
0.867118
-1.475921
0.382608
0.870009
0.000000
0.000000
0.000000
0.000000
0.000000
0.000000
-1.630559
0.315647
0.897032
-1.605141
0.340142
0.900063
0.000000
0.000000
0.000000
0.000000
0.000000
0.000000
-1.287078
0.716978
0.815278
-1.333929
0.739774
0.793652
-1.475192
0.709391
0.947945
-1.431874
0.713221
0.874310
-1.548098
0.473144
1.154194
-1.549558
0.563956
0.990954
0.000000
0.000000
0.000000
0.000000
0.000000
0.000000
0.000000
0.000000
0.000000
-1.449203
0.568965
0.748338
0.000000
0.000000
0.000000
0.000000
0.000000
0.000000
-0.945133
0.878796
0.699693
-0.994323
0.874489
0.644385
-1.325657
0.726371
0.790337
-1.395451
0.708109
0.792410
-1.281148
0.716769
0.817606
-1.374465
0.666286
0.809316
0.000000
0.000000
0.000000
0.000000
0.000000
0.000000
-1.507607
0.721458
0.827140
-1.552617
0.777399
0.778915
0.000000
0.000000
0.000000
0.000000
0.000000
0.000000
-1.160898
0.695675
0.681597
-1.098200
0.792248
0.775167
-1.116460
0.977907
0.642545
-1.162331
0.964159
0.596092
-1.061688
0.961367
0.711672
-1.127794
0.877417
0.687213
0.000000
0.000000
0.000000
0.000000
0.000000
0.000000
-1.272672
0.420434
0.664833
-1.180806
0.561174
0.838599
0.000000
0.000000
0.000000
0.000000
0.000000
0.000000
-1.255147
0.702590
0.769146
-1.291384
0.704634
0.750497
0.000000
0.000000
0.000000
0.000000
0.000000
0.000000
-1.489275
0.778198
0.781897
-1.512177
0.784101
0.784676
0.000000
0.000000
0.000000
0.000000
0.000000
0.000000
0.000000
0.000000
0.000000
-1.137964
0.935053
0.884048
0.000000
0.000000
0.000000
0.000000
0.000000
0.000000
0.000000
0.000000
0.000000
-1.109654
1.097464
0.681114
0.000000
0.000000
0.000000
0.000000
0.000000
0.000000
0.000000
0.000000
0.000000
-1.527098
0.530158
0.956539
0.000000
0.000000
0.000000
0.000000
0.000000
0.000000
-1.644824
0.439853
0.850977
-1.615286
0.513355
0.862698
0.000000
0.000000
0.000000
0.000000
0.000000
0.000000
-1.334453
0.517156
0.655864
-1.354340
0.468298
0.857259
0.000000
0.000000
0.000000
0.000000
0.000000
0.000000
-1.341558
0.651792
0.657207
-1.355413
0.796625
0.900718
-1.306592
0.799357
0.857242
-1.419092
0.711123
0.858411
-1.258848
0.799208
0.854819
-1.379402
0.706544
0.855089
-1.242764
0.901396
0.791994
-1.210860
0.833631
0.783577
-1.231837
0.898763
0.791994
-1.167612
0.848756
0.786612
-1.471223
0.414902
0.881895
-1.536493
0.382346
0.887700
-1.452314
0.405160
0.880783
-1.504980
0.376293
0.889149
0.000000
0.000000
0.000000
0.000000
0.000000
0.000000
-1.215300
0.783269
0.722874
-1.215400
0.947283
0.662399
0.000000
0.000000
0.000000
0.000000
0.000000
0.000000
-1.492360
0.421065
0.866921
-1.520398
0.398429
0.872795
0.000000
0.000000
0.000000
0.000000
0.000000
0.000000
-1.234187
0.866868
0.583805
-1.230338
1.020713
0.614269
0.000000
0.000000
0.000000
0.000000
0.000000
0.000000
-1.196853
0.883423
0.743876
-1.110868
0.940519
0.626358
0.000000
0.000000
0.000000
0.000000
0.000000
0.000000
-1.061009
1.129568
0.760890
-1.221702
0.792025
0.693589
0.000000
0.000000
0.000000
0.000000
0.000000
0.000000
-1.328315
0.747529
0.753898
-1.282117
0.776439
0.803751
0.000000
0.000000
0.000000
0.000000
0.000000
0.000000
-1.237675
0.642777
0.637597
-1.289707
0.751807
0.803941
0.000000
0.000000
0.000000
0.000000
0.000000
0.000000
-1.568662
0.622670
0.727980
-1.495209
0.660255
0.835499
0.000000
0.000000
0.000000
0.000000
0.000000
0.000000
-1.082123
0.683327
0.808412
-1.194069
0.628163
0.781860
0.000000
0.000000
0.000000
0.000000
0.000000
0.000000
0.000000
0.000000
0.000000
-1.081959
0.795847
0.692636
0.000000
0.000000
0.000000
0.000000
0.000000
0.000000
-1.027285
0.988174
0.674428
-1.176152
0.868590
0.710113
0.000000
0.000000
0.000000
0.000000
0.000000
0.000000
-1.481498
0.453891
0.910750
-1.577891
0.405473
0.876407
0.000000
0.000000
0.000000
0.000000
0.000000
0.000000
-1.470744
0.609882
0.825577
-1.498306
0.617802
0.829050
0.000000
0.000000
0.000000
0.000000
0.000000
0.000000
-1.184001
0.939938
0.611623
-1.165253
1.095232
0.677098
0.000000
0.000000
0.000000
0.000000
0.000000
0.000000
-1.284347
0.616129
0.979781
-1.273510
0.527417
0.893497
0.000000
0.000000
0.000000
0.000000
0.000000
0.000000
-1.482165
1.049362
0.730804
-1.500806
0.969285
0.704578
0.000000
0.000000
0.000000
0.000000
0.000000
0.000000
-1.276232
0.758690
0.744753
-1.251619
0.759952
0.685924
0.000000
0.000000
0.000000
0.000000
0.000000
0.000000
-1.282102
0.461868
0.829637
-1.269762
0.524045
0.828498
0.000000
0.000000
0.000000
0.000000
0.000000
0.000000
-1.545755
0.415188
0.887240
-1.596346
0.314584
0.876129
0.000000
0.000000
0.000000
0.000000
0.000000
0.000000
-1.317254
0.788538
0.604960
-1.354807
0.900300
0.660238
0.000000
0.000000
0.000000
0.000000
0.000000
0.000000
-1.363313
0.745856
0.791253
-1.385067
0.777523
0.780463
0.000000
0.000000
0.000000
0.000000
0.000000
0.000000
-1.405564
0.526670
0.729872
-1.403434
0.538398
0.878833
0.000000
0.000000
0.000000
0.000000
0.000000
0.000000
-1.193978
0.717126
0.805792
-1.281720
0.635110
0.823461
0.000000
0.000000
0.000000
0.000000
0.000000
0.000000
-1.145580
1.012030
0.609498
-1.219117
1.008548
0.629748
0.000000
0.000000
0.000000
0.000000
0.000000
0.000000
-1.093780
0.850440
0.846038
-1.103811
0.861956
0.804572
0.000000
0.000000
0.000000
0.000000
0.000000
0.000000
0.000000
0.000000
0.000000
-1.261141
0.465514
0.740886
0.000000
0.000000
0.000000
0.000000
0.000000
0.000000
-1.058004
1.089521
0.659778
-1.196013
0.757340
0.651235
0.000000
0.000000
0.000000
0.000000
0.000000
0.000000
-1.471241
0.695462
0.786315
-1.514846
0.801005
0.747125
0.000000
0.000000
0.000000
0.000000
0.000000
0.000000
-1.334876
1.242835
0.539294
-1.378566
1.191995
0.565396
0.000000
0.000000
0.000000
0.000000
0.000000
0.000000
-1.356396
0.464054
0.875563
-1.417788
0.472142
0.886835
0.000000
0.000000
0.000000
0.000000
0.000000
0.000000
-1.487043
0.657260
0.841756
-1.402711
0.907216
0.774677
0.000000
0.000000
0.000000
0.000000
0.000000
0.000000
-1.198303
0.560716
0.850684
-1.215109
0.539224
0.851598
0.000000
0.000000
0.000000
0.000000
0.000000
0.000000
-0.993154
0.793454
0.651460
-1.092767
0.880991
0.721151
0.000000
0.000000
0.000000
0.000000
0.000000
0.000000
-1.278371
0.821402
0.686990
-1.403459
0.856273
0.739189
0.000000
0.000000
0.000000
0.000000
0.000000
0.000000
-0.862311
1.160722
0.661647
-0.998355
1.115633
0.669091
0.000000
0.000000
0.000000
0.000000
0.000000
0.000000
-1.136305
0.923539
0.679300
-1.175132
0.867507
0.692508
-1.099993
0.553117
0.876642
-1.146122
0.492093
0.849840
-1.067021
0.557773
0.866167
-1.121325
0.519752
0.815288
0.000000
0.000000
0.000000
0.000000
0.000000
0.000000
-1.487035
0.591803
0.838514
-1.511012
0.624630
0.871310
0.000000
0.000000
0.000000
0.000000
0.000000
0.000000
-1.433402
0.395326
0.871163
-1.455061
0.498856
0.869817
0.000000
0.000000
0.000000
0.000000
0.000000
0.000000
-1.241175
0.670407
0.783495
-1.206356
0.728232
0.779881
0.000000
0.000000
0.000000
0.000000
0.000000
0.000000
-1.139628
0.817863
0.686038
-1.199921
0.807439
0.722809
0.000000
0.000000
0.000000
0.000000
0.000000
0.000000
-0.931323
1.483501
0.738851
-1.126351
1.040989
0.700691
0.000000
0.000000
0.000000
0.000000
0.000000
0.000000
0.000000
0.000000
0.000000
-1.353010
0.488374
0.711963
0.000000
0.000000
0.000000
0.000000
0.000000
0.000000
-1.477662
0.532613
0.879238
-1.421392
0.626546
0.845885
0.000000
0.000000
0.000000
0.000000
0.000000
0.000000
-1.078902
0.919745
0.579530
-1.177457
0.973788
0.673957
0.000000
0.000000
0.000000
0.000000
0.000000
0.000000
-1.445119
0.868523
0.766658
-1.422353
1.042588
0.786303
0.000000
0.000000
0.000000
0.000000
0.000000
0.000000
0.000000
0.000000
0.000000
-1.688427
0.623841
0.762490
0.000000
0.000000
0.000000
0.000000
0.000000
0.000000
0.000000
0.000000
0.000000
-1.355637
0.678131
0.834800
0.000000
0.000000
0.000000
0.000000
0.000000
0.000000
-1.581276
1.019281
0.700002
-1.604588
1.048419
0.694604
0.000000
0.000000
0.000000
0.000000
0.000000
0.000000
-1.096583
1.140218
0.764565
-1.245563
0.908953
0.697208
-1.222588
0.693225
0.714734
-1.305216
0.510126
0.713179
-1.186375
0.640869
0.728389
-1.210463
0.519299
0.769290
0.000000
0.000000
0.000000
0.000000
0.000000
0.000000
0.000000
0.000000
0.000000
-1.493424
0.484172
0.610252
0.000000
0.000000
0.000000
0.000000
0.000000
0.000000
-1.457918
0.494881
0.604542
-1.437927
0.461598
1.156887
0.000000
0.000000
0.000000
0.000000
0.000000
0.000000
0.000000
0.000000
0.000000
-1.415347
0.405834
0.705993
0.000000
0.000000
0.000000
0.000000
0.000000
0.000000
-1.448696
0.755459
0.793779
-1.470982
0.775077
0.775403
0.000000
0.000000
0.000000
0.000000
0.000000
0.000000
-1.221390
1.077083
0.587077
-1.253569
1.150127
0.547066
0.000000
0.000000
0.000000
0.000000
0.000000
0.000000
-1.030756
0.836254
0.648258
-1.067497
0.738575
0.727599
0.000000
0.000000
0.000000
0.000000
0.000000
0.000000
-1.405127
0.459815
0.848511
-1.420823
0.491126
0.895341
0.000000
0.000000
0.000000
0.000000
0.000000
0.000000
-1.409081
0.444114
0.845015
-1.412157
0.523968
0.842010
0.000000
0.000000
0.000000
0.000000
0.000000
0.000000
-0.961019
1.097401
0.831032
-1.104752
0.828594
0.731123
0.000000
0.000000
0.000000
0.000000
0.000000
0.000000
-1.252458
0.606242
0.862596
-1.263475
0.591464
0.824588
0.000000
0.000000
0.000000
0.000000
0.000000
0.000000
-1.088125
0.883681
0.966095
-1.204812
0.701776
0.846518
0.000000
0.000000
0.000000
0.000000
0.000000
0.000000
-1.253593
0.782166
0.803180
-1.292126
0.622940
0.832121
0.000000
0.000000
0.000000
0.000000
0.000000
0.000000
-1.241780
0.654755
0.784452
-1.268369
0.716395
0.794876
-1.153618
0.681242
0.768284
-1.195190
0.668272
0.806850
-1.127206
0.730768
0.755952
-1.152071
0.707400
0.792270
0.000000
0.000000
0.000000
0.000000
0.000000
0.000000
-1.412535
0.607685
0.804041
-1.425322
0.617421
0.832063
0.000000
0.000000
0.000000
0.000000
0.000000
0.000000
-1.410226
0.625976
0.804503
-1.421388
0.673943
0.804805
0.000000
0.000000
0.000000
0.000000
0.000000
0.000000
-1.024969
1.060287
0.709887
-1.011747
1.059423
0.794614
0.000000
0.000000
0.000000
0.000000
0.000000
0.000000
-1.617180
1.495006
0.425329
-1.654449
1.418205
0.442236
0.000000
0.000000
0.000000
0.000000
0.000000
0.000000
-1.490431
0.595085
0.656339
-1.388114
0.703014
0.811773
0.000000
0.000000
0.000000
0.000000
0.000000
0.000000
-1.255229
0.886343
1.185563
-1.347261
0.796120
1.012979
0.000000
0.000000
0.000000
0.000000
0.000000
0.000000
-1.153256
1.150117
0.598151
-1.212084
1.064145
0.515315
0.000000
0.000000
0.000000
0.000000
0.000000
0.000000
-1.441847
1.032054
0.637965
-1.464369
0.967545
0.638905
0.000000
0.000000
0.000000
0.000000
0.000000
0.000000
0.000000
0.000000
0.000000
-1.011765
0.930035
0.624298
0.000000
0.000000
0.000000
0.000000
0.000000
0.000000
-1.467510
0.668823
0.886057
-1.529366
0.669571
0.837274
0.000000
0.000000
0.000000
0.000000
0.000000
0.000000
-1.486240
0.813083
0.823805
-1.494365
0.920775
0.796584
0.000000
0.000000
0.000000
0.000000
0.000000
0.000000
-1.059448
1.213312
0.589163
-1.171254
0.984818
0.618277
0.000000
0.000000
0.000000
0.000000
0.000000
0.000000
0.000000
0.000000
0.000000
-1.310318
0.748600
0.811222
0.000000
0.000000
0.000000
0.000000
0.000000
0.000000
-1.201147
0.835810
0.859755
-1.301248
0.528643
0.803908
0.000000
0.000000
0.000000
0.000000
0.000000
0.000000
-1.388722
0.425528
0.934546
-1.412834
0.423330
0.842609
0.000000
0.000000
0.000000
0.000000
0.000000
0.000000
-1.546030
0.832235
0.772404
-1.570502
0.838783
0.774902
0.000000
0.000000
0.000000
0.000000
0.000000
0.000000
-1.484621
0.531370
0.927165
-1.480533
0.479531
0.843640
0.000000
0.000000
0.000000
0.000000
0.000000
0.000000
0.000000
0.000000
0.000000
-1.469443
0.557750
0.720179
0.000000
0.000000
0.000000
0.000000
0.000000
0.000000
-1.097272
1.079609
0.803082
-1.151307
0.888141
0.717515
0.000000
0.000000
0.000000
0.000000
0.000000
0.000000
-1.216929
1.021465
0.635754
-1.297024
0.949284
0.651491
0.000000
0.000000
0.000000
0.000000
0.000000
0.000000
-1.078474
0.764275
0.709443
-1.108839
0.878528
0.714765
0.000000
0.000000
0.000000
0.000000
0.000000
0.000000
-1.147136
0.966546
0.584095
-1.155524
0.951393
0.621090
-1.158929
0.785579
0.717798
-1.188032
0.795742
0.720659
-1.107450
0.859404
0.715019
-1.144780
0.805333
0.733922
0.000000
0.000000
0.000000
0.000000
0.000000
0.000000
-1.290013
0.580522
0.817763
-1.322840
0.527178
0.830036
-1.257581
0.879913
0.696953
-1.283118
0.869682
0.714538
-1.209111
0.856458
0.701308
-1.226124
0.849439
0.716706
0.000000
0.000000
0.000000
0.000000
0.000000
0.000000
-1.270445
0.636908
0.688369
-1.313707
0.833145
0.809589
0.000000
0.000000
0.000000
0.000000
0.000000
0.000000
0.000000
0.000000
0.000000
-1.063453
0.823344
0.731700
0.000000
0.000000
0.000000
0.000000
0.000000
0.000000
-1.079844
0.893036
0.792050
-1.180579
0.735042
0.722379
0.000000
0.000000
0.000000
0.000000
0.000000
0.000000
-1.326265
1.070064
0.757601
-1.332321
1.154798
0.676974
0.000000
0.000000
0.000000
0.000000
0.000000
0.000000
-1.346365
0.525192
0.846295
-1.404109
0.462146
0.837321
0.000000
0.000000
0.000000
0.000000
0.000000
0.000000
-1.498845
0.540776
0.852580
-1.524025
0.570871
0.853282
0.000000
0.000000
0.000000
0.000000
0.000000
0.000000
0.000000
0.000000
0.000000
-1.162406
1.252298
0.817943
0.000000
0.000000
0.000000
0.000000
0.000000
0.000000
0.000000
0.000000
0.000000
-1.182881
0.670894
0.565123
0.000000
0.000000
0.000000
0.000000
0.000000
0.000000
-1.385884
0.467713
0.851347
-1.506851
0.394417
0.871540
0.000000
0.000000
0.000000
0.000000
0.000000
0.000000
-0.988536
1.287493
0.659264
-1.132797
0.899816
0.579984
0.000000
0.000000
0.000000
0.000000
0.000000
0.000000
-1.199379
0.639338
0.839417
-1.240104
0.596480
0.806219
0.000000
0.000000
0.000000
0.000000
0.000000
0.000000
-1.176573
0.932142
0.712297
-1.268525
0.775067
0.757356
0.000000
0.000000
0.000000
0.000000
0.000000
0.000000
-1.360884
0.780551
0.800357
-1.379455
0.796059
0.779815
0.000000
0.000000
0.000000
0.000000
0.000000
0.000000
-1.363883
1.131623
0.664266
-1.379752
1.456256
0.651446
0.000000
0.000000
0.000000
0.000000
0.000000
0.000000
-1.499896
0.607741
0.857419
-1.651174
0.511370
0.853570
0.000000
0.000000
0.000000
0.000000
0.000000
0.000000
-1.062976
1.226422
0.578550
-1.152421
1.081130
0.535663
0.000000
0.000000
0.000000
0.000000
0.000000
0.000000
0.000000
0.000000
0.000000
-1.467930
0.456446
0.740165
0.000000
0.000000
0.000000
0.000000
0.000000
0.000000
-1.332684
0.483366
0.991822
-1.337265
0.600874
0.919016
0.000000
0.000000
0.000000
0.000000
0.000000
0.000000
-1.496957
0.923951
0.703938
-1.492154
1.060824
0.648710
-1.273527
0.657408
0.825883
-1.288063
0.733493
0.796336
-1.260892
0.525041
0.842021
-1.284992
0.542393
0.839641
0.000000
0.000000
0.000000
0.000000
0.000000
0.000000
-1.343061
0.598097
0.837840
-1.409255
0.553854
0.809444
-1.330432
0.667138
0.765752
-1.424844
0.522196
0.768271
-1.305244
0.665407
0.762952
-1.402189
0.517802
0.769187
0.000000
0.000000
0.000000
0.000000
0.000000
0.000000
-1.072760
0.802455
0.713681
-1.091193
0.906126
0.776448
0.000000
0.000000
0.000000
0.000000
0.000000
0.000000
-1.031096
1.166902
0.617358
-1.184646
1.088962
0.668011
0.000000
0.000000
0.000000
0.000000
0.000000
0.000000
-1.148309
1.810862
0.793248
-1.223195
1.704728
0.725386
-1.162523
0.516200
1.135782
-1.223358
0.563985
0.981714
-1.152474
0.513339
1.135782
-1.210936
0.557220
0.983365
0.000000
0.000000
0.000000
0.000000
0.000000
0.000000
0.000000
0.000000
0.000000
-1.292347
0.547700
0.843879
0.000000
0.000000
0.000000
0.000000
0.000000
0.000000
-1.235874
1.144323
0.666711
-1.256058
1.126926
0.586131
0.000000
0.000000
0.000000
0.000000
0.000000
0.000000
-1.208746
0.609741
0.658080
-1.203262
0.681575
0.786788
0.000000
0.000000
0.000000
0.000000
0.000000
0.000000
-1.210017
0.564148
0.663695
-1.140660
0.825290
0.760393
0.000000
0.000000
0.000000
0.000000
0.000000
0.000000
0.000000
0.000000
0.000000
-1.213492
0.947594
0.650409
0.000000
0.000000
0.000000
0.000000
0.000000
0.000000
-1.351659
0.398102
0.908459
-1.361236
0.497342
0.876198
0.000000
0.000000
0.000000
0.000000
0.000000
0.000000
-1.353960
0.816801
0.789931
-1.422792
0.720235
0.857373
0.000000
0.000000
0.000000
0.000000
0.000000
0.000000
0.000000
0.000000
0.000000
-0.975816
1.309902
0.842247
0.000000
0.000000
0.000000
0.000000
0.000000
0.000000
-1.313264
0.557931
0.814465
-1.363737
0.545227
0.802886
0.000000
0.000000
0.000000
0.000000
0.000000
0.000000
0.000000
0.000000
0.000000
-1.212138
0.594760
0.775185
0.000000
0.000000
0.000000
0.000000
0.000000
0.000000
-1.425526
0.392621
0.873147
-1.357203
0.606822
0.866860
0.000000
0.000000
0.000000
0.000000
0.000000
0.000000
-1.332816
0.651311
0.887818
-1.311943
0.603335
0.819808
0.000000
0.000000
0.000000
0.000000
0.000000
0.000000
0.000000
0.000000
0.000000
-1.236991
0.794946
0.726641
0.000000
0.000000
0.000000
0.000000
0.000000
0.000000
-1.650739
0.286448
0.901499
-1.680474
0.289740
0.900815
0.000000
0.000000
0.000000
0.000000
0.000000
0.000000
-1.102540
0.733892
0.700663
-1.196641
0.601833
0.772043
0.000000
0.000000
0.000000
0.000000
0.000000
0.000000
-1.072311
0.875016
0.716143
-1.087943
0.953544
0.735195
0.000000
0.000000
0.000000
0.000000
0.000000
0.000000
-1.465451
0.977732
0.742054
-1.516821
0.787045
0.727601
0.000000
0.000000
0.000000
0.000000
0.000000
0.000000
-1.197405
0.495262
0.834495
-1.290347
0.456977
0.839065
0.000000
0.000000
0.000000
0.000000
0.000000
0.000000
-1.467531
0.359779
0.880189
-1.489981
0.341058
0.894464
0.000000
0.000000
0.000000
0.000000
0.000000
0.000000
0.000000
0.000000
0.000000
-1.403858
0.608033
0.800037
0.000000
0.000000
0.000000
0.000000
0.000000
0.000000
-1.074339
0.642948
0.754274
-1.249866
0.523820
0.877992
0.000000
0.000000
0.000000
0.000000
0.000000
0.000000
0.000000
0.000000
0.000000
-1.372414
0.758398
0.589099
0.000000
0.000000
0.000000
0.000000
0.000000
0.000000
0.000000
0.000000
0.000000
-1.361001
0.557301
0.660915
0.000000
0.000000
0.000000
0.000000
0.000000
0.000000
0.000000
0.000000
0.000000
-1.100852
0.732525
0.713519
0.000000
0.000000
0.000000
0.000000
0.000000
0.000000
-1.246469
0.463428
0.912646
-1.358989
0.430364
0.879373
0.000000
0.000000
0.000000
0.000000
0.000000
0.000000
-1.089238
1.236008
0.835420
-1.277541
0.856610
0.769968
0.000000
0.000000
0.000000
0.000000
0.000000
0.000000
0.000000
0.000000
0.000000
-1.187783
0.883267
0.694964
0.000000
0.000000
0.000000
0.000000
0.000000
0.000000
-1.375082
0.998463
0.842347
-1.486821
0.738494
1.010861
0.000000
0.000000
0.000000
0.000000
0.000000
0.000000
-1.626823
0.613348
0.818271
-1.666914
0.595922
0.832723
0.000000
0.000000
0.000000
0.000000
0.000000
0.000000
-1.177439
0.719046
0.809083
-1.249502
0.744132
0.767979
0.000000
0.000000
0.000000
0.000000
0.000000
0.000000
-1.428166
0.671624
0.837636
-1.470221
0.785478
0.745946
0.000000
0.000000
0.000000
0.000000
0.000000
0.000000
-1.168498
1.172327
0.702068
-1.247996
1.410514
0.610183
0.000000
0.000000
0.000000
0.000000
0.000000
0.000000
-1.217835
1.115443
0.511296
-1.246906
1.179228
0.528711
-1.522425
0.959051
0.680417
-1.534894
1.020007
0.702661
-1.507401
0.947983
0.703788
-1.518973
0.943132
0.725839
0.000000
0.000000
0.000000
0.000000
0.000000
0.000000
-1.413617
1.011583
0.688677
-1.411364
1.027146
0.675443
0.000000
0.000000
0.000000
0.000000
0.000000
0.000000
-1.297519
0.556368
0.797103
-1.388161
0.426504
0.847348
0.000000
0.000000
0.000000
0.000000
0.000000
0.000000
-1.339500
1.099740
0.691600
-1.395786
1.056171
0.710989
0.000000
0.000000
0.000000
0.000000
0.000000
0.000000
-1.118628
0.759913
0.682277
-1.142196
0.812312
0.731489
-1.172976
0.975576
0.859704
-1.084760
1.343056
0.918739
-1.155101
0.981121
0.859704
-1.069224
1.317081
0.918739
0.000000
0.000000
0.000000
0.000000
0.000000
0.000000
-1.181799
0.698515
0.766601
-1.186061
0.719510
0.793233
0.000000
0.000000
0.000000
0.000000
0.000000
0.000000
-1.437314
0.998253
0.740478
-1.494318
0.931361
0.759740
0.000000
0.000000
0.000000
0.000000
0.000000
0.000000
-1.466927
0.899767
0.741184
-1.480584
0.880529
0.757903
0.000000
0.000000
0.000000
0.000000
0.000000
0.000000
-1.286988
0.931024
0.696154
-1.322000
0.940848
0.681328
0.000000
0.000000
0.000000
0.000000
0.000000
0.000000
-1.354324
0.543710
0.857203
-1.303272
0.690842
0.853105
0.000000
0.000000
0.000000
0.000000
0.000000
0.000000
-1.341747
0.572000
0.933039
-1.386275
0.673663
0.825929
0.000000
0.000000
0.000000
0.000000
0.000000
0.000000
-1.630263
0.411242
0.888804
-1.665988
0.453478
0.888216
0.000000
0.000000
0.000000
0.000000
0.000000
0.000000
-1.226394
0.787744
0.631844
-1.224335
0.843700
0.711844
0.000000
0.000000
0.000000
0.000000
0.000000
0.000000
-1.146438
1.841299
0.573409
-1.284469
1.401920
0.553196
0.000000
0.000000
0.000000
0.000000
0.000000
0.000000
-1.137257
0.602002
0.761296
-1.074544
0.679735
0.812649
0.000000
0.000000
0.000000
0.000000
0.000000
0.000000
-1.688088
0.541643
0.945710
-1.672341
0.706450
0.832425
-1.439759
0.425632
0.880147
-1.469161
0.417324
0.869237
-1.417716
0.426193
0.878480
-1.418207
0.433708
0.869360
0.000000
0.000000
0.000000
0.000000
0.000000
0.000000
-1.231805
0.645568
0.909536
-1.307511
0.602947
0.759383
0.000000
0.000000
0.000000
0.000000
0.000000
0.000000
-1.424834
0.645614
0.778355
-1.443774
0.658222
0.792310
0.000000
0.000000
0.000000
0.000000
0.000000
0.000000
-1.365407
1.177054
0.482236
-1.424609
1.109776
0.551344
0.000000
0.000000
0.000000
0.000000
0.000000
0.000000
-1.112126
1.048679
0.646556
-1.247645
0.923652
0.543521
0.000000
0.000000
0.000000
0.000000
0.000000
0.000000
-1.298348
0.883288
0.805008
-1.399851
0.775224
0.803495
0.000000
0.000000
0.000000
0.000000
0.000000
0.000000
-1.286646
0.614156
0.812254
-1.343161
0.582934
0.831216
0.000000
0.000000
0.000000
0.000000
0.000000
0.000000
-1.158318
0.789737
0.752486
-1.179044
0.800307
0.726551
0.000000
0.000000
0.000000
0.000000
0.000000
0.000000
-0.900576
1.110209
0.693867
-0.998101
1.259555
0.511800
0.000000
0.000000
0.000000
0.000000
0.000000
0.000000
-1.365716
0.403324
0.625724
-1.408811
0.387657
1.109915
0.000000
0.000000
0.000000
0.000000
0.000000
0.000000
-1.175598
0.587135
0.846186
-1.226564
0.526769
0.843970
0.000000
0.000000
0.000000
0.000000
0.000000
0.000000
-1.233537
0.959240
0.631714
-1.216541
1.164003
0.656719
0.000000
0.000000
0.000000
0.000000
0.000000
0.000000
-1.085347
1.317721
0.686567
-1.180716
1.218806
0.666391
-1.023313
0.786783
0.674723
-1.013146
0.918362
0.630237
-0.958287
0.911175
0.634836
-1.002073
1.091427
0.578747
0.000000
0.000000
0.000000
0.000000
0.000000
0.000000
-1.398778
0.618933
0.700142
-1.430660
0.601538
0.935373
0.000000
0.000000
0.000000
0.000000
0.000000
0.000000
0.000000
0.000000
0.000000
-0.953631
1.690776
0.663202
0.000000
0.000000
0.000000
0.000000
0.000000
0.000000
-1.180220
0.686324
0.828203
-1.231595
0.673419
0.802726
0.000000
0.000000
0.000000
0.000000
0.000000
0.000000
-1.268945
0.530906
0.680686
-1.293371
0.540376
0.846586
0.000000
0.000000
0.000000
0.000000
0.000000
0.000000
0.000000
0.000000
0.000000
-1.007540
0.829662
0.803004
0.000000
0.000000
0.000000
0.000000
0.000000
0.000000
-0.937458
0.764963
0.796506
-0.976301
0.766166
0.800518
0.000000
0.000000
0.000000
0.000000
0.000000
0.000000
-1.398913
0.593480
0.842873
-1.421506
0.619285
0.850597
0.000000
0.000000
0.000000
0.000000
0.000000
0.000000
-1.469317
0.667964
0.882342
-1.509098
0.611031
0.866090
0.000000
0.000000
0.000000
0.000000
0.000000
0.000000
-1.434730
0.435601
0.886376
-1.516870
0.435657
0.860482
0.000000
0.000000
0.000000
0.000000
0.000000
0.000000
-1.400931
0.929273
0.702133
-1.438459
0.924895
0.715586
0.000000
0.000000
0.000000
0.000000
0.000000
0.000000
-1.224545
1.059893
0.654968
-1.300809
0.980076
0.682230
0.000000
0.000000
0.000000
0.000000
0.000000
0.000000
-1.210835
0.955884
0.678049
-1.214069
0.904832
0.759944
0.000000
0.000000
0.000000
0.000000
0.000000
0.000000
-1.357286
0.778295
0.777186
-1.408930
0.800275
0.773051
0.000000
0.000000
0.000000
0.000000
0.000000
0.000000
-1.405619
0.670391
0.836475
-1.390340
0.739326
0.824808
0.000000
0.000000
0.000000
0.000000
0.000000
0.000000
-1.125355
0.931956
0.613014
-1.236348
0.931302
0.585164
0.000000
0.000000
0.000000
0.000000
0.000000
0.000000
0.000000
0.000000
0.000000
-1.404349
0.599021
0.828512
0.000000
0.000000
0.000000
0.000000
0.000000
0.000000
-1.474235
1.165613
0.704351
-1.403630
1.323695
0.687960
0.000000
0.000000
0.000000
0.000000
0.000000
0.000000
-1.416763
0.529312
1.038822
-1.429190
0.644160
0.943818
0.000000
0.000000
0.000000
0.000000
0.000000
0.000000
-1.203892
0.957857
0.779764
-1.298582
0.707834
0.874944
0.000000
0.000000
0.000000
0.000000
0.000000
0.000000
-1.295234
0.687510
0.729871
-1.287569
0.710771
0.756228
0.000000
0.000000
0.000000
0.000000
0.000000
0.000000
0.000000
0.000000
0.000000
-1.172644
0.950628
0.697438
0.000000
0.000000
0.000000
0.000000
0.000000
0.000000
-1.573501
0.825445
0.761354
-1.583121
0.837696
0.767419
0.000000
0.000000
0.000000
0.000000
0.000000
0.000000
0.000000
0.000000
0.000000
-1.460328
0.820278
0.611481
0.000000
0.000000
0.000000
0.000000
0.000000
0.000000
0.000000
0.000000
0.000000
-1.143742
1.033650
0.776833
0.000000
0.000000
0.000000
0.000000
0.000000
0.000000
-1.599804
1.121700
0.647268
-1.616740
1.110790
0.658660
0.000000
0.000000
0.000000
0.000000
0.000000
0.000000
-1.166339
0.989500
0.639963
-1.182755
1.066445
0.693341
0.000000
0.000000
0.000000
0.000000
0.000000
0.000000
-1.130643
0.923132
0.657323
-1.240286
0.792317
0.792256
0.000000
0.000000
0.000000
0.000000
0.000000
0.000000
-1.204368
0.808771
0.586461
-1.237286
0.985076
0.719363
0.000000
0.000000
0.000000
0.000000
0.000000
0.000000
-1.343314
0.567070
0.852688
-1.340777
0.698026
0.815389
0.000000
0.000000
0.000000
0.000000
0.000000
0.000000
-1.151273
0.845023
0.684676
-1.246030
0.712639
0.748094
0.000000
0.000000
0.000000
0.000000
0.000000
0.000000
-1.515039
0.564254
0.930660
-1.561867
0.555986
0.862486
-1.466212
0.534610
0.746626
-1.465124
0.610771
0.799530
-1.475651
0.540691
0.746626
-1.452948
0.612473
0.799530
0.000000
0.000000
0.000000
0.000000
0.000000
0.000000
-1.462828
0.475695
0.853209
-1.529156
0.461300
0.859620
0.000000
0.000000
0.000000
0.000000
0.000000
0.000000
-1.229460
0.968451
0.627744
-1.365166
0.852501
0.722730
0.000000
0.000000
0.000000
0.000000
0.000000
0.000000
-1.255084
0.615655
0.819107
-1.357931
0.606597
0.799268
0.000000
0.000000
0.000000
0.000000
0.000000
0.000000
0.000000
0.000000
0.000000
-1.237211
0.961476
0.746680
0.000000
0.000000
0.000000
0.000000
0.000000
0.000000
-1.454858
0.653901
0.852871
-1.496343
0.665540
0.829076
0.000000
0.000000
0.000000
0.000000
0.000000
0.000000
-1.160667
0.901721
0.701801
-1.086572
0.899706
0.688516
0.000000
0.000000
0.000000
0.000000
0.000000
0.000000
-1.213549
0.678792
0.724591
-1.189908
0.750057
0.694520
0.000000
0.000000
0.000000
0.000000
0.000000
0.000000
-1.593694
0.484353
0.890445
-1.603631
0.490697
0.862651
0.000000
0.000000
0.000000
0.000000
0.000000
0.000000
-1.402899
0.750862
1.347634
-1.494590
0.645460
1.070937
0.000000
0.000000
0.000000
0.000000
0.000000
0.000000
-1.057113
1.151600
0.720921
-1.085435
1.393998
0.600169
0.000000
0.000000
0.000000
0.000000
0.000000
0.000000
-0.908210
1.161280
0.715338
-1.065968
0.803727
0.711927
0.000000
0.000000
0.000000
0.000000
0.000000
0.000000
0.000000
0.000000
0.000000
-1.104854
0.767811
0.692745
-1.209162
0.593314
0.824977
-1.278876
0.487074
0.841399
-1.193334
0.592103
0.825585
-1.264456
0.485367
0.841473
0.000000
0.000000
0.000000
0.000000
0.000000
0.000000
-1.484729
1.107042
0.638595
-1.513305
1.111603
0.641611
0.000000
0.000000
0.000000
0.000000
0.000000
0.000000
-1.207992
0.997014
0.556397
-1.216909
1.037287
0.650334
0.000000
0.000000
0.000000
0.000000
0.000000
0.000000
-1.224526
0.968717
0.659043
-1.247862
1.009946
0.689223
0.000000
0.000000
0.000000
0.000000
0.000000
0.000000
-1.298127
0.433899
0.847198
-1.397883
0.325163
0.840535
0.000000
0.000000
0.000000
0.000000
0.000000
0.000000
-1.525233
0.615149
0.848149
-1.548289
0.628906
0.831403
0.000000
0.000000
0.000000
0.000000
0.000000
0.000000
-1.647804
0.303893
0.917980
-1.604431
0.348583
0.880295
0.000000
0.000000
0.000000
0.000000
0.000000
0.000000
0.000000
0.000000
0.000000
-1.082280
0.620605
0.646256
0.000000
0.000000
0.000000
0.000000
0.000000
0.000000
-1.465162
0.481021
0.837330
-1.538961
0.385070
0.875762
0.000000
0.000000
0.000000
0.000000
0.000000
0.000000
-1.353475
0.778638
0.855771
-1.351241
0.743026
0.711509
0.000000
0.000000
0.000000
0.000000
0.000000
0.000000
-1.312463
0.843167
0.801016
-1.386205
0.714341
0.832442
0.000000
0.000000
0.000000
0.000000
0.000000
0.000000
-1.089057
0.841654
0.958690
-1.033195
1.104855
0.760619
0.000000
0.000000
0.000000
0.000000
0.000000
0.000000
-1.267834
1.048355
0.600864
-1.331548
1.034254
0.632233
0.000000
0.000000
0.000000
0.000000
0.000000
0.000000
0.000000
0.000000
0.000000
-1.133782
0.609793
0.687857
0.000000
0.000000
0.000000
0.000000
0.000000
0.000000
-1.071750
0.715423
0.755661
-1.044778
0.911534
0.727951
0.000000
0.000000
0.000000
0.000000
0.000000
0.000000
-1.184457
1.225428
0.662737
-1.214935
1.182437
0.619015
0.000000
0.000000
0.000000
0.000000
0.000000
0.000000
0.000000
0.000000
0.000000
-1.403533
0.600278
0.819781
0.000000
0.000000
0.000000
0.000000
0.000000
0.000000
-1.247110
0.418588
0.751802
-1.272926
0.358785
0.865451
0.000000
0.000000
0.000000
0.000000
0.000000
0.000000
-0.927850
0.912807
0.623856
-1.045509
0.850893
0.666123
0.000000
0.000000
0.000000
0.000000
0.000000
0.000000
-1.377441
0.516056
0.866328
-1.366918
0.555102
0.745060
0.000000
0.000000
0.000000
0.000000
0.000000
0.000000
-1.389555
0.540629
0.844675
-1.427083
0.534984
0.847636
-1.143573
0.658082
0.753719
-1.061155
0.818044
0.629921
-1.137173
0.659028
0.753719
-1.059432
0.811796
0.629921
0.000000
0.000000
0.000000
0.000000
0.000000
0.000000
0.000000
0.000000
0.000000
-1.081105
0.808622
0.750906
0.000000
0.000000
0.000000
0.000000
0.000000
0.000000
-1.440415
0.612389
0.887126
-1.482962
0.574865
0.847867
0.000000
0.000000
0.000000
0.000000
0.000000
0.000000
-1.133265
1.085046
0.625272
-1.275654
1.031833
0.566797
0.000000
0.000000
0.000000
0.000000
0.000000
0.000000
-1.429170
0.691822
0.896741
-1.388153
0.721332
0.862465
-1.184701
0.843266
0.741978
-1.191048
0.874359
0.677067
-1.168628
0.787150
0.744595
-1.174565
0.781128
0.734416
0.000000
0.000000
0.000000
0.000000
0.000000
0.000000
-1.238112
0.873318
0.646207
-1.257293
0.983955
0.669738
0.000000
0.000000
0.000000
-1.152272
0.393922
0.749211
0.000000
0.000000
0.000000
-1.134303
0.395555
0.749211
0.000000
0.000000
0.000000
0.000000
0.000000
0.000000
0.000000
0.000000
0.000000
-1.574659
1.187043
0.762483
0.000000
0.000000
0.000000
0.000000
0.000000
0.000000
-1.454026
0.742340
0.776522
-1.579515
0.549686
0.849253
0.000000
0.000000
0.000000
0.000000
0.000000
0.000000
-1.227238
0.748588
0.789354
-1.128026
1.296474
0.664675
0.000000
0.000000
0.000000
0.000000
0.000000
0.000000
-1.350693
0.580982
0.852215
-1.302681
0.643456
0.805421
0.000000
0.000000
0.000000
0.000000
0.000000
0.000000
-1.334737
0.595483
0.949587
-1.407036
0.516212
0.868347
0.000000
0.000000
0.000000
0.000000
0.000000
0.000000
-1.239173
0.899268
0.739549
-1.265738
0.918020
0.679516
0.000000
0.000000
0.000000
0.000000
0.000000
0.000000
0.000000
0.000000
0.000000
-1.449522
0.523442
0.668522
-1.026012
0.878414
0.794541
-1.066101
0.778636
0.747158
-1.013639
0.874199
0.794541
-1.096924
0.686331
0.775190
-1.253335
0.511238
0.859742
-1.346425
0.487165
0.856039
-1.236285
0.514381
0.859473
-1.334211
0.477969
0.861380
0.000000
0.000000
0.000000
0.000000
0.000000
0.000000
0.000000
0.000000
0.000000
-0.699441
1.678656
0.704768
0.000000
0.000000
0.000000
0.000000
0.000000
0.000000
-1.317994
0.846786
0.785764
-1.395000
0.767331
0.790468
0.000000
0.000000
0.000000
0.000000
0.000000
0.000000
-1.293383
1.079291
0.478705
-1.350371
1.229913
0.473308
0.000000
0.000000
0.000000
0.000000
0.000000
0.000000
-1.122222
0.928014
0.717273
-1.184594
0.936502
0.734808
0.000000
0.000000
0.000000
0.000000
0.000000
0.000000
-1.347226
0.370276
0.782896
-1.170059
0.649907
0.761733
0.000000
0.000000
0.000000
0.000000
0.000000
0.000000
0.000000
0.000000
0.000000
-1.460984
0.559810
0.722865
0.000000
0.000000
0.000000
0.000000
0.000000
0.000000
-1.309416
0.485458
0.844492
-1.392732
0.448286
0.878062
0.000000
0.000000
0.000000
0.000000
0.000000
0.000000
0.000000
0.000000
0.000000
-1.036026
0.946953
0.711801
0.000000
0.000000
0.000000
0.000000
0.000000
0.000000
0.000000
0.000000
0.000000
-1.121462
0.890698
0.617558
0.000000
0.000000
0.000000
0.000000
0.000000
0.000000
0.000000
0.000000
0.000000
-1.351070
0.475208
0.774956
0.000000
0.000000
0.000000
0.000000
0.000000
0.000000
0.000000
0.000000
0.000000
-1.361206
1.067781
0.918348
0.000000
0.000000
0.000000
0.000000
0.000000
0.000000
-1.019418
1.063303
0.698136
-1.176489
0.778987
0.683756
0.000000
0.000000
0.000000
0.000000
0.000000
0.000000
-1.359134
0.717528
0.768449
-1.372810
0.747197
0.780023
0.000000
0.000000
0.000000
0.000000
0.000000
0.000000
-1.392122
0.606363
0.716382
-1.397602
0.507697
0.890895
0.000000
0.000000
0.000000
0.000000
0.000000
0.000000
-1.325734
0.618229
0.821046
-1.447665
0.616550
0.824329
0.000000
0.000000
0.000000
0.000000
0.000000
0.000000
-1.409076
0.674458
0.774937
-1.420375
0.657963
0.792397
0.000000
0.000000
0.000000
-1.127830
0.922763
0.641572
0.000000
0.000000
0.000000
-1.130884
0.922906
0.641572
0.000000
0.000000
0.000000
0.000000
0.000000
0.000000
-1.122613
0.650478
0.754234
-1.147505
0.601236
0.802372
0.000000
0.000000
0.000000
0.000000
0.000000
0.000000
-1.226564
0.726360
0.803997
-1.269229
0.723277
0.782326
0.000000
0.000000
0.000000
0.000000
0.000000
0.000000
-1.244705
0.743224
0.803438
-1.270605
0.792421
0.755246
-1.147731
0.551914
0.712748
-1.148154
0.714799
0.803268
-1.140037
0.552833
0.712748
-1.172970
0.692376
0.797562
0.000000
0.000000
0.000000
0.000000
0.000000
0.000000
-1.265785
0.421647
0.744494
-1.181262
0.408406
0.882799
0.000000
0.000000
0.000000
0.000000
0.000000
0.000000
-1.228878
0.543032
0.882114
-1.354821
0.515243
0.809860
0.000000
0.000000
0.000000
0.000000
0.000000
0.000000
-1.325528
0.790221
0.750458
-1.373249
0.787632
0.783235
0.000000
0.000000
0.000000
0.000000
0.000000
0.000000
-1.138457
0.614933
0.840760
-1.233008
0.611302
0.869538
0.000000
0.000000
0.000000
0.000000
0.000000
0.000000
-1.583546
1.160343
0.685849
-1.629738
1.104048
0.671734
0.000000
0.000000
0.000000
0.000000
0.000000
0.000000
-1.367549
0.617288
0.834841
-1.319830
0.760649
0.753056
0.000000
0.000000
0.000000
0.000000
0.000000
0.000000
-1.072159
0.674127
0.650902
-0.983605
0.809565
0.884556
0.000000
0.000000
0.000000
0.000000
0.000000
0.000000
-1.576585
0.540803
0.858385
-1.597567
0.548056
0.856535
0.000000
0.000000
0.000000
0.000000
0.000000
0.000000
0.000000
0.000000
0.000000
-1.297104
0.789635
0.696589
0.000000
0.000000
0.000000
0.000000
0.000000
0.000000
-1.102513
1.038156
0.458782
-1.240868
1.150969
0.487981
0.000000
0.000000
0.000000
0.000000
0.000000
0.000000
0.000000
0.000000
0.000000
-1.308824
0.883137
0.788039
0.000000
0.000000
0.000000
0.000000
0.000000
0.000000
-1.237772
0.671737
0.652663
-1.286853
0.650752
0.735280
0.000000
0.000000
0.000000
0.000000
0.000000
0.000000
-1.192675
0.771275
0.802305
-1.280258
0.743105
0.753068
-1.256401
0.397697
0.663809
-0.928868
1.186595
0.781737
-1.247198
0.401753
0.663809
-0.814964
1.298962
0.766250
0.000000
0.000000
0.000000
0.000000
0.000000
0.000000
-1.386945
0.695063
0.725713
-1.296984
1.185064
0.692604
0.000000
0.000000
0.000000
0.000000
0.000000
0.000000
-1.247586
1.227561
0.716981
-1.284806
1.052047
0.726008
0.000000
0.000000
0.000000
0.000000
0.000000
0.000000
-1.590570
0.619605
0.891542
-1.577576
0.630179
0.825908
0.000000
0.000000
0.000000
0.000000
0.000000
0.000000
0.000000
0.000000
0.000000
-0.969054
1.224463
0.754982
0.000000
0.000000
0.000000
0.000000
0.000000
0.000000
0.000000
0.000000
0.000000
-1.229342
0.477290
0.722010
0.000000
0.000000
0.000000
0.000000
0.000000
0.000000
-1.157056
0.668345
0.655958
-1.084636
0.928093
0.695985
0.000000
0.000000
0.000000
0.000000
0.000000
0.000000
-1.316197
1.251967
0.573852
-1.321771
1.292965
0.578784
0.000000
0.000000
0.000000
0.000000
0.000000
0.000000
-1.355858
0.504095
0.912410
-1.417338
0.531994
0.801751
0.000000
0.000000
0.000000
0.000000
0.000000
0.000000
-1.280067
0.832064
0.697574
-1.302267
0.874502
0.721827
0.000000
0.000000
0.000000
0.000000
0.000000
0.000000
-1.379659
1.361951
0.528603
-1.471134
1.123115
0.587442
0.000000
0.000000
0.000000
0.000000
0.000000
0.000000
-1.242209
0.887890
0.779418
-1.234054
0.946596
0.751007
0.000000
0.000000
0.000000
0.000000
0.000000
0.000000
-1.296453
1.263072
0.771391
-1.391654
0.845476
0.708165
0.000000
0.000000
0.000000
0.000000
0.000000
0.000000
-1.350196
0.804785
0.755662
-1.371083
0.845635
0.745971
0.000000
0.000000
0.000000
0.000000
0.000000
0.000000
-1.315470
0.689678
0.646395
-1.469502
0.582284
1.090498
0.000000
0.000000
0.000000
0.000000
0.000000
0.000000
-1.453888
0.536056
0.872411
-1.490973
0.488952
0.864202
-1.367996
0.469393
0.854386
-1.405325
0.478115
0.866782
-1.351771
0.437504
0.864688
-1.351309
0.463569
0.872992
-1.471509
0.546192
0.818492
-1.482537
0.652577
0.821487
-1.402445
0.695644
0.800538
-1.359967
0.853962
0.750339
0.000000
0.000000
0.000000
0.000000
0.000000
0.000000
-1.037978
0.701913
0.811109
-1.095232
0.721675
0.777750
0.000000
0.000000
0.000000
0.000000
0.000000
0.000000
-1.364044
0.938183
0.780234
-1.420248
0.869004
0.742917
0.000000
0.000000
0.000000
0.000000
0.000000
0.000000
-1.887418
0.260474
0.911938
-1.910678
0.266677
0.916966
0.000000
0.000000
0.000000
-1.164943
0.571745
0.692958
0.000000
0.000000
0.000000
-1.119853
0.587848
0.692958
0.000000
0.000000
0.000000
0.000000
0.000000
0.000000
-1.391628
0.488845
0.739211
-1.378039
0.476211
0.826507
0.000000
0.000000
0.000000
0.000000
0.000000
0.000000
-1.303884
0.916171
0.630716
-1.317063
0.981100
0.650138
-1.107395
0.780642
0.674865
-1.146497
0.618336
0.855479
-1.173834
0.877175
0.665621
-1.175102
0.837361
0.730793
0.000000
0.000000
0.000000
0.000000
0.000000
0.000000
0.000000
0.000000
0.000000
-1.118881
0.695387
0.814588
-1.574669
0.649631
0.829800
-1.597438
0.649419
0.830895
-1.461096
0.549334
0.848289
-1.473133
0.552993
0.847705
0.000000
0.000000
0.000000
0.000000
0.000000
0.000000
0.000000
0.000000
0.000000
-1.015157
0.710049
0.656912
0.000000
0.000000
0.000000
0.000000
0.000000
0.000000
0.000000
0.000000
0.000000
-1.113603
0.891088
0.818862
0.000000
0.000000
0.000000
0.000000
0.000000
0.000000
-1.214554
0.788751
0.691399
-1.224107
0.799707
0.726929
0.000000
0.000000
0.000000
0.000000
0.000000
0.000000
-1.171925
0.829898
0.722859
-1.220050
0.888267
0.677540
0.000000
0.000000
0.000000
0.000000
0.000000
0.000000
-1.159409
1.157477
0.675027
-1.223234
1.231931
0.536719
0.000000
0.000000
0.000000
0.000000
0.000000
0.000000
-1.043761
1.171546
0.612271
-1.149448
1.067475
0.556266
0.000000
0.000000
0.000000
0.000000
0.000000
0.000000
-1.206861
0.552960
0.813990
-1.214005
0.490112
0.884861
0.000000
0.000000
0.000000
0.000000
0.000000
0.000000
-1.124220
0.440121
0.724737
-1.226229
0.381889
0.843863
0.000000
0.000000
0.000000
0.000000
0.000000
0.000000
-1.275431
0.600759
0.722167
-1.309277
0.631777
0.837511
0.000000
0.000000
0.000000
0.000000
0.000000
0.000000
0.000000
0.000000
0.000000
-1.204469
0.768926
0.605295
0.000000
0.000000
0.000000
0.000000
0.000000
0.000000
-1.440651
0.539618
0.852179
-1.475073
0.542515
0.850110
0.000000
0.000000
0.000000
0.000000
0.000000
0.000000
-1.116732
0.925258
0.510361
-1.152528
1.122535
0.565191
0.000000
0.000000
0.000000
0.000000
0.000000
0.000000
-1.076141
1.837680
0.645639
-1.287278
1.222188
0.656831
0.000000
0.000000
0.000000
0.000000
0.000000
0.000000
-1.355486
1.293027
0.496652
-1.405266
1.307170
0.476577
-1.136327
0.715157
0.774282
-1.091329
0.933935
0.795919
-1.103863
0.730174
0.778405
-1.176446
0.790155
0.892115
0.000000
0.000000
0.000000
0.000000
0.000000
0.000000
0.000000
0.000000
0.000000
-0.988426
0.733918
0.763982
0.000000
0.000000
0.000000
0.000000
0.000000
0.000000
-1.251500
0.929744
0.713466
-1.349510
0.874344
0.689220
0.000000
0.000000
0.000000
0.000000
0.000000
0.000000
-1.101737
0.909853
0.923107
-1.133933
0.883444
0.828548
0.000000
0.000000
0.000000
0.000000
0.000000
0.000000
0.000000
0.000000
0.000000
-1.330837
0.528693
0.706835
0.000000
0.000000
0.000000
0.000000
0.000000
0.000000
-1.383235
0.966357
0.717809
-1.416325
0.883726
0.715790
0.000000
0.000000
0.000000
0.000000
0.000000
0.000000
-1.293205
0.505342
0.871894
-1.342872
0.426303
0.888977
0.000000
0.000000
0.000000
0.000000
0.000000
0.000000
-1.174338
0.882219
0.762951
-1.220760
0.896509
0.687142
0.000000
0.000000
0.000000
0.000000
0.000000
0.000000
0.000000
0.000000
0.000000
-1.048941
0.930331
0.702029
0.000000
0.000000
0.000000
0.000000
0.000000
0.000000
0.000000
0.000000
0.000000
-1.408459
0.723714
0.716789
0.000000
0.000000
0.000000
0.000000
0.000000
0.000000
-1.432668
0.517953
0.788601
-1.544660
0.522575
0.891134
0.000000
0.000000
0.000000
0.000000
0.000000
0.000000
-1.113735
0.646704
1.024853
-1.183653
0.466633
0.897084
0.000000
0.000000
0.000000
0.000000
0.000000
0.000000
-1.347231
0.756516
0.778160
-1.374153
0.803841
0.775752
0.000000
0.000000
0.000000
0.000000
0.000000
0.000000
-1.165499
0.990828
0.697328
-1.210390
1.008446
0.673302
0.000000
0.000000
0.000000
0.000000
0.000000
0.000000
0.000000
0.000000
0.000000
-1.302128
0.663732
0.675351
-1.488497
1.007256
0.692370
-1.534204
0.882840
0.747826
-1.411307
1.066870
0.663131
-1.443192
1.007698
0.677001
0.000000
0.000000
0.000000
0.000000
0.000000
0.000000
-1.197898
0.671471
0.766020
-1.124008
0.692042
0.845762
0.000000
0.000000
0.000000
0.000000
0.000000
0.000000
0.000000
0.000000
0.000000
-1.335836
0.520400
0.752367
0.000000
0.000000
0.000000
0.000000
0.000000
0.000000
-0.947902
1.054207
0.688042
-1.018516
0.989939
0.649788
0.000000
0.000000
0.000000
0.000000
0.000000
0.000000
-1.085114
1.159494
0.556747
-1.190731
1.054276
0.569809
0.000000
0.000000
0.000000
0.000000
0.000000
0.000000
-1.633290
0.309988
0.904791
-1.613537
0.364880
0.891402
-1.157414
0.666818
0.709014
-1.229350
0.607823
0.664441
-1.147547
0.666767
0.702377
-1.190056
0.609467
0.665940
0.000000
0.000000
0.000000
0.000000
0.000000
0.000000
-1.434941
0.588667
0.841474
-1.456428
0.606807
0.839192
0.000000
0.000000
0.000000
0.000000
0.000000
0.000000
-1.555644
0.341377
0.902204
-1.565936
0.319350
0.902825
-1.354661
1.262562
0.512740
-1.386663
1.288194
0.538689
-1.384803
1.245108
0.577229
-1.398592
1.279738
0.582522
0.000000
0.000000
0.000000
0.000000
0.000000
0.000000
-1.579719
0.285804
0.901668
-1.568815
0.313065
0.893440
0.000000
0.000000
0.000000
0.000000
0.000000
0.000000
0.000000
0.000000
0.000000
-0.998247
0.844123
0.684190
0.000000
0.000000
0.000000
0.000000
0.000000
0.000000
-1.351638
0.412697
0.764059
-1.346324
0.354825
0.844695
0.000000
0.000000
0.000000
0.000000
0.000000
0.000000
0.000000
0.000000
0.000000
-1.366003
0.529628
0.645309
0.000000
0.000000
0.000000
0.000000
0.000000
0.000000
-1.411115
0.727352
0.790708
-1.437751
0.733598
0.793022
-1.531001
0.959443
0.714136
-1.549673
0.944859
0.725401
-1.448659
0.901135
0.731506
-1.448122
0.893842
0.737896
0.000000
0.000000
0.000000
0.000000
0.000000
0.000000
-1.374572
0.676708
0.806370
-1.382199
0.656368
0.791834
0.000000
0.000000
0.000000
0.000000
0.000000
0.000000
0.000000
0.000000
0.000000
-1.132123
0.712378
0.707329
0.000000
0.000000
0.000000
0.000000
0.000000
0.000000
-1.447734
0.451084
0.885450
-1.536867
0.473746
0.872176
0.000000
0.000000
0.000000
0.000000
0.000000
0.000000
-1.265118
0.862157
0.785673
-1.277723
1.057952
0.631194
0.000000
0.000000
0.000000
0.000000
0.000000
0.000000
-1.131243
0.813934
0.725789
-1.200696
0.721895
0.787181
0.000000
0.000000
0.000000
0.000000
0.000000
0.000000
-1.311165
0.524920
0.832906
-1.379983
0.471416
0.854669
0.000000
0.000000
0.000000
0.000000
0.000000
0.000000
-1.344274
0.926251
0.660120
-1.267683
1.125955
0.609107
0.000000
0.000000
0.000000
0.000000
0.000000
0.000000
0.000000
0.000000
0.000000
-1.256627
0.709665
0.703652
0.000000
0.000000
0.000000
0.000000
0.000000
0.000000
-1.202038
0.592439
0.747726
-1.262013
0.543624
0.823646
0.000000
0.000000
0.000000
0.000000
0.000000
0.000000
-1.502372
0.710845
0.805948
-1.514975
0.738152
0.811961
0.000000
0.000000
0.000000
0.000000
0.000000
0.000000
-1.194156
0.521747
0.839544
-1.190694
0.565260
0.830634
0.000000
0.000000
0.000000
0.000000
0.000000
0.000000
0.000000
0.000000
0.000000
-1.156013
0.761746
0.646313
0.000000
0.000000
0.000000
0.000000
0.000000
0.000000
-0.986893
0.760509
0.775199
-1.039569
0.699244
0.770557
0.000000
0.000000
0.000000
0.000000
0.000000
0.000000
-1.199178
0.953369
0.702484
-1.357993
0.807668
0.815642
0.000000
0.000000
0.000000
0.000000
0.000000
0.000000
-1.327011
0.633369
0.780445
-1.359303
0.605690
0.788026
0.000000
0.000000
0.000000
0.000000
0.000000
0.000000
-1.245179
0.567542
0.802692
-1.180576
0.608421
0.813575
0.000000
0.000000
0.000000
0.000000
0.000000
0.000000
-1.397426
1.041480
0.689357
-1.448837
0.993184
0.717884
0.000000
0.000000
0.000000
0.000000
0.000000
0.000000
-1.100909
0.736826
0.820529
-1.146322
0.674145
0.796210
0.000000
0.000000
0.000000
0.000000
0.000000
0.000000
-1.109905
1.180398
0.506588
-1.130656
1.044457
0.587782
0.000000
0.000000
0.000000
0.000000
0.000000
0.000000
-1.100190
0.688510
0.725338
-1.148950
0.684800
0.717702
0.000000
0.000000
0.000000
0.000000
0.000000
0.000000
-1.079551
1.546676
0.858160
-1.263410
1.463364
0.658220
0.000000
0.000000
0.000000
0.000000
0.000000
0.000000
0.000000
0.000000
0.000000
-1.177589
0.708639
0.828661
0.000000
0.000000
0.000000
0.000000
0.000000
0.000000
-1.332072
0.771953
0.753982
-1.332940
0.876910
0.773316
0.000000
0.000000
0.000000
0.000000
0.000000
0.000000
-1.286716
0.398581
0.955485
-1.255423
0.385868
0.897053
0.000000
0.000000
0.000000
0.000000
0.000000
0.000000
-0.912696
0.902377
0.722622
-1.023522
0.836884
0.683003
0.000000
0.000000
0.000000
0.000000
0.000000
0.000000
-1.410134
0.765059
0.765762
-1.396110
0.822610
0.750765
0.000000
0.000000
0.000000
0.000000
0.000000
0.000000
-1.276692
0.637223
0.761946
-1.223052
0.616129
0.726507
0.000000
0.000000
0.000000
0.000000
0.000000
0.000000
-1.180034
0.556493
0.666815
-1.086088
0.738912
0.865510
0.000000
0.000000
0.000000
0.000000
0.000000
0.000000
-1.147592
0.620200
0.687531
-1.249007
0.616360
0.800842
0.000000
0.000000
0.000000
0.000000
0.000000
0.000000
-1.326474
0.352839
1.057437
-1.282840
0.435568
0.929473
0.000000
0.000000
0.000000
0.000000
0.000000
0.000000
-1.375958
0.405735
0.711306
-1.436735
0.467095
0.933286
0.000000
0.000000
0.000000
0.000000
0.000000
0.000000
-1.261757
0.612046
0.733695
-1.239637
0.659619
0.797683
0.000000
0.000000
0.000000
0.000000
0.000000
0.000000
-1.069151
0.579742
0.815203
-1.089947
0.600296
0.812191
0.000000
0.000000
0.000000
0.000000
0.000000
0.000000
-1.083531
0.988183
0.900062
-1.138744
0.710474
0.800566
0.000000
0.000000
0.000000
0.000000
0.000000
0.000000
-1.137296
0.502879
0.921870
-1.231971
0.455601
0.856445
0.000000
0.000000
0.000000
0.000000
0.000000
0.000000
-1.186622
1.315817
0.724508
-1.289680
0.929086
0.656147
0.000000
0.000000
0.000000
0.000000
0.000000
0.000000
-1.458423
0.681938
0.843091
-1.594357
0.553123
0.872796
0.000000
0.000000
0.000000
0.000000
0.000000
0.000000
-1.069418
1.068792
0.652212
-1.175434
1.039128
0.597157
0.000000
0.000000
0.000000
0.000000
0.000000
0.000000
-1.069473
0.452359
0.958476
-1.135849
0.358156
0.907710
0.000000
0.000000
0.000000
0.000000
0.000000
0.000000
-1.267381
0.605439
0.840264
-1.316527
0.462009
0.832476
0.000000
0.000000
0.000000
-1.287552
0.793761
0.863727
0.000000
0.000000
0.000000
-1.294771
0.801164
0.863727
0.000000
0.000000
0.000000
0.000000
0.000000
0.000000
-1.244303
0.929231
0.682221
-1.464408
0.725075
0.676753
0.000000
0.000000
0.000000
-1.097308
0.639060
0.735805
0.000000
0.000000
0.000000
-1.071314
0.657422
0.735805
0.000000
0.000000
0.000000
0.000000
0.000000
0.000000
-1.237396
0.359491
0.855538
-1.252638
0.411115
0.867644
0.000000
0.000000
0.000000
0.000000
0.000000
0.000000
0.000000
0.000000
0.000000
-1.050274
0.980819
0.595991
0.000000
0.000000
0.000000
0.000000
0.000000
0.000000
-1.208391
1.192553
0.790634
-1.270790
1.134394
0.788659
0.000000
0.000000
0.000000
0.000000
0.000000
0.000000
0.000000
0.000000
0.000000
-1.362558
0.581868
0.781107
0.000000
0.000000
0.000000
0.000000
0.000000
0.000000
-1.408228
0.872433
0.725036
-1.360358
0.977063
0.720608
0.000000
0.000000
0.000000
-1.095910
1.118929
0.736561
0.000000
0.000000
0.000000
-1.104364
1.036687
0.766082
0.000000
0.000000
0.000000
0.000000
0.000000
0.000000
-1.454656
0.658151
0.758872
-1.351495
0.856000
0.816309
0.000000
0.000000
0.000000
0.000000
0.000000
0.000000
-1.218722
0.812320
0.752771
-1.172359
0.796684
0.723698
0.000000
0.000000
0.000000
0.000000
0.000000
0.000000
-1.139832
1.045449
0.782055
-1.216755
0.933676
0.855613
0.000000
0.000000
0.000000
0.000000
0.000000
0.000000
-1.256886
0.734280
0.795377
-1.312157
0.734117
0.744685
0.000000
0.000000
0.000000
0.000000
0.000000
0.000000
-1.327810
0.698970
0.796550
-1.373386
0.625324
0.856427
0.000000
0.000000
0.000000
0.000000
0.000000
0.000000
-1.578832
0.478290
0.851565
-1.626348
0.419284
0.862091
0.000000
0.000000
0.000000
0.000000
0.000000
0.000000
-0.834137
1.035197
0.659366
-1.009142
0.820057
0.754337
0.000000
0.000000
0.000000
0.000000
0.000000
0.000000
-1.230415
0.508725
0.887876
-1.324834
0.462227
0.833125
0.000000
0.000000
0.000000
0.000000
0.000000
0.000000
-1.454711
0.427102
0.851316
-1.373501
0.456696
0.873150
0.000000
0.000000
0.000000
0.000000
0.000000
0.000000
0.000000
0.000000
0.000000
-1.188327
0.645643
0.737350
0.000000
0.000000
0.000000
0.000000
0.000000
0.000000
-1.166370
0.689915
0.770426
-1.168985
0.766255
0.777380
-1.046730
0.674382
0.736124
-1.118081
0.584970
0.809455
-1.048075
0.674618
0.736124
-1.115341
0.585900
0.809455
0.000000
0.000000
0.000000
0.000000
0.000000
0.000000
-1.474114
0.458811
0.927309
-1.589269
0.381342
0.930877
0.000000
0.000000
0.000000
0.000000
0.000000
0.000000
-1.425331
0.555141
0.852305
-1.455430
0.520919
0.835154
0.000000
0.000000
0.000000
0.000000
0.000000
0.000000
-1.214899
1.119625
0.712860
-1.172104
1.207178
0.526081
0.000000
0.000000
0.000000
0.000000
0.000000
0.000000
-1.418397
0.523853
0.613761
-1.414380
0.561377
1.112639
0.000000
0.000000
0.000000
0.000000
0.000000
0.000000
0.000000
0.000000
0.000000
-1.225386
0.675913
0.679023
-1.120885
0.580604
0.727038
-1.295847
0.529447
0.955759
-1.091758
0.587195
0.727038
-1.176517
0.644171
0.905932
0.000000
0.000000
0.000000
0.000000
0.000000
0.000000
-1.542102
1.091440
0.688881
-1.588606
1.022119
0.702870
0.000000
0.000000
0.000000
0.000000
0.000000
0.000000
0.000000
0.000000
0.000000
-1.327760
0.450802
0.798462
0.000000
0.000000
0.000000
0.000000
0.000000
0.000000
-1.394719
1.375660
0.477743
-1.483346
1.418843
0.519449
0.000000
0.000000
0.000000
0.000000
0.000000
0.000000
0.000000
0.000000
0.000000
-1.222456
0.729951
0.642103
0.000000
0.000000
0.000000
0.000000
0.000000
0.000000
-1.164360
0.571118
0.686771
-1.012193
0.736486
0.874374
0.000000
0.000000
0.000000
0.000000
0.000000
0.000000
-1.317408
0.793826
0.766489
-1.266081
0.990376
0.732528
0.000000
0.000000
0.000000
0.000000
0.000000
0.000000
-1.538612
0.453190
0.845125
-1.662306
0.330181
0.868813
0.000000
0.000000
0.000000
0.000000
0.000000
0.000000
-1.298845
0.550631
0.885252
-1.268546
0.556984
0.882586
0.000000
0.000000
0.000000
0.000000
0.000000
0.000000
-1.313867
0.711332
0.808918
-1.314955
0.824479
0.811535
0.000000
0.000000
0.000000
0.000000
0.000000
0.000000
0.000000
0.000000
0.000000
-1.381500
0.586944
0.626782
0.000000
0.000000
0.000000
0.000000
0.000000
0.000000
-1.194833
0.604660
0.762582
-1.258549
0.571337
0.858159
0.000000
0.000000
0.000000
0.000000
0.000000
0.000000
-1.242547
0.937751
0.779426
-1.377271
0.774007
0.691757
0.000000
0.000000
0.000000
-1.311779
0.718990
0.688242
0.000000
0.000000
0.000000
-1.295957
0.721592
0.688242
0.000000
0.000000
0.000000
0.000000
0.000000
0.000000
-1.271752
0.877269
0.649446
-1.303931
0.995822
0.615230
0.000000
0.000000
0.000000
0.000000
0.000000
0.000000
-1.571435
0.593608
0.861793
-1.576413
0.582709
0.827077
-1.394547
0.462809
0.777117
-1.098674
0.822590
0.776059
-1.375509
0.469243
0.777117
-1.065052
0.794216
0.776059
0.000000
0.000000
0.000000
0.000000
0.000000
0.000000
-1.168475
0.534962
0.830914
-1.157558
0.627511
0.813709
0.000000
0.000000
0.000000
0.000000
0.000000
0.000000
-1.197737
0.901710
0.732804
-1.245878
0.914200
0.708873
0.000000
0.000000
0.000000
-1.090763
0.656434
0.684833
0.000000
0.000000
0.000000
-1.070208
0.670649
0.684833
0.000000
0.000000
0.000000
0.000000
0.000000
0.000000
-1.352463
0.596577
0.677431
-1.244184
0.640911
0.996303
0.000000
0.000000
0.000000
0.000000
0.000000
0.000000
0.000000
0.000000
0.000000
-1.113546
0.885562
0.864711
0.000000
0.000000
0.000000
0.000000
0.000000
0.000000
-1.362714
0.578464
0.834068
-1.474104
0.429498
0.920502
0.000000
0.000000
0.000000
0.000000
0.000000
0.000000
-1.436455
0.895712
0.720984
-1.465792
0.740941
0.774024
0.000000
0.000000
0.000000
0.000000
0.000000
0.000000
-1.462504
0.588376
0.796615
-1.449930
0.617678
0.796341
0.000000
0.000000
0.000000
0.000000
0.000000
0.000000
-1.166708
0.796672
0.682038
-1.162916
0.908756
0.627175
0.000000
0.000000
0.000000
0.000000
0.000000
0.000000
-1.283801
0.511153
0.648173
-1.416980
0.394542
1.079557
0.000000
0.000000
0.000000
0.000000
0.000000
0.000000
-1.498264
0.715004
0.820318
-1.496564
0.726716
0.806004
0.000000
0.000000
0.000000
0.000000
0.000000
0.000000
-1.426151
0.675889
0.816727
-1.337975
0.863632
0.732570
0.000000
0.000000
0.000000
0.000000
0.000000
0.000000
-1.186589
0.801117
0.648976
-1.125359
0.921997
0.703334
0.000000
0.000000
0.000000
0.000000
0.000000
0.000000
0.000000
0.000000
0.000000
-1.191711
0.535482
0.810007
0.000000
0.000000
0.000000
0.000000
0.000000
0.000000
0.000000
0.000000
0.000000
-1.193741
0.517343
0.731869
0.000000
0.000000
0.000000
0.000000
0.000000
0.000000
-1.643749
0.374076
0.894920
-1.674845
0.407598
0.900530
0.000000
0.000000
0.000000
0.000000
0.000000
0.000000
-1.179590
0.841764
0.627735
-1.074209
1.132156
0.603134
0.000000
0.000000
0.000000
0.000000
0.000000
0.000000
-1.493509
0.517594
0.855569
-1.548396
0.489401
0.870364
0.000000
0.000000
0.000000
0.000000
0.000000
0.000000
-1.521380
0.585046
0.841599
-1.538685
0.593431
0.835758
0.000000
0.000000
0.000000
0.000000
0.000000
0.000000
-1.201911
0.827389
0.806821
-1.249337
0.924531
0.711934
0.000000
0.000000
0.000000
0.000000
0.000000
0.000000
-1.268870
0.605890
0.741826
-1.370800
0.614986
0.940113
0.000000
0.000000
0.000000
0.000000
0.000000
0.000000
-1.128800
1.172891
0.613589
-1.200964
1.236852
0.544432
0.000000
0.000000
0.000000
0.000000
0.000000
0.000000
0.000000
0.000000
0.000000
-1.012346
0.797243
0.703362
0.000000
0.000000
0.000000
0.000000
0.000000
0.000000
0.000000
0.000000
0.000000
-1.266373
0.601700
0.659095
0.000000
0.000000
0.000000
0.000000
0.000000
0.000000
0.000000
0.000000
0.000000
-1.415964
0.633191
0.627380
0.000000
0.000000
0.000000
0.000000
0.000000
0.000000
-1.032420
1.006598
0.898348
-1.170738
0.731550
0.776801
0.000000
0.000000
0.000000
0.000000
0.000000
0.000000
-1.157274
0.981601
0.592383
-1.238578
1.023644
0.609520
0.000000
0.000000
0.000000
0.000000
0.000000
0.000000
0.000000
0.000000
0.000000
-1.037507
2.973404
0.744329
0.000000
0.000000
0.000000
0.000000
0.000000
0.000000
-1.367819
0.475680
0.860637
-1.387983
0.450609
0.936043
0.000000
0.000000
0.000000
0.000000
0.000000
0.000000
-1.263298
1.347863
0.597779
-1.314479
1.211901
0.570318
0.000000
0.000000
0.000000
0.000000
0.000000
0.000000
-1.285007
0.590888
0.755332
-1.214734
0.608660
0.821081
-1.259882
0.870731
0.791035
-1.303297
0.893251
0.763307
-1.150409
1.038437
0.721036
-1.202958
0.953687
0.708380
0.000000
0.000000
0.000000
0.000000
0.000000
0.000000
-1.202832
0.595008
0.758698
-1.347815
0.493135
0.858009
0.000000
0.000000
0.000000
0.000000
0.000000
0.000000
-1.270010
1.170990
0.503095
-1.324573
1.178472
0.547657
0.000000
0.000000
0.000000
0.000000
0.000000
0.000000
-1.030050
1.180863
0.630546
-1.060837
1.121228
0.489916
0.000000
0.000000
0.000000
0.000000
0.000000
0.000000
-1.319733
1.042383
0.592222
-1.341579
1.109871
0.577746
0.000000
0.000000
0.000000
0.000000
0.000000
0.000000
-1.235677
0.629216
0.856800
-1.279425
0.560778
0.856786
0.000000
0.000000
0.000000
0.000000
0.000000
0.000000
0.000000
0.000000
0.000000
-1.216534
0.487959
0.805232
0.000000
0.000000
0.000000
0.000000
0.000000
0.000000
-1.398950
0.993439
0.705135
-1.454137
0.942990
0.708925
0.000000
0.000000
0.000000
0.000000
0.000000
0.000000
-1.146418
1.058454
0.617970
-1.249063
0.891003
0.728131
0.000000
0.000000
0.000000
0.000000
0.000000
0.000000
-1.335757
0.741994
0.907750
-1.409729
0.554029
0.830485
0.000000
0.000000
0.000000
0.000000
0.000000
0.000000
0.000000
0.000000
0.000000
-1.217061
0.915701
0.731543
0.000000
0.000000
0.000000
0.000000
0.000000
0.000000
-1.236370
0.472489
0.749639
-1.303080
0.535999
0.935006
0.000000
0.000000
0.000000
0.000000
0.000000
0.000000
-1.389578
0.547465
0.839562
-1.457284
0.487163
0.867316
0.000000
0.000000
0.000000
0.000000
0.000000
0.000000
-1.270766
1.364941
0.722506
-1.272896
1.226575
0.692536
0.000000
0.000000
0.000000
0.000000
0.000000
0.000000
-1.455145
0.453075
0.876617
-1.447588
0.512037
0.871388
0.000000
0.000000
0.000000
0.000000
0.000000
0.000000
-1.395266
0.959217
0.803751
-1.442494
0.927059
0.752218
0.000000
0.000000
0.000000
0.000000
0.000000
0.000000
-1.267516
0.538170
0.839530
-1.312705
0.588535
0.798978
0.000000
0.000000
0.000000
0.000000
0.000000
0.000000
-1.176330
0.837557
0.828931
-1.195760
0.717923
0.835848
0.000000
0.000000
0.000000
0.000000
0.000000
0.000000
-1.336675
0.894861
0.729426
-1.381861
0.872888
0.743725
0.000000
0.000000
0.000000
0.000000
0.000000
0.000000
-1.409278
0.537114
0.776406
-1.483164
0.605232
0.854751
0.000000
0.000000
0.000000
0.000000
0.000000
0.000000
-1.263390
1.163593
0.750319
-1.291853
0.940799
0.813602
0.000000
0.000000
0.000000
0.000000
0.000000
0.000000
-1.176245
0.719888
0.867036
-1.225762
0.550701
0.827496
0.000000
0.000000
0.000000
0.000000
0.000000
0.000000
0.000000
0.000000
0.000000
-1.079811
0.753524
0.643619
0.000000
0.000000
0.000000
0.000000
0.000000
0.000000
0.000000
0.000000
0.000000
-0.922295
0.689822
0.893486
0.000000
0.000000
0.000000
0.000000
0.000000
0.000000
-1.282455
0.883585
0.792850
-1.204623
1.007318
0.699568
0.000000
0.000000
0.000000
0.000000
0.000000
0.000000
0.000000
0.000000
0.000000
-1.188733
1.095728
0.686447
0.000000
0.000000
0.000000
0.000000
0.000000
0.000000
-0.883024
0.888896
0.688018
-1.046708
0.748976
0.662400
0.000000
0.000000
0.000000
0.000000
0.000000
0.000000
-0.958053
0.976676
0.669536
-1.109172
0.781491
0.607130
0.000000
0.000000
0.000000
0.000000
0.000000
0.000000
-1.153957
0.789795
0.784151
-1.063031
0.999318
0.709341
-1.210589
0.547086
0.630320
-1.199492
0.481486
0.890322
-1.174780
0.555325
0.630320
-1.110107
0.503239
0.906702
0.000000
0.000000
0.000000
0.000000
0.000000
0.000000
0.000000
0.000000
0.000000
-1.228560
0.512000
0.657346
0.000000
0.000000
0.000000
0.000000
0.000000
0.000000
-1.169820
0.496836
0.795896
-1.328344
0.430900
0.771745
0.000000
0.000000
0.000000
0.000000
0.000000
0.000000
-1.398548
0.530165
0.783117
-1.399448
0.664703
0.787507
0.000000
0.000000
0.000000
0.000000
0.000000
0.000000
-1.188985
0.639137
0.829033
-1.219455
0.692893
0.818108
0.000000
0.000000
0.000000
-1.298066
0.868863
0.619615
0.000000
0.000000
0.000000
-1.295102
0.870767
0.619615
0.000000
0.000000
0.000000
0.000000
0.000000
0.000000
-1.285974
0.692892
0.728012
-1.177995
0.761783
0.834148
0.000000
0.000000
0.000000
0.000000
0.000000
0.000000
-1.452850
0.564573
0.865565
-1.457752
0.509391
0.845221
-1.249008
0.541041
0.775015
-1.360895
0.540490
0.979142
-1.240262
0.542236
0.775015
-1.352661
0.537595
0.979142
0.000000
0.000000
0.000000
0.000000
0.000000
0.000000
-1.390909
0.745023
0.766464
-1.423446
0.911986
0.764150
0.000000
0.000000
0.000000
0.000000
0.000000
0.000000
-1.270672
1.285492
0.509945
-1.345953
1.135552
0.610354
0.000000
0.000000
0.000000
0.000000
0.000000
0.000000
-0.932010
0.914831
0.824534
-1.087632
0.802457
0.773766
0.000000
0.000000
0.000000
0.000000
0.000000
0.000000
-1.292852
0.621146
0.810060
-1.456391
0.551254
0.818239
0.000000
0.000000
0.000000
0.000000
0.000000
0.000000
-1.236566
0.690244
0.710030
-1.266027
0.698194
0.769095
0.000000
0.000000
0.000000
0.000000
0.000000
0.000000
-1.018287
0.912134
0.756903
-1.171058
0.818532
0.659212
0.000000
0.000000
0.000000
0.000000
0.000000
0.000000
-1.147215
0.746240
0.883899
-1.314417
0.690154
0.885223
0.000000
0.000000
0.000000
0.000000
0.000000
0.000000
-1.271588
0.537203
0.829858
-1.302704
0.583501
0.792455
0.000000
0.000000
0.000000
0.000000
0.000000
0.000000
-1.295834
0.674005
0.737234
-1.339176
0.533958
0.954785
0.000000
0.000000
0.000000
0.000000
0.000000
0.000000
-1.422083
0.586450
0.678432
-1.448896
0.459210
0.905549
0.000000
0.000000
0.000000
0.000000
0.000000
0.000000
0.000000
0.000000
0.000000
-1.340908
0.578815
0.733891
0.000000
0.000000
0.000000
0.000000
0.000000
0.000000
-1.332223
0.626708
0.806330
-1.371457
0.628884
0.819401
0.000000
0.000000
0.000000
0.000000
0.000000
0.000000
-1.250858
0.530220
0.886446
-1.252225
0.461899
0.819078
0.000000
0.000000
0.000000
0.000000
0.000000
0.000000
0.000000
0.000000
0.000000
-1.147375
0.758114
0.629307
0.000000
0.000000
0.000000
0.000000
0.000000
0.000000
-1.146941
0.764621
0.850111
-1.184496
0.799500
0.851686
0.000000
0.000000
0.000000
0.000000
0.000000
0.000000
0.000000
0.000000
0.000000
-1.008031
0.743388
0.741479
0.000000
0.000000
0.000000
0.000000
0.000000
0.000000
0.000000
0.000000
0.000000
-0.969877
0.883834
0.584460
0.000000
0.000000
0.000000
0.000000
0.000000
0.000000
-1.155735
0.467529
0.748611
-1.120350
0.538183
0.842822
0.000000
0.000000
0.000000
0.000000
0.000000
0.000000
-1.339966
1.000601
0.687380
-1.391914
0.939217
0.744809
0.000000
0.000000
0.000000
0.000000
0.000000
0.000000
-1.434687
0.779503
0.737283
-1.342548
0.819018
0.711770
0.000000
0.000000
0.000000
0.000000
0.000000
0.000000
-1.421177
0.885386
0.722599
-1.446587
0.885054
0.736277
0.000000
0.000000
0.000000
0.000000
0.000000
0.000000
-1.259086
0.497610
0.774552
-1.197675
0.569138
0.934616
0.000000
0.000000
0.000000
0.000000
0.000000
0.000000
-1.063062
0.887114
0.767326
-1.037039
0.962567
0.766102
0.000000
0.000000
0.000000
0.000000
0.000000
0.000000
0.000000
0.000000
0.000000
-1.173309
1.017724
1.017068
0.000000
0.000000
0.000000
0.000000
0.000000
0.000000
-1.059752
0.868826
0.656005
-1.063884
0.942230
0.761942
0.000000
0.000000
0.000000
-1.370169
0.534167
0.825305
0.000000
0.000000
0.000000
-1.358269
0.536657
0.825305
-1.226191
0.703312
0.727746
-1.195986
0.811464
0.730793
-1.212960
0.730882
0.737053
-1.157300
0.895221
0.699907
0.000000
0.000000
0.000000
0.000000
0.000000
0.000000
0.000000
0.000000
0.000000
-1.109167
0.822766
0.788864
0.000000
0.000000
0.000000
0.000000
0.000000
0.000000
-1.440426
0.734751
0.772708
-1.484638
0.788713
0.754640
0.000000
0.000000
0.000000
0.000000
0.000000
0.000000
-1.351597
0.704967
0.765317
-1.394806
0.722341
0.825864
-1.083580
0.641198
0.645381
-1.144726
0.749856
0.726064
-1.093274
0.685251
0.633371
-1.183501
0.694871
0.742904
0.000000
0.000000
0.000000
0.000000
0.000000
0.000000
-1.370318
0.757425
0.779216
-1.415871
0.705680
0.828135
0.000000
0.000000
0.000000
0.000000
0.000000
0.000000
-1.323329
0.425041
0.674012
-1.186432
0.378978
1.087548
0.000000
0.000000
0.000000
0.000000
0.000000
0.000000
-1.364185
0.944985
0.627853
-1.466436
0.734152
0.741335
0.000000
0.000000
0.000000
0.000000
0.000000
0.000000
-1.270120
0.521756
0.739864
-1.465205
0.422704
0.855872
0.000000
0.000000
0.000000
0.000000
0.000000
0.000000
-1.342149
0.571165
0.869391
-1.360258
0.592987
0.849794
0.000000
0.000000
0.000000
0.000000
0.000000
0.000000
-1.393572
0.780553
0.631176
-1.365212
0.834558
0.719786
0.000000
0.000000
0.000000
0.000000
0.000000
0.000000
-1.342086
0.484286
0.903206
-1.511101
0.430638
0.890923
0.000000
0.000000
0.000000
0.000000
0.000000
0.000000
-1.203871
0.755745
0.748761
-1.243472
0.676316
0.791678
0.000000
0.000000
0.000000
0.000000
0.000000
0.000000
-1.182629
0.930225
0.739881
-1.302091
0.820160
0.647964
0.000000
0.000000
0.000000
0.000000
0.000000
0.000000
-1.519324
0.915819
0.784691
-1.586894
0.763118
0.782338
0.000000
0.000000
0.000000
0.000000
0.000000
0.000000
-1.338767
0.666800
0.787771
-1.355880
0.839849
0.764665
0.000000
0.000000
0.000000
0.000000
0.000000
0.000000
-1.276243
1.038627
0.673014
-1.332412
1.157934
0.612444
0.000000
0.000000
0.000000
0.000000
0.000000
0.000000
-1.384316
1.171450
0.650100
-1.444172
1.124337
0.668435
-1.256335
0.855452
0.700022
-1.312640
0.813034
0.672842
-1.251881
0.854342
0.700022
-1.304566
0.812176
0.672842
0.000000
0.000000
0.000000
0.000000
0.000000
0.000000
0.000000
0.000000
0.000000
-1.108823
1.102609
0.690964
0.000000
0.000000
0.000000
0.000000
0.000000
0.000000
-1.230859
0.959015
0.695331
-1.309942
0.891315
0.632738
0.000000
0.000000
0.000000
0.000000
0.000000
0.000000
-1.270446
1.031442
0.665713
-1.317118
0.955671
0.664492
0.000000
0.000000
0.000000
0.000000
0.000000
0.000000
0.000000
0.000000
0.000000
-1.060828
0.636923
0.660102
0.000000
0.000000
0.000000
0.000000
0.000000
0.000000
-1.225371
0.797458
0.929549
-1.247345
0.969056
0.806660
0.000000
0.000000
0.000000
0.000000
0.000000
0.000000
-1.355509
0.499070
0.652196
-1.137373
0.803971
0.839171
0.000000
0.000000
0.000000
0.000000
0.000000
0.000000
-1.232075
0.653992
0.799693
-1.353827
0.635824
0.848873
0.000000
0.000000
0.000000
0.000000
0.000000
0.000000
-1.515915
0.681830
0.788857
-1.537884
0.671060
0.809793
0.000000
0.000000
0.000000
0.000000
0.000000
0.000000
-1.074262
0.945103
0.830032
-1.233078
0.811558
0.780525
0.000000
0.000000
0.000000
0.000000
0.000000
0.000000
-1.057398
0.950613
0.714744
-1.184779
0.795123
0.678970
0.000000
0.000000
0.000000
0.000000
0.000000
0.000000
0.000000
0.000000
0.000000
-1.276258
0.547195
0.663776
0.000000
0.000000
0.000000
0.000000
0.000000
0.000000
-1.064718
1.002525
0.808460
-1.199649
0.897478
0.719720
0.000000
0.000000
0.000000
0.000000
0.000000
0.000000
-1.204016
0.925983
0.738535
-1.256917
0.777680
0.697282
0.000000
0.000000
0.000000
0.000000
0.000000
0.000000
-1.275528
0.968876
0.669738
-1.302475
0.984392
0.688095
0.000000
0.000000
0.000000
0.000000
0.000000
0.000000
-1.567194
0.288501
0.917095
-1.486548
0.305211
0.898146
-1.532759
0.575830
0.876438
-1.563288
0.586776
0.853977
-1.503949
0.573305
0.875602
-1.527409
0.586250
0.853436
0.000000
0.000000
0.000000
0.000000
0.000000
0.000000
-1.307742
1.187251
0.470993
-1.363511
1.241091
0.468871
0.000000
0.000000
0.000000
0.000000
0.000000
0.000000
-1.619487
0.501797
0.887240
-1.636623
0.483049
0.852309
0.000000
0.000000
0.000000
0.000000
0.000000
0.000000
0.000000
0.000000
0.000000
-1.175152
0.654594
0.742137
0.000000
0.000000
0.000000
0.000000
0.000000
0.000000
-1.092505
0.533078
0.758415
-1.202792
0.527938
0.790977
0.000000
0.000000
0.000000
0.000000
0.000000
0.000000
0.000000
0.000000
0.000000
-1.474628
0.599935
0.719698
0.000000
0.000000
0.000000
0.000000
0.000000
0.000000
-1.445251
0.427547
0.725388
-1.383762
0.572963
0.865710
0.000000
0.000000
0.000000
0.000000
0.000000
0.000000
-1.461668
1.125683
0.674162
-1.510534
1.080515
0.668789
-1.203703
0.999538
0.735427
-1.274627
0.898973
0.747536
-1.202080
0.984826
0.766008
-1.251495
0.886951
0.754832
0.000000
0.000000
0.000000
0.000000
0.000000
0.000000
0.000000
0.000000
0.000000
-1.013443
0.829914
0.811532
0.000000
0.000000
0.000000
0.000000
0.000000
0.000000
-1.156833
0.615392
0.857589
-1.180172
0.613653
0.823512
0.000000
0.000000
0.000000
0.000000
0.000000
0.000000
-1.468775
0.764117
0.781973
-1.494125
0.707027
0.790491
0.000000
0.000000
0.000000
0.000000
0.000000
0.000000
-1.396287
0.864001
0.756849
-1.428408
0.880586
0.748802
0.000000
0.000000
0.000000
0.000000
0.000000
0.000000
-1.239678
0.730872
0.769634
-1.192067
0.701819
0.721659
0.000000
0.000000
0.000000
0.000000
0.000000
0.000000
0.000000
0.000000
0.000000
-1.355068
0.475104
0.591517
0.000000
0.000000
0.000000
0.000000
0.000000
0.000000
-1.274735
0.651795
0.898023
-1.230644
0.833164
0.762976
-1.213703
0.554744
0.785520
-1.260428
0.509805
0.837610
-1.124369
0.532959
0.794871
-1.173725
0.491713
0.843166
0.000000
0.000000
0.000000
0.000000
0.000000
0.000000
-1.451721
0.998774
0.572614
-1.492777
0.951932
0.666284
0.000000
0.000000
0.000000
0.000000
0.000000
0.000000
-1.457475
1.144357
0.603361
-1.486176
1.154814
0.610239
0.000000
0.000000
0.000000
0.000000
0.000000
0.000000
-1.032185
0.636872
0.691670
-1.119294
0.658536
0.712003
0.000000
0.000000
0.000000
0.000000
0.000000
0.000000
-1.001524
1.058576
0.730885
-0.945475
1.240062
0.584716
0.000000
0.000000
0.000000
0.000000
0.000000
0.000000
0.000000
0.000000
0.000000
-0.968521
1.167531
0.703251
0.000000
0.000000
0.000000
0.000000
0.000000
0.000000
-1.378057
0.892485
0.736935
-1.410875
0.884153
0.730175
0.000000
0.000000
0.000000
0.000000
0.000000
0.000000
0.000000
0.000000
0.000000
-1.133914
0.978165
0.764611
0.000000
0.000000
0.000000
0.000000
0.000000
0.000000
0.000000
0.000000
0.000000
-1.522557
0.395755
0.666986
0.000000
0.000000
0.000000
0.000000
0.000000
0.000000
-1.437927
1.004361
0.753062
-1.436405
1.104566
0.749231
0.000000
0.000000
0.000000
0.000000
0.000000
0.000000
-1.176039
0.735516
0.809646
-1.219631
0.841546
0.746988
0.000000
0.000000
0.000000
0.000000
0.000000
0.000000
-1.259695
1.155166
0.720879
-1.330104
1.219989
0.716628
0.000000
0.000000
0.000000
0.000000
0.000000
0.000000
-1.275929
0.534598
0.844261
-1.322982
0.426517
0.820866
0.000000
0.000000
0.000000
0.000000
0.000000
0.000000
-1.268699
0.845410
0.727990
-1.322306
0.866884
0.726892
0.000000
0.000000
0.000000
0.000000
0.000000
0.000000
-1.209852
0.867901
0.786336
-1.231285
0.964027
0.792828
0.000000
0.000000
0.000000
0.000000
0.000000
0.000000
-1.368330
0.529467
0.859655
-1.412228
0.562416
0.856269
0.000000
0.000000
0.000000
0.000000
0.000000
0.000000
-1.454289
0.727214
0.850501
-1.483656
0.658590
0.780728
0.000000
0.000000
0.000000
0.000000
0.000000
0.000000
-0.930099
1.241025
0.631700
-1.071695
1.184431
0.610101
0.000000
0.000000
0.000000
0.000000
0.000000
0.000000
-1.505708
0.390902
0.882822
-1.524737
0.391976
0.880488
0.000000
0.000000
0.000000
0.000000
0.000000
0.000000
-1.561514
0.461531
0.928636
-1.498226
0.632751
0.836173
-1.374208
0.906289
0.822116
-1.421314
0.941469
0.772013
-1.462781
0.511882
0.844665
-1.447131
0.522345
0.896569
0.000000
0.000000
0.000000
0.000000
0.000000
0.000000
-1.066735
1.346667
0.765146
-1.177244
1.141878
0.658948
0.000000
0.000000
0.000000
0.000000
0.000000
0.000000
-1.231343
0.529424
0.871093
-1.196489
0.634586
0.815494
0.000000
0.000000
0.000000
0.000000
0.000000
0.000000
0.000000
0.000000
0.000000
-1.264303
0.756451
0.696760
0.000000
0.000000
0.000000
0.000000
0.000000
0.000000
-1.114344
0.495032
0.806622
-1.124720
0.775954
0.838018
0.000000
0.000000
0.000000
0.000000
0.000000
0.000000
0.000000
0.000000
0.000000
-1.483006
0.429193
0.748406
0.000000
0.000000
0.000000
0.000000
0.000000
0.000000
-0.983488
0.681625
0.938680
-1.100855
0.526532
0.900618
0.000000
0.000000
0.000000
0.000000
0.000000
0.000000
-0.979925
0.861033
0.705379
-1.120483
0.756218
0.752061
0.000000
0.000000
0.000000
0.000000
0.000000
0.000000
-1.356399
0.465437
1.044595
-1.384603
0.435655
0.913962
-1.237917
1.117718
0.601593
-1.258394
1.197121
0.551767
-1.240029
0.929254
0.731863
-1.233253
0.979690
0.698287
0.000000
0.000000
0.000000
0.000000
0.000000
0.000000
0.000000
0.000000
0.000000
-1.129551
0.797697
0.821389
0.000000
0.000000
0.000000
0.000000
0.000000
0.000000
-1.235942
1.025125
0.635192
-1.257147
1.022248
0.639078
0.000000
0.000000
0.000000
0.000000
0.000000
0.000000
-1.180471
1.238604
0.750226
-1.142708
1.410417
0.718726
0.000000
0.000000
0.000000
0.000000
0.000000
0.000000
-1.471433
0.706543
0.789170
-1.489907
0.753765
0.790085
0.000000
0.000000
0.000000
0.000000
0.000000
0.000000
-0.998926
1.016771
0.679794
-1.168333
0.817966
0.768633
0.000000
0.000000
0.000000
0.000000
0.000000
0.000000
-1.346377
0.678371
0.747768
-1.266465
0.741379
0.738614
0.000000
0.000000
0.000000
0.000000
0.000000
0.000000
-1.312635
0.864156
0.631598
-1.191877
1.092669
0.571783
0.000000
0.000000
0.000000
0.000000
0.000000
0.000000
0.000000
0.000000
0.000000
-1.245732
0.480629
0.689111
0.000000
0.000000
0.000000
0.000000
0.000000
0.000000
-1.251987
0.990738
0.608341
-1.238370
1.122191
0.577509
0.000000
0.000000
0.000000
0.000000
0.000000
0.000000
-1.320164
1.270530
0.816499
-1.327378
1.186971
0.645029
0.000000
0.000000
0.000000
0.000000
0.000000
0.000000
-1.277566
1.155686
0.525019
-1.282495
1.172078
0.499862
0.000000
0.000000
0.000000
-1.402259
1.354109
0.891099
0.000000
0.000000
0.000000
-1.379433
1.376691
0.891099
0.000000
0.000000
0.000000
0.000000
0.000000
0.000000
-1.194493
0.655764
0.642042
-1.317685
0.743871
0.874039
0.000000
0.000000
0.000000
0.000000
0.000000
0.000000
-1.503569
1.050270
0.645311
-1.522759
1.083055
0.657020
0.000000
0.000000
0.000000
0.000000
0.000000
0.000000
-1.055910
1.141393
0.781076
-1.136206
1.186400
0.627724
0.000000
0.000000
0.000000
0.000000
0.000000
0.000000
-1.286409
1.215274
0.718933
-1.384874
1.025137
0.576035
0.000000
0.000000
0.000000
0.000000
0.000000
0.000000
0.000000
0.000000
0.000000
-1.289428
1.081326
0.725429
-1.110936
1.008016
0.604109
-1.135639
1.089983
0.583711
-1.084571
0.999117
0.604109
-1.092571
1.112736
0.575073
0.000000
0.000000
0.000000
0.000000
0.000000
0.000000
-1.376286
0.769392
0.775645
-1.457833
0.571097
0.801283
0.000000
0.000000
0.000000
0.000000
0.000000
0.000000
-1.321893
0.730746
0.825779
-1.291005
0.837201
0.795012
0.000000
0.000000
0.000000
0.000000
0.000000
0.000000
-1.308551
0.820701
0.775364
-1.346690
0.790971
0.721081
0.000000
0.000000
0.000000
0.000000
0.000000
0.000000
-1.407893
0.714626
0.737480
-1.435105
0.807455
0.785287
0.000000
0.000000
0.000000
0.000000
0.000000
0.000000
-1.272505
0.399854
0.836982
-1.248147
0.516925
0.810886
-1.167772
0.878132
0.677069
-1.177277
0.847894
0.687421
-1.159337
0.881018
0.677069
-1.173679
0.847734
0.691226
0.000000
0.000000
0.000000
0.000000
0.000000
0.000000
-1.205345
0.990098
0.748958
-1.233966
1.016053
0.595211
0.000000
0.000000
0.000000
0.000000
0.000000
0.000000
-1.420455
0.467781
0.827389
-1.447315
0.641797
0.796537
0.000000
0.000000
0.000000
0.000000
0.000000
0.000000
-1.550729
0.425800
0.883304
-1.578098
0.429647
0.886974
0.000000
0.000000
0.000000
0.000000
0.000000
0.000000
-1.190453
0.809322
0.745712
-1.183562
0.699218
0.766330
0.000000
0.000000
0.000000
0.000000
0.000000
0.000000
-1.502615
0.419474
0.879006
-1.570551
0.440106
0.876072
0.000000
0.000000
0.000000
0.000000
0.000000
0.000000
-1.016896
1.200439
0.927472
-1.136252
1.161133
0.784135
0.000000
0.000000
0.000000
0.000000
0.000000
0.000000
-1.040968
1.003447
0.686983
-1.010907
1.121090
0.645220
0.000000
0.000000
0.000000
0.000000
0.000000
0.000000
-1.346588
0.573840
0.901768
-1.358934
0.719343
0.854977
0.000000
0.000000
0.000000
0.000000
0.000000
0.000000
-1.286474
0.775958
0.723198
-1.319066
0.756741
0.771578
0.000000
0.000000
0.000000
0.000000
0.000000
0.000000
0.000000
0.000000
0.000000
-1.290573
0.646123
0.624959
0.000000
0.000000
0.000000
0.000000
0.000000
0.000000
-1.151347
0.718270
0.827481
-1.175633
0.654651
0.738466
0.000000
0.000000
0.000000
-1.258814
0.641141
0.819404
0.000000
0.000000
0.000000
-1.258147
0.641212
0.819404
0.000000
0.000000
0.000000
0.000000
0.000000
0.000000
-1.071860
1.177725
0.719812
-1.152069
0.911063
0.664727
0.000000
0.000000
0.000000
0.000000
0.000000
0.000000
-1.095550
0.449880
0.740703
-1.240418
0.412165
0.743380
0.000000
0.000000
0.000000
0.000000
0.000000
0.000000
-1.283769
0.658972
0.748588
-1.316989
0.642809
0.806251
0.000000
0.000000
0.000000
0.000000
0.000000
0.000000
-1.588431
0.275914
0.947041
-1.526637
0.289450
0.911110
0.000000
0.000000
0.000000
0.000000
0.000000
0.000000
0.000000
0.000000
0.000000
-1.200372
0.803830
0.602441
0.000000
0.000000
0.000000
0.000000
0.000000
0.000000
-1.233507
1.050336
0.608416
-1.288256
1.099437
0.615697
-1.460342
0.460606
0.757882
-1.354234
0.485862
0.824602
-1.529616
0.464931
0.757882
-1.379350
0.517386
0.824602
0.000000
0.000000
0.000000
0.000000
0.000000
0.000000
0.000000
0.000000
0.000000
-1.138396
0.577821
0.832382
0.000000
0.000000
0.000000
0.000000
0.000000
0.000000
-1.361579
0.544272
0.692029
-1.400046
0.554134
0.912470
0.000000
0.000000
0.000000
0.000000
0.000000
0.000000
-1.153370
1.365369
0.994568
-1.303311
1.191988
0.822437
0.000000
0.000000
0.000000
0.000000
0.000000
0.000000
0.000000
0.000000
0.000000
-0.993964
0.922157
0.927723
0.000000
0.000000
0.000000
0.000000
0.000000
0.000000
-1.262987
0.549531
0.764147
-1.385053
0.538438
0.867488
0.000000
0.000000
0.000000
0.000000
0.000000
0.000000
-1.361364
0.776794
0.786631
-1.399823
0.812001
0.771332
0.000000
0.000000
0.000000
0.000000
0.000000
0.000000
-1.109142
0.569890
0.851761
-1.221698
0.588355
0.811365
0.000000
0.000000
0.000000
0.000000
0.000000
0.000000
-1.449952
0.516862
0.844950
-1.501265
0.526530
0.851202
0.000000
0.000000
0.000000
0.000000
0.000000
0.000000
-1.403497
0.685163
0.621880
-1.137918
1.611923
0.825436
0.000000
0.000000
0.000000
0.000000
0.000000
0.000000
-1.376002
0.371714
0.720714
-1.335516
0.308226
0.926398
0.000000
0.000000
0.000000
0.000000
0.000000
0.000000
0.000000
0.000000
0.000000
-1.381542
0.702118
0.687763
0.000000
0.000000
0.000000
0.000000
0.000000
0.000000
-1.305278
0.662459
0.769935
-1.270061
0.728615
0.768722
0.000000
0.000000
0.000000
0.000000
0.000000
0.000000
-1.299009
0.534294
0.661729
-1.293960
0.530149
0.958381
0.000000
0.000000
0.000000
0.000000
0.000000
0.000000
0.000000
0.000000
0.000000
-1.178802
0.758838
0.782030
0.000000
0.000000
0.000000
0.000000
0.000000
0.000000
0.000000
0.000000
0.000000
-1.041689
1.042792
0.612201
0.000000
0.000000
0.000000
0.000000
0.000000
0.000000
-1.397762
0.558475
0.869226
-1.417490
0.558713
0.854487
0.000000
0.000000
0.000000
0.000000
0.000000
0.000000
-1.020525
0.812717
0.664931
-1.068949
0.930215
0.710438
0.000000
0.000000
0.000000
0.000000
0.000000
0.000000
-1.257473
0.831746
0.749423
-1.305336
0.805790
0.767711
0.000000
0.000000
0.000000
0.000000
0.000000
0.000000
-0.848836
0.987701
0.725796
-0.885172
0.908577
0.589847
0.000000
0.000000
0.000000
0.000000
0.000000
0.000000
-1.202458
0.620066
0.745692
-1.406631
0.677476
0.800694
0.000000
0.000000
0.000000
0.000000
0.000000
0.000000
0.000000
0.000000
0.000000
-1.210110
0.701374
0.700997
0.000000
0.000000
0.000000
0.000000
0.000000
0.000000
-1.412101
0.695659
0.795949
-1.458955
0.741822
0.769178
0.000000
0.000000
0.000000
0.000000
0.000000
0.000000
-1.453203
0.361051
0.665346
-1.379370
0.387282
1.358835
0.000000
0.000000
0.000000
0.000000
0.000000
0.000000
0.000000
0.000000
0.000000
-1.174919
1.029276
0.819463
0.000000
0.000000
0.000000
0.000000
0.000000
0.000000
-1.142229
1.008798
0.574006
-1.172971
1.174047
0.592700
0.000000
0.000000
0.000000
0.000000
0.000000
0.000000
-1.100438
1.297783
0.661703
-1.103137
1.189012
0.516861
0.000000
0.000000
0.000000
0.000000
0.000000
0.000000
-1.242771
0.780411
0.701066
-1.270413
0.915194
0.683833
0.000000
0.000000
0.000000
0.000000
0.000000
0.000000
0.000000
0.000000
0.000000
-1.158655
0.751752
0.732152
0.000000
0.000000
0.000000
0.000000
0.000000
0.000000
-1.302451
0.356204
0.897470
-1.403982
0.359756
0.908591
0.000000
0.000000
0.000000
0.000000
0.000000
0.000000
-1.437704
0.714796
0.728456
-1.493016
0.841183
0.761559
0.000000
0.000000
0.000000
0.000000
0.000000
0.000000
-1.139140
0.954425
0.711948
-1.306337
0.793488
0.587462
0.000000
0.000000
0.000000
0.000000
0.000000
0.000000
-0.870180
0.876290
0.727214
-0.956514
0.772963
0.724345
0.000000
0.000000
0.000000
0.000000
0.000000
0.000000
0.000000
0.000000
0.000000
-1.062641
1.083313
0.760915
0.000000
0.000000
0.000000
0.000000
0.000000
0.000000
-1.147954
0.717524
0.768012
-1.280196
0.544776
0.914906
0.000000
0.000000
0.000000
0.000000
0.000000
0.000000
-1.272588
1.138509
0.613964
-1.327562
1.099566
0.626111
0.000000
0.000000
0.000000
0.000000
0.000000
0.000000
-1.448734
0.604211
0.815289
-1.578610
0.533366
0.872332
0.000000
0.000000
0.000000
0.000000
0.000000
0.000000
-1.259439
1.044297
0.686815
-1.339091
0.975642
0.673060
0.000000
0.000000
0.000000
0.000000
0.000000
0.000000
-1.192240
0.878689
0.759299
-1.238342
0.999329
0.776780
-1.234258
0.682327
0.783704
-1.267086
0.671373
0.789881
-1.233218
0.684153
0.786840
-1.252295
0.677817
0.786165
0.000000
0.000000
0.000000
-1.246731
0.551269
0.668359
0.000000
0.000000
0.000000
-1.246405
0.551333
0.668359
0.000000
0.000000
0.000000
0.000000
0.000000
0.000000
-1.219905
0.749784
0.725666
-1.205243
0.729067
0.765729
-1.131657
0.813374
0.722127
-1.218378
0.830407
0.731511
-1.063889
0.747567
0.767553
-1.165335
0.723592
0.788588
0.000000
0.000000
0.000000
0.000000
0.000000
0.000000
-1.246676
0.451148
0.880897
-1.279993
0.363155
0.872263
-1.126004
0.829961
0.662285
-1.152980
0.815471
0.709268
-1.107757
0.826420
0.662285
-1.129000
0.816957
0.703760
0.000000
0.000000
0.000000
0.000000
0.000000
0.000000
-1.561151
0.937846
0.728455
-1.544947
1.084049
0.684009
0.000000
0.000000
0.000000
0.000000
0.000000
0.000000
-1.407535
0.578954
0.804971
-1.400399
0.504801
0.802912
0.000000
0.000000
0.000000
0.000000
0.000000
0.000000
-1.238536
0.725237
0.761498
-1.224506
0.858318
0.734103
0.000000
0.000000
0.000000
0.000000
0.000000
0.000000
-1.351588
0.785231
0.784825
-1.372280
0.832697
0.755351
0.000000
0.000000
0.000000
0.000000
0.000000
0.000000
-1.099273
1.054038
0.762060
-1.233434
0.847733
0.718784
0.000000
0.000000
0.000000
0.000000
0.000000
0.000000
-1.315403
1.289386
0.448375
-1.371433
1.303753
0.450174
0.000000
0.000000
0.000000
0.000000
0.000000
0.000000
-1.508100
1.041873
0.663596
-1.538375
1.072447
0.675899
-1.268644
0.981380
0.667265
-1.311924
0.970235
0.644685
-1.261068
0.986570
0.666037
-1.280995
1.034658
0.632115
0.000000
0.000000
0.000000
0.000000
0.000000
0.000000
-1.279233
0.818063
1.004191
-1.337433
0.907348
0.890841
0.000000
0.000000
0.000000
0.000000
0.000000
0.000000
-1.688412
0.325968
1.044162
-1.707872
0.376746
0.933584
0.000000
0.000000
0.000000
0.000000
0.000000
0.000000
-1.124535
0.754940
0.789276
-1.190604
0.682264
0.732779
0.000000
0.000000
0.000000
0.000000
0.000000
0.000000
-1.292625
1.200244
0.613377
-1.343779
0.939636
0.745714
0.000000
0.000000
0.000000
0.000000
0.000000
0.000000
-1.168475
0.527839
0.647046
-1.087075
0.794989
0.946881
0.000000
0.000000
0.000000
0.000000
0.000000
0.000000
-1.273572
0.960350
0.686187
-1.306535
0.947144
0.651709
0.000000
0.000000
0.000000
0.000000
0.000000
0.000000
-1.217490
0.772134
0.785724
-1.140346
0.883160
0.784115
0.000000
0.000000
0.000000
0.000000
0.000000
0.000000
-1.296947
0.816280
0.767009
-1.321967
0.757031
0.752974
0.000000
0.000000
0.000000
0.000000
0.000000
0.000000
-1.432520
0.400288
0.925726
-1.487312
0.405004
0.879681
-1.112238
0.743517
0.850046
-1.152258
0.601223
0.797759
-1.097107
0.751749
0.857791
-1.132267
0.598127
0.796364
0.000000
0.000000
0.000000
0.000000
0.000000
0.000000
0.000000
0.000000
0.000000
-1.097507
0.684622
0.683891
0.000000
0.000000
0.000000
0.000000
0.000000
0.000000
0.000000
0.000000
0.000000
-1.382445
0.574488
0.632252
0.000000
0.000000
0.000000
0.000000
0.000000
0.000000
-1.111455
0.848144
0.584250
-1.091712
1.171167
0.525340
0.000000
0.000000
0.000000
0.000000
0.000000
0.000000
-1.146243
0.631140
0.752334
-1.276765
0.594173
0.797540
0.000000
0.000000
0.000000
0.000000
0.000000
0.000000
-1.256312
0.948151
0.663489
-1.281475
0.952941
0.670965
0.000000
0.000000
0.000000
0.000000
0.000000
0.000000
-1.280749
0.753829
0.686172
-1.162714
1.275202
0.594573
0.000000
0.000000
0.000000
0.000000
0.000000
0.000000
-1.413676
0.679852
0.803510
-1.446924
0.693662
0.810467
0.000000
0.000000
0.000000
0.000000
0.000000
0.000000
-1.027004
2.059264
0.555278
-1.167234
1.218485
0.397992
0.000000
0.000000
0.000000
0.000000
0.000000
0.000000
-1.226892
1.142625
0.506385
-1.244163
1.159685
0.543989
0.000000
0.000000
0.000000
0.000000
0.000000
0.000000
-1.316087
0.960189
0.770534
-1.434888
0.771049
0.732252
0.000000
0.000000
0.000000
0.000000
0.000000
0.000000
-1.425416
0.495352
0.852048
-1.430645
0.584564
0.856063
0.000000
0.000000
0.000000
0.000000
0.000000
0.000000
0.000000
0.000000
0.000000
-1.063938
0.714806
0.648337
0.000000
0.000000
0.000000
0.000000
0.000000
0.000000
-1.171575
0.821948
0.772842
-1.252376
0.840442
0.799557
0.000000
0.000000
0.000000
0.000000
0.000000
0.000000
-1.353691
0.485273
0.714056
-1.333062
0.451553
1.008505
0.000000
0.000000
0.000000
0.000000
0.000000
0.000000
-1.140315
0.845993
0.762934
-1.219386
0.915010
0.787516
0.000000
0.000000
0.000000
0.000000
0.000000
0.000000
0.000000
0.000000
0.000000
-1.291913
0.604043
0.878132
0.000000
0.000000
0.000000
0.000000
0.000000
0.000000
-1.135310
1.254981
0.660704
-1.149053
1.304477
0.636516
0.000000
0.000000
0.000000
0.000000
0.000000
0.000000
-0.996347
1.860735
0.607075
-1.210174
1.078117
0.598543
0.000000
0.000000
0.000000
0.000000
0.000000
0.000000
-1.367765
0.669528
0.837487
-1.324685
0.721246
0.819707
-1.303170
0.983620
0.629660
-1.310232
1.020340
0.637829
-1.413029
0.684644
0.633681
-1.354493
0.688559
0.813979
0.000000
0.000000
0.000000
0.000000
0.000000
0.000000
0.000000
0.000000
0.000000
-1.158941
0.542388
0.663118
0.000000
0.000000
0.000000
0.000000
0.000000
0.000000
-1.285371
0.667247
0.939901
-1.269952
0.694863
0.849929
0.000000
0.000000
0.000000
0.000000
0.000000
0.000000
-1.161155
0.872300
0.808396
-1.227774
0.815686
0.789650
-1.207920
0.984344
0.614232
-1.232531
1.003073
0.632387
-1.179115
0.972129
0.619639
-1.194313
0.992183
0.635854
0.000000
0.000000
0.000000
0.000000
0.000000
0.000000
-1.308023
0.630224
0.795703
-1.286193
0.559656
0.851218
0.000000
0.000000
0.000000
0.000000
0.000000
0.000000
-1.137786
0.959002
0.706644
-1.179675
0.909888
0.688714
0.000000
0.000000
0.000000
0.000000
0.000000
0.000000
-1.410460
1.062264
0.641586
-1.448042
1.058511
0.651151
0.000000
0.000000
0.000000
0.000000
0.000000
0.000000
-1.304572
0.502622
0.870379
-1.355942
0.533881
0.824889
0.000000
0.000000
0.000000
0.000000
0.000000
0.000000
-1.296391
0.845937
0.844080
-1.291046
0.870667
0.791462
0.000000
0.000000
0.000000
0.000000
0.000000
0.000000
0.000000
0.000000
0.000000
-1.242508
0.719228
0.696740
0.000000
0.000000
0.000000
0.000000
0.000000
0.000000
-1.230508
0.680225
0.789608
-1.287220
0.603985
0.786756
0.000000
0.000000
0.000000
0.000000
0.000000
0.000000
-1.472120
0.751698
0.903599
-1.505894
0.789883
0.794031
0.000000
0.000000
0.000000
0.000000
0.000000
0.000000
-1.292571
0.774738
0.733575
-1.309426
0.784984
0.763813
0.000000
0.000000
0.000000
0.000000
0.000000
0.000000
0.000000
0.000000
0.000000
-0.889643
1.078819
0.818773
0.000000
0.000000
0.000000
0.000000
0.000000
0.000000
-1.456410
0.474405
0.744473
-1.525216
0.631265
1.019854
0.000000
0.000000
0.000000
0.000000
0.000000
0.000000
-1.314152
0.464259
0.821694
-1.469988
0.426644
0.857563
0.000000
0.000000
0.000000
-1.280665
0.973859
0.648477
0.000000
0.000000
0.000000
-1.259482
0.979650
0.648477
0.000000
0.000000
0.000000
0.000000
0.000000
0.000000
-1.274582
0.525973
0.921057
-1.298937
0.618532
0.884395
0.000000
0.000000
0.000000
0.000000
0.000000
0.000000
0.000000
0.000000
0.000000
-1.207865
0.773313
0.843703
0.000000
0.000000
0.000000
0.000000
0.000000
0.000000
-1.456166
0.710956
0.797889
-1.382141
1.048443
0.847869
0.000000
0.000000
0.000000
0.000000
0.000000
0.000000
-1.261620
0.586649
0.882233
-1.339106
0.598950
0.849434
0.000000
0.000000
0.000000
0.000000
0.000000
0.000000
-0.839570
1.121333
1.076752
-1.014031
0.886665
0.936757
0.000000
0.000000
0.000000
0.000000
0.000000
0.000000
-1.296232
0.844896
0.705308
-1.356096
0.782147
0.740441
0.000000
0.000000
0.000000
0.000000
0.000000
0.000000
-1.123861
0.798718
0.780904
-1.176507
0.726207
0.850078
-1.336330
0.510170
0.864537
-1.332605
0.509290
0.835885
-1.299624
0.510554
0.863516
-1.287391
0.508840
0.831281
0.000000
0.000000
0.000000
0.000000
0.000000
0.000000
-1.203351
0.521422
0.908337
-1.182666
0.500783
0.856482
0.000000
0.000000
0.000000
0.000000
0.000000
0.000000
-1.113285
0.758696
0.697295
-1.008047
0.985894
0.722079
0.000000
0.000000
0.000000
0.000000
0.000000
0.000000
-1.293361
1.579443
0.797591
-1.338560
1.289246
0.792044
0.000000
0.000000
0.000000
0.000000
0.000000
0.000000
-1.662272
0.989278
0.721906
-1.680287
1.003384
0.718178
0.000000
0.000000
0.000000
0.000000
0.000000
0.000000
-1.187822
0.931839
0.803343
-1.299139
0.690835
0.751309
-0.966417
1.045571
0.594670
-0.930088
1.084214
0.458224
-0.905762
1.084215
0.594670
-0.870854
1.052639
0.500584
0.000000
0.000000
0.000000
0.000000
0.000000
0.000000
0.000000
0.000000
0.000000
-1.415165
0.684278
0.706694
0.000000
0.000000
0.000000
0.000000
0.000000
0.000000
-1.395542
0.571285
0.849151
-1.397582
0.658935
0.815882
0.000000
0.000000
0.000000
0.000000
0.000000
0.000000
-0.944826
0.937931
0.661082
-0.972408
1.103630
0.601767
0.000000
0.000000
0.000000
0.000000
0.000000
0.000000
-1.147593
1.262082
0.782283
-1.156717
1.094074
0.641816
0.000000
0.000000
0.000000
0.000000
0.000000
0.000000
-1.020511
1.124388
0.515922
-1.088110
1.160233
0.506118
0.000000
0.000000
0.000000
0.000000
0.000000
0.000000
-1.206997
0.622785
0.815988
-1.189106
0.681256
0.803604
0.000000
0.000000
0.000000
0.000000
0.000000
0.000000
-1.053388
0.753501
0.693096
-1.099825
0.708260
0.729008
0.000000
0.000000
0.000000
0.000000
0.000000
0.000000
0.000000
0.000000
0.000000
-1.167609
0.753554
0.775236
0.000000
0.000000
0.000000
0.000000
0.000000
0.000000
-1.426011
1.042724
0.644334
-1.428602
1.110589
0.664700
0.000000
0.000000
0.000000
0.000000
0.000000
0.000000
-1.323391
0.776701
0.961606
-1.435665
0.574313
0.804152
0.000000
0.000000
0.000000
0.000000
0.000000
0.000000
-1.263003
0.672733
0.726249
-1.297793
0.643533
0.753305
0.000000
0.000000
0.000000
0.000000
0.000000
0.000000
0.000000
0.000000
0.000000
-1.330916
0.616700
0.817573
0.000000
0.000000
0.000000
0.000000
0.000000
0.000000
0.000000
0.000000
0.000000
-1.155056
0.621224
0.783526
0.000000
0.000000
0.000000
0.000000
0.000000
0.000000
-1.296131
0.583594
0.737005
-1.278654
0.580664
0.878068
0.000000
0.000000
0.000000
0.000000
0.000000
0.000000
-1.244754
1.048758
0.644681
-1.269309
0.993795
0.598393
0.000000
0.000000
0.000000
-1.213177
0.969706
0.760718
0.000000
0.000000
0.000000
-1.151825
0.989376
0.760718
0.000000
0.000000
0.000000
0.000000
0.000000
0.000000
-1.287298
0.493582
0.851738
-1.253234
0.599345
0.811855
0.000000
0.000000
0.000000
0.000000
0.000000
0.000000
-1.256539
0.768198
0.762877
-1.268727
0.742959
0.760521
0.000000
0.000000
0.000000
0.000000
0.000000
0.000000
-1.431756
0.961296
0.698644
-1.456657
0.970171
0.704027
0.000000
0.000000
0.000000
0.000000
0.000000
0.000000
-1.380741
0.800661
0.729085
-1.423015
0.819544
0.746858
0.000000
0.000000
0.000000
0.000000
0.000000
0.000000
-1.369312
0.479057
0.880693
-1.405804
0.592732
0.861380
0.000000
0.000000
0.000000
0.000000
0.000000
0.000000
-1.073407
0.788771
0.792897
-1.111814
0.789766
0.702823
0.000000
0.000000
0.000000
0.000000
0.000000
0.000000
-1.326996
0.871745
0.822762
-1.393630
0.773962
0.757330
0.000000
0.000000
0.000000
0.000000
0.000000
0.000000
-1.350179
0.418462
0.900262
-1.367696
0.425453
0.875709
0.000000
0.000000
0.000000
0.000000
0.000000
0.000000
-1.252780
0.868176
0.827355
-1.403105
0.670156
0.717821
0.000000
0.000000
0.000000
0.000000
0.000000
0.000000
-1.353723
0.581830
0.824233
-1.506769
0.480399
0.827588
0.000000
0.000000
0.000000
0.000000
0.000000
0.000000
-1.171655
0.853815
0.718515
-1.213922
0.820924
0.705507
0.000000
0.000000
0.000000
0.000000
0.000000
0.000000
-1.173503
0.895800
0.753196
-1.222532
0.861921
0.760017
0.000000
0.000000
0.000000
0.000000
0.000000
0.000000
-1.044936
0.678474
0.809466
-1.117099
0.794899
0.770892
-1.420451
0.356903
0.884531
-1.359397
0.442447
0.887728
-1.411254
0.359802
0.886346
-1.357627
0.440681
0.888274
0.000000
0.000000
0.000000
0.000000
0.000000
0.000000
-1.500905
0.993183
0.719506
-1.569762
0.877676
0.750107
0.000000
0.000000
0.000000
0.000000
0.000000
0.000000
-1.503648
0.371857
0.885654
-1.507010
0.419689
0.878265
0.000000
0.000000
0.000000
0.000000
0.000000
0.000000
-1.609961
0.285893
0.881365
-1.509151
0.366404
0.872142
0.000000
0.000000
0.000000
0.000000
0.000000
0.000000
-1.322808
0.879960
0.739800
-1.333249
0.897151
0.746643
0.000000
0.000000
0.000000
0.000000
0.000000
0.000000
-1.093191
0.814440
0.708841
-1.147235
0.736756
0.778901
0.000000
0.000000
0.000000
0.000000
0.000000
0.000000
-1.262445
0.896748
0.720537
-1.304788
0.872662
0.727463
0.000000
0.000000
0.000000
0.000000
0.000000
0.000000
-1.286392
0.540697
0.913489
-1.310741
0.572481
0.875392
0.000000
0.000000
0.000000
0.000000
0.000000
0.000000
-1.312482
0.618010
0.878888
-1.300844
0.629276
0.804143
0.000000
0.000000
0.000000
0.000000
0.000000
0.000000
-1.369369
0.605197
0.926018
-1.418123
0.523879
0.912396
0.000000
0.000000
0.000000
-1.255527
0.635215
0.616122
0.000000
0.000000
0.000000
-1.258677
0.634832
0.616122
0.000000
0.000000
0.000000
0.000000
0.000000
0.000000
-1.017838
0.775164
0.782119
-1.093255
0.716152
0.748230
0.000000
0.000000
0.000000
0.000000
0.000000
0.000000
-1.459068
0.572204
0.771064
-1.573529
0.558622
0.968837
0.000000
0.000000
0.000000
0.000000
0.000000
0.000000
-1.266643
0.821561
1.070429
-1.308417
0.715583
0.892365
0.000000
0.000000
0.000000
0.000000
0.000000
0.000000
-1.167983
0.483378
0.862371
-1.228068
0.523064
0.841924
-1.071097
1.741773
0.728941
-1.184549
1.335250
0.685132
-1.015336
1.780133
0.728941
-1.139143
1.299153
0.685132
0.000000
0.000000
0.000000
0.000000
0.000000
0.000000
-1.214044
0.848929
0.692433
-1.243073
0.923434
0.672800
0.000000
0.000000
0.000000
0.000000
0.000000
0.000000
0.000000
0.000000
0.000000
-1.306248
0.640308
0.934460
0.000000
0.000000
0.000000
0.000000
0.000000
0.000000
-1.601892
0.660585
0.894609
-1.627270
0.521141
0.820709
0.000000
0.000000
0.000000
0.000000
0.000000
0.000000
-1.228535
0.533610
0.810709
-1.291782
0.482630
0.827211
0.000000
0.000000
0.000000
0.000000
0.000000
0.000000
-1.286561
0.612906
0.678582
-1.315094
0.732208
0.832482
0.000000
0.000000
0.000000
0.000000
0.000000
0.000000
0.000000
0.000000
0.000000
-1.154404
0.700783
0.807298
0.000000
0.000000
0.000000
0.000000
0.000000
0.000000
-1.215392
0.886972
0.675836
-1.254007
0.884939
0.676373
0.000000
0.000000
0.000000
0.000000
0.000000
0.000000
-1.185360
0.660684
0.679765
-1.276328
0.627140
0.758005
0.000000
0.000000
0.000000
0.000000
0.000000
0.000000
-0.991877
0.923554
0.710130
-1.127586
0.798550
0.741507
0.000000
0.000000
0.000000
0.000000
0.000000
0.000000
-0.953841
1.115530
0.495971
-1.052055
1.059614
0.581774
0.000000
0.000000
0.000000
0.000000
0.000000
0.000000
-0.964224
0.796075
0.870433
-1.029096
0.706807
0.704226
0.000000
0.000000
0.000000
0.000000
0.000000
0.000000
-1.187413
0.888938
0.773420
-1.270052
0.903690
0.635904
0.000000
0.000000
0.000000
0.000000
0.000000
0.000000
-1.343860
0.456312
0.828372
-1.330691
0.425644
0.850111
0.000000
0.000000
0.000000
0.000000
0.000000
0.000000
-1.338943
0.750014
0.792103
-1.373340
0.746661
0.803589
-1.027341
0.971709
0.690912
-1.009792
1.147906
0.764919
-1.011030
0.977060
0.690912
-0.997917
1.127173
0.764919
0.000000
0.000000
0.000000
0.000000
0.000000
0.000000
-1.268971
0.523245
0.757095
-1.323413
0.496745
0.838497
-1.385660
0.896303
0.732742
-1.457802
0.786763
0.812245
-1.388549
0.768623
0.766045
-1.453036
0.716693
0.825180
0.000000
0.000000
0.000000
0.000000
0.000000
0.000000
-1.387665
0.549693
0.838853
-1.426296
0.544472
0.845308
0.000000
0.000000
0.000000
0.000000
0.000000
0.000000
-1.235706
0.660025
0.731906
-1.391449
0.510495
0.813285
0.000000
0.000000
0.000000
0.000000
0.000000
0.000000
-1.307915
0.781734
0.802092
-1.352635
0.739750
0.814894
0.000000
0.000000
0.000000
0.000000
0.000000
0.000000
-1.227170
0.967585
0.969271
-1.336206
0.774304
0.855964
0.000000
0.000000
0.000000
0.000000
0.000000
0.000000
0.000000
0.000000
0.000000
-1.322248
0.698650
0.757777
0.000000
0.000000
0.000000
0.000000
0.000000
0.000000
-1.202975
0.798867
0.848263
-1.227837
0.865178
0.786565
0.000000
0.000000
0.000000
-1.089116
0.842077
0.679801
0.000000
0.000000
0.000000
-1.048151
0.867385
0.679801
0.000000
0.000000
0.000000
0.000000
0.000000
0.000000
-1.134038
1.217439
0.686626
-1.224763
1.098987
0.807901
0.000000
0.000000
0.000000
0.000000
0.000000
0.000000
-1.221692
0.720152
0.779012
-1.253472
0.740981
0.768936
0.000000
0.000000
0.000000
0.000000
0.000000
0.000000
0.000000
0.000000
0.000000
-1.146509
1.171841
0.696138
0.000000
0.000000
0.000000
0.000000
0.000000
0.000000
-1.682841
0.409535
0.887820
-1.688102
0.438685
0.878070
0.000000
0.000000
0.000000
0.000000
0.000000
0.000000
0.000000
0.000000
0.000000
-1.143000
1.421450
0.714087
0.000000
0.000000
0.000000
0.000000
0.000000
0.000000
-1.332050
0.526305
0.927008
-1.313597
0.560860
0.849945
0.000000
0.000000
0.000000
0.000000
0.000000
0.000000
0.000000
0.000000
0.000000
-1.293103
0.887114
0.753089
0.000000
0.000000
0.000000
0.000000
0.000000
0.000000
-1.237026
0.965283
0.693422
-1.274996
0.899959
0.694289
0.000000
0.000000
0.000000
0.000000
0.000000
0.000000
-1.424868
0.921691
0.748585
-1.442734
0.972615
0.711520
0.000000
0.000000
0.000000
0.000000
0.000000
0.000000
-1.327302
0.942364
0.718212
-1.299552
1.875808
0.690673
0.000000
0.000000
0.000000
0.000000
0.000000
0.000000
-1.462326
0.278159
0.893295
-1.440107
0.302479
0.892396
0.000000
0.000000
0.000000
0.000000
0.000000
0.000000
-1.088580
0.726433
0.703448
-1.065903
0.915320
0.719838
0.000000
0.000000
0.000000
0.000000
0.000000
0.000000
-1.439447
0.916769
0.793704
-1.536195
0.798098
0.809900
0.000000
0.000000
0.000000
0.000000
0.000000
0.000000
-1.503389
0.505774
0.783875
-1.528447
0.518223
0.942428
0.000000
0.000000
0.000000
0.000000
0.000000
0.000000
-1.204979
1.213350
0.496806
-1.243199
1.156059
0.463482
0.000000
0.000000
0.000000
0.000000
0.000000
0.000000
-1.340990
0.993482
0.705210
-1.433464
0.900814
0.702612
0.000000
0.000000
0.000000
0.000000
0.000000
0.000000
-0.955094
1.309564
0.807815
-1.044590
1.174276
0.854030
0.000000
0.000000
0.000000
0.000000
0.000000
0.000000
-0.959711
0.653475
0.891088
-1.060586
0.666017
0.877946
0.000000
0.000000
0.000000
0.000000
0.000000
0.000000
-1.255114
0.986867
0.662414
-1.298906
0.973622
0.679609
0.000000
0.000000
0.000000
-1.090450
1.415385
0.637136
0.000000
0.000000
0.000000
-1.129084
1.378105
0.627011
0.000000
0.000000
0.000000
0.000000
0.000000
0.000000
-1.571906
0.785750
0.852897
-1.555458
0.947499
0.852534
0.000000
0.000000
0.000000
0.000000
0.000000
0.000000
-1.364870
1.113156
0.670870
-1.404152
1.040341
0.673865
0.000000
0.000000
0.000000
0.000000
0.000000
0.000000
0.000000
0.000000
0.000000
-1.090494
1.888727
0.663789
0.000000
0.000000
0.000000
0.000000
0.000000
0.000000
-1.090662
1.094444
0.720058
-1.165571
1.020836
0.794059
0.000000
0.000000
0.000000
0.000000
0.000000
0.000000
-1.257469
0.971665
0.753274
-1.323870
0.830009
0.777903
-1.118275
1.471938
0.698879
-1.171622
1.167952
0.555156
-1.120628
1.183691
0.593494
-1.084599
1.157744
0.530515
0.000000
0.000000
0.000000
0.000000
0.000000
0.000000
-1.246687
0.448985
0.892913
-1.220658
0.512672
0.882725
0.000000
0.000000
0.000000
0.000000
0.000000
0.000000
-1.180775
0.623077
0.771596
-1.125421
0.809924
0.741932
0.000000
0.000000
0.000000
0.000000
0.000000
0.000000
-1.162793
0.755234
0.868245
-1.289966
0.720618
0.725737
0.000000
0.000000
0.000000
0.000000
0.000000
0.000000
-1.084149
0.746694
0.631333
-1.027175
0.925743
0.590317
-1.462976
1.134045
0.688614
-1.497396
1.096219
0.699357
-1.267926
1.148464
0.676445
-1.324625
1.129747
0.648404
0.000000
0.000000
0.000000
0.000000
0.000000
0.000000
-1.625180
0.611571
0.840341
-1.640727
0.633943
0.837230
0.000000
0.000000
0.000000
0.000000
0.000000
0.000000
-1.180001
0.688104
0.702493
-1.142462
0.890102
0.676569
0.000000
0.000000
0.000000
0.000000
0.000000
0.000000
-1.273665
0.540451
0.656250
-1.378437
0.503540
0.948000
0.000000
0.000000
0.000000
0.000000
0.000000
0.000000
-1.176949
0.567623
0.719156
-1.054640
0.780669
0.723393
0.000000
0.000000
0.000000
0.000000
0.000000
0.000000
-1.493767
0.712679
0.805421
-1.529181
0.697766
0.800961
0.000000
0.000000
0.000000
0.000000
0.000000
0.000000
-1.335911
0.859311
0.733118
-1.411929
0.840923
0.765977
0.000000
0.000000
0.000000
0.000000
0.000000
0.000000
-0.929847
1.623095
0.648625
-1.124776
1.084920
0.657784
0.000000
0.000000
0.000000
0.000000
0.000000
0.000000
-1.049213
1.275224
0.722629
-1.184149
1.029578
0.716313
0.000000
0.000000
0.000000
0.000000
0.000000
0.000000
-1.430113
0.759124
0.828264
-1.422033
0.747904
0.802508
0.000000
0.000000
0.000000
0.000000
0.000000
0.000000
-1.645172
0.356115
1.015590
-1.663282
0.347392
0.920777
-1.138539
0.773213
0.740715
-1.124400
0.783678
0.745565
-1.128460
0.772999
0.740646
-1.114601
0.782540
0.747513
0.000000
0.000000
0.000000
0.000000
0.000000
0.000000
-0.978799
0.875112
0.867086
-0.961027
1.005151
0.773626
0.000000
0.000000
0.000000
0.000000
0.000000
0.000000
-1.489750
0.669384
0.809267
-1.518133
0.671962
0.817143
0.000000
0.000000
0.000000
-1.352907
0.553232
0.990727
0.000000
0.000000
0.000000
-1.324078
0.567155
0.990727
0.000000
0.000000
0.000000
0.000000
0.000000
0.000000
-1.422636
1.194227
0.555263
-1.458902
1.249582
0.548713
0.000000
0.000000
0.000000
0.000000
0.000000
0.000000
-1.096873
1.824389
0.633216
-1.191173
1.339035
0.598402
0.000000
0.000000
0.000000
0.000000
0.000000
0.000000
-1.166175
0.909486
0.664255
-1.103281
1.036142
0.664136
0.000000
0.000000
0.000000
0.000000
0.000000
0.000000
0.000000
0.000000
0.000000
-1.318381
0.672986
0.763163
0.000000
0.000000
0.000000
0.000000
0.000000
0.000000
-1.057914
0.667053
0.637686
-1.035442
0.939113
0.620284
0.000000
0.000000
0.000000
0.000000
0.000000
0.000000
-1.440473
0.904868
0.724717
-1.469409
0.902709
0.733042
0.000000
0.000000
0.000000
0.000000
0.000000
0.000000
-1.253332
1.002858
0.705866
-1.312296
0.940690
0.688421
0.000000
0.000000
0.000000
0.000000
0.000000
0.000000
-0.973188
0.715904
0.792048
-0.926992
0.967178
0.743860
0.000000
0.000000
0.000000
0.000000
0.000000
0.000000
0.000000
0.000000
0.000000
-1.451017
0.502668
0.772931
0.000000
0.000000
0.000000
0.000000
0.000000
0.000000
0.000000
0.000000
0.000000
-1.208221
0.599198
0.685083
0.000000
0.000000
0.000000
0.000000
0.000000
0.000000
-1.395752
0.407198
0.909731
-1.320010
0.450028
0.840089
0.000000
0.000000
0.000000
0.000000
0.000000
0.000000
-1.145414
1.070477
0.658783
-1.216111
0.823051
0.737814
0.000000
0.000000
0.000000
0.000000
0.000000
0.000000
-1.200060
0.884631
0.727781
-1.252123
0.639770
0.705148
0.000000
0.000000
0.000000
0.000000
0.000000
0.000000
-1.347488
0.587251
0.913938
-1.251578
0.881754
0.868135
0.000000
0.000000
0.000000
0.000000
0.000000
0.000000
0.000000
0.000000
0.000000
-1.300749
0.550992
0.935204
0.000000
0.000000
0.000000
0.000000
0.000000
0.000000
-1.290403
0.672288
0.818547
-1.408061
0.613202
0.812297
0.000000
0.000000
0.000000
0.000000
0.000000
0.000000
-1.361675
0.632594
0.810755
-1.424435
0.803913
0.696408
0.000000
0.000000
0.000000
0.000000
0.000000
0.000000
-1.129920
0.649678
0.668137
-1.159805
0.616763
0.710905
0.000000
0.000000
0.000000
0.000000
0.000000
0.000000
-1.054269
1.037197
0.631594
-1.094370
1.065279
0.576086
0.000000
0.000000
0.000000
0.000000
0.000000
0.000000
-1.244243
0.625157
0.684468
-1.171912
0.724944
0.718784
0.000000
0.000000
0.000000
0.000000
0.000000
0.000000
0.000000
0.000000
0.000000
-1.136364
0.545732
0.816351
0.000000
0.000000
0.000000
0.000000
0.000000
0.000000
-1.199666
1.113728
0.578529
-1.152696
1.189104
0.629653
0.000000
0.000000
0.000000
0.000000
0.000000
0.000000
0.000000
0.000000
0.000000
-1.128910
0.575792
0.592285
-1.385903
0.514834
0.868943
-1.338488
0.508901
0.837205
-1.371311
0.513363
0.869040
-1.311931
0.502310
0.837109
0.000000
0.000000
0.000000
0.000000
0.000000
0.000000
-1.339351
0.745107
0.799192
-1.304525
0.882601
0.728623
0.000000
0.000000
0.000000
0.000000
0.000000
0.000000
-1.232383
0.636819
0.855121
-1.304745
0.619318
0.870558
0.000000
0.000000
0.000000
0.000000
0.000000
0.000000
-1.507026
0.856877
0.728679
-1.544753
0.797745
0.791616
0.000000
0.000000
0.000000
0.000000
0.000000
0.000000
-1.099943
0.773252
0.642192
-1.162368
0.738716
0.743259
0.000000
0.000000
0.000000
0.000000
0.000000
0.000000
0.000000
0.000000
0.000000
-1.357940
0.861957
0.791466
0.000000
0.000000
0.000000
0.000000
0.000000
0.000000
-1.386437
1.005197
0.640639
-1.421636
1.021850
0.583661
0.000000
0.000000
0.000000
0.000000
0.000000
0.000000
-1.099058
0.723270
0.732833
-1.206758
0.522079
0.878313
0.000000
0.000000
0.000000
0.000000
0.000000
0.000000
0.000000
0.000000
0.000000
-1.132719
0.864244
0.712255
0.000000
0.000000
0.000000
0.000000
0.000000
0.000000
0.000000
0.000000
0.000000
-1.395890
0.590299
0.853919
0.000000
0.000000
0.000000
0.000000
0.000000
0.000000
-1.129109
0.852752
0.897740
-1.219247
0.757871
0.803494
0.000000
0.000000
0.000000
-1.113620
1.098047
0.776010
0.000000
0.000000
0.000000
-1.074336
1.118891
0.776010
0.000000
0.000000
0.000000
0.000000
0.000000
0.000000
-1.281343
0.534102
0.998272
-1.334991
0.463205
0.905027
0.000000
0.000000
0.000000
0.000000
0.000000
0.000000
-1.342655
0.740098
0.843888
-1.355260
0.923513
0.825225
0.000000
0.000000
0.000000
0.000000
0.000000
0.000000
-1.430906
0.473656
0.828410
-1.385392
0.528202
0.861706
0.000000
0.000000
0.000000
0.000000
0.000000
0.000000
-1.093577
1.429876
0.614607
-1.180177
1.124995
0.494801
0.000000
0.000000
0.000000
0.000000
0.000000
0.000000
-1.415883
0.989546
0.636922
-1.432840
0.951590
0.709028
0.000000
0.000000
0.000000
0.000000
0.000000
0.000000
-1.141436
1.038163
0.551715
-1.151698
1.126978
0.538470
0.000000
0.000000
0.000000
0.000000
0.000000
0.000000
-1.145968
1.045517
0.747999
-1.240129
0.873563
0.668213
0.000000
0.000000
0.000000
0.000000
0.000000
0.000000
-1.428278
1.225125
0.582970
-1.462195
1.176450
0.596364
0.000000
0.000000
0.000000
0.000000
0.000000
0.000000
-1.430398
0.522649
0.830352
-1.394326
0.560288
0.828511
0.000000
0.000000
0.000000
0.000000
0.000000
0.000000
-1.345944
1.087444
0.596234
-1.383666
1.073378
0.619153
0.000000
0.000000
0.000000
0.000000
0.000000
0.000000
-1.249293
0.546496
0.743068
-1.340503
0.497783
0.823882
0.000000
0.000000
0.000000
0.000000
0.000000
0.000000
-1.247225
0.628468
0.668022
-1.212034
0.802629
0.725347
0.000000
0.000000
0.000000
0.000000
0.000000
0.000000
-1.160467
0.573972
0.856142
-1.150544
0.608279
0.830442
0.000000
0.000000
0.000000
0.000000
0.000000
0.000000
-1.348388
0.798031
0.723002
-1.395906
0.778047
0.735752
0.000000
0.000000
0.000000
0.000000
0.000000
0.000000
-1.241788
0.475821
0.839899
-1.251046
0.582669
0.797771
0.000000
0.000000
0.000000
0.000000
0.000000
0.000000
0.000000
0.000000
0.000000
-0.991247
1.252105
0.703236
0.000000
0.000000
0.000000
0.000000
0.000000
0.000000
0.000000
0.000000
0.000000
-1.252795
0.728476
0.662930
0.000000
0.000000
0.000000
0.000000
0.000000
0.000000
-1.236994
0.707156
0.760816
-1.298119
0.679929
0.792755
0.000000
0.000000
0.000000
0.000000
0.000000
0.000000
-1.241845
0.585364
0.922320
-1.304082
0.632627
0.918966
0.000000
0.000000
0.000000
0.000000
0.000000
0.000000
-1.218104
0.688015
0.645153
-1.229928
0.691439
0.938245
0.000000
0.000000
0.000000
0.000000
0.000000
0.000000
-1.340642
0.646480
0.840897
-1.423043
0.560403
0.819949
0.000000
0.000000
0.000000
0.000000
0.000000
0.000000
-1.514462
0.316227
0.895485
-1.556636
0.292183
0.901650
0.000000
0.000000
0.000000
0.000000
0.000000
0.000000
-1.141924
0.868701
0.627346
-1.219060
0.976032
0.673431
0.000000
0.000000
0.000000
0.000000
0.000000
0.000000
-1.208042
0.429881
0.708934
-1.256715
0.373776
0.840560
0.000000
0.000000
0.000000
0.000000
0.000000
0.000000
-1.419944
0.910076
0.723067
-1.449210
0.901900
0.724832
0.000000
0.000000
0.000000
0.000000
0.000000
0.000000
-1.210671
0.865321
0.789194
-1.217115
1.024760
0.650222
0.000000
0.000000
0.000000
0.000000
0.000000
0.000000
-1.558634
0.505832
0.895857
-1.561652
0.544294
0.860449
0.000000
0.000000
0.000000
0.000000
0.000000
0.000000
-0.963228
0.861308
0.729819
-1.131935
0.600004
0.686003
0.000000
0.000000
0.000000
0.000000
0.000000
0.000000
-1.266503
0.785585
0.769528
-1.314191
0.810216
0.771083
0.000000
0.000000
0.000000
0.000000
0.000000
0.000000
-1.047521
0.892831
0.651812
-1.093622
1.003727
0.633940
0.000000
0.000000
0.000000
0.000000
0.000000
0.000000
-1.387028
0.742687
0.807861
-1.410740
0.770069
0.774322
0.000000
0.000000
0.000000
0.000000
0.000000
0.000000
0.000000
0.000000
0.000000
-1.446211
0.401703
0.845987
0.000000
0.000000
0.000000
-1.160385
0.730789
0.706081
0.000000
0.000000
0.000000
-1.139957
0.734131
0.706081
0.000000
0.000000
0.000000
0.000000
0.000000
0.000000
-1.394803
1.073829
0.709230
-1.459694
0.997545
0.726588
0.000000
0.000000
0.000000
0.000000
0.000000
0.000000
-1.463304
0.787679
0.797700
-1.482778
0.819519
0.789367
0.000000
0.000000
0.000000
0.000000
0.000000
0.000000
-1.431089
0.448093
0.877455
-1.431854
0.483234
0.851152
0.000000
0.000000
0.000000
0.000000
0.000000
0.000000
-1.123260
0.610018
0.708852
-1.161835
0.612833
0.744249
0.000000
0.000000
0.000000
0.000000
0.000000
0.000000
-1.228401
0.519393
0.817077
-1.225102
0.648131
0.859799
0.000000
0.000000
0.000000
0.000000
0.000000
0.000000
-1.190311
0.593009
0.833263
-1.205814
0.600918
0.865094
0.000000
0.000000
0.000000
0.000000
0.000000
0.000000
-1.183810
0.982160
0.633162
-1.239914
0.980547
0.602315
0.000000
0.000000
0.000000
0.000000
0.000000
0.000000
-1.358600
0.858156
0.798666
-1.367532
0.969894
0.705041
0.000000
0.000000
0.000000
0.000000
0.000000
0.000000
-1.022071
0.973020
0.492046
-1.046763
1.031340
0.465876
0.000000
0.000000
0.000000
0.000000
0.000000
0.000000
-1.535373
0.784563
0.694335
-1.544330
0.898760
0.712409
0.000000
0.000000
0.000000
0.000000
0.000000
0.000000
-1.111915
0.876070
0.711375
-1.163059
0.809233
0.684899
0.000000
0.000000
0.000000
0.000000
0.000000
0.000000
0.000000
0.000000
0.000000
-1.068249
0.547302
0.634137
0.000000
0.000000
0.000000
0.000000
0.000000
0.000000
-1.019958
0.989942
0.914113
-1.097502
0.997132
0.862712
0.000000
0.000000
0.000000
0.000000
0.000000
0.000000
0.000000
0.000000
0.000000
-1.098075
0.876417
0.679615
0.000000
0.000000
0.000000
0.000000
0.000000
0.000000
-1.344497
0.389764
0.908831
-1.418177
0.369215
0.854461
0.000000
0.000000
0.000000
0.000000
0.000000
0.000000
-1.252862
0.920670
0.693466
-1.257179
1.038745
0.635560
-0.315367
1.950235
0.744490
-0.615432
1.084347
0.789721
-0.480188
1.472821
0.830844
-0.683460
0.897791
0.787650
0.000000
0.000000
0.000000
0.000000
0.000000
0.000000
0.000000
0.000000
0.000000
-1.288949
0.681544
0.772517
0.000000
0.000000
0.000000
0.000000
0.000000
0.000000
-1.168402
0.717959
0.852106
-1.305716
0.577091
0.882714
0.000000
0.000000
0.000000
-1.245782
0.549168
0.686589
0.000000
0.000000
0.000000
-1.249550
0.554940
0.686589
0.000000
0.000000
0.000000
0.000000
0.000000
0.000000
-0.847993
0.914976
0.701156
-0.957688
0.751910
0.857501
0.000000
0.000000
0.000000
0.000000
0.000000
0.000000
-1.088464
0.672837
0.793219
-1.161025
0.628853
0.830765
0.000000
0.000000
0.000000
0.000000
0.000000
0.000000
-1.321961
0.736725
0.778140
-1.337533
0.788242
0.753117
0.000000
0.000000
0.000000
0.000000
0.000000
0.000000
-1.190559
0.744374
0.747431
-1.242000
0.755784
0.765184
0.000000
0.000000
0.000000
0.000000
0.000000
0.000000
-1.290240
1.311811
0.629599
-1.355991
1.195145
0.608107
0.000000
0.000000
0.000000
0.000000
0.000000
0.000000
-1.252695
0.781388
0.750544
-1.259904
0.796690
0.722143
-1.301070
0.637131
0.882037
-1.332878
0.709537
0.835492
-1.348751
0.477336
0.975697
-1.466383
0.369979
0.892711
0.000000
0.000000
0.000000
0.000000
0.000000
0.000000
-1.559675
0.290559
0.900151
-1.591973
0.298072
0.899312
0.000000
0.000000
0.000000
0.000000
0.000000
0.000000
-0.996145
0.940792
0.728072
-1.076465
0.995512
0.655509
0.000000
0.000000
0.000000
0.000000
0.000000
0.000000
-1.092579
0.887409
0.850440
-1.089566
0.775289
0.732743
0.000000
0.000000
0.000000
0.000000
0.000000
0.000000
-1.073490
0.711003
0.715467
-1.133676
0.736305
0.737359
0.000000
0.000000
0.000000
0.000000
0.000000
0.000000
-1.185746
0.644385
0.753203
-1.284658
0.410724
0.888148
0.000000
0.000000
0.000000
0.000000
0.000000
0.000000
-1.578274
0.639764
0.842412
-1.576724
0.619142
0.852634
0.000000
0.000000
0.000000
0.000000
0.000000
0.000000
-1.143871
0.501691
0.922845
-1.219257
0.464681
0.932765
0.000000
0.000000
0.000000
0.000000
0.000000
0.000000
-1.341673
1.008939
0.685020
-1.357580
0.987028
0.685470
0.000000
0.000000
0.000000
0.000000
0.000000
0.000000
-1.222924
1.056598
0.674129
-1.291422
1.000203
0.683795
-1.326278
0.837119
0.958664
-1.417670
0.854735
0.846616
-1.313794
0.817079
0.958664
-1.387508
0.863142
0.844096
0.000000
0.000000
0.000000
0.000000
0.000000
0.000000
-1.273037
0.523557
0.784454
-1.264208
0.509379
0.812995
0.000000
0.000000
0.000000
0.000000
0.000000
0.000000
-0.809955
1.679837
0.705748
-0.971797
1.393117
0.719149
0.000000
0.000000
0.000000
0.000000
0.000000
0.000000
-1.344509
0.551132
0.780695
-1.387022
0.549146
0.807535
0.000000
0.000000
0.000000
0.000000
0.000000
0.000000
-1.374046
0.840586
0.722161
-1.461005
0.809809
0.830090
0.000000
0.000000
0.000000
0.000000
0.000000
0.000000
0.000000
0.000000
0.000000
-1.237145
0.701006
0.655734
0.000000
0.000000
0.000000
0.000000
0.000000
0.000000
-1.435448
0.561944
0.837002
-1.470304
0.531975
0.852655
0.000000
0.000000
0.000000
0.000000
0.000000
0.000000
-1.556830
0.429423
0.876252
-1.584829
0.442386
0.878733
0.000000
0.000000
0.000000
0.000000
0.000000
0.000000
0.000000
0.000000
0.000000
-0.983646
0.768538
0.750281
0.000000
0.000000
0.000000
0.000000
0.000000
0.000000
-1.636842
0.570495
0.845007
-1.666653
0.565058
0.851211
0.000000
0.000000
0.000000
0.000000
0.000000
0.000000
-1.200303
1.082442
0.793363
-1.303821
1.006527
0.690476
0.000000
0.000000
0.000000
0.000000
0.000000
0.000000
-1.372622
0.385253
0.892555
-1.488635
0.371493
0.868103
0.000000
0.000000
0.000000
0.000000
0.000000
0.000000
0.000000
0.000000
0.000000
-1.143078
0.748104
0.758345
0.000000
0.000000
0.000000
0.000000
0.000000
0.000000
-1.379295
0.988199
0.654596
-1.488423
0.960731
0.670466
0.000000
0.000000
0.000000
0.000000
0.000000
0.000000
-1.239646
0.648548
0.792028
-1.192982
0.727867
0.792650
0.000000
0.000000
0.000000
0.000000
0.000000
0.000000
-1.244049
0.845782
0.608674
-1.267127
0.882287
0.662451
0.000000
0.000000
0.000000
0.000000
0.000000
0.000000
-1.352482
1.347112
0.491357
-1.400172
1.298188
0.529306
0.000000
0.000000
0.000000
0.000000
0.000000
0.000000
-1.160208
1.024680
0.725796
-1.022575
1.270827
0.630746
0.000000
0.000000
0.000000
0.000000
0.000000
0.000000
-1.090644
0.689732
0.688222
-1.057290
0.625944
0.816931
0.000000
0.000000
0.000000
0.000000
0.000000
0.000000
-1.409306
0.825576
0.743592
-1.438447
0.813242
0.754540
0.000000
0.000000
0.000000
0.000000
0.000000
0.000000
-1.383042
0.531323
0.775896
-1.326556
0.838592
0.843626
0.000000
0.000000
0.000000
0.000000
0.000000
0.000000
-1.331368
0.490644
0.685832
-1.426366
0.668807
1.000284
0.000000
0.000000
0.000000
0.000000
0.000000
0.000000
-1.492362
0.850475
0.716454
-1.530853
0.830663
0.749511
0.000000
0.000000
0.000000
0.000000
0.000000
0.000000
-1.275400
0.744576
0.733646
-1.259094
0.877986
0.831025
-1.141944
1.005799
0.451804
-1.049471
1.382881
0.459703
-1.128417
0.972252
0.462184
-1.027353
1.291746
0.484140
0.000000
0.000000
0.000000
0.000000
0.000000
0.000000
-1.359402
0.665207
0.927961
-1.452247
0.470526
0.880195
0.000000
0.000000
0.000000
0.000000
0.000000
0.000000
-1.149863
0.869001
0.665783
-1.225579
0.700193
0.732426
0.000000
0.000000
0.000000
0.000000
0.000000
0.000000
-1.120956
0.716065
0.825306
-1.182671
0.651015
0.780096
0.000000
0.000000
0.000000
0.000000
0.000000
0.000000
-1.288250
1.047671
0.852213
-1.317532
0.944580
0.732349
0.000000
0.000000
0.000000
0.000000
0.000000
0.000000
-1.325257
0.557101
0.855092
-1.456555
0.552011
0.838739
0.000000
0.000000
0.000000
0.000000
0.000000
0.000000
0.000000
0.000000
0.000000
-1.190963
0.563822
0.683951
0.000000
0.000000
0.000000
0.000000
0.000000
0.000000
-1.190362
0.551510
0.791260
-1.130388
0.548770
0.810316
0.000000
0.000000
0.000000
0.000000
0.000000
0.000000
-1.328844
1.112756
0.765449
-1.331579
0.921892
0.773615
-1.286004
1.081644
0.531283
-1.300668
1.141606
0.536770
-1.201230
0.502464
0.786017
-1.203039
0.518002
0.810832
0.000000
0.000000
0.000000
0.000000
0.000000
0.000000
-1.615192
0.373805
0.891717
-1.643675
0.385740
0.893493
0.000000
0.000000
0.000000
0.000000
0.000000
0.000000
-1.199085
0.932522
0.696020
-1.272943
0.981493
0.651981
0.000000
0.000000
0.000000
0.000000
0.000000
0.000000
-1.300520
0.656485
0.849507
-1.297350
0.945020
0.780252
0.000000
0.000000
0.000000
0.000000
0.000000
0.000000
0.000000
0.000000
0.000000
-1.274694
0.678912
0.789677
0.000000
0.000000
0.000000
0.000000
0.000000
0.000000
-1.395981
0.805947
0.772403
-1.425584
0.794770
0.774600
0.000000
0.000000
0.000000
0.000000
0.000000
0.000000
-1.021423
1.082104
0.786126
-1.258743
1.107970
0.758366
0.000000
0.000000
0.000000
0.000000
0.000000
0.000000
-1.409506
0.954772
0.695766
-1.478334
0.922742
0.727699
0.000000
0.000000
0.000000
0.000000
0.000000
0.000000
-1.400427
0.514974
0.886858
-1.478723
0.408309
0.882379
0.000000
0.000000
0.000000
0.000000
0.000000
0.000000
-0.971300
0.981856
0.674877
-1.088045
0.862003
0.752859
0.000000
0.000000
0.000000
0.000000
0.000000
0.000000
0.000000
0.000000
0.000000
-1.060415
0.700182
0.644623
0.000000
0.000000
0.000000
0.000000
0.000000
0.000000
-1.255708
0.831368
0.708377
-1.309824
0.741907
0.762577
0.000000
0.000000
0.000000
0.000000
0.000000
0.000000
-1.255657
0.887190
0.730252
-1.314966
0.782408
0.750190
0.000000
0.000000
0.000000
0.000000
0.000000
0.000000
0.000000
0.000000
0.000000
-1.104873
0.915205
0.738879
0.000000
0.000000
0.000000
0.000000
0.000000
0.000000
0.000000
0.000000
0.000000
-0.858228
1.428779
0.738091
0.000000
0.000000
0.000000
0.000000
0.000000
0.000000
-1.048489
0.896918
0.767888
-1.077357
1.015305
0.651376
0.000000
0.000000
0.000000
0.000000
0.000000
0.000000
-1.325683
0.715664
0.746462
-1.439300
0.628560
0.711486
0.000000
0.000000
0.000000
0.000000
0.000000
0.000000
0.000000
0.000000
0.000000
-1.010475
1.147921
0.655190
-1.288930
0.595146
0.684702
-1.200963
0.702760
0.881299
-1.281468
0.608831
0.684702
-1.187866
0.724553
0.878852
-1.205322
0.852888
0.768781
-1.227441
0.712705
0.899644
-1.203994
0.873639
0.768781
-1.235788
0.726960
0.896302
0.000000
0.000000
0.000000
0.000000
0.000000
0.000000
-1.409409
0.725712
0.789147
-1.447968
0.733387
0.782278
0.000000
0.000000
0.000000
0.000000
0.000000
0.000000
-1.108921
1.017937
0.715054
-1.241697
0.785362
0.787680
0.000000
0.000000
0.000000
0.000000
0.000000
0.000000
-1.247654
0.582226
1.146590
-1.191253
0.844161
0.960032
0.000000
0.000000
0.000000
0.000000
0.000000
0.000000
-1.206409
0.652438
0.689812
-1.160212
0.920331
0.874585
0.000000
0.000000
0.000000
0.000000
0.000000
0.000000
-1.262983
0.635679
0.821226
-1.327552
0.547006
0.803676
0.000000
0.000000
0.000000
0.000000
0.000000
0.000000
-1.259606
0.486719
0.673804
-1.048851
0.588283
0.937016
0.000000
0.000000
0.000000
0.000000
0.000000
0.000000
-1.380072
0.595805
0.842971
-1.413263
0.577409
0.830626
0.000000
0.000000
0.000000
0.000000
0.000000
0.000000
0.000000
0.000000
0.000000
-1.301223
0.779748
0.850408
-1.274069
0.489034
0.918894
-1.326561
0.402996
0.875942
-1.261303
0.493248
0.918894
-1.338270
0.388681
0.876766
0.000000
0.000000
0.000000
0.000000
0.000000
0.000000
-1.313242
1.095819
0.590732
-1.363004
1.017329
0.641871
0.000000
0.000000
0.000000
0.000000
0.000000
0.000000
-0.969217
1.270898
0.747051
-1.134743
0.938736
0.701736
0.000000
0.000000
0.000000
0.000000
0.000000
0.000000
-1.430673
0.456083
0.739044
-1.401872
0.556627
0.955641
0.000000
0.000000
0.000000
0.000000
0.000000
0.000000
-1.146985
1.004427
0.786487
-1.168074
0.829699
0.726840
0.000000
0.000000
0.000000
0.000000
0.000000
0.000000
-1.233238
0.495131
0.822489
-1.264837
0.393364
0.863525
0.000000
0.000000
0.000000
0.000000
0.000000
0.000000
-1.174803
1.112742
0.582476
-1.132705
1.102050
0.696507
0.000000
0.000000
0.000000
-1.258857
0.354427
0.863018
0.000000
0.000000
0.000000
-1.268972
0.359541
0.863018
0.000000
0.000000
0.000000
-1.315853
0.724206
0.765208
0.000000
0.000000
0.000000
-1.308691
0.679178
0.756952
0.000000
0.000000
0.000000
0.000000
0.000000
0.000000
-1.318506
1.014617
0.668530
-1.431025
0.826492
0.747646
0.000000
0.000000
0.000000
-1.073575
0.705827
0.803619
0.000000
0.000000
0.000000
-1.003588
0.722476
0.803619
0.000000
0.000000
0.000000
0.000000
0.000000
0.000000
-1.252875
0.710625
0.776395
-1.308178
0.696867
0.780631
0.000000
0.000000
0.000000
0.000000
0.000000
0.000000
-1.231233
0.486896
0.881624
-1.269025
0.475458
0.885035
0.000000
0.000000
0.000000
0.000000
0.000000
0.000000
-1.341911
0.480659
0.745498
-1.360870
0.549374
0.851511
0.000000
0.000000
0.000000
0.000000
0.000000
0.000000
-1.287067
0.743533
0.699367
-1.304443
0.813244
0.734628
0.000000
0.000000
0.000000
0.000000
0.000000
0.000000
-1.318036
0.547750
0.833300
-1.353938
0.561128
0.829644
0.000000
0.000000
0.000000
0.000000
0.000000
0.000000
-1.166816
0.884050
0.735300
-1.223896
1.029166
0.669280
0.000000
0.000000
0.000000
0.000000
0.000000
0.000000
-1.274878
0.713845
0.861066
-1.328699
0.504951
0.863522
0.000000
0.000000
0.000000
0.000000
0.000000
0.000000
-1.089725
0.870890
0.780358
-1.059256
1.203402
0.617972
0.000000
0.000000
0.000000
0.000000
0.000000
0.000000
-1.199808
0.951441
0.787040
-1.275114
0.898681
0.812649
0.000000
0.000000
0.000000
0.000000
0.000000
0.000000
-1.371978
0.722438
0.788036
-1.399769
0.708535
0.791813
-1.144142
1.103535
0.613851
-1.083312
1.219279
0.571132
-1.070751
1.177302
0.570727
-1.039348
1.191462
0.564483
0.000000
0.000000
0.000000
0.000000
0.000000
0.000000
-1.375984
0.627230
0.699583
-1.376950
0.610083
0.760662
0.000000
0.000000
0.000000
0.000000
0.000000
0.000000
-0.887674
1.631311
0.784630
-1.043395
1.052338
0.686668
0.000000
0.000000
0.000000
0.000000
0.000000
0.000000
-1.433050
0.999837
0.674972
-1.467968
0.950736
0.715184
-1.269263
0.609234
0.689664
-1.320959
0.569241
0.840865
-1.137682
0.780248
0.639168
-1.148013
0.863686
0.746797
0.000000
0.000000
0.000000
0.000000
0.000000
0.000000
-1.380510
0.696592
0.829560
-1.428343
0.709457
0.838801
0.000000
0.000000
0.000000
0.000000
0.000000
0.000000
-1.197276
1.281769
0.632089
-1.369756
0.927919
0.712179
0.000000
0.000000
0.000000
0.000000
0.000000
0.000000
0.000000
0.000000
0.000000
-1.196346
0.831380
0.691275
-1.120780
1.216254
0.554315
-1.172410
1.226219
0.550221
-1.078512
0.988911
0.657907
-1.153611
0.970065
0.676777
0.000000
0.000000
0.000000
0.000000
0.000000
0.000000
-1.306456
0.631610
0.653950
-1.314961
0.577960
0.806130
0.000000
0.000000
0.000000
0.000000
0.000000
0.000000
0.000000
0.000000
0.000000
-1.377090
0.610479
0.633284
0.000000
0.000000
0.000000
0.000000
0.000000
0.000000
-1.433662
0.451598
0.782171
-1.365111
0.508893
0.877087
0.000000
0.000000
0.000000
0.000000
0.000000
0.000000
-1.184032
0.668801
0.917870
-1.304077
0.637363
0.819740
0.000000
0.000000
0.000000
0.000000
0.000000
0.000000
-1.144446
0.515209
0.895939
-1.161937
0.434621
0.853107
0.000000
0.000000
0.000000
0.000000
0.000000
0.000000
-1.283052
0.706452
0.709265
-1.363302
0.523173
0.854606
0.000000
0.000000
0.000000
0.000000
0.000000
0.000000
-1.413008
0.903393
0.722588
-1.439365
0.916538
0.724047
0.000000
0.000000
0.000000
0.000000
0.000000
0.000000
0.000000
0.000000
0.000000
-1.296326
0.620503
0.710742
0.000000
0.000000
0.000000
0.000000
0.000000
0.000000
-1.041624
0.714308
0.867131
-1.151435
0.590299
0.858923
0.000000
0.000000
0.000000
0.000000
0.000000
0.000000
0.000000
0.000000
0.000000
-1.198726
0.771399
0.588738
0.000000
0.000000
0.000000
0.000000
0.000000
0.000000
-1.460528
0.972502
0.725430
-1.482170
0.958793
0.693304
0.000000
0.000000
0.000000
0.000000
0.000000
0.000000
-1.149399
0.682732
0.821916
-1.252305
0.477456
0.851093
0.000000
0.000000
0.000000
0.000000
0.000000
0.000000
-1.197010
0.699666
0.715844
-1.234614
0.877914
0.697113
-1.560456
0.374177
0.741581
-1.471396
0.630052
0.962881
-1.550763
0.380868
0.741581
-1.439083
0.615352
0.962881
0.000000
0.000000
0.000000
0.000000
0.000000
0.000000
-1.116563
0.605253
0.808709
-1.079402
0.585474
0.753981
0.000000
0.000000
0.000000
0.000000
0.000000
0.000000
-1.254479
1.143510
0.865622
-1.266205
1.131263
0.734901
0.000000
0.000000
0.000000
0.000000
0.000000
0.000000
-1.713731
0.326939
0.899466
-1.700376
0.367181
0.890300
0.000000
0.000000
0.000000
0.000000
0.000000
0.000000
-1.030650
0.847305
0.722755
-0.953694
1.234026
0.608114
0.000000
0.000000
0.000000
0.000000
0.000000
0.000000
-1.423231
0.675828
0.825099
-1.461508
0.639411
0.828040
0.000000
0.000000
0.000000
0.000000
0.000000
0.000000
-0.954428
1.449010
0.672095
-1.068439
0.963954
0.600614
0.000000
0.000000
0.000000
0.000000
0.000000
0.000000
-1.244990
0.499494
0.746113
-1.221535
0.564423
0.832691
-1.051885
0.674254
0.786454
-1.126532
0.595352
0.782007
-1.033208
0.675099
0.782944
-1.072359
0.633398
0.754469
0.000000
0.000000
0.000000
0.000000
0.000000
0.000000
-1.311840
0.809805
0.673201
-1.395119
0.884969
0.677863
0.000000
0.000000
0.000000
0.000000
0.000000
0.000000
-1.166480
0.885399
0.637071
-1.175548
0.821840
0.692440
0.000000
0.000000
0.000000
0.000000
0.000000
0.000000
-1.226900
0.613165
0.671302
-1.330556
0.448026
0.891567
0.000000
0.000000
0.000000
0.000000
0.000000
0.000000
-1.074316
0.744336
0.814504
-1.158382
0.682472
0.766236
0.000000
0.000000
0.000000
0.000000
0.000000
0.000000
0.000000
0.000000
0.000000
-1.078342
0.869071
0.782337
0.000000
0.000000
0.000000
0.000000
0.000000
0.000000
-1.329764
0.480411
0.939932
-1.273080
0.549772
0.899053
0.000000
0.000000
0.000000
0.000000
0.000000
0.000000
-1.529738
0.478041
0.564863
-1.294968
1.029174
0.902704
-0.974401
0.718722
0.859901
-1.036199
0.777564
0.801089
-0.952311
0.706955
0.859901
-0.992286
0.783880
0.795339
0.000000
0.000000
0.000000
0.000000
0.000000
0.000000
-1.261921
0.750625
0.760320
-1.172437
0.832261
0.735034
0.000000
0.000000
0.000000
0.000000
0.000000
0.000000
-0.763295
1.288314
0.653800
-0.970975
0.813972
0.491987
0.000000
0.000000
0.000000
0.000000
0.000000
0.000000
-1.484459
0.830398
0.824218
-1.540241
0.730215
0.764583
0.000000
0.000000
0.000000
0.000000
0.000000
0.000000
-1.359612
0.402445
0.678066
-1.282970
0.478565
0.910552
0.000000
0.000000
0.000000
0.000000
0.000000
0.000000
-0.884821
0.938603
0.645194
-0.901113
0.904983
0.534842
0.000000
0.000000
0.000000
0.000000
0.000000
0.000000
-1.309424
0.407760
0.863648
-1.387642
0.424490
0.872196
0.000000
0.000000
0.000000
0.000000
0.000000
0.000000
-0.971495
1.628963
0.579498
-1.250253
1.304994
0.455063
0.000000
0.000000
0.000000
0.000000
0.000000
0.000000
-1.436825
0.385747
0.874440
-1.456623
0.425481
0.884341
0.000000
0.000000
0.000000
0.000000
0.000000
0.000000
-1.449175
0.467838
0.840084
-1.423461
0.604314
0.849963
0.000000
0.000000
0.000000
0.000000
0.000000
0.000000
-1.325548
0.872665
0.718792
-1.421074
0.912263
0.816277
0.000000
0.000000
0.000000
0.000000
0.000000
0.000000
-1.206580
0.576766
0.821921
-1.331836
0.456325
0.828181
0.000000
0.000000
0.000000
0.000000
0.000000
0.000000
-1.192115
0.677857
0.823708
-1.222332
0.633790
0.819951
0.000000
0.000000
0.000000
0.000000
0.000000
0.000000
-1.208687
1.055208
0.669091
-1.259208
0.945978
0.639262
0.000000
0.000000
0.000000
0.000000
0.000000
0.000000
0.000000
0.000000
0.000000
-1.097731
0.961727
0.667554
0.000000
0.000000
0.000000
0.000000
0.000000
0.000000
-1.043671
0.577998
0.978961
-1.200833
0.547592
0.832929
0.000000
0.000000
0.000000
0.000000
0.000000
0.000000
-0.915957
0.870524
0.623835
-0.947998
0.980623
0.750716
0.000000
0.000000
0.000000
0.000000
0.000000
0.000000
-1.291444
0.984120
0.618619
-1.287643
1.114746
0.606703
0.000000
0.000000
0.000000
-1.349021
0.650167
0.727681
0.000000
0.000000
0.000000
-1.332589
0.658002
0.727681
0.000000
0.000000
0.000000
0.000000
0.000000
0.000000
-1.319902
0.572148
0.824364
-1.344715
0.592029
0.823546
0.000000
0.000000
0.000000
0.000000
0.000000
0.000000
0.000000
0.000000
0.000000
-1.274355
0.762878
0.647381
0.000000
0.000000
0.000000
0.000000
0.000000
0.000000
0.000000
0.000000
0.000000
-1.279948
0.474566
0.801495
0.000000
0.000000
0.000000
0.000000
0.000000
0.000000
-1.058882
0.653519
0.957002
-1.116077
0.535067
0.823065
0.000000
0.000000
0.000000
0.000000
0.000000
0.000000
-1.221552
1.080330
0.715324
-1.194918
1.011206
0.686693
-1.160055
0.898408
0.666994
-1.123058
0.927548
0.660315
-1.105814
0.842054
0.678784
-1.054814
0.845156
0.694872
0.000000
0.000000
0.000000
0.000000
0.000000
0.000000
0.000000
0.000000
0.000000
-1.128342
0.946103
0.810423
0.000000
0.000000
0.000000
0.000000
0.000000
0.000000
-1.468718
0.851786
0.889135
-1.509259
0.912655
0.770520
0.000000
0.000000
0.000000
0.000000
0.000000
0.000000
-1.360901
0.514558
0.864394
-1.375865
0.530486
0.854037
0.000000
0.000000
0.000000
0.000000
0.000000
0.000000
0.000000
0.000000
0.000000
-1.309093
0.744028
0.712017
0.000000
0.000000
0.000000
0.000000
0.000000
0.000000
-1.310565
0.717919
0.638855
-1.262183
0.965952
0.826144
0.000000
0.000000
0.000000
0.000000
0.000000
0.000000
-1.214742
0.520565
0.724742
-1.282711
0.692409
0.906258
0.000000
0.000000
0.000000
0.000000
0.000000
0.000000
-1.009732
0.497396
0.751237
-0.904238
0.682442
0.778986
0.000000
0.000000
0.000000
0.000000
0.000000
0.000000
-1.089511
0.929992
0.701911
-1.211967
0.797375
0.778023
0.000000
0.000000
0.000000
0.000000
0.000000
0.000000
-1.198205
0.629972
0.697951
-1.194225
0.607101
0.731460
0.000000
0.000000
0.000000
0.000000
0.000000
0.000000
-1.301819
1.598590
0.748108
-1.448471
1.105992
0.558703
0.000000
0.000000
0.000000
0.000000
0.000000
0.000000
-1.154884
0.949453
0.602937
-1.273689
0.816755
0.689203
0.000000
0.000000
0.000000
0.000000
0.000000
0.000000
-1.319681
0.474207
0.657953
-1.254494
0.593877
0.989922
0.000000
0.000000
0.000000
0.000000
0.000000
0.000000
-1.309372
0.563976
0.827004
-1.436020
0.411997
0.892244
0.000000
0.000000
0.000000
0.000000
0.000000
0.000000
-0.941402
1.313894
0.741210
-1.159530
0.951581
0.635897
0.000000
0.000000
0.000000
0.000000
0.000000
0.000000
0.000000
0.000000
0.000000
-1.521318
0.506241
0.721108
0.000000
0.000000
0.000000
0.000000
0.000000
0.000000
-1.356075
0.701679
0.772759
-1.361556
0.671365
0.796478
-1.436695
0.907711
0.741101
-1.440036
0.941956
0.646634
-1.295685
0.853796
0.743135
-1.332757
0.797899
0.707177
0.000000
0.000000
0.000000
0.000000
0.000000
0.000000
-1.153137
0.664677
0.677549
-1.108422
0.939308
0.714760
0.000000
0.000000
0.000000
0.000000
0.000000
0.000000
-1.436881
1.025720
0.662529
-1.452937
1.042079
0.653100
0.000000
0.000000
0.000000
0.000000
0.000000
0.000000
-1.215652
0.594263
0.805184
-1.149325
0.736515
0.787711
-1.248406
0.607261
0.650687
-0.930247
1.669432
0.690772
-1.120976
0.919443
0.617117
-1.221201
0.826065
0.627461
-0.456987
2.021486
0.771077
-0.799730
1.028692
0.664261
-0.402055
2.059238
0.771077
-0.752816
1.046232
0.666048
-1.431943
0.455455
0.789804
-1.532185
0.348973
0.860062
-1.415814
0.465114
0.789804
-1.535555
0.346210
0.860062
0.000000
0.000000
0.000000
0.000000
0.000000
0.000000
-1.108596
0.869133
0.714006
-1.195100
0.814424
0.715563
0.000000
0.000000
0.000000
0.000000
0.000000
0.000000
-1.186411
1.054666
0.706152
-1.281083
1.151554
0.674571
-1.039910
0.678671
0.674847
-1.059880
0.761142
0.779777
-1.031628
0.695383
0.676336
-1.028732
0.831881
0.760966
0.000000
0.000000
0.000000
0.000000
0.000000
0.000000
-1.544300
0.430469
0.927622
-1.620454
0.484635
0.832756
0.000000
0.000000
0.000000
0.000000
0.000000
0.000000
-1.382530
1.237138
0.497713
-1.427902
1.270348
0.518591
0.000000
0.000000
0.000000
0.000000
0.000000
0.000000
-1.148302
0.687712
0.739542
-1.192803
0.693422
0.858154
0.000000
0.000000
0.000000
0.000000
0.000000
0.000000
0.000000
0.000000
0.000000
-1.363697
1.065790
0.782440
0.000000
0.000000
0.000000
0.000000
0.000000
0.000000
-1.198421
1.231559
0.690079
-1.237052
1.345425
0.655144
0.000000
0.000000
0.000000
0.000000
0.000000
0.000000
-1.210556
0.904219
0.760385
-1.283308
0.867736
0.743916
-0.899384
0.948981
0.632257
-1.037266
0.858599
0.740498
-0.880850
0.800464
0.621373
-1.038274
0.799658
0.779714
0.000000
0.000000
0.000000
0.000000
0.000000
0.000000
-1.339489
0.744003
0.778395
-1.390350
0.752728
0.795086
0.000000
0.000000
0.000000
0.000000
0.000000
0.000000
0.000000
0.000000
0.000000
-1.181480
0.489835
0.744883
0.000000
0.000000
0.000000
0.000000
0.000000
0.000000
0.000000
0.000000
0.000000
-1.269708
0.477493
0.693794
0.000000
0.000000
0.000000
0.000000
0.000000
0.000000
-1.204751
0.827356
0.750033
-1.336213
0.699076
0.794059
0.000000
0.000000
0.000000
0.000000
0.000000
0.000000
-1.231848
1.052788
0.784908
-1.292855
1.183217
0.689603
0.000000
0.000000
0.000000
0.000000
0.000000
0.000000
-1.088939
1.255666
0.708765
-1.250111
0.860112
0.585705
-1.266150
0.799819
0.826104
-1.334292
0.664888
0.826588
-1.273555
0.814464
0.838411
-1.335604
0.672778
0.827288
0.000000
0.000000
0.000000
0.000000
0.000000
0.000000
-1.201618
0.869774
0.664715
-1.253609
0.893971
0.682018
0.000000
0.000000
0.000000
0.000000
0.000000
0.000000
-1.297631
0.683693
0.771151
-1.370867
0.706401
0.835970
0.000000
0.000000
0.000000
0.000000
0.000000
0.000000
0.000000
0.000000
0.000000
-1.194634
0.700855
0.756878
0.000000
0.000000
0.000000
0.000000
0.000000
0.000000
-1.250778
0.792363
0.746680
-1.286220
0.800710
0.741750
0.000000
0.000000
0.000000
0.000000
0.000000
0.000000
-1.153940
0.905863
0.781083
-1.229178
0.730877
0.753836
0.000000
0.000000
0.000000
0.000000
0.000000
0.000000
-1.372024
1.034203
0.581156
-1.381394
1.015563
0.599505
0.000000
0.000000
0.000000
0.000000
0.000000
0.000000
-1.375293
0.475654
0.868295
-1.462198
0.353808
0.891455
0.000000
0.000000
0.000000
0.000000
0.000000
0.000000
-1.008742
1.378773
0.615752
-1.033733
1.165096
0.492127
-1.236338
0.644578
0.822076
-1.292035
0.702557
0.812969
-1.196333
0.637806
0.832659
-1.221035
0.693209
0.812032
0.000000
0.000000
0.000000
0.000000
0.000000
0.000000
-1.089334
1.095784
0.542678
-1.099319
1.198723
0.649276
0.000000
0.000000
0.000000
0.000000
0.000000
0.000000
-1.225356
0.727224
0.758016
-1.265824
0.750762
0.757709
0.000000
0.000000
0.000000
0.000000
0.000000
0.000000
-1.329417
0.568769
0.785905
-1.293409
0.610440
0.790629
0.000000
0.000000
0.000000
0.000000
0.000000
0.000000
-1.240759
0.620112
0.716842
-1.123684
0.823974
0.812513
0.000000
0.000000
0.000000
0.000000
0.000000
0.000000
-1.278299
0.956365
0.794697
-1.258584
1.133360
0.641721
0.000000
0.000000
0.000000
0.000000
0.000000
0.000000
-1.375812
0.812749
0.728744
-1.369161
0.801786
0.712515
0.000000
0.000000
0.000000
0.000000
0.000000
0.000000
-1.316852
0.994098
0.668373
-1.365681
0.943304
0.656662
0.000000
0.000000
0.000000
0.000000
0.000000
0.000000
-1.489228
0.580137
0.849633
-1.531752
0.541500
0.859935
0.000000
0.000000
0.000000
0.000000
0.000000
0.000000
-1.200456
0.638402
0.698103
-1.150438
0.790347
0.836521
0.000000
0.000000
0.000000
-0.885504
1.333689
0.802378
0.000000
0.000000
0.000000
-0.855633
1.357260
0.802378
0.000000
0.000000
0.000000
0.000000
0.000000
0.000000
0.000000
0.000000
0.000000
-1.191399
0.915362
0.722732
0.000000
0.000000
0.000000
0.000000
0.000000
0.000000
0.000000
0.000000
0.000000
-1.037397
0.857143
0.656510
0.000000
0.000000
0.000000
0.000000
0.000000
0.000000
0.000000
0.000000
0.000000
-1.164824
0.714627
0.793819
0.000000
0.000000
0.000000
0.000000
0.000000
0.000000
0.000000
0.000000
0.000000
-0.991323
0.824852
0.601844
0.000000
0.000000
0.000000
0.000000
0.000000
0.000000
-1.374449
0.300853
0.883398
-1.456383
0.250775
0.892514
0.000000
0.000000
0.000000
0.000000
0.000000
0.000000
-1.314885
0.869526
0.740047
-1.342022
0.874682
0.740725
0.000000
0.000000
0.000000
0.000000
0.000000
0.000000
-1.295772
1.039379
0.636969
-1.362074
0.848517
0.738673
-1.333556
0.397331
0.680202
-1.416878
0.361716
0.925878
-1.307464
0.404817
0.680202
-1.275490
0.459295
0.853146
0.000000
0.000000
0.000000
0.000000
0.000000
0.000000
-1.161308
1.085470
0.718758
-1.245519
1.368818
0.609569
0.000000
0.000000
0.000000
0.000000
0.000000
0.000000
-1.398449
0.992582
0.735421
-1.423059
1.026447
0.679038
0.000000
0.000000
0.000000
0.000000
0.000000
0.000000
0.000000
0.000000
0.000000
-1.080075
0.742820
0.864413
0.000000
0.000000
0.000000
0.000000
0.000000
0.000000
0.000000
0.000000
0.000000
-1.168336
0.775463
0.579062
0.000000
0.000000
0.000000
0.000000
0.000000
0.000000
0.000000
0.000000
0.000000
-1.203859
0.968113
0.786431
0.000000
0.000000
0.000000
0.000000
0.000000
0.000000
-1.345601
0.694416
0.713647
-1.363029
0.816095
0.771717
0.000000
0.000000
0.000000
0.000000
0.000000
0.000000
-1.368176
1.006093
0.641749
-1.412224
0.972836
0.669681
0.000000
0.000000
0.000000
0.000000
0.000000
0.000000
-1.054792
0.854158
0.713504
-1.066960
0.788014
0.691227
0.000000
0.000000
0.000000
0.000000
0.000000
0.000000
-1.258117
0.824125
0.710500
-1.366117
0.724294
0.797340
0.000000
0.000000
0.000000
0.000000
0.000000
0.000000
-1.152291
0.538036
0.736826
-1.209564
0.593706
0.791324
0.000000
0.000000
0.000000
0.000000
0.000000
0.000000
-1.276545
0.539229
0.791531
-1.290130
0.630525
0.777305
0.000000
0.000000
0.000000
0.000000
0.000000
0.000000
-1.095293
0.523122
0.848174
-1.175441
0.487447
0.859601
0.000000
0.000000
0.000000
0.000000
0.000000
0.000000
0.000000
0.000000
0.000000
-1.385163
0.402432
0.758698
0.000000
0.000000
0.000000
0.000000
0.000000
0.000000
-1.183638
0.740195
0.812318
-1.269486
0.680976
0.795734
0.000000
0.000000
0.000000
0.000000
0.000000
0.000000
-1.381421
0.386915
0.941318
-1.356439
0.417304
0.859796
0.000000
0.000000
0.000000
0.000000
0.000000
0.000000
-1.198445
0.597958
0.858531
-1.327079
0.725256
0.835118
0.000000
0.000000
0.000000
0.000000
0.000000
0.000000
-1.079278
0.548912
0.891062
-1.101917
0.645191
0.811301
0.000000
0.000000
0.000000
0.000000
0.000000
0.000000
-1.162594
0.820161
0.796745
-1.223571
0.874809
0.746306
0.000000
0.000000
0.000000
0.000000
0.000000
0.000000
-1.031895
2.106638
0.726581
-1.232381
1.395955
0.539700
0.000000
0.000000
0.000000
0.000000
0.000000
0.000000
-1.303548
0.791232
0.785421
-1.335989
0.801692
0.746869
0.000000
0.000000
0.000000
0.000000
0.000000
0.000000
-1.154181
0.750946
0.699018
-1.240203
0.845561
0.756135
0.000000
0.000000
0.000000
0.000000
0.000000
0.000000
-1.467560
0.705419
0.792476
-1.474131
0.760648
0.800802
0.000000
0.000000
0.000000
0.000000
0.000000
0.000000
-1.238520
0.882619
0.854981
-1.321367
0.830920
0.842123
0.000000
0.000000
0.000000
0.000000
0.000000
0.000000
-1.284610
0.996542
0.647275
-1.301524
0.984592
0.678917
0.000000
0.000000
0.000000
0.000000
0.000000
0.000000
-1.090224
0.767533
0.794936
-1.101172
0.841407
0.748312
-1.283207
0.629869
0.579042
-1.157154
0.843488
0.835112
-1.235751
0.646433
0.579042
-1.128723
0.810168
0.833324
0.000000
0.000000
0.000000
0.000000
0.000000
0.000000
-1.396725
0.838122
0.736032
-1.389646
0.984250
0.703693
-1.321236
0.466532
0.893564
-1.357490
0.485186
0.870605
-1.255492
0.567495
0.862936
-1.330689
0.548171
0.857296
0.000000
0.000000
0.000000
0.000000
0.000000
0.000000
-0.997734
2.525068
0.752828
-1.181889
1.354111
0.696273
0.000000
0.000000
0.000000
0.000000
0.000000
0.000000
-1.136301
0.540329
0.742337
-1.232909
0.474943
0.830038
0.000000
0.000000
0.000000
0.000000
0.000000
0.000000
-1.359355
0.780012
0.726825
-1.411817
0.768133
0.762631
0.000000
0.000000
0.000000
0.000000
0.000000
0.000000
-1.263728
0.604944
0.886417
-1.166621
0.746576
0.834220
-1.102256
0.740135
0.833552
-1.097043
0.674135
0.712568
-1.079526
0.765663
0.833552
-1.055885
0.677077
0.716031
0.000000
0.000000
0.000000
-1.205182
1.146223
0.881965
0.000000
0.000000
0.000000
-1.194509
1.162003
0.881965
0.000000
0.000000
0.000000
0.000000
0.000000
0.000000
-1.210778
0.838090
0.699588
-1.309040
0.775952
0.736567
0.000000
0.000000
0.000000
0.000000
0.000000
0.000000
-1.505982
0.972791
0.701248
-1.518678
0.978936
0.679191
0.000000
0.000000
0.000000
0.000000
0.000000
0.000000
0.000000
0.000000
0.000000
-1.291912
0.410749
0.713334
0.000000
0.000000
0.000000
0.000000
0.000000
0.000000
-1.194111
1.141924
0.690365
-1.230045
1.008844
0.672463
0.000000
0.000000
0.000000
0.000000
0.000000
0.000000
-1.147551
0.805642
0.733748
-1.179227
0.830989
0.687265
0.000000
0.000000
0.000000
0.000000
0.000000
0.000000
-1.451685
0.947062
0.747320
-1.489679
0.833052
0.730756
0.000000
0.000000
0.000000
0.000000
0.000000
0.000000
-1.561379
0.261828
0.898431
-1.597089
0.255436
0.904300
0.000000
0.000000
0.000000
0.000000
0.000000
0.000000
-1.299008
0.837263
0.737039
-1.324667
0.920166
0.690152
0.000000
0.000000
0.000000
0.000000
0.000000
0.000000
-1.221118
0.392904
0.756142
-1.361357
0.292113
0.945519
0.000000
0.000000
0.000000
0.000000
0.000000
0.000000
-1.230299
0.652233
0.781381
-1.298400
0.752403
0.741327
0.000000
0.000000
0.000000
0.000000
0.000000
0.000000
-1.368778
0.910617
0.851778
-1.440515
0.686745
0.768418
0.000000
0.000000
0.000000
0.000000
0.000000
0.000000
-1.519826
0.521485
0.889524
-1.614827
0.491887
0.863757
0.000000
0.000000
0.000000
0.000000
0.000000
0.000000
-1.199356
0.535307
0.767579
-1.216373
0.584400
0.791400
0.000000
0.000000
0.000000
0.000000
0.000000
0.000000
-1.284912
0.677208
0.658239
-1.287378
0.748402
0.831025
0.000000
0.000000
0.000000
0.000000
0.000000
0.000000
-1.199546
0.837403
0.860251
-1.135586
1.038219
0.772754
0.000000
0.000000
0.000000
0.000000
0.000000
0.000000
-1.106380
0.790118
0.790787
-1.199364
0.797593
0.779061
0.000000
0.000000
0.000000
0.000000
0.000000
0.000000
0.000000
0.000000
0.000000
-1.199576
1.112043
0.726317
0.000000
0.000000
0.000000
0.000000
0.000000
0.000000
-1.453652
0.836920
0.665297
-1.521442
0.549975
0.757974
0.000000
0.000000
0.000000
0.000000
0.000000
0.000000
-1.288763
0.700679
0.737879
-1.212081
1.086431
0.708703
0.000000
0.000000
0.000000
0.000000
0.000000
0.000000
-1.547590
0.390534
0.837762
-1.616428
0.396110
0.884312
0.000000
0.000000
0.000000
0.000000
0.000000
0.000000
-1.390348
0.540720
0.856065
-1.403722
0.562909
0.837912
0.000000
0.000000
0.000000
0.000000
0.000000
0.000000
-0.925990
0.687705
0.688048
-0.914075
0.815255
0.646586
0.000000
0.000000
0.000000
0.000000
0.000000
0.000000
-1.424370
0.696008
0.833027
-1.424509
0.675945
0.773545
0.000000
0.000000
0.000000
0.000000
0.000000
0.000000
-1.356250
0.936482
0.676642
-1.386589
0.986718
0.669585
0.000000
0.000000
0.000000
0.000000
0.000000
0.000000
-1.261694
0.786793
0.745777
-1.450003
0.590327
0.873074
0.000000
0.000000
0.000000
0.000000
0.000000
0.000000
-1.153977
0.798327
0.894738
-1.191182
0.781811
0.798093
0.000000
0.000000
0.000000
0.000000
0.000000
0.000000
-1.095302
0.762837
0.644766
-1.062241
0.738048
0.813512
0.000000
0.000000
0.000000
0.000000
0.000000
0.000000
-1.419008
0.752466
0.807575
-1.505534
0.623132
0.796513
0.000000
0.000000
0.000000
0.000000
0.000000
0.000000
-1.558461
0.592277
0.847453
-1.579508
0.597948
0.847743
0.000000
0.000000
0.000000
0.000000
0.000000
0.000000
0.000000
0.000000
0.000000
-0.832117
0.835100
0.760333
0.000000
0.000000
0.000000
0.000000
0.000000
0.000000
-1.091490
0.842353
0.782082
-1.203209
0.717434
0.782936
0.000000
0.000000
0.000000
0.000000
0.000000
0.000000
0.000000
0.000000
0.000000
-1.187403
0.781895
0.634781
0.000000
0.000000
0.000000
0.000000
0.000000
0.000000
-1.523956
0.321548
0.865919
-1.531158
0.365484
0.886827
0.000000
0.000000
0.000000
0.000000
0.000000
0.000000
-1.363177
0.486574
1.179237
-1.516584
0.322952
0.965929
0.000000
0.000000
0.000000
0.000000
0.000000
0.000000
0.000000
0.000000
0.000000
-1.121947
0.567256
0.886031
0.000000
0.000000
0.000000
0.000000
0.000000
0.000000
-1.330334
0.421619
0.873801
-1.364198
0.391147
0.867599
0.000000
0.000000
0.000000
0.000000
0.000000
0.000000
-1.489476
0.453020
0.875868
-1.515691
0.453955
0.864712
0.000000
0.000000
0.000000
0.000000
0.000000
0.000000
-1.236202
0.561517
0.983188
-1.234713
0.492052
0.843156
0.000000
0.000000
0.000000
0.000000
0.000000
0.000000
-1.108032
0.784994
0.752607
-1.261815
0.530338
0.765874
0.000000
0.000000
0.000000
0.000000
0.000000
0.000000
-1.067999
0.744073
0.803974
-1.168559
0.581842
0.815908
0.000000
0.000000
0.000000
0.000000
0.000000
0.000000
-1.178493
0.824586
0.736095
-1.190713
0.843514
0.758004
0.000000
0.000000
0.000000
0.000000
0.000000
0.000000
-1.223704
0.669453
0.754903
-1.051368
0.915555
0.769239
0.000000
0.000000
0.000000
0.000000
0.000000
0.000000
-1.384954
1.167356
0.545995
-1.408128
1.166711
0.574662
0.000000
0.000000
0.000000
0.000000
0.000000
0.000000
0.000000
0.000000
0.000000
-1.012847
1.179973
0.684669
0.000000
0.000000
0.000000
0.000000
0.000000
0.000000
0.000000
0.000000
0.000000
-1.194701
0.594059
0.804079
0.000000
0.000000
0.000000
0.000000
0.000000
0.000000
-1.296141
0.666645
0.786558
-1.312306
0.759715
0.799849
0.000000
0.000000
0.000000
0.000000
0.000000
0.000000
-0.935450
1.066166
0.795796
-0.937726
0.917451
0.634561
-1.158884
0.836998
0.711818
-1.051389
0.995874
0.667364
-1.159565
0.812936
0.656970
-1.024578
1.037042
0.649409
0.000000
0.000000
0.000000
0.000000
0.000000
0.000000
-1.401968
0.810536
0.771384
-1.433078
0.796420
0.778659
0.000000
0.000000
0.000000
0.000000
0.000000
0.000000
-1.257877
0.876928
0.763206
-1.265273
0.820679
0.716259
0.000000
0.000000
0.000000
0.000000
0.000000
0.000000
0.000000
0.000000
0.000000
-1.313891
0.446156
0.879737
0.000000
0.000000
0.000000
0.000000
0.000000
0.000000
-1.634286
0.340358
0.891535
-1.671260
0.343059
0.891300
0.000000
0.000000
0.000000
0.000000
0.000000
0.000000
0.000000
0.000000
0.000000
-1.401166
0.584820
0.663340
0.000000
0.000000
0.000000
0.000000
0.000000
0.000000
-1.333145
0.748598
0.685698
-1.341066
0.806490
0.833531
0.000000
0.000000
0.000000
0.000000
0.000000
0.000000
-1.499088
0.353828
0.884576
-1.489644
0.396276
0.883845
0.000000
0.000000
0.000000
0.000000
0.000000
0.000000
-1.310934
0.362265
0.704259
-1.436626
0.383288
0.923449
0.000000
0.000000
0.000000
0.000000
0.000000
0.000000
-0.923283
0.824268
0.871019
-1.040208
0.531075
0.745367
0.000000
0.000000
0.000000
0.000000
0.000000
0.000000
0.000000
0.000000
0.000000
-1.065115
0.818359
0.912017
0.000000
0.000000
0.000000
0.000000
0.000000
0.000000
-1.461292
0.906010
0.655731
-1.449767
1.132390
0.559305
0.000000
0.000000
0.000000
-1.324986
0.639659
0.808657
0.000000
0.000000
0.000000
-1.324026
0.640444
0.808657
0.000000
0.000000
0.000000
0.000000
0.000000
0.000000
-1.147035
0.652508
0.861936
-1.245140
0.509202
0.821114
0.000000
0.000000
0.000000
0.000000
0.000000
0.000000
0.000000
0.000000
0.000000
-1.236286
0.550300
0.772289
0.000000
0.000000
0.000000
0.000000
0.000000
0.000000
-0.973074
1.460505
0.637642
-1.203938
1.204277
0.527932
0.000000
0.000000
0.000000
0.000000
0.000000
0.000000
-1.394283
0.702627
0.767104
-1.423504
0.658506
0.792351
0.000000
0.000000
0.000000
0.000000
0.000000
0.000000
-1.442983
1.120507
0.726585
-1.494822
0.889228
0.724159
0.000000
0.000000
0.000000
0.000000
0.000000
0.000000
-1.248836
0.563351
0.840737
-1.366199
0.391331
0.859347
0.000000
0.000000
0.000000
0.000000
0.000000
0.000000
-1.085360
1.131885
0.666997
-1.217280
1.196064
0.598305
0.000000
0.000000
0.000000
0.000000
0.000000
0.000000
0.000000
0.000000
0.000000
-0.891187
2.598649
0.708803
-1.236282
0.937623
0.796490
-1.305329
0.913929
0.757784
-1.207623
1.013301
0.750816
-1.263371
1.046613
0.652778
0.000000
0.000000
0.000000
0.000000
0.000000
0.000000
-1.056013
0.551392
0.812765
-1.147735
0.548939
0.810785
0.000000
0.000000
0.000000
0.000000
0.000000
0.000000
-1.006073
0.696316
0.594968
-0.951330
0.976273
0.639307
0.000000
0.000000
0.000000
0.000000
0.000000
0.000000
-1.016884
0.910963
0.675513
-1.038962
0.741037
0.611612
0.000000
0.000000
0.000000
0.000000
0.000000
0.000000
0.000000
0.000000
0.000000
-1.222906
0.651151
0.697636
0.000000
0.000000
0.000000
0.000000
0.000000
0.000000
-1.271253
0.583208
0.819845
-1.247371
0.774544
0.827967
0.000000
0.000000
0.000000
0.000000
0.000000
0.000000
-1.308599
0.995658
0.760647
-1.366318
0.806627
0.779753
0.000000
0.000000
0.000000
0.000000
0.000000
0.000000
-1.222052
0.713349
0.684613
-1.443766
0.534432
0.998843
0.000000
0.000000
0.000000
0.000000
0.000000
0.000000
0.000000
0.000000
0.000000
-1.025979
1.277586
0.696558
-1.584399
0.480389
0.859336
-1.549044
0.503612
0.867718
-1.535364
0.531146
0.857363
-1.476391
0.599343
0.852701
0.000000
0.000000
0.000000
0.000000
0.000000
0.000000
-1.420881
0.480322
0.849093
-1.474481
0.467587
0.852385
0.000000
0.000000
0.000000
0.000000
0.000000
0.000000
-1.108256
1.130812
0.849203
-1.158575
0.967084
0.728619
0.000000
0.000000
0.000000
0.000000
0.000000
0.000000
-1.141781
0.638049
0.693029
-1.216274
0.580742
0.764781
0.000000
0.000000
0.000000
0.000000
0.000000
0.000000
-1.246012
0.887499
0.797757
-1.302327
0.722535
0.752367
0.000000
0.000000
0.000000
0.000000
0.000000
0.000000
-1.377067
0.715528
0.811559
-1.428697
0.691177
0.786740
0.000000
0.000000
0.000000
0.000000
0.000000
0.000000
-1.364922
0.609784
0.731979
-1.355448
0.645993
0.752325
-1.090058
0.908524
0.715935
-1.099236
1.046813
0.597998
-1.084689
0.910183
0.715935
-1.093039
1.045289
0.597998
0.000000
0.000000
0.000000
-1.291982
0.740862
0.720327
0.000000
0.000000
0.000000
-1.254738
0.748626
0.720327
0.000000
0.000000
0.000000
0.000000
0.000000
0.000000
-1.517827
0.947160
0.679074
-1.547678
1.065393
0.667408
0.000000
0.000000
0.000000
0.000000
0.000000
0.000000
-1.203565
0.872240
0.687793
-1.215961
0.930993
0.645161
0.000000
0.000000
0.000000
0.000000
0.000000
0.000000
-1.454287
1.033609
0.621278
-1.472132
0.982949
0.677089
-1.307262
0.853073
0.788021
-1.412924
0.700044
0.820704
-1.246319
0.834156
0.790241
-1.323397
0.698815
0.809359
0.000000
0.000000
0.000000
0.000000
0.000000
0.000000
-1.304085
0.685900
0.873661
-1.442261
0.567388
0.850387
0.000000
0.000000
0.000000
0.000000
0.000000
0.000000
-1.247914
0.696565
0.829281
-1.310700
0.674013
0.824466
0.000000
0.000000
0.000000
0.000000
0.000000
0.000000
-1.171605
0.880598
0.666245
-1.207765
0.940964
0.703402
0.000000
0.000000
0.000000
0.000000
0.000000
0.000000
-1.288813
0.901208
0.643041
-1.309652
0.971463
0.647939
0.000000
0.000000
0.000000
0.000000
0.000000
0.000000
-1.377232
0.642240
0.811416
-1.383080
0.631033
0.838796
0.000000
0.000000
0.000000
0.000000
0.000000
0.000000
-1.473320
0.337696
0.902534
-1.506403
0.363734
0.892526
0.000000
0.000000
0.000000
0.000000
0.000000
0.000000
-1.161212
0.937416
0.789121
-1.252420
0.646188
0.778558
0.000000
0.000000
0.000000
0.000000
0.000000
0.000000
-0.920335
1.093252
0.751858
-1.087296
0.769141
0.748349
0.000000
0.000000
0.000000
0.000000
0.000000
0.000000
-0.998581
1.197015
0.625706
-1.118745
1.088087
0.547210
0.000000
0.000000
0.000000
0.000000
0.000000
0.000000
-1.116205
1.041625
0.654999
-1.203814
0.884694
0.698357
0.000000
0.000000
0.000000
-1.302637
0.713005
0.637527
0.000000
0.000000
0.000000
-1.301166
0.720054
0.637527
0.000000
0.000000
0.000000
0.000000
0.000000
0.000000
-1.337318
1.032605
0.630779
-1.372873
1.034639
0.642667
0.000000
0.000000
0.000000
0.000000
0.000000
0.000000
-1.263453
0.490253
0.609470
-1.213701
0.507171
1.131058
0.000000
0.000000
0.000000
0.000000
0.000000
0.000000
0.000000
0.000000
0.000000
-1.319786
0.729063
0.761963
0.000000
0.000000
0.000000
0.000000
0.000000
0.000000
0.000000
0.000000
0.000000
-1.263702
0.864956
0.730139
0.000000
0.000000
0.000000
0.000000
0.000000
0.000000
-1.318599
0.515341
0.986830
-1.381937
0.427578
0.873664
-1.120411
0.899539
0.953010
-1.295342
0.714636
0.920318
-1.068652
0.930388
0.949841
-1.245126
0.795596
0.908660
0.000000
0.000000
0.000000
0.000000
0.000000
0.000000
0.000000
0.000000
0.000000
-1.073073
0.797370
0.632973
0.000000
0.000000
0.000000
0.000000
0.000000
0.000000
-1.167550
0.577691
0.799001
-1.251701
0.566759
0.809572
0.000000
0.000000
0.000000
0.000000
0.000000
0.000000
-1.068339
1.269592
0.578437
-1.190909
1.208356
0.527287
0.000000
0.000000
0.000000
-1.237778
0.777961
0.689637
0.000000
0.000000
0.000000
-1.153023
0.978985
0.687060
0.000000
0.000000
0.000000
0.000000
0.000000
0.000000
-1.137205
0.856013
0.691154
-1.195511
0.755635
0.691529
0.000000
0.000000
0.000000
0.000000
0.000000
0.000000
-1.248728
0.511062
0.751916
-1.260873
0.618835
0.836510
-1.151692
0.769428
0.776698
-1.111175
0.818198
0.752090
-1.147218
0.769916
0.776698
-1.150398
0.753527
0.773892
0.000000
0.000000
0.000000
0.000000
0.000000
0.000000
-1.186214
0.706382
0.777592
-1.244451
0.883068
0.782362
0.000000
0.000000
0.000000
0.000000
0.000000
0.000000
-1.134040
0.537067
0.773188
-1.139504
0.477929
0.816719
0.000000
0.000000
0.000000
0.000000
0.000000
0.000000
-1.278346
0.708371
0.661912
-1.179707
0.924614
0.792175
-1.214167
0.793671
0.814700
-1.242190
0.828159
0.876291
-1.189161
0.788741
0.814700
-1.198418
0.892396
0.818463
0.000000
0.000000
0.000000
0.000000
0.000000
0.000000
0.000000
0.000000
0.000000
-1.046545
0.530923
1.113018
0.000000
0.000000
0.000000
0.000000
0.000000
0.000000
-1.171202
0.782640
0.704957
-1.096287
0.973283
0.800135
-1.357138
0.430037
0.894138
-1.433511
0.394203
0.863728
-1.388714
0.434798
0.894138
-1.461623
0.400158
0.863728
0.000000
0.000000
0.000000
0.000000
0.000000
0.000000
-1.231853
0.902720
0.741682
-1.217712
1.013664
0.712724
0.000000
0.000000
0.000000
0.000000
0.000000
0.000000
-1.135495
0.753129
0.641933
-1.081226
0.763243
0.706745
0.000000
0.000000
0.000000
0.000000
0.000000
0.000000
0.000000
0.000000
0.000000
-0.881028
0.904943
0.709471
0.000000
0.000000
0.000000
0.000000
0.000000
0.000000
-1.429507
0.561219
0.857445
-1.448892
0.603030
0.819213
-1.033860
1.360968
0.700967
-1.242260
1.230701
0.611899
-0.979736
1.406995
0.700967
-1.207136
1.132838
0.629358
0.000000
0.000000
0.000000
0.000000
0.000000
0.000000
0.000000
0.000000
0.000000
-1.303241
0.880945
0.688309
0.000000
0.000000
0.000000
0.000000
0.000000
0.000000
-1.172853
0.438329
0.659212
-1.078736
0.647790
0.869896
0.000000
0.000000
0.000000
0.000000
0.000000
0.000000
-1.521234
0.404152
0.873624
-1.501990
0.480528
0.875739
0.000000
0.000000
0.000000
0.000000
0.000000
0.000000
-1.252882
0.864327
0.737838
-1.335501
0.760115
0.752071
0.000000
0.000000
0.000000
0.000000
0.000000
0.000000
-1.531392
0.260922
0.982204
-1.546093
0.286774
0.900155
0.000000
0.000000
0.000000
0.000000
0.000000
0.000000
-1.163159
1.196400
0.611496
-1.245840
1.206549
0.606840
0.000000
0.000000
0.000000
0.000000
0.000000
0.000000
-1.323208
0.427197
0.855742
-1.408016
0.400047
0.874241
0.000000
0.000000
0.000000
0.000000
0.000000
0.000000
-1.301746
0.775569
0.771408
-1.331535
0.804592
0.781650
0.000000
0.000000
0.000000
0.000000
0.000000
0.000000
-1.049909
1.216183
0.686888
-1.225697
1.144664
0.591407
0.000000
0.000000
0.000000
0.000000
0.000000
0.000000
-1.480896
0.596838
0.828880
-1.551423
0.564363
0.868386
0.000000
0.000000
0.000000
0.000000
0.000000
0.000000
-1.431113
0.457245
0.815670
-1.258371
0.633232
0.941717
0.000000
0.000000
0.000000
0.000000
0.000000
0.000000
-1.326713
0.586624
0.849020
-1.308105
0.652067
0.845492
0.000000
0.000000
0.000000
0.000000
0.000000
0.000000
0.000000
0.000000
0.000000
-1.055618
1.166612
0.744604
0.000000
0.000000
0.000000
0.000000
0.000000
0.000000
-1.414066
0.633243
0.901295
-1.384748
0.704601
0.828450
0.000000
0.000000
0.000000
0.000000
0.000000
0.000000
-1.108236
0.522912
0.733080
-1.124096
0.452485
0.802226
0.000000
0.000000
0.000000
0.000000
0.000000
0.000000
-1.181666
0.560137
0.631273
-1.172838
0.488879
1.011363
0.000000
0.000000
0.000000
0.000000
0.000000
0.000000
-1.360815
1.168471
0.752687
-1.408700
1.108629
0.710308
0.000000
0.000000
0.000000
0.000000
0.000000
0.000000
-1.202897
1.162107
0.545845
-1.306285
1.124342
0.585002
0.000000
0.000000
0.000000
0.000000
0.000000
0.000000
-1.266810
1.090629
0.666383
-1.355303
1.013172
0.615050
0.000000
0.000000
0.000000
0.000000
0.000000
0.000000
-1.328685
0.524848
0.808664
-1.423528
0.416932
0.854207
-1.206560
0.735582
0.947005
-1.325922
0.657431
0.824078
-1.168331
0.777122
0.950237
-1.314372
0.664661
0.822153
0.000000
0.000000
0.000000
0.000000
0.000000
0.000000
0.000000
0.000000
0.000000
-1.262852
0.539444
0.794090
0.000000
0.000000
0.000000
0.000000
0.000000
0.000000
-1.353925
0.645580
0.781613
-1.382542
0.518960
0.836463
0.000000
0.000000
0.000000
-1.276846
0.528602
0.748282
0.000000
0.000000
0.000000
-1.226603
0.535085
0.748282
0.000000
0.000000
0.000000
0.000000
0.000000
0.000000
-1.349686
0.682836
0.626888
-1.389381
0.576628
0.808682
0.000000
0.000000
0.000000
0.000000
0.000000
0.000000
-1.350713
0.853905
0.718101
-1.356829
0.871642
0.776234
0.000000
0.000000
0.000000
0.000000
0.000000
0.000000
-1.352731
0.499189
0.675654
-1.166800
0.765230
0.849100
0.000000
0.000000
0.000000
0.000000
0.000000
0.000000
0.000000
0.000000
0.000000
-1.298969
0.554805
0.795877
0.000000
0.000000
0.000000
0.000000
0.000000
0.000000
-1.257456
0.914809
0.903503
-1.300419
1.132849
0.704189
0.000000
0.000000
0.000000
-1.321547
0.589226
0.743187
0.000000
0.000000
0.000000
-1.319240
0.589322
0.743187
0.000000
0.000000
0.000000
0.000000
0.000000
0.000000
-1.216472
0.523910
0.735081
-1.290585
0.402798
0.923983
0.000000
0.000000
0.000000
0.000000
0.000000
0.000000
-1.265515
0.841867
0.689664
-1.305543
0.826951
0.672375
0.000000
0.000000
0.000000
0.000000
0.000000
0.000000
-1.283957
0.755826
0.767124
-1.314561
0.777873
0.736502
0.000000
0.000000
0.000000
0.000000
0.000000
0.000000
-1.396672
0.870063
0.727568
-1.404825
0.936609
0.775818
0.000000
0.000000
0.000000
0.000000
0.000000
0.000000
0.000000
0.000000
0.000000
-1.234335
0.934246
0.787085
0.000000
0.000000
0.000000
0.000000
0.000000
0.000000
-1.318114
0.524700
0.915549
-1.418200
0.436846
0.843258
0.000000
0.000000
0.000000
0.000000
0.000000
0.000000
-1.390410
0.666800
0.806670
-1.443766
0.681208
0.826212
0.000000
0.000000
0.000000
0.000000
0.000000
0.000000
-1.649157
0.458550
0.870628
-1.659238
0.468089
0.875288
0.000000
0.000000
0.000000
0.000000
0.000000
0.000000
-1.133251
0.707583
0.849230
-1.184249
0.478992
0.901077
0.000000
0.000000
0.000000
0.000000
0.000000
0.000000
-1.354904
0.961322
0.733154
-1.379222
1.004886
0.718161
0.000000
0.000000
0.000000
0.000000
0.000000
0.000000
-1.570636
1.020818
0.722901
-1.647316
0.928934
0.735643
0.000000
0.000000
0.000000
0.000000
0.000000
0.000000
-1.563439
0.434697
0.873531
-1.602599
0.430627
0.878015
0.000000
0.000000
0.000000
0.000000
0.000000
0.000000
-1.081920
0.777432
0.877957
-1.126628
0.759692
0.812201
0.000000
0.000000
0.000000
0.000000
0.000000
0.000000
0.000000
0.000000
0.000000
-1.182499
0.821548
0.836625
0.000000
0.000000
0.000000
0.000000
0.000000
0.000000
-1.375250
0.415572
0.823552
-1.376706
0.376411
0.870444
0.000000
0.000000
0.000000
0.000000
0.000000
0.000000
-1.109309
1.113357
0.677267
-1.148031
1.153011
0.584712
0.000000
0.000000
0.000000
0.000000
0.000000
0.000000
-1.369826
0.585404
0.711691
-1.403040
0.495759
0.900333
-0.838108
1.385255
0.912138
-1.076218
1.134521
0.876814
-0.830036
1.274553
0.920605
-1.058186
1.019636
0.913833
0.000000
0.000000
0.000000
0.000000
0.000000
0.000000
0.000000
0.000000
0.000000
-1.137127
0.893091
0.760164
0.000000
0.000000
0.000000
0.000000
0.000000
0.000000
-1.325582
0.749616
0.679453
-1.265297
0.939247
0.774708
0.000000
0.000000
0.000000
0.000000
0.000000
0.000000
-1.083138
0.658983
0.760792
-1.148257
0.629368
0.857564
0.000000
0.000000
0.000000
0.000000
0.000000
0.000000
0.000000
0.000000
0.000000
-1.338820
0.656675
0.796280
0.000000
0.000000
0.000000
0.000000
0.000000
0.000000
-1.178184
0.696482
0.682538
-1.131063
0.692975
0.711733
0.000000
0.000000
0.000000
0.000000
0.000000
0.000000
-0.954477
0.546646
0.800278
-1.031491
0.511922
0.774415
0.000000
0.000000
0.000000
0.000000
0.000000
0.000000
0.000000
0.000000
0.000000
-1.391027
0.776694
0.822316
0.000000
0.000000
0.000000
0.000000
0.000000
0.000000
-1.233015
1.244029
0.506477
-1.289106
1.272108
0.486643
0.000000
0.000000
0.000000
0.000000
0.000000
0.000000
0.000000
0.000000
0.000000
-1.418861
0.428611
0.740619
0.000000
0.000000
0.000000
0.000000
0.000000
0.000000
-1.416513
0.567138
0.862912
-1.434674
0.589115
0.841685
0.000000
0.000000
0.000000
0.000000
0.000000
0.000000
-1.218527
0.758088
0.639562
-1.247897
0.876707
0.694100
-1.192048
0.580736
0.842514
-1.168973
0.579056
0.798564
-1.165877
0.576439
0.840802
-1.130535
0.575140
0.798115
0.000000
0.000000
0.000000
0.000000
0.000000
0.000000
-1.206816
0.664967
0.822003
-1.230253
0.644245
0.868766
0.000000
0.000000
0.000000
0.000000
0.000000
0.000000
0.000000
0.000000
0.000000
-1.090928
0.799633
0.678509
0.000000
0.000000
0.000000
0.000000
0.000000
0.000000
0.000000
0.000000
0.000000
-1.344711
0.581281
0.808985
0.000000
0.000000
0.000000
0.000000
0.000000
0.000000
-1.195262
0.788870
0.777159
-1.290587
0.723519
0.798829
0.000000
0.000000
0.000000
0.000000
0.000000
0.000000
-1.310986
0.787980
0.785522
-1.347708
0.753597
0.775814
0.000000
0.000000
0.000000
0.000000
0.000000
0.000000
-1.250125
0.532629
0.801758
-1.219913
0.606676
0.808856
0.000000
0.000000
0.000000
0.000000
0.000000
0.000000
-1.140206
0.787455
0.838017
-1.218538
0.755813
0.783453
0.000000
0.000000
0.000000
0.000000
0.000000
0.000000
-0.985998
0.800847
0.697056
-1.022985
0.733131
0.782998
-1.466852
0.959746
0.679311
-1.470242
0.887175
0.769350
-1.468796
0.881920
0.693517
-1.442340
0.866402
0.772232
0.000000
0.000000
0.000000
0.000000
0.000000
0.000000
-1.251513
0.440832
0.766778
-1.408503
0.379544
0.958569
0.000000
0.000000
0.000000
0.000000
0.000000
0.000000
-1.113019
0.621128
0.733783
-1.123531
0.675676
0.678222
-1.250343
0.336027
0.883955
-1.244601
0.286418
0.892306
-1.182757
0.316291
0.883785
-1.119113
0.279570
0.907534
0.000000
0.000000
0.000000
0.000000
0.000000
0.000000
-1.268914
0.766492
0.640349
-1.221082
1.019679
0.649016
0.000000
0.000000
0.000000
0.000000
0.000000
0.000000
-1.188410
0.692369
0.819726
-1.123586
0.858781
0.711371
-1.488016
0.834911
0.805143
-1.444500
0.863220
0.761062
-1.470552
1.090120
0.731792
-1.421916
1.005590
0.709017
0.000000
0.000000
0.000000
0.000000
0.000000
0.000000
-1.767476
0.443860
0.680630
-1.655878
0.460513
1.006973
0.000000
0.000000
0.000000
0.000000
0.000000
0.000000
-1.322150
0.795020
0.804173
-1.250146
1.293266
0.712333
0.000000
0.000000
0.000000
0.000000
0.000000
0.000000
-1.105091
0.486459
0.837994
-1.066681
0.464391
0.864757
0.000000
0.000000
0.000000
0.000000
0.000000
0.000000
0.000000
0.000000
0.000000
-1.257369
0.722530
0.714761
0.000000
0.000000
0.000000
0.000000
0.000000
0.000000
-1.257554
0.426001
0.871072
-1.286045
0.442295
0.874870
0.000000
0.000000
0.000000
0.000000
0.000000
0.000000
-1.377255
0.260090
0.900403
-1.386001
0.271269
0.895898
0.000000
0.000000
0.000000
0.000000
0.000000
0.000000
-1.317305
0.583153
0.762069
-1.301862
0.513963
0.794833
0.000000
0.000000
0.000000
0.000000
0.000000
0.000000
-1.385194
1.013412
0.689155
-1.400169
1.085812
0.718389
0.000000
0.000000
0.000000
0.000000
0.000000
0.000000
-1.508946
0.544064
0.853143
-1.521918
0.576615
0.843354
0.000000
0.000000
0.000000
0.000000
0.000000
0.000000
-1.318780
0.399115
0.863368
-1.377965
0.382181
0.866597
0.000000
0.000000
0.000000
0.000000
0.000000
0.000000
-1.354496
0.463160
0.888003
-1.448942
0.343876
0.895325
-1.540132
0.533696
0.876056
-1.455932
0.644974
0.863742
-1.485536
0.555001
0.841185
-1.418706
0.704540
0.853553
0.000000
0.000000
0.000000
0.000000
0.000000
0.000000
-1.555038
0.542089
0.853774
-1.577153
0.547388
0.847835
0.000000
0.000000
0.000000
0.000000
0.000000
0.000000
-1.328761
1.110030
0.587911
-1.394386
0.922424
0.686878
0.000000
0.000000
0.000000
0.000000
0.000000
0.000000
-1.461643
0.642915
0.807745
-1.462117
0.734115
0.806579
0.000000
0.000000
0.000000
0.000000
0.000000
0.000000
-1.390433
0.644227
0.768083
-1.411896
0.729962
0.814534
0.000000
0.000000
0.000000
0.000000
0.000000
0.000000
0.000000
0.000000
0.000000
-1.336315
0.641633
0.953883
0.000000
0.000000
0.000000
0.000000
0.000000
0.000000
-1.011438
0.769851
0.715117
-1.051731
0.585455
0.761127
0.000000
0.000000
0.000000
0.000000
0.000000
0.000000
-1.205269
0.543056
0.628987
-1.090114
0.690753
0.947545
0.000000
0.000000
0.000000
-1.190052
0.864398
0.770017
0.000000
0.000000
0.000000
-1.170312
0.877102
0.770017
0.000000
0.000000
0.000000
0.000000
0.000000
0.000000
-1.214002
0.928319
0.733933
-1.247623
0.790528
0.739197
0.000000
0.000000
0.000000
0.000000
0.000000
0.000000
0.000000
0.000000
0.000000
-1.045140
0.750853
0.728938
0.000000
0.000000
0.000000
0.000000
0.000000
0.000000
0.000000
0.000000
0.000000
-1.348764
0.878939
0.852111
-1.152734
0.754419
0.673939
-1.139901
0.861676
0.973862
-1.124716
0.761518
0.673939
-1.130615
0.832060
0.933155
0.000000
0.000000
0.000000
0.000000
0.000000
0.000000
-1.446039
0.659633
0.861888
-1.514300
0.643429
0.854539
0.000000
0.000000
0.000000
-1.388237
0.534013
0.690404
0.000000
0.000000
0.000000
-1.372023
0.561870
0.676312
0.000000
0.000000
0.000000
0.000000
0.000000
0.000000
-1.182072
0.741525
0.664924
-1.137368
0.759401
0.758760
-1.410590
0.518540
0.754586
-1.289270
0.543028
0.830088
-1.407768
0.519115
0.754586
-1.284115
0.541970
0.830088
0.000000
0.000000
0.000000
0.000000
0.000000
0.000000
-1.179802
1.286358
0.746699
-1.319152
1.159314
0.647689
0.000000
0.000000
0.000000
0.000000
0.000000
0.000000
0.000000
0.000000
0.000000
-0.975140
0.505908
0.758144
0.000000
0.000000
0.000000
0.000000
0.000000
0.000000
-1.100978
0.694271
0.787484
-1.155654
0.656520
0.810042
0.000000
0.000000
0.000000
0.000000
0.000000
0.000000
-1.041427
0.685743
0.746888
-1.161766
0.664527
0.790238
0.000000
0.000000
0.000000
0.000000
0.000000
0.000000
0.000000
0.000000
0.000000
-1.254543
0.543698
0.635848
0.000000
0.000000
0.000000
0.000000
0.000000
0.000000
-1.073403
0.729140
0.756140
-1.158051
0.676733
0.781899
0.000000
0.000000
0.000000
0.000000
0.000000
0.000000
-1.066553
1.007449
0.847436
-1.149759
0.987506
0.640987
0.000000
0.000000
0.000000
0.000000
0.000000
0.000000
0.000000
0.000000
0.000000
-1.261664
1.599516
0.785101
0.000000
0.000000
0.000000
0.000000
0.000000
0.000000
-1.078149
0.615906
0.775184
-1.140633
0.594674
0.843022
0.000000
0.000000
0.000000
0.000000
0.000000
0.000000
-1.423519
0.444256
0.860495
-1.408104
0.443827
0.867697
0.000000
0.000000
0.000000
0.000000
0.000000
0.000000
-0.994216
0.875910
0.759309
-1.134989
0.726785
0.644363
0.000000
0.000000
0.000000
0.000000
0.000000
0.000000
-1.373377
0.954276
0.940969
-1.444055
0.840608
0.812733
0.000000
0.000000
0.000000
0.000000
0.000000
0.000000
-1.302238
0.909503
0.724569
-1.343399
0.942668
0.698778
0.000000
0.000000
0.000000
0.000000
0.000000
0.000000
-1.395976
1.022840
0.628556
-1.431365
1.109108
0.616842
0.000000
0.000000
0.000000
0.000000
0.000000
0.000000
0.000000
0.000000
0.000000
-1.027894
1.137444
0.871097
0.000000
0.000000
0.000000
0.000000
0.000000
0.000000
-1.651159
0.624463
0.845082
-1.670835
0.637614
0.841744
0.000000
0.000000
0.000000
0.000000
0.000000
0.000000
-1.255338
0.517904
0.755157
-1.303334
0.512934
0.806239
0.000000
0.000000
0.000000
0.000000
0.000000
0.000000
-1.115258
0.827199
0.630621
-1.144569
0.904695
0.624177
0.000000
0.000000
0.000000
0.000000
0.000000
0.000000
-1.275050
0.638725
0.568739
-1.155743
0.853853
0.757840
0.000000
0.000000
0.000000
0.000000
0.000000
0.000000
-0.742781
1.259029
0.748615
-0.991044
0.931380
0.598783
0.000000
0.000000
0.000000
0.000000
0.000000
0.000000
-1.069650
0.698130
0.788869
-1.129644
0.768479
0.821413
0.000000
0.000000
0.000000
0.000000
0.000000
0.000000
-1.127122
1.450653
0.658148
-1.224921
1.489753
0.487214
0.000000
0.000000
0.000000
-1.149659
0.801043
0.730783
0.000000
0.000000
0.000000
-1.168454
0.671875
0.756112
0.000000
0.000000
0.000000
0.000000
0.000000
0.000000
-1.229362
0.612584
0.662217
-1.182903
0.542986
1.017368
0.000000
0.000000
0.000000
0.000000
0.000000
0.000000
-1.457716
0.848753
0.742295
-1.492928
0.878375
0.745222
0.000000
0.000000
0.000000
0.000000
0.000000
0.000000
-1.257359
1.470883
0.619148
-1.319314
1.163782
0.700573
0.000000
0.000000
0.000000
0.000000
0.000000
0.000000
-1.535069
0.368419
0.892945
-1.577594
0.378959
0.889688
0.000000
0.000000
0.000000
0.000000
0.000000
0.000000
-1.267949
0.944888
0.700836
-1.271260
1.092165
0.631956
0.000000
0.000000
0.000000
0.000000
0.000000
0.000000
-0.818110
1.476679
0.672549
-1.014885
1.026243
0.658388
0.000000
0.000000
0.000000
0.000000
0.000000
0.000000
-1.078667
0.784253
0.670518
-1.011336
0.800927
0.696307
0.000000
0.000000
0.000000
0.000000
0.000000
0.000000
0.000000
0.000000
0.000000
-1.144059
0.426884
0.671117
0.000000
0.000000
0.000000
0.000000
0.000000
0.000000
-1.381219
0.512155
0.737187
-1.347013
0.710661
0.790762
-1.209368
0.992773
0.646247
-1.238111
1.004564
0.645047
-1.154753
0.875495
0.702555
-1.170238
0.886362
0.696121
0.000000
0.000000
0.000000
0.000000
0.000000
0.000000
-1.359831
0.387445
0.877031
-1.481847
0.320739
0.897938
0.000000
0.000000
0.000000
0.000000
0.000000
0.000000
-1.167789
0.917531
0.719071
-1.190159
1.005075
0.646528
0.000000
0.000000
0.000000
0.000000
0.000000
0.000000
-1.233007
0.746053
0.916238
-1.228119
0.990131
0.760335
0.000000
0.000000
0.000000
0.000000
0.000000
0.000000
0.000000
0.000000
0.000000
-1.176928
0.666892
0.929863
0.000000
0.000000
0.000000
0.000000
0.000000
0.000000
-1.443690
1.252417
0.469668
-1.474438
1.342300
0.450899
0.000000
0.000000
0.000000
0.000000
0.000000
0.000000
-1.544110
0.902916
0.735730
-1.555896
0.909134
0.728920
0.000000
0.000000
0.000000
0.000000
0.000000
0.000000
-0.992803
0.855711
0.682565
-0.917318
1.015701
0.666127
0.000000
0.000000
0.000000
0.000000
0.000000
0.000000
-1.161228
0.896271
0.718427
-1.149194
1.005001
0.678774
0.000000
0.000000
0.000000
0.000000
0.000000
0.000000
-0.992949
0.841343
0.688942
-0.964468
1.094727
0.668315
0.000000
0.000000
0.000000
0.000000
0.000000
0.000000
-1.347922
0.576523
0.754367
-1.368935
0.515222
0.856383
0.000000
0.000000
0.000000
0.000000
0.000000
0.000000
0.000000
0.000000
0.000000
-1.152749
0.673948
0.579093
0.000000
0.000000
0.000000
0.000000
0.000000
0.000000
-1.150633
0.572830
0.806275
-1.204126
0.521364
0.822182
0.000000
0.000000
0.000000
0.000000
0.000000
0.000000
-1.248252
0.832394
0.756933
-1.297790
0.795483
0.799647
0.000000
0.000000
0.000000
0.000000
0.000000
0.000000
-1.222560
1.143586
0.601694
-1.277246
1.055834
0.637523
0.000000
0.000000
0.000000
0.000000
0.000000
0.000000
-1.310233
0.611764
0.851537
-1.186946
0.749236
0.842191
0.000000
0.000000
0.000000
0.000000
0.000000
0.000000
-1.078447
0.639193
0.729989
-1.162537
0.610092
0.758098
0.000000
0.000000
0.000000
0.000000
0.000000
0.000000
-1.347085
0.526449
0.815445
-1.357574
0.624736
0.788293
0.000000
0.000000
0.000000
0.000000
0.000000
0.000000
0.000000
0.000000
0.000000
-0.907256
1.538957
0.799225
0.000000
0.000000
0.000000
0.000000
0.000000
0.000000
-1.334636
0.398684
0.883256
-1.355759
0.448096
0.876614
0.000000
0.000000
0.000000
0.000000
0.000000
0.000000
0.000000
0.000000
0.000000
-1.201774
0.657765
0.773322
0.000000
0.000000
0.000000
0.000000
0.000000
0.000000
-1.403751
0.576431
0.828435
-1.451612
0.557654
0.847256
0.000000
0.000000
0.000000
0.000000
0.000000
0.000000
-1.004708
0.909565
0.637731
-0.979725
1.256627
0.610815
-0.889401
1.025881
0.431762
-0.978359
1.118268
0.542631
-0.917175
1.061792
0.429259
-1.010747
1.136154
0.542061
0.000000
0.000000
0.000000
0.000000
0.000000
0.000000
-0.971300
0.746906
0.816870
-1.075629
0.561850
0.844560
0.000000
0.000000
0.000000
0.000000
0.000000
0.000000
-1.423407
0.441364
0.888452
-1.522369
0.392129
0.867496
0.000000
0.000000
0.000000
0.000000
0.000000
0.000000
-1.281723
0.624425
0.789122
-1.312026
0.592016
0.845283
0.000000
0.000000
0.000000
0.000000
0.000000
0.000000
-1.190410
1.067990
0.663230
-1.295362
0.955381
0.629184
0.000000
0.000000
0.000000
0.000000
0.000000
0.000000
-1.341057
0.858454
0.757833
-1.354783
0.813836
0.794039
-1.234285
0.524580
0.750428
-1.191318
0.500246
0.959742
-1.219014
0.527849
0.750428
-1.172597
0.501503
0.941313
0.000000
0.000000
0.000000
0.000000
0.000000
0.000000
-1.057269
0.996406
0.671722
-1.132356
0.933124
0.564302
0.000000
0.000000
0.000000
0.000000
0.000000
0.000000
-1.280905
0.753621
0.775500
-1.280826
1.015685
0.678149
0.000000
0.000000
0.000000
0.000000
0.000000
0.000000
-1.307768
0.829486
0.731791
-1.421318
0.743866
0.725784
0.000000
0.000000
0.000000
0.000000
0.000000
0.000000
-1.197131
1.226484
0.399037
-1.299654
1.304134
0.445009
0.000000
0.000000
0.000000
0.000000
0.000000
0.000000
-1.282680
0.513941
0.823972
-1.175484
0.802792
0.781029
0.000000
0.000000
0.000000
0.000000
0.000000
0.000000
-1.303399
0.439831
0.853079
-1.342499
0.486309
0.844955
0.000000
0.000000
0.000000
0.000000
0.000000
0.000000
-1.323723
0.490865
0.731392
-1.457116
0.410594
0.953208
0.000000
0.000000
0.000000
0.000000
0.000000
0.000000
-1.235788
0.883244
0.666076
-1.242003
0.989933
0.715928
0.000000
0.000000
0.000000
0.000000
0.000000
0.000000
-1.260147
0.528473
0.838608
-1.355179
0.450616
0.841256
0.000000
0.000000
0.000000
0.000000
0.000000
0.000000
-1.455448
0.588753
0.718969
-1.556584
0.419794
0.951641
-1.246285
0.565060
0.771955
-1.126140
0.568101
0.820915
-1.189781
0.564470
0.770967
-1.061119
0.557148
0.815413
0.000000
0.000000
0.000000
0.000000
0.000000
0.000000
-1.340761
0.925714
0.723794
-1.386618
0.864486
0.748564
0.000000
0.000000
0.000000
0.000000
0.000000
0.000000
-1.087786
1.092109
0.663988
-1.202843
0.859958
0.638226
0.000000
0.000000
0.000000
0.000000
0.000000
0.000000
-1.234141
0.694319
0.946629
-1.216166
0.883294
0.772192
0.000000
0.000000
0.000000
0.000000
0.000000
0.000000
0.000000
0.000000
0.000000
-1.115375
1.126367
0.598201
0.000000
0.000000
0.000000
0.000000
0.000000
0.000000
-1.337649
0.483472
0.937376
-1.379628
0.406918
0.888079
0.000000
0.000000
0.000000
0.000000
0.000000
0.000000
-1.169009
0.982112
0.640548
-1.237281
0.992343
0.641117
0.000000
0.000000
0.000000
0.000000
0.000000
0.000000
0.000000
0.000000
0.000000
-1.244584
0.874960
0.808212
0.000000
0.000000
0.000000
0.000000
0.000000
0.000000
-1.619297
1.280861
0.710693
-1.663766
1.143457
0.662583
0.000000
0.000000
0.000000
0.000000
0.000000
0.000000
0.000000
0.000000
0.000000
-1.290202
0.784542
0.740670
0.000000
0.000000
0.000000
0.000000
0.000000
0.000000
-1.163158
0.969434
0.669930
-1.234544
0.861046
0.596357
0.000000
0.000000
0.000000
0.000000
0.000000
0.000000
-1.326289
0.815203
0.867740
-1.263329
1.109190
0.857634
0.000000
0.000000
0.000000
0.000000
0.000000
0.000000
-1.350346
0.711780
0.785881
-1.385794
0.680389
0.805104
0.000000
0.000000
0.000000
0.000000
0.000000
0.000000
0.000000
0.000000
0.000000
-1.227198
0.665149
0.944945
0.000000
0.000000
0.000000
0.000000
0.000000
0.000000
-1.187054
1.205097
0.803747
-1.253706
1.207086
0.708532
0.000000
0.000000
0.000000
0.000000
0.000000
0.000000
0.000000
0.000000
0.000000
-1.089378
0.767208
0.632832
0.000000
0.000000
0.000000
0.000000
0.000000
0.000000
-1.700174
0.304918
0.933792
-1.735996
0.287236
0.918658
-1.461346
0.508330
0.825947
-1.500037
0.516767
0.897018
-1.436730
0.570257
0.802352
-1.466967
0.611601
0.895076
0.000000
0.000000
0.000000
0.000000
0.000000
0.000000
-1.271419
0.735542
0.751115
-1.267778
0.843238
0.789197
0.000000
0.000000
0.000000
0.000000
0.000000
0.000000
0.000000
0.000000
0.000000
-0.875922
0.884804
0.674026
-1.358988
0.757067
0.906845
-1.234542
1.108175
0.887265
-1.334033
0.762032
0.906845
-1.226003
1.072309
0.887265
0.000000
0.000000
0.000000
0.000000
0.000000
0.000000
0.000000
0.000000
0.000000
-1.280052
0.974037
0.850714
0.000000
0.000000
0.000000
0.000000
0.000000
0.000000
-1.327374
0.479169
0.729055
-1.357370
0.548142
0.866523
0.000000
0.000000
0.000000
0.000000
0.000000
0.000000
-1.157359
1.040505
0.899002
-1.243344
0.953744
0.728270
0.000000
0.000000
0.000000
0.000000
0.000000
0.000000
-1.522513
1.190534
0.599304
-1.543293
1.166158
0.615302
0.000000
0.000000
0.000000
0.000000
0.000000
0.000000
-1.348962
0.288487
1.022946
-1.535389
0.262426
0.922388
0.000000
0.000000
0.000000
0.000000
0.000000
0.000000
-1.180111
1.388212
1.007104
-1.204529
1.150794
0.899638
0.000000
0.000000
0.000000
0.000000
0.000000
0.000000
0.000000
0.000000
0.000000
-1.028920
2.193060
0.735189
0.000000
0.000000
0.000000
0.000000
0.000000
0.000000
-1.147670
0.514861
0.755937
-0.985148
0.583424
0.847210
-1.340045
0.504212
0.860582
-1.492114
0.440068
0.873537
-1.329347
0.489067
0.860582
-1.468147
0.441301
0.879152
0.000000
0.000000
0.000000
0.000000
0.000000
0.000000
0.000000
0.000000
0.000000
-1.293123
0.829362
0.771710
0.000000
0.000000
0.000000
0.000000
0.000000
0.000000
-1.567300
0.406700
0.878759
-1.603238
0.399838
0.893818
0.000000
0.000000
0.000000
0.000000
0.000000
0.000000
-1.358343
0.455227
0.911718
-1.379746
0.421630
0.807399
-1.305673
0.997300
0.791728
-1.284264
1.131078
0.805233
-1.218917
1.157092
0.783628
-1.213744
1.350487
0.885122
0.000000
0.000000
0.000000
0.000000
0.000000
0.000000
-1.305800
0.430275
0.913484
-1.348457
0.302911
0.899004
0.000000
0.000000
0.000000
0.000000
0.000000
0.000000
-1.618719
0.291856
0.892865
-1.601842
0.299897
0.900759
0.000000
0.000000
0.000000
0.000000
0.000000
0.000000
-1.067072
0.692120
0.704233
-1.060335
0.619356
0.760638
0.000000
0.000000
0.000000
0.000000
0.000000
0.000000
-1.556663
0.538392
0.868299
-1.616997
0.540199
0.872571
0.000000
0.000000
0.000000
0.000000
0.000000
0.000000
-1.175184
0.784269
0.799250
-1.272569
0.753180
0.834757
0.000000
0.000000
0.000000
0.000000
0.000000
0.000000
-0.993659
0.539595
0.759990
-1.208183
0.480930
0.920195
0.000000
0.000000
0.000000
0.000000
0.000000
0.000000
0.000000
0.000000
0.000000
-1.266554
0.406060
0.829715
0.000000
0.000000
0.000000
0.000000
0.000000
0.000000
-1.373677
1.178969
0.602848
-1.475648
1.567921
0.674629
0.000000
0.000000
0.000000
0.000000
0.000000
0.000000
-1.129318
1.222514
0.451972
-1.192997
1.205492
0.443822
0.000000
0.000000
0.000000
0.000000
0.000000
0.000000
-1.155081
1.050567
0.583710
-1.253774
0.802738
0.720154
0.000000
0.000000
0.000000
0.000000
0.000000
0.000000
-1.229874
0.748180
0.733124
-1.129664
0.913162
0.729542
0.000000
0.000000
0.000000
0.000000
0.000000
0.000000
-1.326218
0.837819
0.713371
-1.379600
1.009994
0.655989
0.000000
0.000000
0.000000
0.000000
0.000000
0.000000
-1.250428
1.190336
0.607641
-1.281769
1.172854
0.536393
0.000000
0.000000
0.000000
0.000000
0.000000
0.000000
-0.907703
1.092639
0.765825
-1.071456
0.825524
0.671214
-1.277907
0.629968
0.777024
-1.306835
0.653306
0.829208
-1.115347
0.798529
0.727365
-1.166866
0.725181
0.754086
0.000000
0.000000
0.000000
0.000000
0.000000
0.000000
0.000000
0.000000
0.000000
-1.199849
1.094696
1.013352
0.000000
0.000000
0.000000
0.000000
0.000000
0.000000
-1.422456
0.513657
0.973418
-1.554734
0.363325
0.940095
0.000000
0.000000
0.000000
0.000000
0.000000
0.000000
-1.355154
0.793188
0.775143
-1.375100
0.846508
0.766991
0.000000
0.000000
0.000000
0.000000
0.000000
0.000000
-1.122860
0.617328
0.939961
-1.237717
0.488625
0.818755
0.000000
0.000000
0.000000
0.000000
0.000000
0.000000
-1.154645
0.570325
0.749984
-1.339325
0.483262
0.890308
0.000000
0.000000
0.000000
0.000000
0.000000
0.000000
-1.284303
0.625749
0.811279
-1.324657
0.625033
0.819303
0.000000
0.000000
0.000000
0.000000
0.000000
0.000000
-1.055832
0.530630
0.844387
-1.120298
0.445904
0.855754
0.000000
0.000000
0.000000
0.000000
0.000000
0.000000
-1.244139
0.320173
0.891682
-1.215871
0.399183
0.875586
0.000000
0.000000
0.000000
0.000000
0.000000
0.000000
-1.466790
1.414088
0.529779
-1.536723
1.211789
0.560066
0.000000
0.000000
0.000000
0.000000
0.000000
0.000000
-1.388537
0.899038
0.694893
-1.437030
0.836550
0.740722
0.000000
0.000000
0.000000
0.000000
0.000000
0.000000
-1.279094
0.518520
0.882494
-1.317007
0.615509
0.860881
-1.391434
0.547590
0.897050
-1.428827
0.542489
0.894976
-1.372586
0.544399
0.895013
-1.435346
0.477576
0.900502
0.000000
0.000000
0.000000
0.000000
0.000000
0.000000
0.000000
0.000000
0.000000
-1.047831
1.063094
0.583683
0.000000
0.000000
0.000000
0.000000
0.000000
0.000000
-1.605340
1.089074
0.671996
-1.629781
1.089372
0.676738
-1.085233
0.577072
0.589958
-1.074888
0.706042
0.668653
-1.057142
0.581889
0.589958
-1.022008
0.745745
0.633354
0.000000
0.000000
0.000000
0.000000
0.000000
0.000000
-1.434397
0.614630
0.822787
-1.466799
0.624758
0.806584
0.000000
0.000000
0.000000
0.000000
0.000000
0.000000
-1.039893
1.049713
0.696561
-1.185304
0.799356
0.712458
0.000000
0.000000
0.000000
0.000000
0.000000
0.000000
-1.322575
0.923226
0.709410
-1.324761
1.005896
0.758565
-1.289246
0.603541
0.866610
-1.377142
0.570375
0.835013
-1.275699
0.616871
0.901518
-1.364717
0.583406
0.851023
0.000000
0.000000
0.000000
0.000000
0.000000
0.000000
-1.214782
0.549238
0.738370
-1.375952
0.477789
0.974668
0.000000
0.000000
0.000000
0.000000
0.000000
0.000000
0.000000
0.000000
0.000000
-0.936127
1.038246
0.642695
0.000000
0.000000
0.000000
0.000000
0.000000
0.000000
-1.272388
0.624975
0.671188
-1.260314
0.787497
0.749768
-0.883449
1.218217
0.588185
-0.916910
1.321594
0.433525
-0.859392
1.230218
0.588185
-0.893377
1.366771
0.405049
0.000000
0.000000
0.000000
0.000000
0.000000
0.000000
-1.715497
0.504098
0.818085
-1.757396
0.515247
0.832938
0.000000
0.000000
0.000000
0.000000
0.000000
0.000000
0.000000
0.000000
0.000000
-1.002617
1.046570
0.590979
0.000000
0.000000
0.000000
0.000000
0.000000
0.000000
-1.267736
0.826487
0.735407
-1.333353
0.734420
0.764825
-1.204689
0.601468
0.698622
-1.183373
0.564896
0.824763
-1.110878
0.734454
0.689273
-1.097554
0.599959
0.786940
0.000000
0.000000
0.000000
0.000000
0.000000
0.000000
0.000000
0.000000
0.000000
-1.147147
0.995285
0.745738
0.000000
0.000000
0.000000
0.000000
0.000000
0.000000
0.000000
0.000000
0.000000
-1.108324
0.961354
0.741917
0.000000
0.000000
0.000000
0.000000
0.000000
0.000000
-1.258885
1.092215
0.577680
-1.307332
1.042604
0.685447
0.000000
0.000000
0.000000
0.000000
0.000000
0.000000
-1.212890
1.140566
0.748718
-1.297878
1.064972
0.720074
0.000000
0.000000
0.000000
0.000000
0.000000
0.000000
-1.159537
0.604622
0.726411
-1.172248
0.491432
0.834321
0.000000
0.000000
0.000000
0.000000
0.000000
0.000000
-1.342603
0.908329
0.726287
-1.374712
0.843861
0.767554
0.000000
0.000000
0.000000
0.000000
0.000000
0.000000
0.000000
0.000000
0.000000
-1.095631
0.652714
0.662884
0.000000
0.000000
0.000000
0.000000
0.000000
0.000000
0.000000
0.000000
0.000000
-0.948363
1.172757
0.754139
0.000000
0.000000
0.000000
0.000000
0.000000
0.000000
-1.327733
1.006688
0.783647
-1.415637
0.939148
0.786877
0.000000
0.000000
0.000000
0.000000
0.000000
0.000000
0.000000
0.000000
0.000000
-1.178411
0.754899
0.717679
0.000000
0.000000
0.000000
0.000000
0.000000
0.000000
0.000000
0.000000
0.000000
-1.184140
0.684626
0.725595
0.000000
0.000000
0.000000
0.000000
0.000000
0.000000
-1.236197
0.469305
0.763936
-1.476256
0.493715
0.921877
0.000000
0.000000
0.000000
0.000000
0.000000
0.000000
0.000000
0.000000
0.000000
-1.015585
1.018947
0.815653
0.000000
0.000000
0.000000
0.000000
0.000000
0.000000
0.000000
0.000000
0.000000
-1.291808
0.493427
0.725624
0.000000
0.000000
0.000000
0.000000
0.000000
0.000000
-1.184837
0.689851
0.654588
-1.252944
0.553004
0.922567
0.000000
0.000000
0.000000
0.000000
0.000000
0.000000
-1.225720
1.166624
0.752427
-1.278551
1.057023
0.607491
0.000000
0.000000
0.000000
0.000000
0.000000
0.000000
-1.619883
0.774780
0.799071
-1.640988
0.779470
0.799128
0.000000
0.000000
0.000000
0.000000
0.000000
0.000000
-1.297862
0.826241
0.738967
-1.349937
0.870057
0.730708
0.000000
0.000000
0.000000
0.000000
0.000000
0.000000
-1.542342
0.656123
0.820881
-1.555926
0.705784
0.825840
0.000000
0.000000
0.000000
0.000000
0.000000
0.000000
-1.249770
0.880795
0.772315
-1.288593
0.790950
0.819774
0.000000
0.000000
0.000000
0.000000
0.000000
0.000000
-1.106546
0.933991
0.930155
-0.949881
1.095114
0.738502
0.000000
0.000000
0.000000
0.000000
0.000000
0.000000
-1.029313
0.945329
0.755227
-1.028104
1.429153
0.585735
0.000000
0.000000
0.000000
0.000000
0.000000
0.000000
-1.295451
0.925321
0.706621
-1.323951
0.986189
0.669817
0.000000
0.000000
0.000000
0.000000
0.000000
0.000000
-1.019154
0.983948
0.841918
-1.177510
1.074960
0.672344
0.000000
0.000000
0.000000
0.000000
0.000000
0.000000
-1.244491
0.653640
0.819538
-1.375659
0.454439
0.895958
0.000000
0.000000
0.000000
0.000000
0.000000
0.000000
-1.211708
1.045616
0.633327
-1.220266
1.184643
0.617424
0.000000
0.000000
0.000000
0.000000
0.000000
0.000000
-1.343657
0.967528
0.675758
-1.360910
0.930583
0.766344
-1.237555
0.558408
0.854756
-1.292135
0.815323
0.832783
-1.443420
0.404019
0.825723
-1.415832
0.428973
0.892079
0.000000
0.000000
0.000000
0.000000
0.000000
0.000000
-1.091052
0.710779
0.814084
-1.168162
0.663382
0.801707
0.000000
0.000000
0.000000
0.000000
0.000000
0.000000
0.000000
0.000000
0.000000
-1.112812
0.571938
0.784079
0.000000
0.000000
0.000000
0.000000
0.000000
0.000000
-1.268018
0.503831
0.862171
-1.358058
0.490491
0.860820
0.000000
0.000000
0.000000
0.000000
0.000000
0.000000
0.000000
0.000000
0.000000
-1.038741
0.606565
0.574999
0.000000
0.000000
0.000000
0.000000
0.000000
0.000000
-1.410602
0.474916
0.876259
-1.440844
0.440704
0.865081
0.000000
0.000000
0.000000
0.000000
0.000000
0.000000
-1.240523
0.892959
0.734020
-1.262438
0.883543
0.843806
0.000000
0.000000
0.000000
0.000000
0.000000
0.000000
-1.283254
0.886365
0.817065
-1.331229
0.847945
0.762657
0.000000
0.000000
0.000000
0.000000
0.000000
0.000000
-1.452637
0.596149
0.816108
-1.498143
0.559464
0.842393
0.000000
0.000000
0.000000
0.000000
0.000000
0.000000
-1.084375
0.811080
0.671386
-1.142650
0.735070
0.856228
0.000000
0.000000
0.000000
0.000000
0.000000
0.000000
-1.352534
1.010144
0.672297
-1.378870
1.050851
0.657091
0.000000
0.000000
0.000000
0.000000
0.000000
0.000000
0.000000
0.000000
0.000000
-0.972646
0.732412
0.817690
0.000000
0.000000
0.000000
0.000000
0.000000
0.000000
0.000000
0.000000
0.000000
-1.551793
0.552490
0.573677
0.000000
0.000000
0.000000
0.000000
0.000000
0.000000
-1.294861
0.994150
0.678433
-1.313740
0.981441
0.674568
0.000000
0.000000
0.000000
0.000000
0.000000
0.000000
-1.106677
1.100059
0.545110
-1.168692
1.091861
0.546300
0.000000
0.000000
0.000000
0.000000
0.000000
0.000000
-1.232399
0.873163
0.689406
-1.233177
0.763524
0.745636
0.000000
0.000000
0.000000
0.000000
0.000000
0.000000
-1.186300
1.096254
0.589581
-1.237824
1.159886
0.544085
0.000000
0.000000
0.000000
0.000000
0.000000
0.000000
0.000000
0.000000
0.000000
-1.373347
0.679180
0.615232
0.000000
0.000000
0.000000
0.000000
0.000000
0.000000
-1.191436
0.799164
0.820643
-1.159763
0.849867
0.773929
0.000000
0.000000
0.000000
0.000000
0.000000
0.000000
-0.949468
0.757775
0.653975
-0.991427
0.684709
0.590609
0.000000
0.000000
0.000000
0.000000
0.000000
0.000000
0.000000
0.000000
0.000000
-1.260440
0.782067
0.768659
0.000000
0.000000
0.000000
0.000000
0.000000
0.000000
-1.263041
0.943671
0.684384
-1.313606
0.715697
0.766952
0.000000
0.000000
0.000000
0.000000
0.000000
0.000000
-1.273043
0.819026
0.746943
-1.351871
0.825274
0.743225
0.000000
0.000000
0.000000
0.000000
0.000000
0.000000
0.000000
0.000000
0.000000
-1.115655
0.421994
0.614741
0.000000
0.000000
0.000000
0.000000
0.000000
0.000000
-1.222574
0.712486
0.823267
-1.284601
0.689176
0.780518
0.000000
0.000000
0.000000
0.000000
0.000000
0.000000
-1.117952
1.226185
0.528072
-1.247690
1.150845
0.517918
0.000000
0.000000
0.000000
0.000000
0.000000
0.000000
-1.316809
0.497232
0.879340
-1.350876
0.465016
0.846067
0.000000
0.000000
0.000000
0.000000
0.000000
0.000000
0.000000
0.000000
0.000000
-1.199187
1.094621
0.849899
0.000000
0.000000
0.000000
0.000000
0.000000
0.000000
-1.138582
1.001670
0.602634
-1.166841
1.035705
0.581915
0.000000
0.000000
0.000000
0.000000
0.000000
0.000000
-1.186231
0.994619
0.647905
-1.185429
1.258805
0.543727
0.000000
0.000000
0.000000
0.000000
0.000000
0.000000
-0.794457
3.338995
0.644591
-1.124820
1.510707
0.560614
0.000000
0.000000
0.000000
0.000000
0.000000
0.000000
-1.108846
0.444901
0.855123
-1.223899
0.483530
0.851186
0.000000
0.000000
0.000000
0.000000
0.000000
0.000000
0.000000
0.000000
0.000000
-1.342255
0.562862
0.873884
0.000000
0.000000
0.000000
0.000000
0.000000
0.000000
-1.281447
0.657333
0.672138
-1.247694
0.656841
0.842624
0.000000
0.000000
0.000000
0.000000
0.000000
0.000000
-1.230048
0.771362
0.908561
-1.266799
0.665699
0.793130
0.000000
0.000000
0.000000
0.000000
0.000000
0.000000
-1.297482
0.923884
0.974429
-1.336710
0.850740
0.816918
0.000000
0.000000
0.000000
0.000000
0.000000
0.000000
0.000000
0.000000
0.000000
-1.251258
0.665578
0.609415
0.000000
0.000000
0.000000
0.000000
0.000000
0.000000
0.000000
0.000000
0.000000
-1.236488
0.496409
0.624397
0.000000
0.000000
0.000000
0.000000
0.000000
0.000000
-1.470140
0.826121
0.753700
-1.485216
0.854937
0.751915
0.000000
0.000000
0.000000
0.000000
0.000000
0.000000
0.000000
0.000000
0.000000
-1.264390
0.590680
0.741791
0.000000
0.000000
0.000000
0.000000
0.000000
0.000000
-1.097705
1.190283
0.644965
-1.170866
0.908436
0.662066
0.000000
0.000000
0.000000
0.000000
0.000000
0.000000
0.000000
0.000000
0.000000
-1.117382
0.864066
0.758996
0.000000
0.000000
0.000000
0.000000
0.000000
0.000000
-1.367232
1.007009
0.629051
-1.403250
0.954446
0.709916
0.000000
0.000000
0.000000
-1.129471
0.691996
0.692414
0.000000
0.000000
0.000000
-1.123031
0.695407
0.692414
0.000000
0.000000
0.000000
0.000000
0.000000
0.000000
0.000000
0.000000
0.000000
-1.311821
0.627378
0.803641
0.000000
0.000000
0.000000
0.000000
0.000000
0.000000
-1.290201
0.765163
0.764575
-1.321627
0.785768
0.769696
0.000000
0.000000
0.000000
0.000000
0.000000
0.000000
-1.571260
0.384395
0.845190
-1.623245
0.341963
0.874028
0.000000
0.000000
0.000000
0.000000
0.000000
0.000000
-1.150727
0.822491
0.807041
-1.145961
0.817845
0.742640
0.000000
0.000000
0.000000
0.000000
0.000000
0.000000
0.000000
0.000000
0.000000
-1.035639
0.797780
0.639211
0.000000
0.000000
0.000000
0.000000
0.000000
0.000000
0.000000
0.000000
0.000000
-1.223084
0.699002
0.790488
0.000000
0.000000
0.000000
0.000000
0.000000
0.000000
-1.131787
0.995747
0.624407
-1.213637
0.830675
0.660454
0.000000
0.000000
0.000000
0.000000
0.000000
0.000000
0.000000
0.000000
0.000000
-1.440157
0.599601
0.738967
0.000000
0.000000
0.000000
0.000000
0.000000
0.000000
-1.290013
0.518681
0.851865
-1.318254
0.597291
0.808386
0.000000
0.000000
0.000000
0.000000
0.000000
0.000000
0.000000
0.000000
0.000000
-1.085113
0.766211
0.616318
0.000000
0.000000
0.000000
0.000000
0.000000
0.000000
0.000000
0.000000
0.000000
-1.245327
0.414234
0.800414
0.000000
0.000000
0.000000
0.000000
0.000000
0.000000
-1.278902
0.916639
0.574481
-1.301154
0.886817
0.625333
0.000000
0.000000
0.000000
0.000000
0.000000
0.000000
0.000000
0.000000
0.000000
-1.456891
0.629214
0.618039
0.000000
0.000000
0.000000
0.000000
0.000000
0.000000
-1.424795
0.698212
0.856928
-1.435768
0.767048
0.831187
0.000000
0.000000
0.000000
0.000000
0.000000
0.000000
-1.270895
0.806649
0.854907
-1.264629
0.889363
0.777173
0.000000
0.000000
0.000000
-1.374046
0.642222
0.738549
0.000000
0.000000
0.000000
-1.340220
0.658565
0.738549
0.000000
0.000000
0.000000
0.000000
0.000000
0.000000
0.000000
0.000000
0.000000
-1.193559
0.733930
0.977741
0.000000
0.000000
0.000000
0.000000
0.000000
0.000000
-1.072967
2.010447
0.627749
-1.247876
1.208992
0.511377
0.000000
0.000000
0.000000
0.000000
0.000000
0.000000
-1.031799
0.606229
0.605624
-0.907277
0.817646
0.973460
0.000000
0.000000
0.000000
0.000000
0.000000
0.000000
-1.362197
0.921618
0.702370
-1.418828
0.875029
0.770374
0.000000
0.000000
0.000000
0.000000
0.000000
0.000000
-1.217405
0.773800
0.755915
-1.263650
0.712303
0.752725
0.000000
0.000000
0.000000
0.000000
0.000000
0.000000
-1.447237
0.601989
0.892191
-1.520720
0.541954
0.833260
0.000000
0.000000
0.000000
0.000000
0.000000
0.000000
-0.986257
0.684465
0.692102
-1.065425
0.557210
0.906151
0.000000
0.000000
0.000000
0.000000
0.000000
0.000000
-1.076430
0.938482
0.546249
-1.111831
1.212605
0.456892
-1.265535
0.749690
0.729945
-1.270654
0.723752
0.787677
-1.270491
0.750536
0.729945
-1.276119
0.726516
0.787677
0.000000
0.000000
0.000000
0.000000
0.000000
0.000000
-1.105127
0.850716
0.685926
-1.101270
0.775595
0.714640
0.000000
0.000000
0.000000
0.000000
0.000000
0.000000
-1.277464
0.520820
0.846798
-1.229558
0.613989
0.830865
0.000000
0.000000
0.000000
0.000000
0.000000
0.000000
0.000000
0.000000
0.000000
-1.526114
0.459472
0.742922
0.000000
0.000000
0.000000
0.000000
0.000000
0.000000
-1.391166
0.280254
0.821790
-1.379909
0.302403
0.870532
0.000000
0.000000
0.000000
0.000000
0.000000
0.000000
-1.131044
0.854158
0.703505
-1.235555
0.737274
0.709637
0.000000
0.000000
0.000000
0.000000
0.000000
0.000000
-0.986992
1.254387
0.635799
-1.035268
1.450409
0.566121
0.000000
0.000000
0.000000
0.000000
0.000000
0.000000
0.000000
0.000000
0.000000
-1.288331
0.888110
0.723975
0.000000
0.000000
0.000000
0.000000
0.000000
0.000000
0.000000
0.000000
0.000000
-1.175711
1.069154
0.718601
0.000000
0.000000
0.000000
0.000000
0.000000
0.000000
-1.188530
0.862769
0.777975
-1.302998
0.702126
0.756435
0.000000
0.000000
0.000000
-1.133274
0.661395
0.701068
0.000000
0.000000
0.000000
-1.112255
0.664060
0.701068
0.000000
0.000000
0.000000
0.000000
0.000000
0.000000
-1.603504
0.329042
0.902195
-1.597975
0.318750
0.891731
0.000000
0.000000
0.000000
0.000000
0.000000
0.000000
-1.325180
0.930243
0.565794
-1.386459
1.114961
0.680036
0.000000
0.000000
0.000000
0.000000
0.000000
0.000000
-1.338833
0.515098
0.785664
-1.381577
0.462386
0.823759
0.000000
0.000000
0.000000
0.000000
0.000000
0.000000
0.000000
0.000000
0.000000
-1.105421
0.557921
0.821709
0.000000
0.000000
0.000000
0.000000
0.000000
0.000000
-0.950960
0.933408
0.626661
-1.012956
0.842054
0.535448
0.000000
0.000000
0.000000
0.000000
0.000000
0.000000
-1.507258
0.294428
0.881746
-1.587460
0.287795
0.874588
0.000000
0.000000
0.000000
0.000000
0.000000
0.000000
-1.246790
0.537489
0.876530
-1.285130
0.610733
0.863148
0.000000
0.000000
0.000000
0.000000
0.000000
0.000000
0.000000
0.000000
0.000000
-1.299800
0.484333
0.778634
0.000000
0.000000
0.000000
0.000000
0.000000
0.000000
-1.137399
0.726370
0.758265
-1.184649
0.731789
0.769326
0.000000
0.000000
0.000000
0.000000
0.000000
0.000000
-1.472299
0.860394
0.693509
-1.508398
0.874199
0.766570
-1.190776
0.563307
0.666318
-1.283828
0.561187
0.860281
-1.221108
0.564993
0.666318
-1.297176
0.573753
0.860288
0.000000
0.000000
0.000000
0.000000
0.000000
0.000000
-0.865571
1.071191
0.754393
-1.082287
0.725032
0.683644
-1.166289
1.194946
0.738072
-1.298809
0.771245
0.657691
-1.111288
1.220480
0.738072
-1.261668
0.750352
0.664198
0.000000
0.000000
0.000000
0.000000
0.000000
0.000000
-1.092052
0.745028
0.643063
-1.152286
0.630263
0.737377
0.000000
0.000000
0.000000
0.000000
0.000000
0.000000
0.000000
0.000000
0.000000
-1.209163
1.353332
0.771105
0.000000
0.000000
0.000000
0.000000
0.000000
0.000000
-1.080988
0.655132
0.889419
-1.138654
0.578006
0.848734
0.000000
0.000000
0.000000
0.000000
0.000000
0.000000
-1.339349
0.677034
0.665938
-1.168413
0.934749
0.691967
0.000000
0.000000
0.000000
0.000000
0.000000
0.000000
-1.358876
0.637624
0.787950
-1.440074
0.593974
0.787268
0.000000
0.000000
0.000000
0.000000
0.000000
0.000000
-1.630483
0.564185
0.850879
-1.654786
0.559622
0.854568
0.000000
0.000000
0.000000
0.000000
0.000000
0.000000
-1.361430
0.615881
0.879875
-1.327366
0.655671
0.809138
-1.211509
0.636112
0.799094
-1.250498
0.563122
0.824283
-1.109562
0.646784
0.782112
-1.174718
0.551737
0.831837
0.000000
0.000000
0.000000
0.000000
0.000000
0.000000
-1.261268
0.724973
0.854478
-1.309469
0.716526
0.836527
0.000000
0.000000
0.000000
0.000000
0.000000
0.000000
-1.155243
0.847963
0.636548
-1.237272
0.696935
0.773654
0.000000
0.000000
0.000000
0.000000
0.000000
0.000000
0.000000
0.000000
0.000000
-1.082875
0.551171
0.664293
0.000000
0.000000
0.000000
0.000000
0.000000
0.000000
-1.222714
0.816630
0.722165
-1.269284
0.786495
0.777396
0.000000
0.000000
0.000000
-1.388088
0.539845
0.807643
0.000000
0.000000
0.000000
-1.377092
0.541040
0.807643
0.000000
0.000000
0.000000
0.000000
0.000000
0.000000
-1.494859
0.625206
0.826958
-1.511301
0.568629
0.831060
0.000000
0.000000
0.000000
0.000000
0.000000
0.000000
-1.345398
0.397714
0.863871
-1.388184
0.403671
0.883781
0.000000
0.000000
0.000000
0.000000
0.000000
0.000000
-1.248188
0.768616
0.737071
-1.300015
0.750680
0.773518
0.000000
0.000000
0.000000
0.000000
0.000000
0.000000
-1.282977
1.171522
0.607498
-1.325641
1.139244
0.576511
0.000000
0.000000
0.000000
0.000000
0.000000
0.000000
0.000000
0.000000
0.000000
-1.274864
0.982705
0.819293
0.000000
0.000000
0.000000
0.000000
0.000000
0.000000
-1.467148
1.187683
0.562510
-1.500327
1.205199
0.575443
-1.174719
0.948490
0.550755
-1.179546
1.043563
0.573713
-1.107543
0.908332
0.561677
-1.092313
1.012716
0.576426
0.000000
0.000000
0.000000
0.000000
0.000000
0.000000
0.000000
0.000000
0.000000
-1.051165
1.281162
0.639094
0.000000
0.000000
0.000000
0.000000
0.000000
0.000000
-1.385398
0.641530
1.085123
-1.419548
0.719358
0.930996
0.000000
0.000000
0.000000
0.000000
0.000000
0.000000
0.000000
0.000000
0.000000
-1.066102
0.587928
0.695477
0.000000
0.000000
0.000000
0.000000
0.000000
0.000000
-1.129338
0.709658
0.758480
-1.131219
0.940555
0.708473
-1.377642
0.314767
0.890225
-1.378563
0.314192
0.889758
-1.326370
0.314357
0.889878
-1.321366
0.313770
0.888661
0.000000
0.000000
0.000000
0.000000
0.000000
0.000000
-1.462049
0.652191
0.737200
-1.402183
0.981695
0.774465
0.000000
0.000000
0.000000
0.000000
0.000000
0.000000
-1.238399
0.679740
0.703105
-1.281641
0.543302
0.801959
0.000000
0.000000
0.000000
0.000000
0.000000
0.000000
-1.685433
0.498996
0.858060
-1.724728
0.540743
0.858909
0.000000
0.000000
0.000000
0.000000
0.000000
0.000000
-1.376176
1.134109
0.644804
-1.436162
1.158333
0.590498
0.000000
0.000000
0.000000
0.000000
0.000000
0.000000
-1.374756
0.926781
0.748448
-1.374156
0.986075
0.728058
-1.344844
0.499439
0.934368
-1.375856
0.438612
0.884806
-1.362317
0.429103
0.957450
-1.351053
0.418194
0.900422
0.000000
0.000000
0.000000
0.000000
0.000000
0.000000
-1.114033
1.050290
0.693386
-1.223407
0.877827
0.684647
0.000000
0.000000
0.000000
0.000000
0.000000
0.000000
-1.196678
0.772619
0.663767
-1.340470
0.638602
0.776663
0.000000
0.000000
0.000000
0.000000
0.000000
0.000000
-1.519962
0.379252
0.875300
-1.554053
0.388528
0.886364
0.000000
0.000000
0.000000
0.000000
0.000000
0.000000
-1.523738
0.403205
0.882406
-1.567979
0.390722
0.885148
0.000000
0.000000
0.000000
0.000000
0.000000
0.000000
-1.365062
0.630074
0.701261
-1.346064
0.682330
0.787895
0.000000
0.000000
0.000000
0.000000
0.000000
0.000000
0.000000
0.000000
0.000000
-1.130052
1.076186
0.847710
-1.120633
0.469678
0.929360
-1.160887
0.558969
0.927085
-1.113808
0.467721
0.929360
-1.162454
0.553601
0.927104
0.000000
0.000000
0.000000
0.000000
0.000000
0.000000
-1.304203
0.657522
0.676608
-1.249958
0.615886
0.834655
0.000000
0.000000
0.000000
0.000000
0.000000
0.000000
-1.151544
0.903585
0.650932
-1.209850
0.819193
0.698394
0.000000
0.000000
0.000000
0.000000
0.000000
0.000000
-1.492789
0.939989
0.726559
-1.560795
0.749332
0.785733
0.000000
0.000000
0.000000
0.000000
0.000000
0.000000
-1.482792
0.931287
0.726558
-1.513623
0.920776
0.736376
0.000000
0.000000
0.000000
0.000000
0.000000
0.000000
-1.488109
0.560812
0.845098
-1.505116
0.513310
0.866948
0.000000
0.000000
0.000000
0.000000
0.000000
0.000000
-1.135800
0.791690
0.780633
-1.227867
0.732194
0.716862
0.000000
0.000000
0.000000
0.000000
0.000000
0.000000
0.000000
0.000000
0.000000
-1.110184
1.284389
0.867725
0.000000
0.000000
0.000000
-1.269170
0.694611
0.670304
0.000000
0.000000
0.000000
-1.253944
0.697153
0.670304
0.000000
0.000000
0.000000
0.000000
0.000000
0.000000
-1.145970
1.352105
0.598877
-1.265184
1.121756
0.467904
0.000000
0.000000
0.000000
0.000000
0.000000
0.000000
0.000000
0.000000
0.000000
-1.154589
1.273053
0.966006
-1.108461
0.593388
0.803684
-1.273997
0.530240
0.831402
-1.102542
0.591260
0.803684
-1.252775
0.518447
0.837477
0.000000
0.000000
0.000000
0.000000
0.000000
0.000000
0.000000
0.000000
0.000000
-1.192014
0.883570
0.704223
0.000000
0.000000
0.000000
0.000000
0.000000
0.000000
-1.059383
0.731966
0.754046
-1.200166
0.785843
0.693063
0.000000
0.000000
0.000000
0.000000
0.000000
0.000000
-1.178026
0.873932
0.680062
-1.217008
0.867090
0.691691
0.000000
0.000000
0.000000
0.000000
0.000000
0.000000
-1.145817
1.258257
0.682543
-1.198704
1.233030
0.753328
0.000000
0.000000
0.000000
0.000000
0.000000
0.000000
-1.151906
0.939852
0.761230
-1.204432
0.898442
0.727232
0.000000
0.000000
0.000000
0.000000
0.000000
0.000000
0.000000
0.000000
0.000000
-0.976707
1.412659
0.900215
-1.217712
0.704337
0.764152
-1.271035
0.685042
0.821328
-1.161996
0.700840
0.757501
-1.205247
0.674357
0.803440
0.000000
0.000000
0.000000
0.000000
0.000000
0.000000
0.000000
0.000000
0.000000
-1.259577
0.576065
0.911651
0.000000
0.000000
0.000000
0.000000
0.000000
0.000000
-1.157621
0.571648
0.739239
-1.168810
0.656292
0.747425
0.000000
0.000000
0.000000
0.000000
0.000000
0.000000
-1.372831
0.878125
0.711199
-1.399158
0.875347
0.707949
0.000000
0.000000
0.000000
0.000000
0.000000
0.000000
-0.957311
1.145858
0.719577
-1.063246
0.903032
0.674687
0.000000
0.000000
0.000000
0.000000
0.000000
0.000000
-0.854888
1.596577
0.609598
-0.999524
1.027826
0.570731
0.000000
0.000000
0.000000
0.000000
0.000000
0.000000
0.000000
0.000000
0.000000
-1.165142
0.661885
0.763091
0.000000
0.000000
0.000000
0.000000
0.000000
0.000000
0.000000
0.000000
0.000000
-1.087361
0.674294
0.555785
0.000000
0.000000
0.000000
0.000000
0.000000
0.000000
-1.351001
0.830941
0.828481
-1.389733
0.818513
0.733989
0.000000
0.000000
0.000000
0.000000
0.000000
0.000000
-1.234822
0.752930
0.768325
-1.152294
0.776630
0.824309
0.000000
0.000000
0.000000
0.000000
0.000000
0.000000
-1.162475
0.774718
0.887432
-1.244397
0.606108
0.738123
0.000000
0.000000
0.000000
0.000000
0.000000
0.000000
-1.383799
0.677628
0.836742
-1.378691
0.789400
0.783781
-1.245522
0.521740
0.802387
-1.177899
0.531312
0.823078
-1.283609
0.529777
0.802387
-1.219381
0.545281
0.823078
0.000000
0.000000
0.000000
0.000000
0.000000
0.000000
-1.252495
0.962884
0.853673
-1.337939
0.774665
0.773010
0.000000
0.000000
0.000000
0.000000
0.000000
0.000000
-1.313866
0.481013
0.773021
-1.214028
0.599552
0.812678
-1.502964
0.403124
0.703389
-1.341161
0.601096
0.855108
-1.488648
0.410143
0.703389
-1.277173
0.622009
0.842134
0.000000
0.000000
0.000000
0.000000
0.000000
0.000000
-1.139250
0.966018
0.798176
-1.231540
0.866653
0.782189
0.000000
0.000000
0.000000
0.000000
0.000000
0.000000
0.000000
0.000000
0.000000
-0.754198
1.372293
0.730530
0.000000
0.000000
0.000000
0.000000
0.000000
0.000000
-1.128463
0.865436
0.715627
-1.071487
0.803995
0.704192
0.000000
0.000000
0.000000
0.000000
0.000000
0.000000
-1.245652
0.853215
0.648142
-1.289892
0.792661
0.658558
0.000000
0.000000
0.000000
0.000000
0.000000
0.000000
-1.378982
0.548620
0.698288
-1.364847
0.505703
0.859666
0.000000
0.000000
0.000000
0.000000
0.000000
0.000000
-1.538963
0.775759
0.790895
-1.561537
0.781824
0.792752
0.000000
0.000000
0.000000
0.000000
0.000000
0.000000
-1.133340
0.779892
0.756866
-1.181709
0.731662
0.727973
0.000000
0.000000
0.000000
0.000000
0.000000
0.000000
-1.245730
0.670778
0.737928
-1.253189
0.674690
0.901042
0.000000
0.000000
0.000000
0.000000
0.000000
0.000000
-1.162649
0.984142
0.778390
-1.328224
0.794196
0.828577
0.000000
0.000000
0.000000
0.000000
0.000000
0.000000
-1.210597
0.797532
0.637561
-1.211472
0.837601
0.621224
0.000000
0.000000
0.000000
0.000000
0.000000
0.000000
-1.123553
0.835122
0.712438
-1.156457
0.814639
0.724323
0.000000
0.000000
0.000000
0.000000
0.000000
0.000000
-1.479069
0.642434
0.806588
-1.519285
0.599833
0.833947
0.000000
0.000000
0.000000
0.000000
0.000000
0.000000
-1.098716
0.795139
0.635017
-1.142102
1.027442
0.585361
0.000000
0.000000
0.000000
0.000000
0.000000
0.000000
-1.211310
1.000934
0.739625
-1.171895
1.248968
0.751261
0.000000
0.000000
0.000000
0.000000
0.000000
0.000000
-1.386794
1.216419
0.566392
-1.426229
1.249619
0.536597
0.000000
0.000000
0.000000
0.000000
0.000000
0.000000
0.000000
0.000000
0.000000
-1.098701
0.801670
0.637471
0.000000
0.000000
0.000000
0.000000
0.000000
0.000000
-1.155316
1.472502
0.816789
-1.322829
0.923573
0.693665
-1.134114
1.049090
0.702117
-1.184758
1.025906
0.729739
-1.098733
0.920673
0.720853
-1.132490
0.847344
0.711373
0.000000
0.000000
0.000000
0.000000
0.000000
0.000000
0.000000
0.000000
0.000000
-1.094112
0.701507
0.843546
0.000000
0.000000
0.000000
0.000000
0.000000
0.000000
-1.334578
0.740157
0.801168
-1.407979
0.740099
0.810767
0.000000
0.000000
0.000000
0.000000
0.000000
0.000000
-1.242882
0.665805
0.647186
-1.279749
0.797067
0.782372
0.000000
0.000000
0.000000
0.000000
0.000000
0.000000
-1.448980
0.548291
0.861429
-1.475660
0.563744
0.841418
0.000000
0.000000
0.000000
0.000000
0.000000
0.000000
-1.351083
1.008174
0.619336
-1.439409
0.911143
0.809833
0.000000
0.000000
0.000000
0.000000
0.000000
0.000000
-1.260919
0.620925
0.615089
-1.220590
0.997225
0.658528
0.000000
0.000000
0.000000
0.000000
0.000000
0.000000
-1.162924
0.626466
0.811436
-1.099480
0.689351
0.753006
0.000000
0.000000
0.000000
0.000000
0.000000
0.000000
-1.332125
0.672293
0.811967
-1.301690
0.882249
0.723823
0.000000
0.000000
0.000000
0.000000
0.000000
0.000000
-1.476667
0.898235
0.737408
-1.501898
0.912577
0.729566
0.000000
0.000000
0.000000
0.000000
0.000000
0.000000
-1.016531
0.828654
0.656551
-1.095347
0.683449
0.628651
0.000000
0.000000
0.000000
0.000000
0.000000
0.000000
-1.233200
0.732232
0.792698
-1.286823
0.733531
0.782444
0.000000
0.000000
0.000000
0.000000
0.000000
0.000000
-1.238654
1.030787
0.674541
-1.252311
1.040761
0.709811
0.000000
0.000000
0.000000
0.000000
0.000000
0.000000
-1.249527
0.747419
0.763391
-1.292450
0.754253
0.760677
0.000000
0.000000
0.000000
0.000000
0.000000
0.000000
-1.539595
0.794678
0.776206
-1.562342
0.767860
0.815717
0.000000
0.000000
0.000000
0.000000
0.000000
0.000000
0.000000
0.000000
0.000000
-1.319399
0.468098
0.770656
0.000000
0.000000
0.000000
0.000000
0.000000
0.000000
-1.244414
0.678211
0.716174
-1.364346
0.528374
0.772227
0.000000
0.000000
0.000000
0.000000
0.000000
0.000000
-1.139451
0.699809
0.780421
-1.155147
0.654036
0.803700
0.000000
0.000000
0.000000
0.000000
0.000000
0.000000
-1.437393
1.035944
0.666001
-1.470582
1.034153
0.666995
0.000000
0.000000
0.000000
0.000000
0.000000
0.000000
-1.191358
0.595213
0.854940
-1.219512
0.609563
0.836371
0.000000
0.000000
0.000000
0.000000
0.000000
0.000000
-1.148701
0.904693
0.743170
-1.172528
1.027489
0.702308
0.000000
0.000000
0.000000
0.000000
0.000000
0.000000
-1.295189
0.602991
0.680653
-1.303527
0.717597
0.884091
0.000000
0.000000
0.000000
0.000000
0.000000
0.000000
-1.153712
0.377031
0.933585
-1.274947
0.275763
0.891592
0.000000
0.000000
0.000000
0.000000
0.000000
0.000000
-1.270712
0.644699
0.786764
-1.324269
0.628644
0.790173
0.000000
0.000000
0.000000
0.000000
0.000000
0.000000
-1.263895
0.814422
0.787280
-1.234269
0.938218
0.735820
0.000000
0.000000
0.000000
0.000000
0.000000
0.000000
0.000000
0.000000
0.000000
-1.259486
0.651937
0.817225
0.000000
0.000000
0.000000
0.000000
0.000000
0.000000
-1.473905
0.562906
0.870383
-1.520063
0.588149
0.854664
0.000000
0.000000
0.000000
0.000000
0.000000
0.000000
-1.274221
0.769998
0.824853
-1.311311
0.632528
0.817367
0.000000
0.000000
0.000000
0.000000
0.000000
0.000000
-1.400931
0.499264
0.810675
-1.365045
0.538636
0.882276
0.000000
0.000000
0.000000
0.000000
0.000000
0.000000
-1.457713
0.943126
0.723668
-1.513784
0.852375
0.761918
0.000000
0.000000
0.000000
0.000000
0.000000
0.000000
-1.278637
0.632191
0.792100
-1.258467
0.513227
0.867362
0.000000
0.000000
0.000000
0.000000
0.000000
0.000000
-1.257950
0.927226
0.839322
-1.383633
0.786942
0.807525
-1.076216
0.443282
0.829388
-1.065819
0.591422
0.842203
-1.109906
0.476312
0.812291
-1.126132
0.591233
0.818215
0.000000
0.000000
0.000000
0.000000
0.000000
0.000000
-1.332075
0.904168
0.750614
-1.357468
0.955639
0.767808
0.000000
0.000000
0.000000
0.000000
0.000000
0.000000
-1.443436
0.830049
0.724337
-1.487572
0.721334
0.776432
0.000000
0.000000
0.000000
0.000000
0.000000
0.000000
-1.281851
0.752092
0.955628
-1.375566
0.640536
0.960457
0.000000
0.000000
0.000000
0.000000
0.000000
0.000000
0.000000
0.000000
0.000000
-0.885359
0.621519
0.677532
0.000000
0.000000
0.000000
0.000000
0.000000
0.000000
-1.253072
1.204974
0.520014
-1.334686
1.128026
0.555168
0.000000
0.000000
0.000000
0.000000
0.000000
0.000000
0.000000
0.000000
0.000000
-1.504726
0.565791
0.992678
0.000000
0.000000
0.000000
0.000000
0.000000
0.000000
-1.211960
0.421327
0.838358
-1.288147
0.491339
0.838200
0.000000
0.000000
0.000000
0.000000
0.000000
0.000000
-1.127834
1.574400
0.918072
-1.256356
1.141710
0.778549
0.000000
0.000000
0.000000
0.000000
0.000000
0.000000
-1.674527
0.463263
0.880819
-1.694917
0.470398
0.871908
0.000000
0.000000
0.000000
0.000000
0.000000
0.000000
-1.214620
0.460365
0.811258
-1.445071
0.299278
0.857852
0.000000
0.000000
0.000000
0.000000
0.000000
0.000000
-1.265570
0.726652
0.738094
-1.306124
0.644759
0.781089
0.000000
0.000000
0.000000
0.000000
0.000000
0.000000
-0.923168
1.038233
0.671828
-1.050211
1.351618
0.578919
0.000000
0.000000
0.000000
0.000000
0.000000
0.000000
0.000000
0.000000
0.000000
-1.397379
0.428763
0.838000
0.000000
0.000000
0.000000
0.000000
0.000000
0.000000
-1.291584
0.657406
0.788166
-1.295336
0.554673
0.811125
0.000000
0.000000
0.000000
0.000000
0.000000
0.000000
0.000000
0.000000
0.000000
-1.177618
0.873172
0.601347
0.000000
0.000000
0.000000
0.000000
0.000000
0.000000
-1.248965
0.590682
0.742765
-1.366112
0.717429
0.995566
0.000000
0.000000
0.000000
0.000000
0.000000
0.000000
-1.220529
0.564902
0.833965
-1.251688
0.565727
0.810614
0.000000
0.000000
0.000000
0.000000
0.000000
0.000000
-1.354032
0.539875
0.682146
-1.453893
0.504608
0.889636
0.000000
0.000000
0.000000
0.000000
0.000000
0.000000
-1.202890
0.598701
0.582085
-1.382940
0.532768
0.936335
0.000000
0.000000
0.000000
0.000000
0.000000
0.000000
-1.187410
1.128244
0.776657
-1.320632
1.078739
0.677109
0.000000
0.000000
0.000000
0.000000
0.000000
0.000000
-1.183836
0.680200
0.786511
-1.130138
0.808442
0.705875
0.000000
0.000000
0.000000
0.000000
0.000000
0.000000
-1.240103
0.694420
0.927838
-1.314900
0.525688
0.860160
0.000000
0.000000
0.000000
0.000000
0.000000
0.000000
-1.405986
0.444745
0.873431
-1.431152
0.507407
0.869316
0.000000
0.000000
0.000000
0.000000
0.000000
0.000000
-1.590309
0.593689
0.843511
-1.634952
0.533707
0.855235
0.000000
0.000000
0.000000
0.000000
0.000000
0.000000
-1.127038
0.822479
0.696774
-1.158810
0.841373
0.655202
0.000000
0.000000
0.000000
0.000000
0.000000
0.000000
-1.366981
1.008689
0.647277
-1.383284
1.054026
0.703172
0.000000
0.000000
0.000000
0.000000
0.000000
0.000000
0.000000
0.000000
0.000000
-1.011338
0.828206
0.732949
0.000000
0.000000
0.000000
0.000000
0.000000
0.000000
0.000000
0.000000
0.000000
-0.897789
1.370457
0.711100
0.000000
0.000000
0.000000
0.000000
0.000000
0.000000
0.000000
0.000000
0.000000
-1.310218
0.293004
0.868947
0.000000
0.000000
0.000000
0.000000
0.000000
0.000000
0.000000
0.000000
0.000000
-0.971922
0.843074
0.669880
0.000000
0.000000
0.000000
0.000000
0.000000
0.000000
0.000000
0.000000
0.000000
-1.350111
0.922947
0.770229
0.000000
0.000000
0.000000
0.000000
0.000000
0.000000
-1.195763
0.497697
0.848852
-1.179455
0.491062
0.850604
0.000000
0.000000
0.000000
0.000000
0.000000
0.000000
0.000000
0.000000
0.000000
-1.102222
0.624976
0.838473
0.000000
0.000000
0.000000
0.000000
0.000000
0.000000
-1.303694
0.944511
0.808331
-1.347027
0.898151
0.752304
0.000000
0.000000
0.000000
0.000000
0.000000
0.000000
-1.527159
0.655583
0.827469
-1.556363
0.650597
0.824806
0.000000
0.000000
0.000000
0.000000
0.000000
0.000000
-1.321311
0.814314
0.717049
-1.319429
0.916182
0.648644
0.000000
0.000000
0.000000
0.000000
0.000000
0.000000
-1.536035
0.462213
0.858839
-1.512686
0.462611
0.864661
0.000000
0.000000
0.000000
0.000000
0.000000
0.000000
-0.985348
0.467162
0.717842
-1.160467
0.421692
1.028391
0.000000
0.000000
0.000000
0.000000
0.000000
0.000000
0.000000
0.000000
0.000000
-0.896604
1.120055
0.657083
0.000000
0.000000
0.000000
0.000000
0.000000
0.000000
-1.062494
0.724284
0.644762
-1.159715
0.602232
0.936904
0.000000
0.000000
0.000000
0.000000
0.000000
0.000000
-1.305516
0.371784
0.872925
-1.368749
0.412900
0.869422
0.000000
0.000000
0.000000
0.000000
0.000000
0.000000
-1.536178
0.491825
0.864996
-1.586405
0.495062
0.872822
0.000000
0.000000
0.000000
0.000000
0.000000
0.000000
0.000000
0.000000
0.000000
-1.311511
0.592296
0.733554
0.000000
0.000000
0.000000
0.000000
0.000000
0.000000
-1.223303
0.336130
1.116287
-1.216128
0.337016
0.951945
0.000000
0.000000
0.000000
0.000000
0.000000
0.000000
-1.306057
0.491948
0.742676
-1.334346
0.493212
0.887221
0.000000
0.000000
0.000000
0.000000
0.000000
0.000000
-1.275111
1.055113
0.474332
-1.270390
1.236079
0.502938
0.000000
0.000000
0.000000
0.000000
0.000000
0.000000
-1.134165
0.934978
0.648387
-1.210274
1.006028
0.620986
0.000000
0.000000
0.000000
0.000000
0.000000
0.000000
-0.784570
1.330286
0.778774
-0.908521
1.033202
0.669557
0.000000
0.000000
0.000000
0.000000
0.000000
0.000000
-1.365190
0.974362
0.696468
-1.382566
0.976340
0.695640
0.000000
0.000000
0.000000
0.000000
0.000000
0.000000
-1.268252
1.108704
0.627837
-1.345304
1.054912
0.591734
0.000000
0.000000
0.000000
0.000000
0.000000
0.000000
-1.270846
1.276345
1.257624
-1.556447
0.927787
1.034240
0.000000
0.000000
0.000000
0.000000
0.000000
0.000000
-0.927673
0.703113
0.715923
-0.942007
0.814433
0.771119
0.000000
0.000000
0.000000
0.000000
0.000000
0.000000
0.000000
0.000000
0.000000
-1.103801
0.766299
0.764768
0.000000
0.000000
0.000000
0.000000
0.000000
0.000000
-1.260311
0.986754
0.804143
-1.339094
0.937984
0.799305
0.000000
0.000000
0.000000
0.000000
0.000000
0.000000
0.000000
0.000000
0.000000
-1.349408
1.207994
0.701892
0.000000
0.000000
0.000000
0.000000
0.000000
0.000000
-1.197133
0.788987
0.786342
-1.145432
0.797389
0.723340
0.000000
0.000000
0.000000
0.000000
0.000000
0.000000
-1.594156
0.847178
0.771962
-1.624900
0.854578
0.779939
0.000000
0.000000
0.000000
0.000000
0.000000
0.000000
-1.107968
0.951379
0.758246
-1.158339
0.844206
0.811592
-1.144903
0.660878
0.822823
-1.133607
0.677396
0.795433
-1.076831
0.678679
0.804841
-1.070679
0.686139
0.782091
0.000000
0.000000
0.000000
0.000000
0.000000
0.000000
-1.314647
0.669548
0.778402
-1.351832
0.751801
0.789546
0.000000
0.000000
0.000000
0.000000
0.000000
0.000000
0.000000
0.000000
0.000000
-1.138830
0.857021
0.877248
0.000000
0.000000
0.000000
0.000000
0.000000
0.000000
-0.977209
1.501405
0.788758
-1.140016
1.176568
0.704613
0.000000
0.000000
0.000000
0.000000
0.000000
0.000000
-1.278322
0.554612
0.873493
-1.300438
0.531049
0.841561
0.000000
0.000000
0.000000
0.000000
0.000000
0.000000
-1.252182
0.898851
0.654721
-1.303210
0.884322
0.701880
0.000000
0.000000
0.000000
0.000000
0.000000
0.000000
-1.312913
0.489562
0.839284
-1.227043
0.573258
0.790360
0.000000
0.000000
0.000000
0.000000
0.000000
0.000000
0.000000
0.000000
0.000000
-1.142387
1.081882
0.768179
0.000000
0.000000
0.000000
0.000000
0.000000
0.000000
-1.186406
0.957512
0.723893
-1.175414
0.841430
0.723470
0.000000
0.000000
0.000000
0.000000
0.000000
0.000000
0.000000
0.000000
0.000000
-1.183538
1.074660
0.635090
0.000000
0.000000
0.000000
0.000000
0.000000
0.000000
-1.364755
0.830485
0.752096
-1.429928
0.781073
0.805984
0.000000
0.000000
0.000000
0.000000
0.000000
0.000000
-1.402758
0.612202
0.923993
-1.433603
0.478944
0.856672
-1.236606
0.578425
0.691423
-1.152674
0.675228
0.799568
-1.228301
0.579427
0.691423
-1.145440
0.670124
0.799568
0.000000
0.000000
0.000000
0.000000
0.000000
0.000000
-1.588609
0.348275
0.921010
-1.594292
0.364975
0.897679
-1.251189
0.729728
0.700454
-1.359166
0.681215
0.952580
-1.237892
0.732384
0.700454
-1.357349
0.672879
0.952580
0.000000
0.000000
0.000000
0.000000
0.000000
0.000000
-1.265015
0.593916
0.845385
-1.338846
0.559145
0.868144
0.000000
0.000000
0.000000
0.000000
0.000000
0.000000
-1.224603
1.012917
0.932573
-1.198722
1.049223
0.774219
0.000000
0.000000
0.000000
0.000000
0.000000
0.000000
-1.364114
0.929789
0.637770
-1.413274
0.925967
0.657414
0.000000
0.000000
0.000000
0.000000
0.000000
0.000000
-1.342830
1.030606
0.788073
-1.432499
0.859136
0.789445
0.000000
0.000000
0.000000
0.000000
0.000000
0.000000
-1.449129
0.653807
0.810333
-1.442300
0.649984
0.818520
0.000000
0.000000
0.000000
0.000000
0.000000
0.000000
-1.208311
0.592440
0.771829
-1.215234
0.588862
0.804347
0.000000
0.000000
0.000000
0.000000
0.000000
0.000000
-1.017834
0.888002
0.752635
-1.039146
0.877573
0.712126
0.000000
0.000000
0.000000
0.000000
0.000000
0.000000
-0.987865
1.327720
0.885402
-1.085087
1.041486
0.636043
0.000000
0.000000
0.000000
0.000000
0.000000
0.000000
-1.385345
0.876285
0.759731
-1.438286
0.788274
0.727326
0.000000
0.000000
0.000000
0.000000
0.000000
0.000000
-0.987972
0.909437
0.849602
-0.887468
1.271051
0.747216
0.000000
0.000000
0.000000
0.000000
0.000000
0.000000
-1.492419
1.375140
0.457934
-1.529743
1.374089
0.465304
0.000000
0.000000
0.000000
0.000000
0.000000
0.000000
-1.242119
0.852692
0.630996
-1.252523
1.068738
0.597845
0.000000
0.000000
0.000000
0.000000
0.000000
0.000000
-1.404377
0.565596
0.823648
-1.266657
0.825250
0.712373
0.000000
0.000000
0.000000
0.000000
0.000000
0.000000
-1.422756
0.472517
0.869591
-1.466429
0.446850
0.869785
0.000000
0.000000
0.000000
0.000000
0.000000
0.000000
-1.307285
0.761914
0.645251
-1.352907
0.667765
0.729964
0.000000
0.000000
0.000000
0.000000
0.000000
0.000000
-1.292112
0.515406
0.771934
-1.384201
0.405887
0.873342
0.000000
0.000000
0.000000
0.000000
0.000000
0.000000
-0.873624
1.518975
0.611072
-1.072359
0.925401
0.605868
0.000000
0.000000
0.000000
0.000000
0.000000
0.000000
-1.364702
0.570732
0.857166
-1.372757
0.544168
0.858780
0.000000
0.000000
0.000000
0.000000
0.000000
0.000000
0.000000
0.000000
0.000000
-1.288162
0.687203
0.565677
0.000000
0.000000
0.000000
0.000000
0.000000
0.000000
0.000000
0.000000
0.000000
-1.092968
0.575477
0.862573
0.000000
0.000000
0.000000
0.000000
0.000000
0.000000
-1.397202
0.561216
0.870628
-1.409508
0.567313
0.893345
0.000000
0.000000
0.000000
0.000000
0.000000
0.000000
-1.232432
0.628276
0.798722
-1.289162
0.653809
0.803391
0.000000
0.000000
0.000000
0.000000
0.000000
0.000000
-1.150767
0.625089
0.669837
-1.258166
0.521600
0.948451
0.000000
0.000000
0.000000
0.000000
0.000000
0.000000
-1.328985
0.841210
0.847295
-1.417499
0.779333
0.776134
0.000000
0.000000
0.000000
0.000000
0.000000
0.000000
0.000000
0.000000
0.000000
-1.283494
0.928796
0.800546
0.000000
0.000000
0.000000
0.000000
0.000000
0.000000
-1.229561
0.626044
0.757311
-1.347077
0.532001
0.807309
-1.443579
1.008989
0.671845
-1.464665
1.024594
0.671148
-1.359250
1.019519
0.655556
-1.369523
1.025785
0.657203
0.000000
0.000000
0.000000
0.000000
0.000000
0.000000
-1.473661
0.705584
0.778211
-1.440533
0.765307
0.725923
0.000000
0.000000
0.000000
0.000000
0.000000
0.000000
-1.191282
0.524219
0.856870
-1.270500
0.548086
0.847814
0.000000
0.000000
0.000000
0.000000
0.000000
0.000000
-0.918530
1.117533
0.676958
-0.994107
1.002921
0.724296
0.000000
0.000000
0.000000
0.000000
0.000000
0.000000
-1.313264
0.413733
0.738145
-1.411712
0.338522
0.914817
0.000000
0.000000
0.000000
0.000000
0.000000
0.000000
-1.120295
0.612504
0.776582
-1.079839
0.869108
0.783258
0.000000
0.000000
0.000000
0.000000
0.000000
0.000000
-1.275502
0.492726
0.758266
-1.153040
0.631652
0.890538
0.000000
0.000000
0.000000
0.000000
0.000000
0.000000
-1.376305
0.881938
0.732357
-1.409757
0.868053
0.737147
0.000000
0.000000
0.000000
0.000000
0.000000
0.000000
-1.259840
0.930146
0.646330
-1.331261
0.812486
0.775592
0.000000
0.000000
0.000000
0.000000
0.000000
0.000000
-1.353079
0.677198
0.780826
-1.473444
0.518920
0.873298
0.000000
0.000000
0.000000
0.000000
0.000000
0.000000
-1.251880
0.664109
0.754243
-1.273664
0.638776
0.714396
0.000000
0.000000
0.000000
0.000000
0.000000
0.000000
-1.181068
0.568275
0.957559
-1.286134
0.479141
0.931545
0.000000
0.000000
0.000000
0.000000
0.000000
0.000000
-1.233751
1.098833
0.599252
-1.266360
1.165043
0.565165
0.000000
0.000000
0.000000
0.000000
0.000000
0.000000
-1.048252
1.187760
0.645890
-1.121865
1.103092
0.535126
0.000000
0.000000
0.000000
0.000000
0.000000
0.000000
-1.405916
1.219203
0.622007
-1.371484
1.150418
0.602472
0.000000
0.000000
0.000000
0.000000
0.000000
0.000000
-1.371131
0.955205
0.759036
-1.520605
0.829332
0.706799
0.000000
0.000000
0.000000
0.000000
0.000000
0.000000
-1.157530
0.660349
0.695239
-1.199344
0.533182
0.862439
0.000000
0.000000
0.000000
0.000000
0.000000
0.000000
0.000000
0.000000
0.000000
-1.194971
1.217192
0.726105
0.000000
0.000000
0.000000
0.000000
0.000000
0.000000
-1.446588
0.636892
0.784082
-1.483754
0.559305
0.827964
0.000000
0.000000
0.000000
0.000000
0.000000
0.000000
0.000000
0.000000
0.000000
-1.204980
0.420286
0.672966
0.000000
0.000000
0.000000
0.000000
0.000000
0.000000
-1.343342
0.550805
0.806934
-1.415239
0.590910
0.946264
0.000000
0.000000
0.000000
0.000000
0.000000
0.000000
-1.149591
0.550934
0.669830
-1.180211
0.554758
0.862977
0.000000
0.000000
0.000000
0.000000
0.000000
0.000000
-1.359438
0.713565
0.827383
-1.408743
0.591084
0.795673
-1.254681
0.976392
0.749122
-1.315531
0.992792
0.668322
-1.211787
0.999951
0.697448
-1.264252
1.011317
0.642843
0.000000
0.000000
0.000000
0.000000
0.000000
0.000000
-1.170893
1.024349
0.729140
-1.272279
1.016708
0.662422
0.000000
0.000000
0.000000
0.000000
0.000000
0.000000
-1.242076
1.112249
0.569462
-1.299344
1.079968
0.589634
0.000000
0.000000
0.000000
0.000000
0.000000
0.000000
-1.279535
1.160197
0.814424
-1.482276
0.752949
0.825119
0.000000
0.000000
0.000000
0.000000
0.000000
0.000000
-1.450782
0.984304
0.721911
-1.526080
0.880659
0.827423
0.000000
0.000000
0.000000
0.000000
0.000000
0.000000
-1.369997
1.090077
0.627584
-1.396589
1.048774
0.654128
0.000000
0.000000
0.000000
0.000000
0.000000
0.000000
0.000000
0.000000
0.000000
-1.279362
0.798992
0.640758
0.000000
0.000000
0.000000
0.000000
0.000000
0.000000
-1.034777
0.821017
0.724846
-0.991552
1.130705
0.675064
0.000000
0.000000
0.000000
0.000000
0.000000
0.000000
-1.339993
0.677471
0.881084
-1.350997
0.683666
0.846309
0.000000
0.000000
0.000000
0.000000
0.000000
0.000000
-1.328663
0.449176
0.897645
-1.466428
0.391484
0.899478
0.000000
0.000000
0.000000
0.000000
0.000000
0.000000
-1.187222
0.617810
0.897579
-1.144101
0.720268
0.801420
0.000000
0.000000
0.000000
0.000000
0.000000
0.000000
-1.248906
0.570526
0.841182
-1.439446
0.459127
0.857527
0.000000
0.000000
0.000000
0.000000
0.000000
0.000000
0.000000
0.000000
0.000000
-1.320555
0.724647
0.881937
0.000000
0.000000
0.000000
0.000000
0.000000
0.000000
-1.162796
1.135835
0.699471
-1.217025
1.083397
0.588556
0.000000
0.000000
0.000000
0.000000
0.000000
0.000000
0.000000
0.000000
0.000000
-1.198383
0.641696
0.780882
0.000000
0.000000
0.000000
0.000000
0.000000
0.000000
-1.088464
0.677203
0.850216
-1.169118
0.918480
0.748135
0.000000
0.000000
0.000000
0.000000
0.000000
0.000000
-1.402085
0.624843
0.827591
-1.414182
0.607908
0.818182
0.000000
0.000000
0.000000
0.000000
0.000000
0.000000
-1.429984
0.312026
0.929145
-1.507069
0.248627
0.911903
0.000000
0.000000
0.000000
0.000000
0.000000
0.000000
-1.254103
1.048157
0.640206
-1.323476
1.117828
0.635572
0.000000
0.000000
0.000000
0.000000
0.000000
0.000000
0.000000
0.000000
0.000000
-1.222615
0.709164
0.709592
0.000000
0.000000
0.000000
0.000000
0.000000
0.000000
0.000000
0.000000
0.000000
-1.265860
0.767583
0.780545
0.000000
0.000000
0.000000
0.000000
0.000000
0.000000
0.000000
0.000000
0.000000
-1.172739
0.682830
0.726574
0.000000
0.000000
0.000000
0.000000
0.000000
0.000000
0.000000
0.000000
0.000000
-1.289290
0.729506
0.757315
0.000000
0.000000
0.000000
0.000000
0.000000
0.000000
0.000000
0.000000
0.000000
-1.285051
0.659874
0.931745
0.000000
0.000000
0.000000
0.000000
0.000000
0.000000
-1.393779
0.949662
0.720073
-1.425343
0.915701
0.740197
0.000000
0.000000
0.000000
0.000000
0.000000
0.000000
-1.267526
0.507764
0.981063
-1.165436
0.705796
0.915507
0.000000
0.000000
0.000000
-1.049848
0.948016
0.588878
0.000000
0.000000
0.000000
-0.995588
0.979470
0.588878
0.000000
0.000000
0.000000
0.000000
0.000000
0.000000
-1.339341
0.504850
1.097378
-1.449520
0.394522
0.915838
0.000000
0.000000
0.000000
0.000000
0.000000
0.000000
0.000000
0.000000
0.000000
-1.396711
0.460701
0.857941
0.000000
0.000000
0.000000
0.000000
0.000000
0.000000
0.000000
0.000000
0.000000
-1.113550
1.134663
0.733198
0.000000
0.000000
0.000000
0.000000
0.000000
0.000000
-1.222090
0.554245
0.630506
-1.247511
0.526969
0.947096
0.000000
0.000000
0.000000
0.000000
0.000000
0.000000
-1.412112
0.488796
0.852239
-1.459635
0.476174
0.860265
0.000000
0.000000
0.000000
0.000000
0.000000
0.000000
0.000000
0.000000
0.000000
-1.017460
1.081840
0.576291
-1.359766
1.071257
0.714504
-1.367693
1.033293
0.647405
-1.323862
1.081148
0.684875
-1.328794
1.029774
0.640023
0.000000
0.000000
0.000000
0.000000
0.000000
0.000000
-1.078944
1.192764
0.663740
-1.191103
1.180253
0.533838
0.000000
0.000000
0.000000
0.000000
0.000000
0.000000
-1.320211
1.095151
0.579805
-1.332994
1.177523
0.571782
0.000000
0.000000
0.000000
0.000000
0.000000
0.000000
-1.160963
0.840678
0.732715
-1.247663
0.769472
0.758544
0.000000
0.000000
0.000000
0.000000
0.000000
0.000000
-1.422701
0.353372
0.873614
-1.450546
0.388751
0.851885
0.000000
0.000000
0.000000
0.000000
0.000000
0.000000
-1.164421
0.768878
0.667511
-1.211624
0.814770
0.740936
0.000000
0.000000
0.000000
0.000000
0.000000
0.000000
0.000000
0.000000
0.000000
-1.042866
0.855697
0.696630
0.000000
0.000000
0.000000
0.000000
0.000000
0.000000
-1.278468
0.577028
0.811377
-1.155219
0.953081
0.788263
0.000000
0.000000
0.000000
0.000000
0.000000
0.000000
-0.973303
0.828468
0.739113
-1.002300
0.756367
0.685744
0.000000
0.000000
0.000000
0.000000
0.000000
0.000000
-1.119389
0.977798
0.662141
-1.167703
1.026608
0.717762
0.000000
0.000000
0.000000
0.000000
0.000000
0.000000
0.000000
0.000000
0.000000
-1.244465
0.786289
0.665230
0.000000
0.000000
0.000000
0.000000
0.000000
0.000000
-1.524501
0.294435
0.882425
-1.571533
0.322790
0.900895
0.000000
0.000000
0.000000
0.000000
0.000000
0.000000
-1.267459
0.679613
0.707590
-1.348270
0.573833
0.672502
0.000000
0.000000
0.000000
0.000000
0.000000
0.000000
-1.589468
0.392701
0.904506
-1.572212
0.364759
0.872968
0.000000
0.000000
0.000000
0.000000
0.000000
0.000000
-1.706773
0.326811
0.901016
-1.732235
0.307204
0.903872
0.000000
0.000000
0.000000
0.000000
0.000000
0.000000
0.000000
0.000000
0.000000
-0.992394
1.023700
0.965073
0.000000
0.000000
0.000000
0.000000
0.000000
0.000000
-1.679789
0.319218
0.905048
-1.686778
0.344468
0.903641
0.000000
0.000000
0.000000
0.000000
0.000000
0.000000
-1.110300
0.503828
0.838228
-1.118022
0.517883
0.863009
0.000000
0.000000
0.000000
0.000000
0.000000
0.000000
-1.468680
0.553592
0.880598
-1.563994
0.553435
0.856821
0.000000
0.000000
0.000000
0.000000
0.000000
0.000000
-1.323381
1.606287
0.800000
-1.349816
1.387211
0.725675
0.000000
0.000000
0.000000
0.000000
0.000000
0.000000
-1.290328
0.789222
0.769049
-1.356355
0.747306
0.796087
0.000000
0.000000
0.000000
0.000000
0.000000
0.000000
-0.973088
0.859010
0.639522
-1.037356
0.835500
0.614355
0.000000
0.000000
0.000000
0.000000
0.000000
0.000000
-1.210152
0.490731
0.682936
-1.188032
0.587480
0.932380
0.000000
0.000000
0.000000
0.000000
0.000000
0.000000
0.000000
0.000000
0.000000
-1.181511
0.468807
0.839531
0.000000
0.000000
0.000000
0.000000
0.000000
0.000000
-1.299173
0.803762
0.749483
-1.364401
0.774373
0.742270
0.000000
0.000000
0.000000
0.000000
0.000000
0.000000
-1.206149
1.130669
0.680615
-1.292790
1.041410
0.669647
0.000000
0.000000
0.000000
0.000000
0.000000
0.000000
-0.956215
0.848949
0.696219
-0.962522
0.704964
0.629263
-1.162687
0.656020
0.762162
-1.192475
0.762564
0.766707
-1.093632
0.742864
0.750580
-1.079817
0.974603
0.693656
0.000000
0.000000
0.000000
0.000000
0.000000
0.000000
-1.482065
0.584055
0.896039
-1.543150
0.476419
0.840014
0.000000
0.000000
0.000000
0.000000
0.000000
0.000000
-1.403859
0.583373
0.729822
-1.357776
0.608758
0.913768
0.000000
0.000000
0.000000
0.000000
0.000000
0.000000
-1.376270
1.216306
0.639114
-1.526000
1.069520
0.572093
0.000000
0.000000
0.000000
0.000000
0.000000
0.000000
-1.205709
0.610724
0.772790
-1.195799
0.731074
0.790151
0.000000
0.000000
0.000000
0.000000
0.000000
0.000000
-1.500093
0.306711
0.891430
-1.508191
0.322144
0.891508
0.000000
0.000000
0.000000
0.000000
0.000000
0.000000
-1.277483
0.969377
0.665379
-1.338423
0.946051
0.674830
0.000000
0.000000
0.000000
0.000000
0.000000
0.000000
-1.193892
0.587047
0.749469
-1.246383
0.615478
0.803581
0.000000
0.000000
0.000000
0.000000
0.000000
0.000000
-1.066299
0.929696
0.628483
-1.139863
0.679531
0.624151
0.000000
0.000000
0.000000
0.000000
0.000000
0.000000
-1.265715
0.636146
0.734851
-1.210653
0.735131
0.696102
0.000000
0.000000
0.000000
0.000000
0.000000
0.000000
-1.149353
0.814149
0.721433
-1.157756
0.687424
0.795355
0.000000
0.000000
0.000000
0.000000
0.000000
0.000000
-1.175236
0.887335
0.770502
-1.193060
0.923625
0.715569
0.000000
0.000000
0.000000
0.000000
0.000000
0.000000
-1.289269
0.842042
0.720559
-1.314825
0.853974
0.839389
0.000000
0.000000
0.000000
0.000000
0.000000
0.000000
-1.050529
0.727637
0.776892
-1.122941
0.675231
0.755393
0.000000
0.000000
0.000000
0.000000
0.000000
0.000000
-1.096795
1.459746
0.672633
-1.227249
0.939234
0.590243
-1.407849
1.101826
0.624433
-1.419640
1.081229
0.669123
-1.423799
0.866063
0.738596
-1.410572
0.844811
0.767797
0.000000
0.000000
0.000000
0.000000
0.000000
0.000000
-1.517310
0.907642
0.747777
-1.535264
0.929853
0.747984
0.000000
0.000000
0.000000
0.000000
0.000000
0.000000
-1.057147
1.339836
0.739353
-1.210256
0.912086
0.701815
0.000000
0.000000
0.000000
0.000000
0.000000
0.000000
-1.096570
1.065292
0.746478
-1.277192
1.000532
0.843195
0.000000
0.000000
0.000000
0.000000
0.000000
0.000000
-1.027175
0.696683
0.720188
-1.122788
0.838769
0.656362
0.000000
0.000000
0.000000
0.000000
0.000000
0.000000
-1.105193
0.931624
0.756652
-1.202370
0.785460
0.804666
0.000000
0.000000
0.000000
0.000000
0.000000
0.000000
-1.126387
0.975140
0.617753
-1.238131
0.894735
0.736614
0.000000
0.000000
0.000000
0.000000
0.000000
0.000000
-1.321361
0.897081
0.625328
-1.272462
0.892002
0.678579
0.000000
0.000000
0.000000
0.000000
0.000000
0.000000
-1.116186
0.703430
0.856810
-1.141455
0.683134
0.785437
0.000000
0.000000
0.000000
0.000000
0.000000
0.000000
-1.348472
0.620093
0.657034
-1.295157
0.736876
0.728417
0.000000
0.000000
0.000000
0.000000
0.000000
0.000000
-1.352484
0.588009
0.838564
-1.409812
0.476127
0.774500
0.000000
0.000000
0.000000
0.000000
0.000000
0.000000
-1.279553
0.847119
0.795910
-1.314956
0.953571
0.691165
0.000000
0.000000
0.000000
0.000000
0.000000
0.000000
-1.440661
0.637382
0.791866
-1.466556
0.623817
0.815933
0.000000
0.000000
0.000000
0.000000
0.000000
0.000000
-1.229167
0.981951
0.705381
-1.367455
0.898409
0.719579
0.000000
0.000000
0.000000
0.000000
0.000000
0.000000
-1.330611
0.768546
0.716695
-1.344379
0.691321
0.711994
0.000000
0.000000
0.000000
0.000000
0.000000
0.000000
-1.150753
0.791704
0.865048
-1.282299
0.635611
0.827318
0.000000
0.000000
0.000000
0.000000
0.000000
0.000000
-1.271712
1.066850
0.684942
-1.299004
1.004404
0.718082
0.000000
0.000000
0.000000
0.000000
0.000000
0.000000
-1.391206
0.562215
0.819878
-1.428588
0.605914
0.829613
0.000000
0.000000
0.000000
0.000000
0.000000
0.000000
-1.318527
0.872722
0.728455
-1.318569
0.849389
0.714963
0.000000
0.000000
0.000000
0.000000
0.000000
0.000000
-1.129017
0.790937
0.902220
-1.187177
0.714277
0.838197
0.000000
0.000000
0.000000
0.000000
0.000000
0.000000
0.000000
0.000000
0.000000
-1.074450
0.747683
0.861128
0.000000
0.000000
0.000000
0.000000
0.000000
0.000000
0.000000
0.000000
0.000000
-1.169204
1.170404
0.539474
0.000000
0.000000
0.000000
-1.313802
1.555884
0.695527
0.000000
0.000000
0.000000
-1.308918
1.557480
0.695527
0.000000
0.000000
0.000000
0.000000
0.000000
0.000000
-1.151229
0.699543
0.727426
-1.178873
0.719178
0.732203
0.000000
0.000000
0.000000
0.000000
0.000000
0.000000
-1.601644
0.833385
0.747732
-1.622277
0.829936
0.692748
0.000000
0.000000
0.000000
0.000000
0.000000
0.000000
-1.230065
0.522630
0.866067
-1.353294
0.500675
0.876644
0.000000
0.000000
0.000000
0.000000
0.000000
0.000000
-1.549690
0.523319
0.855566
-1.565951
0.525893
0.843356
0.000000
0.000000
0.000000
0.000000
0.000000
0.000000
-1.180476
0.610582
0.874853
-1.216909
0.569553
0.836642
-1.219039
0.639469
0.842255
-1.256906
0.557095
0.864612
-1.142952
0.663093
0.842255
-1.188016
0.515891
0.829729
0.000000
0.000000
0.000000
0.000000
0.000000
0.000000
-1.099469
0.915377
0.838124
-1.245172
0.644404
0.764546
0.000000
0.000000
0.000000
0.000000
0.000000
0.000000
-1.356988
0.939430
0.767250
-1.370140
0.959409
0.686421
0.000000
0.000000
0.000000
0.000000
0.000000
0.000000
-1.279023
0.709157
0.761487
-1.389720
0.534463
0.786108
0.000000
0.000000
0.000000
0.000000
0.000000
0.000000
-1.258195
1.098793
0.640992
-1.327793
1.094178
0.577930
0.000000
0.000000
0.000000
0.000000
0.000000
0.000000
-1.365761
0.479313
0.851660
-1.330731
0.507271
0.871955
0.000000
0.000000
0.000000
0.000000
0.000000
0.000000
-1.105013
1.060408
0.795739
-1.210108
1.046226
0.776702
0.000000
0.000000
0.000000
0.000000
0.000000
0.000000
-0.894372
0.995092
0.771289
-1.020185
0.767020
0.738318
0.000000
0.000000
0.000000
0.000000
0.000000
0.000000
-1.032988
1.348715
0.765110
-1.126962
1.265081
0.592748
0.000000
0.000000
0.000000
0.000000
0.000000
0.000000
-1.327322
1.119196
0.727174
-1.395518
1.076261
0.682976
0.000000
0.000000
0.000000
0.000000
0.000000
0.000000
-1.290698
0.756713
0.783406
-1.207407
0.848743
0.657734
0.000000
0.000000
0.000000
0.000000
0.000000
0.000000
-1.496285
0.511562
0.889034
-1.472445
0.506604
0.841796
0.000000
0.000000
0.000000
0.000000
0.000000
0.000000
-1.279403
1.168823
0.699030
-1.395340
0.853052
0.657889
0.000000
0.000000
0.000000
0.000000
0.000000
0.000000
0.000000
0.000000
0.000000
-1.255291
1.048143
0.738955
0.000000
0.000000
0.000000
0.000000
0.000000
0.000000
-1.257532
0.546202
0.868739
-1.242155
0.570261
0.765760
0.000000
0.000000
0.000000
0.000000
0.000000
0.000000
-1.148425
0.884106
0.700002
-1.131693
0.962854
0.729210
0.000000
0.000000
0.000000
0.000000
0.000000
0.000000
-1.232411
0.598005
0.615272
-1.237463
0.623574
0.824534
0.000000
0.000000
0.000000
0.000000
0.000000
0.000000
-1.165780
0.942097
0.717571
-1.206087
1.000937
0.682009
0.000000
0.000000
0.000000
0.000000
0.000000
0.000000
-1.423378
0.965507
0.693658
-1.447759
0.987748
0.700914
0.000000
0.000000
0.000000
0.000000
0.000000
0.000000
-1.391269
0.912525
0.741303
-1.397974
0.947386
0.699288
0.000000
0.000000
0.000000
0.000000
0.000000
0.000000
0.000000
0.000000
0.000000
-1.210875
0.442330
0.598295
0.000000
0.000000
0.000000
0.000000
0.000000
0.000000
-1.146090
0.746710
0.851222
-1.185675
0.743996
0.758049
0.000000
0.000000
0.000000
0.000000
0.000000
0.000000
-1.146791
1.646882
0.544610
-1.246814
1.397552
0.566834
0.000000
0.000000
0.000000
0.000000
0.000000
0.000000
-1.094676
0.713507
0.797432
-1.189476
0.735572
0.927598
0.000000
0.000000
0.000000
0.000000
0.000000
0.000000
-1.320842
0.973463
0.832702
-1.460597
0.647676
0.836540
0.000000
0.000000
0.000000
0.000000
0.000000
0.000000
0.000000
0.000000
0.000000
-1.509404
0.584190
0.726418
0.000000
0.000000
0.000000
0.000000
0.000000
0.000000
-1.011525
0.715091
0.671784
-0.944341
0.796126
0.675075
0.000000
0.000000
0.000000
0.000000
0.000000
0.000000
-1.288303
0.868563
0.702376
-1.316056
0.919137
0.688667
0.000000
0.000000
0.000000
0.000000
0.000000
0.000000
-1.466988
0.437163
0.955379
-1.536147
0.394790
0.895671
0.000000
0.000000
0.000000
0.000000
0.000000
0.000000
-1.122651
0.623414
0.825069
-1.114869
0.658219
0.789699
0.000000
0.000000
0.000000
0.000000
0.000000
0.000000
-1.454430
0.915044
0.708549
-1.515106
0.800503
0.738542
0.000000
0.000000
0.000000
0.000000
0.000000
0.000000
-1.320919
0.643322
0.776800
-1.336736
0.632003
0.792975
0.000000
0.000000
0.000000
0.000000
0.000000
0.000000
-1.279466
0.644748
0.620562
-1.112627
1.141502
0.665323
0.000000
0.000000
0.000000
0.000000
0.000000
0.000000
-1.378125
0.657235
0.818528
-1.382387
0.620900
0.811032
0.000000
0.000000
0.000000
0.000000
0.000000
0.000000
-1.175796
0.926574
0.611376
-1.139795
0.987106
0.632411
0.000000
0.000000
0.000000
0.000000
0.000000
0.000000
-1.470667
0.700946
0.813845
-1.498255
0.687879
0.810774
0.000000
0.000000
0.000000
0.000000
0.000000
0.000000
-1.214434
0.831172
0.724493
-1.222346
0.930669
0.657630
0.000000
0.000000
0.000000
0.000000
0.000000
0.000000
-1.274707
0.849512
0.659887
-1.291647
1.041752
0.593038
0.000000
0.000000
0.000000
0.000000
0.000000
0.000000
-1.347658
1.090035
0.725371
-1.373970
0.994341
0.683522
0.000000
0.000000
0.000000
0.000000
0.000000
0.000000
-1.446449
0.910708
0.721017
-1.475605
0.867813
0.748260
0.000000
0.000000
0.000000
0.000000
0.000000
0.000000
-1.689630
0.381517
0.895473
-1.746068
0.335222
0.892324
0.000000
0.000000
0.000000
0.000000
0.000000
0.000000
0.000000
0.000000
0.000000
-1.212415
0.967903
0.896885
0.000000
0.000000
0.000000
0.000000
0.000000
0.000000
-1.205674
1.052494
0.866369
-1.335014
0.812315
0.773499
0.000000
0.000000
0.000000
0.000000
0.000000
0.000000
-1.054489
0.515634
0.838103
-1.121509
0.492690
0.857127
0.000000
0.000000
0.000000
0.000000
0.000000
0.000000
-1.494591
0.898290
0.735518
-1.514098
0.836065
0.745888
0.000000
0.000000
0.000000
0.000000
0.000000
0.000000
-1.306034
0.737678
0.760046
-1.263214
0.838282
0.805717
0.000000
0.000000
0.000000
0.000000
0.000000
0.000000
-1.201804
0.743726
0.716287
-1.193268
0.893063
0.738082
0.000000
0.000000
0.000000
0.000000
0.000000
0.000000
0.000000
0.000000
0.000000
-1.265601
1.135848
0.764421
0.000000
0.000000
0.000000
0.000000
0.000000
0.000000
-1.212652
1.138339
0.630225
-1.240146
1.047585
0.582839
0.000000
0.000000
0.000000
0.000000
0.000000
0.000000
-1.383913
0.582097
0.760500
-1.354482
0.700445
0.811625
0.000000
0.000000
0.000000
0.000000
0.000000
0.000000
-1.353821
0.733993
0.772291
-1.357917
0.750908
0.866113
0.000000
0.000000
0.000000
0.000000
0.000000
0.000000
-1.499662
1.231488
0.546003
-1.554246
1.227038
0.582763
0.000000
0.000000
0.000000
0.000000
0.000000
0.000000
-1.171775
0.788351
0.621428
-1.199944
0.972026
0.631188
0.000000
0.000000
0.000000
0.000000
0.000000
0.000000
-1.378801
0.481487
1.124704
-1.312601
0.762390
0.921511
0.000000
0.000000
0.000000
0.000000
0.000000
0.000000
0.000000
0.000000
0.000000
-1.342756
1.107721
0.650528
0.000000
0.000000
0.000000
0.000000
0.000000
0.000000
-1.302734
0.790141
0.766509
-1.349485
0.832866
0.717640
0.000000
0.000000
0.000000
0.000000
0.000000
0.000000
-1.583710
0.529726
0.874359
-1.645571
0.490124
0.877554
0.000000
0.000000
0.000000
0.000000
0.000000
0.000000
-1.377835
0.352444
0.868737
-1.408067
0.328634
0.877645
0.000000
0.000000
0.000000
0.000000
0.000000
0.000000
-1.433326
0.328263
0.901243
-1.509841
0.292985
0.891749
0.000000
0.000000
0.000000
0.000000
0.000000
0.000000
-1.083123
0.870422
0.818945
-1.124737
0.798827
0.796742
0.000000
0.000000
0.000000
0.000000
0.000000
0.000000
-1.124924
1.369391
0.755237
-1.188387
1.203047
0.546050
0.000000
0.000000
0.000000
0.000000
0.000000
0.000000
-1.237187
0.842855
0.739792
-1.280059
0.838719
0.742837
0.000000
0.000000
0.000000
0.000000
0.000000
0.000000
-1.209958
0.896313
0.764610
-1.342585
1.053639
0.642942
0.000000
0.000000
0.000000
0.000000
0.000000
0.000000
-1.502502
0.491469
0.751632
-1.336153
0.781808
0.873375
0.000000
0.000000
0.000000
0.000000
0.000000
0.000000
-1.268415
0.508663
0.849196
-1.327237
0.432570
0.852532
0.000000
0.000000
0.000000
0.000000
0.000000
0.000000
-1.195026
1.044193
0.596910
-1.265793
1.085876
0.634506
0.000000
0.000000
0.000000
0.000000
0.000000
0.000000
0.000000
0.000000
0.000000
-1.094893
0.816837
0.776110
0.000000
0.000000
0.000000
0.000000
0.000000
0.000000
-1.236241
0.707499
0.793529
-1.229037
0.831553
0.767556
0.000000
0.000000
0.000000
0.000000
0.000000
0.000000
-1.126141
0.817951
0.761226
-1.228961
0.911560
0.792832
0.000000
0.000000
0.000000
0.000000
0.000000
0.000000
-1.338563
0.683354
0.800159
-1.369798
0.708861
0.806177
0.000000
0.000000
0.000000
0.000000
0.000000
0.000000
-1.407207
0.558540
0.868650
-1.380419
0.652113
0.929459
0.000000
0.000000
0.000000
0.000000
0.000000
0.000000
-1.352130
0.558308
0.700231
-1.312857
0.616508
0.794113
0.000000
0.000000
0.000000
0.000000
0.000000
0.000000
0.000000
0.000000
0.000000
-1.012669
0.733385
0.849347
0.000000
0.000000
0.000000
0.000000
0.000000
0.000000
-1.137602
0.941798
0.675416
-1.189901
1.053876
0.596952
-1.213661
0.578133
0.816169
-1.251119
0.599445
0.828126
-1.206054
0.573249
0.802563
-1.229011
0.630115
0.816163
-0.872758
1.011456
0.771041
-0.992455
1.022943
0.752073
-0.779649
1.047489
0.771041
-0.883745
1.013812
0.760355
0.000000
0.000000
0.000000
0.000000
0.000000
0.000000
-1.494449
0.913442
0.731789
-1.505674
1.008504
0.721427
0.000000
0.000000
0.000000
0.000000
0.000000
0.000000
-1.184489
0.703766
0.666434
-1.173301
0.938454
0.760036
0.000000
0.000000
0.000000
0.000000
0.000000
0.000000
-1.067890
0.639921
0.731490
-1.121539
0.741226
0.875894
0.000000
0.000000
0.000000
0.000000
0.000000
0.000000
-1.025226
0.801394
0.665408
-1.107236
0.815453
0.736762
0.000000
0.000000
0.000000
0.000000
0.000000
0.000000
-1.447321
0.433474
1.022804
-1.489514
0.381416
0.904425
0.000000
0.000000
0.000000
0.000000
0.000000
0.000000
-1.363204
0.527131
0.786757
-1.356104
0.468773
0.867173
0.000000
0.000000
0.000000
0.000000
0.000000
0.000000
-1.272646
0.746627
0.729928
-1.301911
0.578296
0.777726
0.000000
0.000000
0.000000
0.000000
0.000000
0.000000
-1.407142
0.641964
0.842732
-1.429090
0.686765
0.824398
0.000000
0.000000
0.000000
0.000000
0.000000
0.000000
-1.102772
0.538883
0.757058
-1.265501
0.521569
0.887570
0.000000
0.000000
0.000000
0.000000
0.000000
0.000000
-1.055656
0.957531
0.643351
-1.129048
0.962327
0.817156
0.000000
0.000000
0.000000
0.000000
0.000000
0.000000
-1.007847
1.160229
0.680719
-1.115135
0.715692
0.785635
0.000000
0.000000
0.000000
0.000000
0.000000
0.000000
0.000000
0.000000
0.000000
-1.119156
0.602546
0.690396
0.000000
0.000000
0.000000
0.000000
0.000000
0.000000
-1.194192
0.549075
0.823014
-1.176620
0.675227
0.794900
0.000000
0.000000
0.000000
0.000000
0.000000
0.000000
-1.068495
0.818507
0.660765
-1.074138
0.928590
0.652315
0.000000
0.000000
0.000000
0.000000
0.000000
0.000000
-1.402174
0.896406
0.718852
-1.429533
0.871527
0.736573
0.000000
0.000000
0.000000
0.000000
0.000000
0.000000
-1.112865
0.888373
0.674867
-1.215726
0.759052
0.648530
-1.457299
0.616242
0.850760
-1.525710
0.558045
0.919457
-1.487031
0.540958
0.797617
-1.530612
0.469018
0.905859
0.000000
0.000000
0.000000
0.000000
0.000000
0.000000
-1.568354
0.345296
0.892092
-1.586320
0.322273
0.888741
0.000000
0.000000
0.000000
-1.357712
0.695788
0.716863
0.000000
0.000000
0.000000
-1.363100
0.703900
0.716863
0.000000
0.000000
0.000000
0.000000
0.000000
0.000000
-1.187860
0.941839
0.635898
-1.238233
0.941427
0.657746
0.000000
0.000000
0.000000
0.000000
0.000000
0.000000
-1.450994
0.641123
0.842250
-1.501802
0.575121
0.863713
0.000000
0.000000
0.000000
0.000000
0.000000
0.000000
0.000000
0.000000
0.000000
-1.338351
0.473481
0.738498
0.000000
0.000000
0.000000
0.000000
0.000000
0.000000
-1.558946
0.457655
0.843366
-1.530989
0.500468
0.819674
0.000000
0.000000
0.000000
0.000000
0.000000
0.000000
-1.282318
1.017428
0.663153
-1.350838
0.932014
0.699622
0.000000
0.000000
0.000000
0.000000
0.000000
0.000000
-1.059769
1.200692
0.699200
-1.056117
1.133578
0.609136
0.000000
0.000000
0.000000
0.000000
0.000000
0.000000
0.000000
0.000000
0.000000
-0.817594
0.812360
0.643915
0.000000
0.000000
0.000000
0.000000
0.000000
0.000000
0.000000
0.000000
0.000000
-1.075708
0.634420
0.679369
0.000000
0.000000
0.000000
0.000000
0.000000
0.000000
-1.273250
0.892783
0.715607
-1.327395
0.895416
0.776121
0.000000
0.000000
0.000000
0.000000
0.000000
0.000000
-1.209103
0.833342
0.606460
-1.249222
0.659034
0.815413
0.000000
0.000000
0.000000
0.000000
0.000000
0.000000
-1.066720
1.243255
0.872536
-1.074346
1.286044
0.871617
0.000000
0.000000
0.000000
0.000000
0.000000
0.000000
-1.013585
0.921324
0.714883
-1.034142
0.783153
0.730405
0.000000
0.000000
0.000000
0.000000
0.000000
0.000000
0.000000
0.000000
0.000000
-0.775125
0.826798
0.929296
0.000000
0.000000
0.000000
0.000000
0.000000
0.000000
-1.189845
0.853926
0.719988
-1.247618
0.795414
0.732105
-1.133955
0.932303
0.671367
-1.131396
0.987637
0.626154
-1.057891
0.896886
0.682961
-1.045141
0.957737
0.625882
0.000000
0.000000
0.000000
0.000000
0.000000
0.000000
0.000000
0.000000
0.000000
-1.258162
0.802699
0.600603
0.000000
0.000000
0.000000
0.000000
0.000000
0.000000
-1.298983
0.542302
0.822832
-1.288566
0.594174
0.877643
0.000000
0.000000
0.000000
0.000000
0.000000
0.000000
-1.283123
0.486614
0.845075
-1.434673
0.444061
0.866702
0.000000
0.000000
0.000000
0.000000
0.000000
0.000000
-1.202763
1.162043
0.524040
-1.261891
1.210124
0.483822
0.000000
0.000000
0.000000
0.000000
0.000000
0.000000
-1.302911
0.518403
0.851768
-1.325928
0.646041
0.821919
0.000000
0.000000
0.000000
0.000000
0.000000
0.000000
-1.125463
0.716547
0.573377
-1.125212
0.712440
0.816412
0.000000
0.000000
0.000000
-1.333599
0.432812
0.796203
0.000000
0.000000
0.000000
-1.312365
0.445725
0.796203
0.000000
0.000000
0.000000
0.000000
0.000000
0.000000
-1.262547
0.646033
0.861970
-1.311490
0.644068
0.826914
0.000000
0.000000
0.000000
0.000000
0.000000
0.000000
-1.177748
1.010391
0.614370
-1.230398
0.996926
0.659259
-1.187529
0.566635
0.794802
-1.122098
0.691851
0.779304
-1.164184
0.590709
0.821778
-1.061319
0.613932
0.800864
0.000000
0.000000
0.000000
0.000000
0.000000
0.000000
-1.306750
0.777267
0.761855
-1.337012
0.760391
0.777246
0.000000
0.000000
0.000000
0.000000
0.000000
0.000000
-1.123498
1.034249
0.667737
-1.093302
0.889237
0.682291
0.000000
0.000000
0.000000
0.000000
0.000000
0.000000
-1.281368
0.593859
0.786990
-1.295448
0.544628
0.812760
0.000000
0.000000
0.000000
0.000000
0.000000
0.000000
0.000000
0.000000
0.000000
-1.366570
0.549125
0.778440
0.000000
0.000000
0.000000
0.000000
0.000000
0.000000
-1.404286
0.542273
0.796019
-1.509339
0.404830
0.866108
0.000000
0.000000
0.000000
0.000000
0.000000
0.000000
-1.167361
0.705647
0.673755
-1.394372
0.640554
0.926794
0.000000
0.000000
0.000000
0.000000
0.000000
0.000000
-1.052682
0.641905
0.791238
-1.145806
0.765505
0.774632
0.000000
0.000000
0.000000
0.000000
0.000000
0.000000
-1.269731
0.557724
0.850042
-1.374306
0.528688
0.830553
0.000000
0.000000
0.000000
0.000000
0.000000
0.000000
0.000000
0.000000
0.000000
-1.166461
0.760740
0.791414
0.000000
0.000000
0.000000
0.000000
0.000000
0.000000
-1.546683
1.063932
0.710337
-1.589620
1.041831
0.698412
0.000000
0.000000
0.000000
0.000000
0.000000
0.000000
0.000000
0.000000
0.000000
-1.182857
0.715217
0.682776
-1.305517
1.301544
0.485606
-1.324928
1.285007
0.505090
-1.275580
1.298842
0.485767
-1.279723
1.292412
0.504014
0.000000
0.000000
0.000000
0.000000
0.000000
0.000000
-1.352409
0.579604
0.825088
-1.383810
0.610846
0.816001
0.000000
0.000000
0.000000
0.000000
0.000000
0.000000
-1.234748
0.927848
0.660278
-1.281302
0.945297
0.686472
-1.044487
1.265942
0.804887
-1.205766
1.055759
0.784092
-1.019983
1.315000
0.799816
-1.189082
0.952703
0.762520
0.000000
0.000000
0.000000
0.000000
0.000000
0.000000
-1.289665
0.533049
0.678660
-1.334966
0.716106
0.881589
0.000000
0.000000
0.000000
0.000000
0.000000
0.000000
-1.349665
0.682931
0.777636
-1.374139
0.588191
0.814450
0.000000
0.000000
0.000000
0.000000
0.000000
0.000000
-1.424984
0.574463
0.813827
-1.259814
0.681795
0.847177
0.000000
0.000000
0.000000
0.000000
0.000000
0.000000
-1.419068
0.477760
0.617503
-1.326366
0.731120
1.023368
0.000000
0.000000
0.000000
0.000000
0.000000
0.000000
-1.128218
1.198020
0.602693
-1.180538
1.006705
0.698832
0.000000
0.000000
0.000000
0.000000
0.000000
0.000000
-1.251679
0.915157
0.748080
-1.327150
0.872710
0.741030
0.000000
0.000000
0.000000
0.000000
0.000000
0.000000
-1.114120
1.312740
0.622645
-1.235799
1.069830
0.698299
0.000000
0.000000
0.000000
0.000000
0.000000
0.000000
-1.179821
0.695610
0.812721
-1.214085
0.601873
0.856556
0.000000
0.000000
0.000000
0.000000
0.000000
0.000000
0.000000
0.000000
0.000000
-1.366180
0.564967
0.715788
0.000000
0.000000
0.000000
0.000000
0.000000
0.000000
-1.209300
0.540718
0.715921
-1.179206
0.709873
0.760779
0.000000
0.000000
0.000000
0.000000
0.000000
0.000000
-1.137914
0.727184
0.693699
-1.163410
0.887663
0.769005
0.000000
0.000000
0.000000
0.000000
0.000000
0.000000
-1.581508
0.264320
0.895915
-1.578173
0.264154
0.904991
0.000000
0.000000
0.000000
0.000000
0.000000
0.000000
-1.192755
0.633314
0.764598
-1.299209
0.584366
0.827907
0.000000
0.000000
0.000000
0.000000
0.000000
0.000000
0.000000
0.000000
0.000000
-1.168765
0.923223
0.791456
0.000000
0.000000
0.000000
0.000000
0.000000
0.000000
-1.531258
0.479241
0.936761
-1.601845
0.471012
0.838914
0.000000
0.000000
0.000000
0.000000
0.000000
0.000000
-1.230917
1.198575
0.758482
-1.238458
1.297499
0.621595
0.000000
0.000000
0.000000
0.000000
0.000000
0.000000
-1.250235
0.645187
0.786465
-1.323465
0.869901
0.737110
0.000000
0.000000
0.000000
0.000000
0.000000
0.000000
-1.079212
1.006535
0.834514
-1.179255
0.941518
0.747295
0.000000
0.000000
0.000000
0.000000
0.000000
0.000000
0.000000
0.000000
0.000000
-1.195845
0.829548
0.705258
0.000000
0.000000
0.000000
0.000000
0.000000
0.000000
-1.236536
1.321227
0.711164
-1.328794
1.098368
0.622291
0.000000
0.000000
0.000000
0.000000
0.000000
0.000000
-1.230850
1.104541
0.768769
-1.277790
1.108939
0.735289
0.000000
0.000000
0.000000
0.000000
0.000000
0.000000
-1.144859
1.362740
0.616122
-1.294286
0.878850
0.722745
0.000000
0.000000
0.000000
0.000000
0.000000
0.000000
-0.934163
1.068724
0.648311
-1.166702
1.022772
0.681408
0.000000
0.000000
0.000000
0.000000
0.000000
0.000000
-1.332505
0.716753
0.712551
-1.325415
1.037986
0.754382
0.000000
0.000000
0.000000
0.000000
0.000000
0.000000
-1.268215
1.115379
0.734392
-1.370411
0.969008
0.755901
0.000000
0.000000
0.000000
0.000000
0.000000
0.000000
-1.256491
0.715708
0.758055
-1.219725
0.793136
0.713640
0.000000
0.000000
0.000000
0.000000
0.000000
0.000000
-1.371630
0.815403
0.815050
-1.389680
0.771997
0.784263
0.000000
0.000000
0.000000
0.000000
0.000000
0.000000
-1.157978
0.870351
0.815942
-1.180711
0.884605
0.791616
0.000000
0.000000
0.000000
0.000000
0.000000
0.000000
-1.342654
0.420732
0.864292
-1.358473
0.418109
0.874729
0.000000
0.000000
0.000000
0.000000
0.000000
0.000000
-1.396011
0.691080
0.792100
-1.407174
0.863948
0.759956
0.000000
0.000000
0.000000
0.000000
0.000000
0.000000
-1.250028
0.521065
0.729046
-1.308799
0.437993
0.893586
-1.226194
0.675357
0.766891
-1.138709
1.080124
0.762851
-1.213615
0.677749
0.766891
-1.137592
1.062551
0.762851
0.000000
0.000000
0.000000
0.000000
0.000000
0.000000
-1.146275
0.774982
0.778920
-1.271665
0.752145
0.786781
-1.359844
0.653824
0.806099
-1.383864
0.691783
0.800334
-1.263843
0.626586
0.809891
-1.271854
0.658124
0.803457
0.000000
0.000000
0.000000
0.000000
0.000000
0.000000
-1.393465
1.004615
0.712598
-1.415417
0.995596
0.700571
0.000000
0.000000
0.000000
0.000000
0.000000
0.000000
-1.030263
0.722406
0.755297
-0.980523
0.880313
0.728758
0.000000
0.000000
0.000000
0.000000
0.000000
0.000000
0.000000
0.000000
0.000000
-1.180609
0.770320
0.872969
0.000000
0.000000
0.000000
0.000000
0.000000
0.000000
-1.359058
1.044808
0.632484
-1.371377
1.069835
0.609341
0.000000
0.000000
0.000000
0.000000
0.000000
0.000000
0.000000
0.000000
0.000000
-1.106474
0.445869
0.751766
-1.101585
0.675921
0.818734
-1.158915
0.816265
0.789429
-1.057971
0.653843
0.816661
-1.097603
0.767526
0.729583
0.000000
0.000000
0.000000
0.000000
0.000000
0.000000
-1.436761
0.759640
0.753731
-1.435491
0.697400
0.807490
0.000000
0.000000
0.000000
0.000000
0.000000
0.000000
-1.052665
0.900008
0.697465
-1.169462
0.748174
0.779076
0.000000
0.000000
0.000000
0.000000
0.000000
0.000000
-0.682579
1.542354
0.781815
-0.987252
1.031025
0.760127
0.000000
0.000000
0.000000
0.000000
0.000000
0.000000
-1.363459
0.480902
0.646417
-1.458013
0.508682
0.909575
0.000000
0.000000
0.000000
0.000000
0.000000
0.000000
-1.225025
0.521434
0.791430
-1.201898
0.608314
0.775077
0.000000
0.000000
0.000000
0.000000
0.000000
0.000000
-1.403740
0.515559
0.858867
-1.451535
0.490003
0.864743
0.000000
0.000000
0.000000
0.000000
0.000000
0.000000
0.000000
0.000000
0.000000
-1.164906
1.001121
0.879959
0.000000
0.000000
0.000000
0.000000
0.000000
0.000000
0.000000
0.000000
0.000000
-1.241745
0.644428
0.674387
0.000000
0.000000
0.000000
0.000000
0.000000
0.000000
-1.428460
0.567424
0.884496
-1.456757
0.488080
0.884355
0.000000
0.000000
0.000000
0.000000
0.000000
0.000000
-1.196721
0.809188
0.639546
-1.184857
0.898346
0.625182
0.000000
0.000000
0.000000
0.000000
0.000000
0.000000
-1.198423
0.657458
0.803940
-1.292221
0.612678
0.832031
0.000000
0.000000
0.000000
0.000000
0.000000
0.000000
-1.490205
0.490365
0.679683
-1.385295
0.740182
0.891789
0.000000
0.000000
0.000000
0.000000
0.000000
0.000000
-1.374115
1.102968
0.706863
-1.393954
1.017293
0.636295
0.000000
0.000000
0.000000
0.000000
0.000000
0.000000
0.000000
0.000000
0.000000
-1.220046
1.279619
0.832567
0.000000
0.000000
0.000000
0.000000
0.000000
0.000000
-1.409777
0.489897
0.861145
-1.437812
0.628151
0.847434
-1.210546
0.995140
0.609310
-1.189987
1.037656
0.631025
-1.165380
1.102113
0.611884
-1.179059
1.132629
0.567510
0.000000
0.000000
0.000000
0.000000
0.000000
0.000000
-1.301810
0.672047
0.740024
-1.244134
0.801013
0.725445
0.000000
0.000000
0.000000
0.000000
0.000000
0.000000
-1.321498
0.621046
0.803328
-1.341607
0.631682
0.790528
0.000000
0.000000
0.000000
0.000000
0.000000
0.000000
-1.400111
0.399635
0.658588
-1.255750
0.511386
0.979022
-1.112954
0.717975
0.785175
-1.105138
0.785557
0.760153
-1.082014
0.752605
0.775501
-1.095016
0.785696
0.753322
-1.213435
0.632598
0.747314
-1.179938
0.622400
0.780134
-1.209355
0.675109
0.742362
-1.259788
0.582610
0.806200
0.000000
0.000000
0.000000
0.000000
0.000000
0.000000
-1.153899
0.621903
0.799407
-1.168923
0.569897
0.760685
0.000000
0.000000
0.000000
0.000000
0.000000
0.000000
-1.278021
0.922925
0.750659
-1.260850
1.023264
0.672060
0.000000
0.000000
0.000000
0.000000
0.000000
0.000000
-1.146205
0.934174
0.767574
-1.132865
1.587043
0.668852
0.000000
0.000000
0.000000
0.000000
0.000000
0.000000
-1.119283
0.764103
0.840191
-1.220563
0.903489
0.737827
0.000000
0.000000
0.000000
0.000000
0.000000
0.000000
-1.283069
0.747597
0.719657
-1.245001
0.588233
1.025503
0.000000
0.000000
0.000000
0.000000
0.000000
0.000000
-1.568711
1.053278
0.678125
-1.593129
1.071958
0.674659
0.000000
0.000000
0.000000
0.000000
0.000000
0.000000
-1.329592
1.122166
0.751201
-1.319753
1.135722
0.666451
0.000000
0.000000
0.000000
0.000000
0.000000
0.000000
-1.267080
0.799403
0.588572
-1.279952
0.778612
0.588537
0.000000
0.000000
0.000000
0.000000
0.000000
0.000000
-1.464806
0.890899
0.731357
-1.489172
0.893674
0.739185
-1.832834
0.303958
0.902398
-1.854064
0.323001
0.901880
-1.791040
0.330443
0.900054
-1.801615
0.349744
0.898269
-0.927829
0.994208
0.697316
-1.021002
0.865227
0.750953
-0.907157
0.991478
0.696273
-0.992495
0.861171
0.751078
0.000000
0.000000
0.000000
0.000000
0.000000
0.000000
-1.269986
0.585960
0.804143
-1.340244
0.474483
0.859918
0.000000
0.000000
0.000000
0.000000
0.000000
0.000000
-1.250847
0.478436
0.855052
-1.216590
0.709787
0.815616
0.000000
0.000000
0.000000
0.000000
0.000000
0.000000
-1.290969
0.771662
0.833874
-1.362215
0.677420
0.799686
0.000000
0.000000
0.000000
0.000000
0.000000
0.000000
-0.999016
1.102390
0.573195
-1.056328
1.191699
0.491416
0.000000
0.000000
0.000000
0.000000
0.000000
0.000000
-1.200510
0.849639
0.700566
-1.218035
0.944594
0.703901
0.000000
0.000000
0.000000
0.000000
0.000000
0.000000
0.000000
0.000000
0.000000
-1.334465
0.364406
0.782441
0.000000
0.000000
0.000000
0.000000
0.000000
0.000000
-1.248617
0.539078
0.861599
-1.334160
0.421872
0.854550
0.000000
0.000000
0.000000
0.000000
0.000000
0.000000
0.000000
0.000000
0.000000
-1.175456
0.443357
0.718347
0.000000
0.000000
0.000000
0.000000
0.000000
0.000000
-1.078087
0.723442
0.844073
-1.007468
0.705906
0.696158
0.000000
0.000000
0.000000
0.000000
0.000000
0.000000
-1.160707
0.953095
0.662429
-1.255005
0.762780
0.705623
0.000000
0.000000
0.000000
0.000000
0.000000
0.000000
-1.223799
0.770556
0.748207
-1.146813
0.908849
0.686109
0.000000
0.000000
0.000000
0.000000
0.000000
0.000000
-1.521914
0.601589
0.842821
-1.557889
0.610160
0.841454
0.000000
0.000000
0.000000
0.000000
0.000000
0.000000
-1.153602
0.772070
0.632313
-1.175817
0.706067
0.845113
0.000000
0.000000
0.000000
0.000000
0.000000
0.000000
-1.499892
0.779420
0.765688
-1.526726
0.783762
0.777178
0.000000
0.000000
0.000000
0.000000
0.000000
0.000000
-1.424583
0.908806
0.742345
-1.445412
0.898136
0.764381
0.000000
0.000000
0.000000
0.000000
0.000000
0.000000
-1.299828
0.587222
0.843805
-1.339892
0.555063
0.823768
0.000000
0.000000
0.000000
-1.039217
0.950590
0.687734
0.000000
0.000000
0.000000
-1.027202
0.956563
0.687734
0.000000
0.000000
0.000000
0.000000
0.000000
0.000000
-1.484999
0.483689
0.818851
-1.450279
0.548011
0.816393
0.000000
0.000000
0.000000
0.000000
0.000000
0.000000
-1.337306
0.458106
0.768769
-1.364958
0.470998
0.874943
0.000000
0.000000
0.000000
0.000000
0.000000
0.000000
-1.236181
0.864827
0.740925
-1.236461
0.822752
0.727321
0.000000
0.000000
0.000000
0.000000
0.000000
0.000000
0.000000
0.000000
0.000000
-1.236492
0.470298
0.817122
0.000000
0.000000
0.000000
0.000000
0.000000
0.000000
-1.320481
0.706411
0.747831
-1.352283
0.766711
0.743806
0.000000
0.000000
0.000000
0.000000
0.000000
0.000000
-1.145988
0.901379
0.705370
-1.085164
1.071779
0.603738
0.000000
0.000000
0.000000
0.000000
0.000000
0.000000
-1.541300
0.380230
0.880334
-1.596502
0.358991
0.885737
0.000000
0.000000
0.000000
0.000000
0.000000
0.000000
-1.137719
1.209584
0.700664
-1.191415
0.955841
0.685002
0.000000
0.000000
0.000000
0.000000
0.000000
0.000000
-1.453573
0.620614
0.859756
-1.435962
0.708875
0.833935
0.000000
0.000000
0.000000
0.000000
0.000000
0.000000
-1.224971
1.382995
0.395903
-1.301713
1.324805
0.420800
0.000000
0.000000
0.000000
0.000000
0.000000
0.000000
-1.314105
0.715431
0.895972
-1.327222
0.894760
0.784056
0.000000
0.000000
0.000000
0.000000
0.000000
0.000000
0.000000
0.000000
0.000000
-1.015865
1.302309
0.649668
0.000000
0.000000
0.000000
0.000000
0.000000
0.000000
-1.305500
0.870685
0.722963
-1.349433
0.856684
0.734128
0.000000
0.000000
0.000000
0.000000
0.000000
0.000000
-1.313268
0.779400
0.819923
-1.310921
0.932880
0.781839
0.000000
0.000000
0.000000
0.000000
0.000000
0.000000
-0.933857
1.159717
0.773872
-1.081657
1.110323
0.664115
-0.997961
0.844411
0.586300
-0.898889
1.070275
0.571928
-0.991590
0.866943
0.586300
-0.874202
1.053512
0.571928
0.000000
0.000000
0.000000
0.000000
0.000000
0.000000
-1.300903
0.682856
0.657400
-1.285890
0.987837
0.782710
0.000000
0.000000
0.000000
0.000000
0.000000
0.000000
-1.013533
1.048425
0.585008
-1.059370
1.039837
0.590794
0.000000
0.000000
0.000000
0.000000
0.000000
0.000000
-1.331378
0.922577
0.686850
-1.348727
0.900029
0.755627
0.000000
0.000000
0.000000
0.000000
0.000000
0.000000
-1.465059
0.465778
0.712015
-1.416366
0.452546
0.802925
0.000000
0.000000
0.000000
0.000000
0.000000
0.000000
-1.617272
0.427243
0.855375
-1.681699
0.360577
0.909386
0.000000
0.000000
0.000000
0.000000
0.000000
0.000000
-1.238111
0.726068
0.664030
-1.263909
0.713069
0.774884
0.000000
0.000000
0.000000
0.000000
0.000000
0.000000
0.000000
0.000000
0.000000
-1.178806
0.542559
0.747123
0.000000
0.000000
0.000000
0.000000
0.000000
0.000000
-1.235873
0.627386
0.827549
-1.251941
0.785136
0.815416
0.000000
0.000000
0.000000
0.000000
0.000000
0.000000
-1.558937
0.601730
0.868813
-1.567924
0.601968
0.835587
0.000000
0.000000
0.000000
0.000000
0.000000
0.000000
-1.074132
1.050065
0.706869
-1.111643
1.039477
0.717607
0.000000
0.000000
0.000000
0.000000
0.000000
0.000000
-1.237579
0.841961
0.778832
-1.234048
0.703385
0.821157
0.000000
0.000000
0.000000
0.000000
0.000000
0.000000
-1.172679
0.812408
0.692454
-1.222904
0.832556
0.733616
0.000000
0.000000
0.000000
0.000000
0.000000
0.000000
-1.171538
0.569638
0.886579
-1.215370
0.584023
0.846124
0.000000
0.000000
0.000000
0.000000
0.000000
0.000000
0.000000
0.000000
0.000000
-1.218902
0.650199
0.685875
0.000000
0.000000
0.000000
0.000000
0.000000
0.000000
0.000000
0.000000
0.000000
-1.059136
1.160951
0.718378
0.000000
0.000000
0.000000
0.000000
0.000000
0.000000
-1.215088
1.206126
0.621376
-1.237702
1.221400
0.535635
0.000000
0.000000
0.000000
0.000000
0.000000
0.000000
-1.276707
0.597214
0.835584
-1.316012
0.585081
0.834190
0.000000
0.000000
0.000000
0.000000
0.000000
0.000000
-0.915397
0.615176
0.809756
-0.957651
0.609022
0.725434
0.000000
0.000000
0.000000
0.000000
0.000000
0.000000
-1.339270
0.641238
0.824360
-1.385823
0.619433
0.837253
0.000000
0.000000
0.000000
-1.295413
0.778011
0.739545
0.000000
0.000000
0.000000
-1.340144
0.689189
0.740635
0.000000
0.000000
0.000000
0.000000
0.000000
0.000000
-1.217024
1.024049
0.611566
-1.258973
1.093546
0.604255
0.000000
0.000000
0.000000
0.000000
0.000000
0.000000
-1.437605
0.630261
0.820370
-1.516245
0.585802
0.868342
0.000000
0.000000
0.000000
0.000000
0.000000
0.000000
-1.294598
0.655856
0.795798
-1.313732
0.751641
0.812849
0.000000
0.000000
0.000000
0.000000
0.000000
0.000000
-1.275244
0.827248
0.774358
-1.368683
0.745600
0.778488
0.000000
0.000000
0.000000
0.000000
0.000000
0.000000
-1.334203
0.348270
0.879630
-1.329367
0.433512
0.888467
0.000000
0.000000
0.000000
0.000000
0.000000
0.000000
-1.214564
0.579088
0.626993
-1.129285
0.758129
0.796590
-1.051246
0.955975
1.082159
-1.141046
0.835054
0.844928
-1.050959
0.955418
1.082159
-1.141888
0.835139
0.844928
0.000000
0.000000
0.000000
0.000000
0.000000
0.000000
-1.139715
0.864558
0.654213
-1.267287
0.789972
0.663333
0.000000
0.000000
0.000000
0.000000
0.000000
0.000000
-1.185847
0.665667
0.668451
-1.158501
0.969773
0.739054
0.000000
0.000000
0.000000
0.000000
0.000000
0.000000
-1.371266
1.212115
0.531917
-1.412145
1.228425
0.550764
0.000000
0.000000
0.000000
0.000000
0.000000
0.000000
-1.366001
0.701373
0.736062
-1.355055
0.815723
0.780981
0.000000
0.000000
0.000000
0.000000
0.000000
0.000000
-1.474008
1.049270
0.670596
-1.500195
1.060825
0.668324
0.000000
0.000000
0.000000
0.000000
0.000000
0.000000
-1.063657
0.600545
0.654162
-1.054678
0.596095
0.827654
0.000000
0.000000
0.000000
0.000000
0.000000
0.000000
-1.542417
0.501556
0.873085
-1.572400
0.507754
0.869591
0.000000
0.000000
0.000000
0.000000
0.000000
0.000000
-1.565221
0.605554
0.857980
-1.584712
0.570987
0.828158
0.000000
0.000000
0.000000
0.000000
0.000000
0.000000
-1.435307
0.726248
0.859799
-1.518281
0.691382
0.837688
0.000000
0.000000
0.000000
0.000000
0.000000
0.000000
-0.960332
0.651449
0.661282
-0.957080
0.789550
0.797191
0.000000
0.000000
0.000000
0.000000
0.000000
0.000000
-1.248155
0.450524
0.910747
-1.362373
0.402190
0.864694
0.000000
0.000000
0.000000
0.000000
0.000000
0.000000
-0.926541
1.267167
0.735595
-0.999783
1.111851
0.725502
0.000000
0.000000
0.000000
0.000000
0.000000
0.000000
-1.274414
1.067088
0.692126
-1.337861
1.090597
0.662118
0.000000
0.000000
0.000000
0.000000
0.000000
0.000000
0.000000
0.000000
0.000000
-1.286229
0.523341
0.838328
0.000000
0.000000
0.000000
0.000000
0.000000
0.000000
-1.166746
1.000467
0.701339
-1.223456
0.742718
0.717018
0.000000
0.000000
0.000000
0.000000
0.000000
0.000000
-1.240533
0.684257
0.765044
-1.292704
0.760420
0.748694
0.000000
0.000000
0.000000
0.000000
0.000000
0.000000
-1.425013
0.748306
0.769335
-1.395195
0.757528
0.746261
0.000000
0.000000
0.000000
0.000000
0.000000
0.000000
-1.359770
0.971491
0.706813
-1.391263
0.975868
0.693731
0.000000
0.000000
0.000000
0.000000
0.000000
0.000000
0.000000
0.000000
0.000000
-1.252379
0.728264
0.714387
0.000000
0.000000
0.000000
0.000000
0.000000
0.000000
-1.442543
0.836038
0.703390
-1.477614
0.783010
0.763765
0.000000
0.000000
0.000000
0.000000
0.000000
0.000000
-1.279781
0.805213
0.826587
-1.227127
1.066639
0.790413
0.000000
0.000000
0.000000
0.000000
0.000000
0.000000
0.000000
0.000000
0.000000
-1.290220
0.555298
0.653978
0.000000
0.000000
0.000000
0.000000
0.000000
0.000000
-1.247794
0.585380
0.600590
-1.070755
0.824690
0.773702
0.000000
0.000000
0.000000
0.000000
0.000000
0.000000
0.000000
0.000000
0.000000
-1.216279
0.882180
0.771380
0.000000
0.000000
0.000000
0.000000
0.000000
0.000000
-1.003472
1.100496
0.773010
-1.126893
0.816238
0.789779
0.000000
0.000000
0.000000
0.000000
0.000000
0.000000
-0.992909
0.709138
0.753378
-0.974913
0.733097
0.758925
0.000000
0.000000
0.000000
0.000000
0.000000
0.000000
0.000000
0.000000
0.000000
-0.873489
1.823353
0.739643
0.000000
0.000000
0.000000
0.000000
0.000000
0.000000
0.000000
0.000000
0.000000
-1.290929
0.502471
0.861895
0.000000
0.000000
0.000000
0.000000
0.000000
0.000000
-1.283029
0.484451
0.547590
-1.258357
0.644093
1.052544
