0.000000
0.000000
0.000000
0.000000
0.000000
0.000000
-1.361233
0.667313
0.827902
-1.378184
0.748181
0.813104
0.000000
0.000000
0.000000
0.000000
0.000000
0.000000
0.000000
0.000000
0.000000
-0.914521
1.803573
0.802966
0.000000
0.000000
0.000000
0.000000
0.000000
0.000000
-1.251242
0.459412
0.709567
-1.338453
0.582367
0.917906
0.000000
0.000000
0.000000
0.000000
0.000000
0.000000
-1.241781
0.582150
0.836422
-1.253602
0.522546
0.843452
0.000000
0.000000
0.000000
0.000000
0.000000
0.000000
-1.542056
1.060079
0.716236
-1.535259
1.050323
0.689421
0.000000
0.000000
0.000000
0.000000
0.000000
0.000000
0.000000
0.000000
0.000000
-1.288301
0.509376
0.746512
0.000000
0.000000
0.000000
0.000000
0.000000
0.000000
-1.180094
0.533604
0.875790
-1.272492
0.524430
0.891912
0.000000
0.000000
0.000000
0.000000
0.000000
0.000000
-1.248990
0.842326
0.720018
-1.327624
0.760772
0.763146
0.000000
0.000000
0.000000
0.000000
0.000000
0.000000
-1.101486
0.766948
0.738613
-1.078685
0.832206
0.728038
0.000000
0.000000
0.000000
0.000000
0.000000
0.000000
-1.214645
0.982629
0.728433
-1.224886
1.050556
0.682053
-1.169735
0.506623
0.843888
-1.221298
0.544455
0.829357
-1.218634
0.403153
0.846813
-1.260906
0.426035
0.849455
-1.518069
0.658546
0.712547
-1.545444
0.595906
0.781882
-1.498915
0.673597
0.712547
-1.504238
0.590618
0.781882
0.000000
0.000000
0.000000
0.000000
0.000000
0.000000
-1.228644
0.982757
0.621050
-1.243331
1.088285
0.590562
0.000000
0.000000
0.000000
0.000000
0.000000
0.000000
-1.253665
0.754068
0.855161
-1.378790
0.646381
0.824616
0.000000
0.000000
0.000000
0.000000
0.000000
0.000000
-1.585221
0.666696
0.829679
-1.616037
0.656634
0.830639
0.000000
0.000000
0.000000
0.000000
0.000000
0.000000
-1.387892
0.791826
0.749684
-1.371221
0.845236
0.778218
0.000000
0.000000
0.000000
0.000000
0.000000
0.000000
-1.282375
0.667436
0.850874
-1.384044
0.537954
0.822123
0.000000
0.000000
0.000000
0.000000
0.000000
0.000000
-1.162045
0.797301
0.848086
-1.180176
0.693167
0.861479
0.000000
0.000000
0.000000
0.000000
0.000000
0.000000
-1.456099
0.622031
0.835653
-1.451658
0.635909
0.817147
0.000000
0.000000
0.000000
0.000000
0.000000
0.000000
-1.086225
1.039483
0.697992
-1.174937
1.002212
0.844747
0.000000
0.000000
0.000000
0.000000
0.000000
0.000000
-1.126630
0.869498
0.758392
-1.221577
0.652756
0.777011
0.000000
0.000000
0.000000
0.000000
0.000000
0.000000
-1.383899
0.738343
0.786495
-1.461328
0.601202
0.887784
0.000000
0.000000
0.000000
0.000000
0.000000
0.000000
-1.268655
0.986922
0.663285
-1.310838
0.919005
0.715496
-1.056583
0.476248
0.875121
-0.965016
0.516356
0.859477
-1.049549
0.471467
0.875607
-0.949164
0.533357
0.853523
0.000000
0.000000
0.000000
0.000000
0.000000
0.000000
-1.028245
0.785628
0.590221
-1.055845
0.726456
0.620334
0.000000
0.000000
0.000000
0.000000
0.000000
0.000000
0.000000
0.000000
0.000000
-1.241743
0.554432
0.872168
0.000000
0.000000
0.000000
0.000000
0.000000
0.000000
-1.328272
0.496207
0.902790
-1.385403
0.588749
0.854852
0.000000
0.000000
0.000000
0.000000
0.000000
0.000000
0.000000
0.000000
0.000000
-1.370442
0.712948
0.722392
0.000000
0.000000
0.000000
0.000000
0.000000
0.000000
-1.154065
0.887067
0.702742
-1.248364
0.847259
0.689340
0.000000
0.000000
0.000000
0.000000
0.000000
0.000000
-1.127061
0.743665
0.840087
-1.167603
0.824812
0.791850
0.000000
0.000000
0.000000
0.000000
0.000000
0.000000
-1.123120
1.160620
0.659583
-1.191413
0.952051
0.595237
0.000000
0.000000
0.000000
0.000000
0.000000
0.000000
-1.249083
0.781454
0.702084
-1.168766
0.896766
0.776282
0.000000
0.000000
0.000000
0.000000
0.000000
0.000000
-1.371242
0.569996
0.836569
-1.453216
0.538881
0.839713
0.000000
0.000000
0.000000
0.000000
0.000000
0.000000
-1.590923
0.485059
0.931153
-1.551503
0.559587
0.872547
0.000000
0.000000
0.000000
0.000000
0.000000
0.000000
0.000000
0.000000
0.000000
-1.136541
0.848045
0.746205
0.000000
0.000000
0.000000
0.000000
0.000000
0.000000
-1.323504
0.435496
0.800698
-1.290799
0.490905
0.804167
0.000000
0.000000
0.000000
0.000000
0.000000
0.000000
-1.205293
0.880055
0.740355
-1.307427
0.766587
0.778276
0.000000
0.000000
0.000000
0.000000
0.000000
0.000000
-1.128622
0.800106
0.709265
-1.115546
0.773916
0.600028
0.000000
0.000000
0.000000
0.000000
0.000000
0.000000
-1.234709
1.188563
0.439764
-1.273456
1.302648
0.436392
0.000000
0.000000
0.000000
0.000000
0.000000
0.000000
-1.402891
0.843597
0.677644
-1.448079
0.692145
0.707069
0.000000
0.000000
0.000000
0.000000
0.000000
0.000000
-1.308498
0.951948
0.902676
-1.326318
0.844570
0.782323
0.000000
0.000000
0.000000
0.000000
0.000000
0.000000
-1.304693
0.763027
0.754596
-1.302339
0.826208
0.719332
0.000000
0.000000
0.000000
0.000000
0.000000
0.000000
-1.193504
0.695213
0.712366
-1.206994
0.699716
0.796814
0.000000
0.000000
0.000000
0.000000
0.000000
0.000000
-1.408652
0.643920
0.816303
-1.400001
0.673073
0.870383
0.000000
0.000000
0.000000
0.000000
0.000000
0.000000
-1.378229
0.506310
0.924742
-1.469648
0.435475
0.903531
0.000000
0.000000
0.000000
0.000000
0.000000
0.000000
-1.307747
1.116142
0.714880
-1.340135
1.031760
0.674278
0.000000
0.000000
0.000000
0.000000
0.000000
0.000000
0.000000
0.000000
0.000000
-1.267497
0.632546
0.718053
0.000000
0.000000
0.000000
0.000000
0.000000
0.000000
0.000000
0.000000
0.000000
-1.314784
0.883738
0.828787
0.000000
0.000000
0.000000
0.000000
0.000000
0.000000
-0.984188
1.027586
0.554290
-1.035404
1.160273
0.456518
0.000000
0.000000
0.000000
0.000000
0.000000
0.000000
-1.128084
0.965674
0.826544
-1.338553
0.785950
0.818271
0.000000
0.000000
0.000000
0.000000
0.000000
0.000000
-1.067887
1.157299
0.659679
-1.133202
1.116960
0.562795
0.000000
0.000000
0.000000
0.000000
0.000000
0.000000
-1.279297
1.117772
0.646663
-1.318104
1.132232
0.524050
0.000000
0.000000
0.000000
0.000000
0.000000
0.000000
-1.532979
1.057642
0.690455
-1.585715
1.004940
0.694164
0.000000
0.000000
0.000000
0.000000
0.000000
0.000000
-1.472203
0.766167
0.836886
-1.489133
0.692693
0.848803
0.000000
0.000000
0.000000
0.000000
0.000000
0.000000
-1.272143
0.559625
0.815074
-1.170128
0.764491
0.846787
0.000000
0.000000
0.000000
0.000000
0.000000
0.000000
-1.325049
0.504712
0.720005
-1.297138
0.706220
0.777472
0.000000
0.000000
0.000000
0.000000
0.000000
0.000000
-1.314404
0.780183
0.614254
-1.391097
0.817233
0.720416
0.000000
0.000000
0.000000
0.000000
0.000000
0.000000
-1.243813
0.711565
0.851878
-1.207407
0.893412
0.831359
0.000000
0.000000
0.000000
0.000000
0.000000
0.000000
-1.577496
0.275914
0.883277
-1.585493
0.289826
0.888708
0.000000
0.000000
0.000000
0.000000
0.000000
0.000000
0.000000
0.000000
0.000000
-1.177139
0.684957
0.714166
0.000000
0.000000
0.000000
0.000000
0.000000
0.000000
-1.256200
0.677968
0.683531
-1.327715
0.683126
0.784870
0.000000
0.000000
0.000000
0.000000
0.000000
0.000000
-1.067438
1.130404
0.472730
-1.162353
1.246273
0.368932
0.000000
0.000000
0.000000
0.000000
0.000000
0.000000
-1.285941
0.572323
0.799033
-1.307589
0.520184
0.818482
0.000000
0.000000
0.000000
0.000000
0.000000
0.000000
-0.920883
1.212982
0.834864
-1.107757
1.096232
0.808621
0.000000
0.000000
0.000000
0.000000
0.000000
0.000000
-1.561517
0.380097
0.882719
-1.561358
0.383039
0.877923
0.000000
0.000000
0.000000
0.000000
0.000000
0.000000
-1.221547
0.884486
0.650972
-1.255275
0.953458
0.676843
0.000000
0.000000
0.000000
-1.325557
0.448099
0.705318
0.000000
0.000000
0.000000
-1.318114
0.449997
0.705318
0.000000
0.000000
0.000000
0.000000
0.000000
0.000000
0.000000
0.000000
0.000000
-1.140103
0.746975
0.642056
0.000000
0.000000
0.000000
0.000000
0.000000
0.000000
0.000000
0.000000
0.000000
-0.986914
0.966542
0.671708
0.000000
0.000000
0.000000
0.000000
0.000000
0.000000
0.000000
0.000000
0.000000
-1.010652
0.832411
0.644966
0.000000
0.000000
0.000000
0.000000
0.000000
0.000000
-1.019098
1.009600
0.660412
-1.110389
0.827087
0.687980
0.000000
0.000000
0.000000
0.000000
0.000000
0.000000
-1.082067
0.898639
0.531898
-1.143405
1.126516
0.497557
0.000000
0.000000
0.000000
0.000000
0.000000
0.000000
-1.273141
0.772674
0.783264
-1.316459
0.853668
0.656980
0.000000
0.000000
0.000000
0.000000
0.000000
0.000000
-0.897360
2.346763
0.656355
-1.122780
1.257440
0.583760
0.000000
0.000000
0.000000
0.000000
0.000000
0.000000
0.000000
0.000000
0.000000
-1.245632
0.414168
0.790577
0.000000
0.000000
0.000000
0.000000
0.000000
0.000000
-1.256147
1.068464
0.628377
-1.283661
1.187786
0.622173
0.000000
0.000000
0.000000
0.000000
0.000000
0.000000
-1.032754
0.670758
0.774226
-1.092735
0.635027
0.707085
-1.146542
0.801184
0.748074
-1.241187
0.605877
0.751771
-1.113459
0.756488
0.748074
-1.186859
0.597314
0.784939
0.000000
0.000000
0.000000
0.000000
0.000000
0.000000
-1.278119
0.854914
0.718120
-1.312572
0.857092
0.727312
0.000000
0.000000
0.000000
0.000000
0.000000
0.000000
-1.507261
0.549728
1.017203
-1.422491
0.691904
0.842899
0.000000
0.000000
0.000000
-0.932027
0.889223
0.729201
0.000000
0.000000
0.000000
-0.838767
0.922963
0.729201
0.000000
0.000000
0.000000
0.000000
0.000000
0.000000
-1.314133
0.738688
0.644624
-1.312729
1.029011
0.664552
0.000000
0.000000
0.000000
0.000000
0.000000
0.000000
-1.230612
0.733599
0.747336
-1.318727
0.843278
0.766632
-1.093979
0.929585
0.618634
-1.097812
0.976222
0.574064
-1.070674
0.915791
0.621915
-1.065099
0.973335
0.573390
0.000000
0.000000
0.000000
0.000000
0.000000
0.000000
-1.161012
1.058377
0.572418
-1.205896
1.093913
0.464708
0.000000
0.000000
0.000000
0.000000
0.000000
0.000000
-1.403401
0.653656
0.826843
-1.412994
0.558653
0.800390
0.000000
0.000000
0.000000
0.000000
0.000000
0.000000
-1.399360
0.652791
0.837763
-1.469032
0.516865
0.761231
0.000000
0.000000
0.000000
0.000000
0.000000
0.000000
-1.317205
0.685769
0.753662
-1.400046
0.586619
0.807023
0.000000
0.000000
0.000000
0.000000
0.000000
0.000000
-1.182652
0.660235
0.797254
-1.139465
0.773615
0.726009
0.000000
0.000000
0.000000
0.000000
0.000000
0.000000
-1.198507
1.416089
0.758596
-1.278244
1.025634
0.782121
0.000000
0.000000
0.000000
0.000000
0.000000
0.000000
-1.203967
1.347673
0.405965
-1.293329
1.329884
0.375912
0.000000
0.000000
0.000000
0.000000
0.000000
0.000000
0.000000
0.000000
0.000000
-1.268811
0.738378
0.733746
0.000000
0.000000
0.000000
-0.984998
0.837954
0.795175
0.000000
0.000000
0.000000
-0.967255
0.849683
0.795175
0.000000
0.000000
0.000000
0.000000
0.000000
0.000000
-1.266698
0.479249
0.738116
-1.211265
0.470056
0.857334
-1.024101
0.956321
0.672077
-1.050154
0.964791
0.674544
-1.051266
0.948144
0.672599
-1.064580
0.963504
0.675482
0.000000
0.000000
0.000000
0.000000
0.000000
0.000000
0.000000
0.000000
0.000000
-0.767391
1.403216
0.734243
0.000000
0.000000
0.000000
0.000000
0.000000
0.000000
0.000000
0.000000
0.000000
-1.454725
0.751616
0.624834
0.000000
0.000000
0.000000
0.000000
0.000000
0.000000
0.000000
0.000000
0.000000
-0.938059
1.133720
0.836048
0.000000
0.000000
0.000000
0.000000
0.000000
0.000000
-1.385544
0.632735
0.822994
-1.418128
0.670332
0.832746
-1.494058
0.371738
0.947728
-1.556104
0.349568
0.925660
-1.375330
0.508630
0.952760
-1.317680
0.577848
0.865109
0.000000
0.000000
0.000000
0.000000
0.000000
0.000000
-1.341538
0.905229
0.720525
-1.435005
0.823541
0.773785
0.000000
0.000000
0.000000
0.000000
0.000000
0.000000
-1.165470
0.662110
0.732337
-1.220214
0.747466
0.756201
0.000000
0.000000
0.000000
0.000000
0.000000
0.000000
-1.260077
1.013110
0.628953
-1.325425
0.979134
0.734639
0.000000
0.000000
0.000000
0.000000
0.000000
0.000000
-1.598286
0.435540
0.846497
-1.646479
0.386644
0.872782
0.000000
0.000000
0.000000
0.000000
0.000000
0.000000
-1.420036
0.500793
0.773596
-1.220884
0.816476
0.785995
0.000000
0.000000
0.000000
0.000000
0.000000
0.000000
-1.678655
0.492605
0.887119
-1.762371
0.433388
0.878776
0.000000
0.000000
0.000000
0.000000
0.000000
0.000000
0.000000
0.000000
0.000000
-1.406859
0.559457
0.804587
0.000000
0.000000
0.000000
0.000000
0.000000
0.000000
0.000000
0.000000
0.000000
-1.117880
0.565573
0.854059
0.000000
0.000000
0.000000
0.000000
0.000000
0.000000
-1.224728
0.764094
0.697820
-1.115694
1.048049
0.675962
0.000000
0.000000
0.000000
0.000000
0.000000
0.000000
-1.271288
0.804043
0.743064
-1.298516
0.810727
0.779736
0.000000
0.000000
0.000000
0.000000
0.000000
0.000000
0.000000
0.000000
0.000000
-1.135665
0.932397
0.818017
0.000000
0.000000
0.000000
0.000000
0.000000
0.000000
-1.169668
0.487591
0.650528
-1.089054
0.541494
0.899651
0.000000
0.000000
0.000000
0.000000
0.000000
0.000000
-1.280185
0.766764
0.719186
-1.274360
0.916575
0.653625
0.000000
0.000000
0.000000
0.000000
0.000000
0.000000
-1.360206
0.814743
0.810139
-1.277877
1.152777
0.813353
-1.233953
1.128968
0.470920
-1.258195
1.262328
0.441144
-1.237816
1.243667
0.454523
-1.272481
1.319063
0.458922
0.000000
0.000000
0.000000
0.000000
0.000000
0.000000
-1.602084
0.366097
0.890987
-1.585324
0.395009
0.879399
0.000000
0.000000
0.000000
0.000000
0.000000
0.000000
-1.277098
0.944920
0.697974
-1.307101
1.097201
0.614924
0.000000
0.000000
0.000000
0.000000
0.000000
0.000000
0.000000
0.000000
0.000000
-1.212026
0.871391
0.642491
0.000000
0.000000
0.000000
0.000000
0.000000
0.000000
-1.101455
0.718725
0.702524
-1.146261
0.592514
0.802696
0.000000
0.000000
0.000000
0.000000
0.000000
0.000000
-1.317186
0.560605
0.795404
-1.348248
0.549790
0.820919
0.000000
0.000000
0.000000
0.000000
0.000000
0.000000
-1.052254
1.026429
0.608488
-1.128403
0.952288
0.551001
0.000000
0.000000
0.000000
0.000000
0.000000
0.000000
-1.044353
0.641464
0.831098
-1.110723
0.628686
0.799424
0.000000
0.000000
0.000000
0.000000
0.000000
0.000000
0.000000
0.000000
0.000000
-1.231618
1.266526
0.668377
0.000000
0.000000
0.000000
0.000000
0.000000
0.000000
-1.131541
0.801419
0.660657
-1.153168
1.218169
0.750815
0.000000
0.000000
0.000000
0.000000
0.000000
0.000000
-1.332612
0.560947
0.819185
-1.362204
0.539908
0.851595
0.000000
0.000000
0.000000
0.000000
0.000000
0.000000
-1.542066
0.666843
0.824443
-1.561940
0.674774
0.823007
0.000000
0.000000
0.000000
0.000000
0.000000
0.000000
-1.195146
0.629729
0.818871
-1.273716
0.639045
0.821468
0.000000
0.000000
0.000000
0.000000
0.000000
0.000000
-1.185292
0.686675
0.765142
-1.216331
0.668998
0.789102
0.000000
0.000000
0.000000
0.000000
0.000000
0.000000
-1.373572
0.716888
0.794254
-1.382484
0.645395
0.829608
0.000000
0.000000
0.000000
0.000000
0.000000
0.000000
-1.056182
0.559785
0.870748
-1.136884
0.502131
0.856059
0.000000
0.000000
0.000000
0.000000
0.000000
0.000000
-0.989418
0.919741
0.668993
-1.087873
0.900234
0.625762
0.000000
0.000000
0.000000
0.000000
0.000000
0.000000
-1.381661
0.678417
0.814329
-1.417360
0.657988
0.810891
0.000000
0.000000
0.000000
0.000000
0.000000
0.000000
-1.148853
1.268633
0.541046
-1.252588
0.956342
0.652121
0.000000
0.000000
0.000000
0.000000
0.000000
0.000000
-1.403519
0.388093
0.913495
-1.444579
0.416349
0.902853
0.000000
0.000000
0.000000
0.000000
0.000000
0.000000
-0.901177
0.936842
0.571897
-1.112670
0.836741
0.612303
-1.184298
1.041090
0.619878
-1.188796
0.993610
0.632967
-1.143599
1.026996
0.618363
-1.146342
0.980563
0.633750
0.000000
0.000000
0.000000
0.000000
0.000000
0.000000
-1.474757
0.643420
0.919407
-1.556034
0.513871
0.853069
0.000000
0.000000
0.000000
0.000000
0.000000
0.000000
-1.226531
0.578730
0.896047
-1.194239
0.731639
0.804468
0.000000
0.000000
0.000000
0.000000
0.000000
0.000000
-0.843801
1.395016
0.745029
-1.089485
1.294139
0.663612
0.000000
0.000000
0.000000
0.000000
0.000000
0.000000
0.000000
0.000000
0.000000
-1.343988
0.682684
0.894878
0.000000
0.000000
0.000000
0.000000
0.000000
0.000000
-1.325430
1.499649
0.563203
-1.414091
1.325500
0.577727
0.000000
0.000000
0.000000
0.000000
0.000000
0.000000
-1.327029
0.858746
0.656821
-1.316187
0.909784
0.727913
0.000000
0.000000
0.000000
0.000000
0.000000
0.000000
-0.934812
1.087303
0.840551
-1.002521
0.975323
0.761346
0.000000
0.000000
0.000000
0.000000
0.000000
0.000000
-1.141817
0.658994
0.644300
-1.050857
0.776503
0.682330
0.000000
0.000000
0.000000
0.000000
0.000000
0.000000
-1.308076
0.486595
0.796358
-1.330572
0.426553
0.902135
0.000000
0.000000
0.000000
0.000000
0.000000
0.000000
0.000000
0.000000
0.000000
-1.412121
0.544204
0.572807
0.000000
0.000000
0.000000
0.000000
0.000000
0.000000
0.000000
0.000000
0.000000
-1.317319
0.548261
0.817447
0.000000
0.000000
0.000000
0.000000
0.000000
0.000000
0.000000
0.000000
0.000000
-1.240521
0.733864
0.760219
0.000000
0.000000
0.000000
0.000000
0.000000
0.000000
-1.231708
0.609891
0.770820
-1.257774
0.683111
0.836021
0.000000
0.000000
0.000000
0.000000
0.000000
0.000000
0.000000
0.000000
0.000000
-0.973507
0.804533
0.723254
0.000000
0.000000
0.000000
0.000000
0.000000
0.000000
-1.104282
0.633793
0.735650
-1.235029
0.618514
0.820914
0.000000
0.000000
0.000000
0.000000
0.000000
0.000000
-1.250661
0.696555
0.758865
-1.241338
0.775198
0.771617
0.000000
0.000000
0.000000
0.000000
0.000000
0.000000
-1.669389
0.576492
0.853071
-1.689193
0.580192
0.853812
0.000000
0.000000
0.000000
0.000000
0.000000
0.000000
-1.174629
0.848258
0.732831
-1.273450
0.747241
0.740644
0.000000
0.000000
0.000000
0.000000
0.000000
0.000000
0.000000
0.000000
0.000000
-1.604153
0.921148
0.755272
0.000000
0.000000
0.000000
0.000000
0.000000
0.000000
-1.337464
0.493979
0.862998
-1.422502
0.393036
0.854366
0.000000
0.000000
0.000000
0.000000
0.000000
0.000000
-1.321706
0.719303
0.735720
-1.428439
0.652815
0.836650
0.000000
0.000000
0.000000
0.000000
0.000000
0.000000
-1.154948
0.711022
0.848527
-1.255825
0.755971
0.825261
0.000000
0.000000
0.000000
0.000000
0.000000
0.000000
-1.345984
0.927586
0.710956
-1.362570
0.940822
0.683937
0.000000
0.000000
0.000000
0.000000
0.000000
0.000000
-0.955741
0.689822
0.829035
-1.035249
0.742388
0.790065
0.000000
0.000000
0.000000
0.000000
0.000000
0.000000
-1.312613
0.644583
0.825880
-1.311732
0.763335
0.787629
0.000000
0.000000
0.000000
0.000000
0.000000
0.000000
-1.448172
0.459590
0.849275
-1.487798
0.434031
0.867369
0.000000
0.000000
0.000000
0.000000
0.000000
0.000000
-1.223434
0.750659
0.900193
-1.260419
0.716756
0.858058
0.000000
0.000000
0.000000
0.000000
0.000000
0.000000
-1.414751
0.435177
0.903993
-1.497088
0.412247
0.878902
0.000000
0.000000
0.000000
0.000000
0.000000
0.000000
-1.463798
0.591966
0.839171
-1.506014
0.583350
0.841015
0.000000
0.000000
0.000000
0.000000
0.000000
0.000000
-1.219420
0.853961
0.790418
-1.264092
0.775316
0.740867
0.000000
0.000000
0.000000
0.000000
0.000000
0.000000
0.000000
0.000000
0.000000
-1.329208
0.414392
0.858335
0.000000
0.000000
0.000000
0.000000
0.000000
0.000000
-1.399233
0.892973
0.749672
-1.439883
0.959740
0.723346
0.000000
0.000000
0.000000
0.000000
0.000000
0.000000
-1.304023
0.810038
0.803302
-1.358606
0.667619
0.751375
0.000000
0.000000
0.000000
0.000000
0.000000
0.000000
0.000000
0.000000
0.000000
-1.178166
0.778205
0.595797
0.000000
0.000000
0.000000
0.000000
0.000000
0.000000
-1.302993
0.843529
0.786830
-1.405351
0.649653
0.829993
0.000000
0.000000
0.000000
0.000000
0.000000
0.000000
-1.399512
0.767130
0.722433
-1.427018
0.631880
0.823766
0.000000
0.000000
0.000000
0.000000
0.000000
0.000000
-1.316296
1.209177
0.649297
-1.440428
1.022821
0.693516
0.000000
0.000000
0.000000
0.000000
0.000000
0.000000
-1.128515
1.653822
0.584886
-1.196111
1.157565
0.435466
0.000000
0.000000
0.000000
0.000000
0.000000
0.000000
-1.442005
0.572532
0.640944
-1.446464
0.564992
0.937135
0.000000
0.000000
0.000000
0.000000
0.000000
0.000000
0.000000
0.000000
0.000000
-1.153684
0.454947
0.855533
0.000000
0.000000
0.000000
0.000000
0.000000
0.000000
-1.335032
1.149047
0.622551
-1.383295
1.091479
0.638507
0.000000
0.000000
0.000000
0.000000
0.000000
0.000000
0.000000
0.000000
0.000000
-1.333998
0.608200
0.721591
0.000000
0.000000
0.000000
0.000000
0.000000
0.000000
-1.200106
0.864525
0.732398
-1.114989
0.851553
0.822499
0.000000
0.000000
0.000000
0.000000
0.000000
0.000000
-1.158762
0.581734
0.825668
-1.238986
0.511204
0.773122
0.000000
0.000000
0.000000
0.000000
0.000000
0.000000
-0.915873
1.172182
0.756563
-1.043867
0.826804
0.732805
0.000000
0.000000
0.000000
0.000000
0.000000
0.000000
-1.528103
0.505484
0.991038
-1.504639
0.507886
0.923161
0.000000
0.000000
0.000000
-1.171884
0.662764
0.598436
0.000000
0.000000
0.000000
-1.149258
0.671076
0.598436
0.000000
0.000000
0.000000
0.000000
0.000000
0.000000
-1.471276
0.411103
0.889836
-1.479932
0.487277
0.837577
0.000000
0.000000
0.000000
0.000000
0.000000
0.000000
0.000000
0.000000
0.000000
-1.329814
0.630302
0.702299
0.000000
0.000000
0.000000
0.000000
0.000000
0.000000
-1.275174
0.711675
0.818916
-1.311007
0.698168
0.723838
0.000000
0.000000
0.000000
0.000000
0.000000
0.000000
-1.202781
0.800821
0.841531
-1.179757
0.883978
0.706663
0.000000
0.000000
0.000000
0.000000
0.000000
0.000000
-1.333519
0.444582
0.874074
-1.360742
0.440915
0.864162
0.000000
0.000000
0.000000
0.000000
0.000000
0.000000
-0.920309
0.811473
0.732462
-0.981375
0.918175
0.658714
0.000000
0.000000
0.000000
0.000000
0.000000
0.000000
-1.248967
0.863898
0.753215
-1.326589
0.867705
0.720652
0.000000
0.000000
0.000000
0.000000
0.000000
0.000000
0.000000
0.000000
0.000000
-1.384684
0.722239
0.701731
0.000000
0.000000
0.000000
-0.959609
1.093012
0.914043
0.000000
0.000000
0.000000
-0.981709
1.058642
0.903662
0.000000
0.000000
0.000000
0.000000
0.000000
0.000000
-1.313563
0.611761
0.801745
-1.391256
0.556153
0.859265
0.000000
0.000000
0.000000
0.000000
0.000000
0.000000
-0.973250
1.216137
0.692453
-1.144783
0.959800
0.668441
0.000000
0.000000
0.000000
0.000000
0.000000
0.000000
-1.169368
0.799476
0.729238
-1.269453
0.676071
0.836889
0.000000
0.000000
0.000000
0.000000
0.000000
0.000000
-1.126661
0.863213
0.730604
-1.189039
0.724745
0.737897
0.000000
0.000000
0.000000
0.000000
0.000000
0.000000
-1.299982
0.762958
0.760974
-1.310677
0.772450
0.783996
0.000000
0.000000
0.000000
0.000000
0.000000
0.000000
-1.428336
0.725066
0.827085
-1.481705
0.655782
0.811988
0.000000
0.000000
0.000000
0.000000
0.000000
0.000000
0.000000
0.000000
0.000000
-1.166365
1.236179
0.646058
-1.176726
0.685162
0.826184
-1.251151
0.508316
0.766252
-1.192970
0.689817
0.826184
-1.253753
0.514233
0.766252
-1.092429
0.903330
0.824995
-1.069310
0.919694
0.755155
-1.082755
0.904416
0.824995
-1.072556
0.920660
0.743167
-1.285503
0.493707
0.853356
-1.295987
0.590408
0.833005
-1.191996
0.506670
0.830800
-1.157294
0.720550
0.796181
0.000000
0.000000
0.000000
0.000000
0.000000
0.000000
-1.383001
0.897711
0.746245
-1.426619
0.808935
0.788087
0.000000
0.000000
0.000000
0.000000
0.000000
0.000000
-1.465151
0.498483
0.863300
-1.513005
0.471791
0.871245
0.000000
0.000000
0.000000
0.000000
0.000000
0.000000
0.000000
0.000000
0.000000
-1.315048
0.462691
0.849262
0.000000
0.000000
0.000000
0.000000
0.000000
0.000000
-1.111455
0.885316
0.697060
-1.120542
1.092452
0.720687
0.000000
0.000000
0.000000
0.000000
0.000000
0.000000
-1.641839
0.663027
0.838153
-1.642698
0.712843
0.818153
0.000000
0.000000
0.000000
0.000000
0.000000
0.000000
0.000000
0.000000
0.000000
-1.083656
0.885748
0.932482
0.000000
0.000000
0.000000
0.000000
0.000000
0.000000
-1.463320
0.390117
0.878763
-1.498130
0.390178
0.870189
-1.092946
0.942752
0.661899
-1.044042
0.962440
0.670628
-1.104788
0.880077
0.673797
-1.017645
0.939906
0.672480
0.000000
0.000000
0.000000
0.000000
0.000000
0.000000
-1.301398
1.172645
0.739627
-1.303132
0.955442
0.706708
0.000000
0.000000
0.000000
0.000000
0.000000
0.000000
0.000000
0.000000
0.000000
-0.853887
1.502173
0.672682
0.000000
0.000000
0.000000
0.000000
0.000000
0.000000
-1.077222
0.682731
0.638032
-1.066460
0.872584
0.792603
0.000000
0.000000
0.000000
0.000000
0.000000
0.000000
-1.246253
0.969277
0.619018
-1.214749
1.330384
0.556019
0.000000
0.000000
0.000000
0.000000
0.000000
0.000000
0.000000
0.000000
0.000000
-1.369126
0.733573
0.719695
0.000000
0.000000
0.000000
0.000000
0.000000
0.000000
-1.060326
0.678824
0.790287
-1.161126
0.669470
0.794545
0.000000
0.000000
0.000000
0.000000
0.000000
0.000000
0.000000
0.000000
0.000000
-1.143506
0.979677
0.652529
0.000000
0.000000
0.000000
0.000000
0.000000
0.000000
0.000000
0.000000
0.000000
-1.255581
0.738013
0.783002
0.000000
0.000000
0.000000
0.000000
0.000000
0.000000
0.000000
0.000000
0.000000
-1.036531
1.665316
0.807005
0.000000
0.000000
0.000000
0.000000
0.000000
0.000000
0.000000
0.000000
0.000000
-1.183996
0.586027
0.658674
0.000000
0.000000
0.000000
0.000000
0.000000
0.000000
0.000000
0.000000
0.000000
-1.155456
1.074568
0.578119
0.000000
0.000000
0.000000
0.000000
0.000000
0.000000
-1.186793
0.683023
0.754405
-1.233793
0.598402
0.818614
0.000000
0.000000
0.000000
0.000000
0.000000
0.000000
0.000000
0.000000
0.000000
-1.243675
0.820313
0.717884
0.000000
0.000000
0.000000
0.000000
0.000000
0.000000
-1.342305
0.883888
0.708607
-1.365257
0.852498
0.724711
0.000000
0.000000
0.000000
0.000000
0.000000
0.000000
0.000000
0.000000
0.000000
-1.174945
0.550361
0.825996
0.000000
0.000000
0.000000
0.000000
0.000000
0.000000
-1.066456
0.765415
0.591493
-1.114680
0.712891
0.729500
0.000000
0.000000
0.000000
0.000000
0.000000
0.000000
-1.279472
0.640213
0.743548
-1.328951
0.642649
0.794019
0.000000
0.000000
0.000000
0.000000
0.000000
0.000000
-1.124528
0.841798
0.722894
-1.220099
0.772526
0.716619
0.000000
0.000000
0.000000
0.000000
0.000000
0.000000
-1.045421
0.997657
0.713020
-1.018023
1.127583
0.536233
0.000000
0.000000
0.000000
0.000000
0.000000
0.000000
0.000000
0.000000
0.000000
-1.218610
0.610854
0.732071
0.000000
0.000000
0.000000
0.000000
0.000000
0.000000
-1.583901
0.764958
0.794959
-1.602916
0.775774
0.797754
0.000000
0.000000
0.000000
0.000000
0.000000
0.000000
-1.140503
1.087223
0.617343
-1.323256
0.682960
0.686660
0.000000
0.000000
0.000000
0.000000
0.000000
0.000000
0.000000
0.000000
0.000000
-0.956415
1.922876
0.756672
0.000000
0.000000
0.000000
0.000000
0.000000
0.000000
-1.122808
1.106691
0.563362
-1.171781
1.090464
0.567854
0.000000
0.000000
0.000000
0.000000
0.000000
0.000000
-1.256149
0.679162
0.745828
-1.385031
0.583556
0.869985
0.000000
0.000000
0.000000
0.000000
0.000000
0.000000
-1.020224
1.306212
0.599338
-1.007791
1.381765
0.534037
0.000000
0.000000
0.000000
0.000000
0.000000
0.000000
-1.187738
1.119001
0.701846
-1.267649
1.028552
0.669490
-1.131246
0.956542
0.657714
-1.167022
0.936652
0.685437
-1.085063
0.941015
0.650299
-1.108394
0.944436
0.674637
0.000000
0.000000
0.000000
0.000000
0.000000
0.000000
-1.148300
0.975838
0.625195
-1.175204
1.112645
0.639778
0.000000
0.000000
0.000000
0.000000
0.000000
0.000000
-1.332066
0.502133
0.664700
-1.260078
0.717821
0.985379
0.000000
0.000000
0.000000
0.000000
0.000000
0.000000
-1.178295
0.739608
0.828486
-1.175093
0.745926
0.810924
0.000000
0.000000
0.000000
0.000000
0.000000
0.000000
-1.321899
0.521811
0.664465
-1.411539
0.467048
0.909125
0.000000
0.000000
0.000000
0.000000
0.000000
0.000000
-0.910879
1.088255
0.784698
-0.991266
1.051927
0.670458
0.000000
0.000000
0.000000
0.000000
0.000000
0.000000
-1.313811
0.750974
0.735550
-1.364645
0.714232
0.897656
0.000000
0.000000
0.000000
0.000000
0.000000
0.000000
-1.596516
1.073316
0.650130
-1.636598
1.048096
0.671165
0.000000
0.000000
0.000000
0.000000
0.000000
0.000000
-1.295925
0.961284
0.671270
-1.326244
0.989030
0.670754
0.000000
0.000000
0.000000
0.000000
0.000000
0.000000
-1.342290
0.668766
0.675610
-1.360480
0.691115
0.738799
0.000000
0.000000
0.000000
0.000000
0.000000
0.000000
-1.211735
0.780207
0.851521
-1.163292
0.832100
0.718071
0.000000
0.000000
0.000000
0.000000
0.000000
0.000000
0.000000
0.000000
0.000000
-1.425249
0.574494
0.692083
0.000000
0.000000
0.000000
0.000000
0.000000
0.000000
-1.126510
0.930283
0.698553
-1.221550
0.790541
0.679700
0.000000
0.000000
0.000000
0.000000
0.000000
0.000000
-0.968359
1.770984
0.781453
-1.242660
1.270370
0.704538
0.000000
0.000000
0.000000
0.000000
0.000000
0.000000
-1.304881
0.412483
0.849920
-1.380848
0.394091
0.868508
-1.080069
1.063459
0.583136
-1.126517
0.977362
0.640554
-1.059894
0.981274
0.657319
-1.076769
0.988927
0.651458
0.000000
0.000000
0.000000
0.000000
0.000000
0.000000
-1.417228
1.015258
0.771798
-1.436782
0.845177
0.750503
-1.240565
0.804278
0.816893
-1.283351
0.839810
0.762521
-1.259708
0.606615
0.825592
-1.290466
0.623432
0.816006
0.000000
0.000000
0.000000
0.000000
0.000000
0.000000
-1.111882
0.858174
0.773922
-1.153045
0.801048
0.820789
-1.062203
0.897164
0.655642
-1.063482
0.903729
0.661663
-1.032186
0.882986
0.661252
-1.019197
0.952694
0.653982
0.000000
0.000000
0.000000
0.000000
0.000000
0.000000
-1.376254
0.607614
0.904568
-1.359720
0.701557
0.848201
0.000000
0.000000
0.000000
0.000000
0.000000
0.000000
0.000000
0.000000
0.000000
-0.695180
2.359986
0.631375
0.000000
0.000000
0.000000
0.000000
0.000000
0.000000
0.000000
0.000000
0.000000
-1.217395
0.993390
0.869305
0.000000
0.000000
0.000000
0.000000
0.000000
0.000000
-1.065622
1.137064
0.696288
-1.192521
1.150660
0.692855
0.000000
0.000000
0.000000
0.000000
0.000000
0.000000
-0.949370
1.398736
0.734587
-1.098773
1.029313
0.623536
0.000000
0.000000
0.000000
0.000000
0.000000
0.000000
-1.469069
0.973754
0.706571
-1.496240
0.974231
0.706551
0.000000
0.000000
0.000000
0.000000
0.000000
0.000000
-1.338723
1.078236
0.792232
-1.337273
1.212958
0.676528
0.000000
0.000000
0.000000
0.000000
0.000000
0.000000
0.000000
0.000000
0.000000
-1.378005
0.844566
0.819854
0.000000
0.000000
0.000000
0.000000
0.000000
0.000000
-1.340420
0.746179
0.882864
-1.370993
0.687896
0.836537
0.000000
0.000000
0.000000
0.000000
0.000000
0.000000
-1.408349
1.057486
0.649186
-1.442536
1.052059
0.658558
0.000000
0.000000
0.000000
0.000000
0.000000
0.000000
-1.365444
1.105355
0.575718
-1.358790
1.255748
0.508353
0.000000
0.000000
0.000000
0.000000
0.000000
0.000000
-0.994130
0.971104
0.658769
-1.114009
0.836975
0.688685
0.000000
0.000000
0.000000
0.000000
0.000000
0.000000
-1.303442
0.781853
0.759815
-1.330701
0.737714
0.753222
0.000000
0.000000
0.000000
0.000000
0.000000
0.000000
-1.310188
1.106513
0.593677
-1.357258
1.107064
0.605192
0.000000
0.000000
0.000000
0.000000
0.000000
0.000000
-1.266225
0.607470
0.791088
-1.316615
0.570879
0.821921
0.000000
0.000000
0.000000
0.000000
0.000000
0.000000
-1.246764
1.104737
0.666169
-1.356944
0.906216
0.596910
0.000000
0.000000
0.000000
0.000000
0.000000
0.000000
0.000000
0.000000
0.000000
-1.293845
0.562236
0.757629
0.000000
0.000000
0.000000
0.000000
0.000000
0.000000
-1.216729
0.795008
0.654920
-1.263393
0.711275
0.594369
0.000000
0.000000
0.000000
0.000000
0.000000
0.000000
-1.653994
0.459420
0.881345
-1.604823
0.483974
0.881681
0.000000
0.000000
0.000000
0.000000
0.000000
0.000000
-1.119571
0.647494
0.743074
-1.164596
0.761348
0.694309
0.000000
0.000000
0.000000
0.000000
0.000000
0.000000
-1.464165
0.638477
0.869939
-1.526952
0.611292
0.842398
0.000000
0.000000
0.000000
0.000000
0.000000
0.000000
0.000000
0.000000
0.000000
-1.515704
0.657097
0.767767
0.000000
0.000000
0.000000
0.000000
0.000000
0.000000
-1.294390
0.399269
0.887236
-1.324162
0.441014
0.813703
0.000000
0.000000
0.000000
0.000000
0.000000
0.000000
-1.107334
0.759857
1.248012
-1.122642
0.801076
1.017152
0.000000
0.000000
0.000000
0.000000
0.000000
0.000000
0.000000
0.000000
0.000000
-0.958553
1.038055
0.928434
-1.201724
0.469938
0.895991
-1.086620
0.606101
0.843859
-1.163846
0.420071
0.880782
-1.085933
0.475382
0.860240
0.000000
0.000000
0.000000
0.000000
0.000000
0.000000
-1.341776
0.567967
0.703886
-1.441596
0.615513
0.779119
0.000000
0.000000
0.000000
0.000000
0.000000
0.000000
0.000000
0.000000
0.000000
-0.965737
0.909282
0.690409
0.000000
0.000000
0.000000
0.000000
0.000000
0.000000
-1.196598
0.981385
0.819318
-1.242887
1.015730
0.741159
0.000000
0.000000
0.000000
0.000000
0.000000
0.000000
-1.409184
0.753381
0.708993
-1.361947
0.877538
0.741255
0.000000
0.000000
0.000000
0.000000
0.000000
0.000000
-1.056784
0.717536
0.683879
-1.108742
0.984837
0.703025
0.000000
0.000000
0.000000
0.000000
0.000000
0.000000
-0.760271
1.462108
0.708756
-0.945406
1.047264
0.697922
-1.236372
0.936544
0.754541
-1.251684
1.172418
0.673376
-1.235054
0.945431
0.754541
-1.219740
1.182369
0.667321
0.000000
0.000000
0.000000
0.000000
0.000000
0.000000
-1.209170
1.164835
0.514980
-1.236959
1.265854
0.524136
0.000000
0.000000
0.000000
0.000000
0.000000
0.000000
-1.275890
0.967485
0.761755
-1.282589
0.943886
0.660186
0.000000
0.000000
0.000000
0.000000
0.000000
0.000000
-1.266822
0.540227
0.846148
-1.274972
0.591910
0.854410
0.000000
0.000000
0.000000
0.000000
0.000000
0.000000
0.000000
0.000000
0.000000
-1.170480
0.802342
0.616904
0.000000
0.000000
0.000000
0.000000
0.000000
0.000000
-1.323296
0.508270
0.847991
-1.301703
0.478612
0.877444
0.000000
0.000000
0.000000
0.000000
0.000000
0.000000
-1.193938
0.986143
0.904826
-1.342390
0.770373
0.889898
0.000000
0.000000
0.000000
0.000000
0.000000
0.000000
-1.402189
0.698997
0.788226
-1.422978
0.714026
0.792156
0.000000
0.000000
0.000000
0.000000
0.000000
0.000000
-1.458160
0.576374
0.806078
-1.465010
0.592921
0.829342
0.000000
0.000000
0.000000
0.000000
0.000000
0.000000
0.000000
0.000000
0.000000
-1.496040
0.672057
0.748528
0.000000
0.000000
0.000000
0.000000
0.000000
0.000000
-1.076684
0.704767
0.796938
-1.096694
0.651618
0.840567
0.000000
0.000000
0.000000
0.000000
0.000000
0.000000
-1.390213
0.503717
0.857181
-1.414168
0.501105
0.875611
0.000000
0.000000
0.000000
0.000000
0.000000
0.000000
-1.181776
0.706506
0.645242
-1.194327
0.628561
0.771263
0.000000
0.000000
0.000000
0.000000
0.000000
0.000000
-1.182799
0.558945
0.817278
-1.277507
0.645428
0.798580
0.000000
0.000000
0.000000
-1.386373
0.515578
0.666314
0.000000
0.000000
0.000000
-1.376758
0.529038
0.666314
-1.212258
0.840355
0.806924
-1.019881
1.014455
0.713602
-1.215507
0.832926
0.812561
-1.001646
1.017585
0.714254
0.000000
0.000000
0.000000
0.000000
0.000000
0.000000
-1.401454
0.397569
0.849508
-1.394866
0.487149
0.891068
0.000000
0.000000
0.000000
0.000000
0.000000
0.000000
-1.296543
0.549521
0.756755
-1.256188
0.595662
0.884700
0.000000
0.000000
0.000000
0.000000
0.000000
0.000000
-1.112103
1.122484
0.583375
-1.250722
0.855849
0.503809
0.000000
0.000000
0.000000
0.000000
0.000000
0.000000
-1.345665
0.661148
0.805327
-1.406805
0.717960
0.844378
0.000000
0.000000
0.000000
0.000000
0.000000
0.000000
-1.145940
0.674304
0.959896
-1.104569
0.702505
0.804347
0.000000
0.000000
0.000000
0.000000
0.000000
0.000000
0.000000
0.000000
0.000000
-1.367454
0.594798
0.690360
0.000000
0.000000
0.000000
0.000000
0.000000
0.000000
-1.407332
1.066975
0.714598
-1.454837
1.057229
0.718175
0.000000
0.000000
0.000000
0.000000
0.000000
0.000000
0.000000
0.000000
0.000000
-1.309433
0.487544
0.779490
0.000000
0.000000
0.000000
0.000000
0.000000
0.000000
-1.247635
0.772733
0.769775
-1.275499
0.804276
0.791296
0.000000
0.000000
0.000000
0.000000
0.000000
0.000000
-1.367733
0.687586
0.761002
-1.359729
0.679838
0.816638
0.000000
0.000000
0.000000
0.000000
0.000000
0.000000
-1.202970
0.920780
0.635701
-1.254212
0.777870
0.617206
0.000000
0.000000
0.000000
0.000000
0.000000
0.000000
-1.427084
0.839816
0.751891
-1.465961
0.797197
0.764209
0.000000
0.000000
0.000000
0.000000
0.000000
0.000000
-1.043276
0.977655
0.795608
-1.077019
0.846386
0.817261
0.000000
0.000000
0.000000
0.000000
0.000000
0.000000
0.000000
0.000000
0.000000
-1.373099
0.631639
0.750943
0.000000
0.000000
0.000000
0.000000
0.000000
0.000000
-1.087935
1.134689
0.663603
-1.188440
1.154629
0.639691
0.000000
0.000000
0.000000
0.000000
0.000000
0.000000
0.000000
0.000000
0.000000
-1.304682
0.634852
0.702959
-1.268265
0.716378
0.771280
-1.252385
0.792434
0.745845
-1.419672
0.601999
0.841177
-1.407107
0.637467
0.828119
0.000000
0.000000
0.000000
0.000000
0.000000
0.000000
-1.281920
1.184908
0.608796
-1.293734
1.237064
0.566321
0.000000
0.000000
0.000000
0.000000
0.000000
0.000000
-1.306297
1.052092
0.604762
-1.264903
1.365886
0.677061
0.000000
0.000000
0.000000
0.000000
0.000000
0.000000
-1.431008
0.463029
0.657788
-1.426909
0.437904
0.956801
0.000000
0.000000
0.000000
0.000000
0.000000
0.000000
-1.306486
0.579602
0.849218
-1.322329
0.619477
0.809003
0.000000
0.000000
0.000000
0.000000
0.000000
0.000000
-1.357634
0.739137
0.898146
-1.366818
0.656539
0.853455
0.000000
0.000000
0.000000
0.000000
0.000000
0.000000
-1.437507
0.481459
0.747247
-1.564681
0.481340
0.882287
0.000000
0.000000
0.000000
0.000000
0.000000
0.000000
-1.439553
0.517773
0.800100
-1.478574
0.490382
0.841221
0.000000
0.000000
0.000000
0.000000
0.000000
0.000000
-1.161330
0.597211
0.777624
-1.196804
0.521625
0.835159
0.000000
0.000000
0.000000
0.000000
0.000000
0.000000
-1.403623
0.701283
0.833022
-1.425807
0.580774
0.865656
0.000000
0.000000
0.000000
0.000000
0.000000
0.000000
-1.353718
0.466287
0.960442
-1.371057
0.503198
0.910761
-1.080305
0.835694
0.773293
-1.094549
0.846010
0.754617
-1.107018
0.694299
0.773152
-1.121785
0.700808
0.780107
0.000000
0.000000
0.000000
0.000000
0.000000
0.000000
-1.713332
0.426203
0.899428
-1.725825
0.424080
0.883308
0.000000
0.000000
0.000000
0.000000
0.000000
0.000000
-1.336554
0.933589
0.834881
-1.360654
1.002560
0.696417
0.000000
0.000000
0.000000
0.000000
0.000000
0.000000
-1.398823
0.601891
0.823205
-1.542688
0.534194
0.879665
0.000000
0.000000
0.000000
0.000000
0.000000
0.000000
-1.205596
0.633431
0.772641
-1.252116
0.607344
0.784891
0.000000
0.000000
0.000000
0.000000
0.000000
0.000000
-1.190546
0.739368
0.799296
-1.230915
0.707551
0.810694
0.000000
0.000000
0.000000
0.000000
0.000000
0.000000
-1.390025
0.714351
0.816441
-1.413833
0.683330
0.772454
0.000000
0.000000
0.000000
0.000000
0.000000
0.000000
-1.411287
0.666998
0.822750
-1.475233
0.573106
0.817626
0.000000
0.000000
0.000000
0.000000
0.000000
0.000000
0.000000
0.000000
0.000000
-1.491385
0.825446
0.813453
0.000000
0.000000
0.000000
0.000000
0.000000
0.000000
-1.441739
0.714974
0.804109
-1.475118
0.715018
0.795335
0.000000
0.000000
0.000000
0.000000
0.000000
0.000000
-1.161751
0.961935
0.646457
-1.213816
0.972945
0.646120
0.000000
0.000000
0.000000
0.000000
0.000000
0.000000
-1.167252
0.927229
0.702419
-1.139978
0.907341
0.709028
0.000000
0.000000
0.000000
0.000000
0.000000
0.000000
-1.277204
0.782980
0.842586
-1.370634
0.768436
0.824482
0.000000
0.000000
0.000000
0.000000
0.000000
0.000000
-1.217829
1.081133
0.531868
-1.240442
1.053590
0.618991
0.000000
0.000000
0.000000
0.000000
0.000000
0.000000
-1.341986
0.485283
0.772509
-1.339179
0.488439
0.781537
0.000000
0.000000
0.000000
0.000000
0.000000
0.000000
-1.071921
0.784304
0.614629
-1.035757
0.886823
0.732351
0.000000
0.000000
0.000000
0.000000
0.000000
0.000000
-1.323075
0.910438
0.732279
-1.339210
0.839832
0.734819
0.000000
0.000000
0.000000
0.000000
0.000000
0.000000
-1.479503
0.900494
0.717759
-1.593788
0.647454
0.890940
0.000000
0.000000
0.000000
0.000000
0.000000
0.000000
-1.266494
0.600703
0.706120
-1.084746
1.055324
0.877902
0.000000
0.000000
0.000000
0.000000
0.000000
0.000000
-1.317819
0.795876
0.788292
-1.307517
0.864496
0.738663
0.000000
0.000000
0.000000
0.000000
0.000000
0.000000
-1.528086
0.932542
0.720413
-1.516260
0.956203
0.711189
0.000000
0.000000
0.000000
0.000000
0.000000
0.000000
-1.346073
0.612336
0.669619
-1.415950
0.586611
0.971866
0.000000
0.000000
0.000000
0.000000
0.000000
0.000000
-1.127238
0.794729
0.730071
-1.125074
1.095980
0.673192
0.000000
0.000000
0.000000
0.000000
0.000000
0.000000
0.000000
0.000000
0.000000
-1.089012
0.735282
0.783259
0.000000
0.000000
0.000000
0.000000
0.000000
0.000000
-1.352095
0.859010
0.688694
-1.440099
0.854204
0.768008
0.000000
0.000000
0.000000
0.000000
0.000000
0.000000
-1.230927
0.479774
0.858736
-1.327992
0.430015
0.842773
0.000000
0.000000
0.000000
0.000000
0.000000
0.000000
-1.389750
0.366974
0.859499
-1.397460
0.341777
0.877311
0.000000
0.000000
0.000000
0.000000
0.000000
0.000000
-1.429092
0.813413
0.743186
-1.429692
0.894252
0.731112
0.000000
0.000000
0.000000
0.000000
0.000000
0.000000
-1.354450
1.043129
0.719069
-1.432747
0.965319
0.722530
0.000000
0.000000
0.000000
0.000000
0.000000
0.000000
-1.277689
0.984392
0.604635
-1.286728
0.930035
0.666519
0.000000
0.000000
0.000000
0.000000
0.000000
0.000000
-1.156329
0.592471
0.648438
-1.211099
0.630062
0.792200
0.000000
0.000000
0.000000
0.000000
0.000000
0.000000
0.000000
0.000000
0.000000
-1.295079
0.748183
0.738912
0.000000
0.000000
0.000000
0.000000
0.000000
0.000000
-1.407129
0.757623
0.652734
-1.466767
0.497577
1.112590
0.000000
0.000000
0.000000
0.000000
0.000000
0.000000
0.000000
0.000000
0.000000
-1.187297
0.775194
0.915662
0.000000
0.000000
0.000000
0.000000
0.000000
0.000000
-1.447728
0.568480
0.872211
-1.386934
0.819054
0.862307
0.000000
0.000000
0.000000
0.000000
0.000000
0.000000
-1.305105
0.671942
0.776044
-1.278807
0.608287
0.861839
0.000000
0.000000
0.000000
0.000000
0.000000
0.000000
0.000000
0.000000
0.000000
-1.158898
0.772858
0.746614
0.000000
0.000000
0.000000
0.000000
0.000000
0.000000
-1.310050
0.576180
0.926452
-1.351798
0.616614
0.878301
0.000000
0.000000
0.000000
0.000000
0.000000
0.000000
-1.214617
1.023396
0.680046
-1.250336
1.059781
0.685745
0.000000
0.000000
0.000000
0.000000
0.000000
0.000000
-1.171506
0.823627
0.690918
-1.238030
0.816021
0.734661
0.000000
0.000000
0.000000
0.000000
0.000000
0.000000
-1.369709
0.891390
0.752112
-1.417106
0.875796
0.761022
0.000000
0.000000
0.000000
0.000000
0.000000
0.000000
-1.098650
1.295463
0.573950
-1.255844
1.018513
0.777565
0.000000
0.000000
0.000000
0.000000
0.000000
0.000000
0.000000
0.000000
0.000000
-1.147144
0.714583
0.844806
0.000000
0.000000
0.000000
0.000000
0.000000
0.000000
-1.207622
1.164643
0.563256
-1.227722
1.374358
0.479722
0.000000
0.000000
0.000000
0.000000
0.000000
0.000000
-1.132989
0.799981
0.706738
-1.298532
0.908372
0.654310
0.000000
0.000000
0.000000
0.000000
0.000000
0.000000
-1.205661
0.608540
0.835291
-1.241991
0.573122
0.817515
0.000000
0.000000
0.000000
0.000000
0.000000
0.000000
-1.188194
1.179210
0.597539
-1.236860
0.992751
0.626542
0.000000
0.000000
0.000000
0.000000
0.000000
0.000000
-1.077852
0.812046
0.722965
-1.076662
0.907631
0.735450
0.000000
0.000000
0.000000
0.000000
0.000000
0.000000
-1.304903
0.869187
0.776508
-1.363824
0.700532
0.817715
0.000000
0.000000
0.000000
0.000000
0.000000
0.000000
-1.195304
0.924406
0.663302
-1.358931
0.712882
0.645360
0.000000
0.000000
0.000000
0.000000
0.000000
0.000000
-1.334070
0.745461
0.725812
-1.404216
0.699384
0.783192
0.000000
0.000000
0.000000
0.000000
0.000000
0.000000
-1.141790
0.782633
0.584744
-1.207531
0.945911
0.713157
0.000000
0.000000
0.000000
0.000000
0.000000
0.000000
-1.428912
0.718323
0.825693
-1.430684
0.818090
0.816272
0.000000
0.000000
0.000000
0.000000
0.000000
0.000000
-1.211686
0.678529
0.798793
-1.346376
0.595060
0.861864
0.000000
0.000000
0.000000
0.000000
0.000000
0.000000
-1.305694
0.956768
0.758429
-1.340152
0.919856
0.701608
0.000000
0.000000
0.000000
0.000000
0.000000
0.000000
-1.507234
1.015109
0.694594
-1.523178
1.035419
0.685746
0.000000
0.000000
0.000000
0.000000
0.000000
0.000000
0.000000
0.000000
0.000000
-1.069561
1.014457
0.608379
0.000000
0.000000
0.000000
0.000000
0.000000
0.000000
-1.359300
0.522086
0.903850
-1.347905
0.603930
0.785224
0.000000
0.000000
0.000000
0.000000
0.000000
0.000000
0.000000
0.000000
0.000000
-1.187433
0.623591
0.599553
0.000000
0.000000
0.000000
0.000000
0.000000
0.000000
0.000000
0.000000
0.000000
-1.327689
0.519243
0.723035
0.000000
0.000000
0.000000
0.000000
0.000000
0.000000
-1.259323
0.628256
0.617563
-1.230420
0.710569
0.812378
0.000000
0.000000
0.000000
0.000000
0.000000
0.000000
-1.308458
0.582496
0.823317
-1.370513
0.503862
0.845851
0.000000
0.000000
0.000000
0.000000
0.000000
0.000000
0.000000
0.000000
0.000000
-1.206699
0.884134
0.961060
0.000000
0.000000
0.000000
0.000000
0.000000
0.000000
-0.993416
0.969412
0.560446
-1.027408
1.133790
0.526759
0.000000
0.000000
0.000000
0.000000
0.000000
0.000000
-1.402703
0.443416
1.049647
-1.362408
0.478138
0.934180
-1.376080
0.434179
0.869788
-1.419117
0.443777
0.883484
-1.333429
0.431566
0.876140
-1.371630
0.439537
0.884971
0.000000
0.000000
0.000000
0.000000
0.000000
0.000000
0.000000
0.000000
0.000000
-1.280111
0.697729
0.666007
0.000000
0.000000
0.000000
0.000000
0.000000
0.000000
0.000000
0.000000
0.000000
-0.999847
1.386530
0.654291
-1.034351
0.718000
0.745363
-1.035865
0.747462
0.744483
-1.033615
0.724912
0.757722
-1.032678
0.754071
0.745111
0.000000
0.000000
0.000000
0.000000
0.000000
0.000000
-1.334426
0.781846
0.768124
-1.391488
0.817515
0.801649
0.000000
0.000000
0.000000
0.000000
0.000000
0.000000
-1.309025
0.890323
0.696141
-1.334760
0.890036
0.721048
0.000000
0.000000
0.000000
0.000000
0.000000
0.000000
0.000000
0.000000
0.000000
-1.338363
0.408371
0.642771
0.000000
0.000000
0.000000
0.000000
0.000000
0.000000
-1.180709
0.447968
0.968079
-1.215175
0.576577
0.819876
0.000000
0.000000
0.000000
0.000000
0.000000
0.000000
-1.386038
0.386614
1.031914
-1.387931
0.507214
0.882140
0.000000
0.000000
0.000000
0.000000
0.000000
0.000000
-1.530760
0.448600
0.893834
-1.606785
0.421075
0.899664
-1.468012
0.637791
0.811571
-1.456328
0.536858
0.817879
-1.505790
0.597481
0.827945
-1.452859
0.572621
0.818895
0.000000
0.000000
0.000000
0.000000
0.000000
0.000000
-1.459125
1.122089
0.625579
-1.489288
1.135507
0.630647
0.000000
0.000000
0.000000
0.000000
0.000000
0.000000
-1.074928
1.794178
0.796231
-1.304297
1.242855
0.663881
0.000000
0.000000
0.000000
0.000000
0.000000
0.000000
-1.120393
0.908214
0.811491
-1.068297
1.030380
0.743337
0.000000
0.000000
0.000000
0.000000
0.000000
0.000000
-0.925574
0.991776
0.552000
-0.987298
0.932683
0.575429
0.000000
0.000000
0.000000
0.000000
0.000000
0.000000
-0.916026
2.141945
0.710843
-1.233977
1.173670
0.629806
0.000000
0.000000
0.000000
0.000000
0.000000
0.000000
-1.586215
0.720619
0.881413
-1.442026
1.033773
0.735887
-1.560298
0.621484
0.791071
-1.579411
0.556820
0.812517
-1.551661
0.622577
0.791368
-1.579112
0.548034
0.814891
0.000000
0.000000
0.000000
0.000000
0.000000
0.000000
-1.428650
0.430453
0.941734
-1.548883
0.365890
0.901489
0.000000
0.000000
0.000000
0.000000
0.000000
0.000000
-1.154734
0.948710
0.693192
-1.209569
0.787237
0.734059
0.000000
0.000000
0.000000
0.000000
0.000000
0.000000
-0.981768
0.895159
0.609709
-0.874508
1.751662
0.503857
0.000000
0.000000
0.000000
0.000000
0.000000
0.000000
-1.443914
0.296483
0.868351
-1.426104
0.299666
0.889761
0.000000
0.000000
0.000000
0.000000
0.000000
0.000000
0.000000
0.000000
0.000000
-1.183547
0.579431
0.685915
0.000000
0.000000
0.000000
0.000000
0.000000
0.000000
-1.091096
0.908961
0.779091
-1.171799
0.822200
0.706889
0.000000
0.000000
0.000000
0.000000
0.000000
0.000000
-1.114054
0.572378
0.874954
-1.136351
0.479161
0.856279
0.000000
0.000000
0.000000
0.000000
0.000000
0.000000
0.000000
0.000000
0.000000
-1.082856
1.079791
0.681466
0.000000
0.000000
0.000000
0.000000
0.000000
0.000000
-1.194415
0.727143
0.693712
-1.187225
0.789065
0.918557
0.000000
0.000000
0.000000
0.000000
0.000000
0.000000
0.000000
0.000000
0.000000
-1.372362
0.701025
0.615808
-1.238705
0.591084
0.849657
-1.256744
0.671245
0.872437
-1.139883
0.743733
0.753668
-1.199772
0.759717
0.817727
0.000000
0.000000
0.000000
0.000000
0.000000
0.000000
-1.332564
0.464471
0.856768
-1.303612
0.549230
0.846799
0.000000
0.000000
0.000000
0.000000
0.000000
0.000000
-0.919762
1.073608
0.733143
-1.035063
0.863201
0.787067
0.000000
0.000000
0.000000
0.000000
0.000000
0.000000
-1.411817
0.436080
0.960639
-1.345611
0.528132
0.884707
0.000000
0.000000
0.000000
0.000000
0.000000
0.000000
-1.089019
1.091463
0.601838
-1.183156
1.110667
0.648958
0.000000
0.000000
0.000000
0.000000
0.000000
0.000000
-1.128983
0.507269
0.872624
-1.236065
0.480678
0.866688
0.000000
0.000000
0.000000
0.000000
0.000000
0.000000
-0.961246
0.885942
0.768856
-1.091184
0.820381
0.730132
0.000000
0.000000
0.000000
0.000000
0.000000
0.000000
-0.974618
1.142996
0.771863
-1.135733
0.853319
0.600698
0.000000
0.000000
0.000000
0.000000
0.000000
0.000000
-1.185018
0.905717
0.876741
-1.293563
0.829793
0.806634
0.000000
0.000000
0.000000
0.000000
0.000000
0.000000
-1.233398
0.713958
0.749680
-1.241753
0.722146
0.775552
0.000000
0.000000
0.000000
0.000000
0.000000
0.000000
-1.171943
1.828792
0.706276
-1.277108
1.313363
0.779990
0.000000
0.000000
0.000000
0.000000
0.000000
0.000000
-1.437579
0.584700
0.674725
-1.453025
0.646373
0.831299
0.000000
0.000000
0.000000
0.000000
0.000000
0.000000
-1.359996
0.844948
0.758382
-1.377740
0.906315
0.753156
0.000000
0.000000
0.000000
0.000000
0.000000
0.000000
-1.478275
1.039228
0.671472
-1.507181
1.042161
0.677544
0.000000
0.000000
0.000000
0.000000
0.000000
0.000000
-1.353274
0.472290
0.805997
-1.459918
0.373399
0.820181
0.000000
0.000000
0.000000
0.000000
0.000000
0.000000
-1.347585
0.733407
0.722373
-1.316524
0.846955
0.842045
0.000000
0.000000
0.000000
0.000000
0.000000
0.000000
-1.447089
0.881077
0.699468
-1.421382
0.914007
0.748734
0.000000
0.000000
0.000000
0.000000
0.000000
0.000000
-1.032397
1.113910
0.511691
-1.089258
1.010051
0.625985
0.000000
0.000000
0.000000
0.000000
0.000000
0.000000
-1.101407
0.714139
0.668178
-0.997007
0.726049
0.836960
0.000000
0.000000
0.000000
0.000000
0.000000
0.000000
-1.187471
0.821369
0.808800
-1.258503
0.784657
0.722832
0.000000
0.000000
0.000000
0.000000
0.000000
0.000000
-1.411034
0.466701
0.675279
-1.282563
0.994327
0.871027
0.000000
0.000000
0.000000
0.000000
0.000000
0.000000
0.000000
0.000000
0.000000
-1.079377
1.115383
0.753122
0.000000
0.000000
0.000000
0.000000
0.000000
0.000000
-1.119650
0.847942
0.896469
-1.203816
0.823364
0.834791
-1.249805
1.094960
0.642154
-1.319897
1.023826
0.618071
-1.179388
1.044710
0.675079
-1.231550
1.030607
0.610389
0.000000
0.000000
0.000000
0.000000
0.000000
0.000000
-1.157014
0.869077
0.795788
-1.301205
0.708989
0.904958
0.000000
0.000000
0.000000
0.000000
0.000000
0.000000
0.000000
0.000000
0.000000
-1.202911
0.655305
0.747542
0.000000
0.000000
0.000000
0.000000
0.000000
0.000000
0.000000
0.000000
0.000000
-1.005804
0.962175
0.665747
0.000000
0.000000
0.000000
0.000000
0.000000
0.000000
-1.176689
0.587362
1.015326
-1.280212
0.606913
0.849751
0.000000
0.000000
0.000000
0.000000
0.000000
0.000000
0.000000
0.000000
0.000000
-1.332344
0.970300
0.988613
0.000000
0.000000
0.000000
0.000000
0.000000
0.000000
0.000000
0.000000
0.000000
-1.161665
0.798761
0.816826
0.000000
0.000000
0.000000
0.000000
0.000000
0.000000
-1.277270
0.572191
0.831887
-1.285104
0.639781
0.808632
-1.267204
0.966371
0.637824
-1.322919
0.955045
0.636252
-1.219565
0.972847
0.639052
-1.244632
0.989091
0.621975
0.000000
0.000000
0.000000
0.000000
0.000000
0.000000
-1.228892
0.503840
0.734982
-1.304180
0.575275
0.830452
0.000000
0.000000
0.000000
0.000000
0.000000
0.000000
-1.054495
0.722912
0.801860
-1.093833
0.787939
0.753480
0.000000
0.000000
0.000000
0.000000
0.000000
0.000000
-0.971799
1.071596
0.627429
-1.106064
0.974775
0.634613
0.000000
0.000000
0.000000
0.000000
0.000000
0.000000
-1.263917
0.660507
0.920943
-1.312380
0.649691
0.819600
0.000000
0.000000
0.000000
0.000000
0.000000
0.000000
-1.266726
0.753091
0.794946
-1.319518
0.645035
0.805051
0.000000
0.000000
0.000000
0.000000
0.000000
0.000000
-1.171775
0.664328
0.836605
-1.197575
0.527943
0.842984
0.000000
0.000000
0.000000
0.000000
0.000000
0.000000
-1.195575
0.763604
0.745233
-1.203657
0.940138
0.725263
0.000000
0.000000
0.000000
0.000000
0.000000
0.000000
0.000000
0.000000
0.000000
-1.124874
0.916643
0.669275
0.000000
0.000000
0.000000
0.000000
0.000000
0.000000
-1.228636
0.757624
0.777335
-1.228948
0.794131
0.771100
0.000000
0.000000
0.000000
0.000000
0.000000
0.000000
-1.340618
0.597341
0.833284
-1.371444
0.604671
0.819742
0.000000
0.000000
0.000000
0.000000
0.000000
0.000000
-1.298481
0.687342
0.784835
-1.360998
0.633953
0.797121
0.000000
0.000000
0.000000
0.000000
0.000000
0.000000
-1.614969
0.710594
0.841334
-1.615706
0.758001
0.815600
0.000000
0.000000
0.000000
0.000000
0.000000
0.000000
-1.213217
0.638468
0.801296
-1.273293
0.593386
0.709088
0.000000
0.000000
0.000000
0.000000
0.000000
0.000000
-1.352774
0.517609
0.774302
-1.203539
0.773869
0.964457
0.000000
0.000000
0.000000
0.000000
0.000000
0.000000
0.000000
0.000000
0.000000
-1.474800
0.500681
0.784340
0.000000
0.000000
0.000000
0.000000
0.000000
0.000000
-1.040325
1.263181
0.798978
-1.006226
1.321573
0.664621
0.000000
0.000000
0.000000
0.000000
0.000000
0.000000
-1.378657
0.981343
0.629507
-1.302063
1.094233
0.693914
-1.606572
0.510003
0.869001
-1.627437
0.521516
0.862228
-1.271362
0.687507
0.796577
-1.292693
0.709314
0.785147
0.000000
0.000000
0.000000
0.000000
0.000000
0.000000
-1.259616
0.550199
0.856880
-1.315372
0.556769
0.827129
0.000000
0.000000
0.000000
0.000000
0.000000
0.000000
-1.363641
0.674717
0.832375
-1.392043
0.735916
0.782763
0.000000
0.000000
0.000000
0.000000
0.000000
0.000000
0.000000
0.000000
0.000000
-1.165844
0.799739
0.738348
0.000000
0.000000
0.000000
0.000000
0.000000
0.000000
-1.366105
0.457960
0.877349
-1.384076
0.466745
0.867427
0.000000
0.000000
0.000000
0.000000
0.000000
0.000000
-1.335958
0.398224
0.917782
-1.395773
0.453659
0.870036
0.000000
0.000000
0.000000
0.000000
0.000000
0.000000
-1.320534
0.580540
0.837462
-1.379843
0.563514
0.846985
0.000000
0.000000
0.000000
0.000000
0.000000
0.000000
-1.646728
0.423313
0.882864
-1.604309
0.503182
0.865059
0.000000
0.000000
0.000000
0.000000
0.000000
0.000000
-1.302333
0.542529
0.753730
-1.384493
0.690547
0.757099
0.000000
0.000000
0.000000
0.000000
0.000000
0.000000
-1.481342
0.523378
0.824060
-1.596702
0.422809
0.905799
0.000000
0.000000
0.000000
0.000000
0.000000
0.000000
-1.189288
1.308284
0.499598
-1.257292
1.312053
0.544572
0.000000
0.000000
0.000000
0.000000
0.000000
0.000000
-1.302630
1.011971
0.701577
-1.335358
0.926293
0.744855
0.000000
0.000000
0.000000
0.000000
0.000000
0.000000
-1.255890
0.652126
0.808811
-1.374878
0.627692
0.812581
0.000000
0.000000
0.000000
0.000000
0.000000
0.000000
-1.173264
1.139882
0.460373
-1.226579
1.110636
0.498564
0.000000
0.000000
0.000000
0.000000
0.000000
0.000000
-1.068041
0.853465
0.620911
-1.151429
0.915597
0.568288
0.000000
0.000000
0.000000
0.000000
0.000000
0.000000
-1.374455
0.645988
0.912834
-1.518740
0.584678
0.865284
0.000000
0.000000
0.000000
0.000000
0.000000
0.000000
-1.311535
0.766437
0.808785
-1.257335
0.638100
0.750099
0.000000
0.000000
0.000000
0.000000
0.000000
0.000000
-1.342467
0.630209
0.646675
-1.283043
0.761656
0.857432
0.000000
0.000000
0.000000
0.000000
0.000000
0.000000
-1.190765
0.820548
0.664925
-1.278456
0.720498
0.610843
0.000000
0.000000
0.000000
0.000000
0.000000
0.000000
-1.201288
0.630255
0.751771
-1.191718
0.713169
0.807522
0.000000
0.000000
0.000000
0.000000
0.000000
0.000000
0.000000
0.000000
0.000000
-1.249233
0.614454
0.629899
0.000000
0.000000
0.000000
0.000000
0.000000
0.000000
0.000000
0.000000
0.000000
-1.316053
0.818738
0.704988
0.000000
0.000000
0.000000
0.000000
0.000000
0.000000
-1.320957
0.388609
0.702613
-1.192742
0.627714
0.871116
0.000000
0.000000
0.000000
0.000000
0.000000
0.000000
-1.050662
0.780223
0.655287
-1.068379
0.697906
0.814849
0.000000
0.000000
0.000000
0.000000
0.000000
0.000000
-1.484140
0.560009
0.834935
-1.523687
0.518427
0.854218
0.000000
0.000000
0.000000
0.000000
0.000000
0.000000
-1.257070
2.007402
0.725163
-1.467685
1.351755
0.595852
0.000000
0.000000
0.000000
0.000000
0.000000
0.000000
-1.268124
0.705115
0.762261
-1.305948
0.756113
0.767954
0.000000
0.000000
0.000000
0.000000
0.000000
0.000000
-1.175539
0.856149
0.804170
-1.203864
0.860512
0.672361
0.000000
0.000000
0.000000
0.000000
0.000000
0.000000
0.000000
0.000000
0.000000
-1.275222
0.654888
0.753383
0.000000
0.000000
0.000000
0.000000
0.000000
0.000000
-1.255951
0.753293
0.733267
-1.279360
0.707320
0.717899
0.000000
0.000000
0.000000
0.000000
0.000000
0.000000
-1.394875
0.675191
0.809397
-1.371857
0.658969
0.800360
0.000000
0.000000
0.000000
0.000000
0.000000
0.000000
-1.462432
0.512947
0.867392
-1.483418
0.540650
0.853399
0.000000
0.000000
0.000000
0.000000
0.000000
0.000000
-1.449826
0.538751
0.838608
-1.496862
0.576640
0.853658
0.000000
0.000000
0.000000
0.000000
0.000000
0.000000
0.000000
0.000000
0.000000
-1.371588
0.496194
0.961053
0.000000
0.000000
0.000000
0.000000
0.000000
0.000000
-1.115753
0.756801
0.732227
-1.160463
0.724775
0.735541
0.000000
0.000000
0.000000
0.000000
0.000000
0.000000
-1.331827
0.600660
0.838696
-1.363936
0.682021
0.872417
0.000000
0.000000
0.000000
0.000000
0.000000
0.000000
-1.378672
0.764825
0.738039
-1.324873
0.714478
0.721650
0.000000
0.000000
0.000000
0.000000
0.000000
0.000000
-1.199594
0.902203
0.637595
-1.173525
0.981284
0.672165
0.000000
0.000000
0.000000
0.000000
0.000000
0.000000
-1.108352
1.209460
0.487094
-1.114229
1.328163
0.456332
0.000000
0.000000
0.000000
0.000000
0.000000
0.000000
-1.323230
1.027659
0.667446
-1.326869
1.075412
0.681432
-1.112395
0.573738
0.632966
-1.039505
0.722235
0.977399
-1.275843
0.364697
0.648089
-1.421492
0.295367
1.015302
0.000000
0.000000
0.000000
0.000000
0.000000
0.000000
-1.163647
1.019381
0.697171
-1.173748
1.080518
0.595057
0.000000
0.000000
0.000000
0.000000
0.000000
0.000000
0.000000
0.000000
0.000000
-1.203211
0.758162
0.826184
0.000000
0.000000
0.000000
0.000000
0.000000
0.000000
0.000000
0.000000
0.000000
-1.350459
0.652094
0.805682
0.000000
0.000000
0.000000
0.000000
0.000000
0.000000
-1.132070
0.745930
0.778187
-1.174508
0.811069
0.898778
0.000000
0.000000
0.000000
0.000000
0.000000
0.000000
-1.297929
0.437551
0.655154
-1.295088
0.492258
0.833399
0.000000
0.000000
0.000000
0.000000
0.000000
0.000000
-1.495263
0.425729
0.864843
-1.485049
0.427663
0.870286
0.000000
0.000000
0.000000
0.000000
0.000000
0.000000
-1.013707
0.821644
0.730952
-1.069342
0.776435
0.770784
0.000000
0.000000
0.000000
0.000000
0.000000
0.000000
-1.405073
0.860277
0.706873
-1.459351
0.823217
0.752680
0.000000
0.000000
0.000000
0.000000
0.000000
0.000000
0.000000
0.000000
0.000000
-1.106683
0.923107
0.838695
0.000000
0.000000
0.000000
0.000000
0.000000
0.000000
-1.442565
0.557809
0.997231
-1.497440
0.457384
0.925223
0.000000
0.000000
0.000000
0.000000
0.000000
0.000000
-1.137396
0.763023
0.614694
-1.223781
0.678870
0.612133
0.000000
0.000000
0.000000
0.000000
0.000000
0.000000
-1.282384
0.562778
0.750817
-1.201651
0.719280
0.685385
0.000000
0.000000
0.000000
0.000000
0.000000
0.000000
-1.464099
0.451219
0.960902
-1.516088
0.409594
0.886922
0.000000
0.000000
0.000000
0.000000
0.000000
0.000000
0.000000
0.000000
0.000000
-1.047870
0.912526
0.800782
0.000000
0.000000
0.000000
0.000000
0.000000
0.000000
-1.431580
1.020429
0.654102
-1.472500
1.023171
0.655354
0.000000
0.000000
0.000000
0.000000
0.000000
0.000000
0.000000
0.000000
0.000000
-1.235976
0.640418
0.734941
0.000000
0.000000
0.000000
0.000000
0.000000
0.000000
-1.274622
0.802574
0.707171
-1.293324
0.881120
0.760126
0.000000
0.000000
0.000000
0.000000
0.000000
0.000000
-1.209341
0.907027
0.743774
-1.276892
1.023916
0.754028
0.000000
0.000000
0.000000
0.000000
0.000000
0.000000
0.000000
0.000000
0.000000
-1.180715
0.799028
0.765185
-1.070306
0.858120
0.832127
-1.145178
1.109840
0.859539
-1.045593
0.863008
0.832127
-1.129813
1.083663
0.859539
0.000000
0.000000
0.000000
0.000000
0.000000
0.000000
-1.168957
0.906045
0.673576
-1.225697
0.960610
0.816685
0.000000
0.000000
0.000000
0.000000
0.000000
0.000000
-1.236673
0.884269
0.681554
-1.337406
0.748336
0.797400
0.000000
0.000000
0.000000
0.000000
0.000000
0.000000
-1.370189
0.511797
0.851878
-1.423702
0.520853
0.862018
0.000000
0.000000
0.000000
0.000000
0.000000
0.000000
-1.307813
0.728438
0.808038
-1.353623
0.767595
0.780727
0.000000
0.000000
0.000000
0.000000
0.000000
0.000000
-1.496694
0.727987
0.956256
-1.485685
0.661969
0.871966
0.000000
0.000000
0.000000
0.000000
0.000000
0.000000
-1.278397
0.788933
0.763501
-1.316992
0.795295
0.770297
0.000000
0.000000
0.000000
0.000000
0.000000
0.000000
-1.345011
0.588133
0.801156
-1.333591
0.586055
0.867986
-1.351193
0.690105
0.731714
-1.277613
0.915851
0.741732
-1.236235
0.848843
0.690668
-1.170966
0.977570
0.682161
0.000000
0.000000
0.000000
0.000000
0.000000
0.000000
-1.292244
0.545174
0.851607
-1.317092
0.500069
0.832028
-1.038939
0.888601
0.723699
-1.062137
0.910208
0.726151
-0.997014
0.900713
0.705260
-1.002502
0.951061
0.700095
0.000000
0.000000
0.000000
0.000000
0.000000
0.000000
0.000000
0.000000
0.000000
-0.591518
1.358156
0.603031
0.000000
0.000000
0.000000
0.000000
0.000000
0.000000
-1.513649
0.608754
0.918596
-1.550120
0.615738
0.902491
0.000000
0.000000
0.000000
0.000000
0.000000
0.000000
-1.273001
0.588985
0.809565
-1.329903
0.538542
0.800883
0.000000
0.000000
0.000000
0.000000
0.000000
0.000000
-1.472742
0.509038
0.754648
-1.433818
0.453386
0.847640
0.000000
0.000000
0.000000
0.000000
0.000000
0.000000
-0.910929
1.326151
0.662078
-1.117080
0.816117
0.658740
0.000000
0.000000
0.000000
0.000000
0.000000
0.000000
-1.052670
1.088849
0.853068
-1.093972
0.898131
0.690729
0.000000
0.000000
0.000000
0.000000
0.000000
0.000000
-1.464225
0.646699
0.802393
-1.489033
0.694193
0.803312
0.000000
0.000000
0.000000
0.000000
0.000000
0.000000
-1.043078
1.224845
0.640338
-1.189379
1.160056
0.573901
0.000000
0.000000
0.000000
0.000000
0.000000
0.000000
-1.124969
0.535922
0.733402
-1.162884
0.549431
0.791520
0.000000
0.000000
0.000000
0.000000
0.000000
0.000000
-1.152863
0.508862
0.837113
-1.195319
0.507219
0.833856
0.000000
0.000000
0.000000
0.000000
0.000000
0.000000
-1.514688
0.482358
0.865024
-1.634922
0.383323
0.868458
-1.196062
0.757784
0.836755
-1.256936
0.682238
0.816903
-1.062661
0.747832
0.821152
-1.144184
0.663637
0.809640
0.000000
0.000000
0.000000
0.000000
0.000000
0.000000
-1.304834
0.917503
0.654193
-1.400001
0.811280
0.699692
0.000000
0.000000
0.000000
0.000000
0.000000
0.000000
-1.086754
0.865294
0.650073
-1.170880
1.048146
0.676557
0.000000
0.000000
0.000000
0.000000
0.000000
0.000000
-1.153825
0.824279
0.711664
-1.179720
0.703285
0.813282
0.000000
0.000000
0.000000
0.000000
0.000000
0.000000
-1.322969
1.069096
0.653448
-1.351254
1.094757
0.620012
-1.141148
0.771151
0.696493
-1.237714
0.586758
0.847570
-1.140679
0.780767
0.696493
-1.185458
0.622204
0.861754
0.000000
0.000000
0.000000
0.000000
0.000000
0.000000
-1.188008
0.875667
0.804904
-1.244432
0.846652
0.735645
0.000000
0.000000
0.000000
0.000000
0.000000
0.000000
-1.427570
0.954903
0.757884
-1.451791
0.900188
0.776519
0.000000
0.000000
0.000000
0.000000
0.000000
0.000000
-1.423056
0.633407
0.879407
-1.490474
0.498418
0.851895
-1.236631
0.471462
0.674301
-1.350431
0.575815
1.099214
-1.186436
0.485245
0.674301
-1.244693
0.614978
1.049747
0.000000
0.000000
0.000000
0.000000
0.000000
0.000000
-0.968038
1.251172
0.701380
-1.074214
0.870719
0.839654
0.000000
0.000000
0.000000
0.000000
0.000000
0.000000
-1.195830
1.021697
0.538483
-1.215234
1.231241
0.446383
0.000000
0.000000
0.000000
0.000000
0.000000
0.000000
0.000000
0.000000
0.000000
-1.150632
1.108885
0.743999
0.000000
0.000000
0.000000
0.000000
0.000000
0.000000
0.000000
0.000000
0.000000
-1.175678
0.515213
0.731543
0.000000
0.000000
0.000000
0.000000
0.000000
0.000000
-1.125006
0.933305
0.675362
-1.193406
0.876562
0.696769
0.000000
0.000000
0.000000
0.000000
0.000000
0.000000
-1.354110
0.580442
0.873122
-1.377763
0.531696
0.848332
0.000000
0.000000
0.000000
0.000000
0.000000
0.000000
-1.113893
1.143836
0.626321
-1.135717
1.162587
0.620272
0.000000
0.000000
0.000000
0.000000
0.000000
0.000000
0.000000
0.000000
0.000000
-1.205128
0.677130
0.869848
-0.976099
0.911983
0.770709
-0.984455
0.838423
0.689848
-1.000916
0.767006
0.813843
-0.982488
0.769214
0.735068
0.000000
0.000000
0.000000
0.000000
0.000000
0.000000
-1.383276
0.523331
0.652601
-1.520868
0.518552
0.961943
-1.215148
1.209718
0.622436
-1.253194
1.164954
0.653601
-1.218932
1.230818
0.622436
-1.256339
1.228456
0.628627
0.000000
0.000000
0.000000
0.000000
0.000000
0.000000
-1.245619
0.730271
0.766988
-1.289961
0.701387
0.777247
-1.296247
0.594835
0.980450
-1.317783
0.572569
0.867369
-1.264445
0.586521
0.991134
-1.347399
0.498736
0.895872
0.000000
0.000000
0.000000
0.000000
0.000000
0.000000
0.000000
0.000000
0.000000
-1.034921
0.696603
0.772985
0.000000
0.000000
0.000000
0.000000
0.000000
0.000000
-1.243509
0.510919
0.884926
-1.275037
0.495202
0.871854
0.000000
0.000000
0.000000
0.000000
0.000000
0.000000
-1.285728
0.622373
0.926403
-1.344602
0.581967
0.852577
0.000000
0.000000
0.000000
0.000000
0.000000
0.000000
-1.218933
0.726715
0.778224
-1.248136
0.724308
0.743704
0.000000
0.000000
0.000000
0.000000
0.000000
0.000000
-1.200905
0.664990
0.781119
-1.271304
0.674324
0.819030
0.000000
0.000000
0.000000
0.000000
0.000000
0.000000
0.000000
0.000000
0.000000
-1.286271
0.795913
0.737175
0.000000
0.000000
0.000000
0.000000
0.000000
0.000000
-1.250173
1.225094
0.633761
-1.336610
1.124095
0.625462
0.000000
0.000000
0.000000
0.000000
0.000000
0.000000
-1.212554
1.093045
0.557690
-1.251066
1.089649
0.575174
0.000000
0.000000
0.000000
0.000000
0.000000
0.000000
-1.247277
0.938000
0.675352
-1.308904
0.973317
0.673351
0.000000
0.000000
0.000000
0.000000
0.000000
0.000000
-1.444229
1.314486
0.490247
-1.484150
1.288692
0.509283
0.000000
0.000000
0.000000
0.000000
0.000000
0.000000
-1.315466
0.486327
0.730926
-1.427176
0.413278
0.925469
0.000000
0.000000
0.000000
0.000000
0.000000
0.000000
-1.280163
0.591654
0.682781
-1.314978
0.608577
0.751956
0.000000
0.000000
0.000000
0.000000
0.000000
0.000000
-1.473093
0.956891
0.697235
-1.462491
0.974572
0.731681
0.000000
0.000000
0.000000
0.000000
0.000000
0.000000
-1.314570
0.802758
0.826093
-1.308290
0.960020
0.742632
0.000000
0.000000
0.000000
0.000000
0.000000
0.000000
-0.931184
0.989486
0.792581
-0.974049
0.928388
0.688710
0.000000
0.000000
0.000000
0.000000
0.000000
0.000000
-1.198734
1.185414
0.801325
-1.194320
1.074441
0.652024
0.000000
0.000000
0.000000
0.000000
0.000000
0.000000
-1.373400
0.914620
0.630015
-1.449443
0.916506
0.733147
0.000000
0.000000
0.000000
0.000000
0.000000
0.000000
-1.175622
0.844456
0.777817
-1.222852
0.688213
0.807589
0.000000
0.000000
0.000000
0.000000
0.000000
0.000000
-1.065283
1.050289
0.757872
-1.017371
1.165160
0.680866
0.000000
0.000000
0.000000
0.000000
0.000000
0.000000
-1.489102
0.426092
0.726487
-1.432268
0.540442
0.925793
0.000000
0.000000
0.000000
0.000000
0.000000
0.000000
-1.335104
0.550320
0.883204
-1.371383
0.503532
0.871025
0.000000
0.000000
0.000000
0.000000
0.000000
0.000000
-1.199904
0.615615
0.792447
-1.186698
0.583476
0.780572
0.000000
0.000000
0.000000
0.000000
0.000000
0.000000
-1.492023
0.216582
0.947280
-1.501050
0.184175
0.909788
0.000000
0.000000
0.000000
0.000000
0.000000
0.000000
-1.397000
0.607749
0.812954
-1.428288
0.602681
0.825352
0.000000
0.000000
0.000000
0.000000
0.000000
0.000000
-1.498589
0.789911
0.786084
-1.524693
0.796025
0.780888
0.000000
0.000000
0.000000
0.000000
0.000000
0.000000
0.000000
0.000000
0.000000
-1.042795
1.375243
0.852918
0.000000
0.000000
0.000000
0.000000
0.000000
0.000000
-1.171347
0.832676
0.777872
-1.264283
0.968570
0.771622
0.000000
0.000000
0.000000
0.000000
0.000000
0.000000
-1.222240
0.702282
0.774392
-1.272170
0.602260
0.833599
0.000000
0.000000
0.000000
0.000000
0.000000
0.000000
-1.048759
0.726644
0.748359
-1.061168
0.787669
0.721195
0.000000
0.000000
0.000000
0.000000
0.000000
0.000000
-1.206467
0.728866
0.784858
-1.241049
0.707587
0.777303
0.000000
0.000000
0.000000
0.000000
0.000000
0.000000
-1.126921
1.040550
0.645610
-1.159214
1.023415
0.614892
-1.059764
0.706362
0.744220
-1.086688
0.691556
0.767204
-1.086182
0.777461
0.718399
-1.111977
0.754705
0.746430
0.000000
0.000000
0.000000
0.000000
0.000000
0.000000
-1.054293
0.860435
0.863140
-1.105962
0.872083
0.783194
0.000000
0.000000
0.000000
0.000000
0.000000
0.000000
-1.047766
1.030401
0.692477
-1.093299
1.024882
0.719491
0.000000
0.000000
0.000000
0.000000
0.000000
0.000000
-1.186445
0.671214
0.780167
-1.281120
0.769301
0.784280
0.000000
0.000000
0.000000
0.000000
0.000000
0.000000
-1.125418
1.097391
0.615965
-1.213079
0.974204
0.571138
0.000000
0.000000
0.000000
0.000000
0.000000
0.000000
-1.354189
0.562619
0.824678
-1.412711
0.544478
0.822056
0.000000
0.000000
0.000000
0.000000
0.000000
0.000000
-0.995998
0.504198
0.725823
-1.145910
0.508905
0.827780
0.000000
0.000000
0.000000
0.000000
0.000000
0.000000
-1.346434
0.526907
0.842027
-1.384502
0.524793
0.844593
0.000000
0.000000
0.000000
0.000000
0.000000
0.000000
-1.211809
1.911481
0.744162
-1.379127
1.194503
0.738645
0.000000
0.000000
0.000000
0.000000
0.000000
0.000000
-1.226283
1.113848
0.559505
-1.274713
1.105223
0.590522
0.000000
0.000000
0.000000
0.000000
0.000000
0.000000
-1.650869
0.393485
0.884028
-1.674908
0.389388
0.885764
0.000000
0.000000
0.000000
0.000000
0.000000
0.000000
-1.347649
0.379455
0.731461
-1.408959
0.408884
0.957960
0.000000
0.000000
0.000000
0.000000
0.000000
0.000000
-1.015631
1.144436
0.835579
-1.140177
1.008511
0.853516
0.000000
0.000000
0.000000
0.000000
0.000000
0.000000
-1.394034
1.400281
0.603358
-1.474174
1.342924
0.497384
0.000000
0.000000
0.000000
0.000000
0.000000
0.000000
-1.268030
0.474748
0.878191
-1.270309
0.534970
0.863261
0.000000
0.000000
0.000000
0.000000
0.000000
0.000000
-1.354139
0.568385
0.837583
-1.369333
0.615074
0.826257
0.000000
0.000000
0.000000
0.000000
0.000000
0.000000
-1.224314
0.948055
0.606678
-1.248961
0.918732
0.649218
0.000000
0.000000
0.000000
0.000000
0.000000
0.000000
-1.448055
0.709187
0.796303
-1.468983
0.710055
0.808799
0.000000
0.000000
0.000000
0.000000
0.000000
0.000000
-1.384535
0.597801
0.843565
-1.409435
0.639301
0.811503
0.000000
0.000000
0.000000
0.000000
0.000000
0.000000
-1.178855
0.805041
0.800386
-1.263216
0.702589
0.763344
0.000000
0.000000
0.000000
0.000000
0.000000
0.000000
-1.564509
0.671617
0.847137
-1.535094
0.703256
0.816388
0.000000
0.000000
0.000000
0.000000
0.000000
0.000000
-1.170803
1.217792
0.549586
-1.199910
1.255706
0.458744
0.000000
0.000000
0.000000
0.000000
0.000000
0.000000
-1.417060
0.487997
0.767545
-1.452908
0.415034
0.824905
0.000000
0.000000
0.000000
0.000000
0.000000
0.000000
-1.503402
0.336521
0.913154
-1.486212
0.372844
0.895891
0.000000
0.000000
0.000000
0.000000
0.000000
0.000000
0.000000
0.000000
0.000000
-1.367080
0.748905
0.672064
0.000000
0.000000
0.000000
0.000000
0.000000
0.000000
-1.158451
1.272001
0.675339
-1.321983
1.036546
0.649212
0.000000
0.000000
0.000000
0.000000
0.000000
0.000000
0.000000
0.000000
0.000000
-1.072878
0.845306
0.675599
0.000000
0.000000
0.000000
0.000000
0.000000
0.000000
-1.340120
0.728628
0.864233
-1.342078
0.628143
0.833546
0.000000
0.000000
0.000000
0.000000
0.000000
0.000000
-1.296066
0.809940
0.670469
-1.329693
0.814668
0.744967
-1.607377
0.717605
0.780104
-1.554355
0.846872
0.744104
-1.592055
0.692265
0.780187
-1.560055
0.708075
0.771248
0.000000
0.000000
0.000000
0.000000
0.000000
0.000000
0.000000
0.000000
0.000000
-0.915900
0.801934
1.029042
0.000000
0.000000
0.000000
0.000000
0.000000
0.000000
-1.483282
0.411474
0.978332
-1.544362
0.461836
0.932380
0.000000
0.000000
0.000000
0.000000
0.000000
0.000000
-1.252400
0.821987
0.841240
-1.299863
0.670482
0.826182
0.000000
0.000000
0.000000
0.000000
0.000000
0.000000
-1.249610
0.904003
0.738446
-1.285751
0.883014
0.726276
0.000000
0.000000
0.000000
0.000000
0.000000
0.000000
-1.033831
0.942737
0.681862
-1.185187
0.642502
0.727389
0.000000
0.000000
0.000000
0.000000
0.000000
0.000000
-1.218984
1.129153
0.523905
-1.180977
1.160694
0.524461
0.000000
0.000000
0.000000
0.000000
0.000000
0.000000
-1.362603
0.235964
0.882179
-1.377353
0.329717
0.882801
0.000000
0.000000
0.000000
0.000000
0.000000
0.000000
-1.257277
0.841526
0.760167
-1.314076
0.872876
0.800040
0.000000
0.000000
0.000000
0.000000
0.000000
0.000000
-1.063206
0.776035
0.740354
-1.202087
0.713398
0.804799
-1.545091
0.805850
0.775375
-1.553103
0.802291
0.786199
-1.479261
0.799590
0.772695
-1.476899
0.794621
0.783601
0.000000
0.000000
0.000000
0.000000
0.000000
0.000000
-1.278763
0.451363
0.780040
-1.298142
0.541549
0.821673
0.000000
0.000000
0.000000
0.000000
0.000000
0.000000
-1.285609
0.551822
0.865238
-1.270510
0.548712
0.866083
0.000000
0.000000
0.000000
0.000000
0.000000
0.000000
-1.231784
0.863667
0.693911
-1.319663
0.842359
0.728275
0.000000
0.000000
0.000000
0.000000
0.000000
0.000000
-1.138087
0.934419
0.736779
-1.211289
0.993888
0.659899
0.000000
0.000000
0.000000
0.000000
0.000000
0.000000
0.000000
0.000000
0.000000
-1.177379
0.757745
0.828147
0.000000
0.000000
0.000000
0.000000
0.000000
0.000000
-1.424335
0.421307
0.980120
-1.423570
0.391940
0.876970
0.000000
0.000000
0.000000
0.000000
0.000000
0.000000
0.000000
0.000000
0.000000
-1.052832
1.084885
0.828175
0.000000
0.000000
0.000000
0.000000
0.000000
0.000000
-1.280855
0.637720
0.815566
-1.232173
0.733659
0.830012
0.000000
0.000000
0.000000
0.000000
0.000000
0.000000
-1.309511
0.334298
1.065080
-1.491609
0.243296
0.941473
0.000000
0.000000
0.000000
0.000000
0.000000
0.000000
-1.440177
1.073791
0.641127
-1.456313
1.193238
0.652301
0.000000
0.000000
0.000000
0.000000
0.000000
0.000000
-1.390010
0.759193
0.781502
-1.419799
0.748412
0.781395
0.000000
0.000000
0.000000
0.000000
0.000000
0.000000
-1.348688
1.151161
0.564902
-1.409986
1.140181
0.583046
0.000000
0.000000
0.000000
0.000000
0.000000
0.000000
-0.963900
0.979786
0.692408
-1.104116
0.848389
0.861636
0.000000
0.000000
0.000000
0.000000
0.000000
0.000000
-1.166784
1.076880
0.559987
-1.267538
1.197319
0.520319
0.000000
0.000000
0.000000
0.000000
0.000000
0.000000
-1.278365
0.459842
1.025039
-1.353319
0.417095
0.876406
0.000000
0.000000
0.000000
0.000000
0.000000
0.000000
0.000000
0.000000
0.000000
-1.070365
0.644929
0.767487
0.000000
0.000000
0.000000
-1.056986
0.794759
0.754363
0.000000
0.000000
0.000000
-0.981086
0.818353
0.759665
0.000000
0.000000
0.000000
0.000000
0.000000
0.000000
-1.207649
1.239215
0.516507
-1.269467
1.216363
0.468721
0.000000
0.000000
0.000000
0.000000
0.000000
0.000000
-1.321953
0.626238
0.809277
-1.354987
0.632411
0.806411
0.000000
0.000000
0.000000
0.000000
0.000000
0.000000
-1.332504
0.760662
0.748277
-1.367521
0.794837
0.795548
0.000000
0.000000
0.000000
0.000000
0.000000
0.000000
-1.281641
0.567001
0.984736
-1.320479
0.511565
0.875027
0.000000
0.000000
0.000000
0.000000
0.000000
0.000000
-1.054865
0.630321
0.759074
-1.190464
0.433640
0.787476
0.000000
0.000000
0.000000
0.000000
0.000000
0.000000
-1.354091
0.962707
0.621362
-1.447204
0.800164
0.634847
0.000000
0.000000
0.000000
0.000000
0.000000
0.000000
-1.056763
1.061869
0.513914
-1.040962
1.052914
0.603833
0.000000
0.000000
0.000000
0.000000
0.000000
0.000000
-1.033973
1.001016
0.725494
-1.113424
0.923686
0.616233
0.000000
0.000000
0.000000
0.000000
0.000000
0.000000
-1.026899
1.249737
0.746920
-1.167781
0.813019
0.659566
0.000000
0.000000
0.000000
0.000000
0.000000
0.000000
-1.328233
0.645471
0.705297
-1.268850
0.853404
0.704683
0.000000
0.000000
0.000000
0.000000
0.000000
0.000000
-1.353905
0.536631
0.853946
-1.349661
0.479324
0.884775
0.000000
0.000000
0.000000
0.000000
0.000000
0.000000
-1.282136
0.656714
0.809699
-1.174376
0.847309
0.804317
0.000000
0.000000
0.000000
0.000000
0.000000
0.000000
-1.351919
0.702811
0.760676
-1.351229
0.845124
0.736098
0.000000
0.000000
0.000000
0.000000
0.000000
0.000000
-1.281666
1.344835
0.698521
-1.437623
1.007791
0.707037
0.000000
0.000000
0.000000
0.000000
0.000000
0.000000
-1.152180
0.508309
0.778734
-1.123258
0.675881
0.815191
0.000000
0.000000
0.000000
0.000000
0.000000
0.000000
-1.343146
0.878495
0.627306
-1.405167
1.018391
0.650758
0.000000
0.000000
0.000000
0.000000
0.000000
0.000000
-1.387271
1.012478
0.680064
-1.446012
0.915740
0.751752
0.000000
0.000000
0.000000
0.000000
0.000000
0.000000
-1.350884
0.886447
0.769907
-1.420634
0.772782
0.797022
0.000000
0.000000
0.000000
0.000000
0.000000
0.000000
-1.387534
0.552909
0.910783
-1.278250
1.005074
0.859113
0.000000
0.000000
0.000000
0.000000
0.000000
0.000000
-1.148127
0.829858
0.733389
-1.128350
1.166146
0.620564
0.000000
0.000000
0.000000
0.000000
0.000000
0.000000
0.000000
0.000000
0.000000
-1.175187
0.786220
0.727127
0.000000
0.000000
0.000000
0.000000
0.000000
0.000000
-1.192185
0.722269
0.822124
-1.265741
0.677326
0.915984
0.000000
0.000000
0.000000
-1.334156
0.759066
0.758912
0.000000
0.000000
0.000000
-1.286084
0.770881
0.758912
0.000000
0.000000
0.000000
0.000000
0.000000
0.000000
-1.285912
0.702502
0.823341
-1.311064
0.857672
0.748798
0.000000
0.000000
0.000000
0.000000
0.000000
0.000000
-1.192164
0.808229
0.729834
-1.342980
0.613913
0.841595
0.000000
0.000000
0.000000
0.000000
0.000000
0.000000
-1.105696
0.901590
0.790425
-1.087517
1.153283
0.682225
-1.490754
0.663642
0.778231
-1.530651
0.646120
0.820488
-1.331392
0.895880
0.724790
-1.345393
0.968076
0.706056
-1.282111
0.603165
0.736018
-1.335871
0.572513
0.776243
-1.309998
0.542399
0.731354
-1.404685
0.477093
0.807997
0.000000
0.000000
0.000000
0.000000
0.000000
0.000000
0.000000
0.000000
0.000000
-0.938039
0.858344
0.744451
0.000000
0.000000
0.000000
0.000000
0.000000
0.000000
0.000000
0.000000
0.000000
-1.368021
0.627490
0.717642
0.000000
0.000000
0.000000
0.000000
0.000000
0.000000
-1.266977
0.703899
0.705799
-1.241915
0.810567
0.764790
0.000000
0.000000
0.000000
0.000000
0.000000
0.000000
-1.655312
0.558997
0.856660
-1.672219
0.568312
0.855165
0.000000
0.000000
0.000000
0.000000
0.000000
0.000000
-0.851513
1.543887
0.626833
-1.109972
0.882252
0.518054
0.000000
0.000000
0.000000
0.000000
0.000000
0.000000
-1.253730
0.628713
0.843179
-1.348635
0.564610
0.856956
0.000000
0.000000
0.000000
0.000000
0.000000
0.000000
0.000000
0.000000
0.000000
-1.145192
1.249071
0.933373
0.000000
0.000000
0.000000
0.000000
0.000000
0.000000
-1.273720
0.475571
0.833725
-1.378675
0.438859
0.834732
0.000000
0.000000
0.000000
0.000000
0.000000
0.000000
0.000000
0.000000
0.000000
-1.356112
0.888945
0.774247
0.000000
0.000000
0.000000
0.000000
0.000000
0.000000
-1.251559
0.473839
0.873554
-1.332570
0.395981
0.883085
0.000000
0.000000
0.000000
0.000000
0.000000
0.000000
-1.434709
0.304377
0.837111
-1.381153
0.359463
0.876532
0.000000
0.000000
0.000000
0.000000
0.000000
0.000000
-1.460420
0.534896
0.833528
-1.453262
0.531874
0.837998
0.000000
0.000000
0.000000
0.000000
0.000000
0.000000
-1.196443
0.947841
0.758252
-1.243754
0.856915
0.727487
0.000000
0.000000
0.000000
0.000000
0.000000
0.000000
-1.210276
1.187601
0.508043
-1.386313
1.020041
0.616109
0.000000
0.000000
0.000000
0.000000
0.000000
0.000000
0.000000
0.000000
0.000000
-1.183230
0.811771
0.708734
0.000000
0.000000
0.000000
0.000000
0.000000
0.000000
-1.185431
1.022922
0.513477
-1.193106
1.143396
0.616240
0.000000
0.000000
0.000000
0.000000
0.000000
0.000000
0.000000
0.000000
0.000000
-1.132535
0.590688
0.684460
0.000000
0.000000
0.000000
0.000000
0.000000
0.000000
-1.244281
0.625417
0.781476
-1.300942
0.605968
0.794877
0.000000
0.000000
0.000000
0.000000
0.000000
0.000000
-1.106516
1.202364
0.804588
-1.174334
1.041898
0.754757
0.000000
0.000000
0.000000
0.000000
0.000000
0.000000
-1.379262
1.308713
0.570161
-1.372537
1.213025
0.582813
0.000000
0.000000
0.000000
0.000000
0.000000
0.000000
-1.340611
0.516992
0.686634
-1.272492
0.665172
0.833264
0.000000
0.000000
0.000000
0.000000
0.000000
0.000000
-1.062258
0.751814
0.775581
-1.158950
0.940981
0.702681
0.000000
0.000000
0.000000
0.000000
0.000000
0.000000
0.000000
0.000000
0.000000
-0.953191
0.874528
0.719218
0.000000
0.000000
0.000000
0.000000
0.000000
0.000000
-1.430872
0.622981
0.802168
-1.432796
0.565270
0.828778
0.000000
0.000000
0.000000
0.000000
0.000000
0.000000
0.000000
0.000000
0.000000
-1.254087
0.666788
0.864596
0.000000
0.000000
0.000000
0.000000
0.000000
0.000000
-1.294237
1.187135
0.529543
-1.339072
1.176555
0.508607
0.000000
0.000000
0.000000
0.000000
0.000000
0.000000
-0.923800
0.760901
0.859412
-1.127595
0.642989
0.807040
0.000000
0.000000
0.000000
0.000000
0.000000
0.000000
-1.272341
1.416169
0.660720
-1.337026
1.163623
0.701195
0.000000
0.000000
0.000000
0.000000
0.000000
0.000000
-1.233073
0.540430
0.746359
-1.127644
0.534244
0.859839
0.000000
0.000000
0.000000
0.000000
0.000000
0.000000
-1.545504
0.394230
0.911657
-1.563904
0.308778
0.900450
0.000000
0.000000
0.000000
0.000000
0.000000
0.000000
0.000000
0.000000
0.000000
-1.606790
0.538796
0.676668
0.000000
0.000000
0.000000
0.000000
0.000000
0.000000
-1.476027
1.252140
0.536269
-1.505704
1.227904
0.545069
0.000000
0.000000
0.000000
0.000000
0.000000
0.000000
-1.244051
0.655512
0.688879
-1.216842
0.755723
1.038404
-1.399151
0.842281
0.800681
-1.520658
0.624486
0.776788
-1.394923
0.851169
0.800681
-1.499797
0.653124
0.763424
0.000000
0.000000
0.000000
0.000000
0.000000
0.000000
-1.065029
0.953165
0.715309
-1.067524
0.901156
0.647126
0.000000
0.000000
0.000000
0.000000
0.000000
0.000000
-1.291822
0.953722
0.729359
-1.281291
1.026649
0.669994
0.000000
0.000000
0.000000
0.000000
0.000000
0.000000
0.000000
0.000000
0.000000
-1.246906
0.707188
0.933407
0.000000
0.000000
0.000000
0.000000
0.000000
0.000000
-1.148767
0.706826
0.747529
-1.189421
0.578383
0.751080
0.000000
0.000000
0.000000
0.000000
0.000000
0.000000
-1.119368
0.820132
0.843832
-1.183735
0.774194
0.835282
0.000000
0.000000
0.000000
0.000000
0.000000
0.000000
-1.184117
0.704580
0.755773
-1.200715
0.921530
0.713739
0.000000
0.000000
0.000000
0.000000
0.000000
0.000000
-1.276856
1.050246
0.648898
-1.285990
1.037383
0.530576
0.000000
0.000000
0.000000
0.000000
0.000000
0.000000
-1.326816
0.507236
0.800713
-1.376519
0.516852
0.848816
0.000000
0.000000
0.000000
0.000000
0.000000
0.000000
-1.345375
1.186933
0.644124
-1.333403
1.288214
0.614390
0.000000
0.000000
0.000000
0.000000
0.000000
0.000000
-1.226109
1.381601
0.613356
-1.301765
1.109941
0.515791
0.000000
0.000000
0.000000
0.000000
0.000000
0.000000
-1.349044
0.586515
0.919434
-1.342404
0.731200
0.849836
0.000000
0.000000
0.000000
0.000000
0.000000
0.000000
-1.207744
0.591626
0.743351
-1.178646
0.575459
0.840822
0.000000
0.000000
0.000000
0.000000
0.000000
0.000000
-1.528220
0.671045
0.886118
-1.549812
0.618782
0.815354
0.000000
0.000000
0.000000
0.000000
0.000000
0.000000
-1.368184
0.798232
0.844761
-1.335687
1.020092
0.808390
0.000000
0.000000
0.000000
0.000000
0.000000
0.000000
-1.164388
0.924374
0.706442
-1.111585
1.110041
0.661702
0.000000
0.000000
0.000000
0.000000
0.000000
0.000000
-1.191936
0.795119
0.800015
-1.125636
0.830668
0.691435
0.000000
0.000000
0.000000
0.000000
0.000000
0.000000
-1.131193
0.666529
0.926331
-1.060242
0.901186
0.827849
0.000000
0.000000
0.000000
0.000000
0.000000
0.000000
-1.238151
0.573716
0.731795
-1.280285
0.612198
0.932683
0.000000
0.000000
0.000000
0.000000
0.000000
0.000000
-1.439919
0.480353
0.862653
-1.480593
0.474483
0.868493
-1.159303
1.153813
0.547568
-1.165194
1.145318
0.565023
-1.135370
1.167331
0.543987
-1.131963
1.148838
0.554896
0.000000
0.000000
0.000000
0.000000
0.000000
0.000000
-1.097148
0.832905
0.684748
-1.143936
0.726036
0.826805
0.000000
0.000000
0.000000
0.000000
0.000000
0.000000
-1.327361
0.658228
0.784371
-1.340217
0.594690
0.757376
0.000000
0.000000
0.000000
0.000000
0.000000
0.000000
-1.146079
0.756396
0.599140
-1.247699
0.559707
0.842987
0.000000
0.000000
0.000000
0.000000
0.000000
0.000000
-1.302332
0.750410
0.798690
-1.314759
0.873848
0.736510
0.000000
0.000000
0.000000
0.000000
0.000000
0.000000
-1.245762
0.851806
0.750845
-1.211684
0.908281
0.696203
0.000000
0.000000
0.000000
0.000000
0.000000
0.000000
-1.149767
1.312756
0.417504
-1.255257
1.198218
0.470026
0.000000
0.000000
0.000000
0.000000
0.000000
0.000000
-1.058168
1.062722
0.717018
-1.138337
0.926602
0.639221
0.000000
0.000000
0.000000
0.000000
0.000000
0.000000
-1.385235
0.604522
0.848632
-1.419699
0.782231
0.893727
0.000000
0.000000
0.000000
0.000000
0.000000
0.000000
0.000000
0.000000
0.000000
-1.333665
0.529439
0.854438
0.000000
0.000000
0.000000
0.000000
0.000000
0.000000
-1.343781
0.518577
0.775521
-1.190781
0.893307
0.734188
0.000000
0.000000
0.000000
0.000000
0.000000
0.000000
0.000000
0.000000
0.000000
-1.382702
0.627955
0.718642
0.000000
0.000000
0.000000
0.000000
0.000000
0.000000
-1.656386
0.410340
0.883843
-1.683328
0.413201
0.880294
0.000000
0.000000
0.000000
0.000000
0.000000
0.000000
-1.289264
0.522343
0.872485
-1.401753
0.479185
0.871626
0.000000
0.000000
0.000000
0.000000
0.000000
0.000000
-1.316143
0.699921
0.807801
-1.287051
0.729209
0.804598
-1.298965
1.172336
0.565318
-1.355324
1.161246
0.577978
-1.284416
1.159026
0.565367
-1.324721
1.153409
0.575588
0.000000
0.000000
0.000000
0.000000
0.000000
0.000000
0.000000
0.000000
0.000000
-1.066023
1.218843
0.699385
0.000000
0.000000
0.000000
0.000000
0.000000
0.000000
0.000000
0.000000
0.000000
-1.390086
0.504478
0.725731
0.000000
0.000000
0.000000
0.000000
0.000000
0.000000
-1.182567
0.748447
0.707256
-1.266138
0.603894
0.805259
0.000000
0.000000
0.000000
0.000000
0.000000
0.000000
-1.439480
0.464707
0.878011
-1.438511
0.420059
0.875549
0.000000
0.000000
0.000000
0.000000
0.000000
0.000000
0.000000
0.000000
0.000000
-1.315774
0.926193
0.760414
0.000000
0.000000
0.000000
0.000000
0.000000
0.000000
-1.374396
1.087194
0.601804
-1.411032
1.118508
0.616721
0.000000
0.000000
0.000000
0.000000
0.000000
0.000000
-1.274113
0.530341
0.768948
-1.332801
0.539809
0.843623
0.000000
0.000000
0.000000
0.000000
0.000000
0.000000
0.000000
0.000000
0.000000
-1.233968
0.424975
0.770104
0.000000
0.000000
0.000000
0.000000
0.000000
0.000000
-1.026564
1.011161
0.561719
-1.069808
0.976324
0.625478
0.000000
0.000000
0.000000
0.000000
0.000000
0.000000
-1.092272
1.565729
0.635099
-1.221999
1.297844
0.500806
0.000000
0.000000
0.000000
0.000000
0.000000
0.000000
-1.318385
0.947539
0.711474
-1.377695
0.947745
0.741111
0.000000
0.000000
0.000000
0.000000
0.000000
0.000000
0.000000
0.000000
0.000000
-1.083163
0.967123
0.580959
0.000000
0.000000
0.000000
0.000000
0.000000
0.000000
-1.085636
0.912152
0.709187
-1.206189
0.805404
0.727100
0.000000
0.000000
0.000000
0.000000
0.000000
0.000000
-1.066117
0.910661
0.591400
-1.098085
0.917133
0.595497
0.000000
0.000000
0.000000
0.000000
0.000000
0.000000
-1.089051
0.695047
0.737000
-1.198915
0.636999
0.795713
0.000000
0.000000
0.000000
0.000000
0.000000
0.000000
0.000000
0.000000
0.000000
-0.840664
0.862468
0.766959
0.000000
0.000000
0.000000
0.000000
0.000000
0.000000
-1.233426
1.010258
0.736813
-1.316353
0.775491
0.644370
0.000000
0.000000
0.000000
0.000000
0.000000
0.000000
-1.362773
1.145954
0.600180
-1.417771
1.068666
0.622005
0.000000
0.000000
0.000000
0.000000
0.000000
0.000000
-1.281596
0.682284
0.664189
-1.136588
0.966388
0.728758
0.000000
0.000000
0.000000
0.000000
0.000000
0.000000
-1.437904
0.486666
0.973047
-1.491396
0.476770
0.888518
0.000000
0.000000
0.000000
0.000000
0.000000
0.000000
-1.121847
1.113382
0.844285
-1.155509
1.202485
0.726474
0.000000
0.000000
0.000000
0.000000
0.000000
0.000000
-1.404497
0.614998
0.851623
-1.401438
0.933985
0.772104
0.000000
0.000000
0.000000
0.000000
0.000000
0.000000
-1.238780
0.814789
0.714205
-1.359879
0.640334
0.792454
0.000000
0.000000
0.000000
0.000000
0.000000
0.000000
0.000000
0.000000
0.000000
-1.229770
0.517483
0.736996
0.000000
0.000000
0.000000
0.000000
0.000000
0.000000
-1.556641
0.569671
0.854643
-1.570288
0.594710
0.843599
0.000000
0.000000
0.000000
0.000000
0.000000
0.000000
0.000000
0.000000
0.000000
-1.145280
0.891303
0.793389
0.000000
0.000000
0.000000
0.000000
0.000000
0.000000
-1.374845
0.707463
0.781823
-1.390625
0.715865
0.788870
0.000000
0.000000
0.000000
0.000000
0.000000
0.000000
-1.444062
0.981133
0.765031
-1.471556
0.997543
0.751318
0.000000
0.000000
0.000000
0.000000
0.000000
0.000000
-1.200989
0.568970
0.808639
-1.218909
0.625637
0.857080
0.000000
0.000000
0.000000
0.000000
0.000000
0.000000
-1.065463
0.956410
0.859763
-1.158857
0.873285
0.742889
0.000000
0.000000
0.000000
0.000000
0.000000
0.000000
-1.255760
0.485709
0.773654
-1.284826
0.531720
0.812049
0.000000
0.000000
0.000000
0.000000
0.000000
0.000000
-1.226905
1.124069
0.598274
-1.286825
1.179713
0.565689
0.000000
0.000000
0.000000
0.000000
0.000000
0.000000
-1.189738
0.662371
0.648952
-1.298131
0.585289
0.902035
0.000000
0.000000
0.000000
0.000000
0.000000
0.000000
0.000000
0.000000
0.000000
-1.278425
0.734137
0.965324
0.000000
0.000000
0.000000
0.000000
0.000000
0.000000
0.000000
0.000000
0.000000
-1.329731
0.725912
0.722533
0.000000
0.000000
0.000000
0.000000
0.000000
0.000000
-1.644267
0.506243
0.865175
-1.675706
0.500033
0.868325
0.000000
0.000000
0.000000
0.000000
0.000000
0.000000
0.000000
0.000000
0.000000
-1.040231
0.967437
0.765602
0.000000
0.000000
0.000000
0.000000
0.000000
0.000000
0.000000
0.000000
0.000000
-1.065140
1.191496
0.737809
0.000000
0.000000
0.000000
0.000000
0.000000
0.000000
-1.348859
0.923067
0.673026
-1.382390
0.887628
0.761349
0.000000
0.000000
0.000000
0.000000
0.000000
0.000000
-1.377786
0.616585
0.682145
-1.284065
0.630433
0.910754
0.000000
0.000000
0.000000
0.000000
0.000000
0.000000
-1.270473
0.821188
0.844860
-1.258078
0.795043
0.752039
0.000000
0.000000
0.000000
0.000000
0.000000
0.000000
0.000000
0.000000
0.000000
-1.359613
0.454942
0.640324
0.000000
0.000000
0.000000
0.000000
0.000000
0.000000
-1.444076
0.644312
0.825574
-1.464289
0.691809
0.824050
0.000000
0.000000
0.000000
0.000000
0.000000
0.000000
-1.308820
0.598054
0.760899
-1.317305
0.602325
0.850343
-1.208268
0.846781
0.740451
-1.239905
0.832662
0.736025
-1.042655
0.819986
0.727568
-1.094484
0.808330
0.726881
-1.294404
0.773620
0.823956
-1.292613
0.843335
0.783756
-1.252700
0.758127
0.821675
-1.249898
0.814103
0.787689
0.000000
0.000000
0.000000
0.000000
0.000000
0.000000
-1.290420
0.861190
0.718476
-1.265170
0.962811
0.850554
0.000000
0.000000
0.000000
0.000000
0.000000
0.000000
-0.970567
0.814275
0.705101
-1.003771
0.880031
0.648743
0.000000
0.000000
0.000000
0.000000
0.000000
0.000000
-1.552426
1.127262
0.649087
-1.578402
1.119185
0.660561
0.000000
0.000000
0.000000
0.000000
0.000000
0.000000
-1.179398
0.806579
0.749775
-1.312894
0.819034
0.728634
0.000000
0.000000
0.000000
0.000000
0.000000
0.000000
-1.365543
0.575032
0.843110
-1.428593
0.538924
0.840886
0.000000
0.000000
0.000000
0.000000
0.000000
0.000000
-1.038244
0.925235
0.701694
-1.125850
0.933551
0.692994
0.000000
0.000000
0.000000
0.000000
0.000000
0.000000
-1.151055
0.624877
0.761662
-1.253711
0.614473
0.867322
0.000000
0.000000
0.000000
0.000000
0.000000
0.000000
0.000000
0.000000
0.000000
-1.198096
0.789012
0.659152
0.000000
0.000000
0.000000
0.000000
0.000000
0.000000
-1.119058
0.819892
0.861694
-1.201018
0.754675
0.812986
0.000000
0.000000
0.000000
0.000000
0.000000
0.000000
-1.287669
0.912927
0.748987
-1.298610
0.936974
0.715898
0.000000
0.000000
0.000000
0.000000
0.000000
0.000000
-1.394975
0.880229
0.775975
-1.434374
0.899107
0.788290
-1.189153
1.335621
0.686217
-1.195404
1.359785
0.615885
-1.186133
1.159890
0.733668
-1.195103
1.172222
0.661586
0.000000
0.000000
0.000000
0.000000
0.000000
0.000000
0.000000
0.000000
0.000000
-1.316358
0.542930
0.770177
0.000000
0.000000
0.000000
0.000000
0.000000
0.000000
-1.150126
0.609307
0.840626
-1.176010
0.570473
0.817785
0.000000
0.000000
0.000000
0.000000
0.000000
0.000000
0.000000
0.000000
0.000000
-1.271341
0.625236
0.796571
0.000000
0.000000
0.000000
0.000000
0.000000
0.000000
-1.333662
1.004503
0.634969
-1.379524
1.041551
0.622940
-1.151178
0.724084
0.803782
-1.163104
0.758015
0.744287
-1.018023
0.923926
0.739160
-1.088223
0.907589
0.619004
-1.300348
0.479382
0.670049
-1.177924
0.476592
0.931253
-1.281317
0.481689
0.670049
-1.159608
0.468812
0.931253
0.000000
0.000000
0.000000
0.000000
0.000000
0.000000
-1.494019
0.676146
0.812663
-1.516904
0.686360
0.813048
0.000000
0.000000
0.000000
0.000000
0.000000
0.000000
-1.285919
0.912358
0.635377
-1.264631
0.971904
0.676558
0.000000
0.000000
0.000000
0.000000
0.000000
0.000000
-1.251262
1.237874
0.551027
-1.312314
1.318690
0.542592
0.000000
0.000000
0.000000
0.000000
0.000000
0.000000
0.000000
0.000000
0.000000
-1.195635
0.476964
0.855617
0.000000
0.000000
0.000000
0.000000
0.000000
0.000000
-1.392144
0.784237
0.775990
-1.416835
0.789689
0.773494
0.000000
0.000000
0.000000
0.000000
0.000000
0.000000
-1.583913
0.549917
0.860787
-1.647633
0.575778
0.876082
0.000000
0.000000
0.000000
0.000000
0.000000
0.000000
0.000000
0.000000
0.000000
-1.447754
0.520273
0.710199
0.000000
0.000000
0.000000
0.000000
0.000000
0.000000
-1.283930
0.583480
0.800979
-1.415714
0.622180
0.879454
0.000000
0.000000
0.000000
0.000000
0.000000
0.000000
-1.313348
0.576354
0.705092
-1.364766
0.504219
0.784853
0.000000
0.000000
0.000000
0.000000
0.000000
0.000000
0.000000
0.000000
0.000000
-1.201628
0.631807
0.571414
0.000000
0.000000
0.000000
0.000000
0.000000
0.000000
-1.280991
0.636428
0.815106
-1.326090
0.738169
0.807183
0.000000
0.000000
0.000000
0.000000
0.000000
0.000000
-1.444262
0.651029
0.860322
-1.403366
0.820022
0.723843
0.000000
0.000000
0.000000
0.000000
0.000000
0.000000
-1.140484
0.869429
0.637025
-1.132639
1.066094
0.607672
0.000000
0.000000
0.000000
-1.318575
0.800923
0.654471
0.000000
0.000000
0.000000
-1.387509
0.675586
0.635049
0.000000
0.000000
0.000000
0.000000
0.000000
0.000000
-1.042613
1.038262
0.649091
-1.115073
1.054808
0.644909
0.000000
0.000000
0.000000
0.000000
0.000000
0.000000
-1.095365
0.840946
0.723471
-1.149842
0.664267
0.807577
0.000000
0.000000
0.000000
0.000000
0.000000
0.000000
-1.285891
0.958390
0.629866
-1.368133
1.150371
0.626667
0.000000
0.000000
0.000000
0.000000
0.000000
0.000000
-1.241545
0.695870
0.775197
-1.255802
0.753712
0.788502
0.000000
0.000000
0.000000
0.000000
0.000000
0.000000
-1.226572
0.743882
0.918544
-1.358344
0.596802
0.869107
0.000000
0.000000
0.000000
0.000000
0.000000
0.000000
0.000000
0.000000
0.000000
-1.183415
0.655808
0.688029
0.000000
0.000000
0.000000
0.000000
0.000000
0.000000
-1.299583
0.736789
0.833011
-1.274409
0.864651
0.806117
0.000000
0.000000
0.000000
0.000000
0.000000
0.000000
-1.363563
0.546705
0.865224
-1.431136
0.545194
0.857733
0.000000
0.000000
0.000000
0.000000
0.000000
0.000000
-1.170237
0.665980
0.966735
-1.081303
0.679550
0.813926
0.000000
0.000000
0.000000
0.000000
0.000000
0.000000
-1.289530
0.655100
0.633654
-1.263237
0.745513
0.677467
0.000000
0.000000
0.000000
0.000000
0.000000
0.000000
0.000000
0.000000
0.000000
-1.227949
0.438079
0.755532
0.000000
0.000000
0.000000
0.000000
0.000000
0.000000
0.000000
0.000000
0.000000
-1.264100
0.889519
0.617350
0.000000
0.000000
0.000000
0.000000
0.000000
0.000000
-1.217711
0.950962
0.722043
-1.283623
0.993263
0.645504
0.000000
0.000000
0.000000
0.000000
0.000000
0.000000
-1.368692
0.629982
0.772967
-1.346165
0.649702
0.850331
0.000000
0.000000
0.000000
0.000000
0.000000
0.000000
-1.235001
0.649375
0.788689
-1.315166
0.591661
0.867077
0.000000
0.000000
0.000000
0.000000
0.000000
0.000000
-1.258315
0.751421
0.847914
-1.249976
0.853759
0.789877
0.000000
0.000000
0.000000
0.000000
0.000000
0.000000
-1.202725
0.789777
0.709288
-1.309074
0.714673
0.686113
0.000000
0.000000
0.000000
0.000000
0.000000
0.000000
-1.058962
0.891961
0.642691
-1.123468
0.648222
0.623509
0.000000
0.000000
0.000000
0.000000
0.000000
0.000000
-1.372523
1.144213
0.703324
-1.466890
1.268583
0.653067
0.000000
0.000000
0.000000
0.000000
0.000000
0.000000
-1.093841
0.944333
0.709680
-1.210687
0.856842
0.699877
0.000000
0.000000
0.000000
0.000000
0.000000
0.000000
0.000000
0.000000
0.000000
-0.969984
1.300053
0.821375
0.000000
0.000000
0.000000
0.000000
0.000000
0.000000
-1.421556
0.788536
0.784083
-1.440014
0.875359
0.766430
0.000000
0.000000
0.000000
0.000000
0.000000
0.000000
0.000000
0.000000
0.000000
-1.431682
0.583447
0.734168
0.000000
0.000000
0.000000
0.000000
0.000000
0.000000
-1.347489
0.642076
0.905869
-1.376219
0.618508
0.871047
0.000000
0.000000
0.000000
0.000000
0.000000
0.000000
-1.352307
1.019976
0.664253
-1.379062
1.028311
0.664647
0.000000
0.000000
0.000000
0.000000
0.000000
0.000000
-0.887715
1.910052
0.659125
-1.062550
1.239200
0.747678
0.000000
0.000000
0.000000
0.000000
0.000000
0.000000
-1.393041
0.473243
0.711298
-1.482406
0.328856
0.874837
0.000000
0.000000
0.000000
0.000000
0.000000
0.000000
-1.413911
0.829244
0.759855
-1.444676
0.814463
0.762032
0.000000
0.000000
0.000000
0.000000
0.000000
0.000000
0.000000
0.000000
0.000000
-0.812474
0.897243
0.720246
0.000000
0.000000
0.000000
0.000000
0.000000
0.000000
-1.483075
1.040865
0.672829
-1.497757
1.073396
0.657242
0.000000
0.000000
0.000000
0.000000
0.000000
0.000000
0.000000
0.000000
0.000000
-1.350279
0.599740
0.649467
0.000000
0.000000
0.000000
0.000000
0.000000
0.000000
-1.161240
0.653853
0.761474
-1.200044
0.649345
0.800061
0.000000
0.000000
0.000000
0.000000
0.000000
0.000000
0.000000
0.000000
0.000000
-1.216241
0.613481
0.661027
0.000000
0.000000
0.000000
0.000000
0.000000
0.000000
0.000000
0.000000
0.000000
-1.255181
0.641141
0.701496
0.000000
0.000000
0.000000
0.000000
0.000000
0.000000
-1.172955
0.928179
0.759354
-1.260753
0.776760
0.678761
-1.108200
0.756429
0.740750
-1.053546
0.726793
0.708769
-1.091973
0.713700
0.729995
-1.046515
0.637185
0.690547
0.000000
0.000000
0.000000
0.000000
0.000000
0.000000
-1.124053
0.897076
0.727117
-1.176073
0.871149
0.715450
0.000000
0.000000
0.000000
0.000000
0.000000
0.000000
-1.051748
0.929972
0.841228
-1.129851
0.794637
0.817902
-1.377286
0.538002
0.671806
-1.363896
0.655161
0.931962
-1.358562
0.540164
0.671806
-1.352784
0.645419
0.931962
0.000000
0.000000
0.000000
0.000000
0.000000
0.000000
-1.222990
0.776613
0.717302
-1.132464
0.905005
0.650425
0.000000
0.000000
0.000000
0.000000
0.000000
0.000000
-1.119341
0.554990
0.582598
-1.086206
0.791792
0.738734
0.000000
0.000000
0.000000
0.000000
0.000000
0.000000
-1.205940
0.608023
0.672497
-1.232741
0.634747
0.726572
0.000000
0.000000
0.000000
0.000000
0.000000
0.000000
0.000000
0.000000
0.000000
-1.219867
0.835504
0.608912
0.000000
0.000000
0.000000
0.000000
0.000000
0.000000
0.000000
0.000000
0.000000
-1.036522
1.119368
0.815165
0.000000
0.000000
0.000000
0.000000
0.000000
0.000000
-1.518681
0.752489
0.816709
-1.562045
0.763851
0.809048
0.000000
0.000000
0.000000
0.000000
0.000000
0.000000
0.000000
0.000000
0.000000
-1.530107
0.727883
0.722953
0.000000
0.000000
0.000000
0.000000
0.000000
0.000000
-0.913315
1.487871
0.838428
-1.086505
1.267082
0.834358
-1.147393
0.758939
0.717642
-1.122057
0.768239
0.767173
-1.148883
0.745464
0.717219
-1.107506
0.765603
0.767201
0.000000
0.000000
0.000000
0.000000
0.000000
0.000000
-1.165961
0.583906
0.894311
-1.129186
0.690888
0.832628
0.000000
0.000000
0.000000
0.000000
0.000000
0.000000
-1.411218
0.743168
0.788395
-1.444979
0.747464
0.794745
0.000000
0.000000
0.000000
0.000000
0.000000
0.000000
-1.393267
0.791382
0.763077
-1.414331
0.820880
0.788017
-1.174205
0.704163
0.769721
-1.213967
0.671373
0.701225
-1.365594
0.436589
0.854735
-1.501525
0.358457
0.856913
0.000000
0.000000
0.000000
0.000000
0.000000
0.000000
0.000000
0.000000
0.000000
-1.007415
1.211484
0.961846
0.000000
0.000000
0.000000
0.000000
0.000000
0.000000
0.000000
0.000000
0.000000
-1.054866
0.793719
0.781341
0.000000
0.000000
0.000000
0.000000
0.000000
0.000000
0.000000
0.000000
0.000000
-1.294748
0.616039
0.719019
0.000000
0.000000
0.000000
0.000000
0.000000
0.000000
-1.572442
0.439804
0.869561
-1.597115
0.461721
0.850836
0.000000
0.000000
0.000000
0.000000
0.000000
0.000000
-1.279289
0.971851
0.696870
-1.353751
0.912595
0.673102
0.000000
0.000000
0.000000
0.000000
0.000000
0.000000
-1.344818
0.769232
0.768596
-1.337150
0.797985
0.748511
0.000000
0.000000
0.000000
0.000000
0.000000
0.000000
-1.222658
0.839534
0.828089
-1.286437
0.816984
0.767789
0.000000
0.000000
0.000000
0.000000
0.000000
0.000000
-1.151159
0.773072
0.633548
-1.256606
0.657756
0.811823
0.000000
0.000000
0.000000
0.000000
0.000000
0.000000
-1.328277
0.505517
0.862115
-1.389518
0.522214
0.854100
-1.136884
0.522131
0.823493
-1.291232
0.482574
0.764729
-1.121269
0.525224
0.823493
-1.287042
0.477711
0.764729
0.000000
0.000000
0.000000
0.000000
0.000000
0.000000
0.000000
0.000000
0.000000
-1.046512
0.964115
0.786848
0.000000
0.000000
0.000000
0.000000
0.000000
0.000000
-1.113788
0.846534
0.818617
-1.218597
0.652216
0.820682
-1.140211
0.994137
0.591215
-1.234161
0.912161
0.677434
-1.122532
0.932334
0.624678
-1.188714
0.893864
0.685075
0.000000
0.000000
0.000000
0.000000
0.000000
0.000000
-1.233397
0.729759
0.885919
-1.188462
0.866530
0.778772
0.000000
0.000000
0.000000
0.000000
0.000000
0.000000
-1.085805
0.765307
0.783417
-1.077853
0.857743
0.771880
0.000000
0.000000
0.000000
0.000000
0.000000
0.000000
-1.254474
0.687383
0.710875
-1.272418
0.743391
0.783711
0.000000
0.000000
0.000000
0.000000
0.000000
0.000000
-1.190305
0.626752
0.762487
-1.205425
0.671394
0.804081
0.000000
0.000000
0.000000
0.000000
0.000000
0.000000
-1.329242
0.802489
0.743016
-1.359358
0.794601
0.755341
0.000000
0.000000
0.000000
0.000000
0.000000
0.000000
-1.303296
0.816502
0.796557
-1.336201
0.705201
0.796172
0.000000
0.000000
0.000000
0.000000
0.000000
0.000000
-0.989876
0.819278
0.952422
-1.069857
0.746058
0.850792
0.000000
0.000000
0.000000
0.000000
0.000000
0.000000
0.000000
0.000000
0.000000
-1.060582
1.787914
0.675652
0.000000
0.000000
0.000000
0.000000
0.000000
0.000000
-1.468938
0.390375
0.934535
-1.468214
0.559701
0.904278
0.000000
0.000000
0.000000
0.000000
0.000000
0.000000
-1.177851
0.885562
0.688343
-1.333217
0.628960
0.698381
0.000000
0.000000
0.000000
0.000000
0.000000
0.000000
-1.265502
0.643526
0.793016
-1.318211
0.624301
0.810024
0.000000
0.000000
0.000000
0.000000
0.000000
0.000000
-1.173135
0.664002
0.754612
-1.216298
0.752255
0.731920
0.000000
0.000000
0.000000
0.000000
0.000000
0.000000
-1.198580
0.891044
0.720429
-1.251871
1.012736
0.670825
0.000000
0.000000
0.000000
0.000000
0.000000
0.000000
-1.254003
1.092368
0.674597
-1.215668
1.178937
0.602150
0.000000
0.000000
0.000000
0.000000
0.000000
0.000000
-1.053312
0.659129
0.707685
-1.113311
0.556067
0.816244
0.000000
0.000000
0.000000
0.000000
0.000000
0.000000
-0.970006
1.070198
0.835271
-1.039832
0.983909
0.743074
0.000000
0.000000
0.000000
0.000000
0.000000
0.000000
-1.122783
1.417070
0.666626
-1.324035
1.090012
0.478605
0.000000
0.000000
0.000000
0.000000
0.000000
0.000000
-1.389685
0.449236
0.806541
-1.404549
0.553954
0.846138
0.000000
0.000000
0.000000
0.000000
0.000000
0.000000
-1.214011
0.974004
0.664865
-1.201931
1.177735
0.781921
0.000000
0.000000
0.000000
0.000000
0.000000
0.000000
-1.314344
0.644527
0.828309
-1.294459
0.810550
0.768448
0.000000
0.000000
0.000000
0.000000
0.000000
0.000000
-1.384799
0.968609
0.708767
-1.447641
0.827955
0.729634
0.000000
0.000000
0.000000
0.000000
0.000000
0.000000
-1.054504
0.663369
0.757571
-1.242609
0.671954
0.762130
0.000000
0.000000
0.000000
0.000000
0.000000
0.000000
0.000000
0.000000
0.000000
-0.988346
0.923080
0.745599
0.000000
0.000000
0.000000
0.000000
0.000000
0.000000
-1.224096
0.451505
0.883034
-1.265468
0.405943
0.863458
0.000000
0.000000
0.000000
0.000000
0.000000
0.000000
-1.259609
1.009018
0.598644
-1.284248
1.047086
0.564405
0.000000
0.000000
0.000000
0.000000
0.000000
0.000000
-1.546244
0.591036
0.838943
-1.556722
0.604683
0.828208
0.000000
0.000000
0.000000
0.000000
0.000000
0.000000
-1.401325
0.488173
0.881191
-1.393615
0.605575
0.831526
0.000000
0.000000
0.000000
0.000000
0.000000
0.000000
-1.387025
1.106735
0.669807
-1.436805
0.984667
0.674647
0.000000
0.000000
0.000000
0.000000
0.000000
0.000000
-1.533302
0.377013
0.860060
-1.591148
0.370911
0.819836
0.000000
0.000000
0.000000
0.000000
0.000000
0.000000
0.000000
0.000000
0.000000
-1.435722
0.403963
0.674050
-1.323153
0.370539
0.900283
-1.329510
0.284168
0.912151
-1.304221
0.368654
0.900283
-1.299918
0.282035
0.912151
0.000000
0.000000
0.000000
0.000000
0.000000
0.000000
-1.484369
0.395307
0.831113
-1.383424
0.593030
0.864944
0.000000
0.000000
0.000000
-1.301159
0.413189
0.749946
0.000000
0.000000
0.000000
-1.401017
0.410541
0.734162
0.000000
0.000000
0.000000
0.000000
0.000000
0.000000
0.000000
0.000000
0.000000
-0.974061
0.758206
0.721440
0.000000
0.000000
0.000000
0.000000
0.000000
0.000000
0.000000
0.000000
0.000000
-1.458531
0.511888
0.758898
0.000000
0.000000
0.000000
0.000000
0.000000
0.000000
-1.250522
0.781056
0.821993
-1.300438
0.747826
0.851538
0.000000
0.000000
0.000000
0.000000
0.000000
0.000000
-1.109968
1.059055
0.667981
-1.121827
0.829311
0.640456
0.000000
0.000000
0.000000
0.000000
0.000000
0.000000
0.000000
0.000000
0.000000
-1.364724
0.822227
0.872289
0.000000
0.000000
0.000000
0.000000
0.000000
0.000000
-1.124828
1.205617
0.818887
-1.153845
1.137488
0.653044
0.000000
0.000000
0.000000
0.000000
0.000000
0.000000
-1.509691
0.667610
0.827509
-1.542287
0.665807
0.817887
0.000000
0.000000
0.000000
0.000000
0.000000
0.000000
-0.943727
1.015086
0.818388
-1.011859
0.969789
0.733668
0.000000
0.000000
0.000000
0.000000
0.000000
0.000000
0.000000
0.000000
0.000000
-1.229155
0.581861
0.641396
0.000000
0.000000
0.000000
0.000000
0.000000
0.000000
-1.520550
0.534636
0.816670
-1.516525
0.521522
0.853018
0.000000
0.000000
0.000000
0.000000
0.000000
0.000000
-1.496091
0.470510
0.867170
-1.519328
0.478351
0.865279
0.000000
0.000000
0.000000
0.000000
0.000000
0.000000
-1.047959
1.012398
0.661240
-1.153242
0.860680
0.693818
-1.144468
0.858543
0.837618
-1.091239
0.867667
0.822935
-1.138270
0.845970
0.837618
-1.163401
0.829417
0.855291
0.000000
0.000000
0.000000
0.000000
0.000000
0.000000
0.000000
0.000000
0.000000
-1.205743
0.842939
0.697400
-1.183111
0.787004
0.725365
-1.170827
0.907658
0.729112
-1.158183
0.781167
0.737103
-1.155517
0.907498
0.742682
0.000000
0.000000
0.000000
0.000000
0.000000
0.000000
0.000000
0.000000
0.000000
-1.345493
0.502762
0.595189
0.000000
0.000000
0.000000
0.000000
0.000000
0.000000
-1.315271
0.571595
0.773024
-1.417170
0.516126
0.820245
0.000000
0.000000
0.000000
0.000000
0.000000
0.000000
-1.253776
0.393591
0.784858
-1.292968
0.415487
0.836464
-1.316022
0.816330
0.742693
-1.345570
0.834765
0.765138
-1.309121
0.849969
0.723844
-1.325957
0.844196
0.753933
0.000000
0.000000
0.000000
0.000000
0.000000
0.000000
-1.286894
1.009915
0.717153
-1.314377
1.075531
0.747824
0.000000
0.000000
0.000000
0.000000
0.000000
0.000000
0.000000
0.000000
0.000000
-1.146646
0.645121
0.787147
0.000000
0.000000
0.000000
0.000000
0.000000
0.000000
0.000000
0.000000
0.000000
-1.237173
0.536830
0.692399
0.000000
0.000000
0.000000
0.000000
0.000000
0.000000
-1.361290
0.808046
0.779572
-1.282690
1.125122
0.657084
0.000000
0.000000
0.000000
0.000000
0.000000
0.000000
-1.239595
0.719019
0.873203
-1.170212
0.736385
0.892831
0.000000
0.000000
0.000000
0.000000
0.000000
0.000000
-1.303145
0.497091
0.880545
-1.345995
0.526606
0.869076
0.000000
0.000000
0.000000
0.000000
0.000000
0.000000
-1.235108
0.771247
0.744523
-1.273525
0.701209
0.801959
0.000000
0.000000
0.000000
0.000000
0.000000
0.000000
-1.233854
0.719334
0.931756
-1.334434
0.797070
0.875533
0.000000
0.000000
0.000000
0.000000
0.000000
0.000000
-1.496138
0.792503
0.800564
-1.529920
0.813870
0.798719
0.000000
0.000000
0.000000
0.000000
0.000000
0.000000
-1.231877
0.857613
0.723485
-1.272462
0.905393
0.712887
0.000000
0.000000
0.000000
0.000000
0.000000
0.000000
0.000000
0.000000
0.000000
-1.252303
0.600271
0.681153
0.000000
0.000000
0.000000
0.000000
0.000000
0.000000
-1.303737
0.448030
0.845091
-1.412420
0.348908
0.869499
0.000000
0.000000
0.000000
0.000000
0.000000
0.000000
-1.008508
0.704249
0.770950
-1.123457
0.643854
0.706885
0.000000
0.000000
0.000000
0.000000
0.000000
0.000000
-1.424799
0.350701
0.917600
-1.440193
0.351411
0.893108
0.000000
0.000000
0.000000
0.000000
0.000000
0.000000
-1.238070
0.492872
0.815679
-1.337830
0.409039
0.871513
0.000000
0.000000
0.000000
0.000000
0.000000
0.000000
-0.904615
0.828732
0.702734
-1.044395
0.766805
0.677677
0.000000
0.000000
0.000000
0.000000
0.000000
0.000000
0.000000
0.000000
0.000000
-1.194021
0.816901
0.634341
0.000000
0.000000
0.000000
0.000000
0.000000
0.000000
-1.218051
1.389078
0.685658
-1.342226
1.002230
0.727954
0.000000
0.000000
0.000000
0.000000
0.000000
0.000000
-1.370438
0.889011
0.749408
-1.402915
0.883662
0.743156
0.000000
0.000000
0.000000
0.000000
0.000000
0.000000
-1.185380
0.857363
0.738521
-1.234514
0.806221
0.740405
0.000000
0.000000
0.000000
0.000000
0.000000
0.000000
-1.189992
1.014452
0.604079
-1.155400
1.072129
0.523255
0.000000
0.000000
0.000000
0.000000
0.000000
0.000000
-1.149389
1.106715
0.826264
-1.271040
0.764547
0.856855
0.000000
0.000000
0.000000
0.000000
0.000000
0.000000
-1.352831
1.020693
0.674817
-1.400501
0.991884
0.650179
0.000000
0.000000
0.000000
0.000000
0.000000
0.000000
-1.310055
0.998351
0.766009
-1.439451
0.864162
0.662080
0.000000
0.000000
0.000000
0.000000
0.000000
0.000000
-1.528440
0.648216
0.802601
-1.548479
0.796912
0.793379
0.000000
0.000000
0.000000
0.000000
0.000000
0.000000
-1.134607
0.803205
0.734946
-1.149601
0.743089
0.780690
0.000000
0.000000
0.000000
0.000000
0.000000
0.000000
0.000000
0.000000
0.000000
-1.272933
0.550977
0.845231
0.000000
0.000000
0.000000
0.000000
0.000000
0.000000
-1.357485
0.498843
0.847717
-1.395152
0.473142
0.860259
-1.040858
0.818421
0.691868
-1.057317
0.871260
0.660972
-1.087344
0.932603
0.670359
-1.115440
0.901126
0.658528
-0.876118
1.285583
0.672203
-1.014051
0.913877
0.578223
-0.882845
1.261198
0.669185
-0.972385
1.007153
0.576926
0.000000
0.000000
0.000000
0.000000
0.000000
0.000000
-1.508019
0.673358
0.926635
-1.436231
0.682641
0.865538
0.000000
0.000000
0.000000
0.000000
0.000000
0.000000
-1.518293
0.732777
0.794971
-1.545911
0.711228
0.799721
0.000000
0.000000
0.000000
0.000000
0.000000
0.000000
-1.401120
0.635056
0.889533
-1.477626
0.594611
0.872868
0.000000
0.000000
0.000000
0.000000
0.000000
0.000000
-1.229356
0.905722
0.745996
-1.261553
0.865553
0.793512
0.000000
0.000000
0.000000
0.000000
0.000000
0.000000
0.000000
0.000000
0.000000
-1.143460
0.613848
0.647214
0.000000
0.000000
0.000000
0.000000
0.000000
0.000000
-1.181982
1.315865
0.450373
-1.221036
1.336893
0.342664
0.000000
0.000000
0.000000
0.000000
0.000000
0.000000
-0.607853
1.247588
0.741149
-0.841616
0.946950
0.722515
0.000000
0.000000
0.000000
0.000000
0.000000
0.000000
-1.583205
0.792750
0.861794
-1.632526
0.737400
0.821034
0.000000
0.000000
0.000000
0.000000
0.000000
0.000000
-1.188819
0.775992
0.872236
-1.246872
0.775787
0.831330
0.000000
0.000000
0.000000
0.000000
0.000000
0.000000
-1.189567
0.507363
0.708459
-1.279768
0.526402
1.080878
-1.106298
0.727728
0.867973
-1.100487
0.888596
0.849598
-1.097235
0.639210
0.851596
-1.087749
0.674648
0.824914
0.000000
0.000000
0.000000
0.000000
0.000000
0.000000
-1.042465
0.817603
0.883115
-1.094915
0.798792
0.753944
0.000000
0.000000
0.000000
0.000000
0.000000
0.000000
-1.346878
0.934503
0.783876
-1.353760
1.118332
0.697607
0.000000
0.000000
0.000000
0.000000
0.000000
0.000000
-1.392163
0.317827
0.892805
-1.527115
0.379361
0.889005
0.000000
0.000000
0.000000
0.000000
0.000000
0.000000
-1.371118
0.619290
0.771304
-1.381677
0.611915
0.800717
0.000000
0.000000
0.000000
0.000000
0.000000
0.000000
-0.989366
1.145131
0.732694
-1.091648
0.902654
0.752567
0.000000
0.000000
0.000000
0.000000
0.000000
0.000000
-1.428093
0.680965
0.791264
-1.432329
0.670127
0.801654
0.000000
0.000000
0.000000
0.000000
0.000000
0.000000
-1.324993
0.600687
0.752354
-1.383617
0.596054
0.994020
0.000000
0.000000
0.000000
0.000000
0.000000
0.000000
-1.339256
0.861746
0.722489
-1.352355
0.961366
0.720091
0.000000
0.000000
0.000000
0.000000
0.000000
0.000000
-1.078227
0.931504
0.605337
-1.072541
1.008620
0.545910
0.000000
0.000000
0.000000
0.000000
0.000000
0.000000
-1.295402
0.558891
0.809848
-1.308762
0.626671
0.850999
0.000000
0.000000
0.000000
-1.274648
0.628675
0.754162
0.000000
0.000000
0.000000
-1.272901
0.629887
0.754162
0.000000
0.000000
0.000000
0.000000
0.000000
0.000000
-1.000424
0.849236
0.699129
-1.123332
0.917564
0.717354
0.000000
0.000000
0.000000
0.000000
0.000000
0.000000
-1.041776
1.138505
0.687894
-1.027523
0.969109
0.572561
0.000000
0.000000
0.000000
0.000000
0.000000
0.000000
-1.241633
0.689130
0.793551
-1.273147
0.677999
0.792960
0.000000
0.000000
0.000000
0.000000
0.000000
0.000000
-1.238761
0.885466
0.700983
-1.223781
0.989191
0.670547
0.000000
0.000000
0.000000
0.000000
0.000000
0.000000
-1.140517
0.827449
0.868583
-1.217568
0.818375
0.794571
0.000000
0.000000
0.000000
0.000000
0.000000
0.000000
-1.107854
0.779032
0.902847
-1.106013
0.563500
0.831551
0.000000
0.000000
0.000000
0.000000
0.000000
0.000000
-1.191747
0.578564
0.607897
-1.078628
0.674972
0.757120
0.000000
0.000000
0.000000
0.000000
0.000000
0.000000
0.000000
0.000000
0.000000
-1.289234
0.519115
0.783234
0.000000
0.000000
0.000000
0.000000
0.000000
0.000000
-1.245061
0.666562
0.783658
-1.248893
0.695897
0.751783
0.000000
0.000000
0.000000
0.000000
0.000000
0.000000
-1.120620
1.177753
0.542496
-1.196564
1.130343
0.511707
0.000000
0.000000
0.000000
0.000000
0.000000
0.000000
0.000000
0.000000
0.000000
-1.212677
1.538315
1.075939
0.000000
0.000000
0.000000
0.000000
0.000000
0.000000
-1.371715
1.192962
0.539803
-1.401312
1.229441
0.537535
0.000000
0.000000
0.000000
0.000000
0.000000
0.000000
-1.023537
0.901292
0.814091
-1.135910
0.605287
0.837614
0.000000
0.000000
0.000000
0.000000
0.000000
0.000000
-1.109401
0.763109
0.696655
-1.001654
0.818460
0.914363
0.000000
0.000000
0.000000
0.000000
0.000000
0.000000
-1.542769
0.692855
0.837118
-1.604659
0.662068
0.825435
0.000000
0.000000
0.000000
0.000000
0.000000
0.000000
-1.306098
0.716454
0.867721
-1.270495
1.070379
0.772058
-1.497713
0.985909
0.679408
-1.476548
1.073285
0.677946
-1.415374
0.890949
0.714178
-1.394453
0.998628
0.711850
0.000000
0.000000
0.000000
0.000000
0.000000
0.000000
-1.090699
0.609445
0.796974
-1.095285
0.663098
0.772040
0.000000
0.000000
0.000000
0.000000
0.000000
0.000000
0.000000
0.000000
0.000000
-0.870822
1.354938
0.707697
0.000000
0.000000
0.000000
0.000000
0.000000
0.000000
-1.458967
0.778833
0.797302
-1.510312
0.749595
0.798737
0.000000
0.000000
0.000000
0.000000
0.000000
0.000000
-1.096321
0.934303
0.719255
-1.097083
0.771735
0.758199
0.000000
0.000000
0.000000
0.000000
0.000000
0.000000
-1.047319
0.647418
0.611846
-0.984034
0.675340
0.818213
0.000000
0.000000
0.000000
0.000000
0.000000
0.000000
-1.292297
0.772121
0.766895
-1.362651
0.661908
0.798974
0.000000
0.000000
0.000000
0.000000
0.000000
0.000000
-1.322110
0.705344
0.758622
-1.366505
0.611295
0.814790
0.000000
0.000000
0.000000
0.000000
0.000000
0.000000
-1.551194
0.508028
0.864673
-1.578680
0.495204
0.867348
0.000000
0.000000
0.000000
0.000000
0.000000
0.000000
-1.397266
1.289024
0.487275
-1.448562
1.304437
0.480320
0.000000
0.000000
0.000000
0.000000
0.000000
0.000000
-1.202878
0.944524
0.651634
-1.299133
0.772427
0.706124
0.000000
0.000000
0.000000
0.000000
0.000000
0.000000
-1.040159
1.075344
0.797638
-1.034356
0.941150
0.675380
0.000000
0.000000
0.000000
0.000000
0.000000
0.000000
0.000000
0.000000
0.000000
-1.374431
0.470933
0.608262
0.000000
0.000000
0.000000
0.000000
0.000000
0.000000
0.000000
0.000000
0.000000
-1.058076
0.802996
0.669775
0.000000
0.000000
0.000000
0.000000
0.000000
0.000000
-1.373324
1.095227
0.665160
-1.413700
1.082666
0.656969
0.000000
0.000000
0.000000
0.000000
0.000000
0.000000
-1.254232
0.825047
0.868955
-1.307552
0.771941
0.872377
0.000000
0.000000
0.000000
0.000000
0.000000
0.000000
-1.207845
0.589441
0.841938
-1.189464
0.689418
0.841919
0.000000
0.000000
0.000000
0.000000
0.000000
0.000000
-1.151236
0.920042
0.763199
-1.215356
0.708087
0.814169
0.000000
0.000000
0.000000
0.000000
0.000000
0.000000
-1.311778
0.865489
0.724557
-1.318959
1.031496
0.715373
0.000000
0.000000
0.000000
0.000000
0.000000
0.000000
-1.281865
0.657149
0.793581
-1.323889
0.631184
0.917274
0.000000
0.000000
0.000000
0.000000
0.000000
0.000000
0.000000
0.000000
0.000000
-0.982222
0.725475
0.936685
0.000000
0.000000
0.000000
0.000000
0.000000
0.000000
-1.373775
0.638999
0.821375
-1.430424
0.608136
0.825145
0.000000
0.000000
0.000000
0.000000
0.000000
0.000000
-1.439610
0.605810
0.838550
-1.470172
0.615836
0.834111
0.000000
0.000000
0.000000
0.000000
0.000000
0.000000
-1.249164
0.725327
0.787397
-1.298950
0.683606
0.799893
0.000000
0.000000
0.000000
0.000000
0.000000
0.000000
-1.112792
0.863770
0.839823
-1.264453
0.617381
0.786931
0.000000
0.000000
0.000000
0.000000
0.000000
0.000000
0.000000
0.000000
0.000000
-1.396125
0.935274
0.752690
0.000000
0.000000
0.000000
0.000000
0.000000
0.000000
-1.202624
0.885170
0.697542
-1.232061
0.790909
0.809723
0.000000
0.000000
0.000000
0.000000
0.000000
0.000000
-1.473994
0.589975
0.792761
-1.499366
0.699889
0.749039
0.000000
0.000000
0.000000
0.000000
0.000000
0.000000
-1.239062
0.726024
0.841541
-1.283029
0.704556
0.792403
0.000000
0.000000
0.000000
0.000000
0.000000
0.000000
0.000000
0.000000
0.000000
-1.291507
0.593859
0.929214
0.000000
0.000000
0.000000
0.000000
0.000000
0.000000
0.000000
0.000000
0.000000
-1.355033
1.357623
0.953449
0.000000
0.000000
0.000000
0.000000
0.000000
0.000000
-1.348356
0.816695
0.881082
-1.375106
0.778926
0.894267
0.000000
0.000000
0.000000
0.000000
0.000000
0.000000
-1.304686
0.696345
0.819114
-1.207049
0.848493
0.700729
0.000000
0.000000
0.000000
0.000000
0.000000
0.000000
-1.200330
0.527743
0.695774
-1.227693
0.646387
0.870855
0.000000
0.000000
0.000000
0.000000
0.000000
0.000000
-1.195075
0.697108
0.616432
-1.107729
0.808959
0.826469
0.000000
0.000000
0.000000
0.000000
0.000000
0.000000
-1.305736
0.734693
0.787102
-1.342735
0.786773
0.752941
0.000000
0.000000
0.000000
0.000000
0.000000
0.000000
-1.208932
1.234657
0.517230
-1.249589
1.147592
0.524839
0.000000
0.000000
0.000000
0.000000
0.000000
0.000000
0.000000
0.000000
0.000000
-1.145389
1.459691
0.718381
0.000000
0.000000
0.000000
0.000000
0.000000
0.000000
-1.615476
0.482936
0.891495
-1.602941
0.555940
0.862187
0.000000
0.000000
0.000000
0.000000
0.000000
0.000000
0.000000
0.000000
0.000000
-0.990164
0.855393
0.713504
0.000000
0.000000
0.000000
0.000000
0.000000
0.000000
-1.336125
0.817572
0.759772
-1.367850
0.816290
0.752040
0.000000
0.000000
0.000000
0.000000
0.000000
0.000000
-1.112591
0.811878
0.655431
-1.150294
0.714491
0.746757
0.000000
0.000000
0.000000
0.000000
0.000000
0.000000
-1.273093
1.071751
0.681095
-1.282153
1.131569
0.658632
0.000000
0.000000
0.000000
0.000000
0.000000
0.000000
-1.291772
0.953079
0.665440
-1.306466
1.072916
0.752032
0.000000
0.000000
0.000000
0.000000
0.000000
0.000000
-0.984355
0.692441
0.760720
-1.077097
0.560607
0.798663
0.000000
0.000000
0.000000
0.000000
0.000000
0.000000
-1.405486
0.929876
0.740077
-1.436472
0.937390
0.733062
0.000000
0.000000
0.000000
0.000000
0.000000
0.000000
-1.326786
0.967418
0.699082
-1.354186
1.058642
0.644301
0.000000
0.000000
0.000000
0.000000
0.000000
0.000000
-1.322053
0.769388
0.789678
-1.333571
0.802080
0.758034
0.000000
0.000000
0.000000
0.000000
0.000000
0.000000
-1.264213
0.969871
0.666701
-1.400554
0.755130
0.806449
0.000000
0.000000
0.000000
0.000000
0.000000
0.000000
-1.551515
0.554592
0.846406
-1.603409
0.511863
0.865056
0.000000
0.000000
0.000000
0.000000
0.000000
0.000000
-1.721407
0.347981
0.891952
-1.742844
0.363524
0.890462
0.000000
0.000000
0.000000
0.000000
0.000000
0.000000
-1.313870
0.687353
0.777605
-1.288925
0.680328
0.809217
0.000000
0.000000
0.000000
0.000000
0.000000
0.000000
-1.128556
0.548539
0.687385
-1.108490
0.738544
0.831047
0.000000
0.000000
0.000000
0.000000
0.000000
0.000000
-1.429896
0.613015
0.822499
-1.441541
0.620750
0.822681
0.000000
0.000000
0.000000
0.000000
0.000000
0.000000
-1.435619
1.063976
0.625907
-1.462651
1.090170
0.658367
0.000000
0.000000
0.000000
0.000000
0.000000
0.000000
0.000000
0.000000
0.000000
-1.233202
0.509405
0.612319
0.000000
0.000000
0.000000
0.000000
0.000000
0.000000
-1.507263
0.407629
0.861260
-1.526264
0.432934
0.872547
0.000000
0.000000
0.000000
0.000000
0.000000
0.000000
-1.189451
0.818999
0.758068
-1.224702
0.842998
0.791682
0.000000
0.000000
0.000000
0.000000
0.000000
0.000000
-1.401955
0.672532
0.878302
-1.470429
0.727359
0.790840
0.000000
0.000000
0.000000
0.000000
0.000000
0.000000
-1.080117
0.977284
0.742217
-1.147137
0.865340
0.814386
-1.354466
0.867020
0.735058
-1.379689
0.859285
0.751375
-1.296093
0.886749
0.725378
-1.307388
0.890798
0.726451
-1.376221
0.848320
0.725170
-1.409076
0.825189
0.753785
-1.355383
0.857113
0.722072
-1.382923
0.832427
0.738939
0.000000
0.000000
0.000000
0.000000
0.000000
0.000000
-1.590249
0.442537
0.865516
-1.620351
0.460664
0.867278
0.000000
0.000000
0.000000
0.000000
0.000000
0.000000
-1.098664
0.953163
0.709588
-1.170189
0.848681
0.620926
0.000000
0.000000
0.000000
0.000000
0.000000
0.000000
-1.334892
0.668037
0.806173
-1.381126
0.679243
0.815057
0.000000
0.000000
0.000000
0.000000
0.000000
0.000000
-1.492882
0.392857
0.631422
-1.303401
0.749696
1.055126
0.000000
0.000000
0.000000
0.000000
0.000000
0.000000
-1.334224
0.980804
0.713121
-1.381130
0.836948
0.742333
0.000000
0.000000
0.000000
0.000000
0.000000
0.000000
-1.376389
0.660831
0.804217
-1.428768
0.664021
0.848201
0.000000
0.000000
0.000000
0.000000
0.000000
0.000000
-1.097085
1.002039
0.561397
-1.154692
0.955183
0.562190
0.000000
0.000000
0.000000
0.000000
0.000000
0.000000
-1.173919
0.913417
0.694371
-1.243926
0.906151
0.712221
0.000000
0.000000
0.000000
0.000000
0.000000
0.000000
-1.256973
0.607232
0.831234
-1.281115
0.580133
0.840695
0.000000
0.000000
0.000000
0.000000
0.000000
0.000000
0.000000
0.000000
0.000000
-1.113188
0.672744
0.780052
0.000000
0.000000
0.000000
0.000000
0.000000
0.000000
0.000000
0.000000
0.000000
-1.537284
0.479841
0.828443
0.000000
0.000000
0.000000
-1.253993
0.828132
0.852850
0.000000
0.000000
0.000000
-1.231569
0.841685
0.852850
0.000000
0.000000
0.000000
0.000000
0.000000
0.000000
-1.272694
0.877522
0.691010
-1.266192
0.944949
0.705475
0.000000
0.000000
0.000000
0.000000
0.000000
0.000000
-1.297993
0.818068
0.769698
-1.318153
0.835644
0.749057
0.000000
0.000000
0.000000
0.000000
0.000000
0.000000
-1.215954
0.972629
0.645859
-1.254267
0.985394
0.646792
0.000000
0.000000
0.000000
0.000000
0.000000
0.000000
-1.276190
0.962570
0.799050
-1.306632
0.793664
0.648105
0.000000
0.000000
0.000000
0.000000
0.000000
0.000000
-1.235316
0.818657
0.691336
-1.252238
1.044137
0.697845
0.000000
0.000000
0.000000
0.000000
0.000000
0.000000
0.000000
0.000000
0.000000
-1.377566
0.692434
0.887275
0.000000
0.000000
0.000000
0.000000
0.000000
0.000000
-1.030023
1.030729
0.696750
-1.119773
0.939758
0.735700
0.000000
0.000000
0.000000
0.000000
0.000000
0.000000
-1.332459
0.979893
0.770067
-1.337010
0.946590
0.740316
-1.293553
0.818649
0.735397
-1.292862
0.802497
0.939052
-1.285236
0.835771
0.735397
-1.287032
0.810408
0.920027
0.000000
0.000000
0.000000
0.000000
0.000000
0.000000
-1.372211
0.722792
0.779684
-1.391008
0.763444
0.777943
0.000000
0.000000
0.000000
0.000000
0.000000
0.000000
-1.026954
0.836977
0.631740
-1.088304
0.891251
0.721224
0.000000
0.000000
0.000000
0.000000
0.000000
0.000000
-1.157218
1.203722
0.622606
-1.255920
1.141651
0.598657
0.000000
0.000000
0.000000
0.000000
0.000000
0.000000
-1.277911
0.565989
0.931988
-1.286516
0.655218
0.860893
0.000000
0.000000
0.000000
0.000000
0.000000
0.000000
-1.128269
0.405707
0.706341
-1.367731
0.279595
0.983489
0.000000
0.000000
0.000000
0.000000
0.000000
0.000000
-1.175189
0.932130
0.717129
-1.233518
0.934644
0.708323
0.000000
0.000000
0.000000
0.000000
0.000000
0.000000
-1.443215
0.526741
0.892610
-1.429661
0.667198
0.912673
0.000000
0.000000
0.000000
0.000000
0.000000
0.000000
-1.319396
0.576118
0.850002
-1.272535
0.723375
0.750703
0.000000
0.000000
0.000000
0.000000
0.000000
0.000000
-1.252647
1.129306
0.735111
-1.334190
1.076438
0.683374
0.000000
0.000000
0.000000
-1.159907
0.714852
0.891298
0.000000
0.000000
0.000000
-1.124707
0.733904
0.891298
0.000000
0.000000
0.000000
0.000000
0.000000
0.000000
-1.383083
0.549814
0.836823
-1.455064
0.502819
0.854232
0.000000
0.000000
0.000000
0.000000
0.000000
0.000000
-1.164343
0.646191
0.749889
-1.181243
0.611369
0.773199
0.000000
0.000000
0.000000
0.000000
0.000000
0.000000
-1.424657
0.421295
0.876393
-1.451873
0.385584
0.876176
0.000000
0.000000
0.000000
0.000000
0.000000
0.000000
-0.910578
1.038886
0.517110
-0.983737
1.034275
0.625108
0.000000
0.000000
0.000000
0.000000
0.000000
0.000000
-1.529926
0.540127
0.839189
-1.543909
0.558615
0.851409
0.000000
0.000000
0.000000
0.000000
0.000000
0.000000
-1.236991
0.849509
0.713974
-1.251348
1.382225
0.566439
0.000000
0.000000
0.000000
0.000000
0.000000
0.000000
-1.269545
0.997471
0.637527
-1.332237
0.954540
0.538263
0.000000
0.000000
0.000000
0.000000
0.000000
0.000000
-1.012323
0.982047
0.711815
-0.994401
1.021699
0.521777
-1.360164
0.861743
0.717830
-1.423101
0.920598
0.741381
-1.337791
0.869898
0.721522
-1.349403
0.977374
0.726291
-1.236563
0.515530
0.703013
-1.173599
0.664712
0.755335
-1.218321
0.530434
0.703013
-1.106613
0.644367
0.755303
0.000000
0.000000
0.000000
0.000000
0.000000
0.000000
-1.233882
1.354488
0.728969
-1.322610
1.435319
0.528235
0.000000
0.000000
0.000000
0.000000
0.000000
0.000000
-1.380954
0.842279
0.740691
-1.385181
0.818456
0.745678
0.000000
0.000000
0.000000
-1.337015
0.649390
0.749054
0.000000
0.000000
0.000000
-1.317550
0.652575
0.749054
0.000000
0.000000
0.000000
0.000000
0.000000
0.000000
0.000000
0.000000
0.000000
-1.373492
0.494494
0.757709
0.000000
0.000000
0.000000
0.000000
0.000000
0.000000
-1.295620
0.924220
0.703609
-1.326060
0.943324
0.704965
0.000000
0.000000
0.000000
0.000000
0.000000
0.000000
-1.393690
0.639985
0.892521
-1.436018
0.539685
0.880353
0.000000
0.000000
0.000000
0.000000
0.000000
0.000000
-1.245385
0.768461
0.759539
-1.290357
0.755943
0.760668
0.000000
0.000000
0.000000
0.000000
0.000000
0.000000
-1.234141
0.585364
0.776782
-1.220415
0.588593
0.810524
0.000000
0.000000
0.000000
0.000000
0.000000
0.000000
-1.145031
1.067501
0.730115
-1.203799
1.045360
0.688289
0.000000
0.000000
0.000000
0.000000
0.000000
0.000000
-1.483854
1.113972
0.735496
-1.447558
1.331513
0.578232
0.000000
0.000000
0.000000
0.000000
0.000000
0.000000
-1.221371
0.616034
0.967570
-1.310268
0.689858
0.864822
0.000000
0.000000
0.000000
0.000000
0.000000
0.000000
-1.245847
0.636108
0.833286
-1.268364
0.691570
0.849931
0.000000
0.000000
0.000000
0.000000
0.000000
0.000000
0.000000
0.000000
0.000000
-1.382077
0.345411
0.898214
0.000000
0.000000
0.000000
0.000000
0.000000
0.000000
-1.320285
0.622466
0.774573
-1.396090
0.427003
0.832433
0.000000
0.000000
0.000000
0.000000
0.000000
0.000000
0.000000
0.000000
0.000000
-1.179570
1.050786
0.582875
0.000000
0.000000
0.000000
0.000000
0.000000
0.000000
-1.051351
1.098127
0.546242
-1.169119
0.941934
0.658413
0.000000
0.000000
0.000000
0.000000
0.000000
0.000000
-1.234043
0.903123
0.707259
-1.238894
0.884999
0.736572
0.000000
0.000000
0.000000
0.000000
0.000000
0.000000
0.000000
0.000000
0.000000
-1.220317
0.725198
0.709442
0.000000
0.000000
0.000000
0.000000
0.000000
0.000000
-1.274109
0.513165
0.692599
-1.383799
0.441489
1.067741
0.000000
0.000000
0.000000
0.000000
0.000000
0.000000
0.000000
0.000000
0.000000
-1.242900
0.469629
0.742321
0.000000
0.000000
0.000000
0.000000
0.000000
0.000000
-0.969559
1.621753
0.719835
-1.125563
1.050834
0.733291
0.000000
0.000000
0.000000
0.000000
0.000000
0.000000
-1.237888
0.926525
0.724425
-1.293312
0.892529
0.709292
0.000000
0.000000
0.000000
0.000000
0.000000
0.000000
-1.457875
0.410321
0.861219
-1.439553
0.372706
0.884059
0.000000
0.000000
0.000000
0.000000
0.000000
0.000000
-1.156167
0.699587
0.759129
-1.207288
0.716150
0.773660
0.000000
0.000000
0.000000
0.000000
0.000000
0.000000
-1.235313
0.918104
0.691698
-1.254359
0.954083
0.695298
-1.090745
0.692784
0.661559
-0.978208
0.827698
0.688971
-1.166614
0.649784
0.649594
-1.013736
0.771132
0.700474
0.000000
0.000000
0.000000
0.000000
0.000000
0.000000
-1.540041
0.606865
0.880292
-1.583405
0.543730
0.850220
0.000000
0.000000
0.000000
0.000000
0.000000
0.000000
-1.200284
0.955703
0.904032
-1.250243
0.829036
0.784684
0.000000
0.000000
0.000000
0.000000
0.000000
0.000000
-1.218686
0.495026
0.604053
-1.113544
0.546856
0.814769
0.000000
0.000000
0.000000
0.000000
0.000000
0.000000
0.000000
0.000000
0.000000
-1.281715
0.570798
0.692604
0.000000
0.000000
0.000000
0.000000
0.000000
0.000000
-1.198565
1.224120
0.500030
-1.278974
1.230970
0.498229
0.000000
0.000000
0.000000
0.000000
0.000000
0.000000
-1.485870
0.663380
0.850441
-1.513251
0.656542
0.826177
0.000000
0.000000
0.000000
0.000000
0.000000
0.000000
-1.406917
0.573981
0.816241
-1.478141
0.568101
0.851079
0.000000
0.000000
0.000000
0.000000
0.000000
0.000000
-1.179920
0.961510
0.650790
-1.229756
0.870645
0.696406
0.000000
0.000000
0.000000
0.000000
0.000000
0.000000
-1.367663
1.039052
0.747391
-1.425952
0.938814
0.733820
0.000000
0.000000
0.000000
0.000000
0.000000
0.000000
-1.258188
0.794071
0.566692
-1.231677
0.934660
0.677471
0.000000
0.000000
0.000000
0.000000
0.000000
0.000000
-1.156025
0.656744
0.800354
-1.163246
0.776395
0.758819
0.000000
0.000000
0.000000
0.000000
0.000000
0.000000
0.000000
0.000000
0.000000
-1.262066
0.737798
0.679130
0.000000
0.000000
0.000000
0.000000
0.000000
0.000000
-1.139125
0.808187
0.813417
-1.086346
0.813397
0.788387
0.000000
0.000000
0.000000
0.000000
0.000000
0.000000
-1.293203
0.644220
0.764823
-1.339013
0.672424
0.911041
0.000000
0.000000
0.000000
0.000000
0.000000
0.000000
-1.213378
0.978788
0.818507
-1.247203
0.960268
0.674381
0.000000
0.000000
0.000000
0.000000
0.000000
0.000000
0.000000
0.000000
0.000000
-1.185323
0.702340
0.796865
0.000000
0.000000
0.000000
0.000000
0.000000
0.000000
-1.254378
0.717499
0.816566
-1.281360
0.554274
0.782500
0.000000
0.000000
0.000000
0.000000
0.000000
0.000000
-1.277199
0.853875
0.791870
-1.363492
0.872542
0.687375
0.000000
0.000000
0.000000
0.000000
0.000000
0.000000
0.000000
0.000000
0.000000
-1.034716
0.763101
0.776629
0.000000
0.000000
0.000000
0.000000
0.000000
0.000000
-1.383238
0.616414
0.816430
-1.393721
0.594977
0.816926
0.000000
0.000000
0.000000
0.000000
0.000000
0.000000
-1.160702
0.913166
0.783101
-1.299480
1.012274
0.696801
0.000000
0.000000
0.000000
0.000000
0.000000
0.000000
-1.260981
1.009516
0.676398
-1.332846
0.879817
0.694819
0.000000
0.000000
0.000000
0.000000
0.000000
0.000000
-1.417531
0.748617
0.827418
-1.456352
0.712381
0.798081
0.000000
0.000000
0.000000
0.000000
0.000000
0.000000
-1.015518
1.223223
0.752294
-1.135656
1.043807
0.677689
0.000000
0.000000
0.000000
0.000000
0.000000
0.000000
-1.384225
1.133252
0.596615
-1.433896
1.116114
0.600831
0.000000
0.000000
0.000000
0.000000
0.000000
0.000000
-1.438985
0.818245
0.768786
-1.467220
0.819587
0.767765
0.000000
0.000000
0.000000
0.000000
0.000000
0.000000
-1.293375
0.800504
0.783647
-1.361894
0.739479
0.769634
-1.275240
0.911225
0.718672
-1.299469
0.904171
0.752823
-1.166781
0.887209
0.692298
-1.187674
0.888139
0.731673
0.000000
0.000000
0.000000
0.000000
0.000000
0.000000
-1.279404
0.722242
0.797930
-1.249782
0.867664
0.722341
0.000000
0.000000
0.000000
0.000000
0.000000
0.000000
-1.234187
1.062569
0.618629
-1.293551
1.000780
0.644582
0.000000
0.000000
0.000000
0.000000
0.000000
0.000000
-1.279293
1.165200
0.507178
-1.314263
1.177292
0.559017
0.000000
0.000000
0.000000
0.000000
0.000000
0.000000
-1.177374
1.072748
0.643832
-1.187052
1.080960
0.677633
-1.325856
0.770906
0.784213
-1.328599
0.764379
0.776474
-1.264493
0.715414
0.796183
-1.256492
0.718161
0.784411
0.000000
0.000000
0.000000
-1.182608
0.950921
0.823248
0.000000
0.000000
0.000000
-1.173802
0.974619
0.823248
0.000000
0.000000
0.000000
0.000000
0.000000
0.000000
-0.985148
0.835259
0.739089
-1.075067
0.759894
0.743889
0.000000
0.000000
0.000000
0.000000
0.000000
0.000000
0.000000
0.000000
0.000000
-1.116978
0.825729
0.857417
0.000000
0.000000
0.000000
0.000000
0.000000
0.000000
-1.219604
0.579619
0.892391
-1.327876
0.470927
0.890455
0.000000
0.000000
0.000000
0.000000
0.000000
0.000000
-1.335351
0.963390
0.694289
-1.379187
0.889343
0.714591
0.000000
0.000000
0.000000
0.000000
0.000000
0.000000
0.000000
0.000000
0.000000
-1.136102
1.101961
0.786425
0.000000
0.000000
0.000000
0.000000
0.000000
0.000000
-1.316351
0.924797
0.689792
-1.347700
0.931465
0.700955
0.000000
0.000000
0.000000
0.000000
0.000000
0.000000
-1.499535
0.487101
0.839125
-1.506472
0.523764
0.853116
0.000000
0.000000
0.000000
0.000000
0.000000
0.000000
-1.311505
0.992308
0.683994
-1.317046
0.998525
0.660435
0.000000
0.000000
0.000000
0.000000
0.000000
0.000000
-1.232926
0.856075
0.619008
-1.226758
0.894989
0.669954
0.000000
0.000000
0.000000
0.000000
0.000000
0.000000
-1.289448
0.681454
0.819142
-1.296318
0.724413
0.807232
0.000000
0.000000
0.000000
0.000000
0.000000
0.000000
-1.282520
0.480316
0.800486
-1.351641
0.439691
0.862557
0.000000
0.000000
0.000000
0.000000
0.000000
0.000000
-1.391910
0.428649
0.712163
-1.476230
0.468994
0.957756
0.000000
0.000000
0.000000
0.000000
0.000000
0.000000
-1.284456
0.555598
0.738936
-1.330084
0.437292
0.865484
0.000000
0.000000
0.000000
0.000000
0.000000
0.000000
-1.119318
0.563452
0.809930
-1.277755
0.470803
0.823916
-1.269445
0.613704
0.821682
-1.264715
0.606903
0.818396
-1.182340
0.704091
0.796400
-1.197138
0.666653
0.797058
0.000000
0.000000
0.000000
0.000000
0.000000
0.000000
0.000000
0.000000
0.000000
-1.090981
0.735255
0.650992
0.000000
0.000000
0.000000
0.000000
0.000000
0.000000
-1.360195
0.772505
0.842123
-1.397962
0.632671
0.781275
0.000000
0.000000
0.000000
0.000000
0.000000
0.000000
-1.671829
0.973715
0.776156
-1.680289
0.903409
0.732886
0.000000
0.000000
0.000000
0.000000
0.000000
0.000000
-1.414485
0.961416
0.703303
-1.430170
0.927555
0.681073
-1.176639
0.607604
0.722557
-1.239802
0.605455
0.768171
-1.162421
0.609509
0.722557
-1.195322
0.625514
0.739350
0.000000
0.000000
0.000000
0.000000
0.000000
0.000000
-1.226311
0.628387
0.803095
-1.302260
0.646573
0.768991
0.000000
0.000000
0.000000
0.000000
0.000000
0.000000
-1.160340
0.852277
0.641676
-1.146735
0.934629
0.615636
0.000000
0.000000
0.000000
0.000000
0.000000
0.000000
-1.093392
0.992354
0.707841
-1.164489
0.836486
0.654066
0.000000
0.000000
0.000000
0.000000
0.000000
0.000000
-1.131578
1.022243
0.819909
-1.258126
0.828732
0.809416
0.000000
0.000000
0.000000
0.000000
0.000000
0.000000
-1.154312
1.222838
0.582699
-1.225048
1.198590
0.532168
-1.171317
0.759413
0.649399
-1.139304
1.039725
0.672024
-1.202740
0.760356
0.653416
-1.165810
1.069296
0.669447
0.000000
0.000000
0.000000
0.000000
0.000000
0.000000
-1.300837
0.617530
0.796903
-1.314374
0.623154
0.812580
0.000000
0.000000
0.000000
0.000000
0.000000
0.000000
-1.188089
0.720700
0.757154
-1.219459
0.594149
0.809546
0.000000
0.000000
0.000000
0.000000
0.000000
0.000000
0.000000
0.000000
0.000000
-1.303649
1.100479
0.725579
0.000000
0.000000
0.000000
0.000000
0.000000
0.000000
-1.108730
0.868789
0.673446
-1.153787
0.827858
0.698428
0.000000
0.000000
0.000000
0.000000
0.000000
0.000000
-1.251477
1.197010
0.774285
-1.310216
1.037029
0.768285
0.000000
0.000000
0.000000
0.000000
0.000000
0.000000
-1.493983
0.861262
0.751285
-1.521567
0.852305
0.756215
0.000000
0.000000
0.000000
0.000000
0.000000
0.000000
-0.908310
0.864209
0.800497
-1.077584
0.680095
0.811178
0.000000
0.000000
0.000000
-1.252332
0.881176
0.707366
0.000000
0.000000
0.000000
-1.200141
0.898372
0.707366
0.000000
0.000000
0.000000
0.000000
0.000000
0.000000
-1.364384
0.429913
0.860748
-1.391588
0.493036
0.872080
0.000000
0.000000
0.000000
0.000000
0.000000
0.000000
-1.173654
1.104520
0.582686
-1.236733
0.978072
0.632776
0.000000
0.000000
0.000000
0.000000
0.000000
0.000000
-1.174621
1.067836
0.601992
-1.183839
1.122156
0.569425
0.000000
0.000000
0.000000
0.000000
0.000000
0.000000
-1.588445
0.447119
0.873015
-1.619790
0.403073
0.913167
0.000000
0.000000
0.000000
0.000000
0.000000
0.000000
-1.395008
0.785784
0.776583
-1.345803
0.817274
0.779668
0.000000
0.000000
0.000000
0.000000
0.000000
0.000000
-1.042349
0.951188
0.751364
-1.186611
0.761479
0.780294
0.000000
0.000000
0.000000
0.000000
0.000000
0.000000
-1.095384
0.682118
0.796280
-1.237859
0.472611
0.935535
0.000000
0.000000
0.000000
0.000000
0.000000
0.000000
-1.351470
0.968008
0.710296
-1.360940
1.001547
0.683222
0.000000
0.000000
0.000000
0.000000
0.000000
0.000000
-1.059829
0.869706
0.698498
-1.231230
0.981213
0.623790
0.000000
0.000000
0.000000
0.000000
0.000000
0.000000
-1.467784
0.559839
0.848347
-1.456222
0.667476
0.823894
0.000000
0.000000
0.000000
0.000000
0.000000
0.000000
0.000000
0.000000
0.000000
-1.260296
0.742709
0.689422
0.000000
0.000000
0.000000
0.000000
0.000000
0.000000
-1.369717
0.909101
0.723917
-1.495350
0.825290
0.755612
0.000000
0.000000
0.000000
0.000000
0.000000
0.000000
0.000000
0.000000
0.000000
-1.130259
1.305975
0.712182
0.000000
0.000000
0.000000
0.000000
0.000000
0.000000
0.000000
0.000000
0.000000
-1.147226
1.328430
0.759268
0.000000
0.000000
0.000000
0.000000
0.000000
0.000000
-1.429021
0.544792
0.808797
-1.434368
0.475305
0.843098
0.000000
0.000000
0.000000
0.000000
0.000000
0.000000
-1.353014
0.596739
0.869397
-1.398120
0.623973
0.772419
0.000000
0.000000
0.000000
0.000000
0.000000
0.000000
-1.287189
0.779616
0.766264
-1.322834
0.804161
0.757249
0.000000
0.000000
0.000000
0.000000
0.000000
0.000000
-1.312503
0.699153
0.785012
-1.311337
0.714956
0.808800
0.000000
0.000000
0.000000
0.000000
0.000000
0.000000
-1.420928
0.612466
0.847349
-1.424634
0.639442
0.817120
0.000000
0.000000
0.000000
0.000000
0.000000
0.000000
-1.219320
1.118889
0.685227
-1.339683
0.810531
0.654905
0.000000
0.000000
0.000000
0.000000
0.000000
0.000000
-1.375681
0.557561
0.873439
-1.458127
0.542155
0.876326
0.000000
0.000000
0.000000
0.000000
0.000000
0.000000
-1.478161
1.138066
0.629761
-1.501146
1.133584
0.637222
0.000000
0.000000
0.000000
0.000000
0.000000
0.000000
-1.296427
0.536634
0.797380
-1.251241
0.588810
0.756831
0.000000
0.000000
0.000000
0.000000
0.000000
0.000000
-1.096836
0.852408
0.676784
-1.158015
0.796680
0.731762
0.000000
0.000000
0.000000
0.000000
0.000000
0.000000
-1.355868
0.915180
0.789475
-1.404645
0.840127
0.736911
0.000000
0.000000
0.000000
0.000000
0.000000
0.000000
-1.411767
0.387920
0.883167
-1.483846
0.363476
0.902372
0.000000
0.000000
0.000000
0.000000
0.000000
0.000000
-1.612056
1.101700
0.670620
-1.638356
1.096845
0.677827
0.000000
0.000000
0.000000
0.000000
0.000000
0.000000
-1.382620
0.861326
0.715671
-1.414787
0.860623
0.750186
0.000000
0.000000
0.000000
0.000000
0.000000
0.000000
-1.203677
0.766512
0.733005
-1.270542
0.746109
0.814956
-1.427689
0.505603
0.840464
-1.470970
0.432978
0.885221
-1.432275
0.511604
0.844543
-1.488250
0.444209
0.889936
0.000000
0.000000
0.000000
0.000000
0.000000
0.000000
0.000000
0.000000
0.000000
-1.237942
0.905125
0.819631
0.000000
0.000000
0.000000
0.000000
0.000000
0.000000
-1.373955
0.508336
0.659354
-1.254090
0.805079
0.896529
0.000000
0.000000
0.000000
0.000000
0.000000
0.000000
-1.296109
0.510122
0.728199
-1.161742
0.511413
0.800421
0.000000
0.000000
0.000000
0.000000
0.000000
0.000000
-1.109169
0.782501
0.699534
-1.077629
1.012424
0.639230
0.000000
0.000000
0.000000
0.000000
0.000000
0.000000
-1.219551
1.121192
0.614182
-1.263547
1.059457
0.640492
0.000000
0.000000
0.000000
0.000000
0.000000
0.000000
-1.071046
1.081540
0.747292
-1.160054
1.053435
0.663909
0.000000
0.000000
0.000000
0.000000
0.000000
0.000000
-1.144974
0.775726
0.742745
-1.149231
0.950878
0.713310
0.000000
0.000000
0.000000
0.000000
0.000000
0.000000
-1.091038
1.359462
0.889091
-1.270655
1.102842
0.742150
0.000000
0.000000
0.000000
0.000000
0.000000
0.000000
-1.391616
0.860731
0.685470
-1.352311
1.064885
0.842128
0.000000
0.000000
0.000000
0.000000
0.000000
0.000000
-1.257406
0.842058
0.770088
-1.284271
0.856659
0.769387
0.000000
0.000000
0.000000
0.000000
0.000000
0.000000
-1.398359
0.505004
0.778731
-1.374902
0.624976
0.862982
0.000000
0.000000
0.000000
0.000000
0.000000
0.000000
0.000000
0.000000
0.000000
-1.151075
0.488541
0.714418
0.000000
0.000000
0.000000
0.000000
0.000000
0.000000
-1.362720
0.371178
0.701911
-1.347548
0.480570
1.082272
0.000000
0.000000
0.000000
0.000000
0.000000
0.000000
-1.260816
1.350563
0.789218
-1.328141
1.106279
0.600217
0.000000
0.000000
0.000000
0.000000
0.000000
0.000000
-1.218491
0.630392
0.865012
-1.263956
0.664017
0.815531
0.000000
0.000000
0.000000
0.000000
0.000000
0.000000
-1.345112
0.564140
0.711241
-1.253129
0.830246
0.823118
0.000000
0.000000
0.000000
0.000000
0.000000
0.000000
-1.248810
0.678187
0.795804
-1.304764
0.662238
0.798538
0.000000
0.000000
0.000000
0.000000
0.000000
0.000000
-1.016953
0.957013
0.719085
-1.025230
0.891957
0.688314
-1.138633
0.641699
0.706762
-1.177955
0.574759
0.760186
-1.170055
0.594550
0.705676
-1.168440
0.569001
0.806360
0.000000
0.000000
0.000000
0.000000
0.000000
0.000000
-1.272263
0.607130
0.727023
-1.349253
0.486310
0.784283
0.000000
0.000000
0.000000
0.000000
0.000000
0.000000
-1.434937
0.553774
0.835910
-1.452338
0.561056
0.840000
0.000000
0.000000
0.000000
0.000000
0.000000
0.000000
-1.353472
0.778142
0.792257
-1.315318
0.895263
0.755571
0.000000
0.000000
0.000000
-1.026933
0.619200
0.776612
0.000000
0.000000
0.000000
-1.012652
0.628376
0.776612
0.000000
0.000000
0.000000
0.000000
0.000000
0.000000
0.000000
0.000000
0.000000
-1.255247
1.253699
0.625924
0.000000
0.000000
0.000000
0.000000
0.000000
0.000000
-1.239602
0.923128
0.680464
-1.324986
0.843818
0.707213
0.000000
0.000000
0.000000
0.000000
0.000000
0.000000
-0.796928
1.215891
0.641792
-0.892318
0.976699
0.510263
0.000000
0.000000
0.000000
0.000000
0.000000
0.000000
-1.191182
1.021678
0.657584
-1.234122
1.135561
0.635644
0.000000
0.000000
0.000000
0.000000
0.000000
0.000000
-1.202789
0.841915
0.795200
-1.245038
0.901546
0.747420
0.000000
0.000000
0.000000
0.000000
0.000000
0.000000
-1.258149
0.714041
0.813888
-1.363712
0.584542
0.808937
0.000000
0.000000
0.000000
0.000000
0.000000
0.000000
0.000000
0.000000
0.000000
-1.331422
0.431881
0.694620
0.000000
0.000000
0.000000
0.000000
0.000000
0.000000
0.000000
0.000000
0.000000
-1.111620
0.775629
0.681997
-1.082763
0.940980
0.734948
-1.104047
0.795650
0.718130
-1.086072
0.948043
0.736529
-1.099588
0.796740
0.709243
0.000000
0.000000
0.000000
0.000000
0.000000
0.000000
0.000000
0.000000
0.000000
-1.261839
0.498306
0.958366
0.000000
0.000000
0.000000
0.000000
0.000000
0.000000
0.000000
0.000000
0.000000
-1.165361
0.742322
0.630839
0.000000
0.000000
0.000000
0.000000
0.000000
0.000000
-1.409790
0.452766
0.869027
-1.444778
0.416627
0.867461
0.000000
0.000000
0.000000
0.000000
0.000000
0.000000
0.000000
0.000000
0.000000
-1.327243
1.376830
0.886222
0.000000
0.000000
0.000000
0.000000
0.000000
0.000000
-1.361179
0.824532
0.782796
-1.389526
0.827696
0.754783
0.000000
0.000000
0.000000
0.000000
0.000000
0.000000
-1.157186
0.629226
0.740280
-1.152089
0.603346
0.664578
0.000000
0.000000
0.000000
0.000000
0.000000
0.000000
-1.588061
0.266259
0.928927
-1.567499
0.276093
0.914348
0.000000
0.000000
0.000000
0.000000
0.000000
0.000000
-1.208372
1.180750
0.844096
-1.296075
0.824656
0.710719
0.000000
0.000000
0.000000
0.000000
0.000000
0.000000
-1.286255
1.302354
0.503683
-1.340319
1.294319
0.484520
0.000000
0.000000
0.000000
0.000000
0.000000
0.000000
-1.186647
0.868422
0.587089
-1.233865
1.068724
0.600858
0.000000
0.000000
0.000000
0.000000
0.000000
0.000000
-1.216239
0.958879
0.664388
-1.279912
0.863615
0.697318
0.000000
0.000000
0.000000
0.000000
0.000000
0.000000
-1.176228
0.596317
0.681914
-1.156167
0.673015
0.948035
0.000000
0.000000
0.000000
0.000000
0.000000
0.000000
-1.298785
0.607632
0.964077
-1.305029
0.547268
0.856970
0.000000
0.000000
0.000000
0.000000
0.000000
0.000000
-1.440670
0.537123
0.870756
-1.462060
0.565337
0.852854
0.000000
0.000000
0.000000
0.000000
0.000000
0.000000
-1.442816
0.869698
0.736511
-1.467543
0.843181
0.748759
0.000000
0.000000
0.000000
0.000000
0.000000
0.000000
-1.387279
0.819939
0.762892
-1.414524
0.829869
0.781270
0.000000
0.000000
0.000000
0.000000
0.000000
0.000000
-1.288492
0.837062
0.700953
-1.333045
0.828734
0.748844
0.000000
0.000000
0.000000
0.000000
0.000000
0.000000
-1.309258
0.668927
0.791371
-1.370436
0.687703
0.795688
0.000000
0.000000
0.000000
0.000000
0.000000
0.000000
-0.901866
0.918515
0.855600
-1.140231
0.671478
0.732347
0.000000
0.000000
0.000000
0.000000
0.000000
0.000000
-1.565443
0.548332
0.871565
-1.642039
0.456638
0.877697
0.000000
0.000000
0.000000
0.000000
0.000000
0.000000
-1.791705
0.494434
0.872337
-1.816714
0.502116
0.872295
0.000000
0.000000
0.000000
0.000000
0.000000
0.000000
-1.246312
1.112542
0.786569
-1.298524
0.830643
0.657129
0.000000
0.000000
0.000000
0.000000
0.000000
0.000000
0.000000
0.000000
0.000000
-1.303220
0.491783
0.647014
0.000000
0.000000
0.000000
0.000000
0.000000
0.000000
-1.186458
0.674194
0.704759
-1.346158
0.548316
0.815716
0.000000
0.000000
0.000000
0.000000
0.000000
0.000000
-1.106895
1.111923
0.660718
-1.175107
1.092364
0.562174
0.000000
0.000000
0.000000
0.000000
0.000000
0.000000
-1.317295
0.957620
0.742021
-1.409448
0.723959
0.755923
0.000000
0.000000
0.000000
0.000000
0.000000
0.000000
-1.200027
0.889665
0.678073
-1.353714
0.833851
0.808899
0.000000
0.000000
0.000000
0.000000
0.000000
0.000000
0.000000
0.000000
0.000000
-0.899321
2.007763
0.694660
0.000000
0.000000
0.000000
0.000000
0.000000
0.000000
-1.232652
0.781911
0.642109
-1.312177
0.807147
0.715062
0.000000
0.000000
0.000000
0.000000
0.000000
0.000000
0.000000
0.000000
0.000000
-0.935799
2.087503
0.906325
0.000000
0.000000
0.000000
0.000000
0.000000
0.000000
-1.185451
0.826351
0.739051
-1.231003
0.816581
0.750657
0.000000
0.000000
0.000000
0.000000
0.000000
0.000000
-1.310732
0.646890
0.784362
-1.279217
0.753813
0.749930
0.000000
0.000000
0.000000
0.000000
0.000000
0.000000
0.000000
0.000000
0.000000
-1.224951
0.508684
0.653854
0.000000
0.000000
0.000000
0.000000
0.000000
0.000000
-1.443011
0.558067
0.841923
-1.374842
0.618642
0.815767
-1.020080
1.169442
0.693215
-1.165783
1.107257
0.546466
-0.998570
1.244121
0.630206
-1.118773
1.195666
0.465532
0.000000
0.000000
0.000000
0.000000
0.000000
0.000000
-1.417010
0.556977
0.805220
-1.406446
0.575027
0.912255
0.000000
0.000000
0.000000
0.000000
0.000000
0.000000
-1.262235
0.943682
0.668644
-1.294231
0.965514
0.670298
0.000000
0.000000
0.000000
0.000000
0.000000
0.000000
-1.398237
0.783966
0.769909
-1.451950
0.761846
0.782283
0.000000
0.000000
0.000000
0.000000
0.000000
0.000000
-0.909922
1.109308
0.803268
-0.973451
0.775685
0.773330
0.000000
0.000000
0.000000
0.000000
0.000000
0.000000
-1.171669
1.080318
0.530011
-1.213983
1.034271
0.582505
-1.040807
0.732192
0.737598
-0.984262
0.736502
0.842520
-1.043671
0.732371
0.737598
-0.980604
0.739077
0.842520
0.000000
0.000000
0.000000
0.000000
0.000000
0.000000
0.000000
0.000000
0.000000
-1.081068
0.718001
0.845687
0.000000
0.000000
0.000000
0.000000
0.000000
0.000000
-1.416047
0.730586
0.789973
-1.451300
0.737849
0.789903
0.000000
0.000000
0.000000
0.000000
0.000000
0.000000
0.000000
0.000000
0.000000
-1.290998
0.686567
0.917408
0.000000
0.000000
0.000000
0.000000
0.000000
0.000000
0.000000
0.000000
0.000000
-0.988172
0.924697
0.758527
0.000000
0.000000
0.000000
0.000000
0.000000
0.000000
0.000000
0.000000
0.000000
-1.341311
0.630703
0.885318
0.000000
0.000000
0.000000
0.000000
0.000000
0.000000
0.000000
0.000000
0.000000
-1.112721
0.693913
0.614500
0.000000
0.000000
0.000000
0.000000
0.000000
0.000000
-1.370573
0.754405
0.734368
-1.420620
0.692413
0.786510
0.000000
0.000000
0.000000
0.000000
0.000000
0.000000
-1.272458
0.830850
0.776400
-1.278606
0.837847
0.714405
-1.402355
1.111678
0.589494
-1.431241
1.093606
0.632519
-1.308204
1.178533
0.538972
-1.335173
1.172011
0.559770
0.000000
0.000000
0.000000
0.000000
0.000000
0.000000
-1.298729
0.627165
0.677823
-1.266657
0.756581
0.691615
0.000000
0.000000
0.000000
0.000000
0.000000
0.000000
-1.333114
0.693480
0.812521
-1.372031
0.714765
0.777640
0.000000
0.000000
0.000000
0.000000
0.000000
0.000000
-1.196872
0.924435
0.741490
-1.148880
1.079064
0.693514
0.000000
0.000000
0.000000
0.000000
0.000000
0.000000
-1.316889
0.468323
0.826867
-1.389997
0.466413
0.868383
0.000000
0.000000
0.000000
0.000000
0.000000
0.000000
-1.222415
0.972582
0.719863
-1.264490
1.034724
0.719983
0.000000
0.000000
0.000000
0.000000
0.000000
0.000000
0.000000
0.000000
0.000000
-1.117612
0.509569
0.893551
0.000000
0.000000
0.000000
0.000000
0.000000
0.000000
-1.448146
0.455186
0.884396
-1.471740
0.499590
0.859978
-1.156708
1.202761
0.925192
-1.246986
1.121356
0.820767
-1.082126
1.220219
0.980571
-1.199319
1.084291
0.848374
0.000000
0.000000
0.000000
0.000000
0.000000
0.000000
-1.145384
0.812478
0.660738
-1.177149
0.705286
0.777752
-1.271363
0.912133
0.878049
-1.062121
1.194253
0.760083
-1.259357
0.914457
0.878049
-1.055623
1.178533
0.760083
0.000000
0.000000
0.000000
0.000000
0.000000
0.000000
-1.417473
0.656991
0.844102
-1.492043
0.718382
0.980999
0.000000
0.000000
0.000000
0.000000
0.000000
0.000000
-1.076646
1.055815
0.864153
-1.239643
0.740437
0.787600
0.000000
0.000000
0.000000
0.000000
0.000000
0.000000
-0.969750
1.180168
0.571713
-1.061132
1.193629
0.544911
0.000000
0.000000
0.000000
0.000000
0.000000
0.000000
-1.108947
1.055104
0.934554
-1.238692
0.827592
0.960128
0.000000
0.000000
0.000000
0.000000
0.000000
0.000000
-0.958673
1.299524
0.661606
-1.076798
0.948904
0.645878
-1.413540
0.483359
0.697733
-1.390095
0.693200
0.850829
-1.372426
0.496298
0.697733
-1.355461
0.636941
0.858621
0.000000
0.000000
0.000000
0.000000
0.000000
0.000000
-1.425821
0.584180
0.803997
-1.396679
0.523976
0.858124
0.000000
0.000000
0.000000
0.000000
0.000000
0.000000
0.000000
0.000000
0.000000
-1.110555
0.728805
0.685863
0.000000
0.000000
0.000000
0.000000
0.000000
0.000000
-1.282329
0.834807
0.724037
-1.367195
0.974170
0.626176
0.000000
0.000000
0.000000
0.000000
0.000000
0.000000
-1.214230
0.882307
0.737518
-1.288081
0.915494
0.715903
0.000000
0.000000
0.000000
0.000000
0.000000
0.000000
-1.360153
0.592128
0.750901
-1.430067
0.656009
0.809218
0.000000
0.000000
0.000000
0.000000
0.000000
0.000000
0.000000
0.000000
0.000000
-1.139304
0.790688
0.758030
0.000000
0.000000
0.000000
0.000000
0.000000
0.000000
-1.313678
1.014692
0.770364
-1.368591
0.976023
0.713787
0.000000
0.000000
0.000000
0.000000
0.000000
0.000000
-1.170700
0.982792
0.640967
-1.223296
0.991057
0.677029
0.000000
0.000000
0.000000
0.000000
0.000000
0.000000
-1.156025
0.600145
0.863256
-1.243383
0.732668
0.831903
0.000000
0.000000
0.000000
0.000000
0.000000
0.000000
0.000000
0.000000
0.000000
-1.141210
1.184092
0.597388
-1.058180
0.965392
0.618643
-1.040035
0.840652
0.588238
-1.013341
0.967349
0.585970
-0.984248
0.798588
0.613618
0.000000
0.000000
0.000000
0.000000
0.000000
0.000000
-1.247487
0.843023
0.767469
-1.319823
0.854796
0.704417
0.000000
0.000000
0.000000
0.000000
0.000000
0.000000
-1.273645
0.850028
0.722753
-1.315538
0.810615
0.725149
0.000000
0.000000
0.000000
0.000000
0.000000
0.000000
-1.537185
0.369455
0.903635
-1.538724
0.364336
0.886181
0.000000
0.000000
0.000000
0.000000
0.000000
0.000000
0.000000
0.000000
0.000000
-1.320326
0.739002
0.710056
0.000000
0.000000
0.000000
0.000000
0.000000
0.000000
-1.385708
0.857933
0.796095
-1.462125
0.738779
0.791203
0.000000
0.000000
0.000000
0.000000
0.000000
0.000000
-1.495610
0.422763
0.951204
-1.435441
0.624469
0.861342
0.000000
0.000000
0.000000
0.000000
0.000000
0.000000
-1.409127
0.978113
0.720438
-1.452602
0.928026
0.722058
0.000000
0.000000
0.000000
0.000000
0.000000
0.000000
-1.485753
0.811443
0.796505
-1.537388
0.881645
0.785086
0.000000
0.000000
0.000000
0.000000
0.000000
0.000000
-1.156858
0.908988
0.755010
-1.184085
1.079714
0.661963
0.000000
0.000000
0.000000
0.000000
0.000000
0.000000
-1.208570
0.847446
0.759259
-1.208667
1.012222
0.740665
0.000000
0.000000
0.000000
0.000000
0.000000
0.000000
-1.328925
0.846824
0.680176
-1.362595
0.920454
0.714353
0.000000
0.000000
0.000000
0.000000
0.000000
0.000000
0.000000
0.000000
0.000000
-1.143984
0.715533
0.777310
0.000000
0.000000
0.000000
0.000000
0.000000
0.000000
-1.339127
0.978135
0.671653
-1.366354
1.135579
0.585993
0.000000
0.000000
0.000000
0.000000
0.000000
0.000000
-1.115710
0.917797
0.735108
-1.164842
0.885246
0.676090
0.000000
0.000000
0.000000
0.000000
0.000000
0.000000
0.000000
0.000000
0.000000
-1.250728
0.833045
0.727071
0.000000
0.000000
0.000000
0.000000
0.000000
0.000000
-1.269163
0.762409
0.837752
-1.347398
0.669363
0.738236
0.000000
0.000000
0.000000
0.000000
0.000000
0.000000
-1.434390
0.912184
0.824654
-1.392151
1.096674
0.738069
0.000000
0.000000
0.000000
0.000000
0.000000
0.000000
0.000000
0.000000
0.000000
-1.195616
0.732347
0.977030
0.000000
0.000000
0.000000
0.000000
0.000000
0.000000
0.000000
0.000000
0.000000
-1.278079
0.637853
0.700412
0.000000
0.000000
0.000000
0.000000
0.000000
0.000000
-1.496246
0.723830
0.821044
-1.544669
0.736038
0.854013
0.000000
0.000000
0.000000
0.000000
0.000000
0.000000
-1.647479
0.293788
0.898560
-1.628213
0.313770
0.889656
0.000000
0.000000
0.000000
0.000000
0.000000
0.000000
-1.126701
0.809898
0.736162
-1.208271
0.802722
0.745824
0.000000
0.000000
0.000000
0.000000
0.000000
0.000000
-1.359905
0.786080
0.810548
-1.405907
0.790763
0.774981
0.000000
0.000000
0.000000
0.000000
0.000000
0.000000
-1.430950
0.661496
0.846416
-1.473180
0.603384
0.823958
0.000000
0.000000
0.000000
0.000000
0.000000
0.000000
-1.439934
0.470446
0.857977
-1.470323
0.469424
0.854586
0.000000
0.000000
0.000000
0.000000
0.000000
0.000000
-1.266133
1.043354
0.639338
-1.306505
1.021846
0.631256
0.000000
0.000000
0.000000
0.000000
0.000000
0.000000
-1.410944
0.694596
0.814708
-1.451208
0.674698
0.799391
0.000000
0.000000
0.000000
0.000000
0.000000
0.000000
-1.410455
0.487424
0.854901
-1.430796
0.503710
0.850615
-1.102666
1.071636
0.674202
-1.136410
1.128106
0.602447
-1.098022
1.046345
0.686087
-1.112388
1.108878
0.622171
0.000000
0.000000
0.000000
0.000000
0.000000
0.000000
-1.324712
0.404482
0.656139
-1.194128
0.574346
0.964764
0.000000
0.000000
0.000000
0.000000
0.000000
0.000000
-1.405700
0.764209
0.817800
-1.480821
0.722810
0.888178
0.000000
0.000000
0.000000
0.000000
0.000000
0.000000
0.000000
0.000000
0.000000
-0.894664
0.901671
0.830628
0.000000
0.000000
0.000000
0.000000
0.000000
0.000000
-1.233306
2.029766
0.742491
-1.403666
1.292085
0.671634
0.000000
0.000000
0.000000
0.000000
0.000000
0.000000
0.000000
0.000000
0.000000
-1.323438
0.517374
0.710553
-1.554179
0.717548
0.840544
-1.593180
0.694979
0.849533
-1.487583
0.693387
0.862572
-1.562777
0.597612
0.867160
0.000000
0.000000
0.000000
0.000000
0.000000
0.000000
-1.293715
0.978625
0.686245
-1.360375
0.900854
0.699527
0.000000
0.000000
0.000000
0.000000
0.000000
0.000000
-1.498983
0.413800
0.873739
-1.525326
0.423188
0.874910
0.000000
0.000000
0.000000
0.000000
0.000000
0.000000
-1.608227
0.392108
0.780325
-1.375695
0.596410
0.834807
0.000000
0.000000
0.000000
0.000000
0.000000
0.000000
-1.422179
1.150762
0.574757
-1.431900
1.222213
0.592007
0.000000
0.000000
0.000000
0.000000
0.000000
0.000000
0.000000
0.000000
0.000000
-1.154432
0.792272
0.677581
0.000000
0.000000
0.000000
0.000000
0.000000
0.000000
-1.240339
0.538383
0.809377
-1.299429
0.518534
0.832962
0.000000
0.000000
0.000000
0.000000
0.000000
0.000000
-1.193935
0.825823
0.634342
-1.183930
0.838091
0.631345
0.000000
0.000000
0.000000
0.000000
0.000000
0.000000
0.000000
0.000000
0.000000
-1.302935
0.601388
0.657740
0.000000
0.000000
0.000000
0.000000
0.000000
0.000000
-1.431731
0.489527
0.744929
-1.379058
0.482933
0.904601
0.000000
0.000000
0.000000
0.000000
0.000000
0.000000
-1.166962
1.035329
0.803001
-1.235464
0.850053
0.746984
0.000000
0.000000
0.000000
0.000000
0.000000
0.000000
-1.166109
0.615358
0.686561
-1.223634
0.732022
0.888970
0.000000
0.000000
0.000000
0.000000
0.000000
0.000000
0.000000
0.000000
0.000000
-1.366327
0.483101
0.729645
0.000000
0.000000
0.000000
0.000000
0.000000
0.000000
-1.150634
0.741089
0.747516
-1.199566
0.763586
0.752009
0.000000
0.000000
0.000000
0.000000
0.000000
0.000000
0.000000
0.000000
0.000000
-0.924827
1.035952
0.949984
0.000000
0.000000
0.000000
0.000000
0.000000
0.000000
-1.321979
0.555239
0.931040
-1.214871
1.046843
0.800200
0.000000
0.000000
0.000000
0.000000
0.000000
0.000000
-1.221147
1.012809
0.752041
-1.268671
0.911994
0.759252
0.000000
0.000000
0.000000
0.000000
0.000000
0.000000
-1.213366
0.396664
0.860440
-1.204153
0.405191
0.846383
0.000000
0.000000
0.000000
0.000000
0.000000
0.000000
-1.080372
0.980870
0.724443
-1.151200
1.065297
0.583537
0.000000
0.000000
0.000000
0.000000
0.000000
0.000000
-1.342690
0.792603
0.850243
-1.356845
0.916214
0.752066
0.000000
0.000000
0.000000
0.000000
0.000000
0.000000
-1.138851
0.759307
0.836970
-1.206693
0.712369
0.758150
0.000000
0.000000
0.000000
0.000000
0.000000
0.000000
-1.144743
0.785064
0.829296
-1.244308
0.817306
0.849358
0.000000
0.000000
0.000000
0.000000
0.000000
0.000000
-1.173399
0.578237
0.927844
-1.083400
0.753031
0.819639
0.000000
0.000000
0.000000
0.000000
0.000000
0.000000
-1.224614
0.680800
0.891201
-1.368694
0.513974
0.823484
0.000000
0.000000
0.000000
0.000000
0.000000
0.000000
-1.211721
0.708757
0.765805
-1.249213
0.838751
0.725800
0.000000
0.000000
0.000000
0.000000
0.000000
0.000000
-1.626461
0.548858
0.866126
-1.642439
0.566711
0.860819
0.000000
0.000000
0.000000
0.000000
0.000000
0.000000
-1.128097
0.886803
0.828434
-1.280890
0.728101
0.757521
0.000000
0.000000
0.000000
0.000000
0.000000
0.000000
-1.426882
0.577042
0.770495
-1.459712
0.523501
0.846369
0.000000
0.000000
0.000000
0.000000
0.000000
0.000000
-1.232601
0.838487
0.728304
-1.271194
0.772066
0.730564
0.000000
0.000000
0.000000
0.000000
0.000000
0.000000
-1.260255
1.221283
0.530645
-1.304961
1.107278
0.607368
0.000000
0.000000
0.000000
0.000000
0.000000
0.000000
-1.120859
1.292676
0.577719
-1.252699
0.935299
0.536475
0.000000
0.000000
0.000000
0.000000
0.000000
0.000000
-0.903297
1.395323
0.619854
-1.016015
1.062981
0.562083
0.000000
0.000000
0.000000
0.000000
0.000000
0.000000
-1.377873
0.671615
0.811828
-1.419410
0.663870
0.815678
0.000000
0.000000
0.000000
0.000000
0.000000
0.000000
-1.417630
0.721016
0.857855
-1.433464
0.779635
0.793192
0.000000
0.000000
0.000000
0.000000
0.000000
0.000000
-1.216832
0.935676
0.704005
-1.262796
0.968571
0.684702
-1.423940
0.560623
0.865067
-1.516107
0.554803
0.891217
-1.345396
0.595131
0.819354
-1.439442
0.509857
0.899409
0.000000
0.000000
0.000000
0.000000
0.000000
0.000000
-1.263388
0.569381
0.808187
-1.228179
0.592006
0.784812
0.000000
0.000000
0.000000
0.000000
0.000000
0.000000
-1.282643
0.624127
0.740756
-1.349200
0.602828
0.802407
0.000000
0.000000
0.000000
0.000000
0.000000
0.000000
-1.170626
0.688655
0.700291
-1.423638
0.498596
0.947484
0.000000
0.000000
0.000000
0.000000
0.000000
0.000000
0.000000
0.000000
0.000000
-1.174920
0.678444
0.741422
0.000000
0.000000
0.000000
0.000000
0.000000
0.000000
-1.357510
0.568774
0.837945
-1.309416
0.584221
0.805175
0.000000
0.000000
0.000000
-1.018322
0.628723
0.820862
0.000000
0.000000
0.000000
-1.014164
0.629236
0.820862
0.000000
0.000000
0.000000
0.000000
0.000000
0.000000
-1.432907
0.986208
0.673199
-1.450660
1.013213
0.703841
0.000000
0.000000
0.000000
0.000000
0.000000
0.000000
-1.097002
0.954044
0.759809
-1.124889
1.100184
0.615222
0.000000
0.000000
0.000000
0.000000
0.000000
0.000000
-1.272482
0.717456
0.752046
-1.233096
0.846762
0.784313
0.000000
0.000000
0.000000
0.000000
0.000000
0.000000
-1.464709
0.515424
0.831010
-1.535640
0.472687
0.873995
0.000000
0.000000
0.000000
0.000000
0.000000
0.000000
-1.326653
0.420873
0.880412
-1.338779
0.393545
0.881880
0.000000
0.000000
0.000000
0.000000
0.000000
0.000000
-1.131388
1.138002
0.666337
-1.217527
1.367163
0.700295
0.000000
0.000000
0.000000
0.000000
0.000000
0.000000
-1.139666
1.078022
0.684557
-1.199907
1.022907
0.728511
0.000000
0.000000
0.000000
0.000000
0.000000
0.000000
-1.057749
1.297062
0.678945
-1.254205
0.839129
0.619213
0.000000
0.000000
0.000000
0.000000
0.000000
0.000000
-1.073616
0.699789
0.687602
-0.945288
1.012721
0.892077
0.000000
0.000000
0.000000
0.000000
0.000000
0.000000
-1.326551
0.554016
0.833033
-1.365887
0.578631
0.839914
0.000000
0.000000
0.000000
0.000000
0.000000
0.000000
-1.420373
0.772572
0.786350
-1.427832
0.821790
0.770441
0.000000
0.000000
0.000000
0.000000
0.000000
0.000000
-1.478216
1.000395
0.679632
-1.488035
0.999083
0.709895
0.000000
0.000000
0.000000
0.000000
0.000000
0.000000
-1.459392
1.059269
0.737842
-1.525403
1.138693
0.669238
0.000000
0.000000
0.000000
0.000000
0.000000
0.000000
-1.656740
0.630064
0.840729
-1.677462
0.653977
0.846959
0.000000
0.000000
0.000000
0.000000
0.000000
0.000000
-1.403697
0.564907
0.846445
-1.415254
0.592971
0.833208
0.000000
0.000000
0.000000
0.000000
0.000000
0.000000
-1.337619
0.555344
0.832463
-1.389100
0.550217
0.835689
-1.283068
0.624845
0.838461
-1.309804
0.692247
0.848993
-1.306870
0.566974
0.853195
-1.250293
0.699515
0.855086
0.000000
0.000000
0.000000
0.000000
0.000000
0.000000
-1.734339
0.592282
0.938199
-1.764921
0.609612
0.870417
0.000000
0.000000
0.000000
0.000000
0.000000
0.000000
-1.280467
0.476143
0.787281
-1.333624
0.500573
0.825917
0.000000
0.000000
0.000000
0.000000
0.000000
0.000000
0.000000
0.000000
0.000000
-1.250765
0.447548
0.692471
0.000000
0.000000
0.000000
-1.075098
1.007910
0.633504
0.000000
0.000000
0.000000
-1.178379
0.832525
0.637361
0.000000
0.000000
0.000000
0.000000
0.000000
0.000000
-0.927932
1.015484
0.670679
-1.035771
0.934301
0.717889
0.000000
0.000000
0.000000
0.000000
0.000000
0.000000
-1.385236
0.727915
0.745602
-1.205451
1.303443
0.707136
0.000000
0.000000
0.000000
0.000000
0.000000
0.000000
-1.383190
1.185360
0.913859
-1.460524
0.893350
0.809371
0.000000
0.000000
0.000000
0.000000
0.000000
0.000000
-1.522434
0.688513
0.814358
-1.552119
0.682792
0.820407
0.000000
0.000000
0.000000
0.000000
0.000000
0.000000
0.000000
0.000000
0.000000
-1.021991
0.762110
0.647691
0.000000
0.000000
0.000000
0.000000
0.000000
0.000000
-1.078848
0.992979
0.650460
-1.300760
0.805917
0.699680
0.000000
0.000000
0.000000
0.000000
0.000000
0.000000
-1.202167
0.404811
0.893162
-1.161556
0.476498
0.862986
0.000000
0.000000
0.000000
0.000000
0.000000
0.000000
0.000000
0.000000
0.000000
-1.164658
1.038579
0.902757
-1.681035
0.519232
1.018213
-1.680196
0.494785
0.893614
-1.695133
0.488565
0.952737
-1.648458
0.508950
0.887011
-1.301246
0.700184
0.807033
-1.309434
0.720465
0.781103
-1.392658
0.579560
0.876975
-1.369587
0.596212
0.845517
0.000000
0.000000
0.000000
0.000000
0.000000
0.000000
-1.139638
0.851320
0.619613
-1.175618
0.748026
0.717942
0.000000
0.000000
0.000000
0.000000
0.000000
0.000000
0.000000
0.000000
0.000000
-1.202797
0.602479
0.792875
0.000000
0.000000
0.000000
0.000000
0.000000
0.000000
-1.350343
1.172069
0.605025
-1.380157
1.161655
0.577374
0.000000
0.000000
0.000000
0.000000
0.000000
0.000000
-1.105298
1.066255
0.762118
-1.175274
1.029478
0.751591
0.000000
0.000000
0.000000
0.000000
0.000000
0.000000
-1.236942
1.011576
0.630343
-1.313201
0.979483
0.649644
0.000000
0.000000
0.000000
0.000000
0.000000
0.000000
-1.251301
0.759931
0.786894
-1.259244
0.748567
0.759851
0.000000
0.000000
0.000000
0.000000
0.000000
0.000000
-1.085652
1.137911
0.680595
-1.165337
1.297282
0.581712
-1.221373
0.787739
0.676043
-1.197446
1.106861
0.684356
-1.260890
0.802228
0.676043
-1.216794
1.115381
0.667649
0.000000
0.000000
0.000000
0.000000
0.000000
0.000000
-1.485209
0.555105
0.849690
-1.482285
0.596358
0.839691
0.000000
0.000000
0.000000
0.000000
0.000000
0.000000
-1.059821
0.853557
0.661891
-1.100360
0.805835
0.636585
0.000000
0.000000
0.000000
0.000000
0.000000
0.000000
-1.154818
0.734526
0.627542
-1.201381
0.904874
0.733538
0.000000
0.000000
0.000000
0.000000
0.000000
0.000000
-1.121670
0.766554
0.607419
-1.124938
0.780605
0.794634
0.000000
0.000000
0.000000
0.000000
0.000000
0.000000
-1.101308
0.685547
0.853049
-1.095053
0.670102
0.736667
0.000000
0.000000
0.000000
0.000000
0.000000
0.000000
-1.189360
0.896267
0.782578
-1.198663
0.902645
0.718314
0.000000
0.000000
0.000000
0.000000
0.000000
0.000000
0.000000
0.000000
0.000000
-1.277560
0.852735
0.770316
-1.296895
0.843385
0.730520
-1.178272
1.123527
0.691512
-1.286405
0.835694
0.730520
-1.149640
1.152887
0.694293
0.000000
0.000000
0.000000
0.000000
0.000000
0.000000
-1.312242
0.592639
0.671820
-1.266575
0.946321
0.756316
0.000000
0.000000
0.000000
0.000000
0.000000
0.000000
-0.994001
2.117436
0.625456
-1.313864
1.388465
0.502921
0.000000
0.000000
0.000000
0.000000
0.000000
0.000000
-0.965159
0.792342
0.677545
-0.975153
0.995676
0.637242
0.000000
0.000000
0.000000
0.000000
0.000000
0.000000
-1.138935
0.622740
0.578957
-1.010564
1.015338
0.707685
0.000000
0.000000
0.000000
0.000000
0.000000
0.000000
-1.021199
1.254416
0.603418
-1.209029
0.924688
0.438155
-1.126892
1.232699
0.620787
-1.156803
1.213667
0.619046
-1.091214
1.227181
0.620548
-1.121767
1.203718
0.619349
0.000000
0.000000
0.000000
0.000000
0.000000
0.000000
-1.272237
0.429916
0.651264
-1.372149
0.407507
0.934474
-1.094768
0.716283
0.636821
-1.081970
0.812107
0.696853
-1.097080
0.734733
0.636821
-1.042167
0.795390
0.705292
0.000000
0.000000
0.000000
0.000000
0.000000
0.000000
-1.190856
0.982225
0.586192
-1.225349
1.030519
0.608831
-1.103743
0.595287
0.928080
-1.083663
0.684759
0.864496
-1.081762
0.603074
0.928080
-1.071706
0.679145
0.859724
0.000000
0.000000
0.000000
0.000000
0.000000
0.000000
-1.290513
0.783658
0.774545
-1.295986
0.767821
0.762232
0.000000
0.000000
0.000000
0.000000
0.000000
0.000000
-1.182453
0.703061
0.741400
-1.353026
0.687075
0.817099
0.000000
0.000000
0.000000
0.000000
0.000000
0.000000
-1.246426
1.293544
0.531713
-1.347380
1.166592
0.571896
0.000000
0.000000
0.000000
0.000000
0.000000
0.000000
-1.325394
0.350803
0.899963
-1.378144
0.349905
0.870480
0.000000
0.000000
0.000000
0.000000
0.000000
0.000000
-1.051216
0.795200
0.671284
-1.185383
0.571350
0.797112
-1.188185
1.131236
0.585212
-1.262017
0.940662
0.668009
-1.201418
1.109788
0.592120
-1.270869
0.942310
0.668472
0.000000
0.000000
0.000000
0.000000
0.000000
0.000000
-1.331279
0.476324
0.735454
-1.313545
0.400140
0.871785
0.000000
0.000000
0.000000
0.000000
0.000000
0.000000
0.000000
0.000000
0.000000
-0.955309
0.939657
0.748897
0.000000
0.000000
0.000000
0.000000
0.000000
0.000000
0.000000
0.000000
0.000000
-1.176749
0.804173
0.709964
0.000000
0.000000
0.000000
0.000000
0.000000
0.000000
-1.296215
0.900629
0.711923
-1.351849
1.025240
0.698303
0.000000
0.000000
0.000000
0.000000
0.000000
0.000000
-1.329141
0.792076
0.902117
-1.374923
0.679294
0.775714
0.000000
0.000000
0.000000
0.000000
0.000000
0.000000
-1.453356
0.552669
0.843078
-1.477329
0.571367
0.840769
0.000000
0.000000
0.000000
0.000000
0.000000
0.000000
-1.285642
0.822897
0.893588
-1.275211
1.055045
0.819029
0.000000
0.000000
0.000000
0.000000
0.000000
0.000000
-0.967388
0.933692
0.654881
-1.027864
0.988655
0.674130
0.000000
0.000000
0.000000
0.000000
0.000000
0.000000
-1.184539
0.458283
0.704752
-1.176340
0.470744
0.987384
0.000000
0.000000
0.000000
0.000000
0.000000
0.000000
-1.512889
0.582516
0.829758
-1.542451
0.605080
0.847445
0.000000
0.000000
0.000000
0.000000
0.000000
0.000000
-1.377684
0.514180
0.846748
-1.306320
0.536041
0.798074
0.000000
0.000000
0.000000
0.000000
0.000000
0.000000
-1.483590
1.178465
0.596793
-1.525084
1.138387
0.609841
0.000000
0.000000
0.000000
0.000000
0.000000
0.000000
0.000000
0.000000
0.000000
-1.153406
0.614476
0.642258
0.000000
0.000000
0.000000
0.000000
0.000000
0.000000
-1.478281
0.246020
0.906996
-1.595740
0.307538
0.905311
0.000000
0.000000
0.000000
0.000000
0.000000
0.000000
-1.344981
0.392596
1.186829
-1.359964
0.370252
0.975205
0.000000
0.000000
0.000000
0.000000
0.000000
0.000000
-1.234235
0.605362
0.792285
-1.312333
0.570203
0.813432
0.000000
0.000000
0.000000
0.000000
0.000000
0.000000
-1.131742
1.174793
0.694625
-1.250804
0.960425
0.704806
0.000000
0.000000
0.000000
0.000000
0.000000
0.000000
-1.439105
1.043628
0.656324
-1.469596
1.041146
0.666688
-1.394898
0.596693
0.701756
-1.413270
0.634793
0.852611
-1.387028
0.600761
0.701756
-1.411188
0.629222
0.852611
0.000000
0.000000
0.000000
0.000000
0.000000
0.000000
-1.145764
0.867854
0.746495
-1.114306
0.912653
0.699182
0.000000
0.000000
0.000000
0.000000
0.000000
0.000000
0.000000
0.000000
0.000000
-1.140070
0.436455
0.797963
0.000000
0.000000
0.000000
0.000000
0.000000
0.000000
-1.505466
1.095179
0.656957
-1.528467
1.058011
0.672768
0.000000
0.000000
0.000000
0.000000
0.000000
0.000000
-1.369548
0.390575
0.724084
-1.441271
0.437732
0.888772
0.000000
0.000000
0.000000
0.000000
0.000000
0.000000
-1.172573
0.870733
0.685675
-1.168380
1.080122
0.613728
0.000000
0.000000
0.000000
0.000000
0.000000
0.000000
-1.263304
0.560323
0.805959
-1.260901
0.635111
0.793347
0.000000
0.000000
0.000000
0.000000
0.000000
0.000000
-1.369126
0.553572
0.788753
-1.448548
0.574419
0.841929
0.000000
0.000000
0.000000
0.000000
0.000000
0.000000
0.000000
0.000000
0.000000
-1.277083
0.474143
0.697634
0.000000
0.000000
0.000000
0.000000
0.000000
0.000000
-1.258092
0.907178
0.876275
-1.232199
1.068367
0.741807
0.000000
0.000000
0.000000
0.000000
0.000000
0.000000
-1.501806
0.576402
0.842900
-1.524423
0.577993
0.843700
0.000000
0.000000
0.000000
0.000000
0.000000
0.000000
-1.292533
1.022145
0.637067
-1.331321
1.022595
0.649143
0.000000
0.000000
0.000000
0.000000
0.000000
0.000000
-1.317935
0.589257
0.771022
-1.381341
0.706578
0.856854
0.000000
0.000000
0.000000
0.000000
0.000000
0.000000
-1.364114
0.389559
0.863226
-1.429577
0.438418
0.855512
0.000000
0.000000
0.000000
0.000000
0.000000
0.000000
-1.223228
0.676506
0.669400
-1.223008
0.725441
0.693242
0.000000
0.000000
0.000000
0.000000
0.000000
0.000000
-1.522168
1.166019
0.601700
-1.545759
1.197692
0.550543
0.000000
0.000000
0.000000
0.000000
0.000000
0.000000
-1.307184
0.759917
0.739006
-1.335766
0.831003
0.708807
0.000000
0.000000
0.000000
0.000000
0.000000
0.000000
-1.390680
0.479735
0.804706
-1.483800
0.430465
0.856575
0.000000
0.000000
0.000000
0.000000
0.000000
0.000000
-1.164809
0.623431
0.742171
-1.209532
0.700062
0.749382
0.000000
0.000000
0.000000
0.000000
0.000000
0.000000
-1.458176
0.422856
0.759151
-1.540677
0.430642
0.925325
0.000000
0.000000
0.000000
0.000000
0.000000
0.000000
-1.215823
0.875659
0.725085
-1.218942
0.893312
0.702586
0.000000
0.000000
0.000000
0.000000
0.000000
0.000000
-1.079550
0.690666
0.782977
-1.149987
0.789288
0.724733
0.000000
0.000000
0.000000
0.000000
0.000000
0.000000
-1.258836
0.766242
0.808413
-1.309070
0.616080
0.860829
0.000000
0.000000
0.000000
0.000000
0.000000
0.000000
-1.370018
0.904299
0.717440
-1.430556
0.821444
0.714050
0.000000
0.000000
0.000000
0.000000
0.000000
0.000000
-1.131438
0.823713
0.744856
-1.165416
0.686858
0.803912
0.000000
0.000000
0.000000
0.000000
0.000000
0.000000
-1.125545
1.510338
0.621599
-1.245309
1.106953
0.570700
0.000000
0.000000
0.000000
0.000000
0.000000
0.000000
-1.239281
0.632614
0.809984
-1.308333
0.676625
0.831984
0.000000
0.000000
0.000000
0.000000
0.000000
0.000000
-1.248862
0.920859
0.682367
-1.290908
0.914415
0.699328
0.000000
0.000000
0.000000
0.000000
0.000000
0.000000
-1.334921
0.897031
0.698540
-1.314807
0.910139
0.835593
0.000000
0.000000
0.000000
0.000000
0.000000
0.000000
-1.123323
0.842432
0.885417
-1.156680
0.733355
0.733727
0.000000
0.000000
0.000000
0.000000
0.000000
0.000000
-1.312651
0.818885
0.765783
-1.363541
0.764638
0.777327
0.000000
0.000000
0.000000
0.000000
0.000000
0.000000
-1.130319
0.650659
0.668934
-1.141798
0.716955
0.720984
0.000000
0.000000
0.000000
0.000000
0.000000
0.000000
-1.241716
0.706278
0.816545
-1.250639
0.740385
0.776901
0.000000
0.000000
0.000000
0.000000
0.000000
0.000000
-1.075053
0.786141
0.689451
-1.138505
0.707371
0.728583
0.000000
0.000000
0.000000
0.000000
0.000000
0.000000
-1.333663
0.977273
0.812474
-1.390984
1.042937
0.740948
0.000000
0.000000
0.000000
0.000000
0.000000
0.000000
-1.419789
0.488724
0.862106
-1.458738
0.480562
0.863134
0.000000
0.000000
0.000000
0.000000
0.000000
0.000000
-1.244024
0.611498
0.708490
-1.339410
0.564607
0.878212
0.000000
0.000000
0.000000
0.000000
0.000000
0.000000
-1.345630
0.922106
0.681950
-1.380857
0.917325
0.692794
0.000000
0.000000
0.000000
0.000000
0.000000
0.000000
-1.266450
0.696969
0.687518
-1.276065
0.769574
0.819279
0.000000
0.000000
0.000000
0.000000
0.000000
0.000000
0.000000
0.000000
0.000000
-1.225377
0.583899
0.678780
0.000000
0.000000
0.000000
0.000000
0.000000
0.000000
-1.299799
0.607034
0.823086
-1.410715
0.564248
0.847495
0.000000
0.000000
0.000000
0.000000
0.000000
0.000000
-1.301404
1.019665
0.788398
-1.359158
0.928535
0.672590
0.000000
0.000000
0.000000
0.000000
0.000000
0.000000
0.000000
0.000000
0.000000
-1.390904
0.399433
0.698288
0.000000
0.000000
0.000000
0.000000
0.000000
0.000000
0.000000
0.000000
0.000000
-1.192473
0.981426
0.723523
0.000000
0.000000
0.000000
0.000000
0.000000
0.000000
-1.276364
0.473723
0.920892
-1.364551
0.488498
0.885049
0.000000
0.000000
0.000000
0.000000
0.000000
0.000000
-0.942180
0.885378
0.809659
-1.051047
1.018048
0.615895
0.000000
0.000000
0.000000
0.000000
0.000000
0.000000
-1.356792
0.764384
0.818998
-1.397290
0.727106
0.810006
0.000000
0.000000
0.000000
0.000000
0.000000
0.000000
-1.313003
0.674277
0.767633
-1.331255
0.710733
0.706701
0.000000
0.000000
0.000000
0.000000
0.000000
0.000000
0.000000
0.000000
0.000000
-1.335346
0.403458
0.846549
0.000000
0.000000
0.000000
0.000000
0.000000
0.000000
-1.287921
1.087524
0.661579
-1.332111
1.048122
0.645067
0.000000
0.000000
0.000000
0.000000
0.000000
0.000000
-1.308278
0.686804
0.679313
-1.241709
0.758169
0.679984
0.000000
0.000000
0.000000
0.000000
0.000000
0.000000
0.000000
0.000000
0.000000
-1.160204
0.651700
0.641349
0.000000
0.000000
0.000000
0.000000
0.000000
0.000000
-1.133495
0.821485
0.684832
-1.350961
0.706022
0.885701
0.000000
0.000000
0.000000
0.000000
0.000000
0.000000
-1.294032
0.871587
0.862112
-1.283315
0.802111
0.799802
0.000000
0.000000
0.000000
0.000000
0.000000
0.000000
-1.455146
0.497510
0.842189
-1.490926
0.534086
0.810233
0.000000
0.000000
0.000000
0.000000
0.000000
0.000000
-1.256667
0.865196
0.736542
-1.291109
0.780892
0.736048
0.000000
0.000000
0.000000
0.000000
0.000000
0.000000
0.000000
0.000000
0.000000
-1.143763
0.979702
0.715341
0.000000
0.000000
0.000000
0.000000
0.000000
0.000000
-1.263413
0.588704
0.696570
-1.232455
0.668331
0.983433
0.000000
0.000000
0.000000
0.000000
0.000000
0.000000
-1.231384
0.840903
0.742508
-1.266668
0.789219
0.751950
0.000000
0.000000
0.000000
0.000000
0.000000
0.000000
-1.177605
0.973847
0.627998
-1.216848
1.032752
0.624179
0.000000
0.000000
0.000000
0.000000
0.000000
0.000000
-1.101228
0.938440
0.634495
-1.162622
0.772888
0.686471
0.000000
0.000000
0.000000
0.000000
0.000000
0.000000
0.000000
0.000000
0.000000
-0.949109
1.684923
0.659462
0.000000
0.000000
0.000000
0.000000
0.000000
0.000000
-1.202041
0.572326
0.804691
-1.237088
0.632782
0.779260
0.000000
0.000000
0.000000
0.000000
0.000000
0.000000
-1.646410
0.379108
0.887775
-1.667918
0.382307
0.888336
0.000000
0.000000
0.000000
0.000000
0.000000
0.000000
0.000000
0.000000
0.000000
-1.319957
0.519862
0.856412
0.000000
0.000000
0.000000
0.000000
0.000000
0.000000
-1.147533
1.119079
0.721643
-1.289348
1.091384
0.674070
0.000000
0.000000
0.000000
0.000000
0.000000
0.000000
-0.923172
1.053364
0.751656
-0.998676
1.046200
0.557610
0.000000
0.000000
0.000000
0.000000
0.000000
0.000000
-1.335724
0.491547
0.674983
-1.449547
0.446620
0.879967
0.000000
0.000000
0.000000
0.000000
0.000000
0.000000
-1.368625
0.608570
0.799466
-1.390809
0.754879
0.778816
0.000000
0.000000
0.000000
0.000000
0.000000
0.000000
-1.405560
1.078230
0.586306
-1.446537
0.977974
0.633667
0.000000
0.000000
0.000000
0.000000
0.000000
0.000000
-1.240561
1.020709
0.560749
-1.221587
1.110816
0.584096
0.000000
0.000000
0.000000
0.000000
0.000000
0.000000
0.000000
0.000000
0.000000
-1.131952
0.664713
0.756823
0.000000
0.000000
0.000000
0.000000
0.000000
0.000000
-1.547175
0.768719
0.839250
-1.552612
0.695367
0.802490
0.000000
0.000000
0.000000
0.000000
0.000000
0.000000
-1.389611
0.378289
0.879300
-1.353828
0.419892
0.886452
0.000000
0.000000
0.000000
0.000000
0.000000
0.000000
-1.330368
0.816759
0.724600
-1.353390
0.817588
0.752474
0.000000
0.000000
0.000000
0.000000
0.000000
0.000000
-1.104251
0.945849
0.739704
-1.121835
1.186117
0.608556
0.000000
0.000000
0.000000
0.000000
0.000000
0.000000
-1.329652
1.069110
0.629774
-1.378544
0.995622
0.690828
-1.312349
0.763154
0.807255
-1.362726
0.671788
0.770027
-1.278685
0.781369
0.807255
-1.344360
0.750224
0.761256
0.000000
0.000000
0.000000
0.000000
0.000000
0.000000
0.000000
0.000000
0.000000
-1.346166
0.478438
0.811863
0.000000
0.000000
0.000000
0.000000
0.000000
0.000000
0.000000
0.000000
0.000000
-1.159017
0.746979
0.699649
0.000000
0.000000
0.000000
0.000000
0.000000
0.000000
-0.941381
1.160798
0.670620
-0.969032
1.253223
0.614134
0.000000
0.000000
0.000000
0.000000
0.000000
0.000000
-1.231530
0.533582
0.848550
-1.308013
0.525099
0.850038
0.000000
0.000000
0.000000
0.000000
0.000000
0.000000
-1.461276
0.714967
0.812524
-1.513769
0.637355
0.806912
0.000000
0.000000
0.000000
0.000000
0.000000
0.000000
-1.198635
0.462886
0.822607
-1.159475
0.605819
0.813469
0.000000
0.000000
0.000000
0.000000
0.000000
0.000000
-1.448102
0.627794
0.793791
-1.496595
0.648397
0.819348
-1.205200
1.111189
0.701852
-1.276162
1.141118
0.558468
-1.180873
1.123206
0.701852
-1.250245
1.118461
0.563932
0.000000
0.000000
0.000000
0.000000
0.000000
0.000000
-1.438909
0.606700
0.804919
-1.564543
0.475060
0.900848
0.000000
0.000000
0.000000
0.000000
0.000000
0.000000
-1.136567
1.023564
0.621424
-1.284656
0.870263
0.685828
0.000000
0.000000
0.000000
0.000000
0.000000
0.000000
-1.332074
0.817354
0.891281
-1.543540
0.583470
0.875341
0.000000
0.000000
0.000000
0.000000
0.000000
0.000000
-1.454786
0.563170
0.812762
-1.469435
0.689026
0.815514
0.000000
0.000000
0.000000
0.000000
0.000000
0.000000
-1.250294
0.779103
0.694102
-1.187523
1.010464
0.911010
0.000000
0.000000
0.000000
0.000000
0.000000
0.000000
-1.252072
0.793264
0.907513
-1.120134
1.141403
0.770795
0.000000
0.000000
0.000000
0.000000
0.000000
0.000000
-1.154631
0.909516
0.734939
-1.192408
0.900683
0.712059
-1.051763
0.618118
0.900971
-1.171367
0.504052
0.822106
-1.021726
0.634507
0.900971
-1.187111
0.492628
0.822106
0.000000
0.000000
0.000000
0.000000
0.000000
0.000000
-1.301544
0.892804
0.711687
-1.341755
0.875065
0.722781
0.000000
0.000000
0.000000
0.000000
0.000000
0.000000
-1.246684
0.924371
0.642319
-1.286908
0.935783
0.663928
-1.789462
0.339995
0.931380
-1.807611
0.333832
0.894634
-1.674171
0.409804
0.912686
-1.695544
0.372629
0.888931
-1.263617
0.547618
0.739098
-1.323440
0.499113
0.744590
-1.248780
0.550221
0.739098
-1.303245
0.494054
0.744590
0.000000
0.000000
0.000000
0.000000
0.000000
0.000000
-1.409797
0.624316
0.691820
-1.342074
0.955364
0.898477
0.000000
0.000000
0.000000
0.000000
0.000000
0.000000
-1.250525
1.120163
0.521614
-1.260811
1.149427
0.499928
0.000000
0.000000
0.000000
0.000000
0.000000
0.000000
0.000000
0.000000
0.000000
-1.116917
1.041584
0.621531
0.000000
0.000000
0.000000
0.000000
0.000000
0.000000
-1.363363
0.470937
0.816481
-1.292165
0.632978
0.768906
0.000000
0.000000
0.000000
0.000000
0.000000
0.000000
-1.211821
0.939668
0.742946
-1.222990
1.037893
0.716931
0.000000
0.000000
0.000000
0.000000
0.000000
0.000000
-1.298429
0.798674
0.765457
-1.318807
0.839914
0.820363
-1.182898
0.722680
0.851475
-1.262561
0.574387
0.816938
-1.193017
0.724612
0.851475
-1.259009
0.576927
0.816938
0.000000
0.000000
0.000000
0.000000
0.000000
0.000000
-1.304771
0.617009
0.813618
-1.368041
0.597931
0.842863
0.000000
0.000000
0.000000
-1.150114
1.299946
0.899706
0.000000
0.000000
0.000000
-1.122436
1.322020
0.899706
0.000000
0.000000
0.000000
0.000000
0.000000
0.000000
0.000000
0.000000
0.000000
-1.314280
0.527971
0.814171
0.000000
0.000000
0.000000
0.000000
0.000000
0.000000
-1.188022
0.845247
0.708036
-1.213136
0.807944
0.729155
0.000000
0.000000
0.000000
0.000000
0.000000
0.000000
-1.079168
0.964329
0.536407
-1.120479
1.134508
0.501093
0.000000
0.000000
0.000000
0.000000
0.000000
0.000000
-1.232868
0.808762
0.559400
-1.231413
1.203924
0.768282
0.000000
0.000000
0.000000
0.000000
0.000000
0.000000
-1.247687
0.883097
0.708326
-1.279545
0.892178
0.712085
0.000000
0.000000
0.000000
0.000000
0.000000
0.000000
-1.175015
0.627918
0.794960
-1.162719
0.655543
0.818628
0.000000
0.000000
0.000000
0.000000
0.000000
0.000000
0.000000
0.000000
0.000000
-1.416960
0.640965
0.774216
-1.639118
1.257218
0.586016
-1.666230
1.259306
0.585721
-1.655953
0.722843
0.820189
-1.664277
0.729440
0.820320
0.000000
0.000000
0.000000
0.000000
0.000000
0.000000
-1.085363
1.245802
0.859010
-1.269537
1.267696
0.707189
0.000000
0.000000
0.000000
0.000000
0.000000
0.000000
-1.146359
0.976336
0.553401
-1.263385
0.837659
0.642266
0.000000
0.000000
0.000000
0.000000
0.000000
0.000000
-1.208305
0.746115
0.763069
-1.261274
0.762041
0.769520
0.000000
0.000000
0.000000
0.000000
0.000000
0.000000
-1.180768
1.180023
0.588802
-1.192285
1.159790
0.507205
0.000000
0.000000
0.000000
0.000000
0.000000
0.000000
-1.195351
0.411597
1.132656
-1.200301
0.353076
0.931476
0.000000
0.000000
0.000000
0.000000
0.000000
0.000000
-1.285150
1.015998
0.653799
-1.302317
0.997889
0.604630
0.000000
0.000000
0.000000
0.000000
0.000000
0.000000
-1.197583
0.927738
0.588941
-1.235046
1.026307
0.581922
0.000000
0.000000
0.000000
0.000000
0.000000
0.000000
0.000000
0.000000
0.000000
-1.066070
0.894124
0.605136
-1.352396
0.602242
0.897213
-1.429593
0.573782
0.845510
-1.337391
0.593464
0.899880
-1.365507
0.629388
0.846592
0.000000
0.000000
0.000000
0.000000
0.000000
0.000000
0.000000
0.000000
0.000000
-0.996420
0.740603
0.713937
0.000000
0.000000
0.000000
0.000000
0.000000
0.000000
-1.311113
0.728492
0.851118
-1.413554
0.560035
0.866402
0.000000
0.000000
0.000000
0.000000
0.000000
0.000000
-1.369006
0.597361
0.792017
-1.415284
0.536628
0.887733
0.000000
0.000000
0.000000
0.000000
0.000000
0.000000
-1.422143
0.645331
0.846433
-1.495183
0.664734
0.829151
0.000000
0.000000
0.000000
0.000000
0.000000
0.000000
-0.928120
1.221160
0.766788
-1.094992
1.380705
0.785279
0.000000
0.000000
0.000000
0.000000
0.000000
0.000000
-1.593337
0.657645
0.855404
-1.600630
0.695590
0.825368
0.000000
0.000000
0.000000
0.000000
0.000000
0.000000
-0.959728
1.150740
0.729544
-1.014213
1.034249
0.500838
0.000000
0.000000
0.000000
0.000000
0.000000
0.000000
-1.258016
0.884947
0.732291
-1.295404
0.855172
0.740483
0.000000
0.000000
0.000000
0.000000
0.000000
0.000000
-1.215299
0.622302
0.822316
-1.244868
0.701351
0.828211
0.000000
0.000000
0.000000
0.000000
0.000000
0.000000
0.000000
0.000000
0.000000
-1.220546
0.562133
0.689195
0.000000
0.000000
0.000000
0.000000
0.000000
0.000000
-1.437402
0.964079
0.689547
-1.477577
0.892210
0.697141
0.000000
0.000000
0.000000
0.000000
0.000000
0.000000
-1.166673
0.999918
0.641518
-1.220252
1.055774
0.545543
0.000000
0.000000
0.000000
0.000000
0.000000
0.000000
-1.266600
0.740766
0.791321
-1.376111
0.760914
0.940904
0.000000
0.000000
0.000000
0.000000
0.000000
0.000000
0.000000
0.000000
0.000000
-1.132102
0.730745
0.742500
0.000000
0.000000
0.000000
0.000000
0.000000
0.000000
-1.356406
0.752667
0.802912
-1.397929
0.722075
0.789297
0.000000
0.000000
0.000000
0.000000
0.000000
0.000000
-1.313122
0.684112
0.855075
-1.401496
0.622982
0.781032
-1.527802
0.436423
0.766917
-1.448889
0.459854
0.850404
-1.505981
0.441926
0.766917
-1.431191
0.450933
0.850171
0.000000
0.000000
0.000000
0.000000
0.000000
0.000000
-1.272623
0.679629
0.752993
-1.349163
0.593059
0.970485
0.000000
0.000000
0.000000
0.000000
0.000000
0.000000
-1.249010
1.058294
0.696464
-1.311416
0.898179
0.721756
0.000000
0.000000
0.000000
0.000000
0.000000
0.000000
-1.061122
1.311411
0.593742
-1.113227
1.175671
0.433907
0.000000
0.000000
0.000000
0.000000
0.000000
0.000000
0.000000
0.000000
0.000000
-1.101728
0.719432
0.776584
0.000000
0.000000
0.000000
0.000000
0.000000
0.000000
-1.521509
0.425599
0.908013
-1.460332
0.500026
0.872897
0.000000
0.000000
0.000000
0.000000
0.000000
0.000000
-1.288242
0.403199
0.861665
-1.344903
0.371373
0.844993
0.000000
0.000000
0.000000
0.000000
0.000000
0.000000
-1.348715
0.668128
0.837155
-1.430460
0.641901
0.827394
-1.148902
0.997896
0.675247
-1.210953
0.957560
0.667953
-1.122591
0.994458
0.674457
-1.181187
0.959752
0.668291
0.000000
0.000000
0.000000
0.000000
0.000000
0.000000
-1.286362
1.038574
0.629816
-1.325578
1.047353
0.634807
0.000000
0.000000
0.000000
0.000000
0.000000
0.000000
-1.582936
0.887983
0.779359
-1.592379
0.917132
0.719107
0.000000
0.000000
0.000000
0.000000
0.000000
0.000000
-1.328612
0.444548
0.847538
-1.442908
0.453695
0.841811
0.000000
0.000000
0.000000
0.000000
0.000000
0.000000
-1.108872
0.989147
0.785088
-1.274104
0.880081
0.785353
0.000000
0.000000
0.000000
0.000000
0.000000
0.000000
-1.233220
0.645330
0.791588
-1.244127
0.613787
0.802566
0.000000
0.000000
0.000000
0.000000
0.000000
0.000000
-1.482648
0.877232
0.764358
-1.517373
0.850971
0.759321
0.000000
0.000000
0.000000
0.000000
0.000000
0.000000
-1.233195
0.777268
0.716864
-1.240641
0.881199
0.693625
0.000000
0.000000
0.000000
0.000000
0.000000
0.000000
-1.350099
0.612530
0.785426
-1.451516
0.583889
0.816601
0.000000
0.000000
0.000000
0.000000
0.000000
0.000000
-1.559493
0.424209
0.870527
-1.567681
0.428615
0.877048
0.000000
0.000000
0.000000
0.000000
0.000000
0.000000
-1.269617
0.649876
0.699315
-1.349506
0.662698
0.707742
0.000000
0.000000
0.000000
0.000000
0.000000
0.000000
0.000000
0.000000
0.000000
-1.435765
1.008662
1.056580
0.000000
0.000000
0.000000
0.000000
0.000000
0.000000
0.000000
0.000000
0.000000
-1.128153
0.701550
0.795846
0.000000
0.000000
0.000000
0.000000
0.000000
0.000000
-1.077709
1.226892
1.118999
-1.279687
0.807977
0.952217
0.000000
0.000000
0.000000
0.000000
0.000000
0.000000
-1.205772
0.592265
0.692402
-1.293859
0.646087
0.739801
0.000000
0.000000
0.000000
0.000000
0.000000
0.000000
-1.200649
0.463550
0.833592
-1.309505
0.395515
0.872062
0.000000
0.000000
0.000000
0.000000
0.000000
0.000000
-1.218115
0.566563
0.807323
-1.239008
0.572362
0.842052
0.000000
0.000000
0.000000
0.000000
0.000000
0.000000
-1.188502
1.369522
0.639771
-1.390276
0.951903
0.611671
0.000000
0.000000
0.000000
0.000000
0.000000
0.000000
0.000000
0.000000
0.000000
-1.307660
0.403323
0.773367
0.000000
0.000000
0.000000
0.000000
0.000000
0.000000
-1.417063
0.406213
0.856165
-1.477323
0.418914
0.861377
0.000000
0.000000
0.000000
0.000000
0.000000
0.000000
-1.261979
0.760695
0.798863
-1.300816
0.750825
0.787531
0.000000
0.000000
0.000000
0.000000
0.000000
0.000000
-1.189064
0.774007
0.760191
-1.195984
0.950317
0.659704
0.000000
0.000000
0.000000
0.000000
0.000000
0.000000
-1.373771
0.829394
0.877220
-1.388871
0.750451
0.801134
0.000000
0.000000
0.000000
0.000000
0.000000
0.000000
-1.043580
0.936899
0.794474
-1.027029
1.189883
0.639247
0.000000
0.000000
0.000000
0.000000
0.000000
0.000000
-1.225510
0.810530
0.750074
-1.244834
0.881728
0.717879
0.000000
0.000000
0.000000
0.000000
0.000000
0.000000
-1.530596
0.517696
0.857125
-1.566952
0.483464
0.835330
0.000000
0.000000
0.000000
0.000000
0.000000
0.000000
-1.411563
0.574370
0.833101
-1.438369
0.564467
0.842052
0.000000
0.000000
0.000000
0.000000
0.000000
0.000000
0.000000
0.000000
0.000000
-0.805918
3.115695
0.831715
0.000000
0.000000
0.000000
0.000000
0.000000
0.000000
-1.259621
0.687818
0.798115
-1.309149
0.717701
0.792144
0.000000
0.000000
0.000000
0.000000
0.000000
0.000000
-0.906289
1.310458
0.748574
-1.128282
0.882045
0.710905
0.000000
0.000000
0.000000
0.000000
0.000000
0.000000
-1.172711
0.865923
0.707745
-1.188026
0.794692
0.709287
0.000000
0.000000
0.000000
0.000000
0.000000
0.000000
-1.299951
0.770497
0.793187
-1.272223
0.933850
0.728335
0.000000
0.000000
0.000000
0.000000
0.000000
0.000000
-1.606199
0.771648
0.797448
-1.622890
0.793782
0.786891
0.000000
0.000000
0.000000
0.000000
0.000000
0.000000
-1.106671
0.826975
0.699815
-1.219083
0.739756
0.695403
0.000000
0.000000
0.000000
0.000000
0.000000
0.000000
-1.445771
0.643064
0.820210
-1.414936
0.652182
0.809175
0.000000
0.000000
0.000000
0.000000
0.000000
0.000000
-1.120101
0.702877
0.772530
-1.179124
0.574195
0.760119
0.000000
0.000000
0.000000
0.000000
0.000000
0.000000
-1.262498
0.566679
0.799259
-1.271715
0.778634
0.784446
0.000000
0.000000
0.000000
-1.177609
0.884373
0.570145
0.000000
0.000000
0.000000
-1.070085
0.947905
0.559757
0.000000
0.000000
0.000000
0.000000
0.000000
0.000000
-1.312843
0.532725
0.724445
-1.374610
0.512291
0.768311
0.000000
0.000000
0.000000
0.000000
0.000000
0.000000
-1.265478
0.833023
0.738152
-1.323299
0.757486
0.747437
0.000000
0.000000
0.000000
0.000000
0.000000
0.000000
-1.163757
0.860201
0.658641
-1.245241
0.735671
0.622403
0.000000
0.000000
0.000000
0.000000
0.000000
0.000000
-1.244156
1.083337
0.612682
-1.307382
1.134761
0.662881
0.000000
0.000000
0.000000
0.000000
0.000000
0.000000
-1.121389
1.260002
0.761659
-1.255251
0.920483
0.751656
0.000000
0.000000
0.000000
0.000000
0.000000
0.000000
0.000000
0.000000
0.000000
-1.089759
0.940547
0.718409
0.000000
0.000000
0.000000
0.000000
0.000000
0.000000
-1.360454
1.268583
0.549027
-1.405054
1.250857
0.539006
0.000000
0.000000
0.000000
0.000000
0.000000
0.000000
-1.265337
1.035696
0.649396
-1.323262
1.065858
0.587918
0.000000
0.000000
0.000000
0.000000
0.000000
0.000000
-1.149921
0.570944
0.953781
-1.217699
0.439500
0.885852
0.000000
0.000000
0.000000
0.000000
0.000000
0.000000
0.000000
0.000000
0.000000
-1.088139
0.569979
0.788064
0.000000
0.000000
0.000000
0.000000
0.000000
0.000000
-1.338424
0.748076
0.788032
-1.370091
0.732008
0.816364
0.000000
0.000000
0.000000
0.000000
0.000000
0.000000
-1.357843
1.061344
0.646073
-1.401950
1.045437
0.640196
0.000000
0.000000
0.000000
0.000000
0.000000
0.000000
-1.233983
0.738009
0.828662
-1.323903
0.729491
0.788250
0.000000
0.000000
0.000000
-1.314188
0.705400
0.757206
0.000000
0.000000
0.000000
-1.309688
0.706177
0.757206
0.000000
0.000000
0.000000
0.000000
0.000000
0.000000
-1.379113
0.575799
0.832387
-1.444454
0.523945
0.842792
0.000000
0.000000
0.000000
0.000000
0.000000
0.000000
-1.085387
0.959403
0.661233
-1.070499
1.101848
0.601188
0.000000
0.000000
0.000000
0.000000
0.000000
0.000000
-1.148762
1.036902
0.780235
-1.343192
0.723128
0.831480
0.000000
0.000000
0.000000
0.000000
0.000000
0.000000
-1.292454
0.925440
0.676813
-1.350589
0.861723
0.739630
0.000000
0.000000
0.000000
0.000000
0.000000
0.000000
-1.466744
0.418514
0.848623
-1.507022
0.455075
0.847978
0.000000
0.000000
0.000000
0.000000
0.000000
0.000000
-1.431628
0.720030
0.771166
-1.465981
0.771502
0.808617
0.000000
0.000000
0.000000
0.000000
0.000000
0.000000
-1.484174
0.399551
0.883221
-1.529727
0.396266
0.888178
0.000000
0.000000
0.000000
0.000000
0.000000
0.000000
-1.182123
1.109138
0.775938
-1.196209
1.128374
0.664322
0.000000
0.000000
0.000000
0.000000
0.000000
0.000000
-1.193613
1.210651
0.657930
-1.197341
1.129539
0.450517
0.000000
0.000000
0.000000
0.000000
0.000000
0.000000
-1.163793
0.974919
0.696298
-1.221444
0.942429
0.658406
0.000000
0.000000
0.000000
0.000000
0.000000
0.000000
-1.473075
0.588473
0.831395
-1.508072
0.616363
0.848156
0.000000
0.000000
0.000000
0.000000
0.000000
0.000000
-1.478854
0.911759
0.760654
-1.489200
0.942355
0.727716
0.000000
0.000000
0.000000
0.000000
0.000000
0.000000
-1.166623
0.622557
0.859638
-1.254895
0.730809
0.810175
0.000000
0.000000
0.000000
0.000000
0.000000
0.000000
-1.395763
0.490165
0.855647
-1.381654
0.511332
0.852870
0.000000
0.000000
0.000000
0.000000
0.000000
0.000000
-1.120892
0.762557
0.844756
-1.224260
0.612467
0.731843
0.000000
0.000000
0.000000
0.000000
0.000000
0.000000
-1.305111
0.661451
0.790072
-1.371063
0.471949
0.819399
0.000000
0.000000
0.000000
0.000000
0.000000
0.000000
-1.086536
0.609320
0.675408
-1.066387
0.676707
0.732942
0.000000
0.000000
0.000000
0.000000
0.000000
0.000000
-1.222948
0.773696
0.757131
-1.248959
0.860747
0.692554
0.000000
0.000000
0.000000
0.000000
0.000000
0.000000
-1.330219
0.882432
0.708582
-1.333447
0.843872
0.728669
0.000000
0.000000
0.000000
0.000000
0.000000
0.000000
-1.412945
0.456379
0.744523
-1.219325
0.510797
0.824005
0.000000
0.000000
0.000000
0.000000
0.000000
0.000000
-1.064658
1.070202
0.621637
-1.107204
1.249144
0.505209
0.000000
0.000000
0.000000
0.000000
0.000000
0.000000
-1.541851
0.588514
0.852089
-1.559989
0.592989
0.846546
0.000000
0.000000
0.000000
0.000000
0.000000
0.000000
-1.144282
0.731073
0.813403
-1.160288
0.876726
0.739337
0.000000
0.000000
0.000000
0.000000
0.000000
0.000000
-1.401654
0.501847
0.694575
-1.403915
0.499718
0.893259
0.000000
0.000000
0.000000
0.000000
0.000000
0.000000
-1.227008
1.316502
0.445517
-1.316706
1.220508
0.431871
0.000000
0.000000
0.000000
0.000000
0.000000
0.000000
-1.035788
1.216883
0.625509
-1.069871
1.085466
0.616037
0.000000
0.000000
0.000000
0.000000
0.000000
0.000000
-0.987614
1.787529
0.652817
-1.168495
1.099310
0.579322
0.000000
0.000000
0.000000
0.000000
0.000000
0.000000
-1.089492
0.942947
0.653370
-1.162303
0.903364
0.649475
0.000000
0.000000
0.000000
0.000000
0.000000
0.000000
0.000000
0.000000
0.000000
-1.439843
0.726199
0.762635
0.000000
0.000000
0.000000
0.000000
0.000000
0.000000
-1.395616
0.979415
0.716389
-1.434867
0.970227
0.696328
0.000000
0.000000
0.000000
0.000000
0.000000
0.000000
-1.066350
1.210013
0.690935
-1.191598
1.077214
0.667564
-1.341949
0.575037
0.703783
-1.368374
0.532025
0.853372
-1.304564
0.589502
0.703783
-1.263051
0.618620
0.833276
0.000000
0.000000
0.000000
0.000000
0.000000
0.000000
-1.480059
0.709197
0.825431
-1.533127
0.515121
0.873019
0.000000
0.000000
0.000000
0.000000
0.000000
0.000000
-1.334228
0.436028
0.855812
-1.392425
0.428017
0.867265
-1.114500
1.577144
0.707125
-1.249339
1.207188
0.595835
-1.013969
1.648377
0.707125
-1.212665
1.119936
0.597247
0.000000
0.000000
0.000000
0.000000
0.000000
0.000000
0.000000
0.000000
0.000000
-1.098403
0.896868
0.697808
0.000000
0.000000
0.000000
0.000000
0.000000
0.000000
-1.656692
0.392600
0.883412
-1.680963
0.388600
0.885909
0.000000
0.000000
0.000000
0.000000
0.000000
0.000000
-1.140783
0.744108
0.746897
-1.200934
0.754886
0.773614
0.000000
0.000000
0.000000
0.000000
0.000000
0.000000
-1.309185
0.405521
0.733710
-1.314542
0.429368
0.965044
0.000000
0.000000
0.000000
0.000000
0.000000
0.000000
-1.195821
0.751935
0.806290
-1.382698
0.602639
0.764620
0.000000
0.000000
0.000000
0.000000
0.000000
0.000000
-1.166912
0.933618
0.631301
-1.102303
1.020749
0.706231
0.000000
0.000000
0.000000
0.000000
0.000000
0.000000
-1.120635
1.501769
0.748934
-1.349122
0.976285
0.758351
0.000000
0.000000
0.000000
0.000000
0.000000
0.000000
-1.053391
0.868331
0.694676
-1.087277
0.791091
0.679066
0.000000
0.000000
0.000000
0.000000
0.000000
0.000000
-1.234530
0.767929
0.738605
-1.284460
0.744695
0.794635
0.000000
0.000000
0.000000
0.000000
0.000000
0.000000
-1.397901
0.392902
0.881481
-1.383967
0.493867
0.872827
0.000000
0.000000
0.000000
0.000000
0.000000
0.000000
-1.298884
0.758307
0.810663
-1.331084
0.746265
0.762794
0.000000
0.000000
0.000000
0.000000
0.000000
0.000000
-1.205772
0.924580
0.674312
-1.244553
0.911781
0.674936
0.000000
0.000000
0.000000
0.000000
0.000000
0.000000
-1.236160
0.694456
0.750597
-1.351127
0.655515
0.800991
0.000000
0.000000
0.000000
0.000000
0.000000
0.000000
-1.274742
0.447167
0.677292
-1.000955
0.943322
0.823662
0.000000
0.000000
0.000000
0.000000
0.000000
0.000000
-1.309201
1.106511
0.646583
-1.361856
1.040318
0.676783
0.000000
0.000000
0.000000
0.000000
0.000000
0.000000
-1.158323
0.650582
0.813726
-1.273470
0.495196
0.827232
-1.640212
0.303280
0.854490
-1.699149
0.208240
0.916072
-1.644865
0.305746
0.854490
-1.708886
0.209243
0.916072
0.000000
0.000000
0.000000
0.000000
0.000000
0.000000
-1.296898
0.793865
0.664803
-1.267717
0.929160
0.712991
0.000000
0.000000
0.000000
0.000000
0.000000
0.000000
-1.224867
0.691101
0.865137
-1.310252
0.674251
0.800102
0.000000
0.000000
0.000000
0.000000
0.000000
0.000000
-1.206428
1.001694
0.577514
-1.311705
0.920715
0.667886
0.000000
0.000000
0.000000
0.000000
0.000000
0.000000
0.000000
0.000000
0.000000
-1.258923
0.746258
0.732859
0.000000
0.000000
0.000000
-1.064653
1.217198
0.725875
0.000000
0.000000
0.000000
-1.058998
1.223410
0.725875
0.000000
0.000000
0.000000
0.000000
0.000000
0.000000
-1.651451
0.626759
0.898167
-1.721086
0.498627
0.874392
0.000000
0.000000
0.000000
0.000000
0.000000
0.000000
0.000000
0.000000
0.000000
-0.928833
1.094074
0.804625
0.000000
0.000000
0.000000
0.000000
0.000000
0.000000
-1.145957
1.526444
0.774522
-1.168548
1.326116
0.630224
0.000000
0.000000
0.000000
0.000000
0.000000
0.000000
-1.416030
1.120115
0.602849
-1.442365
1.117825
0.614624
0.000000
0.000000
0.000000
0.000000
0.000000
0.000000
-1.048667
0.818679
0.734488
-1.177912
0.648411
0.808386
0.000000
0.000000
0.000000
0.000000
0.000000
0.000000
-1.248780
0.689382
0.774352
-1.261834
0.805957
0.742621
0.000000
0.000000
0.000000
0.000000
0.000000
0.000000
-1.337132
0.840821
0.970627
-1.423017
0.673881
0.907278
0.000000
0.000000
0.000000
0.000000
0.000000
0.000000
-1.544224
0.572414
0.847379
-1.567114
0.562912
0.849785
0.000000
0.000000
0.000000
0.000000
0.000000
0.000000
-1.358413
0.971125
0.663732
-1.404682
0.909538
0.702983
0.000000
0.000000
0.000000
0.000000
0.000000
0.000000
-1.125765
1.346832
0.657841
-1.113025
1.332960
0.557824
0.000000
0.000000
0.000000
0.000000
0.000000
0.000000
-1.156383
0.833425
0.710318
-1.224736
0.975017
0.761941
0.000000
0.000000
0.000000
0.000000
0.000000
0.000000
-1.216688
0.685220
0.720585
-1.128760
1.124468
0.664863
0.000000
0.000000
0.000000
0.000000
0.000000
0.000000
-1.278083
1.007366
0.671061
-1.352210
0.908010
0.684072
0.000000
0.000000
0.000000
0.000000
0.000000
0.000000
-1.133191
0.716869
0.814740
-1.170073
0.727563
0.747714
0.000000
0.000000
0.000000
0.000000
0.000000
0.000000
-1.488732
0.992863
0.714494
-1.514197
1.011352
0.710846
0.000000
0.000000
0.000000
0.000000
0.000000
0.000000
-1.399131
0.713669
0.880026
-1.438799
0.706400
0.822528
0.000000
0.000000
0.000000
0.000000
0.000000
0.000000
-1.291874
0.770537
0.758504
-1.311233
0.764590
0.764220
0.000000
0.000000
0.000000
0.000000
0.000000
0.000000
-1.120735
0.672219
0.702877
-1.162560
0.637444
0.783445
0.000000
0.000000
0.000000
0.000000
0.000000
0.000000
-1.386850
0.647098
0.910749
-1.449147
0.727639
0.846707
0.000000
0.000000
0.000000
0.000000
0.000000
0.000000
-1.242485
0.645195
0.764339
-1.275887
0.568518
0.738466
0.000000
0.000000
0.000000
0.000000
0.000000
0.000000
-1.056203
1.346678
0.886129
-1.230003
0.903632
0.702122
0.000000
0.000000
0.000000
0.000000
0.000000
0.000000
-1.117333
0.994993
0.597627
-1.168753
1.059962
0.597813
0.000000
0.000000
0.000000
0.000000
0.000000
0.000000
-1.324058
0.580894
0.927364
-1.317873
0.618132
0.882279
0.000000
0.000000
0.000000
0.000000
0.000000
0.000000
-1.190740
0.625444
0.649499
-1.102587
0.737511
0.626393
0.000000
0.000000
0.000000
0.000000
0.000000
0.000000
-1.476459
0.467169
0.916898
-1.590026
0.424195
0.872559
0.000000
0.000000
0.000000
0.000000
0.000000
0.000000
0.000000
0.000000
0.000000
-1.205417
0.988054
0.897068
0.000000
0.000000
0.000000
0.000000
0.000000
0.000000
-0.978719
0.467639
0.884773
-1.191903
0.361896
0.899832
0.000000
0.000000
0.000000
0.000000
0.000000
0.000000
-1.181617
0.769841
0.659357
-1.242142
0.885116
0.844521
0.000000
0.000000
0.000000
0.000000
0.000000
0.000000
0.000000
0.000000
0.000000
-1.160952
0.731436
0.712678
0.000000
0.000000
0.000000
0.000000
0.000000
0.000000
-1.232447
0.898499
0.751502
-1.179636
1.038378
0.743486
0.000000
0.000000
0.000000
0.000000
0.000000
0.000000
-1.348807
0.777675
0.877373
-1.320944
0.804576
0.762149
0.000000
0.000000
0.000000
0.000000
0.000000
0.000000
-1.402561
0.977970
0.678216
-1.433490
0.986102
0.691136
0.000000
0.000000
0.000000
0.000000
0.000000
0.000000
-1.100592
0.998455
0.759368
-1.149891
0.870712
0.659940
0.000000
0.000000
0.000000
0.000000
0.000000
0.000000
0.000000
0.000000
0.000000
-1.171617
0.634625
0.657157
0.000000
0.000000
0.000000
0.000000
0.000000
0.000000
-1.280691
0.638207
0.889018
-1.351711
0.511602
0.802812
0.000000
0.000000
0.000000
0.000000
0.000000
0.000000
0.000000
0.000000
0.000000
-0.975542
1.382241
0.734980
0.000000
0.000000
0.000000
0.000000
0.000000
0.000000
-1.295373
1.128529
0.527705
-1.292072
1.261388
0.526628
0.000000
0.000000
0.000000
0.000000
0.000000
0.000000
-0.900280
1.104671
0.710682
-1.126466
1.089849
0.630280
0.000000
0.000000
0.000000
0.000000
0.000000
0.000000
-1.268865
0.600204
0.742945
-1.241285
0.655235
0.825740
-1.088110
1.001753
0.716064
-1.157044
1.042629
0.675530
-1.078142
1.038564
0.669238
-1.123267
1.039746
0.676559
0.000000
0.000000
0.000000
0.000000
0.000000
0.000000
-1.187988
0.439226
0.831919
-1.247147
0.482367
0.876907
0.000000
0.000000
0.000000
0.000000
0.000000
0.000000
-1.261563
0.661896
0.781264
-1.282270
0.669136
0.800484
0.000000
0.000000
0.000000
0.000000
0.000000
0.000000
-1.378734
0.881603
0.728525
-1.421300
1.056222
0.709825
0.000000
0.000000
0.000000
0.000000
0.000000
0.000000
-1.449867
0.563321
0.764329
-1.406790
0.622902
0.773377
0.000000
0.000000
0.000000
0.000000
0.000000
0.000000
-1.424087
0.574908
0.789314
-1.476659
0.478088
0.778331
0.000000
0.000000
0.000000
0.000000
0.000000
0.000000
-1.311375
0.489245
0.836212
-1.446058
0.482217
0.912802
0.000000
0.000000
0.000000
0.000000
0.000000
0.000000
-1.277151
0.445239
0.774827
-1.270152
0.421103
0.822734
0.000000
0.000000
0.000000
0.000000
0.000000
0.000000
-1.235198
0.815288
0.650830
-1.174606
1.088075
0.819659
0.000000
0.000000
0.000000
0.000000
0.000000
0.000000
-1.075214
1.059636
0.695748
-1.142310
1.017560
0.587763
0.000000
0.000000
0.000000
0.000000
0.000000
0.000000
-1.345049
0.631357
0.813178
-1.396856
0.524274
0.814673
0.000000
0.000000
0.000000
0.000000
0.000000
0.000000
-1.407008
0.583265
0.739728
-1.430720
0.751477
0.779838
0.000000
0.000000
0.000000
0.000000
0.000000
0.000000
-1.032977
1.211888
0.594668
-1.137403
1.092638
0.498162
0.000000
0.000000
0.000000
0.000000
0.000000
0.000000
-1.363320
0.655847
0.944836
-1.383434
0.677090
0.908569
0.000000
0.000000
0.000000
0.000000
0.000000
0.000000
-1.321851
0.634912
0.837475
-1.353673
0.743111
0.890184
0.000000
0.000000
0.000000
0.000000
0.000000
0.000000
0.000000
0.000000
0.000000
-0.949544
0.949812
0.893550
0.000000
0.000000
0.000000
0.000000
0.000000
0.000000
-1.301481
1.029131
0.732704
-1.348378
0.814012
0.710314
0.000000
0.000000
0.000000
-1.253086
0.527323
0.640990
0.000000
0.000000
0.000000
-1.241860
0.528672
0.640990
0.000000
0.000000
0.000000
0.000000
0.000000
0.000000
-1.232096
0.604301
0.799101
-1.271466
0.672735
0.773417
0.000000
0.000000
0.000000
0.000000
0.000000
0.000000
-1.342825
0.776574
0.853433
-1.389946
0.809941
0.833393
0.000000
0.000000
0.000000
0.000000
0.000000
0.000000
-1.171874
0.708451
0.763595
-1.268024
0.666374
0.783811
-1.293116
0.953513
0.714041
-1.308015
1.135350
0.724141
-1.276240
0.959353
0.714041
-1.265731
1.197938
0.704409
0.000000
0.000000
0.000000
0.000000
0.000000
0.000000
-1.362452
0.687479
0.746091
-1.409892
0.568588
0.887424
0.000000
0.000000
0.000000
0.000000
0.000000
0.000000
0.000000
0.000000
0.000000
-1.404332
0.484905
0.756081
0.000000
0.000000
0.000000
0.000000
0.000000
0.000000
-1.038452
0.969274
0.843816
-1.112504
1.112387
0.746746
0.000000
0.000000
0.000000
0.000000
0.000000
0.000000
-1.103662
0.759740
0.705453
-1.110944
0.814757
0.790770
0.000000
0.000000
0.000000
0.000000
0.000000
0.000000
-1.278411
0.854905
0.706700
-1.302699
0.914705
0.700274
0.000000
0.000000
0.000000
0.000000
0.000000
0.000000
-1.482185
0.562544
0.776137
-1.549331
0.434805
0.896720
0.000000
0.000000
0.000000
0.000000
0.000000
0.000000
-1.276467
0.499024
0.819309
-1.269023
0.510458
0.846222
0.000000
0.000000
0.000000
0.000000
0.000000
0.000000
-1.284893
0.546175
0.858491
-1.257095
0.624911
0.853581
0.000000
0.000000
0.000000
0.000000
0.000000
0.000000
-1.177165
0.431990
0.827043
-1.194463
0.480926
0.845009
0.000000
0.000000
0.000000
0.000000
0.000000
0.000000
0.000000
0.000000
0.000000
-1.364055
0.571575
0.733237
0.000000
0.000000
0.000000
0.000000
0.000000
0.000000
-1.315229
1.118424
0.552299
-1.355749
1.062220
0.611102
0.000000
0.000000
0.000000
0.000000
0.000000
0.000000
-1.493073
0.629246
0.825478
-1.515613
0.647218
0.821674
0.000000
0.000000
0.000000
0.000000
0.000000
0.000000
-1.401466
0.514652
0.882959
-1.461416
0.537975
0.847102
0.000000
0.000000
0.000000
0.000000
0.000000
0.000000
-1.101474
0.707474
0.681410
-1.003797
1.096352
0.789672
0.000000
0.000000
0.000000
0.000000
0.000000
0.000000
-1.195322
0.490140
0.858198
-1.254682
0.386039
0.790253
0.000000
0.000000
0.000000
0.000000
0.000000
0.000000
-1.227116
0.753260
0.786411
-1.227964
0.681167
0.729789
0.000000
0.000000
0.000000
-1.250263
0.606445
0.705144
0.000000
0.000000
0.000000
-1.251287
0.623808
0.705144
0.000000
0.000000
0.000000
0.000000
0.000000
0.000000
0.000000
0.000000
0.000000
-0.969441
1.202751
0.813466
0.000000
0.000000
0.000000
0.000000
0.000000
0.000000
0.000000
0.000000
0.000000
-1.011420
0.954427
0.659963
0.000000
0.000000
0.000000
0.000000
0.000000
0.000000
-1.278024
0.814858
0.768016
-1.269786
0.899528
0.714120
0.000000
0.000000
0.000000
-1.212460
0.607578
0.809999
0.000000
0.000000
0.000000
-1.256723
0.591006
0.818415
0.000000
0.000000
0.000000
0.000000
0.000000
0.000000
-1.505083
0.506006
0.730332
-1.411594
0.625880
0.912328
0.000000
0.000000
0.000000
0.000000
0.000000
0.000000
-1.226784
0.853583
0.720459
-1.261303
0.870044
0.716072
0.000000
0.000000
0.000000
0.000000
0.000000
0.000000
-1.081224
0.705161
0.731196
-1.054747
0.751917
0.842012
0.000000
0.000000
0.000000
0.000000
0.000000
0.000000
-1.296319
1.157491
0.633734
-1.377676
1.200642
0.601812
0.000000
0.000000
0.000000
0.000000
0.000000
0.000000
-1.235092
0.759977
0.661027
-1.251926
0.795635
0.611897
0.000000
0.000000
0.000000
0.000000
0.000000
0.000000
-1.268968
0.838946
0.774899
-1.228542
0.795958
0.762777
0.000000
0.000000
0.000000
0.000000
0.000000
0.000000
-1.034513
0.706608
0.820717
-1.046702
0.932492
0.717388
0.000000
0.000000
0.000000
0.000000
0.000000
0.000000
-1.269495
0.623137
0.824573
-1.300424
0.662222
0.807886
0.000000
0.000000
0.000000
0.000000
0.000000
0.000000
-1.191018
1.204286
0.501254
-1.207273
1.189777
0.487657
0.000000
0.000000
0.000000
0.000000
0.000000
0.000000
-1.210429
1.068780
0.579197
-1.268833
1.112135
0.609160
0.000000
0.000000
0.000000
-1.228990
0.631673
0.684834
0.000000
0.000000
0.000000
-1.209348
0.638485
0.684834
0.000000
0.000000
0.000000
0.000000
0.000000
0.000000
-1.556123
0.678246
0.825057
-1.590244
0.640506
0.832248
0.000000
0.000000
0.000000
0.000000
0.000000
0.000000
-1.029169
0.790524
0.592530
-1.033759
1.409104
0.545756
0.000000
0.000000
0.000000
0.000000
0.000000
0.000000
-1.414925
0.611902
0.808766
-1.405426
0.791836
0.804608
0.000000
0.000000
0.000000
0.000000
0.000000
0.000000
-1.170976
0.643130
0.756423
-1.281470
0.739463
0.894987
0.000000
0.000000
0.000000
0.000000
0.000000
0.000000
-1.072670
0.917417
0.781067
-1.120806
0.917370
0.734714
0.000000
0.000000
0.000000
0.000000
0.000000
0.000000
-1.241753
0.858249
0.696875
-1.330766
0.895094
0.722952
0.000000
0.000000
0.000000
0.000000
0.000000
0.000000
-1.089757
0.912834
0.707514
-1.178355
0.892207
0.688417
0.000000
0.000000
0.000000
0.000000
0.000000
0.000000
-0.992861
0.923898
0.722633
-1.019615
0.851992
0.778448
0.000000
0.000000
0.000000
0.000000
0.000000
0.000000
-1.178665
1.280956
0.803132
-1.224481
0.842452
0.787397
0.000000
0.000000
0.000000
0.000000
0.000000
0.000000
-1.223446
1.017322
0.658364
-1.271481
0.979957
0.652829
0.000000
0.000000
0.000000
0.000000
0.000000
0.000000
-1.384782
0.789664
0.929904
-1.412829
0.779625
0.820283
0.000000
0.000000
0.000000
0.000000
0.000000
0.000000
-1.449573
0.905690
0.749400
-1.444603
0.980473
0.732547
0.000000
0.000000
0.000000
0.000000
0.000000
0.000000
-1.354294
0.713097
0.736396
-1.447873
0.618648
0.777829
0.000000
0.000000
0.000000
0.000000
0.000000
0.000000
-1.244599
0.551615
0.819419
-1.292974
0.704219
0.798289
0.000000
0.000000
0.000000
0.000000
0.000000
0.000000
-1.173428
0.816283
0.742772
-1.172596
0.969325
0.676965
0.000000
0.000000
0.000000
0.000000
0.000000
0.000000
0.000000
0.000000
0.000000
-1.341510
0.598991
0.662105
0.000000
0.000000
0.000000
0.000000
0.000000
0.000000
-1.120546
1.108288
0.691461
-1.159450
1.084107
0.704752
0.000000
0.000000
0.000000
0.000000
0.000000
0.000000
0.000000
0.000000
0.000000
-1.442582
0.970748
0.787399
-1.141122
0.626338
0.716574
-1.194032
0.617854
0.729761
-1.122436
0.629027
0.716574
-1.186074
0.607395
0.729761
0.000000
0.000000
0.000000
0.000000
0.000000
0.000000
-1.284181
0.540587
0.689682
-1.221496
0.479960
0.827297
0.000000
0.000000
0.000000
0.000000
0.000000
0.000000
-1.050859
0.935528
0.711522
-1.142480
0.965900
0.717787
0.000000
0.000000
0.000000
0.000000
0.000000
0.000000
-1.215148
0.871115
0.860492
-1.313472
0.843109
0.715188
-1.323515
1.224268
0.556956
-1.331377
1.195400
0.540876
-1.266145
1.034787
0.634361
-1.266264
1.031773
0.606883
0.000000
0.000000
0.000000
0.000000
0.000000
0.000000
-1.341833
0.413269
0.792785
-1.259110
0.461289
0.790330
0.000000
0.000000
0.000000
0.000000
0.000000
0.000000
0.000000
0.000000
0.000000
-0.969394
1.065653
0.592028
0.000000
0.000000
0.000000
0.000000
0.000000
0.000000
-1.044615
0.992267
0.618310
-1.125781
1.016129
0.598249
0.000000
0.000000
0.000000
0.000000
0.000000
0.000000
-1.261722
0.979004
0.579491
-1.285343
1.014803
0.632304
-1.340904
1.000946
0.534262
-1.294431
1.080936
0.715040
-1.329026
0.957374
0.542903
-1.245559
1.053601
0.712838
0.000000
0.000000
0.000000
0.000000
0.000000
0.000000
-1.408520
0.447998
0.905020
-1.441675
0.408444
0.863756
0.000000
0.000000
0.000000
0.000000
0.000000
0.000000
-1.309504
0.968991
0.709867
-1.393108
0.891030
0.713020
0.000000
0.000000
0.000000
0.000000
0.000000
0.000000
-1.065879
1.164462
0.595068
-1.181561
1.239430
0.681247
0.000000
0.000000
0.000000
0.000000
0.000000
0.000000
-1.080401
0.910920
0.657742
-1.283933
0.723911
0.715640
0.000000
0.000000
0.000000
0.000000
0.000000
0.000000
-1.292430
0.842474
0.695131
-1.331868
0.616016
0.833609
0.000000
0.000000
0.000000
0.000000
0.000000
0.000000
-1.252596
0.618273
0.825586
-1.277022
0.664875
0.789698
0.000000
0.000000
0.000000
0.000000
0.000000
0.000000
-1.306780
0.735943
0.812398
-1.365830
0.655806
0.780969
0.000000
0.000000
0.000000
0.000000
0.000000
0.000000
-1.193098
0.556173
0.804709
-1.331803
0.504012
0.836432
0.000000
0.000000
0.000000
0.000000
0.000000
0.000000
-1.301278
0.462652
0.922500
-1.418733
0.391102
0.860487
0.000000
0.000000
0.000000
0.000000
0.000000
0.000000
-0.947348
1.145026
0.698950
-0.994350
0.911940
0.584198
0.000000
0.000000
0.000000
0.000000
0.000000
0.000000
-1.331373
0.311111
0.915546
-1.400582
0.320771
0.904690
0.000000
0.000000
0.000000
0.000000
0.000000
0.000000
0.000000
0.000000
0.000000
-1.181124
0.714557
0.802298
-0.745809
1.297897
0.631641
-0.909140
1.169890
0.611929
-0.771496
1.212277
0.633409
-0.930760
1.082503
0.577125
0.000000
0.000000
0.000000
0.000000
0.000000
0.000000
0.000000
0.000000
0.000000
-1.154666
0.930423
0.785069
-1.218280
0.964555
0.626717
-1.213219
1.161299
0.642387
-1.223223
0.904872
0.642346
-1.192714
1.068626
0.643551
0.000000
0.000000
0.000000
0.000000
0.000000
0.000000
0.000000
0.000000
0.000000
-1.149219
0.961045
0.774642
0.000000
0.000000
0.000000
0.000000
0.000000
0.000000
-1.357877
0.299916
0.938712
-1.247217
0.367805
0.855743
0.000000
0.000000
0.000000
0.000000
0.000000
0.000000
-1.445966
0.691045
0.831220
-1.453777
0.653297
0.835120
0.000000
0.000000
0.000000
0.000000
0.000000
0.000000
0.000000
0.000000
0.000000
-0.867367
0.958162
0.818816
0.000000
0.000000
0.000000
0.000000
0.000000
0.000000
-1.341416
0.734520
0.821917
-1.314806
0.731815
0.767069
0.000000
0.000000
0.000000
0.000000
0.000000
0.000000
-1.426182
0.414918
0.810750
-1.442891
0.607091
0.897749
0.000000
0.000000
0.000000
0.000000
0.000000
0.000000
-1.205909
0.983478
0.671746
-1.196426
0.848899
0.743145
0.000000
0.000000
0.000000
0.000000
0.000000
0.000000
-1.225829
0.588368
0.839682
-1.307444
0.493408
0.815854
0.000000
0.000000
0.000000
0.000000
0.000000
0.000000
-1.390374
0.419003
0.840711
-1.348192
0.391977
0.903052
0.000000
0.000000
0.000000
0.000000
0.000000
0.000000
-1.346178
1.134346
0.726703
-1.376071
0.909441
0.667663
0.000000
0.000000
0.000000
0.000000
0.000000
0.000000
-1.190034
1.117558
0.761841
-1.196830
1.059456
0.628511
-1.172317
0.916055
0.690648
-1.178296
0.921621
0.687701
-1.114533
0.903203
0.691068
-1.117038
0.903463
0.687930
0.000000
0.000000
0.000000
0.000000
0.000000
0.000000
-1.317610
0.412690
0.918430
-1.363412
0.387248
0.876339
0.000000
0.000000
0.000000
0.000000
0.000000
0.000000
-1.165686
1.012392
0.949440
-1.265410
0.783237
0.840803
0.000000
0.000000
0.000000
0.000000
0.000000
0.000000
-1.352854
0.342722
0.975006
-1.337175
0.364136
0.934870
0.000000
0.000000
0.000000
0.000000
0.000000
0.000000
-1.211754
1.034764
0.714485
-1.342484
0.862552
0.679438
0.000000
0.000000
0.000000
0.000000
0.000000
0.000000
-1.181322
0.798484
0.722573
-1.220068
0.778490
0.658595
0.000000
0.000000
0.000000
0.000000
0.000000
0.000000
-1.039666
0.893865
0.661857
-1.148934
0.787161
0.575662
0.000000
0.000000
0.000000
0.000000
0.000000
0.000000
-1.024469
0.660903
0.740894
-0.955558
0.719083
0.663860
0.000000
0.000000
0.000000
0.000000
0.000000
0.000000
-1.248070
0.540329
0.808376
-1.283416
0.571612
0.826304
0.000000
0.000000
0.000000
0.000000
0.000000
0.000000
-1.392450
0.999790
0.695786
-1.521152
0.892974
0.725250
0.000000
0.000000
0.000000
0.000000
0.000000
0.000000
-1.307928
0.758344
0.748228
-1.365959
0.631138
0.791767
0.000000
0.000000
0.000000
0.000000
0.000000
0.000000
-1.545744
0.645961
0.858985
-1.569089
0.597717
0.861212
0.000000
0.000000
0.000000
0.000000
0.000000
0.000000
-1.512330
0.891170
0.747674
-1.535122
0.895724
0.751348
-1.368582
0.495523
0.873997
-1.414404
0.455166
0.869754
-1.344511
0.495350
0.872292
-1.375929
0.454712
0.867597
0.000000
0.000000
0.000000
0.000000
0.000000
0.000000
-1.166229
0.737685
0.722396
-1.154506
0.939213
0.661745
0.000000
0.000000
0.000000
0.000000
0.000000
0.000000
0.000000
0.000000
0.000000
-1.074117
1.112909
0.615300
0.000000
0.000000
0.000000
0.000000
0.000000
0.000000
-1.221619
0.913732
0.724135
-1.265338
0.948790
0.621713
0.000000
0.000000
0.000000
0.000000
0.000000
0.000000
-1.187762
1.383083
0.710755
-1.237922
1.338426
0.623734
0.000000
0.000000
0.000000
0.000000
0.000000
0.000000
-1.256416
0.726413
0.694505
-1.223513
0.863632
0.785757
0.000000
0.000000
0.000000
0.000000
0.000000
0.000000
-1.225472
1.063978
0.633845
-1.249071
1.282096
0.529892
0.000000
0.000000
0.000000
0.000000
0.000000
0.000000
-1.291075
0.858198
0.715209
-1.363175
0.824821
0.726954
0.000000
0.000000
0.000000
0.000000
0.000000
0.000000
-1.163651
0.797978
0.630582
-1.288367
0.785356
0.758734
0.000000
0.000000
0.000000
0.000000
0.000000
0.000000
0.000000
0.000000
0.000000
-1.250024
0.624169
0.724200
0.000000
0.000000
0.000000
0.000000
0.000000
0.000000
-1.109747
0.630916
0.749309
-1.249298
0.554057
0.819624
0.000000
0.000000
0.000000
0.000000
0.000000
0.000000
-1.038667
1.099210
0.615542
-1.154490
0.908605
0.798186
0.000000
0.000000
0.000000
0.000000
0.000000
0.000000
-1.328344
1.014617
0.720236
-1.393610
0.833553
0.760605
0.000000
0.000000
0.000000
0.000000
0.000000
0.000000
-1.201064
0.832518
0.749969
-1.207841
0.913443
0.630251
0.000000
0.000000
0.000000
0.000000
0.000000
0.000000
-1.124718
0.703024
0.889226
-1.163334
0.733152
0.794789
-1.407419
0.588009
0.709505
-1.453252
0.535958
0.874979
-1.410422
0.597022
0.709505
-1.479038
0.541171
0.875038
0.000000
0.000000
0.000000
0.000000
0.000000
0.000000
0.000000
0.000000
0.000000
-1.167328
0.496085
0.839736
0.000000
0.000000
0.000000
0.000000
0.000000
0.000000
-1.379888
0.676228
0.769815
-1.386235
0.770817
0.785634
0.000000
0.000000
0.000000
0.000000
0.000000
0.000000
-1.275859
0.610113
0.695247
-1.300060
0.474537
0.931678
0.000000
0.000000
0.000000
0.000000
0.000000
0.000000
-1.469802
0.760934
0.787188
-1.483071
0.748170
0.775364
0.000000
0.000000
0.000000
0.000000
0.000000
0.000000
-1.314751
0.586357
0.986428
-1.296397
0.737973
0.847067
0.000000
0.000000
0.000000
0.000000
0.000000
0.000000
0.000000
0.000000
0.000000
-1.166898
0.683487
0.765266
0.000000
0.000000
0.000000
0.000000
0.000000
0.000000
0.000000
0.000000
0.000000
-1.164684
0.487166
0.886072
0.000000
0.000000
0.000000
-1.056504
0.710719
0.695818
0.000000
0.000000
0.000000
-1.046914
0.713097
0.695818
0.000000
0.000000
0.000000
-1.323607
0.777845
0.705755
0.000000
0.000000
0.000000
-1.285646
0.786445
0.705755
-1.406852
0.485873
0.869231
-1.375568
0.459880
0.851299
-1.411481
0.483215
0.873651
-1.378076
0.455012
0.854438
0.000000
0.000000
0.000000
0.000000
0.000000
0.000000
-1.365416
0.896191
0.756474
-1.387831
0.925068
0.714456
0.000000
0.000000
0.000000
0.000000
0.000000
0.000000
-1.010385
0.848657
0.676781
-1.089597
0.834546
0.689347
0.000000
0.000000
0.000000
0.000000
0.000000
0.000000
-1.208476
0.649537
0.819771
-1.225228
0.674878
0.755292
0.000000
0.000000
0.000000
0.000000
0.000000
0.000000
-1.401636
0.427045
0.862238
-1.427962
0.413333
0.872631
0.000000
0.000000
0.000000
0.000000
0.000000
0.000000
-1.191865
0.663918
0.821312
-1.281966
0.715277
0.816034
0.000000
0.000000
0.000000
0.000000
0.000000
0.000000
-1.356756
0.483033
0.672452
-1.342912
0.634711
0.965860
-1.593974
0.299565
0.890702
-1.557261
0.295691
0.891872
-1.585329
0.289221
0.892331
-1.549929
0.280692
0.896952
0.000000
0.000000
0.000000
0.000000
0.000000
0.000000
-1.321686
0.598957
0.868636
-1.320028
0.577597
0.852858
0.000000
0.000000
0.000000
0.000000
0.000000
0.000000
-1.387622
0.781256
0.789740
-1.487294
0.775907
0.829535
0.000000
0.000000
0.000000
0.000000
0.000000
0.000000
-1.319978
0.727900
0.796543
-1.240306
0.882846
0.831694
0.000000
0.000000
0.000000
0.000000
0.000000
0.000000
-1.159747
1.013018
0.964476
-1.219149
1.253233
0.824167
0.000000
0.000000
0.000000
0.000000
0.000000
0.000000
-1.327405
0.983806
0.725255
-1.379840
0.932407
0.731900
0.000000
0.000000
0.000000
0.000000
0.000000
0.000000
-1.359662
1.362491
0.708597
-1.484310
1.044406
0.716738
0.000000
0.000000
0.000000
0.000000
0.000000
0.000000
-1.175758
0.849107
0.645176
-1.256404
0.698543
0.742515
0.000000
0.000000
0.000000
0.000000
0.000000
0.000000
0.000000
0.000000
0.000000
-1.327921
0.400515
0.747335
0.000000
0.000000
0.000000
0.000000
0.000000
0.000000
-1.473198
0.740338
0.813247
-1.489879
0.670174
0.829686
0.000000
0.000000
0.000000
0.000000
0.000000
0.000000
0.000000
0.000000
0.000000
-1.276991
0.590214
0.832078
0.000000
0.000000
0.000000
0.000000
0.000000
0.000000
-1.291065
0.845356
0.701548
-1.297266
0.911942
0.711369
0.000000
0.000000
0.000000
0.000000
0.000000
0.000000
-1.463248
0.688347
0.804688
-1.459555
0.743844
0.795228
0.000000
0.000000
0.000000
0.000000
0.000000
0.000000
0.000000
0.000000
0.000000
-1.265761
1.653488
0.640413
0.000000
0.000000
0.000000
0.000000
0.000000
0.000000
0.000000
0.000000
0.000000
-1.247254
0.652482
0.821355
0.000000
0.000000
0.000000
0.000000
0.000000
0.000000
-1.232049
1.091013
0.585867
-1.324522
1.022958
0.667671
0.000000
0.000000
0.000000
0.000000
0.000000
0.000000
-1.357840
0.908406
0.669863
-1.321715
1.057475
0.628906
0.000000
0.000000
0.000000
0.000000
0.000000
0.000000
-1.058043
0.797973
0.840341
-1.108126
0.752459
0.764415
0.000000
0.000000
0.000000
0.000000
0.000000
0.000000
-0.970013
0.838933
0.807707
-1.024868
0.741946
0.752869
0.000000
0.000000
0.000000
0.000000
0.000000
0.000000
-1.315997
0.711161
0.766158
-1.273208
0.679882
0.854557
0.000000
0.000000
0.000000
0.000000
0.000000
0.000000
-1.268140
0.735391
0.821112
-1.368613
0.731270
0.816971
-1.181431
0.555061
0.685193
-1.190351
0.512089
0.870712
-1.151484
0.561717
0.685193
-1.161991
0.502175
0.863700
0.000000
0.000000
0.000000
0.000000
0.000000
0.000000
-1.249226
0.884441
0.674589
-1.266911
0.978984
0.661974
0.000000
0.000000
0.000000
0.000000
0.000000
0.000000
-0.800818
1.139797
0.664349
-0.889133
0.889826
0.655286
-1.119995
1.222777
0.451036
-1.095719
1.264230
0.428870
-1.093488
1.201489
0.455920
-1.059971
1.249481
0.430146
0.000000
0.000000
0.000000
0.000000
0.000000
0.000000
-1.222382
0.530984
0.956011
-1.299983
0.658912
0.912332
-1.387792
0.857192
0.664109
-1.317877
1.180446
0.751874
-1.382788
0.875268
0.664109
-1.208524
1.600910
0.701813
0.000000
0.000000
0.000000
0.000000
0.000000
0.000000
-1.116492
0.550815
0.742034
-1.139534
0.642039
0.794020
0.000000
0.000000
0.000000
0.000000
0.000000
0.000000
-1.220458
0.953701
0.801409
-1.307394
0.806611
0.782662
0.000000
0.000000
0.000000
0.000000
0.000000
0.000000
-1.197174
0.910842
0.503819
-1.059317
1.281135
0.489443
0.000000
0.000000
0.000000
0.000000
0.000000
0.000000
-1.374530
0.476170
0.561281
-1.375827
0.574373
1.192310
0.000000
0.000000
0.000000
0.000000
0.000000
0.000000
-1.161709
0.956527
0.774239
-1.225055
0.874662
0.683058
0.000000
0.000000
0.000000
0.000000
0.000000
0.000000
-1.372990
0.598478
0.822816
-1.401258
0.605502
0.827489
0.000000
0.000000
0.000000
0.000000
0.000000
0.000000
-1.359644
0.489837
0.876982
-1.369039
0.487451
0.883094
0.000000
0.000000
0.000000
0.000000
0.000000
0.000000
-1.142624
0.654573
0.745782
-1.125447
0.746939
0.784030
0.000000
0.000000
0.000000
0.000000
0.000000
0.000000
0.000000
0.000000
0.000000
-1.292836
0.423795
0.651194
0.000000
0.000000
0.000000
0.000000
0.000000
0.000000
-1.450976
0.938450
0.741164
-1.508005
0.756641
0.790167
0.000000
0.000000
0.000000
0.000000
0.000000
0.000000
0.000000
0.000000
0.000000
-1.000248
1.050285
0.622032
0.000000
0.000000
0.000000
0.000000
0.000000
0.000000
-1.220674
0.993318
0.788721
-1.318846
0.838633
0.753353
0.000000
0.000000
0.000000
0.000000
0.000000
0.000000
-1.147513
0.940455
0.779144
-1.307815
0.630786
0.795120
0.000000
0.000000
0.000000
0.000000
0.000000
0.000000
0.000000
0.000000
0.000000
-1.413585
0.868605
0.834816
-0.908225
0.816452
0.694085
-0.920403
0.773433
0.661204
-0.849723
0.913188
0.755393
-0.845872
1.041790
0.684167
0.000000
0.000000
0.000000
0.000000
0.000000
0.000000
-1.044114
1.020875
0.807697
-1.099084
0.767785
0.701483
0.000000
0.000000
0.000000
0.000000
0.000000
0.000000
-1.325795
1.156840
0.834150
-1.361207
1.311912
0.623015
-1.298537
0.736995
0.659746
-1.222014
0.849220
0.742134
-1.289748
0.698978
0.666948
-1.222000
0.679506
0.752702
-1.486932
0.334957
0.861046
-1.517469
0.296458
0.887639
-1.387486
0.382127
0.860974
-1.389705
0.370189
0.861638
0.000000
0.000000
0.000000
0.000000
0.000000
0.000000
-1.178672
0.848083
0.702962
-1.160791
0.899693
0.709806
0.000000
0.000000
0.000000
0.000000
0.000000
0.000000
-1.232160
0.556980
0.844179
-1.238670
0.607793
0.917554
-1.096659
0.646624
0.825705
-1.165994
0.523612
0.818742
-1.090094
0.483381
0.768386
-1.111015
0.482563
0.908222
0.000000
0.000000
0.000000
0.000000
0.000000
0.000000
0.000000
0.000000
0.000000
-1.070318
1.207449
0.706036
0.000000
0.000000
0.000000
0.000000
0.000000
0.000000
-1.172656
0.669713
1.006639
-1.225049
0.848615
0.865394
0.000000
0.000000
0.000000
0.000000
0.000000
0.000000
-1.327242
0.775722
0.781704
-1.373320
0.711766
0.790316
-1.355038
0.337523
0.884987
-1.326166
0.331463
0.882629
-1.183682
0.752234
0.782339
-1.153216
0.767770
0.773346
0.000000
0.000000
0.000000
0.000000
0.000000
0.000000
-1.241548
0.901357
0.789728
-1.382451
0.727722
0.841083
0.000000
0.000000
0.000000
0.000000
0.000000
0.000000
-1.606018
0.527858
0.872647
-1.614425
0.478312
0.858465
0.000000
0.000000
0.000000
0.000000
0.000000
0.000000
-1.264493
1.058167
0.694666
-1.308040
1.057720
0.731470
0.000000
0.000000
0.000000
0.000000
0.000000
0.000000
-1.317302
0.712568
0.788898
-1.249928
0.936019
0.690930
0.000000
0.000000
0.000000
0.000000
0.000000
0.000000
-1.339385
0.737015
0.748705
-1.367430
0.767082
0.751502
0.000000
0.000000
0.000000
0.000000
0.000000
0.000000
-1.155746
0.875533
0.658342
-1.249798
0.765150
0.742956
0.000000
0.000000
0.000000
0.000000
0.000000
0.000000
0.000000
0.000000
0.000000
-0.886293
1.246849
0.701902
-1.258223
0.785914
0.770655
-1.334820
0.734992
0.779339
-1.101679
0.978026
0.749729
-1.236338
0.919990
0.677958
0.000000
0.000000
0.000000
0.000000
0.000000
0.000000
-1.235443
0.570964
0.841618
-1.282978
0.465886
0.920621
0.000000
0.000000
0.000000
0.000000
0.000000
0.000000
-1.321806
1.054039
0.775575
-1.340870
0.933963
0.724891
0.000000
0.000000
0.000000
0.000000
0.000000
0.000000
-1.584870
0.356312
0.889572
-1.603793
0.364365
0.891382
0.000000
0.000000
0.000000
0.000000
0.000000
0.000000
-1.334518
0.445298
0.821584
-1.361024
0.462525
0.826328
0.000000
0.000000
0.000000
0.000000
0.000000
0.000000
-1.202743
0.431893
0.781118
-1.165760
0.454939
0.893093
0.000000
0.000000
0.000000
0.000000
0.000000
0.000000
-1.470546
0.484413
0.861427
-1.478239
0.538173
0.844203
0.000000
0.000000
0.000000
0.000000
0.000000
0.000000
-1.131199
1.251944
0.723156
-1.235268
0.966289
0.654411
0.000000
0.000000
0.000000
0.000000
0.000000
0.000000
-1.424363
0.506063
0.843656
-1.447636
0.432499
0.830749
0.000000
0.000000
0.000000
0.000000
0.000000
0.000000
-0.981156
1.011867
0.837184
-1.032171
0.671784
0.822984
0.000000
0.000000
0.000000
0.000000
0.000000
0.000000
-1.109561
0.960602
0.669470
-1.165284
0.950348
0.691611
0.000000
0.000000
0.000000
0.000000
0.000000
0.000000
0.000000
0.000000
0.000000
-1.166192
0.603247
0.911247
-1.262185
1.156981
0.682466
-1.381123
0.830793
0.636512
-1.286390
1.193102
0.682466
-1.406720
0.836278
0.640925
0.000000
0.000000
0.000000
0.000000
0.000000
0.000000
-1.144822
1.068413
0.655703
-1.097074
1.024346
0.613571
0.000000
0.000000
0.000000
0.000000
0.000000
0.000000
-1.133440
0.582533
0.865460
-1.105876
0.654135
0.834181
0.000000
0.000000
0.000000
0.000000
0.000000
0.000000
-1.475477
1.467550
0.343590
-1.513674
1.456717
0.354121
0.000000
0.000000
0.000000
0.000000
0.000000
0.000000
0.000000
0.000000
0.000000
-1.332434
0.613549
0.689937
0.000000
0.000000
0.000000
0.000000
0.000000
0.000000
-1.548410
0.835999
0.776272
-1.571669
0.850310
0.769119
0.000000
0.000000
0.000000
0.000000
0.000000
0.000000
-1.102660
1.410080
0.755920
-1.177511
1.075220
0.612364
0.000000
0.000000
0.000000
0.000000
0.000000
0.000000
-1.449035
0.517193
0.812414
-1.394316
0.687534
0.847825
-1.258586
0.755044
0.773751
-1.117499
0.920646
0.841603
-1.281450
0.767626
0.715778
-1.116270
1.041346
0.767931
0.000000
0.000000
0.000000
0.000000
0.000000
0.000000
-1.172056
0.776155
0.659629
-1.182437
0.705361
0.758298
0.000000
0.000000
0.000000
0.000000
0.000000
0.000000
-1.159830
0.554997
0.602679
-1.159254
0.519580
0.991606
-1.169924
1.233818
0.603494
-1.288531
1.054766
0.589689
-1.158311
1.208962
0.603494
-1.272655
1.017052
0.591856
0.000000
0.000000
0.000000
0.000000
0.000000
0.000000
-1.137061
0.849994
0.627950
-1.132956
0.895176
0.666499
0.000000
0.000000
0.000000
0.000000
0.000000
0.000000
-1.372616
0.351328
1.022519
-1.413197
0.316995
0.918576
-1.195610
0.756818
0.762461
-1.196845
0.761327
0.784981
-1.192194
0.714662
0.740697
-1.181742
0.712819
0.786218
0.000000
0.000000
0.000000
0.000000
0.000000
0.000000
-1.492913
0.523715
0.851258
-1.523705
0.517155
0.856560
0.000000
0.000000
0.000000
0.000000
0.000000
0.000000
0.000000
0.000000
0.000000
-1.204166
0.747255
0.677772
0.000000
0.000000
0.000000
0.000000
0.000000
0.000000
-1.224004
0.620783
0.704917
-1.307440
0.568711
0.788385
0.000000
0.000000
0.000000
0.000000
0.000000
0.000000
0.000000
0.000000
0.000000
-1.093793
0.587672
0.730637
0.000000
0.000000
0.000000
0.000000
0.000000
0.000000
-1.170723
0.761690
0.584010
-1.100601
1.176674
0.714103
0.000000
0.000000
0.000000
0.000000
0.000000
0.000000
-0.806296
1.478196
0.752829
-1.022811
0.976950
0.526786
0.000000
0.000000
0.000000
0.000000
0.000000
0.000000
0.000000
0.000000
0.000000
-0.978221
1.015943
0.693786
0.000000
0.000000
0.000000
0.000000
0.000000
0.000000
0.000000
0.000000
0.000000
-1.089622
1.160048
0.767802
0.000000
0.000000
0.000000
0.000000
0.000000
0.000000
0.000000
0.000000
0.000000
-1.200370
0.563183
0.658544
0.000000
0.000000
0.000000
0.000000
0.000000
0.000000
-1.435598
0.583471
0.828983
-1.525925
0.567852
0.833909
0.000000
0.000000
0.000000
0.000000
0.000000
0.000000
-1.060284
0.742514
0.672379
-1.026187
0.887334
0.739819
0.000000
0.000000
0.000000
0.000000
0.000000
0.000000
-1.371044
0.702427
0.766330
-1.371697
0.733295
0.803398
0.000000
0.000000
0.000000
0.000000
0.000000
0.000000
-1.223448
0.732514
0.752202
-1.322318
0.753122
0.743832
0.000000
0.000000
0.000000
0.000000
0.000000
0.000000
-1.141005
0.667977
0.708847
-1.219388
0.633778
0.844289
0.000000
0.000000
0.000000
0.000000
0.000000
0.000000
-0.940974
0.820175
0.825801
-0.940179
0.749434
0.786557
0.000000
0.000000
0.000000
0.000000
0.000000
0.000000
-1.389089
0.478748
0.948758
-1.455565
0.440074
0.878913
0.000000
0.000000
0.000000
0.000000
0.000000
0.000000
-1.216207
0.750378
0.846660
-1.257475
0.710736
0.845970
0.000000
0.000000
0.000000
0.000000
0.000000
0.000000
0.000000
0.000000
0.000000
-1.184522
0.764194
0.730471
0.000000
0.000000
0.000000
0.000000
0.000000
0.000000
0.000000
0.000000
0.000000
-1.163262
0.626948
0.704727
0.000000
0.000000
0.000000
0.000000
0.000000
0.000000
-1.427156
0.275382
0.894771
-1.457101
0.276564
0.893644
0.000000
0.000000
0.000000
0.000000
0.000000
0.000000
-1.427724
1.213957
0.528328
-1.443954
1.299292
0.480708
0.000000
0.000000
0.000000
0.000000
0.000000
0.000000
-1.649970
0.535406
0.851105
-1.665266
0.545869
0.862806
0.000000
0.000000
0.000000
0.000000
0.000000
0.000000
0.000000
0.000000
0.000000
-1.010744
0.927375
0.720714
0.000000
0.000000
0.000000
0.000000
0.000000
0.000000
-1.426702
0.959470
0.764454
-1.450250
0.901963
0.726899
0.000000
0.000000
0.000000
0.000000
0.000000
0.000000
0.000000
0.000000
0.000000
-1.020875
0.877109
0.705116
0.000000
0.000000
0.000000
0.000000
0.000000
0.000000
-0.929981
1.270137
0.747329
-1.070650
0.928025
0.609041
0.000000
0.000000
0.000000
0.000000
0.000000
0.000000
-1.160092
0.752022
0.674792
-1.056674
0.923524
0.821152
0.000000
0.000000
0.000000
0.000000
0.000000
0.000000
-1.188210
0.526232
0.716089
-1.198351
0.421739
0.863854
0.000000
0.000000
0.000000
0.000000
0.000000
0.000000
-1.473130
0.420055
0.868077
-1.532204
0.387621
0.897429
0.000000
0.000000
0.000000
0.000000
0.000000
0.000000
-1.573654
0.725964
0.817005
-1.590793
0.596384
0.843777
0.000000
0.000000
0.000000
0.000000
0.000000
0.000000
-1.176374
0.732742
0.685619
-1.204457
0.852577
0.738063
0.000000
0.000000
0.000000
0.000000
0.000000
0.000000
-1.201766
1.020697
0.722870
-1.289142
0.805281
0.759765
0.000000
0.000000
0.000000
0.000000
0.000000
0.000000
-0.998727
0.949453
0.631054
-1.135942
0.817701
0.791010
0.000000
0.000000
0.000000
0.000000
0.000000
0.000000
-1.166236
1.005341
0.490226
-1.193894
1.295793
0.432019
0.000000
0.000000
0.000000
0.000000
0.000000
0.000000
0.000000
0.000000
0.000000
-1.068566
0.833115
0.897590
0.000000
0.000000
0.000000
0.000000
0.000000
0.000000
-1.118858
1.334581
0.691402
-1.208400
1.081889
0.814147
0.000000
0.000000
0.000000
0.000000
0.000000
0.000000
0.000000
0.000000
0.000000
-1.358027
0.936755
0.618960
0.000000
0.000000
0.000000
0.000000
0.000000
0.000000
-1.321704
0.670463
0.743609
-1.328798
0.668451
0.818345
0.000000
0.000000
0.000000
0.000000
0.000000
0.000000
-1.264199
0.661220
0.902177
-1.329809
0.758125
0.918031
0.000000
0.000000
0.000000
0.000000
0.000000
0.000000
-1.214316
1.140768
0.667469
-1.286232
1.012658
0.623980
0.000000
0.000000
0.000000
0.000000
0.000000
0.000000
-1.206135
0.654891
0.756478
-1.223994
0.589850
0.754606
0.000000
0.000000
0.000000
0.000000
0.000000
0.000000
-1.507504
0.525363
0.862853
-1.498916
0.569871
0.824581
0.000000
0.000000
0.000000
0.000000
0.000000
0.000000
-1.081886
1.101362
0.675218
-1.069203
1.217573
0.592161
0.000000
0.000000
0.000000
0.000000
0.000000
0.000000
-1.171662
0.816703
0.618418
-1.167495
0.983686
0.671824
-1.477629
0.484937
0.871953
-1.502793
0.477526
0.867070
-1.401422
0.518334
0.859257
-1.424058
0.502262
0.857689
0.000000
0.000000
0.000000
0.000000
0.000000
0.000000
-1.172022
0.764612
0.811207
-1.264170
0.663435
0.858585
0.000000
0.000000
0.000000
0.000000
0.000000
0.000000
-1.534604
0.467911
0.867257
-1.552649
0.488572
0.861440
0.000000
0.000000
0.000000
0.000000
0.000000
0.000000
0.000000
0.000000
0.000000
-1.306320
0.447687
0.819162
0.000000
0.000000
0.000000
0.000000
0.000000
0.000000
-1.293666
0.720373
0.816992
-1.325267
0.743458
0.771829
0.000000
0.000000
0.000000
0.000000
0.000000
0.000000
-1.195111
0.606795
0.878262
-1.153347
0.526393
0.896131
0.000000
0.000000
0.000000
0.000000
0.000000
0.000000
0.000000
0.000000
0.000000
-1.135238
1.165453
0.734522
0.000000
0.000000
0.000000
0.000000
0.000000
0.000000
-1.300153
0.585658
0.864811
-1.272718
0.677603
0.816310
0.000000
0.000000
0.000000
0.000000
0.000000
0.000000
-1.077083
0.846702
0.740098
-1.068591
1.006695
0.699465
0.000000
0.000000
0.000000
0.000000
0.000000
0.000000
0.000000
0.000000
0.000000
-1.179183
0.454110
0.785814
0.000000
0.000000
0.000000
0.000000
0.000000
0.000000
-1.311455
1.042814
0.621687
-1.337553
1.075054
0.636535
0.000000
0.000000
0.000000
0.000000
0.000000
0.000000
-1.518785
0.502557
0.875446
-1.551733
0.449907
0.863297
0.000000
0.000000
0.000000
0.000000
0.000000
0.000000
-1.249618
0.836068
0.798107
-1.189494
0.818414
0.756549
0.000000
0.000000
0.000000
0.000000
0.000000
0.000000
-1.243785
1.038104
0.626216
-1.301791
1.078306
0.625810
-1.463123
0.587851
0.688590
-1.286879
0.909133
0.923093
-1.452966
0.589294
0.688590
-1.209291
1.128958
0.905209
0.000000
0.000000
0.000000
0.000000
0.000000
0.000000
-1.221085
0.718664
0.811333
-1.219772
0.890302
0.702498
0.000000
0.000000
0.000000
0.000000
0.000000
0.000000
-1.527908
0.335360
0.906477
-1.587633
0.283452
0.913132
0.000000
0.000000
0.000000
-1.352033
1.054612
0.866256
0.000000
0.000000
0.000000
-1.439126
0.779791
0.867061
0.000000
0.000000
0.000000
0.000000
0.000000
0.000000
-1.487120
0.950270
0.742886
-1.509260
0.913325
0.722592
0.000000
0.000000
0.000000
0.000000
0.000000
0.000000
-1.068025
0.860717
0.708012
-1.057025
1.113222
0.638405
0.000000
0.000000
0.000000
0.000000
0.000000
0.000000
-1.363322
0.571002
0.772431
-1.390133
0.677447
0.828160
0.000000
0.000000
0.000000
0.000000
0.000000
0.000000
0.000000
0.000000
0.000000
-1.196754
0.628717
0.912341
0.000000
0.000000
0.000000
0.000000
0.000000
0.000000
-1.638453
0.734202
0.810647
-1.659361
0.737208
0.811847
0.000000
0.000000
0.000000
0.000000
0.000000
0.000000
-1.133177
0.770881
0.846421
-1.259959
0.852061
0.815545
0.000000
0.000000
0.000000
0.000000
0.000000
0.000000
-1.129644
1.146694
0.612626
-1.180135
1.023744
0.686407
0.000000
0.000000
0.000000
0.000000
0.000000
0.000000
-1.477885
1.180006
0.581523
-1.502555
1.191092
0.588219
0.000000
0.000000
0.000000
0.000000
0.000000
0.000000
-1.225789
0.478008
0.815862
-1.299383
0.473392
0.840430
0.000000
0.000000
0.000000
0.000000
0.000000
0.000000
-1.440786
0.426535
0.895320
-1.452788
0.471121
0.909665
0.000000
0.000000
0.000000
0.000000
0.000000
0.000000
0.000000
0.000000
0.000000
-1.276440
0.665799
0.693881
0.000000
0.000000
0.000000
0.000000
0.000000
0.000000
-1.399115
0.651185
0.784724
-1.424354
0.731441
0.834233
0.000000
0.000000
0.000000
0.000000
0.000000
0.000000
-1.294965
0.872091
0.690000
-1.314102
0.921290
0.699197
0.000000
0.000000
0.000000
0.000000
0.000000
0.000000
-1.260713
0.768237
0.695733
-1.255572
0.861306
0.697850
0.000000
0.000000
0.000000
0.000000
0.000000
0.000000
0.000000
0.000000
0.000000
-1.121579
1.534004
0.638063
0.000000
0.000000
0.000000
0.000000
0.000000
0.000000
-1.492779
0.524081
0.831122
-1.497285
0.551454
0.848515
0.000000
0.000000
0.000000
0.000000
0.000000
0.000000
-1.249794
0.922915
0.780181
-1.354637
0.815844
0.765269
0.000000
0.000000
0.000000
0.000000
0.000000
0.000000
-1.413178
0.783968
0.762586
-1.450666
0.777203
0.768565
0.000000
0.000000
0.000000
0.000000
0.000000
0.000000
-1.224222
0.716356
0.822173
-1.302296
0.654266
0.801539
0.000000
0.000000
0.000000
0.000000
0.000000
0.000000
-1.332060
0.781960
0.733680
-1.361481
0.761851
0.770220
0.000000
0.000000
0.000000
0.000000
0.000000
0.000000
-1.443203
0.685883
0.850117
-1.496612
0.537044
0.773442
0.000000
0.000000
0.000000
0.000000
0.000000
0.000000
0.000000
0.000000
0.000000
-1.453686
0.620322
0.790308
0.000000
0.000000
0.000000
0.000000
0.000000
0.000000
0.000000
0.000000
0.000000
-1.150199
1.007408
0.654266
0.000000
0.000000
0.000000
0.000000
0.000000
0.000000
-1.264097
0.830536
0.881970
-1.308520
0.920045
0.688049
-1.122617
0.748038
0.610121
-1.172338
0.836074
0.734996
-1.118075
0.750105
0.610121
-1.189821
0.872650
0.713051
0.000000
0.000000
0.000000
0.000000
0.000000
0.000000
-1.393393
0.827742
0.741407
-1.431272
0.752659
0.761689
0.000000
0.000000
0.000000
0.000000
0.000000
0.000000
-1.477284
0.654829
0.821905
-1.509794
0.662492
0.823604
0.000000
0.000000
0.000000
0.000000
0.000000
0.000000
0.000000
0.000000
0.000000
-1.063721
0.790539
1.011848
0.000000
0.000000
0.000000
0.000000
0.000000
0.000000
-0.998125
0.611753
0.731711
-0.956151
0.794611
0.684505
0.000000
0.000000
0.000000
0.000000
0.000000
0.000000
0.000000
0.000000
0.000000
-1.261998
0.511407
0.787117
0.000000
0.000000
0.000000
0.000000
0.000000
0.000000
0.000000
0.000000
0.000000
-1.297139
0.666764
0.648356
0.000000
0.000000
0.000000
0.000000
0.000000
0.000000
0.000000
0.000000
0.000000
-1.391445
0.618147
0.647342
0.000000
0.000000
0.000000
0.000000
0.000000
0.000000
-1.410519
0.940288
0.691625
-1.440930
0.972228
0.701934
0.000000
0.000000
0.000000
0.000000
0.000000
0.000000
0.000000
0.000000
0.000000
-1.171535
0.513546
0.668866
0.000000
0.000000
0.000000
0.000000
0.000000
0.000000
-1.280442
0.488957
0.903054
-1.389371
0.430223
0.871859
0.000000
0.000000
0.000000
0.000000
0.000000
0.000000
-1.220617
1.115429
0.611413
-1.309867
1.110849
0.602999
0.000000
0.000000
0.000000
0.000000
0.000000
0.000000
-0.904393
1.337820
0.770997
-1.140869
0.888916
0.709423
0.000000
0.000000
0.000000
0.000000
0.000000
0.000000
-1.455764
0.871362
0.769103
-1.510270
0.738496
0.784191
0.000000
0.000000
0.000000
0.000000
0.000000
0.000000
-1.320961
0.628974
0.804811
-1.375290
0.620892
0.800847
0.000000
0.000000
0.000000
0.000000
0.000000
0.000000
-1.178879
0.699363
0.759811
-1.014258
1.389327
0.902282
0.000000
0.000000
0.000000
0.000000
0.000000
0.000000
-1.282327
1.173994
0.786541
-1.488027
0.998999
0.703072
0.000000
0.000000
0.000000
0.000000
0.000000
0.000000
-1.412013
0.450944
0.969651
-1.511457
0.398500
0.920717
0.000000
0.000000
0.000000
0.000000
0.000000
0.000000
0.000000
0.000000
0.000000
-1.149417
0.823988
0.710912
0.000000
0.000000
0.000000
0.000000
0.000000
0.000000
-0.958879
1.423176
0.760312
-1.127517
1.054846
0.783882
0.000000
0.000000
0.000000
0.000000
0.000000
0.000000
-1.117951
0.892893
0.740071
-1.143995
1.217159
0.655738
0.000000
0.000000
0.000000
0.000000
0.000000
0.000000
-1.381701
1.315255
0.498955
-1.403894
1.415857
0.510088
0.000000
0.000000
0.000000
-1.395873
0.545142
0.634670
0.000000
0.000000
0.000000
-1.392444
0.545872
0.634670
0.000000
0.000000
0.000000
0.000000
0.000000
0.000000
-1.309943
0.867817
0.672757
-1.217232
1.193417
0.625533
0.000000
0.000000
0.000000
0.000000
0.000000
0.000000
0.000000
0.000000
0.000000
-1.232273
0.583684
0.696020
0.000000
0.000000
0.000000
0.000000
0.000000
0.000000
-1.419809
0.866795
0.621841
-1.393405
0.996731
0.779103
0.000000
0.000000
0.000000
0.000000
0.000000
0.000000
-1.243300
1.041849
0.585066
-1.319226
1.187582
0.599361
0.000000
0.000000
0.000000
0.000000
0.000000
0.000000
-1.127296
1.479519
0.686762
-1.170123
1.184187
0.677528
-1.357019
0.444418
0.880668
-1.362004
0.431016
0.877399
-1.289091
0.496499
0.860283
-1.305364
0.490862
0.873239
0.000000
0.000000
0.000000
0.000000
0.000000
0.000000
0.000000
0.000000
0.000000
-1.007965
1.149212
0.783426
0.000000
0.000000
0.000000
0.000000
0.000000
0.000000
-1.623776
0.611616
0.835236
-1.653647
0.596160
0.864310
0.000000
0.000000
0.000000
0.000000
0.000000
0.000000
-1.337839
0.575575
0.861831
-1.350336
0.573859
0.768535
0.000000
0.000000
0.000000
0.000000
0.000000
0.000000
0.000000
0.000000
0.000000
-1.278561
0.638765
0.718003
0.000000
0.000000
0.000000
0.000000
0.000000
0.000000
0.000000
0.000000
0.000000
-1.221895
1.148880
0.794868
0.000000
0.000000
0.000000
0.000000
0.000000
0.000000
0.000000
0.000000
0.000000
-1.210702
2.097425
0.893413
0.000000
0.000000
0.000000
0.000000
0.000000
0.000000
-1.215130
0.649787
0.688318
-1.128974
0.905564
0.636369
0.000000
0.000000
0.000000
0.000000
0.000000
0.000000
-1.156460
0.936195
0.670203
-1.211857
0.860839
0.743079
0.000000
0.000000
0.000000
0.000000
0.000000
0.000000
-1.148583
0.642037
0.813607
-1.198403
0.798638
0.758518
0.000000
0.000000
0.000000
0.000000
0.000000
0.000000
0.000000
0.000000
0.000000
-1.211452
0.691501
0.962502
-1.328925
0.869012
0.774676
-1.321352
1.034696
0.678232
-1.301091
0.851529
0.774676
-1.268838
1.017985
0.679232
0.000000
0.000000
0.000000
0.000000
0.000000
0.000000
-1.441939
0.397516
0.879841
-1.517825
0.362209
0.883034
-1.118567
0.452416
0.861593
-1.131377
0.388846
0.897035
-1.115660
0.451454
0.861593
-1.121676
0.353772
0.918469
0.000000
0.000000
0.000000
0.000000
0.000000
0.000000
-1.172943
0.532362
0.874917
-1.145245
0.615364
0.732011
0.000000
0.000000
0.000000
0.000000
0.000000
0.000000
-1.465379
0.674848
0.788813
-1.551765
0.406760
0.877829
0.000000
0.000000
0.000000
0.000000
0.000000
0.000000
-1.104635
0.826112
0.797418
-1.232461
0.771201
0.795578
-1.355744
0.923936
0.815620
-1.382670
0.771847
0.797142
-1.342972
0.925799
0.814186
-1.366307
0.770018
0.796953
0.000000
0.000000
0.000000
0.000000
0.000000
0.000000
0.000000
0.000000
0.000000
-0.945605
1.170312
0.796071
0.000000
0.000000
0.000000
0.000000
0.000000
0.000000
-1.370447
0.525132
0.739558
-1.281188
0.592060
0.778738
0.000000
0.000000
0.000000
0.000000
0.000000
0.000000
0.000000
0.000000
0.000000
-1.231572
0.525774
1.045151
0.000000
0.000000
0.000000
0.000000
0.000000
0.000000
-1.458023
0.446202
0.877131
-1.494788
0.467733
0.866631
0.000000
0.000000
0.000000
0.000000
0.000000
0.000000
-1.072917
0.668503
0.758740
-0.937073
1.038690
0.771537
0.000000
0.000000
0.000000
0.000000
0.000000
0.000000
-1.227485
0.522032
0.873491
-1.240537
0.519713
0.833039
0.000000
0.000000
0.000000
0.000000
0.000000
0.000000
-1.259203
1.347542
0.429210
-1.331035
1.316412
0.425888
0.000000
0.000000
0.000000
0.000000
0.000000
0.000000
-1.223687
0.829158
0.787179
-1.265734
0.918352
0.756037
0.000000
0.000000
0.000000
0.000000
0.000000
0.000000
-1.107736
1.104043
0.791537
-1.206373
0.944840
0.636750
0.000000
0.000000
0.000000
0.000000
0.000000
0.000000
-1.192609
1.383344
0.380994
-1.262489
1.283202
0.409729
0.000000
0.000000
0.000000
0.000000
0.000000
0.000000
-1.380098
0.553138
0.821340
-1.336920
0.692355
0.805542
0.000000
0.000000
0.000000
0.000000
0.000000
0.000000
-1.434767
1.011442
0.656859
-1.498343
0.988195
0.674331
0.000000
0.000000
0.000000
0.000000
0.000000
0.000000
-1.262292
0.593289
0.860813
-1.336509
0.475781
0.889535
0.000000
0.000000
0.000000
0.000000
0.000000
0.000000
-1.258975
0.524462
1.119730
-1.299536
0.517226
0.939543
0.000000
0.000000
0.000000
0.000000
0.000000
0.000000
-1.416361
1.057707
0.638690
-1.432471
1.089463
0.648384
0.000000
0.000000
0.000000
0.000000
0.000000
0.000000
-1.116213
0.663092
0.778304
-1.249063
0.514366
0.838786
0.000000
0.000000
0.000000
0.000000
0.000000
0.000000
-1.509352
0.841169
0.775923
-1.488800
1.023080
0.694232
0.000000
0.000000
0.000000
0.000000
0.000000
0.000000
-0.805106
1.188561
0.819727
-1.090969
0.939505
0.762726
0.000000
0.000000
0.000000
0.000000
0.000000
0.000000
-1.525402
0.443054
0.868044
-1.548995
0.377909
0.869873
0.000000
0.000000
0.000000
0.000000
0.000000
0.000000
-1.319393
1.168443
0.765249
-1.361699
0.974474
0.777628
0.000000
0.000000
0.000000
0.000000
0.000000
0.000000
-1.259960
0.616262
0.717825
-1.394367
0.506117
0.884000
0.000000
0.000000
0.000000
0.000000
0.000000
0.000000
-1.131747
0.686064
0.642866
-1.134294
0.788229
0.591559
-1.313961
1.779527
0.585405
-1.484279
1.134493
0.692182
-1.351712
1.520001
0.582424
-1.494229
1.022908
0.699699
0.000000
0.000000
0.000000
0.000000
0.000000
0.000000
-1.241267
1.134842
0.496912
-1.282834
1.103630
0.615303
0.000000
0.000000
0.000000
0.000000
0.000000
0.000000
-1.195445
0.673818
0.804832
-1.172315
0.727577
0.855914
0.000000
0.000000
0.000000
0.000000
0.000000
0.000000
-1.051683
1.073728
0.851078
-1.109916
1.323211
0.660582
0.000000
0.000000
0.000000
0.000000
0.000000
0.000000
-1.374761
0.596264
0.811564
-1.474383
0.586857
0.835568
0.000000
0.000000
0.000000
0.000000
0.000000
0.000000
0.000000
0.000000
0.000000
-1.571742
0.476752
0.748888
0.000000
0.000000
0.000000
0.000000
0.000000
0.000000
0.000000
0.000000
0.000000
-0.994244
1.301615
0.697629
0.000000
0.000000
0.000000
0.000000
0.000000
0.000000
-1.382974
0.780673
0.778490
-1.409318
0.775846
0.785924
0.000000
0.000000
0.000000
0.000000
0.000000
0.000000
-1.385354
0.566551
0.880707
-1.439445
0.623949
0.836513
0.000000
0.000000
0.000000
0.000000
0.000000
0.000000
-1.278604
0.840737
0.697417
-1.314005
0.870926
0.726000
0.000000
0.000000
0.000000
0.000000
0.000000
0.000000
-1.308542
0.409968
0.861476
-1.411725
0.371384
0.883169
0.000000
0.000000
0.000000
0.000000
0.000000
0.000000
-1.142483
0.892934
0.654609
-1.217303
0.938941
0.668739
0.000000
0.000000
0.000000
0.000000
0.000000
0.000000
-0.960568
1.012279
0.785772
-1.154636
0.753666
0.840412
0.000000
0.000000
0.000000
0.000000
0.000000
0.000000
-1.222615
0.718422
0.810508
-1.280740
0.639908
0.793481
0.000000
0.000000
0.000000
0.000000
0.000000
0.000000
-1.203268
0.511236
0.668791
-1.252224
0.440045
1.096718
0.000000
0.000000
0.000000
0.000000
0.000000
0.000000
0.000000
0.000000
0.000000
-1.181547
0.423403
0.808901
0.000000
0.000000
0.000000
0.000000
0.000000
0.000000
-1.479292
1.459102
0.354368
-1.519791
1.459474
0.358724
0.000000
0.000000
0.000000
0.000000
0.000000
0.000000
-1.267939
0.607858
0.973171
-1.204081
0.707792
0.914956
0.000000
0.000000
0.000000
0.000000
0.000000
0.000000
-1.217203
0.605798
0.731846
-1.232659
0.635029
1.030172
0.000000
0.000000
0.000000
0.000000
0.000000
0.000000
-1.425117
0.640142
0.785395
-1.471835
0.637276
0.814705
0.000000
0.000000
0.000000
0.000000
0.000000
0.000000
-1.334517
1.105940
0.622854
-1.377116
1.126596
0.616821
0.000000
0.000000
0.000000
0.000000
0.000000
0.000000
-1.338056
0.852231
0.802729
-1.345535
0.778206
0.800874
0.000000
0.000000
0.000000
0.000000
0.000000
0.000000
0.000000
0.000000
0.000000
-1.190234
0.579434
0.683652
0.000000
0.000000
0.000000
0.000000
0.000000
0.000000
0.000000
0.000000
0.000000
-1.335277
0.496191
0.720373
0.000000
0.000000
0.000000
0.000000
0.000000
0.000000
0.000000
0.000000
0.000000
-1.132074
0.687314
0.826268
0.000000
0.000000
0.000000
-1.372269
0.852274
0.860856
0.000000
0.000000
0.000000
-1.355127
0.861652
0.860856
0.000000
0.000000
0.000000
0.000000
0.000000
0.000000
-0.970451
1.231585
0.649809
-1.138194
0.921068
0.506363
0.000000
0.000000
0.000000
0.000000
0.000000
0.000000
-1.266077
0.413240
0.859625
-1.314874
0.413386
0.871219
0.000000
0.000000
0.000000
0.000000
0.000000
0.000000
-1.479987
0.599339
0.853882
-1.494792
0.590963
0.828872
0.000000
0.000000
0.000000
0.000000
0.000000
0.000000
-1.226676
0.834585
0.713183
-1.215625
1.054999
0.586029
0.000000
0.000000
0.000000
0.000000
0.000000
0.000000
-1.042128
0.837531
0.757160
-1.138496
0.619641
0.769588
0.000000
0.000000
0.000000
0.000000
0.000000
0.000000
0.000000
0.000000
0.000000
-1.190718
1.102269
0.716481
0.000000
0.000000
0.000000
0.000000
0.000000
0.000000
-1.476703
0.734739
0.798647
-1.508316
0.738912
0.790766
0.000000
0.000000
0.000000
0.000000
0.000000
0.000000
-1.139645
0.826626
0.734882
-1.128200
1.268003
0.707001
0.000000
0.000000
0.000000
0.000000
0.000000
0.000000
-1.518067
0.799311
0.777591
-1.537934
0.738997
0.789480
0.000000
0.000000
0.000000
0.000000
0.000000
0.000000
-1.243551
1.099607
0.701263
-1.329857
0.992317
0.676651
-1.042894
0.555671
0.716909
-0.928203
0.709982
0.790097
-1.013827
0.551438
0.713969
-0.891934
0.737656
0.788901
-1.240111
0.791911
0.721460
-1.295989
0.783255
0.737727
-1.166020
0.758985
0.770521
-1.248976
0.768069
0.752955
-1.097344
0.621071
0.848798
-1.113725
0.770980
0.751456
-1.118553
0.561986
0.845967
-1.090271
0.764964
0.762131
0.000000
0.000000
0.000000
0.000000
0.000000
0.000000
-1.531093
0.477666
0.864573
-1.567169
0.464722
0.865244
0.000000
0.000000
0.000000
0.000000
0.000000
0.000000
-1.172378
0.865476
0.655466
-1.265190
0.729030
0.569900
0.000000
0.000000
0.000000
0.000000
0.000000
0.000000
0.000000
0.000000
0.000000
-1.411420
0.502323
0.826896
0.000000
0.000000
0.000000
0.000000
0.000000
0.000000
-1.186230
0.535323
0.881285
-1.277090
0.520239
0.849440
0.000000
0.000000
0.000000
0.000000
0.000000
0.000000
-1.276926
0.544543
0.788892
-1.130520
0.625200
0.856412
0.000000
0.000000
0.000000
0.000000
0.000000
0.000000
-1.627337
1.108990
0.660631
-1.653179
1.073636
0.682633
0.000000
0.000000
0.000000
0.000000
0.000000
0.000000
-1.306778
0.619581
0.688369
-1.336538
0.469075
0.869600
0.000000
0.000000
0.000000
0.000000
0.000000
0.000000
-1.120931
1.350690
0.843308
-1.184201
1.328397
0.749946
0.000000
0.000000
0.000000
0.000000
0.000000
0.000000
-1.183283
1.079520
0.613189
-1.281956
0.965872
0.673648
0.000000
0.000000
0.000000
0.000000
0.000000
0.000000
-1.133008
0.974717
0.712233
-1.076557
1.295523
0.719313
0.000000
0.000000
0.000000
0.000000
0.000000
0.000000
-1.065767
0.630265
0.683529
-1.123026
0.768756
0.829085
-1.551634
0.527323
0.740832
-1.579132
0.346856
0.850412
-1.543088
0.528393
0.740832
-1.575459
0.345459
0.850412
0.000000
0.000000
0.000000
0.000000
0.000000
0.000000
-1.345938
0.487084
0.848983
-1.298790
0.565139
0.911382
0.000000
0.000000
0.000000
0.000000
0.000000
0.000000
-1.229926
0.799292
0.785906
-1.277778
0.760045
0.797431
0.000000
0.000000
0.000000
0.000000
0.000000
0.000000
-1.177405
1.476742
0.826240
-1.283246
1.050699
0.728823
0.000000
0.000000
0.000000
0.000000
0.000000
0.000000
-0.963666
1.094657
0.563087
-1.069044
1.188925
0.412671
-1.085004
1.038478
0.729191
-1.141280
1.003504
0.654639
-1.076669
1.048584
0.729191
-1.126871
0.992053
0.655222
0.000000
0.000000
0.000000
0.000000
0.000000
0.000000
-1.332762
0.465680
0.776652
-1.303099
0.505728
0.810537
0.000000
0.000000
0.000000
0.000000
0.000000
0.000000
-1.052641
0.443886
0.890708
-0.882719
0.614134
0.791664
0.000000
0.000000
0.000000
0.000000
0.000000
0.000000
-1.390108
0.898064
0.635418
-1.428900
0.884796
0.630451
0.000000
0.000000
0.000000
0.000000
0.000000
0.000000
-0.961653
1.189249
0.769990
-1.100548
0.969281
0.704074
0.000000
0.000000
0.000000
0.000000
0.000000
0.000000
-1.441930
1.038218
0.777655
-1.500845
0.917975
0.775281
0.000000
0.000000
0.000000
0.000000
0.000000
0.000000
-1.048332
0.970183
0.776169
-1.166506
0.765597
0.756589
0.000000
0.000000
0.000000
0.000000
0.000000
0.000000
-1.534589
0.924496
0.753822
-1.569088
0.930935
0.727586
0.000000
0.000000
0.000000
0.000000
0.000000
0.000000
-1.300730
0.464495
0.829010
-1.356149
0.421247
0.876789
0.000000
0.000000
0.000000
0.000000
0.000000
0.000000
-1.229879
1.028447
0.627416
-1.300392
0.938008
0.674304
0.000000
0.000000
0.000000
0.000000
0.000000
0.000000
-1.286205
0.746236
0.733898
-1.297694
0.829250
0.704571
0.000000
0.000000
0.000000
0.000000
0.000000
0.000000
-1.129120
1.052658
0.694072
-1.210249
0.850288
0.617966
0.000000
0.000000
0.000000
0.000000
0.000000
0.000000
-1.618958
0.485524
0.889525
-1.612153
0.658416
0.877022
0.000000
0.000000
0.000000
0.000000
0.000000
0.000000
-1.420344
0.655552
0.819002
-1.435002
0.680426
0.813874
0.000000
0.000000
0.000000
0.000000
0.000000
0.000000
-1.181145
1.059952
0.667425
-1.211759
1.012192
0.619756
0.000000
0.000000
0.000000
0.000000
0.000000
0.000000
-1.238043
0.666307
0.721991
-1.202025
0.755614
0.853090
0.000000
0.000000
0.000000
0.000000
0.000000
0.000000
-1.054289
1.105985
0.777532
-1.237989
1.085363
0.767711
0.000000
0.000000
0.000000
0.000000
0.000000
0.000000
0.000000
0.000000
0.000000
-1.257217
0.930068
0.721371
0.000000
0.000000
0.000000
0.000000
0.000000
0.000000
-1.456780
0.785212
0.752940
-1.470375
0.761798
0.782798
0.000000
0.000000
0.000000
0.000000
0.000000
0.000000
-1.233528
0.531644
0.817484
-1.265826
0.636804
0.798694
-1.241327
0.313491
0.874296
-1.233870
0.363706
0.849913
-1.239687
0.244127
0.878132
-1.171472
0.268618
0.884023
0.000000
0.000000
0.000000
0.000000
0.000000
0.000000
-1.195940
0.978139
0.607248
-1.235738
1.084698
0.583521
0.000000
0.000000
0.000000
0.000000
0.000000
0.000000
-1.153726
0.733471
0.596258
-1.053040
0.899033
0.731528
0.000000
0.000000
0.000000
0.000000
0.000000
0.000000
-1.406222
0.681372
0.861845
-1.426627
0.718489
0.816013
0.000000
0.000000
0.000000
0.000000
0.000000
0.000000
0.000000
0.000000
0.000000
-1.504358
0.452454
0.758456
0.000000
0.000000
0.000000
0.000000
0.000000
0.000000
0.000000
0.000000
0.000000
-1.359889
1.072488
0.623671
0.000000
0.000000
0.000000
0.000000
0.000000
0.000000
-1.274880
0.690566
0.849844
-1.256775
0.775998
0.790837
0.000000
0.000000
0.000000
0.000000
0.000000
0.000000
-1.117851
0.738898
0.775246
-1.097099
0.750561
0.747827
-1.328363
0.423511
0.873852
-1.404799
0.389872
0.861607
-1.366122
0.419030
0.880029
-1.459431
0.346364
0.865700
-1.406723
0.547009
0.662923
-1.246303
0.685232
0.841170
-1.374467
0.554733
0.662923
-1.202064
0.693832
0.816843
0.000000
0.000000
0.000000
0.000000
0.000000
0.000000
-1.237698
0.772563
0.871407
-1.295376
0.742918
0.821485
0.000000
0.000000
0.000000
0.000000
0.000000
0.000000
-1.042819
0.958889
0.649458
-1.160971
0.735928
0.731307
0.000000
0.000000
0.000000
0.000000
0.000000
0.000000
0.000000
0.000000
0.000000
-1.282845
0.522937
0.772184
0.000000
0.000000
0.000000
0.000000
0.000000
0.000000
0.000000
0.000000
0.000000
-1.291281
0.808522
0.678108
0.000000
0.000000
0.000000
0.000000
0.000000
0.000000
-1.500492
0.484680
0.733155
-1.499785
0.606693
0.855254
0.000000
0.000000
0.000000
0.000000
0.000000
0.000000
-1.074436
0.492042
0.683404
-1.025773
0.875679
0.803667
0.000000
0.000000
0.000000
0.000000
0.000000
0.000000
-1.115204
0.881434
0.687417
-1.194265
0.703482
0.622396
0.000000
0.000000
0.000000
0.000000
0.000000
0.000000
-1.163989
0.761377
0.904176
-1.205614
0.996358
0.850768
0.000000
0.000000
0.000000
0.000000
0.000000
0.000000
-1.542489
1.129059
0.637706
-1.566744
1.140277
0.638158
0.000000
0.000000
0.000000
0.000000
0.000000
0.000000
-1.205029
0.936797
0.746829
-1.262072
1.037363
0.652957
0.000000
0.000000
0.000000
0.000000
0.000000
0.000000
-1.167918
1.152695
0.793209
-1.233438
1.022559
0.740157
0.000000
0.000000
0.000000
0.000000
0.000000
0.000000
-1.095322
0.986314
0.625067
-1.177583
0.731677
0.794916
0.000000
0.000000
0.000000
0.000000
0.000000
0.000000
-1.133616
0.662653
0.862769
-1.076701
0.981877
0.747923
0.000000
0.000000
0.000000
0.000000
0.000000
0.000000
-1.098563
1.888202
0.797220
-1.373409
1.157659
0.743859
0.000000
0.000000
0.000000
0.000000
0.000000
0.000000
0.000000
0.000000
0.000000
-1.494385
0.473303
0.745280
0.000000
0.000000
0.000000
0.000000
0.000000
0.000000
-1.043196
1.457840
0.648904
-1.237385
1.052173
0.616966
0.000000
0.000000
0.000000
0.000000
0.000000
0.000000
-1.045785
0.871613
0.973184
-1.041196
1.222198
0.864102
0.000000
0.000000
0.000000
0.000000
0.000000
0.000000
-1.258062
1.079536
0.635404
-1.303080
1.125943
0.614770
0.000000
0.000000
0.000000
0.000000
0.000000
0.000000
-1.436244
0.667264
0.632814
-1.468493
0.630914
0.919806
0.000000
0.000000
0.000000
0.000000
0.000000
0.000000
-1.431195
0.417376
0.952100
-1.446152
0.479725
0.869252
0.000000
0.000000
0.000000
0.000000
0.000000
0.000000
0.000000
0.000000
0.000000
-1.158493
1.098185
0.613812
0.000000
0.000000
0.000000
0.000000
0.000000
0.000000
-1.243818
0.784909
0.892310
-1.301653
0.745779
0.828484
0.000000
0.000000
0.000000
0.000000
0.000000
0.000000
-1.212526
1.206397
0.464565
-1.268389
1.249988
0.486629
0.000000
0.000000
0.000000
0.000000
0.000000
0.000000
-1.070190
1.485268
0.695027
-1.161670
0.972885
0.623091
0.000000
0.000000
0.000000
0.000000
0.000000
0.000000
-1.083656
1.007068
0.587685
-1.136197
0.846048
0.705517
0.000000
0.000000
0.000000
0.000000
0.000000
0.000000
0.000000
0.000000
0.000000
-1.186817
0.612889
0.839213
0.000000
0.000000
0.000000
0.000000
0.000000
0.000000
0.000000
0.000000
0.000000
-1.191229
0.792056
0.664237
0.000000
0.000000
0.000000
0.000000
0.000000
0.000000
-1.294523
0.640884
0.614648
-1.478315
0.750076
1.008559
0.000000
0.000000
0.000000
0.000000
0.000000
0.000000
-1.238187
1.216768
0.798445
-1.285503
0.890027
0.687852
0.000000
0.000000
0.000000
0.000000
0.000000
0.000000
-1.420287
0.768681
0.804975
-1.499751
0.563885
0.853663
0.000000
0.000000
0.000000
0.000000
0.000000
0.000000
-1.374203
1.273543
0.638975
-1.422953
1.076462
0.603688
0.000000
0.000000
0.000000
0.000000
0.000000
0.000000
-1.316036
1.030992
0.602242
-1.325895
1.239918
0.604544
0.000000
0.000000
0.000000
0.000000
0.000000
0.000000
-1.215766
0.777348
0.786023
-1.231942
0.925132
0.712835
0.000000
0.000000
0.000000
0.000000
0.000000
0.000000
-1.082310
1.003725
0.644933
-1.114473
0.721878
0.643888
0.000000
0.000000
0.000000
0.000000
0.000000
0.000000
-1.218416
0.830475
0.662749
-1.270346
0.812096
0.803922
0.000000
0.000000
0.000000
0.000000
0.000000
0.000000
-1.384516
0.608135
0.844854
-1.453555
0.557208
0.792410
0.000000
0.000000
0.000000
0.000000
0.000000
0.000000
-1.306956
1.041281
0.737035
-1.354018
1.023756
0.716031
0.000000
0.000000
0.000000
0.000000
0.000000
0.000000
-1.656395
0.544855
0.857845
-1.688192
0.535303
0.862872
0.000000
0.000000
0.000000
0.000000
0.000000
0.000000
0.000000
0.000000
0.000000
-1.190079
0.577156
0.683723
0.000000
0.000000
0.000000
0.000000
0.000000
0.000000
0.000000
0.000000
0.000000
-1.104293
0.562414
0.797721
0.000000
0.000000
0.000000
0.000000
0.000000
0.000000
-1.545169
0.357406
0.887896
-1.510122
0.399893
0.864514
0.000000
0.000000
0.000000
0.000000
0.000000
0.000000
-1.320368
1.131641
0.616383
-1.396517
1.126184
0.615277
0.000000
0.000000
0.000000
0.000000
0.000000
0.000000
-1.510698
0.921126
0.784497
-1.518307
0.947186
0.735119
0.000000
0.000000
0.000000
0.000000
0.000000
0.000000
-1.029301
0.794577
0.650877
-0.991796
1.054047
0.649743
0.000000
0.000000
0.000000
0.000000
0.000000
0.000000
-1.022105
0.608405
0.708505
-0.982589
0.904485
0.771487
0.000000
0.000000
0.000000
0.000000
0.000000
0.000000
-1.361932
0.642723
0.692301
-1.314163
0.884981
0.769648
0.000000
0.000000
0.000000
0.000000
0.000000
0.000000
-1.250696
0.701416
0.771215
-1.288060
0.693220
0.763213
0.000000
0.000000
0.000000
0.000000
0.000000
0.000000
-1.159493
0.831037
0.672979
-1.123376
1.120208
0.668894
0.000000
0.000000
0.000000
0.000000
0.000000
0.000000
-1.355334
0.379868
0.902366
-1.338978
0.371183
0.870624
-1.392745
0.622221
0.820976
-1.383648
0.726723
0.799464
-1.373190
0.611336
0.827384
-1.344148
0.720823
0.800241
0.000000
0.000000
0.000000
0.000000
0.000000
0.000000
-1.283230
0.754596
0.765810
-1.274041
0.889750
0.713672
0.000000
0.000000
0.000000
0.000000
0.000000
0.000000
0.000000
0.000000
0.000000
-1.162119
0.619570
0.752977
0.000000
0.000000
0.000000
0.000000
0.000000
0.000000
-0.881236
1.200612
0.863852
-1.010340
0.953866
0.745466
0.000000
0.000000
0.000000
0.000000
0.000000
0.000000
-1.621139
0.742317
0.805960
-1.643548
0.754212
0.806824
0.000000
0.000000
0.000000
0.000000
0.000000
0.000000
-1.428824
0.545997
0.691242
-1.572015
0.511109
0.864239
0.000000
0.000000
0.000000
0.000000
0.000000
0.000000
-1.214940
0.845288
0.784818
-1.296446
0.726431
0.811491
0.000000
0.000000
0.000000
0.000000
0.000000
0.000000
0.000000
0.000000
0.000000
-1.218392
0.470094
0.616170
0.000000
0.000000
0.000000
0.000000
0.000000
0.000000
-1.154113
0.847470
0.725115
-1.237198
0.704934
0.791349
0.000000
0.000000
0.000000
0.000000
0.000000
0.000000
-1.206697
0.818299
0.794341
-1.201564
0.894768
0.697962
0.000000
0.000000
0.000000
0.000000
0.000000
0.000000
-1.221433
0.704242
0.613113
-1.271443
0.767942
0.948604
0.000000
0.000000
0.000000
0.000000
0.000000
0.000000
-1.229300
0.715738
0.705210
-1.256130
0.816986
0.670515
0.000000
0.000000
0.000000
0.000000
0.000000
0.000000
-1.561102
0.358406
0.906150
-1.486225
0.465238
0.868487
0.000000
0.000000
0.000000
0.000000
0.000000
0.000000
-1.250300
0.886501
0.585335
-1.235855
1.161975
0.557200
0.000000
0.000000
0.000000
0.000000
0.000000
0.000000
-1.434377
0.604645
0.921492
-1.467074
0.565128
0.825182
0.000000
0.000000
0.000000
0.000000
0.000000
0.000000
-1.240359
0.793128
0.775937
-1.256482
0.828658
0.721980
-1.342487
0.753752
0.884558
-1.318990
0.858389
0.855058
-1.216554
0.870273
0.795602
-1.231469
0.875816
0.803437
0.000000
0.000000
0.000000
0.000000
0.000000
0.000000
-1.303659
0.862165
0.751727
-1.314099
0.857616
0.749927
0.000000
0.000000
0.000000
0.000000
0.000000
0.000000
-1.100694
0.982171
0.620820
-1.140742
0.894800
0.647780
0.000000
0.000000
0.000000
0.000000
0.000000
0.000000
-1.259806
0.762656
0.738217
-1.223711
0.830573
0.717165
-1.155696
1.122323
0.584703
-1.207881
1.043492
0.648401
-1.091533
1.108787
0.591309
-1.137912
1.090626
0.589292
0.000000
0.000000
0.000000
0.000000
0.000000
0.000000
-1.301492
0.813188
0.753442
-1.370498
0.724774
0.790456
0.000000
0.000000
0.000000
0.000000
0.000000
0.000000
-1.050582
0.726970
0.706185
-1.157518
0.731502
0.649248
0.000000
0.000000
0.000000
0.000000
0.000000
0.000000
-1.329893
0.619354
0.717209
-1.375199
0.612804
0.769057
0.000000
0.000000
0.000000
0.000000
0.000000
0.000000
-1.398654
0.580789
0.797719
-1.447713
0.706607
0.825495
0.000000
0.000000
0.000000
0.000000
0.000000
0.000000
-1.390414
0.527709
0.683969
-1.321618
0.592669
0.785733
0.000000
0.000000
0.000000
0.000000
0.000000
0.000000
-1.287856
0.447205
0.840780
-1.333158
0.473538
0.842317
0.000000
0.000000
0.000000
0.000000
0.000000
0.000000
-1.338305
0.791428
0.801155
-1.399762
0.798530
0.731308
0.000000
0.000000
0.000000
0.000000
0.000000
0.000000
-1.193246
0.721737
0.844348
-1.310069
0.639355
0.831018
0.000000
0.000000
0.000000
0.000000
0.000000
0.000000
0.000000
0.000000
0.000000
-1.428253
0.640372
0.757202
0.000000
0.000000
0.000000
0.000000
0.000000
0.000000
-1.158310
0.506342
0.886537
-1.161236
0.575957
0.804109
0.000000
0.000000
0.000000
0.000000
0.000000
0.000000
-1.073895
0.508636
0.833300
-1.194080
0.429334
0.855154
0.000000
0.000000
0.000000
0.000000
0.000000
0.000000
-1.519483
0.833618
0.788323
-1.590682
0.816989
0.777176
0.000000
0.000000
0.000000
0.000000
0.000000
0.000000
-1.342020
0.836267
0.726481
-1.264132
0.986970
0.655370
0.000000
0.000000
0.000000
0.000000
0.000000
0.000000
-1.362006
0.949135
0.808385
-1.402725
0.964086
0.836429
0.000000
0.000000
0.000000
0.000000
0.000000
0.000000
-1.422149
0.763280
0.760938
-1.504185
0.638625
0.793364
0.000000
0.000000
0.000000
0.000000
0.000000
0.000000
-1.179994
1.017253
0.845671
-1.281908
0.870517
0.851708
0.000000
0.000000
0.000000
0.000000
0.000000
0.000000
-1.187669
0.787249
0.677651
-1.168707
1.080722
0.706786
0.000000
0.000000
0.000000
0.000000
0.000000
0.000000
0.000000
0.000000
0.000000
-1.100308
0.717328
0.748387
0.000000
0.000000
0.000000
0.000000
0.000000
0.000000
-1.215634
1.274237
0.869581
-1.424797
0.864951
0.815904
0.000000
0.000000
0.000000
0.000000
0.000000
0.000000
-1.352736
0.499797
0.746674
-1.270047
0.765824
0.762748
0.000000
0.000000
0.000000
0.000000
0.000000
0.000000
-1.478867
0.774616
0.891321
-1.582372
0.654333
0.898661
-1.359279
0.789131
0.817771
-1.362058
0.938210
0.771471
-1.353166
0.667580
0.834206
-1.315033
0.849887
0.822750
0.000000
0.000000
0.000000
0.000000
0.000000
0.000000
0.000000
0.000000
0.000000
-1.241720
0.484734
0.753500
0.000000
0.000000
0.000000
0.000000
0.000000
0.000000
0.000000
0.000000
0.000000
-1.367981
0.658191
0.623829
0.000000
0.000000
0.000000
0.000000
0.000000
0.000000
-1.051979
0.742307
0.667397
-1.063443
0.799038
0.640351
0.000000
0.000000
0.000000
0.000000
0.000000
0.000000
-1.044755
0.603963
0.856583
-1.149868
0.455598
0.843206
0.000000
0.000000
0.000000
0.000000
0.000000
0.000000
-1.164928
0.888685
0.626276
-1.172225
1.026220
0.634774
0.000000
0.000000
0.000000
0.000000
0.000000
0.000000
-1.180929
0.778554
0.689372
-1.205340
0.760076
0.758852
0.000000
0.000000
0.000000
0.000000
0.000000
0.000000
0.000000
0.000000
0.000000
-1.088224
0.973819
0.637061
0.000000
0.000000
0.000000
0.000000
0.000000
0.000000
-1.373997
0.538450
0.766129
-1.448156
0.541834
0.828675
0.000000
0.000000
0.000000
0.000000
0.000000
0.000000
-1.505841
0.712171
0.826959
-1.553135
0.704213
0.822681
0.000000
0.000000
0.000000
0.000000
0.000000
0.000000
-1.138506
0.849196
0.828262
-1.235070
0.747054
0.793517
0.000000
0.000000
0.000000
0.000000
0.000000
0.000000
-1.512668
0.548350
0.835850
-1.533707
0.544628
0.836215
0.000000
0.000000
0.000000
0.000000
0.000000
0.000000
-1.280679
0.795849
0.753940
-1.277358
0.852767
0.704331
0.000000
0.000000
0.000000
0.000000
0.000000
0.000000
0.000000
0.000000
0.000000
-1.283023
0.650942
0.762364
0.000000
0.000000
0.000000
0.000000
0.000000
0.000000
-1.552680
0.759989
0.770761
-1.546272
0.836510
0.799182
0.000000
0.000000
0.000000
0.000000
0.000000
0.000000
-1.470428
0.288700
0.916429
-1.532639
0.271635
0.904368
0.000000
0.000000
0.000000
0.000000
0.000000
0.000000
0.000000
0.000000
0.000000
-1.315866
0.565577
0.688420
0.000000
0.000000
0.000000
0.000000
0.000000
0.000000
-1.444752
0.596862
0.881706
-1.505558
0.481338
0.859924
0.000000
0.000000
0.000000
0.000000
0.000000
0.000000
-1.534298
0.739091
0.736251
-1.500211
0.761984
0.782211
0.000000
0.000000
0.000000
0.000000
0.000000
0.000000
-1.240630
0.672638
0.636427
-1.144404
1.256454
0.735870
-1.216009
1.214615
0.366746
-1.187957
1.419683
0.421935
-1.153342
1.146252
0.349350
-1.107088
1.393505
0.354861
0.000000
0.000000
0.000000
0.000000
0.000000
0.000000
-1.397059
1.029172
0.658515
-1.434467
1.004132
0.672874
0.000000
0.000000
0.000000
0.000000
0.000000
0.000000
0.000000
0.000000
0.000000
-0.967804
0.793447
0.891976
0.000000
0.000000
0.000000
0.000000
0.000000
0.000000
-1.316940
1.107999
0.599268
-1.358958
1.092546
0.603826
0.000000
0.000000
0.000000
0.000000
0.000000
0.000000
-1.211842
0.485036
0.941573
-1.378728
0.579086
0.852399
0.000000
0.000000
0.000000
0.000000
0.000000
0.000000
-1.269261
0.660302
0.810459
-1.287257
0.711093
0.856403
0.000000
0.000000
0.000000
0.000000
0.000000
0.000000
-1.196753
0.640537
0.900078
-1.141874
0.640224
0.818613
0.000000
0.000000
0.000000
0.000000
0.000000
0.000000
-1.298652
0.546023
0.932705
-1.389964
0.468909
0.887337
0.000000
0.000000
0.000000
0.000000
0.000000
0.000000
-0.831501
1.141643
0.614086
-0.958570
0.956365
0.588177
0.000000
0.000000
0.000000
0.000000
0.000000
0.000000
-1.242489
0.900717
0.699694
-1.318704
0.837401
0.696106
0.000000
0.000000
0.000000
0.000000
0.000000
0.000000
0.000000
0.000000
0.000000
-1.356782
0.398876
0.854446
0.000000
0.000000
0.000000
0.000000
0.000000
0.000000
-0.949368
0.950722
0.761893
-1.080098
0.813157
0.704593
0.000000
0.000000
0.000000
0.000000
0.000000
0.000000
-1.408463
0.627964
0.878182
-1.435878
0.626141
0.850944
0.000000
0.000000
0.000000
0.000000
0.000000
0.000000
-1.075181
1.270862
0.626419
-1.204070
1.016569
0.581709
0.000000
0.000000
0.000000
0.000000
0.000000
0.000000
-1.393250
0.945883
0.771162
-1.437247
0.856793
0.860949
0.000000
0.000000
0.000000
0.000000
0.000000
0.000000
-1.481381
0.793610
0.799640
-1.506473
0.776822
0.782806
0.000000
0.000000
0.000000
0.000000
0.000000
0.000000
-1.412893
0.640210
0.843661
-1.467890
0.706098
0.830461
0.000000
0.000000
0.000000
0.000000
0.000000
0.000000
-1.273299
0.846661
0.762825
-1.349380
0.827720
0.768926
0.000000
0.000000
0.000000
0.000000
0.000000
0.000000
-1.166085
0.655529
0.691198
-1.178832
0.859642
0.862339
0.000000
0.000000
0.000000
0.000000
0.000000
0.000000
0.000000
0.000000
0.000000
-1.225207
0.587977
0.667388
0.000000
0.000000
0.000000
0.000000
0.000000
0.000000
-1.194677
1.051974
0.610748
-1.266311
1.132341
0.608430
0.000000
0.000000
0.000000
0.000000
0.000000
0.000000
-1.603668
0.371731
0.891152
-1.615819
0.382390
0.890774
0.000000
0.000000
0.000000
0.000000
0.000000
0.000000
-1.238537
1.085691
0.657035
-1.320436
1.151242
0.564463
0.000000
0.000000
0.000000
0.000000
0.000000
0.000000
-1.204275
0.882188
0.654249
-1.265452
0.855296
0.717966
0.000000
0.000000
0.000000
0.000000
0.000000
0.000000
-1.067083
0.829720
0.758339
-1.132718
0.879346
0.709056
0.000000
0.000000
0.000000
0.000000
0.000000
0.000000
-1.171608
0.957610
0.579267
-1.210399
1.080258
0.579948
-1.248466
1.166180
0.657403
-1.303853
1.070885
0.638099
-1.195446
1.145816
0.660418
-1.249853
1.040220
0.639320
0.000000
0.000000
0.000000
0.000000
0.000000
0.000000
-1.634855
0.398928
0.915882
-1.641156
0.457147
0.875263
0.000000
0.000000
0.000000
0.000000
0.000000
0.000000
-1.568581
0.386677
0.884657
-1.591220
0.394612
0.883167
0.000000
0.000000
0.000000
0.000000
0.000000
0.000000
-1.507624
0.776144
0.798860
-1.496463
0.813441
0.757570
0.000000
0.000000
0.000000
0.000000
0.000000
0.000000
-1.496368
0.718431
0.795934
-1.497133
0.744753
0.797812
-1.288714
0.741905
0.842741
-1.398070
0.701693
0.839704
-1.244103
0.763440
0.881982
-1.345856
0.661257
0.855269
0.000000
0.000000
0.000000
0.000000
0.000000
0.000000
-1.285506
0.867600
0.774752
-1.247961
0.943545
0.782368
0.000000
0.000000
0.000000
0.000000
0.000000
0.000000
-1.526652
0.839606
0.772301
-1.566148
0.811537
0.773415
-1.122334
0.801594
0.744804
-1.186687
0.806437
0.708642
-1.066393
0.819611
0.744804
-1.114674
0.810446
0.703234
0.000000
0.000000
0.000000
0.000000
0.000000
0.000000
0.000000
0.000000
0.000000
-0.986095
0.835884
0.747802
0.000000
0.000000
0.000000
0.000000
0.000000
0.000000
-1.300160
0.536244
0.739150
-1.396385
0.563898
0.841887
0.000000
0.000000
0.000000
0.000000
0.000000
0.000000
0.000000
0.000000
0.000000
-1.409040
0.425380
0.705627
0.000000
0.000000
0.000000
0.000000
0.000000
0.000000
-1.591987
0.787586
0.830291
-1.623015
0.793692
0.809768
0.000000
0.000000
0.000000
0.000000
0.000000
0.000000
-1.113424
0.831308
0.884249
-1.121933
0.747797
0.832961
-1.373158
0.651985
0.825818
-1.361489
0.708985
0.814985
-1.162221
0.880717
0.742135
-1.200306
0.886974
0.749173
0.000000
0.000000
0.000000
0.000000
0.000000
0.000000
0.000000
0.000000
0.000000
-1.215693
1.029996
0.810691
0.000000
0.000000
0.000000
0.000000
0.000000
0.000000
-1.447298
0.582979
0.983333
-1.429535
0.483665
0.893291
0.000000
0.000000
0.000000
0.000000
0.000000
0.000000
0.000000
0.000000
0.000000
-1.386151
0.542633
0.620850
0.000000
0.000000
0.000000
0.000000
0.000000
0.000000
-1.304540
1.115025
0.585920
-1.348118
1.113963
0.592944
0.000000
0.000000
0.000000
0.000000
0.000000
0.000000
-1.143153
0.976253
0.551095
-1.181146
1.314206
0.689494
0.000000
0.000000
0.000000
0.000000
0.000000
0.000000
0.000000
0.000000
0.000000
-1.181369
0.586518
0.678019
0.000000
0.000000
0.000000
0.000000
0.000000
0.000000
-1.123973
0.670017
0.739691
-1.099791
0.939698
0.645942
0.000000
0.000000
0.000000
0.000000
0.000000
0.000000
-1.540394
0.662678
0.811478
-1.504912
0.741578
0.815459
0.000000
0.000000
0.000000
0.000000
0.000000
0.000000
-1.239896
0.966841
0.733158
-1.435954
0.853045
0.724726
0.000000
0.000000
0.000000
0.000000
0.000000
0.000000
-1.515267
0.934020
0.721089
-1.541373
0.935702
0.730913
0.000000
0.000000
0.000000
0.000000
0.000000
0.000000
-1.254716
0.669840
0.750643
-1.150030
0.851911
0.956604
0.000000
0.000000
0.000000
0.000000
0.000000
0.000000
0.000000
0.000000
0.000000
-1.455317
0.667155
0.631707
0.000000
0.000000
0.000000
0.000000
0.000000
0.000000
-1.253898
1.068257
0.606521
-1.310775
1.057182
0.666664
0.000000
0.000000
0.000000
0.000000
0.000000
0.000000
-1.175542
1.138282
0.629947
-1.352373
0.870439
0.745952
0.000000
0.000000
0.000000
0.000000
0.000000
0.000000
-1.469802
1.228772
0.545148
-1.500024
1.248590
0.548233
0.000000
0.000000
0.000000
-1.546108
0.270082
0.675733
0.000000
0.000000
0.000000
-1.584185
0.292961
0.704179
0.000000
0.000000
0.000000
0.000000
0.000000
0.000000
-1.394394
0.625877
0.665019
-1.485947
0.573382
0.952152
0.000000
0.000000
0.000000
0.000000
0.000000
0.000000
-1.169114
0.597167
0.916028
-1.221146
0.547804
0.825978
0.000000
0.000000
0.000000
-1.242410
0.862803
0.791329
0.000000
0.000000
0.000000
-1.230146
0.869092
0.791329
0.000000
0.000000
0.000000
0.000000
0.000000
0.000000
-1.245825
0.947096
0.846363
-1.272158
1.192552
0.984997
0.000000
0.000000
0.000000
0.000000
0.000000
0.000000
-1.219754
1.116140
0.614501
-1.279654
1.106035
0.596627
0.000000
0.000000
0.000000
0.000000
0.000000
0.000000
-1.184167
1.079130
0.684323
-1.112543
1.277109
0.683924
-1.374690
0.528696
0.845413
-1.380079
0.533005
0.845025
-1.345437
0.493752
0.852720
-1.343768
0.494483
0.853235
0.000000
0.000000
0.000000
0.000000
0.000000
0.000000
0.000000
0.000000
0.000000
-1.237177
0.519568
0.687649
0.000000
0.000000
0.000000
0.000000
0.000000
0.000000
0.000000
0.000000
0.000000
-1.131431
0.939833
0.788648
0.000000
0.000000
0.000000
0.000000
0.000000
0.000000
-1.303800
0.543643
0.871568
-1.489765
0.498421
0.900752
0.000000
0.000000
0.000000
0.000000
0.000000
0.000000
-1.371981
0.775933
0.816708
-1.440843
0.633456
0.769060
0.000000
0.000000
0.000000
0.000000
0.000000
0.000000
-1.383234
0.538257
0.816914
-1.387827
0.662586
0.792798
-1.093642
1.041542
0.623169
-1.113234
1.046804
0.628231
-1.056738
1.025659
0.626535
-1.073130
1.033841
0.631520
0.000000
0.000000
0.000000
0.000000
0.000000
0.000000
0.000000
0.000000
0.000000
-1.291344
0.728887
0.583299
0.000000
0.000000
0.000000
0.000000
0.000000
0.000000
-1.133656
0.879591
0.735681
-1.148799
0.798812
0.769552
0.000000
0.000000
0.000000
0.000000
0.000000
0.000000
-1.271784
0.720478
0.802622
-1.285727
0.710981
0.769506
0.000000
0.000000
0.000000
0.000000
0.000000
0.000000
-1.145442
0.916883
0.733005
-1.222867
0.957988
0.676754
0.000000
0.000000
0.000000
0.000000
0.000000
0.000000
-1.275064
0.895353
0.741696
-1.347589
0.856146
0.753546
0.000000
0.000000
0.000000
0.000000
0.000000
0.000000
-1.219852
0.810924
0.702218
-1.252943
0.878572
0.777368
0.000000
0.000000
0.000000
0.000000
0.000000
0.000000
0.000000
0.000000
0.000000
-1.306373
0.632008
0.762793
0.000000
0.000000
0.000000
0.000000
0.000000
0.000000
-1.305489
0.720634
0.793197
-1.338545
0.789267
0.811316
0.000000
0.000000
0.000000
0.000000
0.000000
0.000000
-1.417316
0.950234
0.767628
-1.443665
0.924718
0.750751
0.000000
0.000000
0.000000
0.000000
0.000000
0.000000
-1.377049
0.371086
0.923108
-1.457822
0.258500
0.886323
0.000000
0.000000
0.000000
0.000000
0.000000
0.000000
-1.294598
1.166108
0.643806
-1.314161
1.198138
0.571090
0.000000
0.000000
0.000000
0.000000
0.000000
0.000000
-0.998702
0.984327
0.647109
-1.089604
0.895488
0.665949
0.000000
0.000000
0.000000
0.000000
0.000000
0.000000
-1.157881
0.665128
0.711940
-1.160847
0.831167
0.724648
0.000000
0.000000
0.000000
0.000000
0.000000
0.000000
-1.057946
0.713483
0.701724
-0.944206
1.065093
0.725326
-1.172114
1.098281
0.679721
-1.242518
1.013402
0.621987
-1.077700
1.084404
0.619799
-1.134187
1.018891
0.578968
0.000000
0.000000
0.000000
0.000000
0.000000
0.000000
0.000000
0.000000
0.000000
-0.888575
1.494829
0.603313
0.000000
0.000000
0.000000
0.000000
0.000000
0.000000
-1.145530
1.383916
0.703220
-1.249473
0.931267
0.637450
0.000000
0.000000
0.000000
0.000000
0.000000
0.000000
-1.317459
0.569765
0.880768
-1.300787
0.489762
0.848661
0.000000
0.000000
0.000000
0.000000
0.000000
0.000000
-1.365592
1.074788
0.620362
-1.401555
1.090307
0.640682
0.000000
0.000000
0.000000
0.000000
0.000000
0.000000
-1.226929
1.320308
0.574605
-1.320344
1.242979
0.527837
0.000000
0.000000
0.000000
0.000000
0.000000
0.000000
-1.400492
0.414456
0.865097
-1.410374
0.453790
0.849966
0.000000
0.000000
0.000000
0.000000
0.000000
0.000000
-1.167892
0.856510
0.766234
-1.193637
0.874658
0.737735
0.000000
0.000000
0.000000
0.000000
0.000000
0.000000
0.000000
0.000000
0.000000
-1.483673
0.490937
0.759917
0.000000
0.000000
0.000000
0.000000
0.000000
0.000000
-1.722029
0.913295
0.811944
-1.779284
0.669541
0.812389
0.000000
0.000000
0.000000
0.000000
0.000000
0.000000
-1.361235
0.452047
0.621727
-1.310419
0.577422
1.340096
-1.339414
0.617861
0.830613
-1.339765
0.658027
0.799319
-1.249160
0.671637
0.825865
-1.200792
0.724376
0.772751
0.000000
0.000000
0.000000
0.000000
0.000000
0.000000
-1.297603
1.109397
0.717103
-1.379531
0.986197
0.665882
0.000000
0.000000
0.000000
0.000000
0.000000
0.000000
-1.259848
0.876491
0.647226
-1.253911
1.010687
0.657897
0.000000
0.000000
0.000000
0.000000
0.000000
0.000000
0.000000
0.000000
0.000000
-1.135846
0.833805
0.616857
0.000000
0.000000
0.000000
0.000000
0.000000
0.000000
-1.199452
0.544450
0.711350
-1.132960
0.631959
0.871084
0.000000
0.000000
0.000000
0.000000
0.000000
0.000000
-1.670673
0.310310
0.912314
-1.569219
0.436490
0.857696
0.000000
0.000000
0.000000
0.000000
0.000000
0.000000
-1.310690
1.127156
0.621129
-1.371829
1.018043
0.643268
0.000000
0.000000
0.000000
0.000000
0.000000
0.000000
-1.392092
0.608158
0.769144
-1.459491
0.558024
0.873024
0.000000
0.000000
0.000000
0.000000
0.000000
0.000000
-1.286302
0.648733
0.606651
-1.348120
0.548003
0.784864
0.000000
0.000000
0.000000
0.000000
0.000000
0.000000
-1.465383
0.948507
0.726015
-1.483600
0.965167
0.709510
0.000000
0.000000
0.000000
0.000000
0.000000
0.000000
-1.369945
0.720632
0.804362
-1.411145
0.827025
0.799990
0.000000
0.000000
0.000000
0.000000
0.000000
0.000000
0.000000
0.000000
0.000000
-1.014612
1.023357
0.572798
0.000000
0.000000
0.000000
0.000000
0.000000
0.000000
-1.029021
0.782487
0.675045
-1.103760
0.827323
0.673914
0.000000
0.000000
0.000000
0.000000
0.000000
0.000000
-1.287178
0.482137
0.880460
-1.336482
0.437671
0.904077
0.000000
0.000000
0.000000
0.000000
0.000000
0.000000
-1.356433
0.870194
0.735097
-1.428417
0.661199
0.813177
0.000000
0.000000
0.000000
0.000000
0.000000
0.000000
-0.992744
1.456571
0.813651
-1.169633
1.111564
0.696993
0.000000
0.000000
0.000000
0.000000
0.000000
0.000000
0.000000
0.000000
0.000000
-1.003049
1.214507
0.676267
0.000000
0.000000
0.000000
0.000000
0.000000
0.000000
-1.371405
0.621990
0.787660
-1.439069
0.531084
0.825774
0.000000
0.000000
0.000000
-1.289057
0.519112
0.703763
0.000000
0.000000
0.000000
-1.276501
0.520395
0.703763
-1.228101
0.826216
0.694348
-1.218503
0.907531
0.743718
-1.179981
0.897440
0.699485
-1.123225
1.017538
0.743738
0.000000
0.000000
0.000000
0.000000
0.000000
0.000000
-1.276652
0.830970
0.700765
-1.335989
0.924667
0.704260
0.000000
0.000000
0.000000
0.000000
0.000000
0.000000
-1.281357
0.578082
0.687113
-1.154522
0.963492
0.838163
0.000000
0.000000
0.000000
0.000000
0.000000
0.000000
-1.301072
0.770965
0.739412
-1.345865
0.658588
0.765186
0.000000
0.000000
0.000000
0.000000
0.000000
0.000000
-1.235075
0.816892
0.719430
-1.300432
0.699842
0.856003
0.000000
0.000000
0.000000
0.000000
0.000000
0.000000
-1.376645
0.488390
0.846836
-1.409617
0.482894
0.855980
0.000000
0.000000
0.000000
0.000000
0.000000
0.000000
-1.359196
1.169919
0.736090
-1.397408
1.042762
0.672554
-1.289151
0.605695
0.806143
-1.299769
0.641784
0.819069
-1.227040
0.628615
0.804174
-1.233612
0.638885
0.814446
0.000000
0.000000
0.000000
0.000000
0.000000
0.000000
-1.094452
0.924921
0.825999
-1.150858
0.825001
0.783539
0.000000
0.000000
0.000000
0.000000
0.000000
0.000000
-1.076900
0.944098
0.614051
-1.101358
1.056855
0.632796
0.000000
0.000000
0.000000
0.000000
0.000000
0.000000
-1.126091
0.852054
0.804481
-1.208713
0.784669
0.811918
-1.194463
0.920729
0.698601
-1.231264
0.861580
0.707921
-1.146040
0.904580
0.704089
-1.168407
0.862988
0.703090
0.000000
0.000000
0.000000
0.000000
0.000000
0.000000
-1.477545
0.567105
0.844375
-1.505797
0.570098
0.846015
0.000000
0.000000
0.000000
0.000000
0.000000
0.000000
-1.518802
0.438852
0.881200
-1.488277
0.488926
0.849756
0.000000
0.000000
0.000000
0.000000
0.000000
0.000000
-1.199015
0.741821
0.693138
-1.238117
0.704128
0.750987
0.000000
0.000000
0.000000
0.000000
0.000000
0.000000
-1.620253
0.465316
0.916809
-1.599799
0.589922
0.936426
0.000000
0.000000
0.000000
0.000000
0.000000
0.000000
-1.108343
1.304490
0.605281
-1.249858
1.235397
0.490279
0.000000
0.000000
0.000000
0.000000
0.000000
0.000000
-1.230039
0.517120
0.714293
-1.059368
0.582780
0.958110
0.000000
0.000000
0.000000
0.000000
0.000000
0.000000
-1.483509
0.621416
0.827017
-1.508947
0.632374
0.820892
0.000000
0.000000
0.000000
0.000000
0.000000
0.000000
-1.515885
1.140901
0.562787
-1.545312
1.184949
0.594288
0.000000
0.000000
0.000000
0.000000
0.000000
0.000000
-1.164821
0.994755
0.647839
-1.242642
0.950815
0.583891
0.000000
0.000000
0.000000
0.000000
0.000000
0.000000
-1.283800
0.870614
0.728022
-1.325094
0.894577
0.752582
0.000000
0.000000
0.000000
0.000000
0.000000
0.000000
0.000000
0.000000
0.000000
-1.223560
0.857714
0.759398
0.000000
0.000000
0.000000
0.000000
0.000000
0.000000
-1.213828
0.542940
0.725028
-1.243476
0.615653
0.765122
0.000000
0.000000
0.000000
0.000000
0.000000
0.000000
-1.256218
0.944446
0.634870
-1.272936
0.808218
0.719477
0.000000
0.000000
0.000000
0.000000
0.000000
0.000000
-1.391688
1.012431
0.803373
-1.435122
0.931244
0.750542
0.000000
0.000000
0.000000
0.000000
0.000000
0.000000
-0.995793
0.980088
0.556114
-1.071032
0.963213
0.633239
0.000000
0.000000
0.000000
0.000000
0.000000
0.000000
0.000000
0.000000
0.000000
-1.362321
0.476568
0.601864
0.000000
0.000000
0.000000
0.000000
0.000000
0.000000
-1.265931
0.913387
0.852245
-1.301799
0.997814
0.780259
0.000000
0.000000
0.000000
0.000000
0.000000
0.000000
0.000000
0.000000
0.000000
-1.080652
0.592738
0.868780
0.000000
0.000000
0.000000
0.000000
0.000000
0.000000
-0.999889
1.062160
0.790673
-1.109985
0.920089
0.593061
0.000000
0.000000
0.000000
0.000000
0.000000
0.000000
-1.025643
0.596498
0.751964
-1.013176
0.473833
0.920028
0.000000
0.000000
0.000000
0.000000
0.000000
0.000000
-1.032231
0.681530
0.935382
-1.163054
0.542096
0.849610
0.000000
0.000000
0.000000
0.000000
0.000000
0.000000
-1.394991
0.297792
0.879646
-1.430263
0.271747
0.892270
0.000000
0.000000
0.000000
0.000000
0.000000
0.000000
-1.278513
0.712161
0.739701
-1.365058
0.611205
0.810394
0.000000
0.000000
0.000000
0.000000
0.000000
0.000000
-1.386321
0.933482
0.696890
-1.444504
0.880979
0.733915
0.000000
0.000000
0.000000
0.000000
0.000000
0.000000
-1.426700
0.376913
0.890102
-1.396248
0.416982
0.865413
0.000000
0.000000
0.000000
-0.933895
1.522777
0.940723
0.000000
0.000000
0.000000
-0.827550
1.589684
0.940723
0.000000
0.000000
0.000000
0.000000
0.000000
0.000000
-1.311374
0.677958
0.926086
-1.285178
0.527841
0.866275
0.000000
0.000000
0.000000
0.000000
0.000000
0.000000
0.000000
0.000000
0.000000
-0.972250
0.760746
0.613357
0.000000
0.000000
0.000000
0.000000
0.000000
0.000000
-1.263999
0.914076
0.773472
-1.379233
0.865617
0.750085
0.000000
0.000000
0.000000
0.000000
0.000000
0.000000
-1.387759
0.436885
0.841533
-1.398023
0.411471
0.861331
0.000000
0.000000
0.000000
0.000000
0.000000
0.000000
-1.172434
0.790846
0.837045
-1.178690
0.756413
0.912543
0.000000
0.000000
0.000000
0.000000
0.000000
0.000000
-1.578861
0.428433
0.867117
-1.590782
0.444834
0.875129
0.000000
0.000000
0.000000
0.000000
0.000000
0.000000
-0.898234
0.937869
0.580476
-1.037277
0.864196
0.669947
0.000000
0.000000
0.000000
0.000000
0.000000
0.000000
-1.423075
1.021433
0.703720
-1.469755
0.986912
0.704264
0.000000
0.000000
0.000000
0.000000
0.000000
0.000000
-1.425679
0.810487
0.767899
-1.451143
0.813796
0.767423
0.000000
0.000000
0.000000
0.000000
0.000000
0.000000
-1.151641
0.754883
0.931951
-1.226392
1.038543
0.752222
0.000000
0.000000
0.000000
0.000000
0.000000
0.000000
-1.225400
0.909608
0.706674
-1.312125
0.699919
0.773873
0.000000
0.000000
0.000000
0.000000
0.000000
0.000000
-0.975134
0.994251
0.636490
-1.005998
1.123574
0.676688
0.000000
0.000000
0.000000
0.000000
0.000000
0.000000
-1.423060
1.069445
0.787363
-1.426380
0.972222
0.792254
0.000000
0.000000
0.000000
0.000000
0.000000
0.000000
0.000000
0.000000
0.000000
-1.179601
1.228645
0.750799
0.000000
0.000000
0.000000
0.000000
0.000000
0.000000
-1.552601
0.700514
0.825717
-1.572809
0.716940
0.809767
0.000000
0.000000
0.000000
0.000000
0.000000
0.000000
-1.282246
0.627305
0.720614
-1.299056
0.739172
0.737189
0.000000
0.000000
0.000000
0.000000
0.000000
0.000000
-1.141752
1.292764
0.685783
-1.189500
1.077354
0.616546
0.000000
0.000000
0.000000
0.000000
0.000000
0.000000
-1.257302
0.746131
0.711790
-1.241326
0.845523
0.699618
0.000000
0.000000
0.000000
0.000000
0.000000
0.000000
0.000000
0.000000
0.000000
-1.353037
0.723273
0.798015
0.000000
0.000000
0.000000
0.000000
0.000000
0.000000
-1.660861
0.386041
0.936122
-1.662362
0.389298
0.929965
0.000000
0.000000
0.000000
0.000000
0.000000
0.000000
-1.345415
0.850221
0.715001
-1.411085
0.693698
0.811764
0.000000
0.000000
0.000000
0.000000
0.000000
0.000000
-1.345938
0.663380
0.795790
-1.369268
0.711000
0.831594
0.000000
0.000000
0.000000
0.000000
0.000000
0.000000
0.000000
0.000000
0.000000
-0.893752
1.354717
0.801112
0.000000
0.000000
0.000000
0.000000
0.000000
0.000000
0.000000
0.000000
0.000000
-1.138311
2.236851
0.935604
0.000000
0.000000
0.000000
0.000000
0.000000
0.000000
-1.260331
0.775235
0.645500
-1.214157
0.793489
0.667099
0.000000
0.000000
0.000000
0.000000
0.000000
0.000000
-1.544899
0.336711
1.017087
-1.634816
0.318736
0.913291
-1.261707
0.615006
0.824234
-1.313871
0.676729
0.751189
-1.240512
0.629386
0.824234
-1.253222
0.677352
0.758162
0.000000
0.000000
0.000000
0.000000
0.000000
0.000000
-1.422198
0.411681
0.862570
-1.450329
0.394645
0.861432
0.000000
0.000000
0.000000
0.000000
0.000000
0.000000
-1.380366
0.763932
0.728663
-1.417235
0.748095
0.723592
0.000000
0.000000
0.000000
0.000000
0.000000
0.000000
-1.463213
0.507342
0.906890
-1.471084
0.485979
0.847513
0.000000
0.000000
0.000000
0.000000
0.000000
0.000000
-1.476275
0.823447
0.763480
-1.500606
0.795127
0.762613
0.000000
0.000000
0.000000
0.000000
0.000000
0.000000
0.000000
0.000000
0.000000
-1.196799
0.663887
0.714607
0.000000
0.000000
0.000000
0.000000
0.000000
0.000000
-1.316154
0.699835
0.889647
-1.319762
0.714348
0.802296
0.000000
0.000000
0.000000
0.000000
0.000000
0.000000
-1.168909
0.898242
0.666156
-1.151956
0.927984
0.628092
-1.188091
0.629129
0.718920
-1.026891
0.877641
0.725334
-1.183725
0.629905
0.718920
-1.021480
0.873199
0.725334
0.000000
0.000000
0.000000
0.000000
0.000000
0.000000
-1.144974
0.841755
0.834683
-1.247265
0.736414
0.775242
0.000000
0.000000
0.000000
0.000000
0.000000
0.000000
-1.451250
0.655649
0.815180
-1.509843
0.622581
0.818327
0.000000
0.000000
0.000000
0.000000
0.000000
0.000000
-1.185407
0.793577
0.792340
-1.322293
0.748185
0.807660
0.000000
0.000000
0.000000
0.000000
0.000000
0.000000
-1.266563
1.007541
0.746772
-1.257832
0.920109
0.702180
0.000000
0.000000
0.000000
0.000000
0.000000
0.000000
-1.240859
0.753350
0.757759
-1.403962
0.644901
0.905780
0.000000
0.000000
0.000000
0.000000
0.000000
0.000000
-1.415246
0.449045
0.712487
-1.435138
0.453301
0.919472
0.000000
0.000000
0.000000
0.000000
0.000000
0.000000
-1.286251
0.451615
0.880498
-1.344070
0.449763
0.865152
0.000000
0.000000
0.000000
0.000000
0.000000
0.000000
-0.949239
0.947379
0.670708
-0.930771
1.117637
0.644051
0.000000
0.000000
0.000000
0.000000
0.000000
0.000000
0.000000
0.000000
0.000000
-1.239623
0.645845
0.648574
0.000000
0.000000
0.000000
0.000000
0.000000
0.000000
-1.270756
0.752899
0.833359
-1.263673
0.813699
0.767513
0.000000
0.000000
0.000000
0.000000
0.000000
0.000000
-1.051293
1.036321
0.671146
-1.112222
0.893567
0.673284
0.000000
0.000000
0.000000
0.000000
0.000000
0.000000
0.000000
0.000000
0.000000
-1.266464
0.885179
0.635203
0.000000
0.000000
0.000000
0.000000
0.000000
0.000000
-1.791568
0.645925
0.851961
-1.814568
0.650404
0.844943
0.000000
0.000000
0.000000
0.000000
0.000000
0.000000
-1.248365
0.545117
0.701451
-1.287918
0.510812
0.823924
0.000000
0.000000
0.000000
0.000000
0.000000
0.000000
-1.031249
1.063466
0.754431
-1.061240
0.955071
0.737680
0.000000
0.000000
0.000000
0.000000
0.000000
0.000000
-1.275694
0.792563
0.798814
-1.332972
0.768470
0.804699
0.000000
0.000000
0.000000
0.000000
0.000000
0.000000
-1.281953
1.088916
0.608667
-1.309892
1.172152
0.589241
-1.418644
0.338014
0.878126
-1.478606
0.293494
0.877258
-1.194099
0.604054
0.766998
-1.102460
0.737017
0.821008
0.000000
0.000000
0.000000
0.000000
0.000000
0.000000
-1.236983
0.803966
0.704305
-1.267245
0.904036
0.748177
0.000000
0.000000
0.000000
0.000000
0.000000
0.000000
-1.235642
1.201118
0.733505
-1.310615
0.852015
0.703305
0.000000
0.000000
0.000000
-1.282293
0.721941
0.762922
0.000000
0.000000
0.000000
-1.209888
0.716486
0.807772
-1.226601
0.672520
0.876523
-1.057779
0.935991
0.771816
-1.369003
0.490527
0.951630
-1.288265
0.442017
0.886372
0.000000
0.000000
0.000000
0.000000
0.000000
0.000000
-1.188374
0.870628
0.672558
-1.252708
0.856672
0.745010
0.000000
0.000000
0.000000
0.000000
0.000000
0.000000
0.000000
0.000000
0.000000
-1.186963
0.694932
0.866939
0.000000
0.000000
0.000000
0.000000
0.000000
0.000000
-1.142115
0.636903
0.674368
-1.041441
0.956714
0.659538
-1.200309
0.945699
0.881993
-1.277823
0.926095
0.746630
-1.033343
1.291537
0.784707
-1.106966
1.150556
0.734052
0.000000
0.000000
0.000000
0.000000
0.000000
0.000000
-1.238067
0.779858
0.777596
-1.277674
0.779798
0.765039
0.000000
0.000000
0.000000
-1.008303
0.727202
0.739186
0.000000
0.000000
0.000000
-1.002519
0.727980
0.739186
0.000000
0.000000
0.000000
0.000000
0.000000
0.000000
-1.099110
0.946562
0.589589
-1.159579
0.977112
0.641896
0.000000
0.000000
0.000000
0.000000
0.000000
0.000000
-1.450287
0.569761
0.630194
-1.629155
0.610259
1.073015
0.000000
0.000000
0.000000
0.000000
0.000000
0.000000
-1.199216
1.057516
0.890774
-1.312213
0.792183
0.795234
0.000000
0.000000
0.000000
0.000000
0.000000
0.000000
-1.406566
0.423227
0.840905
-1.441363
0.406887
0.866303
0.000000
0.000000
0.000000
0.000000
0.000000
0.000000
-1.250173
1.384130
0.730484
-1.272435
1.154617
0.694963
0.000000
0.000000
0.000000
0.000000
0.000000
0.000000
-1.221669
0.851865
0.688274
-1.177865
1.318128
0.526687
0.000000
0.000000
0.000000
0.000000
0.000000
0.000000
-1.132843
0.816531
0.749455
-1.097487
0.942059
0.787389
-1.565899
0.602949
0.838107
-1.583174
0.610234
0.841035
-1.483365
0.649812
0.816880
-1.494840
0.645356
0.825385
0.000000
0.000000
0.000000
0.000000
0.000000
0.000000
0.000000
0.000000
0.000000
-1.001479
0.910884
0.616609
0.000000
0.000000
0.000000
0.000000
0.000000
0.000000
-1.280408
0.779423
0.760914
-1.301468
0.658237
0.782392
0.000000
0.000000
0.000000
0.000000
0.000000
0.000000
0.000000
0.000000
0.000000
-1.268681
0.836905
0.672430
-1.347989
0.772690
0.773530
-1.298022
0.839297
0.782680
-1.344971
0.772933
0.773360
-1.304130
0.835546
0.787342
0.000000
0.000000
0.000000
0.000000
0.000000
0.000000
-1.265334
0.610851
0.887851
-1.234880
0.765091
0.813875
0.000000
0.000000
0.000000
0.000000
0.000000
0.000000
-1.311847
0.861828
0.749303
-1.323194
0.912636
0.758849
0.000000
0.000000
0.000000
0.000000
0.000000
0.000000
-1.254564
0.775946
1.172653
-1.327868
0.640614
0.964165
0.000000
0.000000
0.000000
0.000000
0.000000
0.000000
-1.375079
1.108714
0.634483
-1.431751
1.055817
0.646148
0.000000
0.000000
0.000000
0.000000
0.000000
0.000000
-1.455438
1.125391
0.716364
-1.484267
1.156907
0.662633
0.000000
0.000000
0.000000
0.000000
0.000000
0.000000
-0.941218
0.916234
0.755786
-0.988623
0.802343
0.715810
0.000000
0.000000
0.000000
0.000000
0.000000
0.000000
-1.163008
1.251667
0.490231
-1.215310
1.099228
0.603331
0.000000
0.000000
0.000000
0.000000
0.000000
0.000000
-1.403215
0.697694
0.822038
-1.371112
0.897817
0.770468
0.000000
0.000000
0.000000
0.000000
0.000000
0.000000
-1.372710
0.388598
0.889359
-1.305207
0.470771
0.882156
0.000000
0.000000
0.000000
0.000000
0.000000
0.000000
-1.397779
1.043886
0.625615
-1.425309
1.162030
0.622997
0.000000
0.000000
0.000000
0.000000
0.000000
0.000000
-1.261166
0.585107
0.793204
-1.290984
0.660227
0.814627
0.000000
0.000000
0.000000
0.000000
0.000000
0.000000
-0.982075
1.191374
0.749565
-1.081528
1.145417
0.623025
0.000000
0.000000
0.000000
0.000000
0.000000
0.000000
0.000000
0.000000
0.000000
-0.879348
1.311261
0.678449
0.000000
0.000000
0.000000
0.000000
0.000000
0.000000
0.000000
0.000000
0.000000
-1.024111
0.698790
0.770829
0.000000
0.000000
0.000000
0.000000
0.000000
0.000000
0.000000
0.000000
0.000000
-0.946397
0.956338
0.762692
0.000000
0.000000
0.000000
0.000000
0.000000
0.000000
0.000000
0.000000
0.000000
-1.351001
0.632770
0.757325
0.000000
0.000000
0.000000
0.000000
0.000000
0.000000
-1.645850
0.490785
0.899706
-1.653796
0.464044
0.874650
0.000000
0.000000
0.000000
0.000000
0.000000
0.000000
-1.265398
0.961944
0.682183
-1.285388
0.995890
0.624799
0.000000
0.000000
0.000000
0.000000
0.000000
0.000000
-1.308014
0.553125
0.846585
-1.367079
0.563078
0.841486
0.000000
0.000000
0.000000
0.000000
0.000000
0.000000
-1.150572
1.001108
0.649426
-1.186132
1.015345
0.611685
0.000000
0.000000
0.000000
0.000000
0.000000
0.000000
-1.186635
0.713539
0.654235
-1.229082
0.617225
0.702538
0.000000
0.000000
0.000000
0.000000
0.000000
0.000000
-1.330656
1.211203
0.695674
-1.366405
1.222864
0.575763
0.000000
0.000000
0.000000
0.000000
0.000000
0.000000
-1.157066
0.767284
0.713462
-1.192397
0.867090
0.719215
0.000000
0.000000
0.000000
0.000000
0.000000
0.000000
0.000000
0.000000
0.000000
-1.598098
0.528002
0.933179
-1.210822
0.841700
0.767380
-1.243991
0.878519
0.719837
-1.131393
0.812556
0.785684
-1.133712
0.845547
0.725713
0.000000
0.000000
0.000000
0.000000
0.000000
0.000000
0.000000
0.000000
0.000000
-1.097543
0.811512
0.632645
-1.201247
0.657066
0.695258
-1.173702
0.722181
0.863410
-1.203040
0.656860
0.695258
-1.172570
0.723893
0.863410
0.000000
0.000000
0.000000
0.000000
0.000000
0.000000
-1.390858
1.116444
0.681857
-1.405348
1.108579
0.612957
0.000000
0.000000
0.000000
0.000000
0.000000
0.000000
0.000000
0.000000
0.000000
-1.233680
0.968148
0.748894
0.000000
0.000000
0.000000
0.000000
0.000000
0.000000
-1.044065
0.905073
0.577370
-1.072107
0.900495
0.796633
0.000000
0.000000
0.000000
0.000000
0.000000
0.000000
-1.248341
0.566588
0.831332
-1.297819
0.524805
0.851344
0.000000
0.000000
0.000000
0.000000
0.000000
0.000000
-1.400171
0.857364
0.744293
-1.430583
0.862122
0.745097
-1.321248
0.534759
0.884308
-1.325193
0.582031
0.832705
-1.354349
0.530381
0.892068
-1.337194
0.579624
0.837956
0.000000
0.000000
0.000000
0.000000
0.000000
0.000000
-1.204506
0.846694
0.756661
-1.225165
0.999545
0.699019
0.000000
0.000000
0.000000
0.000000
0.000000
0.000000
-1.366119
0.941136
0.733235
-1.422120
0.951233
0.698444
0.000000
0.000000
0.000000
0.000000
0.000000
0.000000
-1.404607
0.473324
0.790913
-1.528157
0.417696
0.874442
-1.158377
0.687798
0.808389
-1.260309
0.630917
0.811986
-1.146199
0.634261
0.834084
-1.215184
0.600060
0.816995
0.000000
0.000000
0.000000
0.000000
0.000000
0.000000
-1.274938
0.454860
0.820242
-1.296638
0.381524
0.852964
0.000000
0.000000
0.000000
0.000000
0.000000
0.000000
-1.294776
0.590715
0.803912
-1.274682
0.627772
0.816723
0.000000
0.000000
0.000000
0.000000
0.000000
0.000000
-1.256432
1.020439
0.733374
-1.331039
0.911261
0.676418
0.000000
0.000000
0.000000
0.000000
0.000000
0.000000
-1.443545
0.720608
0.809253
-1.466024
0.687157
0.816975
0.000000
0.000000
0.000000
0.000000
0.000000
0.000000
-1.109712
0.833123
0.732079
-1.273772
0.608650
0.781620
0.000000
0.000000
0.000000
0.000000
0.000000
0.000000
-1.273185
0.415718
0.851729
-1.283220
0.414010
0.856773
0.000000
0.000000
0.000000
0.000000
0.000000
0.000000
0.000000
0.000000
0.000000
-1.237897
0.690041
0.660401
0.000000
0.000000
0.000000
0.000000
0.000000
0.000000
-1.015058
1.096445
0.843927
-1.220638
0.754245
0.871063
0.000000
0.000000
0.000000
0.000000
0.000000
0.000000
-1.557972
0.760577
0.812833
-1.595241
0.784527
0.807577
0.000000
0.000000
0.000000
0.000000
0.000000
0.000000
0.000000
0.000000
0.000000
-1.156820
0.954627
0.654862
0.000000
0.000000
0.000000
0.000000
0.000000
0.000000
-1.194683
0.722228
0.862189
-1.190200
0.711692
0.882415
0.000000
0.000000
0.000000
0.000000
0.000000
0.000000
-1.057367
0.762728
0.645877
-1.000568
0.838283
0.776864
0.000000
0.000000
0.000000
0.000000
0.000000
0.000000
-1.216658
0.727472
0.790680
-1.223295
0.898693
0.777734
0.000000
0.000000
0.000000
0.000000
0.000000
0.000000
-1.353671
0.464217
0.924602
-1.438346
0.502400
0.896965
0.000000
0.000000
0.000000
0.000000
0.000000
0.000000
-1.105998
0.834753
0.704910
-1.195017
0.712607
0.759091
0.000000
0.000000
0.000000
0.000000
0.000000
0.000000
-1.439669
0.644699
0.822220
-1.523702
0.670541
0.835413
0.000000
0.000000
0.000000
0.000000
0.000000
0.000000
0.000000
0.000000
0.000000
-1.175928
0.756959
0.699411
0.000000
0.000000
0.000000
0.000000
0.000000
0.000000
-1.217903
0.692706
0.822686
-1.300135
0.716324
0.812034
0.000000
0.000000
0.000000
0.000000
0.000000
0.000000
-1.425885
0.779671
0.826178
-1.417849
0.845552
0.761615
0.000000
0.000000
0.000000
0.000000
0.000000
0.000000
-1.437597
1.184375
0.514210
-1.450604
1.202735
0.563277
0.000000
0.000000
0.000000
0.000000
0.000000
0.000000
-1.502104
0.390673
0.922414
-1.531925
0.381835
0.884242
0.000000
0.000000
0.000000
0.000000
0.000000
0.000000
-1.072775
0.969484
0.785492
-1.109824
1.297464
0.692464
0.000000
0.000000
0.000000
0.000000
0.000000
0.000000
0.000000
0.000000
0.000000
-1.283745
0.431444
0.767885
0.000000
0.000000
0.000000
0.000000
0.000000
0.000000
-0.987490
0.904995
0.643658
-1.003856
1.048437
0.580657
0.000000
0.000000
0.000000
0.000000
0.000000
0.000000
-1.320145
0.650015
0.643845
-1.369509
0.775476
0.954501
0.000000
0.000000
0.000000
0.000000
0.000000
0.000000
-1.397885
0.538952
0.846710
-1.416588
0.570615
0.822290
0.000000
0.000000
0.000000
0.000000
0.000000
0.000000
-0.964071
1.020726
0.700246
-0.981730
0.807543
0.668090
0.000000
0.000000
0.000000
0.000000
0.000000
0.000000
-1.449663
0.503130
0.592981
-1.493593
0.626324
1.012569
0.000000
0.000000
0.000000
0.000000
0.000000
0.000000
-1.428263
0.603252
0.910710
-1.409311
0.635301
0.792643
0.000000
0.000000
0.000000
0.000000
0.000000
0.000000
-1.204838
0.726009
0.983239
-1.338551
0.518691
0.918291
-1.285287
0.445669
0.849626
-1.247825
0.451803
0.805232
-1.312052
0.458711
0.853999
-1.287557
0.476728
0.814399
0.000000
0.000000
0.000000
0.000000
0.000000
0.000000
-1.435480
0.665919
0.824299
-1.416639
0.754363
0.786275
0.000000
0.000000
0.000000
0.000000
0.000000
0.000000
-1.165403
1.002441
0.779240
-1.218761
0.926509
0.744611
0.000000
0.000000
0.000000
0.000000
0.000000
0.000000
-1.385101
0.508252
0.787444
-1.536266
0.470550
0.852055
0.000000
0.000000
0.000000
0.000000
0.000000
0.000000
-1.325239
0.655822
0.768496
-1.355496
0.614822
0.773387
0.000000
0.000000
0.000000
0.000000
0.000000
0.000000
-1.328019
0.679169
0.785133
-1.331345
0.853500
0.799178
0.000000
0.000000
0.000000
0.000000
0.000000
0.000000
-1.155052
0.452029
0.813409
-1.249206
0.412523
0.842905
0.000000
0.000000
0.000000
0.000000
0.000000
0.000000
-1.179727
0.908372
0.618204
-1.239201
0.871321
0.668108
0.000000
0.000000
0.000000
0.000000
0.000000
0.000000
-1.368704
0.771882
0.769109
-1.396470
0.821691
0.778292
0.000000
0.000000
0.000000
0.000000
0.000000
0.000000
-1.127029
0.780938
0.734687
-1.168671
0.851742
0.686970
0.000000
0.000000
0.000000
0.000000
0.000000
0.000000
-1.222788
1.135245
0.781699
-1.252460
0.994057
0.771177
0.000000
0.000000
0.000000
0.000000
0.000000
0.000000
0.000000
0.000000
0.000000
-1.203555
0.531443
0.885102
0.000000
0.000000
0.000000
0.000000
0.000000
0.000000
-1.200344
0.609704
1.038370
-1.168152
0.781656
0.845877
0.000000
0.000000
0.000000
0.000000
0.000000
0.000000
-1.400922
0.726184
0.718427
-1.377331
0.769054
0.735776
0.000000
0.000000
0.000000
0.000000
0.000000
0.000000
-1.038774
1.055267
0.626506
-1.103262
0.947373
0.666476
0.000000
0.000000
0.000000
0.000000
0.000000
0.000000
-1.412177
0.721614
0.731925
-1.349993
0.861034
0.695578
0.000000
0.000000
0.000000
0.000000
0.000000
0.000000
-1.414011
1.053090
0.649657
-1.445679
1.056607
0.654375
0.000000
0.000000
0.000000
0.000000
0.000000
0.000000
-1.209025
0.793495
0.705895
-1.268632
0.761752
0.706678
0.000000
0.000000
0.000000
0.000000
0.000000
0.000000
-1.442133
0.975670
0.668918
-1.512381
0.711541
0.764373
0.000000
0.000000
0.000000
0.000000
0.000000
0.000000
-0.967198
0.996884
0.748068
-0.960636
0.926603
0.747089
0.000000
0.000000
0.000000
0.000000
0.000000
0.000000
-1.280273
1.075917
0.602021
-1.312985
1.051632
0.562364
-1.482392
0.573976
0.830438
-1.256741
0.856403
0.827374
-1.480540
0.573188
0.830438
-1.237558
0.927583
0.819600
0.000000
0.000000
0.000000
0.000000
0.000000
0.000000
-1.229396
0.754428
0.809057
-1.292489
0.690113
0.818082
0.000000
0.000000
0.000000
0.000000
0.000000
0.000000
-1.282306
1.242573
0.647737
-1.349212
1.104778
0.602018
0.000000
0.000000
0.000000
0.000000
0.000000
0.000000
-1.331122
0.696156
0.649512
-1.295251
0.968404
1.059806
0.000000
0.000000
0.000000
0.000000
0.000000
0.000000
-1.395112
1.155916
0.569105
-1.442215
1.115684
0.576150
0.000000
0.000000
0.000000
0.000000
0.000000
0.000000
-1.046603
1.235674
0.705348
-1.077857
1.367775
0.718777
-1.340582
0.554956
0.834537
-1.412492
0.515076
0.857351
-1.279824
0.566512
0.824308
-1.360814
0.503495
0.858482
0.000000
0.000000
0.000000
0.000000
0.000000
0.000000
-1.249467
0.663610
0.814396
-1.377288
0.853128
0.748106
0.000000
0.000000
0.000000
0.000000
0.000000
0.000000
-1.269911
0.624870
0.849361
-1.295923
0.684376
0.802053
0.000000
0.000000
0.000000
0.000000
0.000000
0.000000
0.000000
0.000000
0.000000
-1.157427
1.119196
0.690183
0.000000
0.000000
0.000000
0.000000
0.000000
0.000000
-0.822502
1.486708
0.843491
-1.025977
1.056922
0.865336
0.000000
0.000000
0.000000
0.000000
0.000000
0.000000
-1.050037
1.427613
0.670543
-1.235863
0.965148
0.632970
0.000000
0.000000
0.000000
0.000000
0.000000
0.000000
-1.501341
0.486748
0.857746
-1.459948
0.565949
0.831461
0.000000
0.000000
0.000000
0.000000
0.000000
0.000000
-1.404703
0.671637
0.782478
-1.436198
0.677314
0.796524
0.000000
0.000000
0.000000
0.000000
0.000000
0.000000
0.000000
0.000000
0.000000
-1.506933
0.437221
0.672984
0.000000
0.000000
0.000000
0.000000
0.000000
0.000000
-1.372976
0.570286
0.830528
-1.423732
0.624144
0.833153
0.000000
0.000000
0.000000
0.000000
0.000000
0.000000
-1.424623
0.528473
0.879825
-1.440613
0.556731
0.823597
0.000000
0.000000
0.000000
0.000000
0.000000
0.000000
-1.257426
1.159820
0.769090
-1.221314
1.192218
0.713660
0.000000
0.000000
0.000000
0.000000
0.000000
0.000000
-1.238177
1.134658
0.605165
-1.330252
0.817469
0.657416
0.000000
0.000000
0.000000
0.000000
0.000000
0.000000
0.000000
0.000000
0.000000
-1.389935
0.869483
1.082180
0.000000
0.000000
0.000000
0.000000
0.000000
0.000000
-1.207048
0.701857
0.698593
-1.190315
0.684653
0.721086
0.000000
0.000000
0.000000
0.000000
0.000000
0.000000
0.000000
0.000000
0.000000
-1.406924
0.484613
0.718527
0.000000
0.000000
0.000000
0.000000
0.000000
0.000000
-1.260826
0.785322
0.781356
-1.312243
0.698419
0.801277
0.000000
0.000000
0.000000
0.000000
0.000000
0.000000
-1.442811
0.415871
0.934991
-1.467706
0.491680
0.893504
0.000000
0.000000
0.000000
0.000000
0.000000
0.000000
-1.395449
0.668523
0.853174
-1.464336
0.733241
0.868721
0.000000
0.000000
0.000000
0.000000
0.000000
0.000000
-1.253529
0.747109
0.799341
-1.242592
0.770255
0.757255
0.000000
0.000000
0.000000
0.000000
0.000000
0.000000
0.000000
0.000000
0.000000
-1.289921
1.000969
0.972724
0.000000
0.000000
0.000000
0.000000
0.000000
0.000000
-1.387223
0.683675
0.739537
-1.317924
0.635583
0.687300
0.000000
0.000000
0.000000
0.000000
0.000000
0.000000
-1.317575
0.521379
0.698947
-1.352557
0.493838
0.890144
0.000000
0.000000
0.000000
0.000000
0.000000
0.000000
0.000000
0.000000
0.000000
-0.935900
1.085269
0.659081
-1.308505
0.600738
0.817984
-1.270606
0.656405
0.858364
-1.305214
0.600375
0.817984
-1.242622
0.649019
0.860466
0.000000
0.000000
0.000000
0.000000
0.000000
0.000000
-1.112848
0.713930
0.888644
-1.216036
0.746564
0.814371
0.000000
0.000000
0.000000
0.000000
0.000000
0.000000
-1.139759
0.642432
0.836683
-1.195467
0.551130
0.792208
0.000000
0.000000
0.000000
0.000000
0.000000
0.000000
-1.373385
0.757713
0.630342
-1.241505
1.275294
0.802359
0.000000
0.000000
0.000000
0.000000
0.000000
0.000000
0.000000
0.000000
0.000000
-1.355105
0.821704
0.741399
-1.122688
1.049703
0.586368
-1.235152
0.919645
0.582945
-1.076247
1.020314
0.605206
-1.175601
0.904114
0.582267
0.000000
0.000000
0.000000
0.000000
0.000000
0.000000
-1.128833
1.680958
0.964773
-1.312640
1.102244
0.839144
0.000000
0.000000
0.000000
0.000000
0.000000
0.000000
-1.428674
0.415343
1.131664
-1.469284
0.379267
0.938892
0.000000
0.000000
0.000000
0.000000
0.000000
0.000000
-1.203422
0.709511
0.651251
-1.255429
0.972571
0.652858
0.000000
0.000000
0.000000
0.000000
0.000000
0.000000
-1.323746
0.649539
0.784029
-1.330640
0.701372
0.779374
0.000000
0.000000
0.000000
0.000000
0.000000
0.000000
-1.121680
0.851774
0.814553
-1.221527
0.935605
0.681718
0.000000
0.000000
0.000000
0.000000
0.000000
0.000000
-1.314976
1.136512
0.521139
-1.372019
1.177841
0.555784
0.000000
0.000000
0.000000
0.000000
0.000000
0.000000
0.000000
0.000000
0.000000
-1.317709
0.814212
0.762595
0.000000
0.000000
0.000000
0.000000
0.000000
0.000000
-1.225470
0.967649
0.726106
-1.246772
0.948917
0.689054
0.000000
0.000000
0.000000
0.000000
0.000000
0.000000
-1.001271
1.197571
0.524385
-1.093392
1.060454
0.492998
0.000000
0.000000
0.000000
0.000000
0.000000
0.000000
-1.257772
0.583974
0.746432
-1.305420
0.609097
0.970589
-1.272841
0.905198
0.673687
-1.286016
0.923797
0.634282
-1.272820
0.900815
0.673687
-1.284678
0.922383
0.634282
0.000000
0.000000
0.000000
0.000000
0.000000
0.000000
0.000000
0.000000
0.000000
-1.293376
0.691734
0.868731
0.000000
0.000000
0.000000
0.000000
0.000000
0.000000
-1.272816
0.867765
0.733152
-1.317951
0.796895
0.738966
0.000000
0.000000
0.000000
0.000000
0.000000
0.000000
-1.353753
0.363175
0.755037
-1.307939
0.290900
0.901182
0.000000
0.000000
0.000000
0.000000
0.000000
0.000000
-1.223367
0.868135
0.720677
-1.290250
0.991285
0.647828
0.000000
0.000000
0.000000
0.000000
0.000000
0.000000
-1.413626
0.649113
0.678517
-1.620968
0.474730
1.023723
0.000000
0.000000
0.000000
0.000000
0.000000
0.000000
-1.453716
0.667819
0.769993
-1.458662
0.654393
0.805959
0.000000
0.000000
0.000000
0.000000
0.000000
0.000000
-1.431175
0.401820
0.834215
-1.336808
0.473399
0.836920
0.000000
0.000000
0.000000
0.000000
0.000000
0.000000
0.000000
0.000000
0.000000
-1.164648
1.143572
0.721391
-1.193160
1.204493
0.465901
-1.266010
1.261027
0.498266
-1.213399
1.261212
0.468886
-1.243674
1.331434
0.469889
0.000000
0.000000
0.000000
0.000000
0.000000
0.000000
-1.278638
1.142701
0.531140
-1.303744
1.065864
0.552979
0.000000
0.000000
0.000000
0.000000
0.000000
0.000000
-1.293194
0.879515
0.712061
-1.312989
0.855559
0.735471
0.000000
0.000000
0.000000
0.000000
0.000000
0.000000
0.000000
0.000000
0.000000
-1.050626
0.916403
0.695112
0.000000
0.000000
0.000000
0.000000
0.000000
0.000000
-1.313834
0.839174
0.785645
-1.350087
0.631237
0.826166
0.000000
0.000000
0.000000
0.000000
0.000000
0.000000
-1.314714
0.774469
0.825021
-1.332464
0.812919
0.793501
0.000000
0.000000
0.000000
0.000000
0.000000
0.000000
-1.499592
0.583054
0.839954
-1.542197
0.577589
0.854590
0.000000
0.000000
0.000000
0.000000
0.000000
0.000000
-1.184879
0.807575
0.730297
-1.193309
0.938473
0.828856
0.000000
0.000000
0.000000
0.000000
0.000000
0.000000
-1.238078
0.825585
0.684272
-1.375812
0.810239
0.913399
0.000000
0.000000
0.000000
0.000000
0.000000
0.000000
-1.339139
1.147699
0.570280
-1.367149
0.946123
0.795276
0.000000
0.000000
0.000000
0.000000
0.000000
0.000000
-1.165367
1.071257
0.658980
-1.223865
1.064273
0.624332
0.000000
0.000000
0.000000
0.000000
0.000000
0.000000
-1.425518
0.565654
0.870516
-1.450828
0.605724
0.851127
0.000000
0.000000
0.000000
0.000000
0.000000
0.000000
-1.275148
0.965700
0.735628
-1.362959
0.935831
0.781211
0.000000
0.000000
0.000000
0.000000
0.000000
0.000000
-1.213072
0.780299
0.693486
-1.163284
1.311697
0.555133
0.000000
0.000000
0.000000
0.000000
0.000000
0.000000
-1.259346
1.034333
0.758503
-1.305925
1.034830
0.679780
0.000000
0.000000
0.000000
0.000000
0.000000
0.000000
-1.431525
0.509468
0.923910
-1.539302
0.467871
0.887864
0.000000
0.000000
0.000000
0.000000
0.000000
0.000000
-1.268948
0.840778
0.791810
-1.305747
0.823158
0.723872
0.000000
0.000000
0.000000
0.000000
0.000000
0.000000
-1.381827
0.513888
0.732344
-1.317935
0.650697
0.856498
0.000000
0.000000
0.000000
0.000000
0.000000
0.000000
-0.979430
1.263363
0.741117
-1.031206
1.167325
0.606296
0.000000
0.000000
0.000000
0.000000
0.000000
0.000000
-1.082887
1.055400
0.787223
-1.202087
0.955574
0.650690
0.000000
0.000000
0.000000
0.000000
0.000000
0.000000
0.000000
0.000000
0.000000
-1.052999
0.717579
0.777479
0.000000
0.000000
0.000000
0.000000
0.000000
0.000000
-0.987517
1.085746
0.665667
-0.997151
0.906762
0.580497
0.000000
0.000000
0.000000
0.000000
0.000000
0.000000
-1.236203
0.742435
0.727569
-1.223230
0.866807
0.812193
0.000000
0.000000
0.000000
0.000000
0.000000
0.000000
-1.682527
0.344467
0.890009
-1.685828
0.422239
0.896583
0.000000
0.000000
0.000000
0.000000
0.000000
0.000000
0.000000
0.000000
0.000000
-1.175515
0.576819
0.858014
0.000000
0.000000
0.000000
0.000000
0.000000
0.000000
-1.223531
0.625508
0.991973
-1.293074
0.665328
0.915426
0.000000
0.000000
0.000000
0.000000
0.000000
0.000000
-1.405989
1.072473
0.725742
-1.526128
0.706146
0.896951
0.000000
0.000000
0.000000
0.000000
0.000000
0.000000
-1.241271
0.506395
0.647497
-1.253254
0.530787
0.797928
0.000000
0.000000
0.000000
0.000000
0.000000
0.000000
-1.370098
0.457476
0.700988
-1.342407
0.508432
0.960127
0.000000
0.000000
0.000000
0.000000
0.000000
0.000000
0.000000
0.000000
0.000000
-1.343231
0.445639
0.679365
0.000000
0.000000
0.000000
0.000000
0.000000
0.000000
-1.357578
0.691185
0.850114
-1.427540
0.589282
0.801844
0.000000
0.000000
0.000000
0.000000
0.000000
0.000000
0.000000
0.000000
0.000000
-1.060661
1.047642
0.720205
0.000000
0.000000
0.000000
0.000000
0.000000
0.000000
0.000000
0.000000
0.000000
-1.472994
0.474862
0.715469
0.000000
0.000000
0.000000
0.000000
0.000000
0.000000
-1.414575
0.611091
0.839789
-1.395735
0.566169
0.899243
0.000000
0.000000
0.000000
0.000000
0.000000
0.000000
-1.172897
1.296601
0.657604
-1.267050
0.875645
0.603786
0.000000
0.000000
0.000000
-1.072852
0.621376
0.563925
0.000000
0.000000
0.000000
-1.034676
0.737319
0.559959
0.000000
0.000000
0.000000
0.000000
0.000000
0.000000
-1.067059
0.916206
0.836922
-1.099084
0.936275
0.703445
0.000000
0.000000
0.000000
0.000000
0.000000
0.000000
-1.308750
0.435852
0.930193
-1.439877
0.428093
0.873295
0.000000
0.000000
0.000000
0.000000
0.000000
0.000000
-1.181432
0.829537
0.773054
-1.276508
0.734999
0.783716
0.000000
0.000000
0.000000
0.000000
0.000000
0.000000
0.000000
0.000000
0.000000
-1.231360
0.469034
0.939562
0.000000
0.000000
0.000000
0.000000
0.000000
0.000000
-1.268177
0.903821
0.743178
-1.331877
0.714335
0.886572
0.000000
0.000000
0.000000
0.000000
0.000000
0.000000
-1.594459
0.552931
0.824281
-1.736377
0.543313
0.885516
0.000000
0.000000
0.000000
0.000000
0.000000
0.000000
-1.456243
0.785154
0.763593
-1.524129
0.702655
0.787687
0.000000
0.000000
0.000000
0.000000
0.000000
0.000000
0.000000
0.000000
0.000000
-1.056618
0.721388
0.651898
0.000000
0.000000
0.000000
0.000000
0.000000
0.000000
-1.127635
0.554976
0.658037
-1.181552
0.542421
0.791450
0.000000
0.000000
0.000000
0.000000
0.000000
0.000000
-1.026972
1.138398
0.741572
-1.148024
0.945684
0.698217
0.000000
0.000000
0.000000
0.000000
0.000000
0.000000
-1.099316
0.719386
0.651262
-0.920720
0.992468
0.768410
-1.176478
1.012009
0.861745
-1.283875
0.685628
0.742884
-1.082944
1.047062
0.861745
-1.210399
0.726077
0.757208
0.000000
0.000000
0.000000
0.000000
0.000000
0.000000
-1.724974
0.310072
0.898323
-1.735659
0.319412
0.897829
0.000000
0.000000
0.000000
0.000000
0.000000
0.000000
-1.267997
0.560279
0.829954
-1.385155
0.516212
0.868082
0.000000
0.000000
0.000000
0.000000
0.000000
0.000000
-1.071516
1.509990
0.608446
-1.232944
1.220178
0.411376
0.000000
0.000000
0.000000
0.000000
0.000000
0.000000
0.000000
0.000000
0.000000
-0.895062
1.262479
0.699432
0.000000
0.000000
0.000000
0.000000
0.000000
0.000000
-1.231606
0.793302
0.790631
-1.402400
0.653338
0.814617
0.000000
0.000000
0.000000
0.000000
0.000000
0.000000
-1.542803
0.426990
0.869329
-1.576359
0.430069
0.872519
0.000000
0.000000
0.000000
0.000000
0.000000
0.000000
-1.327546
0.747275
0.765541
-1.356483
0.809353
0.749797
0.000000
0.000000
0.000000
0.000000
0.000000
0.000000
-1.191857
0.572775
0.747273
-1.221384
0.528753
0.775613
-1.534564
0.439532
0.859934
-1.527652
0.553083
0.843619
-1.505527
0.431848
0.870337
-1.511967
0.516728
0.862080
0.000000
0.000000
0.000000
0.000000
0.000000
0.000000
-1.391449
0.411272
0.834365
-1.461525
0.341986
0.868735
0.000000
0.000000
0.000000
0.000000
0.000000
0.000000
-1.313628
0.848968
0.718036
-1.333086
0.887086
0.737321
0.000000
0.000000
0.000000
0.000000
0.000000
0.000000
-1.233039
0.745338
0.807985
-1.236666
0.911209
0.674173
0.000000
0.000000
0.000000
0.000000
0.000000
0.000000
-1.478718
0.721454
0.769075
-1.487249
0.730505
0.788666
0.000000
0.000000
0.000000
0.000000
0.000000
0.000000
-1.381194
0.612056
0.850842
-1.411909
0.665367
0.828479
0.000000
0.000000
0.000000
0.000000
0.000000
0.000000
-1.317803
0.831180
0.770772
-1.296900
1.024927
0.676965
0.000000
0.000000
0.000000
0.000000
0.000000
0.000000
-1.614815
0.526551
0.862410
-1.652371
0.505135
0.866323
0.000000
0.000000
0.000000
0.000000
0.000000
0.000000
-1.155107
0.594123
0.731799
-1.117367
0.605234
0.810679
0.000000
0.000000
0.000000
0.000000
0.000000
0.000000
-1.105261
1.283630
0.705329
-1.248494
1.071592
0.547529
0.000000
0.000000
0.000000
0.000000
0.000000
0.000000
0.000000
0.000000
0.000000
-1.179513
0.687132
0.657666
0.000000
0.000000
0.000000
0.000000
0.000000
0.000000
-1.078246
1.200987
0.482888
-1.084327
1.222624
0.443726
-1.583761
0.537616
0.763778
-1.622942
0.552814
0.909658
-1.560800
0.598167
0.760748
-1.521064
0.735444
0.806610
0.000000
0.000000
0.000000
0.000000
0.000000
0.000000
0.000000
0.000000
0.000000
-1.191112
0.686139
0.806791
0.000000
0.000000
0.000000
0.000000
0.000000
0.000000
-1.289730
0.987224
0.634428
-1.314092
1.065998
0.619531
-1.428293
0.670908
0.881029
-1.351596
0.804347
0.789574
-1.401486
0.701515
0.888296
-1.346769
0.755996
0.792493
0.000000
0.000000
0.000000
0.000000
0.000000
0.000000
-1.180818
0.825506
0.652673
-1.092067
1.182221
0.684447
0.000000
0.000000
0.000000
0.000000
0.000000
0.000000
-0.945201
0.996934
0.734723
-0.979980
0.917576
0.678494
0.000000
0.000000
0.000000
-1.165005
0.665411
0.688814
0.000000
0.000000
0.000000
-1.154773
0.666946
0.688814
0.000000
0.000000
0.000000
0.000000
0.000000
0.000000
-1.037889
0.954697
0.717442
-1.156186
0.884833
0.707957
-1.416675
1.136021
0.726591
-1.427187
1.067309
0.717639
-1.517440
0.728556
0.797437
-1.567021
0.644143
0.843056
0.000000
0.000000
0.000000
0.000000
0.000000
0.000000
0.000000
0.000000
0.000000
-1.213185
0.630568
0.923961
0.000000
0.000000
0.000000
0.000000
0.000000
0.000000
-1.300024
0.494403
0.861874
-1.281526
0.549591
0.861103
0.000000
0.000000
0.000000
0.000000
0.000000
0.000000
-1.322841
0.628715
0.834521
-1.355224
0.683291
0.800005
0.000000
0.000000
0.000000
0.000000
0.000000
0.000000
-1.261440
0.666061
0.815193
-1.316566
0.614388
0.844276
-1.325353
0.527081
0.684009
-1.277977
0.453487
0.950271
-1.300844
0.532030
0.684009
-1.249074
0.481930
0.940904
0.000000
0.000000
0.000000
0.000000
0.000000
0.000000
-1.220830
0.805376
0.833754
-1.247947
0.684142
0.737699
0.000000
0.000000
0.000000
0.000000
0.000000
0.000000
0.000000
0.000000
0.000000
-1.107680
0.991589
0.819231
0.000000
0.000000
0.000000
0.000000
0.000000
0.000000
-1.402821
0.918346
0.729944
-1.416435
1.001136
0.712530
0.000000
0.000000
0.000000
0.000000
0.000000
0.000000
-1.331451
0.823150
0.726452
-1.375434
0.818583
0.746655
0.000000
0.000000
0.000000
0.000000
0.000000
0.000000
-1.236271
0.534293
0.635704
-1.074837
0.939334
0.802273
0.000000
0.000000
0.000000
0.000000
0.000000
0.000000
-1.436436
1.047031
0.668571
-1.471572
1.045102
0.662176
0.000000
0.000000
0.000000
0.000000
0.000000
0.000000
-1.123276
0.577609
0.641985
-1.229051
0.520823
0.762026
0.000000
0.000000
0.000000
0.000000
0.000000
0.000000
-1.246263
0.636000
0.777948
-1.234153
0.678755
0.762525
0.000000
0.000000
0.000000
0.000000
0.000000
0.000000
-1.035260
1.060218
0.612655
-1.128942
0.927548
0.580729
0.000000
0.000000
0.000000
0.000000
0.000000
0.000000
0.000000
0.000000
0.000000
-1.067159
1.096459
0.723045
0.000000
0.000000
0.000000
0.000000
0.000000
0.000000
-1.638591
0.695256
0.859860
-1.719143
0.612699
0.848384
0.000000
0.000000
0.000000
0.000000
0.000000
0.000000
-1.422811
0.725238
0.776293
-1.449389
0.661031
0.815342
0.000000
0.000000
0.000000
0.000000
0.000000
0.000000
-1.301056
0.804978
0.709969
-1.238339
0.736010
0.680230
0.000000
0.000000
0.000000
0.000000
0.000000
0.000000
-0.906696
1.307091
0.837545
-1.137089
0.956757
0.682633
0.000000
0.000000
0.000000
0.000000
0.000000
0.000000
0.000000
0.000000
0.000000
-1.402733
0.426022
0.873914
0.000000
0.000000
0.000000
0.000000
0.000000
0.000000
-1.569767
0.693764
0.816186
-1.598984
0.675973
0.829696
0.000000
0.000000
0.000000
0.000000
0.000000
0.000000
-1.428765
0.642563
0.720700
-1.392935
0.654860
0.906060
0.000000
0.000000
0.000000
0.000000
0.000000
0.000000
-1.043869
1.260121
0.617378
-1.158440
0.946460
0.556227
0.000000
0.000000
0.000000
0.000000
0.000000
0.000000
-1.163498
0.599300
0.712197
-1.042837
0.756264
0.812800
0.000000
0.000000
0.000000
0.000000
0.000000
0.000000
-1.968535
0.519371
0.886560
-1.995091
0.508977
0.884193
0.000000
0.000000
0.000000
0.000000
0.000000
0.000000
-1.147793
1.022621
0.631305
-1.103303
1.192164
0.557481
0.000000
0.000000
0.000000
0.000000
0.000000
0.000000
-1.385298
1.277890
0.681551
-1.425036
1.225951
0.675343
0.000000
0.000000
0.000000
0.000000
0.000000
0.000000
-1.282797
0.973298
0.699436
-1.336740
0.923979
0.693236
0.000000
0.000000
0.000000
0.000000
0.000000
0.000000
-1.401476
1.015073
0.701903
-1.415011
1.089030
0.675040
0.000000
0.000000
0.000000
0.000000
0.000000
0.000000
-1.267827
0.471192
0.816156
-1.254820
0.633659
0.840762
0.000000
0.000000
0.000000
0.000000
0.000000
0.000000
0.000000
0.000000
0.000000
-1.037057
0.621061
0.886724
0.000000
0.000000
0.000000
0.000000
0.000000
0.000000
-1.269933
0.653901
0.829157
-1.329814
0.582684
0.855577
0.000000
0.000000
0.000000
0.000000
0.000000
0.000000
0.000000
0.000000
0.000000
-1.358273
0.487538
0.803829
0.000000
0.000000
0.000000
0.000000
0.000000
0.000000
-1.581940
0.647261
0.821369
-1.661012
0.559789
0.849755
0.000000
0.000000
0.000000
0.000000
0.000000
0.000000
-1.447823
0.366253
0.688148
-1.583113
0.388174
1.090801
0.000000
0.000000
0.000000
0.000000
0.000000
0.000000
0.000000
0.000000
0.000000
-1.242294
0.897429
0.714374
0.000000
0.000000
0.000000
0.000000
0.000000
0.000000
-1.341062
0.952591
0.661376
-1.372100
0.958560
0.696997
0.000000
0.000000
0.000000
0.000000
0.000000
0.000000
-1.502005
0.737305
0.819069
-1.534486
0.729752
0.800224
0.000000
0.000000
0.000000
0.000000
0.000000
0.000000
-0.981185
0.910301
0.762846
-0.935399
1.004291
0.593911
0.000000
0.000000
0.000000
0.000000
0.000000
0.000000
-0.970897
1.035702
0.734571
-1.119520
0.764606
0.656332
0.000000
0.000000
0.000000
0.000000
0.000000
0.000000
-0.961718
1.841672
0.780720
-1.192071
1.187118
0.641521
0.000000
0.000000
0.000000
0.000000
0.000000
0.000000
-1.375312
0.382751
0.971661
-1.321854
0.385733
0.916565
0.000000
0.000000
0.000000
0.000000
0.000000
0.000000
-1.383019
0.359878
0.922455
-1.430266
0.301377
0.890067
0.000000
0.000000
0.000000
0.000000
0.000000
0.000000
-1.340161
1.114483
0.881161
-1.459864
0.853717
0.785220
0.000000
0.000000
0.000000
0.000000
0.000000
0.000000
0.000000
0.000000
0.000000
-1.349098
0.806572
0.803029
0.000000
0.000000
0.000000
0.000000
0.000000
0.000000
-1.458377
0.638022
0.847072
-1.561529
0.489876
0.846506
-1.575240
0.497035
0.867988
-1.595513
0.489291
0.863563
-1.499636
0.492836
0.866993
-1.501257
0.498985
0.858381
0.000000
0.000000
0.000000
0.000000
0.000000
0.000000
-1.319087
1.222077
0.494903
-1.347346
1.154334
0.532024
0.000000
0.000000
0.000000
0.000000
0.000000
0.000000
-1.327847
0.789085
0.788209
-1.320228
0.809444
0.733289
0.000000
0.000000
0.000000
0.000000
0.000000
0.000000
-1.358808
0.506201
0.871140
-1.395124
0.481507
0.863085
0.000000
0.000000
0.000000
0.000000
0.000000
0.000000
-1.204003
0.639804
0.925919
-1.260606
0.559657
0.831005
0.000000
0.000000
0.000000
0.000000
0.000000
0.000000
-1.317051
0.812645
0.799626
-1.311896
0.895969
0.778148
0.000000
0.000000
0.000000
0.000000
0.000000
0.000000
-1.356650
0.713497
0.704800
-1.347299
0.646691
0.845406
0.000000
0.000000
0.000000
-1.218304
0.666129
0.742400
0.000000
0.000000
0.000000
-1.216239
0.666746
0.742400
0.000000
0.000000
0.000000
0.000000
0.000000
0.000000
-1.540873
0.814104
0.768290
-1.571228
0.805603
0.774824
0.000000
0.000000
0.000000
0.000000
0.000000
0.000000
-1.395159
0.730270
0.798958
-1.414153
0.730397
0.806237
0.000000
0.000000
0.000000
0.000000
0.000000
0.000000
-1.374204
1.050001
0.806423
-1.442030
1.243728
0.701447
0.000000
0.000000
0.000000
0.000000
0.000000
0.000000
-1.168278
0.610434
0.739297
-1.326496
0.456868
0.869955
0.000000
0.000000
0.000000
0.000000
0.000000
0.000000
-1.087334
0.673392
0.873711
-1.057335
0.845279
0.771231
0.000000
0.000000
0.000000
0.000000
0.000000
0.000000
-1.099727
1.107971
0.696622
-1.139681
1.090280
0.708231
0.000000
0.000000
0.000000
0.000000
0.000000
0.000000
-1.110241
0.985006
0.634385
-1.045992
0.987453
0.555118
0.000000
0.000000
0.000000
0.000000
0.000000
0.000000
-1.252003
1.011293
0.616566
-1.306927
1.014846
0.636901
0.000000
0.000000
0.000000
0.000000
0.000000
0.000000
-1.212718
1.068192
0.632369
-1.276006
1.023097
0.646348
0.000000
0.000000
0.000000
0.000000
0.000000
0.000000
0.000000
0.000000
0.000000
-1.222186
0.603339
0.760149
0.000000
0.000000
0.000000
0.000000
0.000000
0.000000
-1.153597
0.871106
0.707092
-1.183601
0.851954
0.687685
0.000000
0.000000
0.000000
0.000000
0.000000
0.000000
-1.201242
0.803967
1.002726
-1.192467
0.684490
0.828908
0.000000
0.000000
0.000000
0.000000
0.000000
0.000000
-1.160601
1.077363
0.675064
-1.132283
1.175851
0.664426
-1.366643
0.579832
0.714506
-1.285409
0.773615
0.790124
-1.338106
0.590303
0.714506
-1.252470
0.743257
0.790124
0.000000
0.000000
0.000000
0.000000
0.000000
0.000000
-1.431746
0.714025
0.848153
-1.401478
0.771731
0.770194
0.000000
0.000000
0.000000
0.000000
0.000000
0.000000
-1.580829
0.507564
0.860550
-1.632091
0.474993
0.869946
0.000000
0.000000
0.000000
0.000000
0.000000
0.000000
-1.379498
1.142924
0.564768
-1.407202
1.055682
0.634401
0.000000
0.000000
0.000000
0.000000
0.000000
0.000000
-1.324534
0.706115
0.730614
-1.296011
0.806149
0.730920
0.000000
0.000000
0.000000
0.000000
0.000000
0.000000
-1.302499
0.812675
0.698385
-1.312904
0.952314
0.636560
0.000000
0.000000
0.000000
0.000000
0.000000
0.000000
-1.319544
0.625733
0.691809
-1.300755
0.792727
0.697851
0.000000
0.000000
0.000000
0.000000
0.000000
0.000000
-1.286735
0.652048
0.856976
-1.310044
0.571382
0.843271
0.000000
0.000000
0.000000
0.000000
0.000000
0.000000
-1.332570
0.486220
0.854425
-1.458742
0.404990
0.892946
0.000000
0.000000
0.000000
0.000000
0.000000
0.000000
-1.060887
0.791534
0.848844
-1.102227
0.834353
0.752452
0.000000
0.000000
0.000000
0.000000
0.000000
0.000000
-1.472046
0.377010
0.916509
-1.568736
0.417132
0.894488
-0.962559
0.935799
0.660060
-1.054685
0.923169
0.714054
-0.899842
0.968722
0.660060
-1.006459
1.000701
0.717409
0.000000
0.000000
0.000000
0.000000
0.000000
0.000000
-1.365206
0.540745
0.733421
-1.489010
0.447227
0.892979
0.000000
0.000000
0.000000
0.000000
0.000000
0.000000
0.000000
0.000000
0.000000
-1.105307
0.726550
0.586614
0.000000
0.000000
0.000000
0.000000
0.000000
0.000000
-1.452523
1.020732
0.722000
-1.488976
0.916700
0.750257
0.000000
0.000000
0.000000
0.000000
0.000000
0.000000
-1.210808
0.664609
1.089555
-1.247553
0.643828
0.880636
-1.398207
0.607083
0.754635
-1.394188
0.667449
0.757978
-1.391983
0.607952
0.754635
-1.385441
0.664397
0.757978
0.000000
0.000000
0.000000
0.000000
0.000000
0.000000
-1.342818
0.387854
1.196696
-1.379405
0.353068
1.000675
0.000000
0.000000
0.000000
0.000000
0.000000
0.000000
-1.355093
0.570582
0.791985
-1.285458
0.830647
0.756446
-0.886003
1.152512
0.613041
-1.094496
0.936208
0.628034
-0.879944
1.161707
0.613041
-1.084020
0.934378
0.628031
0.000000
0.000000
0.000000
0.000000
0.000000
0.000000
-1.162866
0.839659
0.704546
-1.197317
0.875269
0.680468
0.000000
0.000000
0.000000
0.000000
0.000000
0.000000
-1.515706
0.562016
0.833381
-1.515315
0.648677
0.821650
0.000000
0.000000
0.000000
0.000000
0.000000
0.000000
-1.065541
0.918537
0.737493
-1.029292
1.222085
0.814526
0.000000
0.000000
0.000000
0.000000
0.000000
0.000000
-1.488372
0.615191
0.833557
-1.515359
0.618714
0.834618
0.000000
0.000000
0.000000
0.000000
0.000000
0.000000
-1.161804
0.812690
0.671648
-1.260236
0.868933
0.727545
0.000000
0.000000
0.000000
0.000000
0.000000
0.000000
-1.099106
0.900725
0.765593
-1.059305
0.998710
0.755180
0.000000
0.000000
0.000000
0.000000
0.000000
0.000000
0.000000
0.000000
0.000000
-1.285149
1.059430
0.865845
0.000000
0.000000
0.000000
0.000000
0.000000
0.000000
0.000000
0.000000
0.000000
-0.976619
0.761760
0.704955
-1.229549
0.637790
0.791088
-1.221028
0.634665
0.868579
-1.182311
0.689879
0.771548
-1.159908
0.792849
0.763224
0.000000
0.000000
0.000000
0.000000
0.000000
0.000000
-1.610757
0.492010
0.866867
-1.625236
0.493304
0.866453
0.000000
0.000000
0.000000
0.000000
0.000000
0.000000
-1.328935
0.520260
0.854529
-1.369501
0.386970
0.859380
0.000000
0.000000
0.000000
0.000000
0.000000
0.000000
-1.276793
0.676255
0.852130
-1.283838
0.667778
0.789521
0.000000
0.000000
0.000000
0.000000
0.000000
0.000000
0.000000
0.000000
0.000000
-1.450537
1.369185
0.707969
0.000000
0.000000
0.000000
0.000000
0.000000
0.000000
-1.050492
1.110170
0.741005
-1.162993
0.865677
0.727577
0.000000
0.000000
0.000000
0.000000
0.000000
0.000000
-1.356478
0.905661
0.714697
-1.400202
0.873493
0.727202
0.000000
0.000000
0.000000
0.000000
0.000000
0.000000
0.000000
0.000000
0.000000
-1.220207
0.815585
0.666033
0.000000
0.000000
0.000000
0.000000
0.000000
0.000000
-1.437574
0.519542
0.822065
-1.431543
0.512932
0.846283
0.000000
0.000000
0.000000
0.000000
0.000000
0.000000
-1.143008
1.181468
0.723350
-1.210615
1.070334
0.718772
0.000000
0.000000
0.000000
0.000000
0.000000
0.000000
-1.459956
0.584208
0.851672
-1.443474
0.626838
0.818200
0.000000
0.000000
0.000000
0.000000
0.000000
0.000000
-1.259939
0.608692
0.728787
-1.353657
0.488391
0.948568
0.000000
0.000000
0.000000
0.000000
0.000000
0.000000
-1.468854
1.142516
0.723721
-1.527729
1.024461
0.682119
0.000000
0.000000
0.000000
0.000000
0.000000
0.000000
-1.227204
0.799295
0.659664
-1.162263
1.203091
0.626037
0.000000
0.000000
0.000000
0.000000
0.000000
0.000000
-1.370881
0.585320
0.699176
-1.407305
0.492151
0.899133
-1.399422
0.806270
0.837175
-1.421486
0.859958
0.806095
-1.411899
0.837542
0.893084
-1.428348
0.898700
0.787741
0.000000
0.000000
0.000000
0.000000
0.000000
0.000000
-1.319784
0.384913
0.883750
-1.311392
0.482231
0.859334
0.000000
0.000000
0.000000
0.000000
0.000000
0.000000
-1.288415
0.634470
0.894705
-1.354722
0.687552
0.898836
0.000000
0.000000
0.000000
0.000000
0.000000
0.000000
0.000000
0.000000
0.000000
-1.282787
0.964698
0.948139
-1.126708
0.817482
0.719565
-1.161890
0.946308
0.673688
-1.048249
0.909887
0.704648
-1.070687
1.039153
0.632220
-1.319848
0.864226
0.731508
-1.267219
0.912980
0.762855
-1.307089
0.863552
0.731508
-1.275816
0.861482
0.778273
0.000000
0.000000
0.000000
0.000000
0.000000
0.000000
-1.218307
0.868093
0.687046
-1.174949
0.955998
0.649105
0.000000
0.000000
0.000000
0.000000
0.000000
0.000000
-1.135260
0.864778
0.593963
-1.184650
0.986891
0.650495
0.000000
0.000000
0.000000
0.000000
0.000000
0.000000
0.000000
0.000000
0.000000
-1.108060
0.592222
0.715719
0.000000
0.000000
0.000000
0.000000
0.000000
0.000000
-1.259027
0.985782
0.687006
-1.198874
1.113757
0.766935
0.000000
0.000000
0.000000
0.000000
0.000000
0.000000
-1.208797
0.679383
0.806231
-1.297935
0.590178
0.820274
0.000000
0.000000
0.000000
0.000000
0.000000
0.000000
-1.288606
0.611332
0.978315
-1.344432
0.526956
0.901128
0.000000
0.000000
0.000000
0.000000
0.000000
0.000000
-1.333482
0.631683
0.602687
-1.257405
0.809807
0.721432
0.000000
0.000000
0.000000
0.000000
0.000000
0.000000
-1.056821
1.136845
0.706956
-0.995719
1.396920
0.677041
0.000000
0.000000
0.000000
0.000000
0.000000
0.000000
-1.323328
0.911338
0.983661
-1.379119
0.903537
0.865457
0.000000
0.000000
0.000000
0.000000
0.000000
0.000000
-1.379904
0.833336
0.667633
-1.412499
0.852032
0.726052
0.000000
0.000000
0.000000
0.000000
0.000000
0.000000
-1.447141
0.774189
0.839277
-1.490785
0.701654
0.833524
0.000000
0.000000
0.000000
0.000000
0.000000
0.000000
-1.194440
0.732146
0.681673
-1.112545
1.166575
0.736669
0.000000
0.000000
0.000000
0.000000
0.000000
0.000000
-1.203010
0.530927
0.710597
-1.229787
0.511137
0.953990
0.000000
0.000000
0.000000
0.000000
0.000000
0.000000
-1.369469
0.591582
0.832247
-1.409495
0.602136
0.827066
0.000000
0.000000
0.000000
0.000000
0.000000
0.000000
0.000000
0.000000
0.000000
-1.418441
0.343428
0.848084
0.000000
0.000000
0.000000
0.000000
0.000000
0.000000
0.000000
0.000000
0.000000
-1.302384
1.358262
0.692934
0.000000
0.000000
0.000000
0.000000
0.000000
0.000000
-1.246563
0.723482
0.651833
-1.231123
0.898120
0.708375
0.000000
0.000000
0.000000
0.000000
0.000000
0.000000
0.000000
0.000000
0.000000
-1.367586
0.942674
0.664307
0.000000
0.000000
0.000000
0.000000
0.000000
0.000000
-1.151579
0.800089
0.784649
-1.191358
0.716131
0.773618
0.000000
0.000000
0.000000
0.000000
0.000000
0.000000
-0.949025
1.095788
0.792372
-1.014093
1.058421
0.759207
0.000000
0.000000
0.000000
0.000000
0.000000
0.000000
-1.206595
0.805494
0.647219
-1.248606
0.910086
0.578597
0.000000
0.000000
0.000000
0.000000
0.000000
0.000000
-1.218043
1.017822
0.697586
-1.297435
0.883972
0.741154
0.000000
0.000000
0.000000
0.000000
0.000000
0.000000
-1.357941
1.002728
0.625281
-1.394261
0.979968
0.685287
0.000000
0.000000
0.000000
0.000000
0.000000
0.000000
0.000000
0.000000
0.000000
-1.163570
0.992570
0.692725
0.000000
0.000000
0.000000
0.000000
0.000000
0.000000
-0.954200
0.993886
0.616804
-1.070376
1.007860
0.610340
0.000000
0.000000
0.000000
0.000000
0.000000
0.000000
-1.363896
0.749110
0.862041
-1.378411
0.854852
0.720699
0.000000
0.000000
0.000000
0.000000
0.000000
0.000000
-1.355949
0.586887
0.841968
-1.387396
0.564372
0.874327
0.000000
0.000000
0.000000
0.000000
0.000000
0.000000
-1.306987
1.095473
0.686123
-1.351055
1.081155
0.688046
0.000000
0.000000
0.000000
0.000000
0.000000
0.000000
-1.513411
0.632422
0.662226
-1.519593
0.863127
0.977350
0.000000
0.000000
0.000000
0.000000
0.000000
0.000000
-1.221322
0.762659
0.808004
-1.272172
0.747024
0.802421
0.000000
0.000000
0.000000
0.000000
0.000000
0.000000
-1.153127
0.993772
0.707248
-1.260696
0.927731
0.737209
