0.000000
0.000000
0.000000
0.000000
0.000000
0.000000
-1.206387
1.570120
0.778586
-1.303821
1.095705
0.743237
0.000000
0.000000
0.000000
0.000000
0.000000
0.000000
-1.126358
0.834007
0.803718
-1.219805
0.668067
0.729075
0.000000
0.000000
0.000000
0.000000
0.000000
0.000000
-0.956236
0.844802
0.737243
-0.851222
1.146280
0.595391
0.000000
0.000000
0.000000
0.000000
0.000000
0.000000
-1.310117
0.472766
0.766849
-1.237797
0.492398
0.808224
0.000000
0.000000
0.000000
0.000000
0.000000
0.000000
-0.927648
1.287114
0.768022
-0.989324
1.227788
0.665474
0.000000
0.000000
0.000000
0.000000
0.000000
0.000000
-1.343000
0.687021
0.786943
-1.350151
0.833461
0.799794
0.000000
0.000000
0.000000
0.000000
0.000000
0.000000
-1.116397
1.007962
0.642391
-1.154800
0.986267
0.686720
0.000000
0.000000
0.000000
0.000000
0.000000
0.000000
-0.918225
0.875698
0.781134
-0.981007
1.271621
0.803346
0.000000
0.000000
0.000000
0.000000
0.000000
0.000000
-1.233428
1.051569
0.702374
-1.277075
0.960332
0.720712
0.000000
0.000000
0.000000
0.000000
0.000000
0.000000
-1.333634
0.741140
0.730197
-1.370710
0.841366
0.741740
0.000000
0.000000
0.000000
0.000000
0.000000
0.000000
-1.121340
0.850658
0.707583
-1.110597
0.915182
0.800032
-1.314200
0.437661
0.870214
-1.359112
0.429745
0.849107
-1.282371
0.446187
0.869241
-1.351282
0.402393
0.855288
0.000000
0.000000
0.000000
0.000000
0.000000
0.000000
-1.081321
0.861522
0.746488
-1.096309
0.855653
0.623250
0.000000
0.000000
0.000000
0.000000
0.000000
0.000000
-1.047121
1.273140
0.636480
-1.158052
0.967074
0.585655
0.000000
0.000000
0.000000
0.000000
0.000000
0.000000
-1.321163
0.537249
0.867165
-1.326019
0.632088
0.836619
0.000000
0.000000
0.000000
0.000000
0.000000
0.000000
-1.237884
0.765619
0.818972
-1.238008
0.747908
0.772698
0.000000
0.000000
0.000000
0.000000
0.000000
0.000000
-1.168599
1.085752
0.580449
-1.228642
1.117607
0.509808
0.000000
0.000000
0.000000
0.000000
0.000000
0.000000
-1.281091
1.003827
0.712058
-1.276494
0.916726
0.765196
0.000000
0.000000
0.000000
0.000000
0.000000
0.000000
-1.279113
0.746164
1.011153
-1.278299
0.768298
0.898833
0.000000
0.000000
0.000000
0.000000
0.000000
0.000000
-1.350995
0.509206
0.811487
-1.420463
0.505453
0.882056
0.000000
0.000000
0.000000
0.000000
0.000000
0.000000
-1.282781
0.574133
0.635692
-1.290816
0.633264
1.044510
0.000000
0.000000
0.000000
0.000000
0.000000
0.000000
-1.233771
1.011772
0.595639
-1.296908
1.038582
0.622094
-1.341104
0.757440
0.881095
-1.425189
0.748200
0.843692
-1.323055
0.754267
0.881095
-1.371663
0.712034
0.836771
0.000000
0.000000
0.000000
0.000000
0.000000
0.000000
-1.119477
0.921293
0.680815
-1.169355
1.031601
0.705022
0.000000
0.000000
0.000000
0.000000
0.000000
0.000000
-1.184985
0.812149
0.786050
-1.243066
0.760085
0.884388
0.000000
0.000000
0.000000
0.000000
0.000000
0.000000
-1.284277
0.522789
0.734955
-1.277472
0.589808
0.837626
0.000000
0.000000
0.000000
0.000000
0.000000
0.000000
-1.246845
0.987070
0.769419
-1.315415
1.023970
0.708587
0.000000
0.000000
0.000000
0.000000
0.000000
0.000000
-1.364887
1.137397
0.535467
-1.405171
1.233229
0.542216
0.000000
0.000000
0.000000
0.000000
0.000000
0.000000
-1.273543
0.666937
0.812185
-1.313597
0.677011
0.798306
0.000000
0.000000
0.000000
0.000000
0.000000
0.000000
-1.260992
0.668362
0.796515
-1.304897
0.594746
0.797059
0.000000
0.000000
0.000000
0.000000
0.000000
0.000000
-1.107028
0.525127
0.682446
-1.289986
0.537353
0.873528
0.000000
0.000000
0.000000
0.000000
0.000000
0.000000
0.000000
0.000000
0.000000
-1.034362
0.779853
0.836582
0.000000
0.000000
0.000000
0.000000
0.000000
0.000000
-1.209901
0.767504
0.785579
-1.190769
0.927086
0.753917
0.000000
0.000000
0.000000
0.000000
0.000000
0.000000
-1.213255
0.981892
0.634624
-1.276427
0.955116
0.682447
0.000000
0.000000
0.000000
0.000000
0.000000
0.000000
0.000000
0.000000
0.000000
-1.150093
1.144078
0.686617
0.000000
0.000000
0.000000
0.000000
0.000000
0.000000
-0.980354
0.778199
0.774290
-1.156016
0.734853
0.771442
0.000000
0.000000
0.000000
0.000000
0.000000
0.000000
-1.087475
0.872002
0.863792
-1.056039
0.912853
0.778662
0.000000
0.000000
0.000000
0.000000
0.000000
0.000000
-1.206853
0.979246
0.559027
-1.190420
1.126589
0.532228
0.000000
0.000000
0.000000
0.000000
0.000000
0.000000
-1.455839
0.758569
0.804998
-1.480901
0.743234
0.800227
0.000000
0.000000
0.000000
0.000000
0.000000
0.000000
-1.594706
0.498473
0.874441
-1.610504
0.514587
0.871298
0.000000
0.000000
0.000000
0.000000
0.000000
0.000000
0.000000
0.000000
0.000000
-1.147637
0.817477
0.779450
0.000000
0.000000
0.000000
0.000000
0.000000
0.000000
-1.324371
0.436772
0.865675
-1.399486
0.344121
0.895735
0.000000
0.000000
0.000000
0.000000
0.000000
0.000000
-1.371876
0.488582
0.854214
-1.416438
0.475345
0.847743
0.000000
0.000000
0.000000
0.000000
0.000000
0.000000
-1.174525
0.911476
0.661625
-1.206611
0.817858
0.578964
0.000000
0.000000
0.000000
0.000000
0.000000
0.000000
-1.089089
0.842848
0.651737
-1.137251
0.855498
0.636208
-1.019514
0.709356
0.740727
-1.028213
0.688988
0.789829
-1.043176
0.675561
0.763470
-1.035283
0.690321
0.792352
0.000000
0.000000
0.000000
0.000000
0.000000
0.000000
-1.389264
0.544516
0.831954
-1.469307
0.506442
0.865789
0.000000
0.000000
0.000000
0.000000
0.000000
0.000000
-1.247306
0.955630
0.664760
-1.289251
0.983525
0.651861
0.000000
0.000000
0.000000
0.000000
0.000000
0.000000
-1.120839
0.870280
0.656091
-1.129795
0.903351
0.581793
0.000000
0.000000
0.000000
0.000000
0.000000
0.000000
-1.422855
1.387341
0.662897
-1.533522
1.131166
0.680936
0.000000
0.000000
0.000000
0.000000
0.000000
0.000000
-1.188945
0.731281
0.696853
-1.261210
0.640115
0.990228
0.000000
0.000000
0.000000
0.000000
0.000000
0.000000
-1.299005
0.588684
0.709571
-1.194009
0.710821
0.854491
0.000000
0.000000
0.000000
0.000000
0.000000
0.000000
-1.191947
0.695418
0.695293
-1.198370
0.673848
0.736788
-1.256222
0.754140
0.831525
-1.285018
0.671119
0.818926
-1.352836
0.693493
0.823773
-1.376170
0.636513
0.827221
-1.018629
0.739603
0.864013
-1.160971
0.689938
0.758356
-1.002649
0.743166
0.864013
-1.136146
0.753626
0.776833
0.000000
0.000000
0.000000
0.000000
0.000000
0.000000
-1.183510
0.691438
0.744853
-1.151379
0.948068
0.676564
0.000000
0.000000
0.000000
0.000000
0.000000
0.000000
-1.241978
0.794455
0.797325
-1.237251
0.797122
0.794899
0.000000
0.000000
0.000000
0.000000
0.000000
0.000000
0.000000
0.000000
0.000000
-1.014824
0.775832
0.718185
0.000000
0.000000
0.000000
0.000000
0.000000
0.000000
-1.335154
0.897168
0.813697
-1.496967
0.602120
0.827768
0.000000
0.000000
0.000000
0.000000
0.000000
0.000000
-1.334657
0.786723
0.740807
-1.320826
1.041575
0.673563
-1.057138
1.020710
0.681227
-1.170706
0.838668
0.689264
-1.128325
0.738907
0.699367
-1.174661
0.676510
0.755658
0.000000
0.000000
0.000000
0.000000
0.000000
0.000000
-1.340126
0.563690
0.688265
-1.322844
0.657051
0.849584
0.000000
0.000000
0.000000
0.000000
0.000000
0.000000
-1.483837
0.592702
0.854900
-1.490909
0.564053
0.860543
0.000000
0.000000
0.000000
0.000000
0.000000
0.000000
0.000000
0.000000
0.000000
-1.358657
0.719816
0.599989
0.000000
0.000000
0.000000
0.000000
0.000000
0.000000
-1.212498
0.633362
0.679559
-1.240857
0.878245
0.805897
0.000000
0.000000
0.000000
0.000000
0.000000
0.000000
-1.380866
0.498031
0.845803
-1.437538
0.476625
0.846401
0.000000
0.000000
0.000000
0.000000
0.000000
0.000000
-1.031544
0.646752
0.906253
-1.203362
0.553342
0.827341
0.000000
0.000000
0.000000
0.000000
0.000000
0.000000
-1.662764
0.954832
0.739662
-1.689985
0.944853
0.747553
0.000000
0.000000
0.000000
0.000000
0.000000
0.000000
-1.464500
0.410142
0.879550
-1.504097
0.376056
0.890286
0.000000
0.000000
0.000000
0.000000
0.000000
0.000000
-1.325544
0.356172
0.847240
-1.304095
0.413731
0.872586
0.000000
0.000000
0.000000
0.000000
0.000000
0.000000
-0.889539
1.300935
0.737414
-1.058643
1.163572
0.619018
0.000000
0.000000
0.000000
0.000000
0.000000
0.000000
-1.099497
0.860951
0.572077
-1.013767
1.365641
0.517474
0.000000
0.000000
0.000000
0.000000
0.000000
0.000000
-1.363880
0.764848
0.714282
-1.353101
0.862797
0.646834
0.000000
0.000000
0.000000
0.000000
0.000000
0.000000
0.000000
0.000000
0.000000
-0.930675
0.645191
0.890746
0.000000
0.000000
0.000000
0.000000
0.000000
0.000000
-1.091598
0.504882
0.888222
-1.168548
0.533247
0.899328
0.000000
0.000000
0.000000
0.000000
0.000000
0.000000
0.000000
0.000000
0.000000
-0.897234
1.083885
0.797301
0.000000
0.000000
0.000000
0.000000
0.000000
0.000000
-1.161910
1.454785
0.792077
-1.316788
1.092178
0.718513
0.000000
0.000000
0.000000
0.000000
0.000000
0.000000
-1.305370
1.499436
0.365594
-1.400042
1.439234
0.299417
0.000000
0.000000
0.000000
0.000000
0.000000
0.000000
-1.144137
1.023086
0.705296
-1.273431
0.894019
0.752221
0.000000
0.000000
0.000000
0.000000
0.000000
0.000000
-1.565196
1.267881
0.502894
-1.594237
1.328415
0.503752
-1.351994
0.456597
0.870038
-1.386838
0.461455
0.862583
-1.337071
0.489812
0.877238
-1.406059
0.462926
0.866876
-1.454150
1.210239
0.640154
-1.495069
1.109795
0.632589
-1.378044
1.192081
0.636061
-1.410169
1.112063
0.618805
-0.995273
0.989285
0.613891
-1.110801
1.027169
0.615640
-0.994898
0.883498
0.623347
-1.049641
0.966160
0.641016
0.000000
0.000000
0.000000
0.000000
0.000000
0.000000
-0.941299
1.097041
0.708468
-1.004572
0.954340
0.616216
0.000000
0.000000
0.000000
0.000000
0.000000
0.000000
0.000000
0.000000
0.000000
-1.413018
0.517576
0.738769
0.000000
0.000000
0.000000
0.000000
0.000000
0.000000
-1.401820
0.530916
0.771981
-1.397276
0.598574
0.833531
0.000000
0.000000
0.000000
0.000000
0.000000
0.000000
-1.136100
0.787574
0.662671
-1.211048
0.795253
0.686548
0.000000
0.000000
0.000000
0.000000
0.000000
0.000000
-0.927504
1.093055
0.701023
-1.041818
0.890495
0.726763
0.000000
0.000000
0.000000
0.000000
0.000000
0.000000
-1.146315
1.112183
0.800228
-1.288130
0.832597
0.862682
0.000000
0.000000
0.000000
0.000000
0.000000
0.000000
-1.304171
1.000301
0.739039
-1.298077
0.924164
0.668587
0.000000
0.000000
0.000000
0.000000
0.000000
0.000000
-1.104301
0.953312
0.702766
-1.131928
0.996039
0.549567
0.000000
0.000000
0.000000
0.000000
0.000000
0.000000
-1.261308
0.580994
0.718353
-1.348508
0.583999
0.946461
0.000000
0.000000
0.000000
0.000000
0.000000
0.000000
-1.288869
0.506521
0.727848
-1.316949
0.476395
0.804312
0.000000
0.000000
0.000000
0.000000
0.000000
0.000000
0.000000
0.000000
0.000000
-1.252729
0.659573
0.659552
0.000000
0.000000
0.000000
0.000000
0.000000
0.000000
-1.549846
0.705406
0.822504
-1.586539
0.715670
0.818364
0.000000
0.000000
0.000000
0.000000
0.000000
0.000000
0.000000
0.000000
0.000000
-1.278231
0.646299
0.675500
-1.246182
0.913942
0.814428
-1.307214
0.913306
0.731223
-1.174992
0.911395
0.810109
-1.227041
0.828767
0.737968
0.000000
0.000000
0.000000
0.000000
0.000000
0.000000
-1.408232
0.680610
0.821360
-1.453228
0.641701
0.832664
-1.404190
0.819060
0.771111
-1.378025
1.039921
0.732368
-1.446922
0.769988
0.847679
-1.449135
0.811110
0.850770
0.000000
0.000000
0.000000
0.000000
0.000000
0.000000
0.000000
0.000000
0.000000
-1.468143
0.432206
0.644647
0.000000
0.000000
0.000000
0.000000
0.000000
0.000000
-1.448673
0.599017
0.951102
-1.397042
0.512770
0.876972
0.000000
0.000000
0.000000
0.000000
0.000000
0.000000
-1.373288
0.693637
0.696123
-1.336099
1.032818
0.696442
-1.247130
0.869163
0.667734
-1.177363
0.906931
0.698781
-1.239274
0.891439
0.675433
-1.170466
0.908029
0.704321
0.000000
0.000000
0.000000
0.000000
0.000000
0.000000
-1.320803
0.637978
0.673035
-1.108382
0.953434
0.673844
0.000000
0.000000
0.000000
0.000000
0.000000
0.000000
0.000000
0.000000
0.000000
-1.217466
0.839106
0.568942
0.000000
0.000000
0.000000
0.000000
0.000000
0.000000
-1.071702
1.060043
0.630191
-1.207364
0.764458
0.732867
0.000000
0.000000
0.000000
0.000000
0.000000
0.000000
-1.291601
0.400274
0.790786
-1.346600
0.406793
0.875037
0.000000
0.000000
0.000000
0.000000
0.000000
0.000000
-1.172384
1.020063
0.666023
-1.091390
1.252841
0.800127
0.000000
0.000000
0.000000
0.000000
0.000000
0.000000
-0.963272
0.978914
0.722395
-1.145878
0.834671
0.741655
0.000000
0.000000
0.000000
0.000000
0.000000
0.000000
-1.161180
1.416931
0.561168
-1.262842
1.143156
0.589955
0.000000
0.000000
0.000000
0.000000
0.000000
0.000000
-1.204678
0.871669
0.814545
-1.296000
0.799790
0.734220
-1.315379
0.706538
0.803017
-1.176881
0.963428
0.802497
-1.293812
0.692855
0.803017
-1.140624
0.984309
0.813570
0.000000
0.000000
0.000000
0.000000
0.000000
0.000000
-1.445598
0.877362
0.795966
-1.468200
0.879535
0.737466
0.000000
0.000000
0.000000
0.000000
0.000000
0.000000
0.000000
0.000000
0.000000
-1.302542
0.600422
0.782560
0.000000
0.000000
0.000000
0.000000
0.000000
0.000000
-1.410036
1.246703
0.502350
-1.451473
1.281848
0.509118
0.000000
0.000000
0.000000
0.000000
0.000000
0.000000
0.000000
0.000000
0.000000
-1.027946
0.743079
0.876397
0.000000
0.000000
0.000000
0.000000
0.000000
0.000000
-1.142221
0.810628
0.654409
-1.134245
0.750579
0.632170
0.000000
0.000000
0.000000
0.000000
0.000000
0.000000
-0.969472
1.520641
0.649113
-1.205378
1.160506
0.672388
0.000000
0.000000
0.000000
0.000000
0.000000
0.000000
0.000000
0.000000
0.000000
-1.153348
0.715065
0.752058
0.000000
0.000000
0.000000
0.000000
0.000000
0.000000
-1.263723
0.700039
0.967433
-1.327019
0.680843
0.888230
0.000000
0.000000
0.000000
0.000000
0.000000
0.000000
-1.097769
0.812788
0.745410
-1.146780
0.984790
0.610806
0.000000
0.000000
0.000000
0.000000
0.000000
0.000000
-1.430697
0.680909
0.812094
-1.451303
0.747269
0.804664
0.000000
0.000000
0.000000
0.000000
0.000000
0.000000
0.000000
0.000000
0.000000
-1.317295
0.588218
0.774707
0.000000
0.000000
0.000000
0.000000
0.000000
0.000000
-1.136768
0.688988
0.821800
-1.205686
0.710313
0.809000
0.000000
0.000000
0.000000
0.000000
0.000000
0.000000
-0.990620
1.422532
0.798939
-1.112006
1.080491
0.651403
0.000000
0.000000
0.000000
0.000000
0.000000
0.000000
-1.202796
0.796111
0.803596
-1.294861
0.872777
0.750892
0.000000
0.000000
0.000000
0.000000
0.000000
0.000000
0.000000
0.000000
0.000000
-1.505923
0.529619
0.766875
0.000000
0.000000
0.000000
0.000000
0.000000
0.000000
-1.544124
0.637685
1.122940
-1.614248
0.558749
0.950151
0.000000
0.000000
0.000000
0.000000
0.000000
0.000000
-1.123188
0.938804
0.715328
-1.219950
0.816291
0.723970
0.000000
0.000000
0.000000
0.000000
0.000000
0.000000
-1.522799
0.847639
0.762886
-1.544848
0.861799
0.765294
-1.269141
0.526110
0.874707
-1.274340
0.543660
0.804718
-1.262364
0.521959
0.874707
-1.291194
0.477229
0.814284
0.000000
0.000000
0.000000
0.000000
0.000000
0.000000
-1.449115
0.692129
0.758871
-1.465744
0.715458
0.765895
0.000000
0.000000
0.000000
0.000000
0.000000
0.000000
-1.028164
0.698137
0.776687
-1.120560
0.833495
0.944428
0.000000
0.000000
0.000000
0.000000
0.000000
0.000000
-1.368125
0.755229
0.772025
-1.406791
0.697710
0.793105
0.000000
0.000000
0.000000
0.000000
0.000000
0.000000
0.000000
0.000000
0.000000
-1.276071
0.462508
0.665311
0.000000
0.000000
0.000000
0.000000
0.000000
0.000000
-1.426114
0.653728
0.780914
-1.472623
0.552854
0.821889
0.000000
0.000000
0.000000
0.000000
0.000000
0.000000
-1.421991
0.786012
0.865705
-1.478121
0.642687
0.811845
0.000000
0.000000
0.000000
0.000000
0.000000
0.000000
-1.280721
0.441922
0.833231
-1.231121
0.434755
0.866189
0.000000
0.000000
0.000000
0.000000
0.000000
0.000000
-1.311410
0.499906
0.789128
-1.513133
0.371462
0.966037
0.000000
0.000000
0.000000
0.000000
0.000000
0.000000
0.000000
0.000000
0.000000
-1.267593
0.827963
0.683258
0.000000
0.000000
0.000000
0.000000
0.000000
0.000000
-1.324604
0.913127
0.686807
-1.349482
0.961034
0.719274
0.000000
0.000000
0.000000
0.000000
0.000000
0.000000
-1.146953
0.688794
0.835868
-1.156294
0.613564
0.825514
0.000000
0.000000
0.000000
0.000000
0.000000
0.000000
0.000000
0.000000
0.000000
-1.136294
1.264803
0.793959
0.000000
0.000000
0.000000
0.000000
0.000000
0.000000
-1.339165
0.744045
0.885006
-1.382355
0.666587
0.822109
0.000000
0.000000
0.000000
0.000000
0.000000
0.000000
-1.379478
1.094332
0.831369
-1.360441
0.941497
0.835321
0.000000
0.000000
0.000000
0.000000
0.000000
0.000000
0.000000
0.000000
0.000000
-1.338699
0.575489
0.753494
0.000000
0.000000
0.000000
0.000000
0.000000
0.000000
-1.391846
0.562792
0.810219
-1.411218
0.616221
0.840225
0.000000
0.000000
0.000000
0.000000
0.000000
0.000000
-1.444284
0.661864
0.777965
-1.315762
1.053057
0.689291
0.000000
0.000000
0.000000
0.000000
0.000000
0.000000
-1.379390
1.078370
0.641872
-1.480675
0.982825
0.660326
0.000000
0.000000
0.000000
0.000000
0.000000
0.000000
-1.418517
0.677447
0.899106
-1.464699
0.591772
0.884724
0.000000
0.000000
0.000000
0.000000
0.000000
0.000000
-1.240591
0.649470
0.751161
-1.391791
0.724239
0.754650
0.000000
0.000000
0.000000
0.000000
0.000000
0.000000
-1.157199
0.639554
0.723630
-1.168149
0.693398
0.831470
0.000000
0.000000
0.000000
-0.950097
0.754456
0.779494
0.000000
0.000000
0.000000
-0.991701
0.692704
0.722137
0.000000
0.000000
0.000000
0.000000
0.000000
0.000000
-1.276432
1.146396
0.583631
-1.325452
1.139698
0.589754
0.000000
0.000000
0.000000
0.000000
0.000000
0.000000
-1.080715
1.109566
0.633815
-1.126146
1.292304
0.676422
0.000000
0.000000
0.000000
0.000000
0.000000
0.000000
0.000000
0.000000
0.000000
-1.214298
0.929438
0.721507
0.000000
0.000000
0.000000
0.000000
0.000000
0.000000
-1.279644
0.528606
0.677639
-0.979853
0.950520
0.653785
0.000000
0.000000
0.000000
0.000000
0.000000
0.000000
-1.310674
0.517834
0.727478
-1.388120
0.495161
0.891590
0.000000
0.000000
0.000000
0.000000
0.000000
0.000000
-1.218206
0.860809
0.664541
-1.248005
0.918822
0.678859
0.000000
0.000000
0.000000
0.000000
0.000000
0.000000
-1.169971
0.992963
0.613350
-1.254980
0.881832
0.700033
0.000000
0.000000
0.000000
0.000000
0.000000
0.000000
-1.154577
0.649374
0.641774
-1.182971
0.755038
0.883098
0.000000
0.000000
0.000000
0.000000
0.000000
0.000000
-1.223617
1.035526
0.755072
-1.377397
0.775388
0.611686
0.000000
0.000000
0.000000
0.000000
0.000000
0.000000
-1.067968
0.694027
0.697198
-1.126335
0.617818
0.771159
0.000000
0.000000
0.000000
0.000000
0.000000
0.000000
0.000000
0.000000
0.000000
-1.182149
0.662513
0.701314
0.000000
0.000000
0.000000
0.000000
0.000000
0.000000
-1.337606
0.911355
0.943124
-1.363987
0.746081
0.853958
0.000000
0.000000
0.000000
0.000000
0.000000
0.000000
-1.123120
0.620974
0.833476
-1.194355
0.629840
0.824689
0.000000
0.000000
0.000000
0.000000
0.000000
0.000000
-1.150093
0.933219
0.749619
-1.207090
0.881091
0.812421
0.000000
0.000000
0.000000
0.000000
0.000000
0.000000
-1.292805
0.715652
0.722996
-1.335523
0.588993
0.790880
0.000000
0.000000
0.000000
0.000000
0.000000
0.000000
0.000000
0.000000
0.000000
-1.238925
1.076872
0.751441
0.000000
0.000000
0.000000
0.000000
0.000000
0.000000
-1.138017
0.939872
0.700604
-1.170235
0.976796
0.658282
0.000000
0.000000
0.000000
0.000000
0.000000
0.000000
0.000000
0.000000
0.000000
-1.271825
0.592916
0.656164
0.000000
0.000000
0.000000
0.000000
0.000000
0.000000
-1.210711
0.784969
0.718287
-1.310918
0.786612
0.742199
0.000000
0.000000
0.000000
0.000000
0.000000
0.000000
-1.393106
0.410550
0.734755
-1.420065
0.331439
0.958791
0.000000
0.000000
0.000000
0.000000
0.000000
0.000000
-1.371243
0.693260
0.836255
-1.429612
0.707355
0.816946
0.000000
0.000000
0.000000
0.000000
0.000000
0.000000
-1.081560
0.660335
0.771933
-1.193865
0.820339
0.707923
0.000000
0.000000
0.000000
0.000000
0.000000
0.000000
0.000000
0.000000
0.000000
-1.177819
1.181160
0.927350
0.000000
0.000000
0.000000
0.000000
0.000000
0.000000
-1.279856
0.538435
0.844045
-1.335608
0.560922
0.806734
0.000000
0.000000
0.000000
0.000000
0.000000
0.000000
-1.382254
0.797594
0.728058
-1.345877
0.919256
0.653115
0.000000
0.000000
0.000000
0.000000
0.000000
0.000000
-1.190109
0.659221
0.789362
-1.045061
1.277746
0.779553
0.000000
0.000000
0.000000
0.000000
0.000000
0.000000
-1.190874
1.146926
0.644633
-1.320523
0.877584
0.666263
0.000000
0.000000
0.000000
0.000000
0.000000
0.000000
-1.261679
0.533352
0.854973
-1.224790
0.522721
0.807945
-1.516368
0.810791
0.864906
-1.501265
0.823835
0.789086
-1.504493
0.811449
0.864906
-1.495756
0.820213
0.791509
0.000000
0.000000
0.000000
0.000000
0.000000
0.000000
-1.355584
0.678197
0.816170
-1.423002
0.561780
0.891953
0.000000
0.000000
0.000000
0.000000
0.000000
0.000000
-1.221025
1.070077
0.653783
-1.216453
0.967341
0.670126
0.000000
0.000000
0.000000
0.000000
0.000000
0.000000
-1.110278
0.820305
0.698563
-1.166874
0.769713
0.690809
0.000000
0.000000
0.000000
0.000000
0.000000
0.000000
0.000000
0.000000
0.000000
-1.063286
0.800921
0.858616
0.000000
0.000000
0.000000
0.000000
0.000000
0.000000
-1.241724
0.954432
0.804984
-1.368730
0.956858
0.773138
0.000000
0.000000
0.000000
0.000000
0.000000
0.000000
-1.330883
0.482127
0.866955
-1.391473
0.518211
0.860090
0.000000
0.000000
0.000000
0.000000
0.000000
0.000000
-1.430265
0.393917
0.718904
-1.419075
0.451542
0.964732
0.000000
0.000000
0.000000
0.000000
0.000000
0.000000
0.000000
0.000000
0.000000
-1.368814
0.525418
0.655671
0.000000
0.000000
0.000000
0.000000
0.000000
0.000000
-1.456240
1.058670
0.715177
-1.482901
1.014348
0.697762
-1.280967
0.997207
0.669720
-1.270604
1.009935
0.667937
-1.263528
0.989529
0.671166
-1.251191
0.995192
0.670168
0.000000
0.000000
0.000000
0.000000
0.000000
0.000000
-1.618610
0.586562
0.845561
-1.674383
0.575382
0.856556
0.000000
0.000000
0.000000
0.000000
0.000000
0.000000
0.000000
0.000000
0.000000
-1.125475
1.418813
0.690945
0.000000
0.000000
0.000000
0.000000
0.000000
0.000000
0.000000
0.000000
0.000000
-1.131516
0.716422
0.712064
0.000000
0.000000
0.000000
0.000000
0.000000
0.000000
-1.304223
0.433186
0.989937
-1.407245
0.349594
0.895796
0.000000
0.000000
0.000000
0.000000
0.000000
0.000000
-1.327115
0.456836
0.976353
-1.403386
0.539812
0.904476
0.000000
0.000000
0.000000
0.000000
0.000000
0.000000
-1.231125
0.824656
0.916830
-1.349795
0.712191
0.784966
0.000000
0.000000
0.000000
0.000000
0.000000
0.000000
-1.284277
0.890630
0.758922
-1.381831
0.763623
0.682018
0.000000
0.000000
0.000000
0.000000
0.000000
0.000000
-1.275287
0.839198
0.701390
-1.319280
0.841162
0.714390
-1.132219
0.704483
0.757353
-1.162516
0.621112
0.764803
-1.115712
0.670477
0.741356
-1.135004
0.626381
0.764173
0.000000
0.000000
0.000000
0.000000
0.000000
0.000000
-1.486516
0.720437
0.812708
-1.511025
0.708268
0.805141
0.000000
0.000000
0.000000
0.000000
0.000000
0.000000
-1.222251
0.682461
0.793002
-1.240566
0.762012
0.761571
0.000000
0.000000
0.000000
0.000000
0.000000
0.000000
0.000000
0.000000
0.000000
-1.338557
0.616237
0.635081
0.000000
0.000000
0.000000
0.000000
0.000000
0.000000
-1.309953
0.487644
0.656799
-1.157923
0.794897
0.779243
0.000000
0.000000
0.000000
0.000000
0.000000
0.000000
-1.418466
1.156643
0.581182
-1.445220
1.133680
0.603347
0.000000
0.000000
0.000000
0.000000
0.000000
0.000000
-1.173296
0.551243
0.815225
-1.277989
0.502885
0.860063
0.000000
0.000000
0.000000
0.000000
0.000000
0.000000
0.000000
0.000000
0.000000
-1.132984
1.459529
0.821922
-1.186425
0.518561
0.878010
-1.191568
0.457030
0.892037
-1.244603
0.436222
0.838623
-1.178657
0.466138
0.883455
0.000000
0.000000
0.000000
0.000000
0.000000
0.000000
-1.256777
0.896999
0.685192
-1.258867
0.912062
0.720902
0.000000
0.000000
0.000000
0.000000
0.000000
0.000000
-1.278043
1.096816
0.704632
-1.285178
1.088307
0.745190
0.000000
0.000000
0.000000
0.000000
0.000000
0.000000
-1.363212
0.398421
0.959114
-1.342183
0.349161
0.915101
0.000000
0.000000
0.000000
0.000000
0.000000
0.000000
-1.297942
0.611864
0.761937
-1.302103
0.714410
0.804671
0.000000
0.000000
0.000000
0.000000
0.000000
0.000000
-1.435271
0.774240
0.723935
-1.474222
0.940615
0.726130
0.000000
0.000000
0.000000
0.000000
0.000000
0.000000
-1.136807
0.717983
0.740660
-1.101549
0.629240
0.768240
0.000000
0.000000
0.000000
0.000000
0.000000
0.000000
-1.504888
0.510323
0.876334
-1.485284
0.560280
0.850310
0.000000
0.000000
0.000000
0.000000
0.000000
0.000000
-1.104953
0.661546
0.701388
-1.204054
0.593954
0.886837
0.000000
0.000000
0.000000
0.000000
0.000000
0.000000
-1.436447
0.984482
0.716620
-1.496604
1.004374
0.703634
0.000000
0.000000
0.000000
0.000000
0.000000
0.000000
-1.316618
0.551329
0.887511
-1.430438
0.471673
0.870685
0.000000
0.000000
0.000000
0.000000
0.000000
0.000000
-1.038463
0.658240
0.772289
-1.204614
0.497478
0.856665
0.000000
0.000000
0.000000
0.000000
0.000000
0.000000
-1.517641
1.034390
0.676778
-1.546610
1.031858
0.681226
0.000000
0.000000
0.000000
0.000000
0.000000
0.000000
-1.269566
1.206424
0.704883
-1.291161
1.265696
0.578330
0.000000
0.000000
0.000000
0.000000
0.000000
0.000000
-1.126496
0.910415
0.650296
-1.128424
0.879652
0.624980
0.000000
0.000000
0.000000
0.000000
0.000000
0.000000
0.000000
0.000000
0.000000
-1.035173
0.684688
0.824708
0.000000
0.000000
0.000000
0.000000
0.000000
0.000000
-1.212540
0.473091
0.813827
-1.162131
0.443166
0.865934
0.000000
0.000000
0.000000
0.000000
0.000000
0.000000
-0.994213
1.083857
0.797412
-0.996959
0.932043
0.691386
0.000000
0.000000
0.000000
0.000000
0.000000
0.000000
-1.317281
0.903785
0.691504
-1.263977
0.889830
0.692086
-1.316126
0.519543
0.647528
-1.344561
0.408611
1.062140
-1.301896
0.522326
0.647528
-1.338511
0.405068
1.062140
0.000000
0.000000
0.000000
0.000000
0.000000
0.000000
0.000000
0.000000
0.000000
-1.284552
0.630305
0.772144
0.000000
0.000000
0.000000
0.000000
0.000000
0.000000
-1.440286
1.479297
0.804328
-1.607735
1.026876
0.760719
0.000000
0.000000
0.000000
0.000000
0.000000
0.000000
-1.605775
0.632143
0.841350
-1.628722
0.557582
0.857468
0.000000
0.000000
0.000000
0.000000
0.000000
0.000000
0.000000
0.000000
0.000000
-1.423753
0.664804
0.821194
0.000000
0.000000
0.000000
0.000000
0.000000
0.000000
-1.209545
0.923819
0.667676
-1.291735
0.710520
0.666732
0.000000
0.000000
0.000000
0.000000
0.000000
0.000000
-1.276785
0.843896
0.747813
-1.263866
0.851583
0.717057
0.000000
0.000000
0.000000
0.000000
0.000000
0.000000
-1.549611
0.333540
0.892199
-1.589871
0.320721
0.890657
0.000000
0.000000
0.000000
0.000000
0.000000
0.000000
-1.457675
0.898866
0.687186
-1.478460
1.205139
0.637615
0.000000
0.000000
0.000000
0.000000
0.000000
0.000000
-1.341047
0.872472
0.732127
-1.359805
0.788792
0.750353
0.000000
0.000000
0.000000
0.000000
0.000000
0.000000
-1.205095
0.735658
0.760435
-1.263906
0.747737
0.746483
0.000000
0.000000
0.000000
0.000000
0.000000
0.000000
-1.084025
1.122442
0.860966
-1.203433
0.814777
0.733799
0.000000
0.000000
0.000000
0.000000
0.000000
0.000000
-1.293960
0.939598
0.753217
-1.306167
1.043073
0.728025
0.000000
0.000000
0.000000
0.000000
0.000000
0.000000
-1.476455
1.051145
0.742358
-1.511186
0.958647
0.717122
0.000000
0.000000
0.000000
0.000000
0.000000
0.000000
0.000000
0.000000
0.000000
-1.376867
0.692215
0.780705
0.000000
0.000000
0.000000
0.000000
0.000000
0.000000
-1.512411
0.513988
0.660861
-1.478863
0.813511
0.831493
0.000000
0.000000
0.000000
0.000000
0.000000
0.000000
0.000000
0.000000
0.000000
-1.169752
0.803219
0.668424
0.000000
0.000000
0.000000
0.000000
0.000000
0.000000
-1.248010
0.921086
0.842209
-1.337228
0.904131
0.805844
0.000000
0.000000
0.000000
0.000000
0.000000
0.000000
0.000000
0.000000
0.000000
-1.343587
0.972610
0.616691
0.000000
0.000000
0.000000
0.000000
0.000000
0.000000
-1.496221
0.391374
0.723883
-1.382159
0.591305
1.011935
0.000000
0.000000
0.000000
0.000000
0.000000
0.000000
-1.314756
0.934206
0.869468
-1.363950
0.845021
0.754025
0.000000
0.000000
0.000000
0.000000
0.000000
0.000000
-1.128072
0.692529
0.702446
-1.125090
0.753683
0.746406
0.000000
0.000000
0.000000
0.000000
0.000000
0.000000
-1.345711
0.750649
0.696036
-1.296029
0.998353
0.649970
0.000000
0.000000
0.000000
0.000000
0.000000
0.000000
0.000000
0.000000
0.000000
-1.303056
0.600425
0.723749
0.000000
0.000000
0.000000
0.000000
0.000000
0.000000
0.000000
0.000000
0.000000
-1.122998
0.539848
0.647960
0.000000
0.000000
0.000000
0.000000
0.000000
0.000000
-1.258462
0.582126
0.739513
-1.181840
0.646549
0.751931
0.000000
0.000000
0.000000
0.000000
0.000000
0.000000
-1.105265
0.866340
0.860909
-1.158286
0.752358
0.818325
0.000000
0.000000
0.000000
0.000000
0.000000
0.000000
-1.091945
0.678520
0.657419
-1.280991
0.496064
0.779238
-1.491074
0.612682
0.731318
-1.444054
0.591298
0.798752
-1.489544
0.612864
0.731318
-1.442437
0.590671
0.798752
0.000000
0.000000
0.000000
0.000000
0.000000
0.000000
-1.509563
0.314796
1.045704
-1.531359
0.284952
0.937286
0.000000
0.000000
0.000000
0.000000
0.000000
0.000000
-1.415890
0.946248
0.692517
-1.447910
0.962168
0.708546
0.000000
0.000000
0.000000
0.000000
0.000000
0.000000
0.000000
0.000000
0.000000
-1.026821
0.954193
0.652690
0.000000
0.000000
0.000000
0.000000
0.000000
0.000000
-1.114310
0.952250
0.751010
-1.095628
1.157823
0.656184
-1.448462
0.621770
0.887058
-1.401849
0.611702
0.819108
-1.550433
0.575618
0.772453
-1.465540
0.580864
0.766220
0.000000
0.000000
0.000000
0.000000
0.000000
0.000000
-1.188844
0.992477
0.699050
-1.197135
0.926001
0.637570
0.000000
0.000000
0.000000
0.000000
0.000000
0.000000
0.000000
0.000000
0.000000
-1.274963
0.709118
0.757190
0.000000
0.000000
0.000000
0.000000
0.000000
0.000000
0.000000
0.000000
0.000000
-1.071104
0.689379
0.870614
0.000000
0.000000
0.000000
0.000000
0.000000
0.000000
-1.180172
0.971066
0.537832
-1.176937
0.962596
0.576605
0.000000
0.000000
0.000000
0.000000
0.000000
0.000000
-1.388531
0.531953
0.817275
-1.327191
0.810098
0.810538
0.000000
0.000000
0.000000
0.000000
0.000000
0.000000
-1.231141
0.842918
0.606764
-1.269644
0.824482
0.710890
0.000000
0.000000
0.000000
0.000000
0.000000
0.000000
-1.235697
1.270784
0.744134
-1.314388
1.109933
0.657978
0.000000
0.000000
0.000000
0.000000
0.000000
0.000000
-1.182182
0.648325
0.781696
-1.183132
0.588665
0.753110
0.000000
0.000000
0.000000
0.000000
0.000000
0.000000
-1.218204
0.748905
0.791780
-1.255627
0.726598
0.775148
0.000000
0.000000
0.000000
0.000000
0.000000
0.000000
-1.277038
0.680994
0.787717
-1.303531
0.729254
0.783297
0.000000
0.000000
0.000000
0.000000
0.000000
0.000000
-1.176193
0.637666
0.789187
-1.122450
0.881919
0.701999
0.000000
0.000000
0.000000
0.000000
0.000000
0.000000
-1.270398
0.642803
0.788280
-1.329728
0.504521
0.826027
0.000000
0.000000
0.000000
0.000000
0.000000
0.000000
-0.967108
0.818466
0.692337
-0.995177
0.969667
0.598061
0.000000
0.000000
0.000000
0.000000
0.000000
0.000000
-0.960225
1.309155
0.708465
-1.089509
1.133341
0.636210
0.000000
0.000000
0.000000
0.000000
0.000000
0.000000
-1.277511
1.162687
0.602421
-1.335347
1.127650
0.590270
0.000000
0.000000
0.000000
0.000000
0.000000
0.000000
-0.983001
0.915864
0.854329
-1.161212
0.664660
0.736745
0.000000
0.000000
0.000000
0.000000
0.000000
0.000000
-1.220586
0.801876
0.807791
-1.282566
0.825392
0.745576
0.000000
0.000000
0.000000
0.000000
0.000000
0.000000
-0.742471
1.929955
0.766780
-0.982384
1.239783
0.677265
0.000000
0.000000
0.000000
0.000000
0.000000
0.000000
0.000000
0.000000
0.000000
-1.128438
0.759551
0.839725
0.000000
0.000000
0.000000
0.000000
0.000000
0.000000
-1.186587
0.884901
0.759162
-1.261520
0.765369
0.831969
0.000000
0.000000
0.000000
0.000000
0.000000
0.000000
0.000000
0.000000
0.000000
-1.362467
0.799510
0.786160
0.000000
0.000000
0.000000
0.000000
0.000000
0.000000
-0.983398
1.401203
0.749107
-1.193726
1.189878
0.739780
0.000000
0.000000
0.000000
0.000000
0.000000
0.000000
-1.571456
0.420073
0.883200
-1.601677
0.388345
0.878522
0.000000
0.000000
0.000000
0.000000
0.000000
0.000000
-1.035762
1.056990
0.736763
-1.117762
0.794838
0.704616
0.000000
0.000000
0.000000
0.000000
0.000000
0.000000
-1.010990
1.008017
0.786977
-1.102509
0.995439
0.600521
0.000000
0.000000
0.000000
0.000000
0.000000
0.000000
-1.399790
0.834831
0.685571
-1.435258
0.928449
0.730073
0.000000
0.000000
0.000000
0.000000
0.000000
0.000000
-1.349841
0.541481
0.836374
-1.410066
0.512215
0.831260
0.000000
0.000000
0.000000
0.000000
0.000000
0.000000
-1.269947
0.374946
1.007011
-1.251842
0.354552
0.912578
-1.179669
0.594056
0.806296
-1.206721
0.591807
0.809807
-1.110470
0.591041
0.807419
-1.126963
0.591623
0.807450
0.000000
0.000000
0.000000
0.000000
0.000000
0.000000
-1.113655
0.716694
0.732041
-1.284202
0.719094
0.881000
0.000000
0.000000
0.000000
0.000000
0.000000
0.000000
-1.281714
0.620816
0.685682
-1.345344
0.535342
0.814556
0.000000
0.000000
0.000000
-1.316008
0.648327
0.745046
0.000000
0.000000
0.000000
-1.305430
0.661412
0.745046
0.000000
0.000000
0.000000
0.000000
0.000000
0.000000
-1.269816
0.891699
0.771750
-1.279506
0.907912
0.671276
0.000000
0.000000
0.000000
0.000000
0.000000
0.000000
0.000000
0.000000
0.000000
-1.078871
0.947082
0.725566
0.000000
0.000000
0.000000
0.000000
0.000000
0.000000
-1.332183
0.665445
0.755701
-1.450588
0.555405
0.734733
0.000000
0.000000
0.000000
0.000000
0.000000
0.000000
0.000000
0.000000
0.000000
-1.314105
0.647344
0.634992
0.000000
0.000000
0.000000
0.000000
0.000000
0.000000
-1.308461
0.958305
0.623277
-1.370009
0.940911
0.596653
0.000000
0.000000
0.000000
0.000000
0.000000
0.000000
0.000000
0.000000
0.000000
-1.356815
0.759048
0.675867
0.000000
0.000000
0.000000
0.000000
0.000000
0.000000
-1.538199
0.497214
0.865573
-1.566059
0.509351
0.864324
0.000000
0.000000
0.000000
0.000000
0.000000
0.000000
0.000000
0.000000
0.000000
-1.093253
0.974879
0.739553
0.000000
0.000000
0.000000
0.000000
0.000000
0.000000
-0.989457
0.900151
0.747698
-1.093199
0.767692
0.791687
0.000000
0.000000
0.000000
0.000000
0.000000
0.000000
-1.031390
0.974728
0.584875
-1.137673
0.872100
0.655675
0.000000
0.000000
0.000000
0.000000
0.000000
0.000000
0.000000
0.000000
0.000000
-1.246607
0.716803
0.831155
0.000000
0.000000
0.000000
0.000000
0.000000
0.000000
0.000000
0.000000
0.000000
-1.188693
0.856511
0.667255
0.000000
0.000000
0.000000
0.000000
0.000000
0.000000
-1.308678
0.808111
0.999806
-1.356889
0.682376
0.866526
0.000000
0.000000
0.000000
0.000000
0.000000
0.000000
-1.452501
1.058684
0.654022
-1.485281
1.063798
0.664607
-0.864814
0.624752
0.785714
-0.962982
0.701629
0.755535
-0.820614
0.612808
0.789488
-0.944319
0.679447
0.776254
0.000000
0.000000
0.000000
0.000000
0.000000
0.000000
-1.521241
1.001253
0.673835
-1.553481
0.983518
0.704588
0.000000
0.000000
0.000000
0.000000
0.000000
0.000000
-1.136187
0.944833
0.880242
-1.257417
0.912623
0.757410
0.000000
0.000000
0.000000
0.000000
0.000000
0.000000
0.000000
0.000000
0.000000
-1.197337
0.867769
0.695379
0.000000
0.000000
0.000000
0.000000
0.000000
0.000000
-1.447402
0.707017
0.725541
-1.458120
0.656255
0.772732
0.000000
0.000000
0.000000
0.000000
0.000000
0.000000
0.000000
0.000000
0.000000
-0.977324
1.362289
0.733546
-1.534615
0.728129
0.780659
-1.565584
0.692362
0.822128
-1.536399
0.635353
0.797968
-1.514973
0.663673
0.831731
0.000000
0.000000
0.000000
0.000000
0.000000
0.000000
-1.493674
0.471991
0.859646
-1.533385
0.467379
0.874942
0.000000
0.000000
0.000000
0.000000
0.000000
0.000000
-1.380124
0.529956
1.130360
-1.398265
0.594403
0.954144
0.000000
0.000000
0.000000
0.000000
0.000000
0.000000
-1.079393
0.731344
0.843345
-1.211988
0.721707
0.831405
0.000000
0.000000
0.000000
0.000000
0.000000
0.000000
0.000000
0.000000
0.000000
-1.190161
0.601685
0.760869
0.000000
0.000000
0.000000
0.000000
0.000000
0.000000
0.000000
0.000000
0.000000
-1.175164
1.072865
0.688128
0.000000
0.000000
0.000000
0.000000
0.000000
0.000000
-1.382365
0.809093
0.756310
-1.415802
0.805509
0.758301
0.000000
0.000000
0.000000
0.000000
0.000000
0.000000
-1.332091
0.495149
0.954426
-1.422790
0.597687
0.887253
0.000000
0.000000
0.000000
0.000000
0.000000
0.000000
-1.245036
0.759247
0.806871
-1.270695
0.754052
0.770925
-1.307937
0.433870
0.683847
-1.156858
0.489807
0.935671
-1.301612
0.434524
0.683847
-1.131281
0.508396
0.916714
0.000000
0.000000
0.000000
-0.914748
0.895224
0.668570
0.000000
0.000000
0.000000
-0.858163
0.924130
0.668570
0.000000
0.000000
0.000000
0.000000
0.000000
0.000000
-1.167144
0.796377
0.676161
-1.220582
0.801329
0.841172
0.000000
0.000000
0.000000
0.000000
0.000000
0.000000
-1.334224
0.647180
0.811619
-1.345312
0.741401
0.861735
0.000000
0.000000
0.000000
0.000000
0.000000
0.000000
-1.640391
0.310180
0.909883
-1.720506
0.301047
0.901510
0.000000
0.000000
0.000000
0.000000
0.000000
0.000000
-1.399505
0.740697
0.628495
-1.412347
0.793793
0.700441
0.000000
0.000000
0.000000
0.000000
0.000000
0.000000
-1.241648
0.835475
0.679376
-1.237260
1.023518
0.862117
0.000000
0.000000
0.000000
0.000000
0.000000
0.000000
-1.213631
0.769376
0.673493
-1.181981
1.050771
0.697150
0.000000
0.000000
0.000000
0.000000
0.000000
0.000000
-1.054505
1.946687
0.749322
-1.214059
1.106865
0.612464
0.000000
0.000000
0.000000
0.000000
0.000000
0.000000
-1.235700
0.446948
0.619106
-1.235657
0.467278
0.975908
0.000000
0.000000
0.000000
0.000000
0.000000
0.000000
-1.636056
1.215347
0.613014
-1.662253
1.199523
0.620431
0.000000
0.000000
0.000000
0.000000
0.000000
0.000000
-1.375219
0.703988
0.852206
-1.377839
0.767193
0.788191
0.000000
0.000000
0.000000
0.000000
0.000000
0.000000
-1.125702
0.960463
0.655899
-1.239463
0.821301
0.765028
-1.228211
1.182812
0.754665
-1.319995
1.188325
0.703459
-1.185059
1.203117
0.754665
-1.271490
1.406317
0.716851
0.000000
0.000000
0.000000
0.000000
0.000000
0.000000
-1.160634
0.894751
0.776966
-1.229821
0.874391
0.726808
0.000000
0.000000
0.000000
0.000000
0.000000
0.000000
-1.132458
0.924104
0.727839
-1.136641
0.964730
0.693566
0.000000
0.000000
0.000000
0.000000
0.000000
0.000000
0.000000
0.000000
0.000000
-1.097147
1.077924
0.741601
0.000000
0.000000
0.000000
0.000000
0.000000
0.000000
-1.335884
0.366923
1.141626
-1.385636
0.295819
0.968960
0.000000
0.000000
0.000000
0.000000
0.000000
0.000000
-1.152251
1.336758
0.799453
-1.276406
1.002531
0.720971
0.000000
0.000000
0.000000
0.000000
0.000000
0.000000
0.000000
0.000000
0.000000
-1.116588
0.646464
0.698173
0.000000
0.000000
0.000000
0.000000
0.000000
0.000000
-1.374942
0.860432
0.725491
-1.401940
0.824545
0.699506
0.000000
0.000000
0.000000
0.000000
0.000000
0.000000
-1.117218
1.384617
0.448871
-1.267767
1.248364
0.468556
0.000000
0.000000
0.000000
0.000000
0.000000
0.000000
-1.336447
0.651182
0.790072
-1.400952
0.611127
0.818836
0.000000
0.000000
0.000000
0.000000
0.000000
0.000000
-1.318820
0.607788
0.794458
-1.352256
0.574283
0.812035
0.000000
0.000000
0.000000
0.000000
0.000000
0.000000
-1.216286
0.626521
0.833244
-1.321838
0.729252
0.791946
0.000000
0.000000
0.000000
0.000000
0.000000
0.000000
-1.123060
1.111627
0.566852
-1.112214
1.241853
0.656517
0.000000
0.000000
0.000000
0.000000
0.000000
0.000000
-1.247245
0.943813
0.587261
-1.307623
0.853822
0.674238
0.000000
0.000000
0.000000
0.000000
0.000000
0.000000
-1.151439
0.721920
0.712146
-1.166959
0.871440
0.710212
0.000000
0.000000
0.000000
0.000000
0.000000
0.000000
-1.252469
0.999701
0.953386
-1.349746
0.806016
0.803324
0.000000
0.000000
0.000000
0.000000
0.000000
0.000000
-1.337808
0.524056
0.844748
-1.398619
0.534521
0.840476
0.000000
0.000000
0.000000
0.000000
0.000000
0.000000
-1.315870
0.600992
0.807062
-1.310471
0.612920
0.816255
-1.209982
1.111878
0.580055
-1.262913
1.166049
0.563109
-1.213761
1.012795
0.737570
-1.258599
0.857756
0.736599
0.000000
0.000000
0.000000
0.000000
0.000000
0.000000
-1.152929
0.922903
0.697280
-1.177402
0.986951
0.662445
0.000000
0.000000
0.000000
0.000000
0.000000
0.000000
-1.205231
0.948605
0.709866
-1.302502
0.943368
0.713956
0.000000
0.000000
0.000000
0.000000
0.000000
0.000000
-1.190330
0.587333
0.868342
-1.178066
0.519071
0.853199
0.000000
0.000000
0.000000
0.000000
0.000000
0.000000
-1.361127
0.710835
0.796237
-1.423561
0.663306
0.808478
-1.560645
0.471086
0.844910
-1.609060
0.453422
0.865011
-1.543192
0.442375
0.852103
-1.572275
0.446577
0.872839
0.000000
0.000000
0.000000
0.000000
0.000000
0.000000
-1.410500
0.670247
0.833214
-1.388778
0.751539
0.818676
-1.271753
0.691588
0.811624
-1.298305
0.678765
0.791187
-1.219469
1.012661
0.668421
-1.253905
0.993612
0.665663
-1.430319
0.998733
0.673282
-1.452237
1.023788
0.672665
-1.290569
0.979595
0.662545
-1.305865
1.000295
0.661691
0.000000
0.000000
0.000000
0.000000
0.000000
0.000000
-1.214404
0.913420
0.671009
-1.218048
0.877794
0.647486
0.000000
0.000000
0.000000
0.000000
0.000000
0.000000
-1.335269
0.907706
0.853012
-1.416867
0.727084
0.697328
0.000000
0.000000
0.000000
0.000000
0.000000
0.000000
0.000000
0.000000
0.000000
-0.799970
1.023813
0.859663
0.000000
0.000000
0.000000
0.000000
0.000000
0.000000
-1.313875
0.792390
0.774140
-1.316282
0.770791
0.756622
0.000000
0.000000
0.000000
0.000000
0.000000
0.000000
-1.220665
0.869746
0.776227
-1.233117
0.878196
0.750130
0.000000
0.000000
0.000000
0.000000
0.000000
0.000000
-1.393790
0.760559
0.813984
-1.501716
0.794085
0.865562
0.000000
0.000000
0.000000
0.000000
0.000000
0.000000
-1.444079
0.339427
0.888278
-1.500166
0.305882
0.898280
0.000000
0.000000
0.000000
0.000000
0.000000
0.000000
-1.159662
0.941404
0.825553
-1.289346
0.734056
0.778252
0.000000
0.000000
0.000000
0.000000
0.000000
0.000000
0.000000
0.000000
0.000000
-0.977325
0.831932
0.877692
0.000000
0.000000
0.000000
0.000000
0.000000
0.000000
-1.113130
0.655844
0.769078
-1.141120
0.693216
0.734308
0.000000
0.000000
0.000000
0.000000
0.000000
0.000000
-1.207097
0.739968
0.683629
-1.253544
0.758512
0.690990
0.000000
0.000000
0.000000
0.000000
0.000000
0.000000
-1.260750
0.976924
0.714815
-1.303575
0.903526
0.753263
0.000000
0.000000
0.000000
0.000000
0.000000
0.000000
-1.074369
0.490220
0.776605
-1.161670
0.427707
0.899773
0.000000
0.000000
0.000000
0.000000
0.000000
0.000000
0.000000
0.000000
0.000000
-1.108175
0.715445
0.825528
-1.314351
0.447317
0.703988
-1.240122
0.418554
0.927647
-1.311783
0.447464
0.703988
-1.239667
0.417694
0.927647
0.000000
0.000000
0.000000
0.000000
0.000000
0.000000
0.000000
0.000000
0.000000
-1.234176
0.619513
0.569167
0.000000
0.000000
0.000000
0.000000
0.000000
0.000000
-1.148691
0.857061
0.661441
-1.275032
0.960526
0.662477
0.000000
0.000000
0.000000
0.000000
0.000000
0.000000
-1.280047
0.787787
0.743650
-1.306036
0.931668
0.755074
0.000000
0.000000
0.000000
0.000000
0.000000
0.000000
-1.347386
0.849011
0.697944
-1.276847
1.135264
0.829869
0.000000
0.000000
0.000000
0.000000
0.000000
0.000000
-1.450145
0.400787
0.851185
-1.499432
0.413558
0.865546
0.000000
0.000000
0.000000
0.000000
0.000000
0.000000
-1.181846
0.790597
0.637797
-1.248781
0.844397
0.739309
0.000000
0.000000
0.000000
0.000000
0.000000
0.000000
-1.123872
0.827309
0.720462
-1.134085
0.830814
0.747475
-1.434491
0.632043
0.802527
-1.314068
0.817589
0.769197
-1.374746
0.688852
0.745223
-1.272441
0.883151
0.729945
0.000000
0.000000
0.000000
0.000000
0.000000
0.000000
-1.340541
0.706884
0.785200
-1.398949
0.697093
0.788544
0.000000
0.000000
0.000000
0.000000
0.000000
0.000000
-1.173687
0.531624
0.694866
-1.301105
0.519231
1.075876
0.000000
0.000000
0.000000
0.000000
0.000000
0.000000
-1.167705
0.624379
0.721806
-0.947082
0.957374
0.829046
0.000000
0.000000
0.000000
0.000000
0.000000
0.000000
0.000000
0.000000
0.000000
-1.145877
0.720236
0.896432
0.000000
0.000000
0.000000
0.000000
0.000000
0.000000
-1.481603
0.757005
0.786980
-1.526746
0.711852
0.804407
0.000000
0.000000
0.000000
0.000000
0.000000
0.000000
-1.208029
0.854355
0.793029
-1.249185
0.895091
0.758043
0.000000
0.000000
0.000000
0.000000
0.000000
0.000000
-1.550982
0.691110
0.791107
-1.578386
0.645962
0.819216
0.000000
0.000000
0.000000
0.000000
0.000000
0.000000
0.000000
0.000000
0.000000
-1.338602
0.849724
0.767929
0.000000
0.000000
0.000000
0.000000
0.000000
0.000000
-1.046429
1.290260
0.776811
-0.995270
1.024535
0.769819
0.000000
0.000000
0.000000
0.000000
0.000000
0.000000
-1.024090
0.744266
0.849587
-1.076897
0.743078
0.855809
0.000000
0.000000
0.000000
0.000000
0.000000
0.000000
0.000000
0.000000
0.000000
-1.333196
0.960509
0.703849
0.000000
0.000000
0.000000
0.000000
0.000000
0.000000
-1.337123
0.538735
0.795620
-1.378229
0.610787
0.901621
0.000000
0.000000
0.000000
0.000000
0.000000
0.000000
-1.390175
0.860660
0.970703
-1.406496
0.823303
0.888204
0.000000
0.000000
0.000000
0.000000
0.000000
0.000000
-1.277406
0.800382
0.738512
-1.321317
0.760716
0.750622
0.000000
0.000000
0.000000
0.000000
0.000000
0.000000
-1.557857
0.717542
0.822167
-1.579909
0.712880
0.822912
0.000000
0.000000
0.000000
0.000000
0.000000
0.000000
-1.556059
0.347774
0.903376
-1.593394
0.379564
0.895554
0.000000
0.000000
0.000000
0.000000
0.000000
0.000000
-1.197849
0.602537
0.811499
-1.190463
0.688119
0.814342
0.000000
0.000000
0.000000
0.000000
0.000000
0.000000
-1.217718
0.693183
0.804000
-1.255746
0.655426
0.795778
0.000000
0.000000
0.000000
0.000000
0.000000
0.000000
-1.199292
0.998497
0.793706
-1.324893
0.754545
0.756449
-1.347438
0.685826
0.800292
-1.374846
0.702558
0.816647
-1.456221
0.615819
0.825802
-1.471647
0.611124
0.849177
0.000000
0.000000
0.000000
0.000000
0.000000
0.000000
-1.076160
0.563715
0.798935
-1.081063
0.619370
0.780175
0.000000
0.000000
0.000000
0.000000
0.000000
0.000000
-1.201255
0.409153
0.855953
-1.197065
0.513888
0.786940
0.000000
0.000000
0.000000
0.000000
0.000000
0.000000
-1.477567
0.468073
0.862859
-1.514581
0.450662
0.869991
0.000000
0.000000
0.000000
0.000000
0.000000
0.000000
0.000000
0.000000
0.000000
-1.148144
1.178264
0.884534
0.000000
0.000000
0.000000
0.000000
0.000000
0.000000
-1.213926
1.136609
0.728236
-1.316053
0.881379
0.571884
0.000000
0.000000
0.000000
0.000000
0.000000
0.000000
-1.391877
0.526910
0.869812
-1.436063
0.538275
0.873101
0.000000
0.000000
0.000000
0.000000
0.000000
0.000000
-1.175671
0.957005
0.588220
-1.260942
0.985812
0.614342
0.000000
0.000000
0.000000
0.000000
0.000000
0.000000
-1.248179
0.584183
0.645270
-1.318576
0.582034
0.816284
0.000000
0.000000
0.000000
0.000000
0.000000
0.000000
0.000000
0.000000
0.000000
-1.357600
0.402765
0.882915
0.000000
0.000000
0.000000
0.000000
0.000000
0.000000
-1.333472
0.672571
1.034971
-1.412321
0.547550
0.899544
-1.301318
0.586101
0.886879
-1.323304
0.576223
0.856422
-1.272843
0.613231
0.870445
-1.307572
0.574131
0.853080
0.000000
0.000000
0.000000
0.000000
0.000000
0.000000
0.000000
0.000000
0.000000
-1.149142
0.986031
0.604745
0.000000
0.000000
0.000000
0.000000
0.000000
0.000000
-1.434389
1.244313
0.545457
-1.456641
1.254909
0.547142
0.000000
0.000000
0.000000
0.000000
0.000000
0.000000
0.000000
0.000000
0.000000
-1.140446
0.636381
0.768225
0.000000
0.000000
0.000000
0.000000
0.000000
0.000000
-1.293956
0.768897
0.778018
-1.332829
0.865846
0.793577
0.000000
0.000000
0.000000
0.000000
0.000000
0.000000
0.000000
0.000000
0.000000
-0.935564
1.631877
0.746053
0.000000
0.000000
0.000000
0.000000
0.000000
0.000000
-1.334017
1.141973
0.555359
-1.370678
1.240047
0.523747
0.000000
0.000000
0.000000
0.000000
0.000000
0.000000
-1.247145
0.675286
0.870416
-1.321861
0.632658
0.801647
0.000000
0.000000
0.000000
0.000000
0.000000
0.000000
-1.329254
0.759757
0.779815
-1.332313
0.822998
0.759676
-0.932392
1.047860
0.728930
-1.107329
0.850475
0.879986
-0.937019
1.065908
0.724098
-1.096519
0.867669
0.875254
0.000000
0.000000
0.000000
0.000000
0.000000
0.000000
-1.158641
0.925088
0.680828
-1.186889
0.895195
0.716162
0.000000
0.000000
0.000000
0.000000
0.000000
0.000000
-1.205596
0.988631
0.623409
-1.225139
1.003340
0.630493
0.000000
0.000000
0.000000
0.000000
0.000000
0.000000
-1.353686
0.753697
0.739178
-1.367363
0.799811
0.777942
0.000000
0.000000
0.000000
0.000000
0.000000
0.000000
-1.346579
0.913583
0.648350
-1.361062
0.972960
0.661450
0.000000
0.000000
0.000000
0.000000
0.000000
0.000000
-1.392680
0.617498
0.788284
-1.386551
0.644964
0.825680
0.000000
0.000000
0.000000
-1.329068
0.792717
0.752312
0.000000
0.000000
0.000000
-1.327917
0.794104
0.752312
0.000000
0.000000
0.000000
0.000000
0.000000
0.000000
-1.521635
0.989862
0.723776
-1.528210
0.968121
0.691775
0.000000
0.000000
0.000000
0.000000
0.000000
0.000000
0.000000
0.000000
0.000000
-1.312342
0.781182
0.640724
0.000000
0.000000
0.000000
0.000000
0.000000
0.000000
-1.393769
0.624262
0.733091
-1.497492
0.522956
0.769152
0.000000
0.000000
0.000000
0.000000
0.000000
0.000000
-1.158987
0.935372
0.812852
-1.134145
0.930227
0.767442
0.000000
0.000000
0.000000
0.000000
0.000000
0.000000
-1.119901
0.662491
0.748662
-1.125399
0.723612
0.663486
0.000000
0.000000
0.000000
0.000000
0.000000
0.000000
-1.280698
0.581387
0.746745
-1.366710
0.575039
0.739764
0.000000
0.000000
0.000000
0.000000
0.000000
0.000000
-1.412024
0.611206
0.826504
-1.500285
0.529245
0.815546
0.000000
0.000000
0.000000
0.000000
0.000000
0.000000
-1.104051
0.864219
0.780075
-1.225707
0.669597
0.708663
0.000000
0.000000
0.000000
-1.192678
0.479722
0.724682
0.000000
0.000000
0.000000
-1.151804
0.490997
0.724682
0.000000
0.000000
0.000000
0.000000
0.000000
0.000000
-1.404197
1.015111
0.702114
-1.423662
0.909434
0.710486
0.000000
0.000000
0.000000
0.000000
0.000000
0.000000
-1.415966
0.668771
0.803206
-1.496716
0.675449
0.807647
0.000000
0.000000
0.000000
0.000000
0.000000
0.000000
-1.208583
0.772481
0.751890
-1.183176
1.024385
0.623431
0.000000
0.000000
0.000000
0.000000
0.000000
0.000000
0.000000
0.000000
0.000000
-1.080487
0.846721
0.662706
0.000000
0.000000
0.000000
0.000000
0.000000
0.000000
-1.054861
1.059441
0.792818
-1.138098
0.751674
0.765358
0.000000
0.000000
0.000000
0.000000
0.000000
0.000000
-1.327111
0.625906
0.717499
-1.350247
0.676276
0.760648
0.000000
0.000000
0.000000
0.000000
0.000000
0.000000
-1.722322
0.575405
0.866820
-1.746611
0.558672
0.864910
0.000000
0.000000
0.000000
0.000000
0.000000
0.000000
0.000000
0.000000
0.000000
-1.122111
0.673011
0.816984
0.000000
0.000000
0.000000
0.000000
0.000000
0.000000
0.000000
0.000000
0.000000
-1.110183
1.420478
0.763484
0.000000
0.000000
0.000000
0.000000
0.000000
0.000000
-1.338335
0.727810
0.904171
-1.331490
0.806815
0.856035
0.000000
0.000000
0.000000
0.000000
0.000000
0.000000
0.000000
0.000000
0.000000
-0.869656
1.471631
0.632592
0.000000
0.000000
0.000000
0.000000
0.000000
0.000000
-1.308158
0.629168
0.820421
-1.331202
0.618515
0.814928
0.000000
0.000000
0.000000
0.000000
0.000000
0.000000
0.000000
0.000000
0.000000
-1.048236
0.810189
0.691400
0.000000
0.000000
0.000000
0.000000
0.000000
0.000000
-1.402924
0.567653
0.836269
-1.431505
0.549800
0.843066
0.000000
0.000000
0.000000
0.000000
0.000000
0.000000
-1.191855
0.849260
0.694045
-1.173723
0.976938
0.682431
0.000000
0.000000
0.000000
0.000000
0.000000
0.000000
-1.133759
1.086007
0.810258
-1.215217
0.961956
0.807396
0.000000
0.000000
0.000000
0.000000
0.000000
0.000000
-1.300647
0.826448
0.703495
-1.249753
0.756974
0.677923
0.000000
0.000000
0.000000
0.000000
0.000000
0.000000
-1.223725
0.837616
0.665116
-1.232672
0.957409
0.666094
0.000000
0.000000
0.000000
0.000000
0.000000
0.000000
-1.601935
1.116099
0.657495
-1.625590
1.118651
0.661575
0.000000
0.000000
0.000000
0.000000
0.000000
0.000000
-1.466484
0.918249
0.664167
-1.443506
0.872414
0.675262
0.000000
0.000000
0.000000
0.000000
0.000000
0.000000
0.000000
0.000000
0.000000
-1.344782
0.627184
0.643194
0.000000
0.000000
0.000000
0.000000
0.000000
0.000000
-1.631807
0.704774
0.823076
-1.677364
0.591783
0.853103
0.000000
0.000000
0.000000
0.000000
0.000000
0.000000
-1.188245
1.000005
0.593288
-1.267028
0.999400
0.603607
0.000000
0.000000
0.000000
0.000000
0.000000
0.000000
0.000000
0.000000
0.000000
-1.193033
0.842930
0.635634
0.000000
0.000000
0.000000
0.000000
0.000000
0.000000
-1.502953
1.031736
0.686437
-1.527069
1.103892
0.683847
0.000000
0.000000
0.000000
0.000000
0.000000
0.000000
0.000000
0.000000
0.000000
-1.159595
0.705061
0.701819
0.000000
0.000000
0.000000
0.000000
0.000000
0.000000
-1.462707
0.985638
0.691405
-1.480425
1.004652
0.689029
0.000000
0.000000
0.000000
-1.267034
0.799979
0.695528
0.000000
0.000000
0.000000
-1.247898
0.803493
0.695528
0.000000
0.000000
0.000000
0.000000
0.000000
0.000000
-1.214583
0.714736
0.816590
-1.248333
0.516407
0.891726
0.000000
0.000000
0.000000
0.000000
0.000000
0.000000
-1.323337
0.855649
0.763655
-1.333343
0.890853
0.745136
0.000000
0.000000
0.000000
0.000000
0.000000
0.000000
0.000000
0.000000
0.000000
-1.155571
0.663646
0.918067
0.000000
0.000000
0.000000
0.000000
0.000000
0.000000
-1.270283
0.776763
0.638054
-1.323523
1.060035
0.950246
0.000000
0.000000
0.000000
0.000000
0.000000
0.000000
0.000000
0.000000
0.000000
-1.307615
0.589325
0.603231
0.000000
0.000000
0.000000
0.000000
0.000000
0.000000
-1.137891
0.767577
0.657964
-1.144273
0.771383
0.705030
0.000000
0.000000
0.000000
0.000000
0.000000
0.000000
0.000000
0.000000
0.000000
-1.182311
0.582377
0.730079
0.000000
0.000000
0.000000
0.000000
0.000000
0.000000
-1.354473
0.902732
0.711104
-1.371814
0.934691
0.717394
0.000000
0.000000
0.000000
0.000000
0.000000
0.000000
-1.369771
0.472290
0.704125
-1.492343
0.414560
1.020482
0.000000
0.000000
0.000000
0.000000
0.000000
0.000000
-1.443638
0.706354
0.694656
-1.543833
0.593937
0.724433
-1.359679
1.034731
0.693619
-1.417027
0.917556
0.691843
-1.277764
0.990733
0.643279
-1.313365
0.904071
0.679080
0.000000
0.000000
0.000000
0.000000
0.000000
0.000000
-1.414281
0.563135
0.823268
-1.483662
0.434289
0.877029
0.000000
0.000000
0.000000
0.000000
0.000000
0.000000
-1.082945
0.765827
0.669386
-1.272874
0.730166
0.829451
-1.142314
1.013610
0.777407
-1.195893
0.784539
0.757407
-1.113661
1.057864
0.763835
-1.151464
0.839176
0.749581
0.000000
0.000000
0.000000
0.000000
0.000000
0.000000
-1.281760
1.372713
0.629528
-1.380604
1.166421
0.562694
0.000000
0.000000
0.000000
0.000000
0.000000
0.000000
-1.315407
0.712851
0.764512
-1.385296
0.644599
0.843907
0.000000
0.000000
0.000000
0.000000
0.000000
0.000000
-1.218286
0.954751
0.746700
-1.298989
0.920588
0.647474
0.000000
0.000000
0.000000
0.000000
0.000000
0.000000
-1.278655
0.845879
0.675121
-1.289291
0.905285
0.731498
0.000000
0.000000
0.000000
0.000000
0.000000
0.000000
-1.110789
1.213937
0.661209
-1.202247
1.059533
0.699713
0.000000
0.000000
0.000000
0.000000
0.000000
0.000000
-1.003086
0.744651
0.782679
-1.069599
0.650970
0.712860
0.000000
0.000000
0.000000
0.000000
0.000000
0.000000
-1.291674
0.558930
0.834674
-1.258749
0.614677
0.833446
0.000000
0.000000
0.000000
0.000000
0.000000
0.000000
-1.653642
0.278269
0.901723
-1.671102
0.274184
0.898968
0.000000
0.000000
0.000000
0.000000
0.000000
0.000000
0.000000
0.000000
0.000000
-1.163301
1.290554
0.657427
0.000000
0.000000
0.000000
-1.126263
0.630675
0.685704
0.000000
0.000000
0.000000
-1.125423
0.631152
0.685704
0.000000
0.000000
0.000000
0.000000
0.000000
0.000000
-1.345268
0.906781
0.687495
-1.318122
0.978853
0.612875
0.000000
0.000000
0.000000
0.000000
0.000000
0.000000
0.000000
0.000000
0.000000
-1.031039
0.842781
0.578856
0.000000
0.000000
0.000000
0.000000
0.000000
0.000000
0.000000
0.000000
0.000000
-1.298070
0.655037
0.675537
0.000000
0.000000
0.000000
0.000000
0.000000
0.000000
0.000000
0.000000
0.000000
-1.113070
1.755125
0.759370
0.000000
0.000000
0.000000
0.000000
0.000000
0.000000
-1.275127
0.795316
0.735735
-1.296730
0.761336
0.780881
0.000000
0.000000
0.000000
0.000000
0.000000
0.000000
-1.247712
0.831032
0.658863
-1.171120
1.005103
0.524048
0.000000
0.000000
0.000000
0.000000
0.000000
0.000000
-1.202589
1.022000
0.593116
-1.230487
1.073967
0.615015
0.000000
0.000000
0.000000
0.000000
0.000000
0.000000
0.000000
0.000000
0.000000
-1.364947
0.603779
0.644120
0.000000
0.000000
0.000000
0.000000
0.000000
0.000000
-1.357375
0.704244
0.802478
-1.415421
0.631856
0.805485
0.000000
0.000000
0.000000
0.000000
0.000000
0.000000
-1.358959
0.494629
0.890767
-1.283079
0.629542
0.860125
0.000000
0.000000
0.000000
0.000000
0.000000
0.000000
-1.304632
0.864413
0.815840
-1.358853
0.729894
0.776425
0.000000
0.000000
0.000000
0.000000
0.000000
0.000000
-1.354368
0.892756
0.743858
-1.337494
0.987431
0.658751
0.000000
0.000000
0.000000
0.000000
0.000000
0.000000
-1.107607
0.971505
0.691622
-1.153373
1.001360
0.652613
0.000000
0.000000
0.000000
0.000000
0.000000
0.000000
-1.190826
0.964557
0.662482
-1.217711
0.985063
0.672788
0.000000
0.000000
0.000000
0.000000
0.000000
0.000000
0.000000
0.000000
0.000000
-1.289094
0.553534
0.715220
0.000000
0.000000
0.000000
0.000000
0.000000
0.000000
0.000000
0.000000
0.000000
-1.226532
0.636492
0.728024
0.000000
0.000000
0.000000
0.000000
0.000000
0.000000
0.000000
0.000000
0.000000
-1.094041
0.593800
0.786003
0.000000
0.000000
0.000000
0.000000
0.000000
0.000000
0.000000
0.000000
0.000000
-1.189170
0.754557
0.892626
0.000000
0.000000
0.000000
0.000000
0.000000
0.000000
-1.102789
0.696174
0.785774
-1.040461
0.745806
0.870581
-1.247793
0.546046
0.703327
-1.441777
0.473750
0.876221
-1.250079
0.548109
0.703327
-1.445212
0.473669
0.876221
0.000000
0.000000
0.000000
0.000000
0.000000
0.000000
-1.139770
1.047950
0.610181
-1.224477
0.943511
0.578509
0.000000
0.000000
0.000000
0.000000
0.000000
0.000000
0.000000
0.000000
0.000000
-1.167738
1.047483
0.807112
0.000000
0.000000
0.000000
0.000000
0.000000
0.000000
-1.183249
1.004442
0.725213
-1.203824
1.199019
0.616519
0.000000
0.000000
0.000000
0.000000
0.000000
0.000000
-1.415199
0.792673
0.821372
-1.388660
0.830859
0.826941
0.000000
0.000000
0.000000
0.000000
0.000000
0.000000
-1.211378
0.675868
0.742011
-1.169940
0.807887
0.823983
0.000000
0.000000
0.000000
0.000000
0.000000
0.000000
-1.458755
0.430444
0.638646
-1.448598
0.466693
0.971734
0.000000
0.000000
0.000000
0.000000
0.000000
0.000000
-1.360343
0.689730
0.935796
-1.389108
0.718127
0.951226
0.000000
0.000000
0.000000
0.000000
0.000000
0.000000
-1.094659
1.333649
0.588456
-1.232856
0.879068
0.785248
0.000000
0.000000
0.000000
0.000000
0.000000
0.000000
-1.053879
1.054331
0.678466
-1.040815
1.093677
0.625444
0.000000
0.000000
0.000000
0.000000
0.000000
0.000000
-1.253642
0.534598
0.832249
-1.310539
0.530171
0.853859
0.000000
0.000000
0.000000
0.000000
0.000000
0.000000
-1.308567
0.852361
0.750736
-1.342325
0.903089
0.758763
0.000000
0.000000
0.000000
0.000000
0.000000
0.000000
-1.428588
1.008322
0.676138
-1.470616
0.979976
0.693321
0.000000
0.000000
0.000000
0.000000
0.000000
0.000000
-1.278521
0.600338
0.792348
-1.351902
0.551886
0.828441
0.000000
0.000000
0.000000
0.000000
0.000000
0.000000
-1.106890
0.559795
0.789044
-1.180447
0.446531
0.818832
0.000000
0.000000
0.000000
0.000000
0.000000
0.000000
-1.353002
0.572188
0.867381
-1.321068
0.658389
0.832986
0.000000
0.000000
0.000000
0.000000
0.000000
0.000000
-1.440823
0.692841
0.810358
-1.473610
0.688283
0.808560
-1.263736
0.361426
0.714802
-1.289591
0.422197
0.931558
-1.240680
0.367996
0.714802
-1.248657
0.411150
0.930494
-1.216263
0.848909
0.790843
-1.240216
0.876393
0.761595
-1.206068
0.849544
0.794143
-1.222281
0.867695
0.767471
0.000000
0.000000
0.000000
0.000000
0.000000
0.000000
-1.346912
0.980124
0.684032
-1.403774
1.052147
0.675885
0.000000
0.000000
0.000000
0.000000
0.000000
0.000000
-1.181640
0.531104
0.935822
-1.254717
0.466002
0.851501
-1.288998
0.549047
1.044912
-1.206456
0.468940
0.893138
-1.259338
0.592313
1.020999
-1.195385
0.521271
0.887593
0.000000
0.000000
0.000000
0.000000
0.000000
0.000000
0.000000
0.000000
0.000000
-1.274801
0.568621
0.749279
0.000000
0.000000
0.000000
0.000000
0.000000
0.000000
-1.388648
0.466073
0.721673
-1.347930
0.433938
0.857748
0.000000
0.000000
0.000000
0.000000
0.000000
0.000000
0.000000
0.000000
0.000000
-1.138931
1.423014
0.714157
0.000000
0.000000
0.000000
0.000000
0.000000
0.000000
-1.182331
0.797233
0.899174
-1.285643
0.638365
0.810080
0.000000
0.000000
0.000000
0.000000
0.000000
0.000000
-1.127882
0.847383
0.708630
-1.018340
1.081633
0.580526
0.000000
0.000000
0.000000
0.000000
0.000000
0.000000
-1.476056
0.425922
0.900042
-1.535157
0.460430
0.884826
0.000000
0.000000
0.000000
0.000000
0.000000
0.000000
-1.278953
1.077421
0.675141
-1.289232
1.069113
0.595086
0.000000
0.000000
0.000000
0.000000
0.000000
0.000000
-1.376025
0.658150
0.847360
-1.363401
0.675065
0.819735
0.000000
0.000000
0.000000
0.000000
0.000000
0.000000
-1.504313
0.625556
0.795581
-1.487126
0.695899
0.772953
0.000000
0.000000
0.000000
0.000000
0.000000
0.000000
0.000000
0.000000
0.000000
-1.161455
0.653448
0.762524
0.000000
0.000000
0.000000
0.000000
0.000000
0.000000
-1.482483
0.775000
0.786829
-1.508173
0.777358
0.790239
0.000000
0.000000
0.000000
0.000000
0.000000
0.000000
-1.246569
0.843615
0.916567
-1.277472
0.809970
0.831946
0.000000
0.000000
0.000000
0.000000
0.000000
0.000000
0.000000
0.000000
0.000000
-1.173754
0.938360
0.781710
0.000000
0.000000
0.000000
0.000000
0.000000
0.000000
-1.424121
0.489449
0.716832
-1.388097
0.504726
0.966238
0.000000
0.000000
0.000000
0.000000
0.000000
0.000000
-1.333856
0.992659
0.754645
-1.374418
0.920164
0.734678
-1.330736
0.638882
0.826470
-1.312484
0.720106
0.788932
-1.183709
0.943911
0.700767
-1.154977
1.002924
0.635357
0.000000
0.000000
0.000000
0.000000
0.000000
0.000000
-1.196355
0.830250
0.801684
-1.271746
0.738820
0.774308
0.000000
0.000000
0.000000
0.000000
0.000000
0.000000
0.000000
0.000000
0.000000
-1.316865
0.413665
0.646251
-1.236896
0.714770
0.757875
-1.347032
0.604867
0.784595
-1.239881
0.717017
0.757875
-1.340826
0.607417
0.784595
0.000000
0.000000
0.000000
0.000000
0.000000
0.000000
-1.280396
1.079520
0.617919
-1.321214
1.062504
0.630328
0.000000
0.000000
0.000000
0.000000
0.000000
0.000000
-1.354888
0.497083
0.865633
-1.391086
0.508638
0.866995
0.000000
0.000000
0.000000
0.000000
0.000000
0.000000
-1.246976
0.742402
0.892433
-1.235834
0.794942
0.719051
0.000000
0.000000
0.000000
0.000000
0.000000
0.000000
-1.233505
0.872664
0.787092
-1.252122
0.931001
0.712549
0.000000
0.000000
0.000000
0.000000
0.000000
0.000000
-1.448854
0.354704
0.890413
-1.444344
0.405614
0.879050
0.000000
0.000000
0.000000
0.000000
0.000000
0.000000
-1.363135
0.518066
0.850972
-1.386528
0.500200
0.852957
0.000000
0.000000
0.000000
0.000000
0.000000
0.000000
-1.427089
0.916201
0.790178
-1.512085
0.946820
0.757556
0.000000
0.000000
0.000000
0.000000
0.000000
0.000000
0.000000
0.000000
0.000000
-1.000571
0.956852
0.758065
0.000000
0.000000
0.000000
0.000000
0.000000
0.000000
-1.387301
0.773306
0.791445
-1.393034
0.629600
0.749098
0.000000
0.000000
0.000000
0.000000
0.000000
0.000000
-1.455669
0.806708
0.791585
-1.482314
0.825782
0.777803
0.000000
0.000000
0.000000
0.000000
0.000000
0.000000
-1.251049
0.995193
0.683840
-1.305971
1.023265
0.638919
0.000000
0.000000
0.000000
0.000000
0.000000
0.000000
-1.241945
0.813892
0.652491
-1.247895
0.817157
0.674673
0.000000
0.000000
0.000000
0.000000
0.000000
0.000000
-1.139384
0.824602
0.721871
-1.201446
0.771674
0.741852
0.000000
0.000000
0.000000
0.000000
0.000000
0.000000
0.000000
0.000000
0.000000
-1.208526
1.156040
0.731923
0.000000
0.000000
0.000000
0.000000
0.000000
0.000000
0.000000
0.000000
0.000000
-1.195295
0.628323
0.727927
0.000000
0.000000
0.000000
0.000000
0.000000
0.000000
-1.169504
0.853802
0.676626
-1.159656
0.962353
0.630693
0.000000
0.000000
0.000000
0.000000
0.000000
0.000000
-1.284557
0.599392
0.852395
-1.408380
0.479209
0.885975
0.000000
0.000000
0.000000
0.000000
0.000000
0.000000
0.000000
0.000000
0.000000
-0.999112
1.096978
0.691770
0.000000
0.000000
0.000000
0.000000
0.000000
0.000000
-1.135688
0.904709
0.722254
-1.194577
1.006890
0.662383
-1.135256
0.854583
0.705630
-1.136303
0.870413
0.695539
-1.081832
0.743414
0.728417
-1.122284
0.668914
0.748378
0.000000
0.000000
0.000000
0.000000
0.000000
0.000000
-1.076712
0.660993
0.794996
-1.115836
0.547059
0.823393
0.000000
0.000000
0.000000
0.000000
0.000000
0.000000
-1.296370
1.045486
0.646597
-1.332786
1.030618
0.663243
0.000000
0.000000
0.000000
0.000000
0.000000
0.000000
-1.463536
1.121882
0.590243
-1.467679
1.271280
0.561476
0.000000
0.000000
0.000000
0.000000
0.000000
0.000000
-1.197522
0.761655
0.710991
-1.190435
0.875858
0.676751
0.000000
0.000000
0.000000
0.000000
0.000000
0.000000
-1.477047
0.621184
0.808685
-1.448844
0.648793
0.848848
0.000000
0.000000
0.000000
0.000000
0.000000
0.000000
-1.598164
0.833362
0.760428
-1.647084
0.799728
0.788231
0.000000
0.000000
0.000000
0.000000
0.000000
0.000000
-1.313096
0.879333
0.806265
-1.381766
0.809411
0.801571
0.000000
0.000000
0.000000
0.000000
0.000000
0.000000
-1.348882
0.737899
0.772428
-1.346625
0.749380
0.787643
0.000000
0.000000
0.000000
0.000000
0.000000
0.000000
-1.499814
0.888328
0.728689
-1.528062
0.890192
0.741353
0.000000
0.000000
0.000000
0.000000
0.000000
0.000000
-1.268282
0.785790
1.237559
-1.381011
0.706346
1.030748
0.000000
0.000000
0.000000
0.000000
0.000000
0.000000
-1.191765
0.986656
0.787672
-1.257709
0.886006
0.763751
0.000000
0.000000
0.000000
0.000000
0.000000
0.000000
-1.489094
0.756018
0.722896
-1.613705
0.651549
0.945166
0.000000
0.000000
0.000000
0.000000
0.000000
0.000000
-1.234014
1.141987
0.702952
-1.291153
1.060119
0.677788
0.000000
0.000000
0.000000
0.000000
0.000000
0.000000
-1.234747
0.825746
0.714045
-1.235077
0.921654
0.701993
0.000000
0.000000
0.000000
0.000000
0.000000
0.000000
0.000000
0.000000
0.000000
-1.235372
0.921987
0.763988
0.000000
0.000000
0.000000
0.000000
0.000000
0.000000
-1.081279
0.853915
0.754852
-1.161131
0.929350
0.736925
0.000000
0.000000
0.000000
0.000000
0.000000
0.000000
-1.290085
0.592587
0.775590
-1.323471
0.520655
0.931980
0.000000
0.000000
0.000000
0.000000
0.000000
0.000000
-1.206723
0.872729
0.683990
-1.211857
0.832420
0.707781
0.000000
0.000000
0.000000
0.000000
0.000000
0.000000
-1.334121
0.654766
0.801956
-1.342671
0.719056
0.747234
0.000000
0.000000
0.000000
0.000000
0.000000
0.000000
-1.191411
1.325125
0.715139
-1.441338
1.029458
0.769662
0.000000
0.000000
0.000000
0.000000
0.000000
0.000000
-1.333243
0.722222
0.749761
-1.351685
1.149780
0.747766
0.000000
0.000000
0.000000
0.000000
0.000000
0.000000
0.000000
0.000000
0.000000
-1.281445
0.424158
0.736026
0.000000
0.000000
0.000000
0.000000
0.000000
0.000000
-1.049610
0.804710
0.625943
-1.030487
0.779239
0.599151
0.000000
0.000000
0.000000
0.000000
0.000000
0.000000
-1.314613
1.235970
0.582063
-1.343516
1.289352
0.487308
0.000000
0.000000
0.000000
0.000000
0.000000
0.000000
-1.329363
0.580456
0.599133
-1.404802
0.565986
1.185532
0.000000
0.000000
0.000000
0.000000
0.000000
0.000000
-1.289402
0.691761
0.881851
-1.268140
0.658457
0.812973
0.000000
0.000000
0.000000
0.000000
0.000000
0.000000
-1.268645
0.991855
0.722187
-1.251012
1.342799
0.574017
0.000000
0.000000
0.000000
0.000000
0.000000
0.000000
-1.413374
0.396856
0.908980
-1.499711
0.363142
0.891546
0.000000
0.000000
0.000000
0.000000
0.000000
0.000000
-1.200879
0.719096
0.691630
-1.211179
0.859884
0.670745
0.000000
0.000000
0.000000
0.000000
0.000000
0.000000
-1.174838
0.565528
0.765129
-1.314892
0.472320
0.896631
0.000000
0.000000
0.000000
0.000000
0.000000
0.000000
-1.291611
0.592952
0.750423
-1.362068
0.514395
0.855458
0.000000
0.000000
0.000000
0.000000
0.000000
0.000000
-1.120173
0.919584
0.796216
-1.210680
0.772461
0.670121
0.000000
0.000000
0.000000
0.000000
0.000000
0.000000
-1.318471
1.038977
0.634781
-1.319704
1.135257
0.613958
0.000000
0.000000
0.000000
0.000000
0.000000
0.000000
-1.259917
0.720147
0.782052
-1.297096
0.795148
0.763073
0.000000
0.000000
0.000000
0.000000
0.000000
0.000000
0.000000
0.000000
0.000000
-1.235500
0.697178
0.733257
0.000000
0.000000
0.000000
0.000000
0.000000
0.000000
0.000000
0.000000
0.000000
-1.121212
0.503427
0.774231
-1.098898
1.014159
0.713867
-1.149090
0.956390
0.684035
-1.064688
1.037101
0.699144
-1.127802
0.921333
0.688298
0.000000
0.000000
0.000000
0.000000
0.000000
0.000000
-1.146793
0.933101
0.593159
-1.201237
0.918865
0.614656
0.000000
0.000000
0.000000
0.000000
0.000000
0.000000
-1.302995
0.490644
0.629770
-1.225798
0.588653
0.990748
-1.351030
1.043177
0.803697
-1.342029
1.014453
0.815300
-1.326023
1.060899
0.803697
-1.298067
1.020507
0.816729
0.000000
0.000000
0.000000
0.000000
0.000000
0.000000
-1.309012
0.827897
0.674602
-1.307408
0.827126
0.702663
0.000000
0.000000
0.000000
0.000000
0.000000
0.000000
0.000000
0.000000
0.000000
-1.235813
0.809095
0.712747
0.000000
0.000000
0.000000
0.000000
0.000000
0.000000
-1.365105
0.917207
0.661688
-1.336268
1.093198
0.689500
0.000000
0.000000
0.000000
0.000000
0.000000
0.000000
-1.308938
0.468124
0.855569
-1.388940
0.486673
0.865284
-1.463351
0.514330
0.850344
-1.489579
0.519011
0.838504
-1.443859
0.522259
0.843973
-1.476319
0.509072
0.836871
0.000000
0.000000
0.000000
0.000000
0.000000
0.000000
-1.235339
0.992101
0.647680
-1.285307
0.986730
0.656944
0.000000
0.000000
0.000000
0.000000
0.000000
0.000000
0.000000
0.000000
0.000000
-1.456789
0.638934
0.685095
0.000000
0.000000
0.000000
0.000000
0.000000
0.000000
0.000000
0.000000
0.000000
-1.214779
0.785206
0.545440
0.000000
0.000000
0.000000
0.000000
0.000000
0.000000
-1.325741
0.773539
0.742363
-1.366714
0.743428
0.752876
-1.228581
1.063453
0.693277
-1.264313
1.093363
0.651421
-1.223111
1.085129
0.675534
-1.210399
1.144335
0.605555
0.000000
0.000000
0.000000
0.000000
0.000000
0.000000
0.000000
0.000000
0.000000
-1.272651
0.762637
0.784460
0.000000
0.000000
0.000000
0.000000
0.000000
0.000000
-1.203566
1.073196
0.566261
-1.281855
0.944926
0.722554
-1.365424
0.585433
0.842865
-1.452681
0.475846
0.819401
-1.359598
0.585773
0.842865
-1.446496
0.475374
0.819401
-1.434112
0.516744
0.854504
-1.427354
0.534364
0.840765
-1.391509
0.500574
0.857479
-1.382333
0.511650
0.839600
0.000000
0.000000
0.000000
0.000000
0.000000
0.000000
-1.479052
0.373001
0.879618
-1.540023
0.391207
0.889443
0.000000
0.000000
0.000000
0.000000
0.000000
0.000000
-1.465854
0.631918
0.761044
-1.422298
0.839995
0.758243
0.000000
0.000000
0.000000
0.000000
0.000000
0.000000
-1.092916
0.777160
0.778093
-1.095060
1.170693
0.818478
0.000000
0.000000
0.000000
0.000000
0.000000
0.000000
-1.184364
0.704636
0.744868
-1.217796
0.610221
0.839518
0.000000
0.000000
0.000000
0.000000
0.000000
0.000000
-1.476859
0.746761
0.749221
-1.578593
0.615367
0.916190
0.000000
0.000000
0.000000
0.000000
0.000000
0.000000
-1.098283
1.106417
0.608515
-1.192980
0.994835
0.688808
0.000000
0.000000
0.000000
0.000000
0.000000
0.000000
-1.533647
0.721053
0.679255
-1.441357
2.384333
0.662920
0.000000
0.000000
0.000000
0.000000
0.000000
0.000000
-1.456935
0.553920
0.821806
-1.528047
0.542556
0.851566
0.000000
0.000000
0.000000
0.000000
0.000000
0.000000
-1.259642
0.661055
0.904641
-1.248443
0.710876
0.841625
0.000000
0.000000
0.000000
0.000000
0.000000
0.000000
-1.443719
0.550151
0.847841
-1.553093
0.435298
0.859801
-1.310034
0.457623
0.830613
-1.373342
0.412955
0.863145
-1.311347
0.460245
0.830613
-1.370440
0.414272
0.863145
0.000000
0.000000
0.000000
0.000000
0.000000
0.000000
-1.357258
0.631630
0.700037
-1.386531
0.590281
0.724782
0.000000
0.000000
0.000000
0.000000
0.000000
0.000000
0.000000
0.000000
0.000000
-1.203076
0.753430
0.835492
0.000000
0.000000
0.000000
0.000000
0.000000
0.000000
-1.459132
0.931795
0.733614
-1.487118
0.931497
0.724235
0.000000
0.000000
0.000000
0.000000
0.000000
0.000000
-1.455193
0.958714
0.722522
-1.481408
0.934463
0.729577
0.000000
0.000000
0.000000
0.000000
0.000000
0.000000
-1.119312
0.646372
0.674197
-1.103051
0.713106
0.648995
0.000000
0.000000
0.000000
0.000000
0.000000
0.000000
-1.203693
1.348780
0.673914
-1.340626
1.218026
0.558304
0.000000
0.000000
0.000000
0.000000
0.000000
0.000000
0.000000
0.000000
0.000000
-1.090951
0.610605
0.687950
0.000000
0.000000
0.000000
0.000000
0.000000
0.000000
-1.037698
1.324590
0.654044
-1.158998
0.990248
0.787865
0.000000
0.000000
0.000000
0.000000
0.000000
0.000000
-1.228640
0.800659
0.725297
-1.378684
0.616850
0.797925
0.000000
0.000000
0.000000
0.000000
0.000000
0.000000
-1.093488
0.659805
0.681238
-1.175981
0.643489
0.664157
0.000000
0.000000
0.000000
0.000000
0.000000
0.000000
-1.272161
0.669309
0.621081
-1.131472
0.937719
0.665931
0.000000
0.000000
0.000000
0.000000
0.000000
0.000000
0.000000
0.000000
0.000000
-1.308960
0.673116
0.661952
0.000000
0.000000
0.000000
0.000000
0.000000
0.000000
-1.088891
0.957226
0.814945
-1.253364
0.904740
0.743510
0.000000
0.000000
0.000000
0.000000
0.000000
0.000000
-1.173140
0.857163
0.768360
-1.202030
0.997863
0.738608
-1.412106
0.779041
0.803096
-1.476133
0.722061
0.786641
-1.274327
1.204605
0.682739
-1.406881
0.965238
0.697028
0.000000
0.000000
0.000000
0.000000
0.000000
0.000000
-1.413421
0.445815
0.956785
-1.464434
0.366912
0.860045
0.000000
0.000000
0.000000
0.000000
0.000000
0.000000
-1.248981
0.771043
1.008152
-1.374398
0.662465
0.869279
0.000000
0.000000
0.000000
0.000000
0.000000
0.000000
-1.196225
0.679251
0.674003
-1.178887
0.897808
0.739914
0.000000
0.000000
0.000000
0.000000
0.000000
0.000000
-0.960519
1.246434
0.541720
-1.023167
1.368022
0.458738
0.000000
0.000000
0.000000
0.000000
0.000000
0.000000
-1.290671
0.606677
0.763324
-1.373733
0.630605
0.880153
0.000000
0.000000
0.000000
0.000000
0.000000
0.000000
0.000000
0.000000
0.000000
-1.114156
0.658679
0.771527
0.000000
0.000000
0.000000
0.000000
0.000000
0.000000
0.000000
0.000000
0.000000
-1.325556
0.501766
0.787459
0.000000
0.000000
0.000000
0.000000
0.000000
0.000000
-1.404725
0.830030
0.866039
-1.448038
0.795580
0.822761
0.000000
0.000000
0.000000
0.000000
0.000000
0.000000
-1.338227
0.748361
0.773219
-1.354783
0.788522
0.766316
0.000000
0.000000
0.000000
0.000000
0.000000
0.000000
-1.186635
0.754341
0.770496
-1.097600
0.922169
0.725814
0.000000
0.000000
0.000000
0.000000
0.000000
0.000000
-1.368232
0.882908
0.742590
-1.369548
0.946619
0.761282
0.000000
0.000000
0.000000
0.000000
0.000000
0.000000
0.000000
0.000000
0.000000
-1.182577
1.032181
0.766927
0.000000
0.000000
0.000000
0.000000
0.000000
0.000000
-1.096879
0.734818
0.718726
-1.120021
0.780378
0.704976
0.000000
0.000000
0.000000
0.000000
0.000000
0.000000
-1.263949
0.752426
0.736934
-1.281322
0.780250
0.853066
0.000000
0.000000
0.000000
0.000000
0.000000
0.000000
-1.228016
0.752703
0.851514
-1.284989
0.624880
0.857500
0.000000
0.000000
0.000000
0.000000
0.000000
0.000000
-1.202552
0.821141
0.826965
-1.256490
0.884386
0.818999
0.000000
0.000000
0.000000
0.000000
0.000000
0.000000
-1.372964
0.779353
0.875891
-1.280551
1.022068
0.860228
0.000000
0.000000
0.000000
0.000000
0.000000
0.000000
-1.207982
0.867509
0.701591
-1.273255
0.750068
0.803150
0.000000
0.000000
0.000000
0.000000
0.000000
0.000000
-1.221034
1.016029
0.732008
-1.258905
0.978458
0.699445
0.000000
0.000000
0.000000
0.000000
0.000000
0.000000
-0.894653
1.148225
0.747181
-0.942063
0.827310
0.637625
-1.107540
0.549158
0.670040
-1.044804
0.577594
0.822060
-1.161045
0.477791
0.725644
-1.183784
0.403164
0.810815
0.000000
0.000000
0.000000
0.000000
0.000000
0.000000
-1.196903
0.805788
0.817689
-1.275926
0.745418
0.812322
0.000000
0.000000
0.000000
0.000000
0.000000
0.000000
-1.349569
0.666512
0.781815
-1.425643
0.616429
0.830909
0.000000
0.000000
0.000000
0.000000
0.000000
0.000000
-1.454291
0.770457
0.779521
-1.480648
0.766641
0.799640
0.000000
0.000000
0.000000
0.000000
0.000000
0.000000
-1.478404
0.573930
0.849510
-1.505594
0.539819
0.840784
0.000000
0.000000
0.000000
0.000000
0.000000
0.000000
0.000000
0.000000
0.000000
-1.412395
0.693310
0.710243
0.000000
0.000000
0.000000
0.000000
0.000000
0.000000
-1.596194
0.722315
0.834642
-1.641368
0.683175
0.808791
0.000000
0.000000
0.000000
0.000000
0.000000
0.000000
-1.560934
0.584090
0.827397
-1.583846
0.578028
0.833847
0.000000
0.000000
0.000000
0.000000
0.000000
0.000000
-1.381231
0.811950
0.635050
-1.386642
0.896750
0.731670
0.000000
0.000000
0.000000
0.000000
0.000000
0.000000
-0.970319
0.896075
0.860540
-1.137744
0.727119
0.889969
0.000000
0.000000
0.000000
0.000000
0.000000
0.000000
0.000000
0.000000
0.000000
-1.128356
0.882377
0.694074
0.000000
0.000000
0.000000
0.000000
0.000000
0.000000
-1.287257
0.950516
0.699220
-1.330011
1.006705
0.690894
0.000000
0.000000
0.000000
0.000000
0.000000
0.000000
0.000000
0.000000
0.000000
-1.353635
0.594462
0.714931
0.000000
0.000000
0.000000
0.000000
0.000000
0.000000
0.000000
0.000000
0.000000
-1.313463
0.966658
0.675189
0.000000
0.000000
0.000000
0.000000
0.000000
0.000000
-1.115290
0.836633
0.678017
-1.155912
1.186458
0.573569
0.000000
0.000000
0.000000
0.000000
0.000000
0.000000
-1.115968
0.657866
0.782836
-1.184242
0.774832
0.674361
-1.204002
0.514243
0.883739
-1.229770
0.560683
0.890080
-1.195934
0.516751
0.883739
-1.217575
0.584129
0.893351
0.000000
0.000000
0.000000
0.000000
0.000000
0.000000
-1.526118
1.215715
0.716286
-1.506114
1.411449
0.591491
0.000000
0.000000
0.000000
0.000000
0.000000
0.000000
-1.080886
0.723788
0.670679
-1.192212
0.674945
0.796809
0.000000
0.000000
0.000000
0.000000
0.000000
0.000000
0.000000
0.000000
0.000000
-1.149742
0.568982
0.837238
0.000000
0.000000
0.000000
0.000000
0.000000
0.000000
-1.321694
0.940053
0.645069
-1.344350
0.958848
0.650655
0.000000
0.000000
0.000000
0.000000
0.000000
0.000000
-1.014283
0.647660
0.675353
-1.136223
0.464467
0.998308
0.000000
0.000000
0.000000
0.000000
0.000000
0.000000
-1.149534
0.933339
0.782124
-1.223583
0.836662
0.763312
0.000000
0.000000
0.000000
0.000000
0.000000
0.000000
-1.453774
0.597699
0.794422
-1.401150
0.740818
0.781121
0.000000
0.000000
0.000000
0.000000
0.000000
0.000000
-1.261968
0.827046
0.806015
-1.356367
0.694260
0.801052
0.000000
0.000000
0.000000
0.000000
0.000000
0.000000
-1.542203
0.661029
0.805233
-1.537429
0.707050
0.844724
0.000000
0.000000
0.000000
0.000000
0.000000
0.000000
-1.095152
0.713519
0.742869
-1.141280
0.693772
0.766379
0.000000
0.000000
0.000000
0.000000
0.000000
0.000000
-1.060304
1.006790
0.755499
-1.145798
1.023191
0.634052
0.000000
0.000000
0.000000
0.000000
0.000000
0.000000
-1.257874
0.516078
0.874766
-1.283498
0.560836
0.832406
0.000000
0.000000
0.000000
0.000000
0.000000
0.000000
0.000000
0.000000
0.000000
-1.449906
0.762203
0.726972
0.000000
0.000000
0.000000
0.000000
0.000000
0.000000
0.000000
0.000000
0.000000
-1.013989
0.907935
0.631047
0.000000
0.000000
0.000000
0.000000
0.000000
0.000000
-1.162798
0.564490
0.973723
-1.212863
0.627248
0.836215
0.000000
0.000000
0.000000
0.000000
0.000000
0.000000
-1.313483
0.467639
0.634790
-1.414237
0.354799
1.132226
0.000000
0.000000
0.000000
0.000000
0.000000
0.000000
-1.183383
0.778393
0.835856
-1.304976
0.732585
0.814115
0.000000
0.000000
0.000000
0.000000
0.000000
0.000000
-1.028789
0.723365
0.644573
-1.124796
0.732714
0.733714
0.000000
0.000000
0.000000
0.000000
0.000000
0.000000
-1.248987
0.894117
0.720506
-1.267002
0.951722
0.691664
0.000000
0.000000
0.000000
0.000000
0.000000
0.000000
-1.387604
0.822771
0.725102
-1.422644
0.850073
0.765814
0.000000
0.000000
0.000000
0.000000
0.000000
0.000000
-1.463605
1.078729
0.641423
-1.501062
1.056469
0.666674
0.000000
0.000000
0.000000
0.000000
0.000000
0.000000
-1.411238
0.501653
0.838176
-1.437077
0.541421
0.850518
0.000000
0.000000
0.000000
0.000000
0.000000
0.000000
-1.203016
0.756115
0.775395
-1.237817
0.581689
0.782521
0.000000
0.000000
0.000000
0.000000
0.000000
0.000000
-1.393870
0.846324
0.759387
-1.499259
0.826587
0.874517
0.000000
0.000000
0.000000
0.000000
0.000000
0.000000
0.000000
0.000000
0.000000
-1.141647
0.760735
0.730763
0.000000
0.000000
0.000000
0.000000
0.000000
0.000000
0.000000
0.000000
0.000000
-1.219214
0.621459
0.725225
0.000000
0.000000
0.000000
0.000000
0.000000
0.000000
0.000000
0.000000
0.000000
-1.262098
1.056023
0.689892
0.000000
0.000000
0.000000
0.000000
0.000000
0.000000
-1.187510
0.665273
0.787798
-1.201025
0.658797
0.827658
0.000000
0.000000
0.000000
0.000000
0.000000
0.000000
-1.255570
1.277609
0.514294
-1.301793
1.215043
0.507466
0.000000
0.000000
0.000000
-1.151180
1.036546
0.694866
0.000000
0.000000
0.000000
-1.097668
1.065305
0.694866
0.000000
0.000000
0.000000
0.000000
0.000000
0.000000
-1.098545
0.843182
0.733377
-1.111105
0.967310
0.806180
0.000000
0.000000
0.000000
0.000000
0.000000
0.000000
-1.014796
0.868236
0.555304
-1.068692
0.997655
0.620825
0.000000
0.000000
0.000000
0.000000
0.000000
0.000000
0.000000
0.000000
0.000000
-1.056164
0.844878
0.631786
-0.963823
0.744302
0.653136
-1.013318
0.572893
0.663836
-0.914698
0.758066
0.653136
-0.977084
0.597175
0.657560
0.000000
0.000000
0.000000
0.000000
0.000000
0.000000
0.000000
0.000000
0.000000
-1.062224
0.754734
0.612481
0.000000
0.000000
0.000000
0.000000
0.000000
0.000000
-1.249341
0.879234
0.693223
-1.313314
0.947839
0.682098
0.000000
0.000000
0.000000
0.000000
0.000000
0.000000
-1.107991
0.886168
0.697620
-1.150602
0.794601
0.772553
0.000000
0.000000
0.000000
0.000000
0.000000
0.000000
-1.115014
1.392338
0.391689
-1.226238
1.246198
0.422671
0.000000
0.000000
0.000000
0.000000
0.000000
0.000000
-1.284680
0.749521
0.737715
-1.359314
0.596294
0.846095
0.000000
0.000000
0.000000
0.000000
0.000000
0.000000
-1.229791
0.440207
0.720165
-1.197091
0.443731
0.923096
0.000000
0.000000
0.000000
0.000000
0.000000
0.000000
-1.646665
0.792433
0.795251
-1.668794
0.791885
0.797819
0.000000
0.000000
0.000000
0.000000
0.000000
0.000000
-1.222047
0.833112
0.794710
-1.254440
0.723463
0.659835
0.000000
0.000000
0.000000
0.000000
0.000000
0.000000
-1.237903
1.287802
0.755303
-1.289989
1.320735
0.517306
-1.317018
1.118788
0.647840
-1.396005
1.102502
0.658056
-1.286267
1.091622
0.654064
-1.351681
1.092679
0.655406
0.000000
0.000000
0.000000
0.000000
0.000000
0.000000
-1.469682
0.979390
0.680130
-1.529085
0.782538
0.750455
0.000000
0.000000
0.000000
0.000000
0.000000
0.000000
-1.278547
0.542451
0.826392
-1.227397
0.652410
0.823608
0.000000
0.000000
0.000000
0.000000
0.000000
0.000000
-1.149694
0.983947
0.620674
-1.283491
0.856125
0.737494
0.000000
0.000000
0.000000
0.000000
0.000000
0.000000
0.000000
0.000000
0.000000
-1.420612
0.553284
0.612099
0.000000
0.000000
0.000000
0.000000
0.000000
0.000000
-1.207812
0.632949
0.684887
-1.284591
0.715524
0.756981
0.000000
0.000000
0.000000
0.000000
0.000000
0.000000
-1.413797
0.782029
0.822269
-1.484079
0.756719
0.798779
0.000000
0.000000
0.000000
0.000000
0.000000
0.000000
-1.202834
1.338161
0.394372
-1.253445
1.228811
0.453368
0.000000
0.000000
0.000000
0.000000
0.000000
0.000000
-1.199042
0.651255
0.731922
-1.300550
0.768515
0.946679
0.000000
0.000000
0.000000
0.000000
0.000000
0.000000
0.000000
0.000000
0.000000
-1.152730
0.989647
0.733389
0.000000
0.000000
0.000000
0.000000
0.000000
0.000000
-1.175290
1.064887
0.655106
-1.193176
0.900857
0.698149
0.000000
0.000000
0.000000
0.000000
0.000000
0.000000
-1.340364
0.801483
0.809600
-1.345005
0.819178
0.816271
0.000000
0.000000
0.000000
0.000000
0.000000
0.000000
-1.278788
0.498920
0.901210
-1.318613
0.451383
0.865554
0.000000
0.000000
0.000000
0.000000
0.000000
0.000000
-1.445167
0.437347
0.868696
-1.508650
0.405512
0.874694
0.000000
0.000000
0.000000
0.000000
0.000000
0.000000
-1.295889
0.647705
0.981579
-1.196682
0.935102
0.822023
0.000000
0.000000
0.000000
0.000000
0.000000
0.000000
-1.320823
1.213783
0.705263
-1.549107
0.722873
0.729096
-1.105383
0.565641
0.714343
-1.225602
0.520314
1.045241
-1.163900
0.537516
0.743794
-1.250353
0.471633
0.874081
-1.418089
0.795741
0.705216
-1.399042
0.899863
0.758598
-1.391365
0.777439
0.705216
-1.344236
0.911591
0.760025
0.000000
0.000000
0.000000
0.000000
0.000000
0.000000
-1.247423
0.650657
0.725293
-1.302753
0.653597
0.802357
0.000000
0.000000
0.000000
0.000000
0.000000
0.000000
-1.300073
0.627727
0.825260
-1.296223
0.640595
0.814371
0.000000
0.000000
0.000000
0.000000
0.000000
0.000000
-1.383240
0.549844
0.807431
-1.457759
0.505397
0.871267
0.000000
0.000000
0.000000
0.000000
0.000000
0.000000
-1.193611
1.133023
0.757780
-1.297254
1.055530
0.660429
0.000000
0.000000
0.000000
0.000000
0.000000
0.000000
-1.346662
0.803612
0.732554
-1.381176
0.787796
0.765298
0.000000
0.000000
0.000000
0.000000
0.000000
0.000000
-1.312749
0.686292
0.825703
-1.407800
0.817249
0.751828
0.000000
0.000000
0.000000
0.000000
0.000000
0.000000
-1.132363
0.878539
0.760958
-1.188398
0.696331
0.703667
0.000000
0.000000
0.000000
0.000000
0.000000
0.000000
-0.927084
2.047160
0.792469
-1.155943
1.293473
0.673517
0.000000
0.000000
0.000000
-1.151849
0.992763
0.710846
0.000000
0.000000
0.000000
-1.108374
1.011540
0.710846
0.000000
0.000000
0.000000
0.000000
0.000000
0.000000
-1.367256
0.666460
0.614709
-1.308808
0.715842
0.919553
0.000000
0.000000
0.000000
0.000000
0.000000
0.000000
-0.965999
0.628578
0.827397
-1.050162
0.580644
0.865555
0.000000
0.000000
0.000000
0.000000
0.000000
0.000000
-1.563878
0.552957
0.837215
-1.588394
0.558274
0.850108
0.000000
0.000000
0.000000
0.000000
0.000000
0.000000
-0.991363
1.129975
0.473747
-0.951285
1.176046
0.382977
0.000000
0.000000
0.000000
0.000000
0.000000
0.000000
-1.249154
0.700047
0.718637
-1.355883
0.466460
0.789435
0.000000
0.000000
0.000000
0.000000
0.000000
0.000000
0.000000
0.000000
0.000000
-1.426121
0.681099
0.727470
0.000000
0.000000
0.000000
0.000000
0.000000
0.000000
-1.552778
0.383305
0.898499
-1.565612
0.418791
0.905639
0.000000
0.000000
0.000000
0.000000
0.000000
0.000000
-1.219378
0.711698
0.830218
-1.244769
0.792436
0.825345
0.000000
0.000000
0.000000
0.000000
0.000000
0.000000
0.000000
0.000000
0.000000
-0.948579
0.754794
0.745812
0.000000
0.000000
0.000000
0.000000
0.000000
0.000000
-1.497529
1.006214
0.707140
-1.496181
1.065858
0.675828
0.000000
0.000000
0.000000
0.000000
0.000000
0.000000
-1.089166
0.789060
0.838101
-1.237915
0.749887
0.736160
0.000000
0.000000
0.000000
0.000000
0.000000
0.000000
0.000000
0.000000
0.000000
-1.166035
0.679544
0.838272
0.000000
0.000000
0.000000
0.000000
0.000000
0.000000
-1.527056
0.982070
0.805782
-1.584433
0.928854
0.772618
0.000000
0.000000
0.000000
0.000000
0.000000
0.000000
-1.126487
0.818423
0.600102
-1.260422
0.762376
0.846810
0.000000
0.000000
0.000000
0.000000
0.000000
0.000000
-1.366348
0.515814
0.851470
-1.392591
0.532339
0.862296
0.000000
0.000000
0.000000
0.000000
0.000000
0.000000
-1.331715
0.761415
0.773432
-1.331794
0.870394
0.739624
0.000000
0.000000
0.000000
0.000000
0.000000
0.000000
0.000000
0.000000
0.000000
-1.211630
1.122577
0.782786
0.000000
0.000000
0.000000
0.000000
0.000000
0.000000
-1.451608
0.488555
0.840525
-1.452590
0.521957
0.850422
0.000000
0.000000
0.000000
0.000000
0.000000
0.000000
-1.205621
1.084300
0.659430
-1.251988
0.988256
0.629792
0.000000
0.000000
0.000000
0.000000
0.000000
0.000000
-1.476134
0.903548
0.723918
-1.516679
0.883044
0.738691
0.000000
0.000000
0.000000
0.000000
0.000000
0.000000
-1.284231
0.464055
0.866641
-1.270913
0.529991
0.883905
0.000000
0.000000
0.000000
0.000000
0.000000
0.000000
-1.497473
0.845598
0.759550
-1.537884
0.805291
0.795935
0.000000
0.000000
0.000000
0.000000
0.000000
0.000000
-1.109129
0.893138
0.645689
-1.156771
0.919006
0.908620
0.000000
0.000000
0.000000
0.000000
0.000000
0.000000
-1.282770
0.903938
0.716491
-1.280260
0.997377
0.754950
-1.039164
0.926525
0.703119
-1.100028
0.858087
0.712516
-0.998237
1.071656
0.664808
-1.071886
0.988349
0.632711
0.000000
0.000000
0.000000
0.000000
0.000000
0.000000
-1.386969
0.605838
0.862345
-1.422177
0.601337
0.940202
0.000000
0.000000
0.000000
0.000000
0.000000
0.000000
-1.572516
0.614593
0.893139
-1.627900
0.599874
0.903060
0.000000
0.000000
0.000000
0.000000
0.000000
0.000000
-1.095878
0.963061
0.815479
-1.245690
0.895728
0.817525
0.000000
0.000000
0.000000
0.000000
0.000000
0.000000
-1.342185
1.000658
0.667577
-1.382338
1.050679
0.609087
-1.218986
0.642307
0.813898
-1.263456
0.663445
0.839325
-1.197585
0.648492
0.813898
-1.195273
0.685679
0.818519
0.000000
0.000000
0.000000
0.000000
0.000000
0.000000
-1.342138
0.719929
0.780410
-1.383818
0.675848
0.840334
0.000000
0.000000
0.000000
0.000000
0.000000
0.000000
-1.340788
1.094030
0.618885
-1.360526
1.140437
0.615378
0.000000
0.000000
0.000000
0.000000
0.000000
0.000000
0.000000
0.000000
0.000000
-0.896178
0.773831
0.630346
0.000000
0.000000
0.000000
0.000000
0.000000
0.000000
-1.299857
0.751121
0.601255
-1.210437
1.165313
0.651373
0.000000
0.000000
0.000000
0.000000
0.000000
0.000000
-1.145765
0.832176
0.759170
-1.326199
0.699649
0.752937
0.000000
0.000000
0.000000
0.000000
0.000000
0.000000
-0.994109
1.573420
0.648185
-1.242263
1.000736
0.640560
0.000000
0.000000
0.000000
0.000000
0.000000
0.000000
-1.391226
0.718259
0.802565
-1.460134
0.666126
0.817145
-1.207102
0.605116
0.769425
-1.232221
0.737570
0.829413
-1.154226
0.626490
0.769425
-1.089797
0.878309
0.796224
0.000000
0.000000
0.000000
0.000000
0.000000
0.000000
-1.188943
1.111306
0.620754
-1.246158
0.980144
0.649576
0.000000
0.000000
0.000000
0.000000
0.000000
0.000000
-1.307753
0.865659
0.593425
-1.301371
1.009278
0.619411
0.000000
0.000000
0.000000
0.000000
0.000000
0.000000
-1.409467
0.511970
0.894034
-1.434779
0.428242
0.877452
-1.301147
0.643437
0.815827
-1.290931
0.657271
0.812224
-1.273196
0.579466
0.832185
-1.265420
0.586696
0.830345
0.000000
0.000000
0.000000
0.000000
0.000000
0.000000
0.000000
0.000000
0.000000
-0.920815
0.858116
0.741763
0.000000
0.000000
0.000000
0.000000
0.000000
0.000000
-0.759881
1.295941
0.743687
-0.918423
0.820197
0.757502
0.000000
0.000000
0.000000
0.000000
0.000000
0.000000
-1.118624
0.719710
0.640520
-1.053184
1.235227
0.637450
0.000000
0.000000
0.000000
0.000000
0.000000
0.000000
-1.215957
1.347954
0.439023
-1.301386
1.417250
0.353763
0.000000
0.000000
0.000000
0.000000
0.000000
0.000000
-1.088231
0.672812
0.568255
-0.994785
1.134383
1.062991
0.000000
0.000000
0.000000
0.000000
0.000000
0.000000
-1.351668
0.333672
0.961407
-1.449449
0.238739
0.869402
0.000000
0.000000
0.000000
0.000000
0.000000
0.000000
0.000000
0.000000
0.000000
-1.305174
0.542752
0.829815
0.000000
0.000000
0.000000
0.000000
0.000000
0.000000
-1.465333
0.442697
0.730745
-1.457729
0.564744
0.859717
0.000000
0.000000
0.000000
0.000000
0.000000
0.000000
-1.300745
1.141125
0.643713
-1.331080
1.100514
0.623702
0.000000
0.000000
0.000000
0.000000
0.000000
0.000000
-1.152624
0.613636
0.752112
-1.121655
0.563974
0.836379
0.000000
0.000000
0.000000
0.000000
0.000000
0.000000
-1.267750
0.693394
0.767193
-1.308997
0.674545
0.767066
0.000000
0.000000
0.000000
0.000000
0.000000
0.000000
-1.126356
0.911797
0.786594
-1.210442
0.825890
0.759956
0.000000
0.000000
0.000000
0.000000
0.000000
0.000000
-1.239610
0.923098
0.608827
-1.233224
0.937026
0.636548
0.000000
0.000000
0.000000
0.000000
0.000000
0.000000
0.000000
0.000000
0.000000
-1.042004
0.854441
0.736914
0.000000
0.000000
0.000000
0.000000
0.000000
0.000000
-1.060707
0.971424
0.716544
-1.155282
1.023546
0.703409
0.000000
0.000000
0.000000
-1.068536
0.601964
0.683921
0.000000
0.000000
0.000000
-1.041377
0.618802
0.683921
0.000000
0.000000
0.000000
0.000000
0.000000
0.000000
-1.200201
0.705293
0.799070
-1.379453
0.571505
0.819133
0.000000
0.000000
0.000000
0.000000
0.000000
0.000000
-1.163458
0.770414
0.877822
-1.063758
1.295802
0.761770
-1.371074
0.713732
0.841600
-1.301321
0.911766
0.719530
-1.398612
0.673601
0.854357
-1.266532
0.849918
0.727638
0.000000
0.000000
0.000000
0.000000
0.000000
0.000000
-1.112533
1.400096
0.639672
-1.235155
1.231328
0.569644
0.000000
0.000000
0.000000
0.000000
0.000000
0.000000
-1.192737
0.994685
0.462931
-1.236740
0.950476
0.554987
0.000000
0.000000
0.000000
0.000000
0.000000
0.000000
-1.170867
0.531129
0.810019
-1.195799
0.473655
0.822713
0.000000
0.000000
0.000000
0.000000
0.000000
0.000000
-1.325759
1.203237
0.562248
-1.397551
1.104878
0.611109
0.000000
0.000000
0.000000
0.000000
0.000000
0.000000
-1.002873
0.844232
0.719592
-1.051081
0.848896
0.685626
0.000000
0.000000
0.000000
0.000000
0.000000
0.000000
-1.347465
0.960399
0.627198
-1.399967
0.812221
0.816421
0.000000
0.000000
0.000000
0.000000
0.000000
0.000000
-1.303970
0.485527
0.731104
-1.303089
0.572905
0.847983
0.000000
0.000000
0.000000
0.000000
0.000000
0.000000
-1.372278
0.575873
0.693968
-1.410053
0.638609
1.085046
-1.223481
0.602561
0.771219
-1.205459
0.730436
0.788894
-1.177074
0.573154
0.804239
-1.159440
0.664636
0.804692
0.000000
0.000000
0.000000
0.000000
0.000000
0.000000
-1.255453
0.475550
0.865203
-1.315091
0.394068
0.824740
0.000000
0.000000
0.000000
0.000000
0.000000
0.000000
-1.318920
0.986283
0.685494
-1.382053
0.909801
0.696772
0.000000
0.000000
0.000000
0.000000
0.000000
0.000000
-1.240352
1.019009
0.644982
-1.251733
1.574641
0.697821
0.000000
0.000000
0.000000
0.000000
0.000000
0.000000
-1.246855
0.982697
0.710443
-1.298055
0.809945
0.744841
0.000000
0.000000
0.000000
0.000000
0.000000
0.000000
-1.350396
1.044739
0.672201
-1.392366
1.007214
0.667002
0.000000
0.000000
0.000000
0.000000
0.000000
0.000000
-1.156763
0.962326
0.644455
-1.202115
1.060040
0.588985
0.000000
0.000000
0.000000
0.000000
0.000000
0.000000
-1.190451
1.026319
0.580929
-1.264064
1.110260
0.555707
0.000000
0.000000
0.000000
0.000000
0.000000
0.000000
-1.297388
0.648914
0.707954
-1.216631
0.848370
0.785854
0.000000
0.000000
0.000000
0.000000
0.000000
0.000000
0.000000
0.000000
0.000000
-0.992692
1.103208
0.675653
0.000000
0.000000
0.000000
0.000000
0.000000
0.000000
-1.312552
0.752553
0.842771
-1.367113
0.720841
0.823623
0.000000
0.000000
0.000000
0.000000
0.000000
0.000000
-1.459663
0.888096
0.730843
-1.468029
0.905060
0.719920
0.000000
0.000000
0.000000
0.000000
0.000000
0.000000
-0.948392
1.327984
0.960084
-1.120650
0.892581
0.886962
0.000000
0.000000
0.000000
0.000000
0.000000
0.000000
-1.249256
0.725716
0.728759
-1.277118
0.800907
0.804743
0.000000
0.000000
0.000000
0.000000
0.000000
0.000000
-1.237141
0.815759
0.706269
-1.274600
0.802248
0.711675
0.000000
0.000000
0.000000
0.000000
0.000000
0.000000
0.000000
0.000000
0.000000
-1.072882
0.505391
0.714521
0.000000
0.000000
0.000000
0.000000
0.000000
0.000000
0.000000
0.000000
0.000000
-1.152493
0.762386
0.868169
0.000000
0.000000
0.000000
0.000000
0.000000
0.000000
0.000000
0.000000
0.000000
-1.263022
0.669520
0.778288
0.000000
0.000000
0.000000
0.000000
0.000000
0.000000
-1.238442
1.072093
0.638034
-1.244912
0.876154
0.561775
-1.203622
0.777639
0.756915
-1.246413
0.719234
0.780345
-1.190763
0.767661
0.756915
-1.228481
0.714154
0.780345
0.000000
0.000000
0.000000
0.000000
0.000000
0.000000
-1.159644
0.871372
0.673953
-1.306499
0.771902
0.589749
0.000000
0.000000
0.000000
0.000000
0.000000
0.000000
-1.228777
0.982660
0.646942
-1.256432
1.023576
0.664709
0.000000
0.000000
0.000000
0.000000
0.000000
0.000000
0.000000
0.000000
0.000000
-1.128376
0.534584
0.724147
0.000000
0.000000
0.000000
0.000000
0.000000
0.000000
-1.583684
0.464375
0.871480
-1.609217
0.454027
0.876694
0.000000
0.000000
0.000000
0.000000
0.000000
0.000000
-1.055676
1.362089
0.640608
-1.131678
0.906822
0.470548
0.000000
0.000000
0.000000
0.000000
0.000000
0.000000
0.000000
0.000000
0.000000
-1.096000
1.141909
0.670271
0.000000
0.000000
0.000000
0.000000
0.000000
0.000000
-1.375647
0.568791
0.735932
-1.435582
0.602157
0.898348
0.000000
0.000000
0.000000
0.000000
0.000000
0.000000
0.000000
0.000000
0.000000
-1.033991
1.654593
0.616459
0.000000
0.000000
0.000000
0.000000
0.000000
0.000000
-1.200877
0.498150
0.694091
-1.343889
0.410386
0.881824
0.000000
0.000000
0.000000
0.000000
0.000000
0.000000
-1.436674
0.358280
0.879696
-1.474503
0.358492
0.889221
0.000000
0.000000
0.000000
0.000000
0.000000
0.000000
-1.423602
0.747281
0.762087
-1.506013
0.827593
0.799508
0.000000
0.000000
0.000000
0.000000
0.000000
0.000000
-1.319749
1.182838
0.570392
-1.365606
1.157053
0.570248
0.000000
0.000000
0.000000
0.000000
0.000000
0.000000
0.000000
0.000000
0.000000
-1.219857
0.701820
0.778861
0.000000
0.000000
0.000000
0.000000
0.000000
0.000000
-1.266943
0.562952
1.005716
-1.220079
0.719809
0.853126
0.000000
0.000000
0.000000
0.000000
0.000000
0.000000
0.000000
0.000000
0.000000
-1.201290
0.631009
0.860325
0.000000
0.000000
0.000000
0.000000
0.000000
0.000000
-1.189264
0.584762
0.623557
-1.112732
0.766992
0.774243
0.000000
0.000000
0.000000
0.000000
0.000000
0.000000
-1.448417
0.687633
0.814233
-1.469115
0.697332
0.810308
0.000000
0.000000
0.000000
0.000000
0.000000
0.000000
-1.320838
1.237117
0.542762
-1.383948
1.245030
0.559315
0.000000
0.000000
0.000000
0.000000
0.000000
0.000000
-1.142627
0.722370
0.687452
-1.047754
0.898552
0.592856
0.000000
0.000000
0.000000
0.000000
0.000000
0.000000
0.000000
0.000000
0.000000
-1.236872
1.422992
0.854192
0.000000
0.000000
0.000000
0.000000
0.000000
0.000000
0.000000
0.000000
0.000000
-0.882718
0.910291
0.781494
0.000000
0.000000
0.000000
0.000000
0.000000
0.000000
0.000000
0.000000
0.000000
-1.022254
0.948109
0.726046
0.000000
0.000000
0.000000
0.000000
0.000000
0.000000
-1.218327
0.974848
0.655969
-1.263257
0.920022
0.651616
-1.570542
0.460812
0.854234
-1.548173
0.409985
0.888365
-1.580500
0.424884
0.859546
-1.513611
0.406242
0.895458
0.000000
0.000000
0.000000
0.000000
0.000000
0.000000
-1.084283
0.849030
0.756752
-1.101887
0.673247
0.718221
0.000000
0.000000
0.000000
0.000000
0.000000
0.000000
-0.991482
0.887472
0.683994
-1.015467
1.079599
0.654187
0.000000
0.000000
0.000000
0.000000
0.000000
0.000000
-1.463244
1.229656
0.587067
-1.512401
1.189543
0.593889
0.000000
0.000000
0.000000
0.000000
0.000000
0.000000
-1.232276
0.815501
0.751617
-1.194046
1.004053
0.718855
0.000000
0.000000
0.000000
0.000000
0.000000
0.000000
-1.223398
0.885802
0.673289
-1.170899
1.057684
0.647095
0.000000
0.000000
0.000000
0.000000
0.000000
0.000000
-1.127035
1.167342
0.924350
-1.314638
0.861707
0.971320
0.000000
0.000000
0.000000
0.000000
0.000000
0.000000
-1.214827
0.984195
0.674452
-1.214780
0.969060
0.791861
0.000000
0.000000
0.000000
0.000000
0.000000
0.000000
-1.341969
0.909672
0.650029
-1.367633
0.811845
0.716570
0.000000
0.000000
0.000000
0.000000
0.000000
0.000000
0.000000
0.000000
0.000000
-1.127612
0.878600
0.727573
0.000000
0.000000
0.000000
0.000000
0.000000
0.000000
-1.499845
0.864309
0.738377
-1.528114
0.866781
0.761122
0.000000
0.000000
0.000000
0.000000
0.000000
0.000000
-1.376211
0.963525
0.712685
-1.455731
0.918091
0.753958
0.000000
0.000000
0.000000
0.000000
0.000000
0.000000
-1.524524
0.539679
0.843974
-1.562453
0.481209
0.869442
0.000000
0.000000
0.000000
0.000000
0.000000
0.000000
-1.036162
0.734142
0.724050
-1.051111
0.764791
0.736136
-1.007700
0.782927
0.778469
-0.922929
0.891701
0.824402
-1.010333
0.782853
0.778469
-0.923143
0.894294
0.824402
0.000000
0.000000
0.000000
0.000000
0.000000
0.000000
-1.535553
0.967917
0.567710
-1.521088
1.111005
0.505889
0.000000
0.000000
0.000000
0.000000
0.000000
0.000000
-1.068387
0.666172
0.641012
-1.167608
0.593904
0.752566
0.000000
0.000000
0.000000
0.000000
0.000000
0.000000
0.000000
0.000000
0.000000
-1.469774
0.477078
0.819054
-1.354544
0.804763
0.791932
-1.328146
0.798182
0.734964
-1.365206
0.954419
0.762182
-1.308505
0.894241
0.698150
0.000000
0.000000
0.000000
0.000000
0.000000
0.000000
-1.391265
0.791097
0.784580
-1.402401
0.844151
0.770536
0.000000
0.000000
0.000000
0.000000
0.000000
0.000000
-1.574254
0.692491
0.881246
-1.631103
0.622739
0.836728
0.000000
0.000000
0.000000
0.000000
0.000000
0.000000
0.000000
0.000000
0.000000
-1.155248
0.785307
0.664115
0.000000
0.000000
0.000000
0.000000
0.000000
0.000000
-1.350561
1.031810
0.702768
-1.376786
1.016861
0.674567
0.000000
0.000000
0.000000
0.000000
0.000000
0.000000
-1.387592
0.335478
0.851499
-1.431410
0.340399
0.897422
-1.483712
0.554002
0.850766
-1.500030
0.530557
0.883942
-1.189625
1.208964
0.692831
-1.233786
1.187648
0.674860
0.000000
0.000000
0.000000
0.000000
0.000000
0.000000
-1.265781
0.687819
0.705063
-1.316386
0.571176
0.742990
0.000000
0.000000
0.000000
0.000000
0.000000
0.000000
-1.038523
1.096985
0.645329
-1.160828
0.989372
0.571659
0.000000
0.000000
0.000000
0.000000
0.000000
0.000000
-1.143075
0.639667
0.686110
-1.036448
0.836071
0.717352
0.000000
0.000000
0.000000
0.000000
0.000000
0.000000
0.000000
0.000000
0.000000
-1.340995
0.583978
0.729772
0.000000
0.000000
0.000000
0.000000
0.000000
0.000000
-1.416686
0.567950
0.842773
-1.444458
0.576694
0.842631
0.000000
0.000000
0.000000
0.000000
0.000000
0.000000
0.000000
0.000000
0.000000
-0.984744
0.907725
0.825285
0.000000
0.000000
0.000000
0.000000
0.000000
0.000000
-1.466615
0.576151
0.847750
-1.509888
0.508875
0.886369
0.000000
0.000000
0.000000
0.000000
0.000000
0.000000
0.000000
0.000000
0.000000
-1.166573
0.895209
0.722466
0.000000
0.000000
0.000000
0.000000
0.000000
0.000000
-1.314533
1.131923
0.579532
-1.349297
1.181085
0.566181
0.000000
0.000000
0.000000
0.000000
0.000000
0.000000
-1.590478
0.677241
0.826458
-1.612156
0.684227
0.826254
0.000000
0.000000
0.000000
0.000000
0.000000
0.000000
-1.092760
0.883102
0.773227
-1.149052
0.669567
0.729850
0.000000
0.000000
0.000000
0.000000
0.000000
0.000000
-1.333022
0.579039
0.756221
-1.318745
0.554746
0.805310
0.000000
0.000000
0.000000
0.000000
0.000000
0.000000
-1.240465
1.178936
0.576254
-1.276738
1.193336
0.554575
0.000000
0.000000
0.000000
0.000000
0.000000
0.000000
-1.358747
0.735579
0.778048
-1.376562
0.775917
0.761035
0.000000
0.000000
0.000000
0.000000
0.000000
0.000000
-1.162708
0.575345
0.880521
-1.099424
0.711855
0.794198
0.000000
0.000000
0.000000
0.000000
0.000000
0.000000
-1.319603
0.641054
0.746521
-1.453410
0.659237
0.858218
0.000000
0.000000
0.000000
0.000000
0.000000
0.000000
-1.048134
1.094020
0.657051
-1.152819
1.022213
0.561384
0.000000
0.000000
0.000000
0.000000
0.000000
0.000000
-1.076511
0.919872
0.696892
-1.195125
0.668136
0.714825
0.000000
0.000000
0.000000
0.000000
0.000000
0.000000
-1.351397
0.536216
0.751618
-1.352346
0.567614
0.881202
0.000000
0.000000
0.000000
0.000000
0.000000
0.000000
-1.144144
0.703532
0.840401
-1.262279
0.522680
0.804028
0.000000
0.000000
0.000000
0.000000
0.000000
0.000000
-1.301276
0.945311
0.708501
-1.353356
0.892582
0.713252
0.000000
0.000000
0.000000
0.000000
0.000000
0.000000
-1.046518
0.764860
0.803832
-1.092571
0.762836
0.790304
0.000000
0.000000
0.000000
0.000000
0.000000
0.000000
-1.578238
0.515608
0.805444
-1.562190
0.677683
0.917341
0.000000
0.000000
0.000000
0.000000
0.000000
0.000000
-1.401272
0.606186
0.838710
-1.455806
0.690731
0.847370
0.000000
0.000000
0.000000
0.000000
0.000000
0.000000
-1.324373
1.222243
1.017400
-1.500575
0.782696
0.881994
0.000000
0.000000
0.000000
0.000000
0.000000
0.000000
-1.405179
0.729106
0.679272
-1.371254
0.880812
0.904757
0.000000
0.000000
0.000000
0.000000
0.000000
0.000000
-0.991905
0.905791
0.756084
-1.047061
0.702865
0.622498
-1.075693
0.947333
0.781872
-1.113752
1.012808
0.728274
-1.052392
0.955393
0.781872
-1.082722
0.983954
0.745667
0.000000
0.000000
0.000000
0.000000
0.000000
0.000000
-1.236151
0.865534
0.734324
-1.267622
0.824010
0.723278
0.000000
0.000000
0.000000
0.000000
0.000000
0.000000
-1.204353
1.221497
0.533674
-1.244283
1.125181
0.542560
0.000000
0.000000
0.000000
0.000000
0.000000
0.000000
-1.134924
0.864309
0.739022
-1.183748
0.758608
0.724492
0.000000
0.000000
0.000000
0.000000
0.000000
0.000000
0.000000
0.000000
0.000000
-1.320267
0.576194
0.709530
0.000000
0.000000
0.000000
-1.354353
0.741784
0.735613
0.000000
0.000000
0.000000
-1.331635
0.746171
0.735613
0.000000
0.000000
0.000000
0.000000
0.000000
0.000000
-1.286269
0.613424
0.660261
-1.195539
0.923281
0.805074
0.000000
0.000000
0.000000
0.000000
0.000000
0.000000
-1.449222
0.540306
0.858425
-1.509432
0.511150
0.854634
0.000000
0.000000
0.000000
0.000000
0.000000
0.000000
-1.177662
0.808623
0.758239
-1.275381
0.840524
0.769263
0.000000
0.000000
0.000000
0.000000
0.000000
0.000000
-1.680018
0.545327
0.850387
-1.686883
0.574302
0.844345
0.000000
0.000000
0.000000
0.000000
0.000000
0.000000
-1.604734
0.582201
0.885960
-1.643259
0.574706
0.896356
0.000000
0.000000
0.000000
0.000000
0.000000
0.000000
-1.407874
0.542223
0.889666
-1.392567
0.498498
0.926109
0.000000
0.000000
0.000000
0.000000
0.000000
0.000000
0.000000
0.000000
0.000000
-1.473862
0.580653
0.608565
0.000000
0.000000
0.000000
0.000000
0.000000
0.000000
0.000000
0.000000
0.000000
-1.138147
0.834272
0.761230
0.000000
0.000000
0.000000
0.000000
0.000000
0.000000
0.000000
0.000000
0.000000
-1.058107
0.949952
0.624177
0.000000
0.000000
0.000000
0.000000
0.000000
0.000000
-1.157512
1.048557
0.575276
-1.211918
0.844605
0.738187
0.000000
0.000000
0.000000
0.000000
0.000000
0.000000
-1.532322
0.827374
0.762556
-1.522103
0.857246
0.741046
0.000000
0.000000
0.000000
0.000000
0.000000
0.000000
-1.251338
0.969320
0.670919
-1.279700
0.993871
0.663948
0.000000
0.000000
0.000000
0.000000
0.000000
0.000000
-1.093931
1.360576
0.646809
-1.179211
1.077593
0.680316
0.000000
0.000000
0.000000
0.000000
0.000000
0.000000
-1.347174
0.656957
0.654107
-1.545513
0.565884
0.878241
0.000000
0.000000
0.000000
0.000000
0.000000
0.000000
-1.145862
1.965675
0.588880
-1.348818
1.264455
0.688885
0.000000
0.000000
0.000000
0.000000
0.000000
0.000000
-0.963324
1.021566
0.679524
-1.186540
0.731374
0.727912
0.000000
0.000000
0.000000
0.000000
0.000000
0.000000
-1.352763
1.151460
0.688460
-1.377366
1.176588
0.605686
-1.198459
1.061016
0.769156
-1.310751
0.980220
0.752627
-1.146350
1.224396
0.730744
-1.284004
1.026164
0.710128
0.000000
0.000000
0.000000
0.000000
0.000000
0.000000
-1.193223
0.572869
0.828821
-1.208693
0.591104
0.827889
0.000000
0.000000
0.000000
0.000000
0.000000
0.000000
-1.408044
0.891569
0.732854
-1.438945
0.865228
0.770221
0.000000
0.000000
0.000000
0.000000
0.000000
0.000000
0.000000
0.000000
0.000000
-1.190814
0.975568
0.639281
0.000000
0.000000
0.000000
0.000000
0.000000
0.000000
-1.081191
0.874488
0.769811
-1.154776
0.828442
0.784732
0.000000
0.000000
0.000000
0.000000
0.000000
0.000000
0.000000
0.000000
0.000000
-1.167369
0.649532
0.759397
0.000000
0.000000
0.000000
0.000000
0.000000
0.000000
0.000000
0.000000
0.000000
-0.763865
1.330330
0.717591
0.000000
0.000000
0.000000
0.000000
0.000000
0.000000
-1.385891
0.570988
0.996370
-1.472309
0.650992
0.911995
0.000000
0.000000
0.000000
0.000000
0.000000
0.000000
0.000000
0.000000
0.000000
-1.224293
0.636010
0.692251
0.000000
0.000000
0.000000
0.000000
0.000000
0.000000
-1.513532
1.214614
0.575535
-1.545129
1.215133
0.583657
0.000000
0.000000
0.000000
0.000000
0.000000
0.000000
-1.350978
0.549129
0.944971
-1.363249
0.524227
0.839901
0.000000
0.000000
0.000000
0.000000
0.000000
0.000000
-1.304104
0.521728
0.888933
-1.423575
0.558453
0.825468
0.000000
0.000000
0.000000
0.000000
0.000000
0.000000
-0.966308
1.074344
0.662180
-0.985510
0.956072
0.760788
0.000000
0.000000
0.000000
0.000000
0.000000
0.000000
-1.422286
0.524455
0.851975
-1.450516
0.524254
0.857360
0.000000
0.000000
0.000000
0.000000
0.000000
0.000000
-1.197912
0.892927
0.697816
-1.205143
0.929086
0.758137
0.000000
0.000000
0.000000
-1.326999
0.717938
0.827560
0.000000
0.000000
0.000000
-1.308105
0.726469
0.827560
-1.218334
0.800003
0.782848
-1.330025
0.683450
0.829967
-1.170123
0.812489
0.720496
-1.256102
0.776116
0.745104
0.000000
0.000000
0.000000
0.000000
0.000000
0.000000
-1.436744
0.559904
0.836381
-1.520348
0.498805
0.861493
0.000000
0.000000
0.000000
0.000000
0.000000
0.000000
-1.329645
0.731520
0.760365
-1.385009
0.722977
0.795359
0.000000
0.000000
0.000000
0.000000
0.000000
0.000000
-1.256639
0.505294
0.645339
-1.214752
0.620996
0.808459
0.000000
0.000000
0.000000
0.000000
0.000000
0.000000
-1.239837
0.778525
0.776329
-1.245806
0.683757
0.920381
0.000000
0.000000
0.000000
0.000000
0.000000
0.000000
-1.600530
0.398550
0.882758
-1.605489
0.402244
0.882271
0.000000
0.000000
0.000000
0.000000
0.000000
0.000000
-1.748609
0.420811
0.883402
-1.768463
0.423031
0.883529
-1.100144
0.865063
0.717755
-1.160681
0.878291
0.701922
-1.055069
0.839699
0.726904
-1.103330
0.860805
0.708623
0.000000
0.000000
0.000000
0.000000
0.000000
0.000000
-1.437935
0.805960
0.791653
-1.496357
0.781195
0.779431
0.000000
0.000000
0.000000
0.000000
0.000000
0.000000
-1.256999
0.586635
0.840082
-1.330861
0.500688
0.854636
0.000000
0.000000
0.000000
0.000000
0.000000
0.000000
-1.377304
0.710718
0.853823
-1.336976
0.765530
0.903718
0.000000
0.000000
0.000000
0.000000
0.000000
0.000000
0.000000
0.000000
0.000000
-1.235862
1.292155
1.051697
0.000000
0.000000
0.000000
0.000000
0.000000
0.000000
-1.244736
0.578932
0.824298
-1.261250
0.672830
0.836399
0.000000
0.000000
0.000000
0.000000
0.000000
0.000000
0.000000
0.000000
0.000000
-1.242214
0.642078
0.690684
0.000000
0.000000
0.000000
0.000000
0.000000
0.000000
-1.342821
0.460878
0.891081
-1.463181
0.511472
0.875348
0.000000
0.000000
0.000000
0.000000
0.000000
0.000000
-1.153850
1.166870
0.710391
-1.244654
1.042549
0.751914
0.000000
0.000000
0.000000
0.000000
0.000000
0.000000
0.000000
0.000000
0.000000
-1.416844
0.929109
0.645924
0.000000
0.000000
0.000000
0.000000
0.000000
0.000000
0.000000
0.000000
0.000000
-1.232294
0.542200
0.760662
0.000000
0.000000
0.000000
0.000000
0.000000
0.000000
-1.145013
1.253633
0.542010
-1.233603
1.140053
0.495505
0.000000
0.000000
0.000000
0.000000
0.000000
0.000000
-1.378684
0.594381
0.929976
-1.430471
0.537155
0.833012
0.000000
0.000000
0.000000
0.000000
0.000000
0.000000
-1.116194
0.848357
0.668172
-1.199251
0.837767
0.795566
0.000000
0.000000
0.000000
0.000000
0.000000
0.000000
-1.290192
0.758926
0.646965
-1.324455
0.743426
0.725895
0.000000
0.000000
0.000000
0.000000
0.000000
0.000000
0.000000
0.000000
0.000000
-1.314706
0.537409
0.670346
0.000000
0.000000
0.000000
0.000000
0.000000
0.000000
0.000000
0.000000
0.000000
-1.182820
0.898532
0.666422
0.000000
0.000000
0.000000
-1.012843
0.960218
0.721390
0.000000
0.000000
0.000000
-0.969353
0.979258
0.721390
0.000000
0.000000
0.000000
0.000000
0.000000
0.000000
-0.998216
1.197534
0.685774
-1.089024
1.208046
0.526940
0.000000
0.000000
0.000000
0.000000
0.000000
0.000000
-1.361751
0.602727
0.620622
-1.345642
0.683168
1.043315
0.000000
0.000000
0.000000
0.000000
0.000000
0.000000
0.000000
0.000000
0.000000
-1.210993
0.970032
0.720916
0.000000
0.000000
0.000000
0.000000
0.000000
0.000000
-1.403748
0.941063
0.711275
-1.416543
1.010888
0.685398
0.000000
0.000000
0.000000
0.000000
0.000000
0.000000
-1.354595
0.837939
0.753286
-1.365680
0.869290
0.703377
0.000000
0.000000
0.000000
0.000000
0.000000
0.000000
-1.130781
0.842705
0.679146
-1.214700
0.819527
0.782967
0.000000
0.000000
0.000000
0.000000
0.000000
0.000000
-1.162089
0.422808
0.716280
-1.345502
0.422278
1.120836
-1.112737
1.119620
0.632495
-1.113892
1.072080
0.620727
-0.994025
1.042250
0.650925
-1.035123
0.910869
0.683035
0.000000
0.000000
0.000000
0.000000
0.000000
0.000000
-1.237364
0.876752
0.777666
-1.287301
0.842635
0.766005
0.000000
0.000000
0.000000
0.000000
0.000000
0.000000
-1.127854
0.936140
0.541910
-1.214522
0.993591
0.580574
0.000000
0.000000
0.000000
0.000000
0.000000
0.000000
-1.240006
0.664120
0.681105
-1.347527
0.494808
0.913712
-0.956736
0.677641
0.799491
-1.021075
0.714666
0.779001
-1.003452
0.769824
0.780587
-1.007880
0.938807
0.743352
0.000000
0.000000
0.000000
0.000000
0.000000
0.000000
-1.269055
0.866388
0.741356
-1.233188
1.013326
0.658787
0.000000
0.000000
0.000000
0.000000
0.000000
0.000000
-1.287652
0.420860
0.880447
-1.289807
0.451977
0.860303
0.000000
0.000000
0.000000
0.000000
0.000000
0.000000
0.000000
0.000000
0.000000
-1.154423
1.310776
0.720766
0.000000
0.000000
0.000000
0.000000
0.000000
0.000000
-1.074858
0.706409
0.719423
-1.078382
0.606324
0.945909
0.000000
0.000000
0.000000
0.000000
0.000000
0.000000
-1.247908
0.812125
0.743099
-1.281192
0.865364
0.717016
-1.253668
0.795234
0.860518
-1.257576
0.655678
0.770820
-1.226412
0.753903
0.816401
-1.275594
0.578927
0.818764
0.000000
0.000000
0.000000
0.000000
0.000000
0.000000
-0.963838
0.958301
0.662006
-1.059978
0.669736
0.799110
0.000000
0.000000
0.000000
0.000000
0.000000
0.000000
-1.243867
0.762293
0.743586
-1.282701
0.785040
0.773121
0.000000
0.000000
0.000000
0.000000
0.000000
0.000000
-1.359559
0.880384
0.738893
-1.390256
0.880431
0.754975
0.000000
0.000000
0.000000
0.000000
0.000000
0.000000
-1.473844
0.609552
0.816507
-1.483251
0.595586
0.814023
0.000000
0.000000
0.000000
0.000000
0.000000
0.000000
-1.266366
0.359764
0.915958
-1.126625
0.423333
0.872601
0.000000
0.000000
0.000000
0.000000
0.000000
0.000000
-1.322183
1.047976
0.734559
-1.331083
0.980072
0.676723
0.000000
0.000000
0.000000
0.000000
0.000000
0.000000
-1.069494
0.522836
0.802388
-1.045241
0.519550
0.798095
0.000000
0.000000
0.000000
0.000000
0.000000
0.000000
0.000000
0.000000
0.000000
-1.277370
0.451204
0.797263
0.000000
0.000000
0.000000
0.000000
0.000000
0.000000
-1.223518
1.089620
0.558259
-1.270494
1.250543
0.531979
0.000000
0.000000
0.000000
0.000000
0.000000
0.000000
-1.277101
0.890847
0.721113
-1.289317
1.035500
0.635631
0.000000
0.000000
0.000000
0.000000
0.000000
0.000000
0.000000
0.000000
0.000000
-1.261459
0.529095
0.596247
-1.248436
0.607921
0.753147
-1.259185
0.580431
0.813368
-1.229662
0.597809
0.753147
-1.240685
0.579004
0.813331
0.000000
0.000000
0.000000
0.000000
0.000000
0.000000
-1.218897
0.860059
0.695047
-1.292388
0.819741
0.670430
0.000000
0.000000
0.000000
0.000000
0.000000
0.000000
-1.433523
0.790443
0.761021
-1.546392
0.645248
0.830108
0.000000
0.000000
0.000000
0.000000
0.000000
0.000000
-1.193343
0.669926
0.703053
-1.166866
0.943294
0.704534
0.000000
0.000000
0.000000
0.000000
0.000000
0.000000
-1.121136
0.927814
0.530590
-1.118060
0.997781
0.644889
0.000000
0.000000
0.000000
0.000000
0.000000
0.000000
-1.228899
0.669049
0.729073
-1.184322
0.912940
0.794143
0.000000
0.000000
0.000000
0.000000
0.000000
0.000000
0.000000
0.000000
0.000000
-1.602714
0.485577
0.743586
0.000000
0.000000
0.000000
0.000000
0.000000
0.000000
-1.390303
0.464564
0.762093
-1.411450
0.415953
0.830876
0.000000
0.000000
0.000000
0.000000
0.000000
0.000000
-1.272805
1.159046
0.703932
-1.379104
0.941832
0.640495
0.000000
0.000000
0.000000
0.000000
0.000000
0.000000
0.000000
0.000000
0.000000
-1.158244
1.110093
0.818093
0.000000
0.000000
0.000000
0.000000
0.000000
0.000000
-1.297298
1.055412
0.672582
-1.381181
1.016688
0.676171
0.000000
0.000000
0.000000
-1.124079
0.538686
0.714179
0.000000
0.000000
0.000000
-1.086906
0.546770
0.714179
0.000000
0.000000
0.000000
0.000000
0.000000
0.000000
-1.210712
0.942809
0.772181
-1.271474
0.910662
0.665834
0.000000
0.000000
0.000000
0.000000
0.000000
0.000000
-1.419011
0.833921
0.805136
-1.458420
0.878516
0.785367
0.000000
0.000000
0.000000
0.000000
0.000000
0.000000
-1.295027
0.577273
0.705137
-1.297009
0.483328
0.764954
0.000000
0.000000
0.000000
0.000000
0.000000
0.000000
-1.307108
0.756867
0.745575
-1.218300
0.969898
0.673074
-1.412682
0.657179
0.639978
-1.267020
0.922473
0.824154
-1.404185
0.664082
0.639978
-1.277315
0.951799
0.813931
0.000000
0.000000
0.000000
0.000000
0.000000
0.000000
-1.167829
0.718439
0.712576
-1.207647
0.743348
0.686945
0.000000
0.000000
0.000000
0.000000
0.000000
0.000000
-1.228381
0.947732
0.744972
-1.278697
0.890988
0.754980
0.000000
0.000000
0.000000
0.000000
0.000000
0.000000
-1.254751
0.610848
0.571301
-1.247925
0.828794
0.655616
0.000000
0.000000
0.000000
0.000000
0.000000
0.000000
-1.328772
1.024018
0.697698
-1.458054
0.968148
0.609116
0.000000
0.000000
0.000000
0.000000
0.000000
0.000000
-1.111099
1.033924
0.779105
-1.154371
0.999571
0.681032
0.000000
0.000000
0.000000
0.000000
0.000000
0.000000
-1.382993
0.538311
0.971058
-1.498436
0.495587
0.875211
0.000000
0.000000
0.000000
0.000000
0.000000
0.000000
-1.019825
1.437221
0.591378
-1.129795
1.034763
0.610037
0.000000
0.000000
0.000000
0.000000
0.000000
0.000000
-1.363641
0.635197
0.786436
-1.415942
0.627428
0.700675
-1.007986
1.321348
0.583071
-1.130590
1.043761
0.588027
-0.937397
1.373192
0.583071
-1.022492
1.118914
0.594386
0.000000
0.000000
0.000000
0.000000
0.000000
0.000000
0.000000
0.000000
0.000000
-1.121143
0.777708
0.638009
0.000000
0.000000
0.000000
0.000000
0.000000
0.000000
-1.326367
0.491488
0.648858
-1.307901
0.692435
0.846464
0.000000
0.000000
0.000000
0.000000
0.000000
0.000000
-1.153386
0.446633
0.636960
-1.252146
0.471186
1.013225
0.000000
0.000000
0.000000
0.000000
0.000000
0.000000
-1.266955
0.554270
0.674646
-1.272053
0.795960
0.795881
0.000000
0.000000
0.000000
0.000000
0.000000
0.000000
-1.620082
0.677711
0.829796
-1.639468
0.684529
0.822359
0.000000
0.000000
0.000000
0.000000
0.000000
0.000000
-1.351039
0.554140
0.972054
-1.408333
0.456333
0.875869
0.000000
0.000000
0.000000
0.000000
0.000000
0.000000
-1.211210
0.811773
0.843258
-1.330939
0.714695
0.810941
0.000000
0.000000
0.000000
0.000000
0.000000
0.000000
0.000000
0.000000
0.000000
-1.279639
0.472662
0.820511
0.000000
0.000000
0.000000
0.000000
0.000000
0.000000
-1.084022
1.055349
0.667800
-1.245320
0.681672
0.678019
0.000000
0.000000
0.000000
0.000000
0.000000
0.000000
-1.243565
0.939983
0.848374
-1.286767
0.899821
0.724912
0.000000
0.000000
0.000000
0.000000
0.000000
0.000000
-1.393706
0.560013
0.837370
-1.423219
0.532958
0.828169
0.000000
0.000000
0.000000
0.000000
0.000000
0.000000
0.000000
0.000000
0.000000
-1.193202
0.649467
0.641469
0.000000
0.000000
0.000000
0.000000
0.000000
0.000000
-1.289046
0.632724
0.818189
-1.287861
0.682243
0.790577
0.000000
0.000000
0.000000
0.000000
0.000000
0.000000
-1.215718
1.146299
0.729692
-1.262766
0.918489
0.717043
0.000000
0.000000
0.000000
0.000000
0.000000
0.000000
-1.247397
0.829056
0.676934
-1.239358
0.929059
0.660878
0.000000
0.000000
0.000000
0.000000
0.000000
0.000000
-1.404904
0.630955
0.787789
-1.408814
0.723937
0.793835
0.000000
0.000000
0.000000
0.000000
0.000000
0.000000
-1.226670
1.455680
0.753294
-1.271362
1.236022
0.664801
0.000000
0.000000
0.000000
0.000000
0.000000
0.000000
-1.196450
0.610699
0.779425
-1.260777
0.553986
0.836080
0.000000
0.000000
0.000000
0.000000
0.000000
0.000000
-1.065885
0.982846
0.716621
-1.176101
0.911962
0.695047
0.000000
0.000000
0.000000
0.000000
0.000000
0.000000
-1.107956
0.851782
0.795762
-1.352018
0.733961
0.834124
0.000000
0.000000
0.000000
0.000000
0.000000
0.000000
-1.034751
0.753534
0.667151
-1.225207
0.524435
0.839217
-1.275601
0.816835
0.783742
-1.335576
0.661264
0.778777
-1.269790
0.827714
0.783742
-1.319316
0.659811
0.778777
0.000000
0.000000
0.000000
0.000000
0.000000
0.000000
-1.333435
0.507638
0.781807
-1.321689
0.458007
0.940724
0.000000
0.000000
0.000000
0.000000
0.000000
0.000000
-1.343377
0.908530
0.682630
-1.347319
0.908742
0.790182
0.000000
0.000000
0.000000
0.000000
0.000000
0.000000
-1.030929
1.129057
0.664092
-1.150964
0.884877
0.695951
0.000000
0.000000
0.000000
0.000000
0.000000
0.000000
-1.021426
0.950330
0.645416
-1.115607
0.932936
0.654277
0.000000
0.000000
0.000000
0.000000
0.000000
0.000000
-1.284315
0.543012
0.787847
-1.252902
0.579915
0.847428
0.000000
0.000000
0.000000
0.000000
0.000000
0.000000
-1.419852
0.926810
0.761429
-1.415807
1.001629
0.695182
0.000000
0.000000
0.000000
0.000000
0.000000
0.000000
-1.262654
1.155850
0.592618
-1.316476
0.953066
0.653632
0.000000
0.000000
0.000000
0.000000
0.000000
0.000000
-1.338751
0.669006
0.799735
-1.298511
0.985392
0.683045
0.000000
0.000000
0.000000
0.000000
0.000000
0.000000
-1.275384
0.771864
0.739418
-1.252584
0.779739
0.843248
0.000000
0.000000
0.000000
0.000000
0.000000
0.000000
-1.232738
0.824684
0.670920
-1.313088
0.646232
0.723355
0.000000
0.000000
0.000000
0.000000
0.000000
0.000000
-1.101051
0.837537
0.780166
-1.125381
1.355493
0.729561
0.000000
0.000000
0.000000
0.000000
0.000000
0.000000
-1.156994
0.945510
0.914303
-1.264457
0.845539
0.865750
0.000000
0.000000
0.000000
0.000000
0.000000
0.000000
0.000000
0.000000
0.000000
-1.279457
0.447733
0.743936
0.000000
0.000000
0.000000
0.000000
0.000000
0.000000
-1.160865
0.733710
0.780498
-1.197632
0.817846
0.752980
0.000000
0.000000
0.000000
0.000000
0.000000
0.000000
-0.988020
0.791529
0.840986
-1.067327
0.796850
0.770266
0.000000
0.000000
0.000000
0.000000
0.000000
0.000000
-1.307491
0.499684
0.607532
-1.329767
0.639904
1.049173
0.000000
0.000000
0.000000
0.000000
0.000000
0.000000
-1.407303
0.486661
0.857070
-1.447578
0.492897
0.857994
0.000000
0.000000
0.000000
0.000000
0.000000
0.000000
-1.172843
0.743548
0.707998
-1.240016
0.661761
0.845204
0.000000
0.000000
0.000000
0.000000
0.000000
0.000000
0.000000
0.000000
0.000000
-1.159522
1.685953
0.759318
-0.880866
0.610360
0.800411
-0.925414
0.600656
0.777961
-0.949808
0.556880
0.813191
-0.984513
0.520374
0.811230
0.000000
0.000000
0.000000
0.000000
0.000000
0.000000
0.000000
0.000000
0.000000
-1.283215
0.649875
0.769094
0.000000
0.000000
0.000000
0.000000
0.000000
0.000000
-1.389561
0.849322
0.737567
-1.375838
0.885704
0.729189
0.000000
0.000000
0.000000
0.000000
0.000000
0.000000
0.000000
0.000000
0.000000
-1.123644
0.609387
0.721980
0.000000
0.000000
0.000000
0.000000
0.000000
0.000000
-1.253078
0.732183
0.746574
-1.299133
0.633494
0.793386
0.000000
0.000000
0.000000
0.000000
0.000000
0.000000
-0.935328
1.444846
0.749018
-1.074481
0.914696
0.729488
0.000000
0.000000
0.000000
0.000000
0.000000
0.000000
-1.461365
0.740290
0.853445
-1.538495
0.634549
0.816800
0.000000
0.000000
0.000000
0.000000
0.000000
0.000000
-1.195036
0.958277
0.570340
-1.188254
1.301109
0.437944
0.000000
0.000000
0.000000
0.000000
0.000000
0.000000
-1.093562
0.746861
0.748260
-1.160085
0.717827
0.776769
0.000000
0.000000
0.000000
0.000000
0.000000
0.000000
-1.473138
1.051600
0.657420
-1.509633
1.037994
0.668482
0.000000
0.000000
0.000000
0.000000
0.000000
0.000000
-1.496914
1.095476
0.656135
-1.523964
1.053000
0.639446
-1.086893
0.916990
0.766372
-1.117593
1.126508
0.646285
-1.150965
0.883561
0.857628
-1.224872
0.771825
0.763426
0.000000
0.000000
0.000000
0.000000
0.000000
0.000000
0.000000
0.000000
0.000000
-1.126452
0.634619
0.709176
0.000000
0.000000
0.000000
0.000000
0.000000
0.000000
-1.473011
1.050594
0.625737
-1.473368
1.044700
0.625551
0.000000
0.000000
0.000000
0.000000
0.000000
0.000000
0.000000
0.000000
0.000000
-1.117106
0.922664
0.759815
-1.436006
1.226051
0.504693
-1.327804
1.426233
0.379244
-1.425142
1.224087
0.504693
-1.303000
1.422544
0.379244
0.000000
0.000000
0.000000
0.000000
0.000000
0.000000
-1.421606
0.699342
0.837838
-1.462352
0.722218
0.817307
0.000000
0.000000
0.000000
0.000000
0.000000
0.000000
0.000000
0.000000
0.000000
-1.122786
0.857656
0.787362
0.000000
0.000000
0.000000
0.000000
0.000000
0.000000
-1.379691
0.462384
0.689577
-1.370964
0.541902
0.816462
0.000000
0.000000
0.000000
0.000000
0.000000
0.000000
0.000000
0.000000
0.000000
-0.943185
1.271690
0.813721
0.000000
0.000000
0.000000
0.000000
0.000000
0.000000
-1.261346
0.839887
0.787882
-1.273699
0.867723
0.724492
-1.250294
0.737636
0.740508
-1.181332
0.853679
0.750713
-1.244603
0.737240
0.740508
-1.186398
0.786965
0.750957
0.000000
0.000000
0.000000
0.000000
0.000000
0.000000
-0.997950
1.197115
0.669695
-1.104312
0.899338
0.707818
0.000000
0.000000
0.000000
0.000000
0.000000
0.000000
0.000000
0.000000
0.000000
-1.450270
0.597134
0.820904
0.000000
0.000000
0.000000
0.000000
0.000000
0.000000
-1.499293
1.283951
0.512564
-1.531563
1.295676
0.521659
0.000000
0.000000
0.000000
0.000000
0.000000
0.000000
-1.368753
0.746304
0.768567
-1.400542
0.720115
0.802257
0.000000
0.000000
0.000000
0.000000
0.000000
0.000000
-1.247838
0.703199
0.744631
-1.302135
0.650226
0.804578
-1.534377
0.469798
0.916960
-1.564430
0.471435
0.893931
-1.462492
0.497644
0.905497
-1.501397
0.477895
0.889683
0.000000
0.000000
0.000000
0.000000
0.000000
0.000000
-1.284968
0.967141
0.808965
-1.273356
0.792927
0.820744
0.000000
0.000000
0.000000
0.000000
0.000000
0.000000
-1.029194
0.860824
0.778476
-1.167045
0.955088
0.815718
0.000000
0.000000
0.000000
0.000000
0.000000
0.000000
0.000000
0.000000
0.000000
-1.100243
0.679534
0.591440
-1.464149
0.843628
0.769061
-1.493598
0.843782
0.767383
-1.336412
0.889014
0.742136
-1.358367
0.892701
0.737150
0.000000
0.000000
0.000000
0.000000
0.000000
0.000000
-1.358610
0.754440
0.832220
-1.382185
0.748523
0.775471
0.000000
0.000000
0.000000
0.000000
0.000000
0.000000
-1.166724
1.001030
0.785435
-1.163911
1.018385
0.742431
0.000000
0.000000
0.000000
0.000000
0.000000
0.000000
-1.107204
0.805741
0.802990
-1.262297
0.812718
0.837847
0.000000
0.000000
0.000000
0.000000
0.000000
0.000000
-1.333260
1.150441
0.681143
-1.357696
1.237945
0.635916
-1.168100
0.562021
0.717825
-1.313779
0.567938
0.850216
-1.100591
0.598279
0.740175
-1.252367
0.695795
0.800009
0.000000
0.000000
0.000000
0.000000
0.000000
0.000000
-1.441199
0.665732
0.910775
-1.539838
0.637798
0.865953
0.000000
0.000000
0.000000
0.000000
0.000000
0.000000
-1.408698
0.384318
0.727264
-1.491604
0.332143
0.923245
0.000000
0.000000
0.000000
0.000000
0.000000
0.000000
-1.171567
0.522169
0.988087
-1.124442
0.508163
0.914327
0.000000
0.000000
0.000000
0.000000
0.000000
0.000000
-1.765173
0.875756
0.783225
-1.789411
0.873174
0.784162
0.000000
0.000000
0.000000
0.000000
0.000000
0.000000
0.000000
0.000000
0.000000
-0.943980
1.145230
0.721668
0.000000
0.000000
0.000000
0.000000
0.000000
0.000000
0.000000
0.000000
0.000000
-1.264667
0.558725
0.808838
0.000000
0.000000
0.000000
0.000000
0.000000
0.000000
-1.414355
0.916042
0.712000
-1.449803
0.952716
0.703455
0.000000
0.000000
0.000000
0.000000
0.000000
0.000000
0.000000
0.000000
0.000000
-1.427917
0.647425
0.816923
0.000000
0.000000
0.000000
0.000000
0.000000
0.000000
0.000000
0.000000
0.000000
-1.260862
1.359611
0.776230
0.000000
0.000000
0.000000
0.000000
0.000000
0.000000
-1.401710
0.665459
0.953079
-1.338992
0.746467
0.794561
0.000000
0.000000
0.000000
0.000000
0.000000
0.000000
-1.075663
0.918325
0.640287
-1.084767
0.898775
0.569339
0.000000
0.000000
0.000000
0.000000
0.000000
0.000000
0.000000
0.000000
0.000000
-1.140621
1.009864
0.861029
0.000000
0.000000
0.000000
0.000000
0.000000
0.000000
0.000000
0.000000
0.000000
-0.990808
1.046651
0.870557
0.000000
0.000000
0.000000
0.000000
0.000000
0.000000
0.000000
0.000000
0.000000
-1.033073
1.480883
0.695212
0.000000
0.000000
0.000000
0.000000
0.000000
0.000000
-1.230181
0.560697
0.732002
-1.358173
0.532873
0.837231
0.000000
0.000000
0.000000
0.000000
0.000000
0.000000
-1.239824
0.821578
0.713239
-1.166465
0.955851
0.602126
0.000000
0.000000
0.000000
0.000000
0.000000
0.000000
0.000000
0.000000
0.000000
-1.138263
0.746749
0.853019
0.000000
0.000000
0.000000
0.000000
0.000000
0.000000
-1.316004
1.154887
0.535525
-1.352351
1.154334
0.533138
0.000000
0.000000
0.000000
0.000000
0.000000
0.000000
0.000000
0.000000
0.000000
-1.214177
0.761015
0.704921
0.000000
0.000000
0.000000
0.000000
0.000000
0.000000
0.000000
0.000000
0.000000
-1.465623
0.567439
0.792939
0.000000
0.000000
0.000000
0.000000
0.000000
0.000000
-1.190664
0.574670
0.832770
-1.327770
0.518312
0.803712
-1.430045
0.456118
0.898797
-1.366952
0.557900
0.878186
-1.428544
0.455854
0.898797
-1.366073
0.556667
0.878779
0.000000
0.000000
0.000000
0.000000
0.000000
0.000000
-1.101175
1.229727
0.621999
-1.165348
0.964687
0.616283
0.000000
0.000000
0.000000
0.000000
0.000000
0.000000
0.000000
0.000000
0.000000
-1.074904
0.469510
0.778912
0.000000
0.000000
0.000000
0.000000
0.000000
0.000000
0.000000
0.000000
0.000000
-1.012211
0.672504
0.860339
0.000000
0.000000
0.000000
0.000000
0.000000
0.000000
-1.342980
1.102192
0.479763
-1.332916
1.365454
0.556156
0.000000
0.000000
0.000000
0.000000
0.000000
0.000000
-0.976164
0.840164
0.623269
-1.149553
0.929766
0.629227
0.000000
0.000000
0.000000
0.000000
0.000000
0.000000
-1.174064
0.774230
0.679570
-1.115790
0.791063
0.795887
0.000000
0.000000
0.000000
0.000000
0.000000
0.000000
-1.081825
1.051473
0.855853
-1.225264
0.933012
0.892266
0.000000
0.000000
0.000000
0.000000
0.000000
0.000000
0.000000
0.000000
0.000000
-1.116495
0.811708
0.902805
0.000000
0.000000
0.000000
0.000000
0.000000
0.000000
-1.155107
0.513566
0.715952
-1.114209
0.669756
0.926893
0.000000
0.000000
0.000000
0.000000
0.000000
0.000000
-1.169643
0.786322
0.882303
-1.255884
0.519919
0.818695
0.000000
0.000000
0.000000
0.000000
0.000000
0.000000
0.000000
0.000000
0.000000
-1.147855
0.781383
0.676808
0.000000
0.000000
0.000000
0.000000
0.000000
0.000000
-1.216211
0.642607
0.768639
-1.319050
0.500270
0.825976
0.000000
0.000000
0.000000
0.000000
0.000000
0.000000
0.000000
0.000000
0.000000
-1.348857
0.497782
0.716363
0.000000
0.000000
0.000000
0.000000
0.000000
0.000000
-1.090916
0.958828
0.631578
-1.218711
1.105401
0.661526
0.000000
0.000000
0.000000
0.000000
0.000000
0.000000
-1.297278
0.600332
0.742823
-1.164164
0.868904
0.682460
0.000000
0.000000
0.000000
0.000000
0.000000
0.000000
-1.434130
0.847973
0.753838
-1.455574
0.824885
0.769549
0.000000
0.000000
0.000000
0.000000
0.000000
0.000000
-1.194864
0.727759
0.664616
-1.339303
0.688196
0.823421
-1.071098
0.889057
0.900670
-1.223050
0.672160
0.868402
-1.040370
0.851963
0.900670
-1.176194
0.653845
0.865066
0.000000
0.000000
0.000000
0.000000
0.000000
0.000000
-0.862559
1.489929
0.735029
-1.181982
0.826193
0.640696
0.000000
0.000000
0.000000
0.000000
0.000000
0.000000
-0.933203
0.572759
0.837065
-0.961517
0.590627
0.774518
0.000000
0.000000
0.000000
0.000000
0.000000
0.000000
-1.441401
0.660382
0.879616
-1.467154
0.680248
0.887284
0.000000
0.000000
0.000000
0.000000
0.000000
0.000000
-1.440434
1.218990
0.553477
-1.490245
1.206860
0.571745
0.000000
0.000000
0.000000
0.000000
0.000000
0.000000
0.000000
0.000000
0.000000
-1.037846
0.797430
0.663194
0.000000
0.000000
0.000000
0.000000
0.000000
0.000000
-1.367465
0.971830
0.697531
-1.338943
1.143304
0.653703
0.000000
0.000000
0.000000
0.000000
0.000000
0.000000
0.000000
0.000000
0.000000
-1.172252
0.606053
0.629222
-1.329796
0.630826
0.642867
-1.326014
0.506253
0.777098
-1.301092
0.548753
0.641996
-1.297711
0.440399
0.800997
-1.216634
0.557026
0.887908
-1.278930
0.660116
0.882897
-1.194427
0.573858
0.868178
-1.276584
0.661188
0.884036
0.000000
0.000000
0.000000
0.000000
0.000000
0.000000
0.000000
0.000000
0.000000
-1.147945
0.778244
0.688425
0.000000
0.000000
0.000000
0.000000
0.000000
0.000000
-1.458942
1.068061
0.596972
-1.496525
0.985571
0.657809
0.000000
0.000000
0.000000
0.000000
0.000000
0.000000
-1.263571
1.138614
0.668855
-1.276254
1.201477
0.601955
0.000000
0.000000
0.000000
0.000000
0.000000
0.000000
-1.409680
0.578150
0.810803
-1.402088
0.570745
0.856290
0.000000
0.000000
0.000000
0.000000
0.000000
0.000000
-1.301344
0.699974
0.783049
-1.321863
0.708088
0.787980
0.000000
0.000000
0.000000
0.000000
0.000000
0.000000
-1.344257
0.708621
0.792775
-1.370988
0.726033
0.780795
0.000000
0.000000
0.000000
0.000000
0.000000
0.000000
-1.317707
0.879602
0.779898
-1.337548
0.912393
0.704837
0.000000
0.000000
0.000000
0.000000
0.000000
0.000000
-1.501677
0.698635
0.815486
-1.515302
0.763415
0.823391
0.000000
0.000000
0.000000
0.000000
0.000000
0.000000
0.000000
0.000000
0.000000
-1.096354
0.767211
0.699701
0.000000
0.000000
0.000000
0.000000
0.000000
0.000000
-1.241590
1.174655
0.490592
-1.243607
1.295630
0.540638
0.000000
0.000000
0.000000
0.000000
0.000000
0.000000
-1.365298
0.703596
0.819490
-1.374767
0.777534
0.780923
0.000000
0.000000
0.000000
0.000000
0.000000
0.000000
0.000000
0.000000
0.000000
-1.284264
0.415476
0.790392
0.000000
0.000000
0.000000
0.000000
0.000000
0.000000
-1.562649
0.867721
0.768649
-1.592634
0.845966
0.770431
0.000000
0.000000
0.000000
0.000000
0.000000
0.000000
-1.122844
1.139389
0.866564
-1.195616
0.885251
0.777264
0.000000
0.000000
0.000000
0.000000
0.000000
0.000000
-1.186118
0.838575
0.641659
-1.210311
0.705294
0.734536
0.000000
0.000000
0.000000
0.000000
0.000000
0.000000
-1.170819
1.345484
0.776387
-1.250388
1.031062
0.688335
0.000000
0.000000
0.000000
0.000000
0.000000
0.000000
-1.092581
0.930207
0.839146
-1.257348
0.639243
0.761476
-1.487683
0.322696
1.170062
-1.576525
0.318888
0.985641
-1.469578
0.323556
1.170062
-1.544132
0.316312
0.984149
0.000000
0.000000
0.000000
0.000000
0.000000
0.000000
0.000000
0.000000
0.000000
-1.308499
0.772935
0.740273
0.000000
0.000000
0.000000
0.000000
0.000000
0.000000
-1.349983
0.670617
0.818689
-1.470311
0.657711
0.838093
0.000000
0.000000
0.000000
0.000000
0.000000
0.000000
0.000000
0.000000
0.000000
-0.944349
1.407105
0.733872
0.000000
0.000000
0.000000
0.000000
0.000000
0.000000
-1.146781
0.793647
0.695974
-1.187735
0.841812
0.667862
0.000000
0.000000
0.000000
0.000000
0.000000
0.000000
-1.186664
1.137762
0.582698
-1.242260
0.938736
0.570556
-1.387510
0.680910
0.807701
-1.425608
0.660291
0.832928
-1.479535
0.509374
0.862069
-1.526454
0.466558
0.869134
0.000000
0.000000
0.000000
0.000000
0.000000
0.000000
-1.501002
0.427109
0.847612
-1.481313
0.516957
0.853435
0.000000
0.000000
0.000000
0.000000
0.000000
0.000000
-1.201795
0.473758
0.683653
-1.266857
0.485977
0.987709
0.000000
0.000000
0.000000
0.000000
0.000000
0.000000
0.000000
0.000000
0.000000
-1.191680
0.847901
0.743024
0.000000
0.000000
0.000000
0.000000
0.000000
0.000000
-1.410997
0.527492
0.840929
-1.351077
0.615187
0.828753
0.000000
0.000000
0.000000
0.000000
0.000000
0.000000
-1.118296
0.580631
0.739347
-1.234620
0.551479
1.005012
0.000000
0.000000
0.000000
0.000000
0.000000
0.000000
-1.481205
0.689773
0.812893
-1.511551
0.687813
0.810468
0.000000
0.000000
0.000000
0.000000
0.000000
0.000000
-1.299399
0.419584
0.868111
-1.414402
0.408896
0.903039
0.000000
0.000000
0.000000
0.000000
0.000000
0.000000
-1.286974
0.539623
0.752564
-1.473160
0.466001
0.807325
0.000000
0.000000
0.000000
0.000000
0.000000
0.000000
-1.227197
0.741078
0.654699
-1.324626
0.741839
0.669295
0.000000
0.000000
0.000000
0.000000
0.000000
0.000000
-1.426491
0.534111
0.799668
-1.459038
0.524099
0.853253
0.000000
0.000000
0.000000
0.000000
0.000000
0.000000
-1.423658
0.580810
0.673902
-1.299103
0.858234
0.715399
0.000000
0.000000
0.000000
0.000000
0.000000
0.000000
-1.129828
1.018299
0.878713
-1.273267
0.825192
0.803480
0.000000
0.000000
0.000000
0.000000
0.000000
0.000000
-1.408019
0.826466
0.785374
-1.430621
0.743479
0.792399
-1.450736
0.579711
0.871343
-1.537465
0.485478
0.868418
-1.404654
0.586073
0.872214
-1.496854
0.509240
0.870637
0.000000
0.000000
0.000000
0.000000
0.000000
0.000000
-1.270799
0.530130
0.840331
-1.263396
0.557150
0.834750
0.000000
0.000000
0.000000
0.000000
0.000000
0.000000
-1.549436
0.562021
0.727537
-1.519016
0.652553
0.790150
0.000000
0.000000
0.000000
0.000000
0.000000
0.000000
-1.086331
1.459704
0.830528
-1.236339
1.073455
0.752776
0.000000
0.000000
0.000000
0.000000
0.000000
0.000000
-1.054444
0.719891
0.835727
-1.030603
0.839654
0.661151
0.000000
0.000000
0.000000
0.000000
0.000000
0.000000
-1.479484
0.599425
0.799808
-1.528458
0.572284
0.834298
0.000000
0.000000
0.000000
0.000000
0.000000
0.000000
-1.078633
0.848294
0.816473
-1.186371
0.730007
0.771558
0.000000
0.000000
0.000000
0.000000
0.000000
0.000000
-1.153161
0.632643
0.628462
-1.180401
0.645126
1.193070
0.000000
0.000000
0.000000
0.000000
0.000000
0.000000
-1.487305
0.461602
0.803317
-1.446293
0.482021
0.919154
0.000000
0.000000
0.000000
0.000000
0.000000
0.000000
-1.269807
0.578544
0.759352
-1.349041
0.562358
0.814059
0.000000
0.000000
0.000000
0.000000
0.000000
0.000000
0.000000
0.000000
0.000000
-1.196357
1.017978
0.817263
0.000000
0.000000
0.000000
0.000000
0.000000
0.000000
-1.234982
0.623158
0.830841
-1.299070
0.538644
0.879731
0.000000
0.000000
0.000000
0.000000
0.000000
0.000000
-1.253280
0.707791
0.861534
-1.393095
0.675045
0.850175
0.000000
0.000000
0.000000
0.000000
0.000000
0.000000
-1.444139
0.819167
0.746894
-1.482565
0.835565
0.750836
-1.495979
0.765100
0.740535
-1.523341
0.774649
0.787612
-1.395997
0.753572
0.729163
-1.399822
0.796479
0.770946
0.000000
0.000000
0.000000
0.000000
0.000000
0.000000
-1.542454
0.765172
0.790037
-1.564235
0.739155
0.812807
0.000000
0.000000
0.000000
0.000000
0.000000
0.000000
-1.147369
0.659792
0.816956
-1.316706
0.537137
0.859888
0.000000
0.000000
0.000000
0.000000
0.000000
0.000000
-1.374977
1.012111
0.652788
-1.422306
1.000863
0.677963
0.000000
0.000000
0.000000
0.000000
0.000000
0.000000
-1.256434
1.065071
0.678679
-1.291385
1.040445
0.651060
0.000000
0.000000
0.000000
0.000000
0.000000
0.000000
-1.228413
0.706308
0.656080
-1.176875
1.021547
0.752838
0.000000
0.000000
0.000000
0.000000
0.000000
0.000000
-1.364030
0.539436
0.888023
-1.470973
0.429757
0.857244
0.000000
0.000000
0.000000
0.000000
0.000000
0.000000
-1.475888
0.602185
0.619464
-1.395775
0.713418
0.850586
0.000000
0.000000
0.000000
0.000000
0.000000
0.000000
-1.145815
1.253945
0.526719
-1.282137
1.020305
0.547734
0.000000
0.000000
0.000000
0.000000
0.000000
0.000000
-1.383836
0.816804
0.763917
-1.415364
0.801137
0.745135
0.000000
0.000000
0.000000
0.000000
0.000000
0.000000
-1.430299
0.475378
0.913917
-1.510937
0.484480
0.867826
-1.128303
1.370290
0.775738
-1.124279
1.047805
0.640431
-1.086929
1.388212
0.775738
-1.081910
1.055943
0.629400
0.000000
0.000000
0.000000
-0.932052
1.121356
0.611134
0.000000
0.000000
0.000000
-0.852070
1.102571
0.606983
0.000000
0.000000
0.000000
0.000000
0.000000
0.000000
0.000000
0.000000
0.000000
-1.200483
0.520142
0.769215
0.000000
0.000000
0.000000
0.000000
0.000000
0.000000
0.000000
0.000000
0.000000
-1.300573
0.723764
0.932128
0.000000
0.000000
0.000000
0.000000
0.000000
0.000000
0.000000
0.000000
0.000000
-1.270782
0.622357
0.654779
0.000000
0.000000
0.000000
0.000000
0.000000
0.000000
-1.166245
0.611682
0.822028
-1.212217
0.586801
0.817656
0.000000
0.000000
0.000000
0.000000
0.000000
0.000000
0.000000
0.000000
0.000000
-1.298753
0.731935
0.710735
0.000000
0.000000
0.000000
0.000000
0.000000
0.000000
-1.468223
0.830116
0.784886
-1.503143
0.786860
0.766370
0.000000
0.000000
0.000000
0.000000
0.000000
0.000000
0.000000
0.000000
0.000000
-1.555685
0.945054
0.648495
0.000000
0.000000
0.000000
0.000000
0.000000
0.000000
-1.291661
1.268871
0.504913
-1.359146
1.262727
0.498904
0.000000
0.000000
0.000000
0.000000
0.000000
0.000000
-1.274482
0.915429
0.664909
-1.221434
0.923372
0.646774
0.000000
0.000000
0.000000
0.000000
0.000000
0.000000
-1.151424
0.746701
0.717126
-1.154221
0.821445
0.721117
0.000000
0.000000
0.000000
0.000000
0.000000
0.000000
0.000000
0.000000
0.000000
-1.305884
1.697607
0.636365
0.000000
0.000000
0.000000
0.000000
0.000000
0.000000
-1.205348
0.563531
0.776478
-1.259777
0.643227
0.756523
0.000000
0.000000
0.000000
0.000000
0.000000
0.000000
0.000000
0.000000
0.000000
-1.217805
0.632440
0.725806
0.000000
0.000000
0.000000
0.000000
0.000000
0.000000
-1.400335
0.998595
0.639347
-1.406189
1.082791
0.589414
0.000000
0.000000
0.000000
0.000000
0.000000
0.000000
-1.190970
0.804048
0.776741
-1.090116
0.884753
0.712588
0.000000
0.000000
0.000000
0.000000
0.000000
0.000000
-1.288905
0.858396
0.726381
-1.325548
0.875864
0.719148
0.000000
0.000000
0.000000
0.000000
0.000000
0.000000
-1.310071
0.775582
0.662112
-1.194824
1.056463
0.743652
0.000000
0.000000
0.000000
0.000000
0.000000
0.000000
-1.109960
1.629069
0.736686
-1.308234
1.328636
0.599829
0.000000
0.000000
0.000000
0.000000
0.000000
0.000000
0.000000
0.000000
0.000000
-1.509065
0.555502
0.737321
0.000000
0.000000
0.000000
0.000000
0.000000
0.000000
-1.155672
0.636246
0.767139
-1.122687
0.747159
0.773281
0.000000
0.000000
0.000000
0.000000
0.000000
0.000000
-1.432949
0.707789
0.828592
-1.468456
0.654280
0.794360
-1.127889
0.918147
0.743177
-1.318480
0.816751
0.696124
-1.105526
0.923596
0.743177
-1.298809
0.832954
0.697577
0.000000
0.000000
0.000000
0.000000
0.000000
0.000000
-1.236358
0.750605
0.860656
-1.251905
1.015559
0.686590
0.000000
0.000000
0.000000
0.000000
0.000000
0.000000
0.000000
0.000000
0.000000
-1.381581
0.835960
0.920438
0.000000
0.000000
0.000000
0.000000
0.000000
0.000000
-1.190206
0.923295
0.723626
-1.129130
1.053075
0.750423
0.000000
0.000000
0.000000
0.000000
0.000000
0.000000
-0.996061
0.902551
0.849373
-1.051701
0.899709
0.884732
0.000000
0.000000
0.000000
0.000000
0.000000
0.000000
0.000000
0.000000
0.000000
-1.131352
1.017484
0.759358
0.000000
0.000000
0.000000
0.000000
0.000000
0.000000
-0.889093
0.939350
0.804897
-1.045895
0.793468
0.803710
0.000000
0.000000
0.000000
0.000000
0.000000
0.000000
-1.264353
0.524260
0.814278
-1.209714
0.559426
0.804394
0.000000
0.000000
0.000000
0.000000
0.000000
0.000000
-1.356074
0.485891
0.969845
-1.394951
0.515348
0.901218
0.000000
0.000000
0.000000
0.000000
0.000000
0.000000
-1.351116
0.939738
0.682157
-1.383633
0.944043
0.693545
0.000000
0.000000
0.000000
0.000000
0.000000
0.000000
0.000000
0.000000
0.000000
-1.317796
0.773839
0.744646
0.000000
0.000000
0.000000
0.000000
0.000000
0.000000
0.000000
0.000000
0.000000
-1.044501
0.698531
0.777407
0.000000
0.000000
0.000000
0.000000
0.000000
0.000000
0.000000
0.000000
0.000000
-1.046050
1.229299
0.732390
0.000000
0.000000
0.000000
0.000000
0.000000
0.000000
0.000000
0.000000
0.000000
-1.234626
0.555666
0.624954
0.000000
0.000000
0.000000
0.000000
0.000000
0.000000
0.000000
0.000000
0.000000
-1.189720
0.988750
0.867234
0.000000
0.000000
0.000000
0.000000
0.000000
0.000000
-1.325147
0.385109
0.955758
-1.280988
0.288024
0.922794
0.000000
0.000000
0.000000
0.000000
0.000000
0.000000
0.000000
0.000000
0.000000
-1.276278
0.733134
0.774097
0.000000
0.000000
0.000000
0.000000
0.000000
0.000000
-1.339814
0.566076
0.840899
-1.424855
0.480853
0.862754
0.000000
0.000000
0.000000
0.000000
0.000000
0.000000
-1.176256
0.693941
0.659418
-1.227020
0.854160
0.711152
0.000000
0.000000
0.000000
0.000000
0.000000
0.000000
-1.436076
0.776491
0.874447
-1.445988
0.821371
0.828220
0.000000
0.000000
0.000000
0.000000
0.000000
0.000000
-1.259473
0.549572
0.798988
-1.282307
0.625798
0.806008
0.000000
0.000000
0.000000
0.000000
0.000000
0.000000
-1.444914
0.527767
0.833542
-1.488168
0.469897
0.855034
0.000000
0.000000
0.000000
0.000000
0.000000
0.000000
-1.212425
0.838036
0.779549
-1.198076
0.973983
0.721921
0.000000
0.000000
0.000000
0.000000
0.000000
0.000000
0.000000
0.000000
0.000000
-1.113430
0.775951
0.699783
0.000000
0.000000
0.000000
0.000000
0.000000
0.000000
-1.565368
1.258434
0.590029
-1.572244
1.397237
0.485464
0.000000
0.000000
0.000000
0.000000
0.000000
0.000000
0.000000
0.000000
0.000000
-1.338551
0.698390
0.704712
0.000000
0.000000
0.000000
0.000000
0.000000
0.000000
-0.985148
0.722354
0.657199
-1.043355
0.779745
0.702385
0.000000
0.000000
0.000000
0.000000
0.000000
0.000000
-1.262434
0.688392
0.714281
-1.232425
0.662315
0.755352
-1.211934
0.721246
0.777912
-1.192400
0.728912
0.780832
-1.205476
0.717478
0.776352
-1.181794
0.732899
0.776920
0.000000
0.000000
0.000000
0.000000
0.000000
0.000000
-1.251439
1.133451
0.498657
-1.237421
1.139555
0.522951
0.000000
0.000000
0.000000
0.000000
0.000000
0.000000
-1.228507
0.871095
0.697522
-1.249878
0.837847
0.720081
0.000000
0.000000
0.000000
0.000000
0.000000
0.000000
-1.063458
1.017766
0.547492
-1.118025
1.043613
0.676943
0.000000
0.000000
0.000000
0.000000
0.000000
0.000000
-1.468728
0.580817
0.857800
-1.578840
0.481978
0.854111
0.000000
0.000000
0.000000
0.000000
0.000000
0.000000
-1.143178
1.035856
0.629072
-1.227943
1.012316
0.636540
0.000000
0.000000
0.000000
0.000000
0.000000
0.000000
0.000000
0.000000
0.000000
-1.285780
0.978624
0.731435
0.000000
0.000000
0.000000
0.000000
0.000000
0.000000
-0.990604
1.923284
0.844165
-1.173350
1.330900
0.777608
0.000000
0.000000
0.000000
0.000000
0.000000
0.000000
-1.073754
0.856783
0.957698
-1.182020
0.660352
0.898868
0.000000
0.000000
0.000000
0.000000
0.000000
0.000000
0.000000
0.000000
0.000000
-1.065371
0.883913
0.734125
0.000000
0.000000
0.000000
0.000000
0.000000
0.000000
-1.042963
0.822344
0.654786
-1.136872
0.984109
0.574475
0.000000
0.000000
0.000000
0.000000
0.000000
0.000000
-1.067433
0.726192
0.694732
-1.077279
0.766823
0.803420
0.000000
0.000000
0.000000
0.000000
0.000000
0.000000
-1.231310
0.943082
0.708058
-1.267913
0.959117
0.705602
0.000000
0.000000
0.000000
0.000000
0.000000
0.000000
-1.230482
0.689705
0.766619
-1.344281
0.574828
0.715693
0.000000
0.000000
0.000000
0.000000
0.000000
0.000000
0.000000
0.000000
0.000000
-1.128939
0.976610
0.630735
0.000000
0.000000
0.000000
0.000000
0.000000
0.000000
-1.291375
0.795841
0.713397
-1.303536
0.741346
0.749750
0.000000
0.000000
0.000000
0.000000
0.000000
0.000000
0.000000
0.000000
0.000000
-1.255173
0.497978
0.752212
0.000000
0.000000
0.000000
0.000000
0.000000
0.000000
-1.296945
0.639869
0.802495
-1.403653
0.505222
0.824279
0.000000
0.000000
0.000000
0.000000
0.000000
0.000000
0.000000
0.000000
0.000000
-1.073476
0.629186
0.686272
0.000000
0.000000
0.000000
0.000000
0.000000
0.000000
-1.123925
0.525271
0.710917
-1.129482
0.439348
0.870248
0.000000
0.000000
0.000000
0.000000
0.000000
0.000000
-1.230623
0.719616
0.760940
-1.258824
0.734700
0.770708
0.000000
0.000000
0.000000
0.000000
0.000000
0.000000
-1.151031
1.015453
0.739213
-1.228323
1.040155
0.681867
0.000000
0.000000
0.000000
0.000000
0.000000
0.000000
-1.414484
0.823500
0.758343
-1.485327
0.813304
0.754917
0.000000
0.000000
0.000000
0.000000
0.000000
0.000000
-1.004499
0.617910
0.863086
-1.045365
0.729834
0.813205
0.000000
0.000000
0.000000
0.000000
0.000000
0.000000
0.000000
0.000000
0.000000
-1.003197
0.728001
0.648368
0.000000
0.000000
0.000000
0.000000
0.000000
0.000000
-1.200643
0.768675
0.810278
-1.283441
0.758850
0.783606
0.000000
0.000000
0.000000
0.000000
0.000000
0.000000
0.000000
0.000000
0.000000
-1.074406
0.728853
0.763705
0.000000
0.000000
0.000000
0.000000
0.000000
0.000000
-1.343663
0.495079
0.917364
-1.413645
0.444127
0.877757
0.000000
0.000000
0.000000
0.000000
0.000000
0.000000
-1.303797
0.728247
0.804459
-1.286786
0.786004
0.743066
0.000000
0.000000
0.000000
0.000000
0.000000
0.000000
-0.990756
0.683690
0.781476
-1.144194
0.657484
0.767506
0.000000
0.000000
0.000000
0.000000
0.000000
0.000000
-1.503490
0.991341
0.716185
-1.525525
1.017583
0.701050
0.000000
0.000000
0.000000
0.000000
0.000000
0.000000
-1.099677
0.899506
0.751777
-1.186755
0.753758
0.600912
0.000000
0.000000
0.000000
0.000000
0.000000
0.000000
-1.436540
0.768432
0.736867
-1.476386
0.758488
0.770656
0.000000
0.000000
0.000000
0.000000
0.000000
0.000000
-0.949406
1.248844
0.683614
-1.135369
0.988038
0.669163
0.000000
0.000000
0.000000
0.000000
0.000000
0.000000
-0.915406
0.987342
0.794816
-1.007764
0.944294
0.752379
0.000000
0.000000
0.000000
0.000000
0.000000
0.000000
-1.499469
0.320619
0.845341
-1.553794
0.347992
0.914443
0.000000
0.000000
0.000000
0.000000
0.000000
0.000000
-1.349536
0.695961
0.779238
-1.427718
0.617514
0.819359
0.000000
0.000000
0.000000
0.000000
0.000000
0.000000
-1.091634
0.599204
0.544386
-1.147421
0.861317
0.850389
-1.418871
0.814769
0.766561
-1.402758
0.871856
0.748797
-1.406649
0.753629
0.806886
-1.372635
0.815835
0.774065
0.000000
0.000000
0.000000
0.000000
0.000000
0.000000
-1.286504
1.492210
0.635173
-1.368361
1.222666
0.447992
0.000000
0.000000
0.000000
0.000000
0.000000
0.000000
-1.104225
0.761476
0.762185
-1.123531
0.814971
0.735958
0.000000
0.000000
0.000000
0.000000
0.000000
0.000000
-1.374370
0.304385
1.000552
-1.425338
0.306757
0.896196
0.000000
0.000000
0.000000
0.000000
0.000000
0.000000
-1.381510
0.616362
0.818014
-1.403410
0.597259
0.828965
0.000000
0.000000
0.000000
0.000000
0.000000
0.000000
-1.402888
0.532041
0.859357
-1.490234
0.691416
0.813899
0.000000
0.000000
0.000000
0.000000
0.000000
0.000000
-1.353243
0.569044
0.833529
-1.397337
0.543276
0.849291
0.000000
0.000000
0.000000
0.000000
0.000000
0.000000
-1.395753
1.154322
0.571040
-1.418633
1.108882
0.655172
0.000000
0.000000
0.000000
0.000000
0.000000
0.000000
-1.270724
0.923301
0.655875
-1.313044
0.990405
0.652904
0.000000
0.000000
0.000000
0.000000
0.000000
0.000000
0.000000
0.000000
0.000000
-1.156497
1.380275
0.944658
0.000000
0.000000
0.000000
0.000000
0.000000
0.000000
-1.279564
0.676568
0.777687
-1.347001
0.707970
0.800687
0.000000
0.000000
0.000000
0.000000
0.000000
0.000000
-1.194589
0.641343
0.739264
-1.211235
0.707974
0.815294
-1.143647
1.034365
0.535922
-1.200888
1.129785
0.537911
-1.087252
0.932256
0.572264
-1.121421
1.071212
0.570684
0.000000
0.000000
0.000000
0.000000
0.000000
0.000000
-1.376729
0.850534
0.746696
-1.411499
0.826285
0.760493
0.000000
0.000000
0.000000
0.000000
0.000000
0.000000
-1.192002
0.704243
0.741240
-0.993059
0.962373
0.694206
0.000000
0.000000
0.000000
0.000000
0.000000
0.000000
-1.526735
0.709599
0.870774
-1.590232
0.675570
0.804817
0.000000
0.000000
0.000000
0.000000
0.000000
0.000000
-1.323079
0.860336
0.589423
-1.383759
0.917626
0.625413
0.000000
0.000000
0.000000
0.000000
0.000000
0.000000
-1.268438
0.734314
0.766205
-1.402602
0.605714
0.791120
0.000000
0.000000
0.000000
0.000000
0.000000
0.000000
-1.114910
0.766285
0.681821
-1.088392
1.071521
0.600549
0.000000
0.000000
0.000000
0.000000
0.000000
0.000000
0.000000
0.000000
0.000000
-0.867077
1.403572
0.738216
0.000000
0.000000
0.000000
0.000000
0.000000
0.000000
-1.510089
0.514758
0.756538
-1.566458
0.415800
0.856651
0.000000
0.000000
0.000000
0.000000
0.000000
0.000000
-1.503729
0.802153
0.783773
-1.518021
0.810156
0.778026
0.000000
0.000000
0.000000
0.000000
0.000000
0.000000
-1.322051
0.857778
0.701046
-1.391069
0.847978
0.769303
0.000000
0.000000
0.000000
0.000000
0.000000
0.000000
-1.399380
0.644292
0.799830
-1.407615
0.776197
0.859089
0.000000
0.000000
0.000000
0.000000
0.000000
0.000000
0.000000
0.000000
0.000000
-1.186838
0.463055
0.709379
-1.202077
0.727819
0.721204
-1.222457
0.773456
0.743759
-1.177613
0.677731
0.748195
-1.165519
0.805370
0.762925
0.000000
0.000000
0.000000
0.000000
0.000000
0.000000
-1.143573
0.908879
0.789750
-1.234643
0.798342
0.660178
0.000000
0.000000
0.000000
0.000000
0.000000
0.000000
-1.298776
0.569989
0.724539
-1.368174
0.543306
0.993523
0.000000
0.000000
0.000000
0.000000
0.000000
0.000000
-1.168670
0.935052
0.691856
-1.231114
0.815096
0.768107
0.000000
0.000000
0.000000
0.000000
0.000000
0.000000
-1.485277
0.332686
0.890118
-1.448486
0.307880
0.878077
0.000000
0.000000
0.000000
0.000000
0.000000
0.000000
-1.426551
0.779845
0.775127
-1.432130
0.813746
0.778393
0.000000
0.000000
0.000000
0.000000
0.000000
0.000000
-1.047109
1.625383
0.783208
-1.203984
1.178211
0.599247
0.000000
0.000000
0.000000
0.000000
0.000000
0.000000
-1.513702
0.836792
0.719643
-1.544413
0.785464
0.789410
0.000000
0.000000
0.000000
0.000000
0.000000
0.000000
-1.181386
1.445135
0.725519
-1.299104
1.139256
0.642631
0.000000
0.000000
0.000000
0.000000
0.000000
0.000000
-1.273208
0.746107
0.740560
-1.225397
0.847429
0.673454
0.000000
0.000000
0.000000
0.000000
0.000000
0.000000
-1.492050
0.785519
0.733544
-1.540648
0.765941
0.768907
0.000000
0.000000
0.000000
0.000000
0.000000
0.000000
-1.213240
1.024934
0.676687
-1.275897
0.951144
0.681511
0.000000
0.000000
0.000000
0.000000
0.000000
0.000000
-1.614250
0.588129
0.725874
-1.596245
0.640075
0.895633
-1.549815
0.561891
0.853372
-1.575545
0.549047
0.848856
-1.452989
0.605902
0.816849
-1.469898
0.598331
0.821909
0.000000
0.000000
0.000000
0.000000
0.000000
0.000000
-1.484366
0.954229
0.689868
-1.531955
0.904263
0.709778
0.000000
0.000000
0.000000
0.000000
0.000000
0.000000
0.000000
0.000000
0.000000
-0.974883
0.666218
0.760612
-1.434996
1.135179
0.715461
-1.392284
1.164143
0.708036
-1.409779
1.130491
0.715497
-1.365747
1.129988
0.707342
0.000000
0.000000
0.000000
0.000000
0.000000
0.000000
0.000000
0.000000
0.000000
-1.212444
0.602319
0.706051
0.000000
0.000000
0.000000
0.000000
0.000000
0.000000
-1.353802
0.613763
1.011125
-1.400096
0.668958
0.950986
0.000000
0.000000
0.000000
0.000000
0.000000
0.000000
0.000000
0.000000
0.000000
-1.189879
0.635826
0.730788
0.000000
0.000000
0.000000
0.000000
0.000000
0.000000
-1.248491
0.716406
0.810655
-1.303278
0.699154
0.790930
0.000000
0.000000
0.000000
0.000000
0.000000
0.000000
0.000000
0.000000
0.000000
-1.241005
0.759880
0.808742
0.000000
0.000000
0.000000
0.000000
0.000000
0.000000
-1.275812
0.576229
0.806839
-1.359220
0.497640
0.807256
0.000000
0.000000
0.000000
0.000000
0.000000
0.000000
-1.405477
0.925153
0.764070
-1.435412
0.901746
0.748313
0.000000
0.000000
0.000000
0.000000
0.000000
0.000000
0.000000
0.000000
0.000000
-1.057526
0.661662
0.764317
0.000000
0.000000
0.000000
0.000000
0.000000
0.000000
-1.152158
1.141335
0.532413
-1.259451
1.073731
0.579421
0.000000
0.000000
0.000000
0.000000
0.000000
0.000000
0.000000
0.000000
0.000000
-1.167391
1.040460
0.736720
0.000000
0.000000
0.000000
0.000000
0.000000
0.000000
-1.287829
0.487317
1.006326
-1.448336
0.419391
0.907133
-1.142860
1.033611
0.628558
-1.187824
1.024890
0.605583
-1.090477
1.067273
0.627649
-1.130619
1.018529
0.595941
0.000000
0.000000
0.000000
0.000000
0.000000
0.000000
-1.219659
0.948332
0.716591
-1.266958
0.960328
0.656236
0.000000
0.000000
0.000000
0.000000
0.000000
0.000000
-1.247838
0.876211
0.738662
-1.245898
0.906045
0.786280
0.000000
0.000000
0.000000
0.000000
0.000000
0.000000
-1.560458
0.567314
0.831867
-1.591353
0.588404
0.847506
0.000000
0.000000
0.000000
0.000000
0.000000
0.000000
-1.308504
0.608048
0.752231
-1.259305
0.760184
0.757683
0.000000
0.000000
0.000000
0.000000
0.000000
0.000000
-1.308779
0.783275
0.731459
-1.344119
0.822201
0.733851
0.000000
0.000000
0.000000
0.000000
0.000000
0.000000
-1.452016
0.681939
0.837828
-1.501698
0.723879
0.853139
0.000000
0.000000
0.000000
0.000000
0.000000
0.000000
-1.502088
0.527820
0.881378
-1.567601
0.533026
0.868026
0.000000
0.000000
0.000000
0.000000
0.000000
0.000000
-1.184168
0.744309
0.885942
-1.216302
0.742190
0.853991
0.000000
0.000000
0.000000
0.000000
0.000000
0.000000
-1.324095
0.400118
0.792333
-1.370688
0.369193
0.919745
0.000000
0.000000
0.000000
0.000000
0.000000
0.000000
-1.128486
1.199465
0.532297
-1.254990
1.014516
0.586983
0.000000
0.000000
0.000000
0.000000
0.000000
0.000000
-1.405677
0.978726
0.693783
-1.433178
0.958945
0.694663
0.000000
0.000000
0.000000
0.000000
0.000000
0.000000
-1.476777
0.533792
0.643789
-1.413727
0.835097
0.969423
0.000000
0.000000
0.000000
0.000000
0.000000
0.000000
-1.211638
0.521405
0.951873
-1.151480
0.590523
0.942944
0.000000
0.000000
0.000000
0.000000
0.000000
0.000000
-1.230882
0.558194
0.724046
-1.237425
0.716415
0.785739
0.000000
0.000000
0.000000
0.000000
0.000000
0.000000
-1.220207
0.835420
0.732137
-1.249029
0.856061
0.719014
0.000000
0.000000
0.000000
-1.304697
0.647466
0.748664
0.000000
0.000000
0.000000
-1.316088
0.647590
0.741604
0.000000
0.000000
0.000000
0.000000
0.000000
0.000000
-1.343642
0.840926
0.719879
-1.303683
1.060371
0.563270
0.000000
0.000000
0.000000
0.000000
0.000000
0.000000
-1.305765
0.756905
0.806297
-1.299106
0.725468
0.782169
0.000000
0.000000
0.000000
0.000000
0.000000
0.000000
-1.330022
0.717829
0.872267
-1.344231
0.632973
0.802203
0.000000
0.000000
0.000000
0.000000
0.000000
0.000000
-1.597344
1.083456
0.665243
-1.604271
1.116551
0.643824
0.000000
0.000000
0.000000
-1.356646
0.838706
0.908434
0.000000
0.000000
0.000000
-1.342927
0.856326
0.908434
0.000000
0.000000
0.000000
-1.227591
0.469893
1.020935
0.000000
0.000000
0.000000
-1.312016
0.473813
1.020935
0.000000
0.000000
0.000000
0.000000
0.000000
0.000000
-1.284180
1.200946
0.596231
-1.355398
1.208187
0.559333
0.000000
0.000000
0.000000
0.000000
0.000000
0.000000
-1.256319
1.046354
0.561818
-1.250143
1.139538
0.533839
0.000000
0.000000
0.000000
0.000000
0.000000
0.000000
-1.162669
0.898308
0.786098
-1.265936
0.664312
0.857647
0.000000
0.000000
0.000000
0.000000
0.000000
0.000000
-1.145552
0.825255
0.747493
-1.226274
0.733755
0.715079
0.000000
0.000000
0.000000
0.000000
0.000000
0.000000
-1.537463
1.144785
0.674649
-1.566648
1.141400
0.635709
0.000000
0.000000
0.000000
0.000000
0.000000
0.000000
-1.421456
0.713591
0.880653
-1.371729
0.995888
0.844611
0.000000
0.000000
0.000000
0.000000
0.000000
0.000000
-1.126766
0.611516
0.679879
-1.152462
0.554022
0.785668
0.000000
0.000000
0.000000
0.000000
0.000000
0.000000
-1.374072
0.630899
0.645593
-1.329616
0.726006
0.804839
0.000000
0.000000
0.000000
0.000000
0.000000
0.000000
-1.069421
0.830827
0.784312
-1.146390
0.791160
0.793990
0.000000
0.000000
0.000000
0.000000
0.000000
0.000000
-1.388244
1.061284
0.662070
-1.380831
1.035381
0.677987
-1.230958
0.638044
0.654395
-1.302529
0.639095
0.950897
-1.208315
0.653452
0.654395
-1.285028
0.656617
0.911820
0.000000
0.000000
0.000000
0.000000
0.000000
0.000000
-1.475119
1.120694
0.644806
-1.519595
1.070018
0.657748
0.000000
0.000000
0.000000
0.000000
0.000000
0.000000
-1.379971
1.014716
0.660690
-1.411820
0.992773
0.676880
0.000000
0.000000
0.000000
0.000000
0.000000
0.000000
-1.077741
0.906092
0.782959
-1.133245
0.849628
0.630064
0.000000
0.000000
0.000000
0.000000
0.000000
0.000000
0.000000
0.000000
0.000000
-1.199445
0.889780
0.821649
0.000000
0.000000
0.000000
0.000000
0.000000
0.000000
-0.946862
1.208412
0.789498
-0.934059
1.030400
0.729187
0.000000
0.000000
0.000000
0.000000
0.000000
0.000000
-1.341342
0.751579
0.687582
-1.335230
0.884218
0.871975
0.000000
0.000000
0.000000
-1.174539
0.987635
0.958111
0.000000
0.000000
0.000000
-1.168265
0.989241
0.958111
0.000000
0.000000
0.000000
0.000000
0.000000
0.000000
-1.404802
0.771491
0.765255
-1.458790
0.726660
0.792003
0.000000
0.000000
0.000000
0.000000
0.000000
0.000000
-1.090224
0.905352
0.619386
-1.097829
1.158211
0.536952
0.000000
0.000000
0.000000
0.000000
0.000000
0.000000
-1.348528
0.627767
0.826019
-1.437837
0.493605
0.817260
0.000000
0.000000
0.000000
0.000000
0.000000
0.000000
-1.178619
0.669188
0.724278
-1.144271
0.871269
0.782707
0.000000
0.000000
0.000000
0.000000
0.000000
0.000000
-1.439037
1.373332
0.713071
-1.577720
0.922885
0.666102
0.000000
0.000000
0.000000
0.000000
0.000000
0.000000
-1.081677
0.587008
0.605139
-1.113776
0.532326
0.846440
0.000000
0.000000
0.000000
0.000000
0.000000
0.000000
-1.401035
0.453607
0.751380
-1.376958
0.514134
0.845286
0.000000
0.000000
0.000000
0.000000
0.000000
0.000000
-1.212873
0.521067
0.864123
-1.315224
0.439902
0.872178
0.000000
0.000000
0.000000
0.000000
0.000000
0.000000
-1.379565
0.630549
0.827700
-1.412541
0.599858
0.836195
0.000000
0.000000
0.000000
0.000000
0.000000
0.000000
-1.286359
0.760205
0.780850
-1.408789
0.631724
0.808936
0.000000
0.000000
0.000000
0.000000
0.000000
0.000000
-1.220124
0.595319
0.894933
-1.234024
0.679502
0.839238
0.000000
0.000000
0.000000
0.000000
0.000000
0.000000
-1.277390
0.609225
0.842651
-1.359650
0.533650
0.835465
0.000000
0.000000
0.000000
0.000000
0.000000
0.000000
-0.952479
1.076951
0.704203
-1.056349
1.018411
0.819954
0.000000
0.000000
0.000000
0.000000
0.000000
0.000000
-1.359564
0.827952
0.728022
-1.341520
1.017424
0.742944
0.000000
0.000000
0.000000
0.000000
0.000000
0.000000
-1.414731
1.325051
0.835187
-1.465989
1.180384
0.739819
0.000000
0.000000
0.000000
0.000000
0.000000
0.000000
0.000000
0.000000
0.000000
-1.420333
0.832412
0.858598
0.000000
0.000000
0.000000
0.000000
0.000000
0.000000
-1.199179
0.504925
0.824507
-1.277482
0.490579
0.849634
0.000000
0.000000
0.000000
0.000000
0.000000
0.000000
-1.330256
0.797876
0.884211
-1.425915
0.839917
0.813438
0.000000
0.000000
0.000000
0.000000
0.000000
0.000000
-1.422263
0.523494
0.873532
-1.430663
0.505830
0.891704
0.000000
0.000000
0.000000
0.000000
0.000000
0.000000
-1.290160
1.158930
0.625383
-1.390236
0.790492
0.658963
0.000000
0.000000
0.000000
0.000000
0.000000
0.000000
-1.119878
0.725539
0.791199
-1.086500
0.608705
0.667081
0.000000
0.000000
0.000000
0.000000
0.000000
0.000000
-1.194043
1.127213
0.704025
-1.153977
1.146874
0.640045
0.000000
0.000000
0.000000
0.000000
0.000000
0.000000
-1.216242
0.571158
0.773133
-1.227594
0.714102
0.765154
0.000000
0.000000
0.000000
0.000000
0.000000
0.000000
-1.150144
1.164403
0.552444
-1.213482
1.179602
0.571157
-1.040420
0.650148
0.773746
-1.015672
0.688304
0.788503
-1.046479
0.609408
0.771552
-1.034057
0.683339
0.781788
0.000000
0.000000
0.000000
0.000000
0.000000
0.000000
-1.124488
0.688267
0.812031
-1.026250
0.950026
0.789735
0.000000
0.000000
0.000000
0.000000
0.000000
0.000000
-1.353765
0.735982
0.796814
-1.366573
0.773971
0.817943
0.000000
0.000000
0.000000
0.000000
0.000000
0.000000
-1.219701
0.974126
0.588825
-1.229261
1.106582
0.681818
0.000000
0.000000
0.000000
0.000000
0.000000
0.000000
-0.928921
1.916797
0.600053
-1.160282
1.170842
0.605859
0.000000
0.000000
0.000000
0.000000
0.000000
0.000000
-1.290205
0.461453
0.832007
-1.470325
0.332186
0.959412
0.000000
0.000000
0.000000
0.000000
0.000000
0.000000
-1.512219
0.784586
0.781056
-1.549097
0.785345
0.776187
0.000000
0.000000
0.000000
0.000000
0.000000
0.000000
-1.449325
0.749717
0.793119
-1.475491
0.775515
0.773502
0.000000
0.000000
0.000000
0.000000
0.000000
0.000000
-1.063684
0.793447
0.899710
-1.158179
0.597930
0.748640
-1.141325
0.795783
0.622423
-1.049759
0.905614
0.725959
-1.141639
0.799588
0.622423
-1.032426
0.906008
0.725959
-1.077480
0.616896
0.755225
-1.001338
0.760635
0.741901
-0.955248
0.609139
0.745735
-0.860842
0.753566
0.738539
0.000000
0.000000
0.000000
0.000000
0.000000
0.000000
0.000000
0.000000
0.000000
-1.322277
0.838804
0.765802
0.000000
0.000000
0.000000
0.000000
0.000000
0.000000
-1.172524
0.848412
0.719476
-1.264269
0.669723
0.804817
0.000000
0.000000
0.000000
0.000000
0.000000
0.000000
-1.110863
0.593389
0.848308
-1.086533
0.581071
0.796493
0.000000
0.000000
0.000000
0.000000
0.000000
0.000000
0.000000
0.000000
0.000000
-1.064838
0.640183
0.847277
0.000000
0.000000
0.000000
0.000000
0.000000
0.000000
-1.185265
0.797579
0.675719
-1.143665
1.044111
0.829200
-0.989355
0.739731
0.639437
-0.955217
0.837387
0.641402
-1.030836
0.896925
0.643331
-0.978785
0.858096
0.706587
-1.227772
0.936998
0.714942
-1.339193
0.784095
0.764421
-1.208434
0.961651
0.714942
-1.338201
0.817889
0.787098
0.000000
0.000000
0.000000
0.000000
0.000000
0.000000
0.000000
0.000000
0.000000
-1.250710
0.487514
0.682554
0.000000
0.000000
0.000000
0.000000
0.000000
0.000000
0.000000
0.000000
0.000000
-1.143528
0.820744
0.756760
0.000000
0.000000
0.000000
0.000000
0.000000
0.000000
0.000000
0.000000
0.000000
-1.088729
0.739878
0.751450
0.000000
0.000000
0.000000
0.000000
0.000000
0.000000
-1.361035
0.420908
0.935701
-1.279134
0.436857
0.886109
0.000000
0.000000
0.000000
0.000000
0.000000
0.000000
-1.069788
0.934656
0.774520
-1.308100
0.596476
0.831167
0.000000
0.000000
0.000000
0.000000
0.000000
0.000000
-0.980576
0.586067
0.705900
-0.896986
0.728272
0.707843
0.000000
0.000000
0.000000
0.000000
0.000000
0.000000
-1.287205
0.720343
0.737230
-1.278428
0.819713
0.741944
0.000000
0.000000
0.000000
0.000000
0.000000
0.000000
-1.240947
0.790837
0.723929
-1.229091
0.887615
0.685075
0.000000
0.000000
0.000000
0.000000
0.000000
0.000000
-1.456404
0.560936
0.914261
-1.410447
0.585191
0.832951
0.000000
0.000000
0.000000
0.000000
0.000000
0.000000
-1.258439
1.157864
0.414455
-1.298716
1.099187
0.501066
0.000000
0.000000
0.000000
0.000000
0.000000
0.000000
-1.141730
0.864556
0.664055
-1.052289
0.999555
0.580088
0.000000
0.000000
0.000000
0.000000
0.000000
0.000000
-1.291358
0.598907
0.793471
-1.350003
0.548235
0.775043
0.000000
0.000000
0.000000
0.000000
0.000000
0.000000
-1.311520
0.625403
0.792501
-1.458628
0.510196
0.875823
0.000000
0.000000
0.000000
0.000000
0.000000
0.000000
-1.327699
0.827518
0.709693
-1.377159
1.002542
0.710939
-1.291844
0.938787
0.698303
-1.288923
1.126058
0.661597
-1.225158
0.886401
0.693450
-1.180770
1.174556
0.623555
0.000000
0.000000
0.000000
0.000000
0.000000
0.000000
-1.363573
1.292869
0.454699
-1.419468
1.328458
0.448194
0.000000
0.000000
0.000000
0.000000
0.000000
0.000000
0.000000
0.000000
0.000000
-1.223938
0.933039
0.665655
0.000000
0.000000
0.000000
0.000000
0.000000
0.000000
-1.615249
0.362001
0.896451
-1.642315
0.376246
0.907051
0.000000
0.000000
0.000000
0.000000
0.000000
0.000000
0.000000
0.000000
0.000000
-1.117064
0.769695
0.686891
0.000000
0.000000
0.000000
0.000000
0.000000
0.000000
-1.324244
1.141457
0.478283
-1.299608
1.213073
0.509028
0.000000
0.000000
0.000000
0.000000
0.000000
0.000000
-1.474373
0.652246
0.667955
-1.292254
1.149354
0.666636
0.000000
0.000000
0.000000
0.000000
0.000000
0.000000
0.000000
0.000000
0.000000
-1.199514
0.725418
0.771089
0.000000
0.000000
0.000000
0.000000
0.000000
0.000000
0.000000
0.000000
0.000000
-1.010248
1.435265
0.795821
0.000000
0.000000
0.000000
0.000000
0.000000
0.000000
-1.378442
0.418429
0.905337
-1.422937
0.451495
0.870596
-1.504495
1.004607
0.699800
-1.549137
0.946853
0.724163
-1.413601
1.008925
0.694087
-1.460804
0.941117
0.715260
0.000000
0.000000
0.000000
0.000000
0.000000
0.000000
-1.395244
0.865985
0.741762
-1.427065
0.865852
0.747716
0.000000
0.000000
0.000000
0.000000
0.000000
0.000000
-1.323902
0.681124
0.751548
-1.385079
0.658795
0.786278
0.000000
0.000000
0.000000
0.000000
0.000000
0.000000
-1.223558
0.813047
0.749104
-1.253920
0.837403
0.749342
0.000000
0.000000
0.000000
0.000000
0.000000
0.000000
-0.975741
0.899267
0.745168
-1.009543
0.976996
0.623061
0.000000
0.000000
0.000000
0.000000
0.000000
0.000000
-1.449770
0.738790
0.795729
-1.418118
0.846806
0.776990
0.000000
0.000000
0.000000
0.000000
0.000000
0.000000
-1.296044
0.770082
0.758053
-1.387149
0.735879
0.789859
0.000000
0.000000
0.000000
0.000000
0.000000
0.000000
-1.108229
0.675188
0.650781
-1.052444
0.902106
0.772195
0.000000
0.000000
0.000000
0.000000
0.000000
0.000000
-1.501710
0.444605
0.874308
-1.531871
0.453611
0.874188
-1.339983
0.612206
0.829597
-1.381001
0.593028
0.852040
-1.272141
0.612699
0.816826
-1.310263
0.584413
0.847708
0.000000
0.000000
0.000000
0.000000
0.000000
0.000000
-1.490402
0.531667
0.831999
-1.508718
0.549520
0.858119
0.000000
0.000000
0.000000
0.000000
0.000000
0.000000
0.000000
0.000000
0.000000
-1.281956
0.529078
0.718278
0.000000
0.000000
0.000000
-1.209371
0.698269
0.772864
0.000000
0.000000
0.000000
-1.235850
0.709419
0.772864
0.000000
0.000000
0.000000
0.000000
0.000000
0.000000
-1.644611
0.675156
0.832104
-1.671629
0.668407
0.834190
0.000000
0.000000
0.000000
0.000000
0.000000
0.000000
-1.276176
0.512351
0.803343
-1.274226
0.696187
0.885879
0.000000
0.000000
0.000000
0.000000
0.000000
0.000000
0.000000
0.000000
0.000000
-1.032619
1.351197
0.684534
0.000000
0.000000
0.000000
0.000000
0.000000
0.000000
-1.540076
0.665379
0.831677
-1.564872
0.670940
0.831951
0.000000
0.000000
0.000000
0.000000
0.000000
0.000000
-1.369076
0.525730
0.990006
-1.370498
0.510498
0.875715
0.000000
0.000000
0.000000
0.000000
0.000000
0.000000
-1.320677
1.011486
0.704360
-1.364107
1.000095
0.682356
0.000000
0.000000
0.000000
0.000000
0.000000
0.000000
-1.298822
0.544042
0.910394
-1.301059
0.566025
0.850813
-1.251238
0.544275
0.802805
-1.341537
0.470813
0.815884
-1.249334
0.541840
0.802805
-1.335403
0.470261
0.815888
0.000000
0.000000
0.000000
0.000000
0.000000
0.000000
0.000000
0.000000
0.000000
-1.186150
1.120380
0.635556
0.000000
0.000000
0.000000
0.000000
0.000000
0.000000
-1.620185
0.503314
0.682885
-1.718588
0.431792
0.932644
0.000000
0.000000
0.000000
0.000000
0.000000
0.000000
-1.231529
0.821271
0.654837
-1.187770
1.008823
0.600200
0.000000
0.000000
0.000000
0.000000
0.000000
0.000000
-1.330889
0.535103
0.678221
-1.226225
0.855599
0.742436
-1.206855
0.893063
0.725855
-1.229083
0.876088
0.715183
-1.181707
0.621419
0.812425
-1.204045
0.620420
0.810602
0.000000
0.000000
0.000000
0.000000
0.000000
0.000000
-1.145616
0.957743
0.654420
-1.217585
1.049578
0.654743
0.000000
0.000000
0.000000
0.000000
0.000000
0.000000
-1.510371
0.952265
0.758407
-1.525740
0.978126
0.737838
0.000000
0.000000
0.000000
0.000000
0.000000
0.000000
-1.272635
1.113122
0.666781
-1.372837
0.960432
0.704592
0.000000
0.000000
0.000000
0.000000
0.000000
0.000000
-1.419401
1.215481
0.574966
-1.445237
1.214265
0.539328
-1.277512
0.367192
0.951732
-1.241847
0.351872
0.885724
-1.290259
0.357671
0.956667
-1.239805
0.348328
0.885804
0.000000
0.000000
0.000000
0.000000
0.000000
0.000000
-1.426273
0.691826
0.671477
-1.435615
0.618084
0.819916
0.000000
0.000000
0.000000
0.000000
0.000000
0.000000
-1.268506
0.602798
0.782825
-1.308951
0.637392
0.856864
0.000000
0.000000
0.000000
0.000000
0.000000
0.000000
-1.381346
0.506369
0.696875
-1.567424
0.468650
1.064502
0.000000
0.000000
0.000000
0.000000
0.000000
0.000000
-1.163826
0.846863
0.750006
-1.265702
0.793812
0.775629
0.000000
0.000000
0.000000
0.000000
0.000000
0.000000
-1.498919
0.718845
0.747717
-1.558378
0.878239
0.898171
0.000000
0.000000
0.000000
0.000000
0.000000
0.000000
-1.188595
0.737888
0.739969
-1.256858
0.723286
0.759111
0.000000
0.000000
0.000000
0.000000
0.000000
0.000000
-1.195629
0.578876
0.809681
-1.183284
0.614838
0.805328
-1.280248
0.704167
0.774236
-1.263498
0.700711
0.762707
-1.202411
0.808874
0.766136
-1.187515
0.881986
0.730862
0.000000
0.000000
0.000000
0.000000
0.000000
0.000000
-1.210343
0.731309
0.751928
-1.310268
0.651857
0.770537
0.000000
0.000000
0.000000
0.000000
0.000000
0.000000
0.000000
0.000000
0.000000
-1.244835
0.481504
0.783900
0.000000
0.000000
0.000000
0.000000
0.000000
0.000000
-1.426851
0.779041
0.786575
-1.448060
0.882902
0.699272
0.000000
0.000000
0.000000
0.000000
0.000000
0.000000
0.000000
0.000000
0.000000
-1.309003
0.602949
0.610801
0.000000
0.000000
0.000000
0.000000
0.000000
0.000000
-1.278903
0.886472
0.727888
-1.325458
0.883405
0.728516
0.000000
0.000000
0.000000
0.000000
0.000000
0.000000
-1.392000
0.944853
0.785048
-1.402476
0.947985
0.742763
0.000000
0.000000
0.000000
0.000000
0.000000
0.000000
-1.265532
0.817968
0.873224
-1.242818
1.056923
0.763275
0.000000
0.000000
0.000000
0.000000
0.000000
0.000000
-1.305689
0.866619
0.754999
-1.283832
0.924106
0.738151
0.000000
0.000000
0.000000
0.000000
0.000000
0.000000
-1.273035
1.089130
0.571231
-1.289858
1.128926
0.572515
0.000000
0.000000
0.000000
0.000000
0.000000
0.000000
-1.322914
0.874121
0.647100
-1.372269
0.875103
0.705609
0.000000
0.000000
0.000000
0.000000
0.000000
0.000000
-1.469976
0.441094
0.708559
-1.535577
0.281534
1.060168
0.000000
0.000000
0.000000
0.000000
0.000000
0.000000
0.000000
0.000000
0.000000
-1.331528
0.476636
0.738221
0.000000
0.000000
0.000000
0.000000
0.000000
0.000000
-1.233807
0.626668
0.622772
-1.346901
0.656505
0.871850
0.000000
0.000000
0.000000
0.000000
0.000000
0.000000
-1.305825
0.934310
0.832030
-1.416802
0.848036
0.791514
0.000000
0.000000
0.000000
0.000000
0.000000
0.000000
-1.198321
1.179192
0.698017
-1.337101
1.121725
0.555517
0.000000
0.000000
0.000000
0.000000
0.000000
0.000000
0.000000
0.000000
0.000000
-0.941736
0.763564
0.934546
0.000000
0.000000
0.000000
0.000000
0.000000
0.000000
-1.119989
0.741353
0.665261
-1.081591
0.877533
0.610767
0.000000
0.000000
0.000000
0.000000
0.000000
0.000000
-1.160861
0.853191
0.794269
-1.358531
0.857184
0.992802
0.000000
0.000000
0.000000
0.000000
0.000000
0.000000
-1.216834
0.851124
0.717576
-1.279034
0.910419
0.728075
-1.101810
1.002242
0.703497
-1.262434
0.813818
0.664451
-1.056443
1.044540
0.742815
-1.237034
0.811534
0.669839
0.000000
0.000000
0.000000
0.000000
0.000000
0.000000
-1.291957
0.667459
0.616053
-1.248585
0.964898
0.940123
0.000000
0.000000
0.000000
0.000000
0.000000
0.000000
-1.127632
0.809843
0.681362
-1.140631
0.809082
0.578891
0.000000
0.000000
0.000000
0.000000
0.000000
0.000000
-1.271815
0.664977
0.797820
-1.306593
0.601267
0.725105
0.000000
0.000000
0.000000
0.000000
0.000000
0.000000
-1.288958
1.036162
0.695342
-1.283726
1.113340
0.634643
0.000000
0.000000
0.000000
0.000000
0.000000
0.000000
-1.230489
1.759608
0.858012
-1.364344
1.441273
0.756737
0.000000
0.000000
0.000000
0.000000
0.000000
0.000000
-1.306427
0.437487
0.921985
-1.362521
0.450553
0.900717
0.000000
0.000000
0.000000
0.000000
0.000000
0.000000
0.000000
0.000000
0.000000
-1.201900
0.548655
0.749973
0.000000
0.000000
0.000000
0.000000
0.000000
0.000000
-1.415677
1.168912
0.571351
-1.431595
1.192485
0.681058
0.000000
0.000000
0.000000
0.000000
0.000000
0.000000
-1.035385
1.162526
0.662872
-1.165240
1.088854
0.595157
0.000000
0.000000
0.000000
-1.265336
0.442309
0.730080
0.000000
0.000000
0.000000
-1.219410
0.449363
0.730080
0.000000
0.000000
0.000000
0.000000
0.000000
0.000000
-1.436577
0.965701
0.689452
-1.448663
1.003347
0.677684
0.000000
0.000000
0.000000
0.000000
0.000000
0.000000
-1.437782
0.994779
0.746333
-1.470103
0.972735
0.714528
0.000000
0.000000
0.000000
0.000000
0.000000
0.000000
-1.216640
1.095774
0.652284
-1.273671
1.185881
0.567937
0.000000
0.000000
0.000000
0.000000
0.000000
0.000000
-1.271116
0.444842
0.636470
-1.271130
0.595650
0.929208
0.000000
0.000000
0.000000
0.000000
0.000000
0.000000
0.000000
0.000000
0.000000
-1.302489
0.906874
0.672911
0.000000
0.000000
0.000000
0.000000
0.000000
0.000000
-1.196541
0.993889
0.652281
-1.228005
1.046989
0.615340
0.000000
0.000000
0.000000
0.000000
0.000000
0.000000
-1.226812
0.684151
0.680450
-1.231748
0.829700
0.672318
0.000000
0.000000
0.000000
0.000000
0.000000
0.000000
-1.383561
0.380818
1.385218
-1.431422
0.324894
1.121868
0.000000
0.000000
0.000000
0.000000
0.000000
0.000000
-1.462539
1.386733
0.446257
-1.485723
1.400411
0.488923
0.000000
0.000000
0.000000
0.000000
0.000000
0.000000
0.000000
0.000000
0.000000
-0.987321
1.251294
0.666797
0.000000
0.000000
0.000000
0.000000
0.000000
0.000000
0.000000
0.000000
0.000000
-1.520168
0.663341
0.688155
0.000000
0.000000
0.000000
0.000000
0.000000
0.000000
-1.251293
0.642395
0.753028
-1.316011
0.602121
0.892931
0.000000
0.000000
0.000000
0.000000
0.000000
0.000000
0.000000
0.000000
0.000000
-1.281900
0.536654
0.789655
0.000000
0.000000
0.000000
0.000000
0.000000
0.000000
-1.166169
0.868987
0.720117
-1.210420
0.821780
0.749213
0.000000
0.000000
0.000000
0.000000
0.000000
0.000000
-1.484531
0.653396
0.695367
-1.454076
0.800823
0.727090
0.000000
0.000000
0.000000
0.000000
0.000000
0.000000
-1.530507
0.547292
0.852881
-1.554569
0.555640
0.851673
0.000000
0.000000
0.000000
0.000000
0.000000
0.000000
0.000000
0.000000
0.000000
-1.365264
0.891127
0.715914
0.000000
0.000000
0.000000
0.000000
0.000000
0.000000
-1.294751
1.031548
0.941081
-1.302668
0.857049
0.922034
0.000000
0.000000
0.000000
0.000000
0.000000
0.000000
-1.118349
0.879779
0.669453
-1.051728
0.876855
0.823444
0.000000
0.000000
0.000000
0.000000
0.000000
0.000000
-1.280729
1.131697
0.625054
-1.354536
1.153493
0.581774
0.000000
0.000000
0.000000
0.000000
0.000000
0.000000
-1.131298
0.734437
0.684263
-1.108633
0.756117
0.697063
0.000000
0.000000
0.000000
0.000000
0.000000
0.000000
-1.341135
0.919489
0.722736
-1.418908
0.947317
0.683273
0.000000
0.000000
0.000000
0.000000
0.000000
0.000000
-1.220752
0.630470
0.778180
-1.277554
0.651377
0.772521
0.000000
0.000000
0.000000
0.000000
0.000000
0.000000
-1.425763
1.139332
0.640268
-1.454130
1.182635
0.630401
0.000000
0.000000
0.000000
0.000000
0.000000
0.000000
-1.376358
0.784052
0.921176
-1.399253
0.833817
0.807911
0.000000
0.000000
0.000000
0.000000
0.000000
0.000000
-1.483688
0.848237
0.747767
-1.469934
0.989468
0.696617
0.000000
0.000000
0.000000
0.000000
0.000000
0.000000
-1.211021
0.767545
0.782643
-1.247422
0.845831
0.812242
0.000000
0.000000
0.000000
0.000000
0.000000
0.000000
-1.291722
0.604049
0.908083
-1.305827
0.573905
0.870347
0.000000
0.000000
0.000000
0.000000
0.000000
0.000000
-1.513718
0.646564
0.757307
-1.393632
0.777379
0.744048
0.000000
0.000000
0.000000
0.000000
0.000000
0.000000
0.000000
0.000000
0.000000
-1.311557
0.954208
0.691100
0.000000
0.000000
0.000000
0.000000
0.000000
0.000000
-1.365039
1.055260
0.627442
-1.395503
1.067648
0.625024
0.000000
0.000000
0.000000
0.000000
0.000000
0.000000
0.000000
0.000000
0.000000
-1.045428
0.992253
0.735336
0.000000
0.000000
0.000000
0.000000
0.000000
0.000000
0.000000
0.000000
0.000000
-1.313504
0.599668
0.960372
-1.226940
0.479974
0.937499
-1.239937
0.472779
0.850181
-1.217117
0.475933
0.937499
-1.225373
0.470262
0.850181
0.000000
0.000000
0.000000
0.000000
0.000000
0.000000
-1.171586
0.950626
0.639802
-1.211723
0.933109
0.675566
0.000000
0.000000
0.000000
0.000000
0.000000
0.000000
-0.855531
1.245841
0.607926
-0.889467
1.135533
0.481585
0.000000
0.000000
0.000000
-1.137821
0.456644
0.771882
0.000000
0.000000
0.000000
-1.162728
0.459849
0.771882
0.000000
0.000000
0.000000
0.000000
0.000000
0.000000
-1.024554
0.700944
0.738800
-1.132207
0.679228
0.744835
0.000000
0.000000
0.000000
0.000000
0.000000
0.000000
-1.056332
2.003795
0.706344
-1.289282
1.159640
0.525722
0.000000
0.000000
0.000000
0.000000
0.000000
0.000000
0.000000
0.000000
0.000000
-1.251121
0.721491
0.745298
0.000000
0.000000
0.000000
0.000000
0.000000
0.000000
-1.289623
0.843195
0.694563
-1.305747
0.706917
0.750526
0.000000
0.000000
0.000000
0.000000
0.000000
0.000000
-0.963229
0.678908
0.772049
-1.138951
0.465791
0.871736
0.000000
0.000000
0.000000
0.000000
0.000000
0.000000
-1.610860
1.430041
0.456237
-1.635858
1.409218
0.475948
0.000000
0.000000
0.000000
0.000000
0.000000
0.000000
-1.450938
0.865711
0.769044
-1.498502
0.770951
0.788191
0.000000
0.000000
0.000000
0.000000
0.000000
0.000000
-1.401632
0.551247
0.854806
-1.432712
0.557782
0.846837
0.000000
0.000000
0.000000
0.000000
0.000000
0.000000
-1.495368
0.410751
0.836545
-1.501675
0.582182
0.959100
0.000000
0.000000
0.000000
0.000000
0.000000
0.000000
-1.328990
0.673861
0.669176
-1.347692
0.775673
0.700749
0.000000
0.000000
0.000000
0.000000
0.000000
0.000000
-1.484165
0.424346
0.851456
-1.478034
0.422285
0.877208
0.000000
0.000000
0.000000
0.000000
0.000000
0.000000
-1.316696
0.638119
0.752030
-1.292603
0.791131
0.874599
-1.464663
0.243773
0.895433
-1.466942
0.251637
0.898887
-1.416231
0.275169
0.891578
-1.425550
0.287822
0.894524
0.000000
0.000000
0.000000
0.000000
0.000000
0.000000
-1.704292
0.480157
0.874252
-1.726322
0.484017
0.873393
0.000000
0.000000
0.000000
0.000000
0.000000
0.000000
-1.409672
0.360073
0.888787
-1.423395
0.359070
0.879831
0.000000
0.000000
0.000000
0.000000
0.000000
0.000000
-1.754928
0.446277
0.881740
-1.773862
0.450708
0.880965
0.000000
0.000000
0.000000
0.000000
0.000000
0.000000
-0.926013
1.026353
0.684729
-1.088762
0.851755
0.733071
0.000000
0.000000
0.000000
0.000000
0.000000
0.000000
-1.350918
0.890386
0.722196
-1.381245
0.890937
0.736980
0.000000
0.000000
0.000000
0.000000
0.000000
0.000000
-1.448764
0.762276
0.774329
-1.482222
0.745160
0.794966
0.000000
0.000000
0.000000
0.000000
0.000000
0.000000
-1.247578
0.669328
0.829376
-1.305283
0.740933
0.780808
0.000000
0.000000
0.000000
0.000000
0.000000
0.000000
-1.086502
1.231940
0.594146
-1.156047
1.311542
0.462804
0.000000
0.000000
0.000000
0.000000
0.000000
0.000000
-1.101469
0.616022
0.795936
-1.211002
0.461168
0.878000
0.000000
0.000000
0.000000
0.000000
0.000000
0.000000
-1.310157
0.518808
0.779243
-1.250925
0.551172
0.896366
0.000000
0.000000
0.000000
0.000000
0.000000
0.000000
0.000000
0.000000
0.000000
-1.307012
0.587995
0.754692
0.000000
0.000000
0.000000
0.000000
0.000000
0.000000
-1.277562
1.027442
0.867833
-1.398354
0.799578
0.791689
0.000000
0.000000
0.000000
0.000000
0.000000
0.000000
-1.141434
0.698553
0.802795
-1.145893
0.644114
0.830902
0.000000
0.000000
0.000000
0.000000
0.000000
0.000000
0.000000
0.000000
0.000000
-1.487411
0.844970
0.797477
0.000000
0.000000
0.000000
0.000000
0.000000
0.000000
0.000000
0.000000
0.000000
-1.358096
0.597391
0.639598
0.000000
0.000000
0.000000
0.000000
0.000000
0.000000
-1.444129
1.135620
0.574391
-1.454214
1.133902
0.609507
0.000000
0.000000
0.000000
0.000000
0.000000
0.000000
-1.331010
1.120090
0.512818
-1.349191
1.196028
0.520564
-1.321408
0.853964
0.736711
-1.234499
1.247210
0.667712
-1.305861
0.859826
0.736711
-1.182122
1.275723
0.660692
0.000000
0.000000
0.000000
0.000000
0.000000
0.000000
-1.371605
0.475202
0.873565
-1.501609
0.417623
0.885663
0.000000
0.000000
0.000000
0.000000
0.000000
0.000000
0.000000
0.000000
0.000000
-1.099190
1.038491
0.881763
-1.428226
0.759693
0.787655
-1.465247
0.720183
0.825739
-1.280600
0.751632
0.758418
-1.281005
0.776710
0.780216
0.000000
0.000000
0.000000
0.000000
0.000000
0.000000
-1.219038
0.704422
0.801492
-1.292393
0.752471
0.676469
0.000000
0.000000
0.000000
0.000000
0.000000
0.000000
-1.375822
0.974055
0.662199
-1.382075
1.034202
0.657660
0.000000
0.000000
0.000000
0.000000
0.000000
0.000000
-1.316291
0.565883
0.812521
-1.357538
0.509001
0.838476
0.000000
0.000000
0.000000
0.000000
0.000000
0.000000
0.000000
0.000000
0.000000
-1.106506
0.798244
0.704647
0.000000
0.000000
0.000000
0.000000
0.000000
0.000000
0.000000
0.000000
0.000000
-1.310263
0.792069
0.636247
0.000000
0.000000
0.000000
0.000000
0.000000
0.000000
-1.151911
0.686740
0.948702
-1.262764
0.647267
0.790565
0.000000
0.000000
0.000000
0.000000
0.000000
0.000000
-1.196451
0.882344
0.769503
-1.256740
0.855052
0.773456
0.000000
0.000000
0.000000
0.000000
0.000000
0.000000
-1.267332
0.601320
0.869398
-1.381295
0.468554
0.860162
0.000000
0.000000
0.000000
-1.324987
0.600913
1.117286
0.000000
0.000000
0.000000
-1.298367
0.608921
1.117286
0.000000
0.000000
0.000000
0.000000
0.000000
0.000000
-1.212378
0.581796
0.840217
-1.257643
0.601835
0.756572
0.000000
0.000000
0.000000
0.000000
0.000000
0.000000
-1.131734
0.885798
0.665619
-1.257129
0.826265
0.657856
0.000000
0.000000
0.000000
0.000000
0.000000
0.000000
-1.516655
0.773510
0.784502
-1.540281
0.777159
0.784771
0.000000
0.000000
0.000000
0.000000
0.000000
0.000000
-1.197270
1.220190
0.717327
-1.268896
0.992959
0.999529
0.000000
0.000000
0.000000
0.000000
0.000000
0.000000
-1.543566
0.712254
0.813550
-1.572742
0.703011
0.812844
0.000000
0.000000
0.000000
0.000000
0.000000
0.000000
-1.300529
0.859546
0.628313
-1.232627
1.052403
0.590179
0.000000
0.000000
0.000000
0.000000
0.000000
0.000000
-1.393042
0.557025
1.077831
-1.435141
0.434407
0.920246
0.000000
0.000000
0.000000
0.000000
0.000000
0.000000
0.000000
0.000000
0.000000
-1.357848
0.830284
0.753249
0.000000
0.000000
0.000000
0.000000
0.000000
0.000000
-1.260272
0.436658
0.931164
-1.239838
0.444863
0.847436
0.000000
0.000000
0.000000
0.000000
0.000000
0.000000
-1.296302
0.768607
0.802095
-1.242688
0.806549
0.752501
0.000000
0.000000
0.000000
0.000000
0.000000
0.000000
-1.115158
0.816363
0.574079
-1.148313
0.959869
0.635761
-1.214851
0.848481
0.722694
-1.230329
0.873658
0.777181
-1.225111
0.851063
0.722694
-1.221308
0.881861
0.777181
0.000000
0.000000
0.000000
0.000000
0.000000
0.000000
0.000000
0.000000
0.000000
-1.202038
0.813405
0.726251
0.000000
0.000000
0.000000
0.000000
0.000000
0.000000
-1.245522
0.881369
0.708271
-1.262536
0.882570
0.718439
0.000000
0.000000
0.000000
0.000000
0.000000
0.000000
-1.259689
0.654037
0.695851
-1.153260
0.954183
0.644276
0.000000
0.000000
0.000000
0.000000
0.000000
0.000000
-1.349602
0.630665
0.885735
-1.358650
0.496820
0.873214
0.000000
0.000000
0.000000
0.000000
0.000000
0.000000
-1.376192
1.024433
0.568646
-1.380009
1.169394
0.490789
0.000000
0.000000
0.000000
0.000000
0.000000
0.000000
-1.284845
0.799033
0.738928
-1.286897
0.743276
0.788442
0.000000
0.000000
0.000000
0.000000
0.000000
0.000000
-1.509980
0.467463
0.850690
-1.551498
0.474058
0.864921
-1.125096
0.997229
0.700309
-1.104230
1.027998
0.710182
-1.114980
1.003954
0.700309
-1.073255
1.153738
0.702292
0.000000
0.000000
0.000000
0.000000
0.000000
0.000000
-1.480406
0.417955
1.052796
-1.454692
0.425763
0.908855
0.000000
0.000000
0.000000
0.000000
0.000000
0.000000
-1.325085
0.417012
0.874829
-1.322341
0.490979
0.821786
0.000000
0.000000
0.000000
0.000000
0.000000
0.000000
-1.304804
0.842124
0.687828
-1.373959
1.042469
0.690947
0.000000
0.000000
0.000000
0.000000
0.000000
0.000000
0.000000
0.000000
0.000000
-1.620584
0.612495
0.621379
0.000000
0.000000
0.000000
0.000000
0.000000
0.000000
-1.150007
0.816025
0.788943
-1.220941
0.837401
0.728792
0.000000
0.000000
0.000000
0.000000
0.000000
0.000000
-1.294817
0.831215
0.652296
-1.335780
0.890999
0.647039
0.000000
0.000000
0.000000
0.000000
0.000000
0.000000
-1.257398
0.597348
0.781573
-1.225769
0.688284
0.772193
0.000000
0.000000
0.000000
0.000000
0.000000
0.000000
-0.996807
0.766394
0.703190
-1.046820
0.863939
0.667407
0.000000
0.000000
0.000000
0.000000
0.000000
0.000000
0.000000
0.000000
0.000000
-1.216309
0.750601
0.797869
0.000000
0.000000
0.000000
0.000000
0.000000
0.000000
-1.234719
0.916953
0.736475
-1.327849
0.755888
0.755974
0.000000
0.000000
0.000000
0.000000
0.000000
0.000000
-1.285654
0.882844
0.669107
-1.369917
0.830764
0.742735
0.000000
0.000000
0.000000
0.000000
0.000000
0.000000
-0.996357
0.919121
0.694901
-1.050927
0.834900
0.606774
0.000000
0.000000
0.000000
0.000000
0.000000
0.000000
-1.648105
0.570419
0.876540
-1.648557
0.594690
0.853490
0.000000
0.000000
0.000000
0.000000
0.000000
0.000000
-1.126228
0.852355
0.684377
-1.153799
0.697101
0.744570
0.000000
0.000000
0.000000
0.000000
0.000000
0.000000
-1.359602
0.451442
0.715218
-1.506310
0.422412
0.863658
0.000000
0.000000
0.000000
0.000000
0.000000
0.000000
-0.938941
1.037021
0.789876
-1.170306
0.827531
0.761166
0.000000
0.000000
0.000000
0.000000
0.000000
0.000000
0.000000
0.000000
0.000000
-1.223399
0.615079
0.723630
0.000000
0.000000
0.000000
0.000000
0.000000
0.000000
0.000000
0.000000
0.000000
-1.237982
0.994750
0.979907
0.000000
0.000000
0.000000
0.000000
0.000000
0.000000
0.000000
0.000000
0.000000
-1.022563
0.711675
0.921749
0.000000
0.000000
0.000000
0.000000
0.000000
0.000000
-1.336730
1.007821
0.585696
-1.402672
1.019714
0.645068
0.000000
0.000000
0.000000
0.000000
0.000000
0.000000
-1.289337
0.385112
0.704634
-1.412023
0.683804
0.921950
0.000000
0.000000
0.000000
0.000000
0.000000
0.000000
-1.313292
0.605466
0.905781
-1.320783
0.612928
0.811107
0.000000
0.000000
0.000000
0.000000
0.000000
0.000000
-1.237773
0.808670
0.734411
-1.273126
0.839362
0.746063
0.000000
0.000000
0.000000
0.000000
0.000000
0.000000
0.000000
0.000000
0.000000
-1.109215
0.780237
0.576915
0.000000
0.000000
0.000000
0.000000
0.000000
0.000000
-1.239466
0.710433
0.791061
-1.304489
0.651908
0.760345
0.000000
0.000000
0.000000
0.000000
0.000000
0.000000
0.000000
0.000000
0.000000
-1.294054
0.722199
0.683327
0.000000
0.000000
0.000000
0.000000
0.000000
0.000000
-1.195667
0.806678
0.875206
-1.206009
0.818741
0.941832
0.000000
0.000000
0.000000
0.000000
0.000000
0.000000
-1.455145
0.511385
0.743935
-1.455122
0.479168
0.897352
0.000000
0.000000
0.000000
0.000000
0.000000
0.000000
0.000000
0.000000
0.000000
-1.456486
0.518325
0.615443
-1.318390
0.700013
0.808015
-1.406117
0.697511
0.751501
-1.270945
0.692953
0.809623
-1.368481
0.693415
0.751752
0.000000
0.000000
0.000000
0.000000
0.000000
0.000000
-1.379294
0.815425
0.760719
-1.409054
0.774834
0.784409
-1.376569
0.906558
0.645580
-1.343500
0.888162
0.621755
-1.346108
0.957169
0.664482
-1.332821
0.913323
0.651345
0.000000
0.000000
0.000000
0.000000
0.000000
0.000000
-1.233064
1.101508
0.827957
-1.320964
0.868054
0.769836
0.000000
0.000000
0.000000
0.000000
0.000000
0.000000
0.000000
0.000000
0.000000
-1.301744
0.433426
0.805878
0.000000
0.000000
0.000000
0.000000
0.000000
0.000000
-1.251140
0.941407
0.661493
-1.261866
0.799792
0.657910
0.000000
0.000000
0.000000
0.000000
0.000000
0.000000
-1.172415
0.571212
0.952364
-1.179154
0.802324
0.868499
0.000000
0.000000
0.000000
0.000000
0.000000
0.000000
-1.549084
0.507650
0.849628
-1.627660
0.460975
0.876689
0.000000
0.000000
0.000000
0.000000
0.000000
0.000000
-1.330935
1.054977
0.736994
-1.370001
0.899365
0.718253
0.000000
0.000000
0.000000
0.000000
0.000000
0.000000
-1.395558
0.635327
0.843963
-1.395260
0.629717
0.811471
0.000000
0.000000
0.000000
0.000000
0.000000
0.000000
0.000000
0.000000
0.000000
-1.096374
0.799831
0.796325
0.000000
0.000000
0.000000
0.000000
0.000000
0.000000
-1.236890
0.986389
0.670509
-1.257653
0.908736
0.636582
0.000000
0.000000
0.000000
0.000000
0.000000
0.000000
-1.214284
0.885055
0.669018
-1.160193
1.059144
0.603649
0.000000
0.000000
0.000000
0.000000
0.000000
0.000000
-1.261752
0.734373
0.886682
-1.297446
0.643698
0.824835
0.000000
0.000000
0.000000
0.000000
0.000000
0.000000
-1.551495
0.522683
0.744112
-1.553452
0.508135
0.833772
0.000000
0.000000
0.000000
0.000000
0.000000
0.000000
-1.261813
0.872714
0.634432
-1.385824
0.608886
0.753599
0.000000
0.000000
0.000000
0.000000
0.000000
0.000000
-1.495179
0.530699
0.857118
-1.524286
0.500778
0.882039
-0.916961
1.278341
0.732428
-1.238823
0.927066
0.610420
-0.907285
1.286191
0.732428
-1.222789
0.927915
0.614838
0.000000
0.000000
0.000000
0.000000
0.000000
0.000000
-1.320380
1.306731
0.788123
-1.410600
1.209102
0.631597
0.000000
0.000000
0.000000
0.000000
0.000000
0.000000
-0.879575
1.031263
0.685670
-1.081549
0.840506
0.735863
0.000000
0.000000
0.000000
0.000000
0.000000
0.000000
-1.086046
0.697520
0.764266
-1.128979
0.924251
0.680741
0.000000
0.000000
0.000000
0.000000
0.000000
0.000000
-1.188173
0.693417
0.732519
-1.247085
0.743592
0.833314
-1.387303
1.373958
0.714841
-1.441579
1.171249
0.675827
-1.339731
1.345488
0.719699
-1.391174
1.140411
0.695709
0.000000
0.000000
0.000000
0.000000
0.000000
0.000000
0.000000
0.000000
0.000000
-1.303055
1.124083
0.877015
0.000000
0.000000
0.000000
0.000000
0.000000
0.000000
-1.237050
0.640947
0.646205
-1.300835
0.844665
0.822315
0.000000
0.000000
0.000000
0.000000
0.000000
0.000000
-1.455022
0.553161
0.845463
-1.491071
0.554095
0.851306
0.000000
0.000000
0.000000
0.000000
0.000000
0.000000
-1.108515
0.903387
0.695426
-1.164377
0.895224
0.708127
0.000000
0.000000
0.000000
0.000000
0.000000
0.000000
-1.375512
1.151260
0.649094
-1.403668
1.064601
0.649845
0.000000
0.000000
0.000000
0.000000
0.000000
0.000000
-1.588071
0.505467
0.898704
-1.644699
0.450175
0.905639
0.000000
0.000000
0.000000
0.000000
0.000000
0.000000
-1.154899
1.301855
0.753737
-1.233538
1.056217
0.675156
0.000000
0.000000
0.000000
0.000000
0.000000
0.000000
-1.153406
0.610636
0.763604
-1.197493
0.646264
0.786158
0.000000
0.000000
0.000000
0.000000
0.000000
0.000000
-1.218102
0.993469
0.642447
-1.242141
0.861568
0.713798
0.000000
0.000000
0.000000
0.000000
0.000000
0.000000
-1.163436
0.619147
0.827105
-1.168452
0.698097
0.760275
0.000000
0.000000
0.000000
0.000000
0.000000
0.000000
-1.085211
0.844324
0.636072
-1.142315
0.886356
0.611353
0.000000
0.000000
0.000000
0.000000
0.000000
0.000000
-1.360971
0.765576
0.834467
-1.405040
0.788101
0.794274
0.000000
0.000000
0.000000
0.000000
0.000000
0.000000
-1.288300
0.881186
0.719152
-1.306509
0.918220
0.595632
0.000000
0.000000
0.000000
0.000000
0.000000
0.000000
-1.472296
0.421652
0.880925
-1.517163
0.377214
0.883844
0.000000
0.000000
0.000000
0.000000
0.000000
0.000000
-1.300929
1.092015
0.709255
-1.341977
1.166625
0.715549
0.000000
0.000000
0.000000
0.000000
0.000000
0.000000
-1.308702
0.696304
0.867971
-1.359685
0.689865
0.811175
0.000000
0.000000
0.000000
0.000000
0.000000
0.000000
-1.230197
0.767224
0.872052
-1.224109
0.890462
0.772258
0.000000
0.000000
0.000000
0.000000
0.000000
0.000000
0.000000
0.000000
0.000000
-1.135293
1.567339
0.756636
0.000000
0.000000
0.000000
0.000000
0.000000
0.000000
-1.289186
0.552283
0.927241
-1.418157
0.452617
0.894189
0.000000
0.000000
0.000000
0.000000
0.000000
0.000000
-1.245492
0.711327
0.786999
-1.274556
0.767876
0.774493
-0.957947
1.091446
0.935110
-1.013130
1.156819
0.770198
-0.793938
1.187435
0.914391
-0.839019
1.096988
0.753872
0.000000
0.000000
0.000000
0.000000
0.000000
0.000000
-1.311789
0.452932
0.718996
-1.255695
0.413772
0.832554
0.000000
0.000000
0.000000
0.000000
0.000000
0.000000
-1.517024
0.627707
0.828033
-1.545438
0.575022
0.931757
0.000000
0.000000
0.000000
0.000000
0.000000
0.000000
-0.963517
1.440194
0.748872
-1.154146
0.999753
0.787527
0.000000
0.000000
0.000000
0.000000
0.000000
0.000000
-1.303423
0.878475
0.783578
-1.379329
0.966151
0.732624
0.000000
0.000000
0.000000
0.000000
0.000000
0.000000
-1.278263
0.622512
0.866739
-1.289960
0.706108
0.809371
0.000000
0.000000
0.000000
0.000000
0.000000
0.000000
-1.138205
1.125287
0.565188
-1.182983
0.969419
0.615814
0.000000
0.000000
0.000000
0.000000
0.000000
0.000000
-1.234024
0.933487
0.739638
-1.353983
0.746279
0.764187
0.000000
0.000000
0.000000
-1.427995
0.586326
0.685848
0.000000
0.000000
0.000000
-1.423733
0.596623
0.685808
0.000000
0.000000
0.000000
-1.102786
0.995044
0.787397
0.000000
0.000000
0.000000
-1.161427
0.840217
0.817387
0.000000
0.000000
0.000000
0.000000
0.000000
0.000000
0.000000
0.000000
0.000000
-1.116501
0.876045
0.919449
0.000000
0.000000
0.000000
0.000000
0.000000
0.000000
-1.228092
0.516025
0.834837
-1.331212
0.509414
0.800634
0.000000
0.000000
0.000000
0.000000
0.000000
0.000000
-1.259785
0.899807
0.782384
-1.335851
0.813477
0.756395
0.000000
0.000000
0.000000
0.000000
0.000000
0.000000
0.000000
0.000000
0.000000
-1.166231
0.921920
0.644225
0.000000
0.000000
0.000000
0.000000
0.000000
0.000000
-1.244742
0.737041
0.666185
-1.181353
1.028695
0.654001
-1.262434
0.855546
0.757262
-1.312272
0.837583
0.762426
-1.258475
0.855057
0.760382
-1.308729
0.836310
0.764517
0.000000
0.000000
0.000000
0.000000
0.000000
0.000000
-1.329873
0.991862
0.600005
-1.331486
1.064915
0.633899
0.000000
0.000000
0.000000
0.000000
0.000000
0.000000
-1.508731
0.783052
0.815634
-1.504665
0.831049
0.760231
0.000000
0.000000
0.000000
0.000000
0.000000
0.000000
-1.303362
0.738017
0.758588
-1.353672
0.741041
0.805267
0.000000
0.000000
0.000000
0.000000
0.000000
0.000000
-1.139687
0.532042
0.734926
-1.129994
0.622903
0.793028
0.000000
0.000000
0.000000
0.000000
0.000000
0.000000
0.000000
0.000000
0.000000
-0.951104
0.951223
0.741262
0.000000
0.000000
0.000000
0.000000
0.000000
0.000000
-1.448742
0.731999
0.795687
-1.462320
0.736636
0.778618
0.000000
0.000000
0.000000
0.000000
0.000000
0.000000
-1.340819
0.444326
0.734763
-1.336520
0.433585
0.953329
0.000000
0.000000
0.000000
0.000000
0.000000
0.000000
-1.440564
0.591468
0.812730
-1.453554
0.584011
0.831572
0.000000
0.000000
0.000000
0.000000
0.000000
0.000000
0.000000
0.000000
0.000000
-1.127433
0.547334
0.724974
0.000000
0.000000
0.000000
0.000000
0.000000
0.000000
-1.179177
0.552556
0.723261
-1.362346
0.393657
1.011841
0.000000
0.000000
0.000000
0.000000
0.000000
0.000000
-1.238900
0.488059
0.739360
-1.278155
0.571690
0.863380
0.000000
0.000000
0.000000
0.000000
0.000000
0.000000
-1.303612
0.782590
0.757192
-1.346098
0.743801
0.785966
0.000000
0.000000
0.000000
0.000000
0.000000
0.000000
-1.227409
0.549554
0.866215
-1.313067
0.501847
0.818835
-0.860927
1.360792
0.961855
-1.032946
0.943796
0.734157
-0.753352
1.421574
0.961855
-0.996657
0.899434
0.739485
0.000000
0.000000
0.000000
0.000000
0.000000
0.000000
0.000000
0.000000
0.000000
-1.220020
0.629366
0.795072
0.000000
0.000000
0.000000
0.000000
0.000000
0.000000
-1.141649
0.845214
0.838124
-0.999028
1.379363
0.783894
0.000000
0.000000
0.000000
0.000000
0.000000
0.000000
-1.134282
0.752324
0.838241
-1.171978
0.899649
0.875720
0.000000
0.000000
0.000000
0.000000
0.000000
0.000000
-1.191735
1.089132
0.575365
-1.232577
1.219562
0.512914
0.000000
0.000000
0.000000
0.000000
0.000000
0.000000
0.000000
0.000000
0.000000
-1.287765
0.520773
0.767142
0.000000
0.000000
0.000000
0.000000
0.000000
0.000000
-1.186596
1.169694
0.526973
-1.254726
1.143213
0.540642
0.000000
0.000000
0.000000
0.000000
0.000000
0.000000
-1.235296
0.471488
0.689565
-1.197809
0.542495
0.984680
0.000000
0.000000
0.000000
0.000000
0.000000
0.000000
-1.389850
0.815884
0.747996
-1.412627
0.793116
0.732010
0.000000
0.000000
0.000000
0.000000
0.000000
0.000000
-1.558388
0.948482
0.729814
-1.579847
0.955526
0.727786
0.000000
0.000000
0.000000
0.000000
0.000000
0.000000
-1.357338
0.841690
0.743270
-1.422657
0.842433
0.760685
0.000000
0.000000
0.000000
0.000000
0.000000
0.000000
-1.185680
0.652306
0.756069
-1.235677
0.647984
0.765898
0.000000
0.000000
0.000000
0.000000
0.000000
0.000000
-1.288382
0.895571
0.785225
-1.394648
0.791055
0.825958
0.000000
0.000000
0.000000
0.000000
0.000000
0.000000
-1.434223
0.778013
0.781449
-1.460997
0.779161
0.781881
0.000000
0.000000
0.000000
0.000000
0.000000
0.000000
-1.303565
0.758476
0.759465
-1.344510
0.746260
0.754323
0.000000
0.000000
0.000000
0.000000
0.000000
0.000000
0.000000
0.000000
0.000000
-0.741403
3.085117
0.599554
0.000000
0.000000
0.000000
0.000000
0.000000
0.000000
-1.176137
1.283765
0.631552
-1.225912
1.221849
0.571768
0.000000
0.000000
0.000000
0.000000
0.000000
0.000000
-1.514281
0.328292
0.680541
-1.475939
0.339016
1.023722
0.000000
0.000000
0.000000
0.000000
0.000000
0.000000
-1.486391
0.415423
0.896784
-1.527537
0.395259
0.888616
0.000000
0.000000
0.000000
0.000000
0.000000
0.000000
-1.337394
0.650324
0.839053
-1.375222
0.648560
0.857755
0.000000
0.000000
0.000000
0.000000
0.000000
0.000000
-1.595965
0.464605
0.871788
-1.609218
0.352550
0.838642
0.000000
0.000000
0.000000
0.000000
0.000000
0.000000
-0.982829
0.984688
0.662995
-0.925776
1.252483
0.582515
0.000000
0.000000
0.000000
0.000000
0.000000
0.000000
-1.137376
0.914474
0.691387
-1.236168
0.852881
0.759860
0.000000
0.000000
0.000000
0.000000
0.000000
0.000000
-1.395086
0.458880
0.880979
-1.376232
0.516111
0.833049
0.000000
0.000000
0.000000
0.000000
0.000000
0.000000
-1.332045
0.636820
0.758750
-1.358182
0.657876
0.816842
0.000000
0.000000
0.000000
0.000000
0.000000
0.000000
-1.160848
0.530353
0.724155
-1.229815
0.420171
0.858618
0.000000
0.000000
0.000000
0.000000
0.000000
0.000000
-1.437267
1.082081
0.600460
-1.458344
1.167925
0.604647
0.000000
0.000000
0.000000
0.000000
0.000000
0.000000
-1.307981
0.701074
0.878971
-1.384517
0.566328
0.854906
0.000000
0.000000
0.000000
0.000000
0.000000
0.000000
-1.497431
0.798084
0.780899
-1.523229
0.802806
0.780913
0.000000
0.000000
0.000000
0.000000
0.000000
0.000000
-1.359144
0.552939
0.874719
-1.337462
0.632623
0.833160
0.000000
0.000000
0.000000
0.000000
0.000000
0.000000
0.000000
0.000000
0.000000
-1.256437
0.697206
0.740571
0.000000
0.000000
0.000000
0.000000
0.000000
0.000000
-1.400457
0.503146
0.666430
-1.281064
0.713058
0.699270
0.000000
0.000000
0.000000
0.000000
0.000000
0.000000
-1.245353
0.984862
0.835009
-1.192401
0.880984
0.839598
0.000000
0.000000
0.000000
0.000000
0.000000
0.000000
-1.262897
0.977485
0.656770
-1.206097
0.984424
0.671277
0.000000
0.000000
0.000000
0.000000
0.000000
0.000000
0.000000
0.000000
0.000000
-1.191821
0.528622
0.611489
0.000000
0.000000
0.000000
0.000000
0.000000
0.000000
-1.425763
0.429897
0.847162
-1.418148
0.414537
0.847173
0.000000
0.000000
0.000000
0.000000
0.000000
0.000000
-1.322332
0.549179
0.893015
-1.350359
0.612010
0.900168
0.000000
0.000000
0.000000
0.000000
0.000000
0.000000
-1.261842
0.562808
0.887814
-1.286986
0.606467
0.844247
0.000000
0.000000
0.000000
0.000000
0.000000
0.000000
-1.188490
0.748647
0.750031
-1.240834
0.608671
0.837040
0.000000
0.000000
0.000000
0.000000
0.000000
0.000000
-1.122533
0.690482
0.756786
-1.158638
0.706043
0.807424
0.000000
0.000000
0.000000
0.000000
0.000000
0.000000
-1.136383
0.861536
0.657385
-1.160143
1.198978
0.691877
0.000000
0.000000
0.000000
0.000000
0.000000
0.000000
-1.302036
0.780910
0.827618
-1.332757
0.851388
0.768382
0.000000
0.000000
0.000000
0.000000
0.000000
0.000000
-1.261740
0.614322
0.810650
-1.293166
0.621712
0.811365
0.000000
0.000000
0.000000
0.000000
0.000000
0.000000
-1.555599
0.661131
0.816878
-1.569191
0.669557
0.824341
-1.331170
0.626156
0.807460
-1.275319
0.697551
0.797944
-1.241827
0.761225
0.809739
-1.244283
0.704116
0.796569
0.000000
0.000000
0.000000
0.000000
0.000000
0.000000
-1.156200
1.484770
0.627285
-1.218028
1.332093
0.453005
0.000000
0.000000
0.000000
0.000000
0.000000
0.000000
-1.427337
0.621164
0.840791
-1.462580
0.646516
0.827451
0.000000
0.000000
0.000000
0.000000
0.000000
0.000000
-1.221883
0.564506
0.798457
-1.248515
0.508897
0.831339
-1.356235
0.580118
0.815865
-1.367912
0.575106
0.837650
-1.345344
0.580968
0.819890
-1.348895
0.573615
0.840598
0.000000
0.000000
0.000000
0.000000
0.000000
0.000000
-1.635316
0.327064
0.886019
-1.695380
0.371379
0.889147
0.000000
0.000000
0.000000
0.000000
0.000000
0.000000
-1.216332
0.633775
0.621149
-1.232520
0.737781
0.714151
0.000000
0.000000
0.000000
0.000000
0.000000
0.000000
-1.394548
1.206999
0.563211
-1.388541
1.191932
0.544875
0.000000
0.000000
0.000000
-1.137062
0.542768
0.717990
0.000000
0.000000
0.000000
-1.184591
0.644603
0.701150
0.000000
0.000000
0.000000
0.000000
0.000000
0.000000
-1.169471
0.775494
0.557232
-1.148087
0.920062
0.797457
-1.527701
0.385414
0.882650
-1.538282
0.389417
0.884527
-1.332885
0.460121
0.863802
-1.340073
0.464627
0.863457
-1.119157
1.012217
0.992018
-1.162086
0.995140
0.915183
-1.123718
1.014975
0.992018
-1.147237
0.994708
0.914620
0.000000
0.000000
0.000000
0.000000
0.000000
0.000000
-1.064210
0.823098
0.750034
-1.056961
0.937154
0.642896
0.000000
0.000000
0.000000
0.000000
0.000000
0.000000
0.000000
0.000000
0.000000
-1.065238
0.732861
0.839428
0.000000
0.000000
0.000000
0.000000
0.000000
0.000000
-1.199224
1.436503
0.778158
-1.263196
0.973135
0.747232
0.000000
0.000000
0.000000
0.000000
0.000000
0.000000
0.000000
0.000000
0.000000
-0.962237
1.655561
0.597990
0.000000
0.000000
0.000000
0.000000
0.000000
0.000000
-1.090935
1.078812
0.693413
-1.122010
0.824669
0.633038
0.000000
0.000000
0.000000
0.000000
0.000000
0.000000
-1.441608
0.510291
0.662628
-1.490715
0.469315
0.932048
0.000000
0.000000
0.000000
0.000000
0.000000
0.000000
-1.175970
0.882032
0.762571
-1.259535
1.162518
0.838877
0.000000
0.000000
0.000000
0.000000
0.000000
0.000000
-1.523528
0.839045
0.752765
-1.581109
0.770695
0.772375
0.000000
0.000000
0.000000
0.000000
0.000000
0.000000
-1.117253
0.559401
0.802621
-1.211969
0.626925
0.778612
0.000000
0.000000
0.000000
0.000000
0.000000
0.000000
-1.247474
0.797227
0.757099
-1.321146
0.767587
0.779089
0.000000
0.000000
0.000000
0.000000
0.000000
0.000000
-1.456681
0.674843
0.865173
-1.473305
0.660378
0.790808
0.000000
0.000000
0.000000
0.000000
0.000000
0.000000
0.000000
0.000000
0.000000
-1.091465
0.722537
0.733015
0.000000
0.000000
0.000000
0.000000
0.000000
0.000000
-1.135366
0.568744
0.873704
-1.245872
0.513285
0.830674
0.000000
0.000000
0.000000
0.000000
0.000000
0.000000
0.000000
0.000000
0.000000
-1.225201
0.655939
0.759372
0.000000
0.000000
0.000000
0.000000
0.000000
0.000000
-1.019954
0.490362
1.018959
-1.029681
0.538696
0.900832
0.000000
0.000000
0.000000
0.000000
0.000000
0.000000
-1.237898
0.873667
0.742161
-1.286292
0.852393
0.724079
0.000000
0.000000
0.000000
0.000000
0.000000
0.000000
-1.272119
0.758055
0.909433
-1.305272
0.732352
0.884660
0.000000
0.000000
0.000000
0.000000
0.000000
0.000000
0.000000
0.000000
0.000000
-1.419375
0.442788
0.734748
0.000000
0.000000
0.000000
0.000000
0.000000
0.000000
-1.186274
0.997311
0.726864
-1.209130
0.883297
0.665070
0.000000
0.000000
0.000000
0.000000
0.000000
0.000000
-1.081117
1.102664
0.687040
-1.129748
1.147786
0.618580
0.000000
0.000000
0.000000
0.000000
0.000000
0.000000
0.000000
0.000000
0.000000
-1.220227
0.910648
0.770715
0.000000
0.000000
0.000000
0.000000
0.000000
0.000000
-1.273662
1.148023
0.631930
-1.291997
1.061099
0.618382
0.000000
0.000000
0.000000
0.000000
0.000000
0.000000
-1.120189
1.069533
0.767681
-1.122967
1.150897
0.691676
0.000000
0.000000
0.000000
0.000000
0.000000
0.000000
-1.296164
0.511121
0.807452
-1.273611
0.583347
0.851248
0.000000
0.000000
0.000000
0.000000
0.000000
0.000000
-1.369355
0.509943
0.845400
-1.424702
0.436991
0.862547
0.000000
0.000000
0.000000
0.000000
0.000000
0.000000
-1.207739
1.168824
0.636290
-1.294665
1.235902
0.570860
0.000000
0.000000
0.000000
0.000000
0.000000
0.000000
-1.387891
0.536338
0.870408
-1.424267
0.502646
0.865250
0.000000
0.000000
0.000000
0.000000
0.000000
0.000000
-1.313858
0.645959
1.019026
-1.371948
0.598261
0.829840
0.000000
0.000000
0.000000
0.000000
0.000000
0.000000
-1.055879
0.924232
0.790209
-1.023283
1.058128
0.726642
0.000000
0.000000
0.000000
0.000000
0.000000
0.000000
-1.236605
1.063922
0.741264
-1.283671
1.150414
0.659659
0.000000
0.000000
0.000000
0.000000
0.000000
0.000000
-1.420820
0.775273
0.785566
-1.423191
0.815445
0.777806
0.000000
0.000000
0.000000
0.000000
0.000000
0.000000
-1.077890
0.662091
0.834829
-1.136400
0.641619
0.826791
0.000000
0.000000
0.000000
0.000000
0.000000
0.000000
-1.417261
0.713695
0.809703
-1.464796
0.662472
0.808769
-1.257966
0.840766
0.784400
-1.303335
0.816386
0.770547
-1.329736
0.684404
0.802115
-1.319412
0.767614
0.780796
0.000000
0.000000
0.000000
0.000000
0.000000
0.000000
-1.236224
1.017589
0.834776
-1.212285
1.055364
0.654086
0.000000
0.000000
0.000000
0.000000
0.000000
0.000000
-1.030084
1.183106
0.655610
-1.132649
1.088370
0.621065
-1.330837
0.883707
0.681728
-1.332532
0.833501
0.687125
-1.306634
0.918284
0.696846
-1.403038
0.770831
0.696067
0.000000
0.000000
0.000000
0.000000
0.000000
0.000000
-1.331428
0.626319
0.841766
-1.387737
0.588555
0.818006
0.000000
0.000000
0.000000
0.000000
0.000000
0.000000
-1.375456
0.357169
0.670216
-1.356437
0.453853
1.033591
-1.291803
0.551095
0.865502
-1.296117
0.472493
0.841404
-1.288154
0.557385
0.865502
-1.280459
0.472652
0.841404
0.000000
0.000000
0.000000
0.000000
0.000000
0.000000
-1.476977
1.184261
0.666926
-1.504665
1.125651
0.682767
0.000000
0.000000
0.000000
0.000000
0.000000
0.000000
-1.149657
0.978422
0.802341
-1.225806
0.890316
0.722399
0.000000
0.000000
0.000000
0.000000
0.000000
0.000000
-1.216677
1.094925
0.743779
-1.309924
0.944258
0.734049
0.000000
0.000000
0.000000
0.000000
0.000000
0.000000
-1.250905
0.748963
0.757416
-1.224784
0.853594
0.768579
0.000000
0.000000
0.000000
0.000000
0.000000
0.000000
-1.591313
0.512956
0.817445
-1.598225
0.576103
0.825776
0.000000
0.000000
0.000000
0.000000
0.000000
0.000000
-1.229303
1.010628
0.812466
-1.276727
0.897058
0.775877
0.000000
0.000000
0.000000
0.000000
0.000000
0.000000
-1.230200
0.605879
0.870579
-1.324941
0.490003
0.862863
0.000000
0.000000
0.000000
0.000000
0.000000
0.000000
-1.449637
0.660340
0.682009
-1.443793
0.717383
0.761910
0.000000
0.000000
0.000000
0.000000
0.000000
0.000000
-1.147434
0.750472
0.756619
-1.087352
1.045056
0.602337
0.000000
0.000000
0.000000
0.000000
0.000000
0.000000
0.000000
0.000000
0.000000
-1.127367
0.743584
0.712219
0.000000
0.000000
0.000000
0.000000
0.000000
0.000000
-1.096360
0.584953
0.776540
-1.193118
0.494904
0.876883
0.000000
0.000000
0.000000
0.000000
0.000000
0.000000
-1.216509
0.873108
0.837364
-1.316507
0.798864
0.817377
0.000000
0.000000
0.000000
-1.161231
0.951773
0.955665
0.000000
0.000000
0.000000
-1.141844
0.957470
0.955665
0.000000
0.000000
0.000000
0.000000
0.000000
0.000000
0.000000
0.000000
0.000000
-1.196640
1.010400
0.858760
0.000000
0.000000
0.000000
0.000000
0.000000
0.000000
-1.292756
0.541536
0.836949
-1.312127
0.526491
0.870182
0.000000
0.000000
0.000000
0.000000
0.000000
0.000000
-0.976187
0.676897
0.704757
-1.063248
0.630634
0.822903
0.000000
0.000000
0.000000
0.000000
0.000000
0.000000
-1.317579
0.795486
0.791026
-1.310952
0.829631
0.741517
0.000000
0.000000
0.000000
0.000000
0.000000
0.000000
0.000000
0.000000
0.000000
-1.472961
0.787248
0.700423
0.000000
0.000000
0.000000
0.000000
0.000000
0.000000
0.000000
0.000000
0.000000
-1.257717
0.605955
0.693051
0.000000
0.000000
0.000000
0.000000
0.000000
0.000000
-1.419122
1.044808
0.661780
-1.445841
1.044957
0.659755
0.000000
0.000000
0.000000
0.000000
0.000000
0.000000
-1.385708
0.778589
0.868280
-1.438016
0.765856
0.797362
0.000000
0.000000
0.000000
-1.423748
0.799469
0.829015
0.000000
0.000000
0.000000
-1.409417
0.802564
0.829015
0.000000
0.000000
0.000000
0.000000
0.000000
0.000000
-1.638337
0.420136
0.884843
-1.631782
0.434149
0.879025
0.000000
0.000000
0.000000
0.000000
0.000000
0.000000
-1.537474
0.450607
0.903838
-1.582513
0.353216
0.910118
0.000000
0.000000
0.000000
0.000000
0.000000
0.000000
-1.352874
0.655812
0.725612
-1.345886
0.949545
0.800620
0.000000
0.000000
0.000000
0.000000
0.000000
0.000000
-1.297600
0.498249
0.883566
-1.395593
0.397579
0.885746
0.000000
0.000000
0.000000
0.000000
0.000000
0.000000
0.000000
0.000000
0.000000
-1.155640
0.690930
0.746949
0.000000
0.000000
0.000000
0.000000
0.000000
0.000000
-1.352574
0.773585
0.820307
-1.392826
0.693649
0.809308
0.000000
0.000000
0.000000
0.000000
0.000000
0.000000
-1.165901
1.153211
0.931770
-1.204085
0.880208
0.825130
0.000000
0.000000
0.000000
0.000000
0.000000
0.000000
0.000000
0.000000
0.000000
-1.057344
0.808206
0.612970
0.000000
0.000000
0.000000
-1.082896
0.973644
0.787225
0.000000
0.000000
0.000000
-1.072938
0.985626
0.787225
0.000000
0.000000
0.000000
0.000000
0.000000
0.000000
-1.348748
0.589035
0.856712
-1.289967
0.729491
0.774717
0.000000
0.000000
0.000000
0.000000
0.000000
0.000000
-1.432195
0.929302
0.662699
-1.352968
1.028969
0.653056
0.000000
0.000000
0.000000
0.000000
0.000000
0.000000
-1.341244
0.842132
0.837271
-1.331888
0.820661
0.752773
0.000000
0.000000
0.000000
0.000000
0.000000
0.000000
-1.400534
0.867075
0.740742
-1.427448
0.839882
0.775536
0.000000
0.000000
0.000000
0.000000
0.000000
0.000000
-1.387175
0.602921
0.810245
-1.409945
0.669723
0.819457
0.000000
0.000000
0.000000
0.000000
0.000000
0.000000
-1.187223
0.905162
0.700491
-1.240280
0.832476
0.785145
0.000000
0.000000
0.000000
0.000000
0.000000
0.000000
-1.241321
0.589335
0.691613
-1.267053
0.551288
0.791897
0.000000
0.000000
0.000000
0.000000
0.000000
0.000000
-1.274008
1.163427
0.560251
-1.352961
1.117249
0.612627
0.000000
0.000000
0.000000
0.000000
0.000000
0.000000
0.000000
0.000000
0.000000
-1.196971
0.771402
0.651427
0.000000
0.000000
0.000000
0.000000
0.000000
0.000000
-1.262079
0.485704
0.617194
-1.293024
0.734798
0.916109
0.000000
0.000000
0.000000
0.000000
0.000000
0.000000
-1.443778
0.678955
0.798888
-1.505483
0.612204
0.820875
0.000000
0.000000
0.000000
0.000000
0.000000
0.000000
-1.423790
0.501960
0.895555
-1.474269
0.470959
0.875753
0.000000
0.000000
0.000000
0.000000
0.000000
0.000000
0.000000
0.000000
0.000000
-1.252661
0.802892
0.657978
0.000000
0.000000
0.000000
0.000000
0.000000
0.000000
-1.491689
0.552364
0.925425
-1.475105
0.723751
0.838701
0.000000
0.000000
0.000000
0.000000
0.000000
0.000000
-0.947670
1.048128
0.624280
-1.033880
0.972749
0.700793
0.000000
0.000000
0.000000
0.000000
0.000000
0.000000
-1.264260
0.858256
0.675310
-1.320687
0.731765
0.685051
0.000000
0.000000
0.000000
0.000000
0.000000
0.000000
-1.489989
0.357593
0.955745
-1.399846
0.483067
0.885230
0.000000
0.000000
0.000000
0.000000
0.000000
0.000000
-1.362480
0.658162
0.803981
-1.363504
0.792101
0.842039
-1.325368
0.547445
1.028969
-1.326186
0.483510
0.933547
-1.311500
0.542628
1.028969
-1.305819
0.519602
0.934179
0.000000
0.000000
0.000000
0.000000
0.000000
0.000000
-1.292829
0.507255
0.644416
-1.370926
0.426266
1.055930
0.000000
0.000000
0.000000
0.000000
0.000000
0.000000
-1.286554
0.878341
0.888923
-1.349049
0.779156
0.759161
0.000000
0.000000
0.000000
0.000000
0.000000
0.000000
0.000000
0.000000
0.000000
-1.070168
0.761739
0.700776
0.000000
0.000000
0.000000
0.000000
0.000000
0.000000
-1.223865
0.614427
0.641604
-1.211807
0.704356
0.785731
0.000000
0.000000
0.000000
0.000000
0.000000
0.000000
0.000000
0.000000
0.000000
-0.927200
0.835860
0.643354
0.000000
0.000000
0.000000
0.000000
0.000000
0.000000
-1.218488
0.808284
0.701840
-1.211937
1.045267
0.665155
0.000000
0.000000
0.000000
0.000000
0.000000
0.000000
-1.125166
0.592407
0.787535
-1.132016
0.552804
0.826657
-1.357788
0.542976
0.851420
-1.382085
0.507374
0.855753
-1.324869
0.537845
0.851010
-1.343851
0.503260
0.856481
0.000000
0.000000
0.000000
0.000000
0.000000
0.000000
0.000000
0.000000
0.000000
-1.157788
0.749218
0.914158
0.000000
0.000000
0.000000
0.000000
0.000000
0.000000
-1.200798
0.526013
0.863311
-1.234319
0.578656
0.838691
0.000000
0.000000
0.000000
0.000000
0.000000
0.000000
-1.257053
1.280371
0.465139
-1.323185
1.300712
0.509429
0.000000
0.000000
0.000000
0.000000
0.000000
0.000000
-1.223825
0.633290
0.784719
-1.313953
0.555496
0.819607
0.000000
0.000000
0.000000
0.000000
0.000000
0.000000
-1.383863
0.660115
0.820403
-1.415877
0.666369
0.821367
0.000000
0.000000
0.000000
0.000000
0.000000
0.000000
-1.124597
0.750992
0.841526
-0.992645
1.175416
0.772161
0.000000
0.000000
0.000000
0.000000
0.000000
0.000000
-1.358952
0.465245
0.881712
-1.486371
0.341850
0.911551
0.000000
0.000000
0.000000
0.000000
0.000000
0.000000
0.000000
0.000000
0.000000
-1.210045
0.556956
0.695345
0.000000
0.000000
0.000000
0.000000
0.000000
0.000000
-1.163617
1.007066
0.731626
-1.187927
0.898729
0.929760
0.000000
0.000000
0.000000
0.000000
0.000000
0.000000
-1.261173
0.864027
0.659108
-1.185831
1.236948
0.696917
0.000000
0.000000
0.000000
0.000000
0.000000
0.000000
-1.277506
0.930738
0.702000
-1.382528
1.038854
0.634285
0.000000
0.000000
0.000000
0.000000
0.000000
0.000000
-1.244663
1.131187
0.420221
-1.281616
1.328587
0.367864
0.000000
0.000000
0.000000
0.000000
0.000000
0.000000
0.000000
0.000000
0.000000
-1.339421
0.568488
0.697784
0.000000
0.000000
0.000000
0.000000
0.000000
0.000000
-1.397125
0.687331
0.821025
-1.396405
0.718030
0.813337
0.000000
0.000000
0.000000
0.000000
0.000000
0.000000
0.000000
0.000000
0.000000
-1.300294
0.537856
0.793129
0.000000
0.000000
0.000000
0.000000
0.000000
0.000000
-1.204112
0.691892
0.696235
-1.305275
0.726177
0.887831
0.000000
0.000000
0.000000
0.000000
0.000000
0.000000
-1.534120
0.393155
0.949217
-1.621149
0.296806
0.893899
0.000000
0.000000
0.000000
0.000000
0.000000
0.000000
-1.102830
0.963074
0.688882
-1.141394
1.047856
0.675373
0.000000
0.000000
0.000000
0.000000
0.000000
0.000000
-1.041168
0.889134
0.920058
-1.018224
0.852490
0.865218
0.000000
0.000000
0.000000
0.000000
0.000000
0.000000
-1.337862
0.453720
0.907722
-1.283265
0.424628
0.860402
0.000000
0.000000
0.000000
0.000000
0.000000
0.000000
-1.213796
0.913165
0.726742
-1.287925
0.784223
0.747705
-0.944830
1.284698
0.545558
-1.034849
1.155713
0.580281
-0.899512
1.148720
0.544936
-0.997954
1.039496
0.600951
0.000000
0.000000
0.000000
0.000000
0.000000
0.000000
-1.393389
1.233689
0.489721
-1.418425
1.246995
0.497325
0.000000
0.000000
0.000000
0.000000
0.000000
0.000000
-1.553708
0.273819
0.882856
-1.659751
0.260030
0.919671
-1.116232
0.840595
0.683389
-1.089644
0.805077
0.718653
-1.041751
0.832576
0.668635
-1.006846
0.805164
0.706391
0.000000
0.000000
0.000000
0.000000
0.000000
0.000000
-1.054532
0.834509
0.712964
-1.069803
0.922717
0.692414
-1.589301
0.686791
0.829130
-1.608107
0.673785
0.827093
-1.492747
0.658109
0.831185
-1.500951
0.647843
0.825696
0.000000
0.000000
0.000000
0.000000
0.000000
0.000000
-1.166849
0.712829
0.996241
-1.234615
0.653312
0.797180
0.000000
0.000000
0.000000
0.000000
0.000000
0.000000
-1.227766
0.968016
0.805703
-1.290930
0.972056
0.744981
0.000000
0.000000
0.000000
0.000000
0.000000
0.000000
0.000000
0.000000
0.000000
-1.190318
0.912846
0.671790
0.000000
0.000000
0.000000
0.000000
0.000000
0.000000
-1.089596
0.759627
0.884314
-1.165171
0.685285
0.809408
0.000000
0.000000
0.000000
0.000000
0.000000
0.000000
-1.214977
0.433393
0.940432
-1.143451
0.639240
0.810445
0.000000
0.000000
0.000000
0.000000
0.000000
0.000000
-1.268548
1.075585
0.634721
-1.323526
1.117746
0.602864
0.000000
0.000000
0.000000
0.000000
0.000000
0.000000
-0.994877
1.270570
0.731262
-1.106164
0.870029
0.698287
0.000000
0.000000
0.000000
0.000000
0.000000
0.000000
-1.192428
1.016155
0.806999
-1.204874
1.113216
0.660608
-1.242397
0.680149
0.748322
-1.139412
0.694775
0.847287
-1.249133
0.689206
0.748322
-1.148207
0.695213
0.847287
0.000000
0.000000
0.000000
0.000000
0.000000
0.000000
0.000000
0.000000
0.000000
-0.907142
1.022203
0.636725
0.000000
0.000000
0.000000
0.000000
0.000000
0.000000
-1.142125
0.649444
0.841937
-1.037707
0.815885
0.786430
0.000000
0.000000
0.000000
0.000000
0.000000
0.000000
0.000000
0.000000
0.000000
-1.156863
0.851942
0.895023
0.000000
0.000000
0.000000
0.000000
0.000000
0.000000
-1.528672
0.912649
0.925222
-1.642340
0.843799
0.870095
0.000000
0.000000
0.000000
0.000000
0.000000
0.000000
-1.253563
0.531023
0.822012
-1.257076
0.472469
0.820744
0.000000
0.000000
0.000000
0.000000
0.000000
0.000000
-1.035648
1.333279
0.547734
-1.113183
1.212546
0.551755
-1.317003
0.478299
0.760782
-1.388599
0.390177
0.890686
-1.253596
0.593941
0.743916
-1.277219
0.554655
0.856586
0.000000
0.000000
0.000000
0.000000
0.000000
0.000000
-1.231443
0.592504
0.710373
-1.295798
0.490447
0.760406
0.000000
0.000000
0.000000
0.000000
0.000000
0.000000
-1.333703
0.870446
0.771592
-1.365480
0.858289
0.694763
0.000000
0.000000
0.000000
0.000000
0.000000
0.000000
0.000000
0.000000
0.000000
-1.461240
0.522791
0.760289
-1.451271
0.683227
0.640830
-1.397049
0.689318
0.797301
-1.458114
0.723536
0.695164
-1.397114
0.704077
0.786388
0.000000
0.000000
0.000000
0.000000
0.000000
0.000000
-1.235188
1.004004
0.665135
-1.247359
1.208934
0.607230
0.000000
0.000000
0.000000
0.000000
0.000000
0.000000
-1.495114
0.628150
0.709034
-1.531804
0.785148
0.863835
0.000000
0.000000
0.000000
0.000000
0.000000
0.000000
-1.405581
1.424013
0.377601
-1.455146
1.350261
0.446437
0.000000
0.000000
0.000000
0.000000
0.000000
0.000000
-1.282565
0.689206
0.645395
-1.327458
0.636173
0.735429
0.000000
0.000000
0.000000
0.000000
0.000000
0.000000
-1.518654
0.327631
0.725220
-1.575721
0.334747
1.020433
0.000000
0.000000
0.000000
0.000000
0.000000
0.000000
-1.067472
0.831991
0.677844
-1.137724
1.043907
0.632006
0.000000
0.000000
0.000000
0.000000
0.000000
0.000000
-1.276096
0.611995
0.752618
-1.314172
0.627922
0.781783
0.000000
0.000000
0.000000
0.000000
0.000000
0.000000
-1.274302
0.720303
0.739628
-1.228535
0.831923
0.866590
0.000000
0.000000
0.000000
0.000000
0.000000
0.000000
-1.093097
0.890225
0.589883
-1.145422
0.998766
0.562211
0.000000
0.000000
0.000000
0.000000
0.000000
0.000000
0.000000
0.000000
0.000000
-0.948291
0.969482
0.788628
0.000000
0.000000
0.000000
0.000000
0.000000
0.000000
-1.461526
0.632874
0.700949
-1.603077
0.561054
0.949149
0.000000
0.000000
0.000000
0.000000
0.000000
0.000000
-1.466430
0.426483
0.872245
-1.522485
0.420144
0.865686
0.000000
0.000000
0.000000
0.000000
0.000000
0.000000
-1.199795
1.076777
0.730482
-1.353448
0.819668
0.749927
0.000000
0.000000
0.000000
0.000000
0.000000
0.000000
-1.328848
1.033049
0.671723
-1.370444
0.993505
0.672840
0.000000
0.000000
0.000000
0.000000
0.000000
0.000000
-1.321799
0.630912
0.836424
-1.375462
0.665302
0.840109
0.000000
0.000000
0.000000
0.000000
0.000000
0.000000
-1.341779
0.703287
0.845381
-1.381314
0.668310
0.794167
0.000000
0.000000
0.000000
0.000000
0.000000
0.000000
-1.560081
0.501580
0.841195
-1.550490
0.535286
0.859270
0.000000
0.000000
0.000000
0.000000
0.000000
0.000000
-1.013145
0.780920
0.693065
-1.167368
0.667048
0.680562
0.000000
0.000000
0.000000
0.000000
0.000000
0.000000
-1.201307
0.902846
0.744386
-1.210599
1.597213
0.657446
0.000000
0.000000
0.000000
0.000000
0.000000
0.000000
0.000000
0.000000
0.000000
-1.098190
0.463455
0.843094
0.000000
0.000000
0.000000
0.000000
0.000000
0.000000
-1.034491
0.735087
0.729312
-1.152372
0.733371
0.713620
0.000000
0.000000
0.000000
0.000000
0.000000
0.000000
0.000000
0.000000
0.000000
-1.140143
0.826752
0.775624
0.000000
0.000000
0.000000
0.000000
0.000000
0.000000
-1.433235
0.758573
0.777022
-1.472768
0.747296
0.775187
-0.795658
0.925991
0.762806
-0.893805
0.917873
0.703339
-0.788465
0.924143
0.762806
-0.865068
0.943489
0.710649
0.000000
0.000000
0.000000
0.000000
0.000000
0.000000
-1.051685
1.043024
0.705609
-1.266611
0.725748
0.639773
0.000000
0.000000
0.000000
0.000000
0.000000
0.000000
0.000000
0.000000
0.000000
-1.448522
0.604971
0.623989
0.000000
0.000000
0.000000
0.000000
0.000000
0.000000
-1.358124
1.097783
0.603136
-1.361468
1.149405
0.569088
0.000000
0.000000
0.000000
0.000000
0.000000
0.000000
-1.192644
0.741429
0.661486
-1.156591
0.790374
0.655669
0.000000
0.000000
0.000000
0.000000
0.000000
0.000000
-1.373257
0.621264
0.733925
-1.250242
0.980553
0.722130
0.000000
0.000000
0.000000
0.000000
0.000000
0.000000
-1.342310
0.678249
0.751734
-1.322583
0.788228
0.745352
0.000000
0.000000
0.000000
0.000000
0.000000
0.000000
-1.270654
0.824653
0.701427
-1.270537
0.840565
0.749960
0.000000
0.000000
0.000000
0.000000
0.000000
0.000000
-1.497525
0.737210
0.796938
-1.522980
0.751585
0.799557
0.000000
0.000000
0.000000
0.000000
0.000000
0.000000
-1.232842
1.009973
0.746911
-1.234528
0.886575
0.763851
0.000000
0.000000
0.000000
0.000000
0.000000
0.000000
-1.009381
0.665464
0.791180
-1.069069
0.614920
0.809465
-1.075403
0.938600
0.672715
-1.047885
0.996947
0.663717
-1.086733
0.887040
0.675153
-1.085070
0.917148
0.668273
0.000000
0.000000
0.000000
0.000000
0.000000
0.000000
-1.405932
0.763782
0.814794
-1.452951
0.711209
0.782445
0.000000
0.000000
0.000000
0.000000
0.000000
0.000000
-1.122803
0.810771
0.669793
-1.005290
1.120111
0.667924
0.000000
0.000000
0.000000
0.000000
0.000000
0.000000
-1.283795
1.093171
0.674475
-1.325663
0.933267
0.812895
0.000000
0.000000
0.000000
0.000000
0.000000
0.000000
-1.300851
1.193324
0.478862
-1.321545
1.149082
0.457907
0.000000
0.000000
0.000000
0.000000
0.000000
0.000000
-0.928297
0.846410
0.681835
-1.078314
0.762464
0.626805
0.000000
0.000000
0.000000
0.000000
0.000000
0.000000
-1.179472
0.822575
0.883264
-1.299937
0.603243
0.862046
0.000000
0.000000
0.000000
0.000000
0.000000
0.000000
-1.502137
1.173128
0.568903
-1.529805
1.156207
0.622185
0.000000
0.000000
0.000000
0.000000
0.000000
0.000000
-1.277312
0.665560
0.788711
-1.370137
0.586779
0.765687
0.000000
0.000000
0.000000
0.000000
0.000000
0.000000
-1.297385
0.768303
0.753682
-1.386246
0.642857
0.776038
0.000000
0.000000
0.000000
0.000000
0.000000
0.000000
-1.335285
0.440524
0.865647
-1.399351
0.433772
0.865718
0.000000
0.000000
0.000000
0.000000
0.000000
0.000000
-1.217997
1.218205
0.667459
-1.326405
0.980682
0.661329
0.000000
0.000000
0.000000
-1.262634
0.513602
0.695355
0.000000
0.000000
0.000000
-1.270834
0.514142
0.695355
0.000000
0.000000
0.000000
0.000000
0.000000
0.000000
-1.259568
1.119127
0.734621
-1.352670
0.896439
0.768643
0.000000
0.000000
0.000000
0.000000
0.000000
0.000000
-1.347773
0.652949
0.796100
-1.377237
0.563742
0.826353
0.000000
0.000000
0.000000
0.000000
0.000000
0.000000
-1.616596
0.695431
0.815991
-1.584487
0.727038
0.793457
0.000000
0.000000
0.000000
0.000000
0.000000
0.000000
-1.133662
0.869165
0.742171
-1.275324
0.803874
0.751791
0.000000
0.000000
0.000000
0.000000
0.000000
0.000000
0.000000
0.000000
0.000000
-1.381743
0.760322
0.676447
0.000000
0.000000
0.000000
0.000000
0.000000
0.000000
-1.540666
0.551014
0.841884
-1.467445
0.637082
0.805293
0.000000
0.000000
0.000000
0.000000
0.000000
0.000000
-1.020551
1.166776
0.622288
-1.145537
1.015420
0.623429
0.000000
0.000000
0.000000
0.000000
0.000000
0.000000
0.000000
0.000000
0.000000
-1.136799
0.584455
0.731373
-0.957088
0.834010
0.764994
-1.030526
0.841564
0.731233
-1.054479
0.762666
0.732129
-1.070213
0.858156
0.732066
0.000000
0.000000
0.000000
0.000000
0.000000
0.000000
-1.334009
1.251779
0.585760
-1.376000
1.203416
0.598848
0.000000
0.000000
0.000000
0.000000
0.000000
0.000000
-1.110077
1.091259
0.703038
-1.189845
0.888969
0.713427
0.000000
0.000000
0.000000
0.000000
0.000000
0.000000
0.000000
0.000000
0.000000
-1.483002
0.670090
1.013274
-1.369322
0.807520
0.736664
-1.384824
0.781989
0.752723
-1.383017
0.760618
0.727484
-1.358046
0.736060
0.744369
0.000000
0.000000
0.000000
0.000000
0.000000
0.000000
-0.907188
1.040849
0.762977
-1.009008
1.006352
0.651856
0.000000
0.000000
0.000000
0.000000
0.000000
0.000000
-1.377907
0.552973
0.897702
-1.425828
0.573198
0.850255
0.000000
0.000000
0.000000
0.000000
0.000000
0.000000
0.000000
0.000000
0.000000
-1.403235
0.522807
0.698880
0.000000
0.000000
0.000000
0.000000
0.000000
0.000000
-1.180185
0.691234
0.750253
-1.255303
0.595230
0.762923
0.000000
0.000000
0.000000
0.000000
0.000000
0.000000
-1.465291
0.870412
0.709366
-1.496213
0.756879
0.805877
0.000000
0.000000
0.000000
0.000000
0.000000
0.000000
-1.484008
0.797364
0.766880
-1.527501
0.756409
0.800077
0.000000
0.000000
0.000000
0.000000
0.000000
0.000000
-1.201716
1.091765
0.722182
-1.357329
0.851506
0.726866
0.000000
0.000000
0.000000
0.000000
0.000000
0.000000
0.000000
0.000000
0.000000
-1.096830
0.847891
0.663213
0.000000
0.000000
0.000000
0.000000
0.000000
0.000000
-1.310904
0.541875
0.904339
-1.374735
0.451783
0.865966
0.000000
0.000000
0.000000
0.000000
0.000000
0.000000
-1.625734
0.348161
0.889483
-1.672582
0.391858
0.897375
-1.204410
0.559543
0.784173
-1.188791
0.734114
0.701703
-1.150465
0.575144
0.784173
-1.146004
0.701829
0.696916
0.000000
0.000000
0.000000
0.000000
0.000000
0.000000
-1.193431
0.559533
0.786813
-1.168287
0.605631
0.790504
0.000000
0.000000
0.000000
0.000000
0.000000
0.000000
-1.382514
0.871263
0.803500
-1.506574
0.836212
0.766080
0.000000
0.000000
0.000000
0.000000
0.000000
0.000000
-1.299159
0.557712
0.716453
-1.280023
0.571122
0.761770
0.000000
0.000000
0.000000
0.000000
0.000000
0.000000
-1.205162
0.510037
0.875263
-1.273038
0.504153
0.848894
0.000000
0.000000
0.000000
0.000000
0.000000
0.000000
-1.149261
1.077138
0.657244
-1.220163
0.709781
0.693215
0.000000
0.000000
0.000000
0.000000
0.000000
0.000000
-1.212914
0.520507
0.792023
-1.188210
0.567545
0.783326
0.000000
0.000000
0.000000
0.000000
0.000000
0.000000
-1.535323
0.818661
0.655565
-1.425791
1.117185
0.749448
0.000000
0.000000
0.000000
0.000000
0.000000
0.000000
-1.240748
0.867095
0.615664
-1.340412
0.775940
0.764782
0.000000
0.000000
0.000000
0.000000
0.000000
0.000000
-1.144934
0.907620
0.700532
-1.230011
0.828381
0.792632
0.000000
0.000000
0.000000
0.000000
0.000000
0.000000
-1.381518
1.024498
0.691728
-1.450216
0.977283
0.708744
0.000000
0.000000
0.000000
0.000000
0.000000
0.000000
-1.249735
1.047732
0.592878
-1.338037
0.849749
0.633892
0.000000
0.000000
0.000000
0.000000
0.000000
0.000000
-1.315516
1.072283
0.600641
-1.368863
1.141043
0.639006
0.000000
0.000000
0.000000
0.000000
0.000000
0.000000
0.000000
0.000000
0.000000
-1.069120
0.656825
0.761177
0.000000
0.000000
0.000000
0.000000
0.000000
0.000000
-1.188136
0.786849
0.785965
-1.200544
0.747253
0.755912
0.000000
0.000000
0.000000
0.000000
0.000000
0.000000
-1.164786
1.150419
0.740792
-1.248009
1.070026
0.634062
0.000000
0.000000
0.000000
0.000000
0.000000
0.000000
-1.357859
1.046877
0.654261
-1.399066
1.011812
0.621989
0.000000
0.000000
0.000000
0.000000
0.000000
0.000000
0.000000
0.000000
0.000000
-1.448923
0.517487
0.826577
0.000000
0.000000
0.000000
0.000000
0.000000
0.000000
-1.043750
0.819433
0.718776
-0.999604
0.754099
0.840545
0.000000
0.000000
0.000000
0.000000
0.000000
0.000000
-1.492070
0.695702
0.817098
-1.505660
0.723181
0.826050
0.000000
0.000000
0.000000
0.000000
0.000000
0.000000
-1.243995
1.067520
0.732506
-1.371633
0.827032
0.778891
0.000000
0.000000
0.000000
0.000000
0.000000
0.000000
-1.276541
0.621204
0.775164
-1.284229
0.611279
0.819040
0.000000
0.000000
0.000000
0.000000
0.000000
0.000000
0.000000
0.000000
0.000000
-1.339381
0.476042
0.768251
0.000000
0.000000
0.000000
0.000000
0.000000
0.000000
0.000000
0.000000
0.000000
-1.228595
1.000731
0.743909
0.000000
0.000000
0.000000
-1.230095
0.582198
0.710724
0.000000
0.000000
0.000000
-1.220724
0.587406
0.710724
0.000000
0.000000
0.000000
0.000000
0.000000
0.000000
-1.343810
0.489313
0.873177
-1.345341
0.620732
0.791815
0.000000
0.000000
0.000000
0.000000
0.000000
0.000000
0.000000
0.000000
0.000000
-1.288934
0.540771
0.770895
0.000000
0.000000
0.000000
0.000000
0.000000
0.000000
-1.456811
0.715151
0.825667
-1.492517
0.694392
0.808559
0.000000
0.000000
0.000000
0.000000
0.000000
0.000000
-1.370161
0.837680
0.783912
-1.350581
0.987548
0.768249
0.000000
0.000000
0.000000
0.000000
0.000000
0.000000
0.000000
0.000000
0.000000
-1.160686
0.854278
0.710173
0.000000
0.000000
0.000000
0.000000
0.000000
0.000000
0.000000
0.000000
0.000000
-1.276944
0.640808
0.751488
0.000000
0.000000
0.000000
0.000000
0.000000
0.000000
-1.309839
0.701334
0.807720
-1.371092
0.590931
0.862767
0.000000
0.000000
0.000000
0.000000
0.000000
0.000000
0.000000
0.000000
0.000000
-0.913168
1.442966
0.850407
0.000000
0.000000
0.000000
0.000000
0.000000
0.000000
-1.265536
0.885216
0.819656
-1.241669
0.938618
0.712316
0.000000
0.000000
0.000000
0.000000
0.000000
0.000000
-1.513619
0.651753
0.787576
-1.425373
0.870833
0.805153
0.000000
0.000000
0.000000
0.000000
0.000000
0.000000
-1.124765
0.783144
0.764132
-1.147613
1.270379
0.689768
0.000000
0.000000
0.000000
0.000000
0.000000
0.000000
-1.560622
0.467992
0.867014
-1.591588
0.458126
0.871469
0.000000
0.000000
0.000000
0.000000
0.000000
0.000000
-1.279833
0.870821
0.818916
-1.314707
1.012541
0.831153
0.000000
0.000000
0.000000
0.000000
0.000000
0.000000
-1.051426
0.672173
0.771268
-0.947478
1.173977
0.722290
0.000000
0.000000
0.000000
0.000000
0.000000
0.000000
-1.421173
0.667664
0.755735
-1.383076
0.740097
0.767101
0.000000
0.000000
0.000000
0.000000
0.000000
0.000000
0.000000
0.000000
0.000000
-1.150497
0.774415
0.694388
0.000000
0.000000
0.000000
0.000000
0.000000
0.000000
-1.382552
1.152025
0.558240
-1.404092
1.171112
0.517965
0.000000
0.000000
0.000000
0.000000
0.000000
0.000000
-1.369567
0.467842
0.842092
-1.372728
0.502819
0.855163
0.000000
0.000000
0.000000
0.000000
0.000000
0.000000
-1.286431
1.026482
0.588859
-1.356300
1.010249
0.584993
0.000000
0.000000
0.000000
0.000000
0.000000
0.000000
-1.447148
1.114125
0.620810
-1.472610
1.122030
0.623306
0.000000
0.000000
0.000000
0.000000
0.000000
0.000000
-1.337601
1.011675
0.702583
-1.369107
0.893822
0.697650
0.000000
0.000000
0.000000
0.000000
0.000000
0.000000
-1.372327
0.448185
0.883134
-1.446949
0.480782
0.847450
-0.986289
1.028619
0.730677
-1.016456
1.159806
0.618706
-0.917221
1.119673
0.690224
-0.968691
1.173588
0.577896
0.000000
0.000000
0.000000
0.000000
0.000000
0.000000
0.000000
0.000000
0.000000
-1.492510
0.435866
0.813155
0.000000
0.000000
0.000000
0.000000
0.000000
0.000000
-1.454122
0.467568
0.855813
-1.377208
0.787791
0.861173
0.000000
0.000000
0.000000
0.000000
0.000000
0.000000
-1.076118
0.806638
0.638198
-1.164240
0.971913
0.602494
0.000000
0.000000
0.000000
0.000000
0.000000
0.000000
-1.125281
0.907989
0.731430
-1.222211
0.923047
0.715201
0.000000
0.000000
0.000000
0.000000
0.000000
0.000000
0.000000
0.000000
0.000000
-1.352786
0.423705
0.682161
0.000000
0.000000
0.000000
0.000000
0.000000
0.000000
-1.407996
0.532387
0.887633
-1.447718
0.495968
0.882865
0.000000
0.000000
0.000000
0.000000
0.000000
0.000000
-1.254164
0.759493
0.717814
-1.209228
0.912405
0.690469
0.000000
0.000000
0.000000
0.000000
0.000000
0.000000
-1.178735
0.974130
0.722069
-1.137132
1.025859
0.687418
0.000000
0.000000
0.000000
0.000000
0.000000
0.000000
-1.502258
0.310699
0.983414
-1.639930
0.299247
0.928536
0.000000
0.000000
0.000000
0.000000
0.000000
0.000000
-1.246400
0.613707
0.848843
-1.358679
0.544382
0.823898
0.000000
0.000000
0.000000
0.000000
0.000000
0.000000
-1.361145
0.803361
0.741983
-1.405773
0.766172
0.768848
0.000000
0.000000
0.000000
0.000000
0.000000
0.000000
-1.273242
0.915433
0.742393
-1.368311
1.131630
0.657896
0.000000
0.000000
0.000000
0.000000
0.000000
0.000000
0.000000
0.000000
0.000000
-1.232139
0.463054
0.658328
0.000000
0.000000
0.000000
0.000000
0.000000
0.000000
0.000000
0.000000
0.000000
-1.113312
1.059290
0.906336
0.000000
0.000000
0.000000
0.000000
0.000000
0.000000
-1.248834
0.422896
0.786553
-1.224496
0.499586
0.830147
0.000000
0.000000
0.000000
0.000000
0.000000
0.000000
-0.954804
1.065061
0.820581
-1.143890
0.770357
0.835507
0.000000
0.000000
0.000000
0.000000
0.000000
0.000000
-1.334455
0.940236
0.692029
-1.375463
0.926166
0.704961
0.000000
0.000000
0.000000
0.000000
0.000000
0.000000
0.000000
0.000000
0.000000
-1.488255
0.540690
0.699016
0.000000
0.000000
0.000000
0.000000
0.000000
0.000000
-1.277011
0.710355
0.751772
-1.361420
0.669401
0.822252
0.000000
0.000000
0.000000
0.000000
0.000000
0.000000
-1.434100
0.778504
0.803744
-1.459151
0.837465
0.784676
0.000000
0.000000
0.000000
0.000000
0.000000
0.000000
-1.465559
1.149354
0.666610
-1.506342
1.138787
0.639716
0.000000
0.000000
0.000000
0.000000
0.000000
0.000000
-1.336810
0.577256
0.812506
-1.296426
0.636215
0.806979
-1.519307
0.777740
0.787517
-1.543577
0.784541
0.788445
-1.388716
0.786854
0.772584
-1.403118
0.793369
0.772831
0.000000
0.000000
0.000000
0.000000
0.000000
0.000000
-1.306162
0.463769
0.834957
-1.269626
0.569550
0.821904
0.000000
0.000000
0.000000
0.000000
0.000000
0.000000
0.000000
0.000000
0.000000
-1.494258
0.670925
0.628070
0.000000
0.000000
0.000000
0.000000
0.000000
0.000000
-1.404688
0.360041
1.049079
-1.328697
0.400245
0.936418
0.000000
0.000000
0.000000
0.000000
0.000000
0.000000
-1.086139
1.277141
0.580176
-1.117910
1.404038
0.611376
0.000000
0.000000
0.000000
0.000000
0.000000
0.000000
-1.336058
0.547235
0.844288
-1.434755
0.439391
0.865268
0.000000
0.000000
0.000000
0.000000
0.000000
0.000000
-1.040139
0.529347
0.834053
-1.130416
0.460681
0.828812
0.000000
0.000000
0.000000
0.000000
0.000000
0.000000
-1.474595
0.561692
0.996229
-1.523497
0.467400
0.870220
0.000000
0.000000
0.000000
0.000000
0.000000
0.000000
-1.328579
0.560165
0.685577
-1.296887
0.736218
0.895635
0.000000
0.000000
0.000000
0.000000
0.000000
0.000000
-1.246940
0.827418
0.723186
-1.271865
0.807870
0.740747
0.000000
0.000000
0.000000
0.000000
0.000000
0.000000
0.000000
0.000000
0.000000
-1.333469
0.741165
0.732922
0.000000
0.000000
0.000000
0.000000
0.000000
0.000000
-1.496130
0.549443
0.909738
-1.563294
0.485599
0.884551
-1.397605
0.602637
0.894051
-1.459195
0.489480
0.885545
-1.427248
0.610512
0.894114
-1.467467
0.490561
0.881834
0.000000
0.000000
0.000000
0.000000
0.000000
0.000000
-1.258655
0.634064
0.675576
-1.227021
0.632092
1.033761
0.000000
0.000000
0.000000
0.000000
0.000000
0.000000
-1.656126
1.217862
0.646715
-1.689016
1.183713
0.646158
0.000000
0.000000
0.000000
0.000000
0.000000
0.000000
0.000000
0.000000
0.000000
-1.091553
0.701624
0.730025
0.000000
0.000000
0.000000
0.000000
0.000000
0.000000
-1.220551
0.583328
0.943861
-1.293085
0.482840
0.842145
0.000000
0.000000
0.000000
0.000000
0.000000
0.000000
-1.223212
0.501209
0.864420
-1.311156
0.580526
0.900977
0.000000
0.000000
0.000000
0.000000
0.000000
0.000000
0.000000
0.000000
0.000000
-0.934938
1.372861
0.683783
0.000000
0.000000
0.000000
0.000000
0.000000
0.000000
-1.206618
0.894597
0.672983
-1.237644
1.003859
0.662659
0.000000
0.000000
0.000000
0.000000
0.000000
0.000000
-1.645572
0.376670
0.912431
-1.690074
0.344485
0.882830
0.000000
0.000000
0.000000
0.000000
0.000000
0.000000
-1.303996
0.803472
0.734676
-1.328870
0.983475
0.624854
0.000000
0.000000
0.000000
0.000000
0.000000
0.000000
-1.363654
0.567224
0.757639
-1.561051
0.445095
0.873832
0.000000
0.000000
0.000000
-1.429192
0.529608
0.686894
0.000000
0.000000
0.000000
-1.426434
0.530026
0.686894
-1.556282
0.448930
0.845256
-1.500602
0.424833
0.880510
-1.508553
0.444534
0.845389
-1.446850
0.424586
0.879021
0.000000
0.000000
0.000000
0.000000
0.000000
0.000000
-1.309179
0.869273
0.775144
-1.303664
0.929233
0.732934
0.000000
0.000000
0.000000
0.000000
0.000000
0.000000
-1.319578
0.525112
0.837894
-1.334703
0.554159
0.845189
0.000000
0.000000
0.000000
0.000000
0.000000
0.000000
-1.011179
1.047214
0.735794
-1.096614
0.950630
0.617322
0.000000
0.000000
0.000000
0.000000
0.000000
0.000000
-1.261869
0.673614
0.837211
-1.246365
0.565430
0.781073
0.000000
0.000000
0.000000
0.000000
0.000000
0.000000
0.000000
0.000000
0.000000
-1.089785
0.846784
0.720999
0.000000
0.000000
0.000000
0.000000
0.000000
0.000000
-1.193412
0.672423
0.783152
-1.260850
0.711675
0.757938
0.000000
0.000000
0.000000
0.000000
0.000000
0.000000
-1.069374
0.790206
0.890655
-1.218121
0.700909
0.893351
0.000000
0.000000
0.000000
0.000000
0.000000
0.000000
0.000000
0.000000
0.000000
-1.027408
1.023485
0.776569
0.000000
0.000000
0.000000
0.000000
0.000000
0.000000
-1.250746
1.077576
0.588022
-1.358708
0.844220
0.717902
0.000000
0.000000
0.000000
0.000000
0.000000
0.000000
-1.284129
0.723798
0.945374
-1.222598
0.936651
0.815468
0.000000
0.000000
0.000000
0.000000
0.000000
0.000000
-1.468958
1.054508
0.648439
-1.479947
1.011413
0.738336
0.000000
0.000000
0.000000
0.000000
0.000000
0.000000
-1.049088
1.293271
0.695696
-1.092639
1.131972
0.664631
0.000000
0.000000
0.000000
0.000000
0.000000
0.000000
-1.371393
1.096026
0.772182
-1.415903
0.744647
0.709251
0.000000
0.000000
0.000000
0.000000
0.000000
0.000000
-1.174611
1.063833
0.738266
-1.244584
0.796955
0.819600
0.000000
0.000000
0.000000
0.000000
0.000000
0.000000
0.000000
0.000000
0.000000
-1.405829
0.487705
0.609802
0.000000
0.000000
0.000000
0.000000
0.000000
0.000000
-1.194446
0.948414
0.612515
-1.236226
0.862406
0.696834
0.000000
0.000000
0.000000
0.000000
0.000000
0.000000
-1.200103
0.701601
0.747070
-1.202497
0.744855
0.740586
0.000000
0.000000
0.000000
-1.029346
0.772654
0.746174
0.000000
0.000000
0.000000
-1.020920
0.773992
0.746174
0.000000
0.000000
0.000000
0.000000
0.000000
0.000000
-1.075686
0.775479
0.753834
-1.127130
0.731228
0.742028
0.000000
0.000000
0.000000
0.000000
0.000000
0.000000
0.000000
0.000000
0.000000
-1.137016
1.028957
0.856136
0.000000
0.000000
0.000000
0.000000
0.000000
0.000000
-1.388630
0.873226
0.796483
-1.391665
1.073139
0.766246
0.000000
0.000000
0.000000
0.000000
0.000000
0.000000
-1.284994
0.520956
0.883032
-1.300921
0.469556
0.891178
0.000000
0.000000
0.000000
0.000000
0.000000
0.000000
-1.224645
0.678244
0.816307
-1.312703
0.661689
0.798460
0.000000
0.000000
0.000000
0.000000
0.000000
0.000000
-1.392236
0.399673
0.894895
-1.465319
0.322155
0.896811
0.000000
0.000000
0.000000
0.000000
0.000000
0.000000
-1.232960
1.002327
0.576622
-1.235830
0.890327
0.650182
0.000000
0.000000
0.000000
0.000000
0.000000
0.000000
0.000000
0.000000
0.000000
-1.150562
0.773348
0.766765
0.000000
0.000000
0.000000
0.000000
0.000000
0.000000
-1.282483
0.752984
0.728724
-1.273588
1.074231
0.795463
0.000000
0.000000
0.000000
0.000000
0.000000
0.000000
-1.264107
0.509573
0.794287
-1.365661
0.453408
0.876971
0.000000
0.000000
0.000000
0.000000
0.000000
0.000000
0.000000
0.000000
0.000000
-1.200554
1.343497
0.640542
0.000000
0.000000
0.000000
0.000000
0.000000
0.000000
-1.449734
1.033892
0.706265
-1.473201
1.042067
0.665301
0.000000
0.000000
0.000000
0.000000
0.000000
0.000000
-1.423733
0.922972
0.496806
-1.401385
1.190994
0.882508
0.000000
0.000000
0.000000
0.000000
0.000000
0.000000
-1.201955
0.586197
0.819984
-1.164974
0.615076
0.790666
0.000000
0.000000
0.000000
-1.449230
0.707526
0.684500
0.000000
0.000000
0.000000
-1.419553
0.730901
0.684500
-1.133356
0.536963
0.821472
-1.137365
0.521933
0.829617
-1.155072
0.519596
0.825276
-1.155600
0.505954
0.828734
0.000000
0.000000
0.000000
0.000000
0.000000
0.000000
-1.404826
0.819019
0.835729
-1.451767
0.784796
0.736175
0.000000
0.000000
0.000000
0.000000
0.000000
0.000000
-1.271248
1.059741
0.630306
-1.245216
1.700999
0.571654
0.000000
0.000000
0.000000
0.000000
0.000000
0.000000
-1.226923
0.972506
0.766487
-1.323691
1.185169
0.628607
0.000000
0.000000
0.000000
0.000000
0.000000
0.000000
-1.476228
0.871026
0.749187
-1.512345
0.853832
0.748876
0.000000
0.000000
0.000000
-1.334427
0.563838
0.727011
0.000000
0.000000
0.000000
-1.332023
0.564238
0.727011
0.000000
0.000000
0.000000
0.000000
0.000000
0.000000
-1.103674
1.027109
0.625187
-1.208729
0.981940
0.602995
0.000000
0.000000
0.000000
0.000000
0.000000
0.000000
0.000000
0.000000
0.000000
-1.227433
0.693691
0.819525
0.000000
0.000000
0.000000
0.000000
0.000000
0.000000
0.000000
0.000000
0.000000
-1.184781
0.871376
0.763959
0.000000
0.000000
0.000000
0.000000
0.000000
0.000000
-1.313541
0.720191
0.773760
-1.325001
0.921789
0.702522
0.000000
0.000000
0.000000
0.000000
0.000000
0.000000
-1.396242
0.631932
0.824102
-1.369052
0.678153
0.801180
0.000000
0.000000
0.000000
0.000000
0.000000
0.000000
-1.290457
0.763095
0.908865
-1.350351
0.780256
0.837388
0.000000
0.000000
0.000000
0.000000
0.000000
0.000000
-0.966380
1.292255
0.761128
-1.152492
0.967179
0.715915
0.000000
0.000000
0.000000
-1.356805
0.633146
0.758605
0.000000
0.000000
0.000000
-1.343689
0.635160
0.758605
0.000000
0.000000
0.000000
0.000000
0.000000
0.000000
-1.197708
0.737112
0.737535
-1.216816
0.681517
0.721160
0.000000
0.000000
0.000000
0.000000
0.000000
0.000000
-1.284380
0.324945
0.880360
-1.399018
0.287704
0.901768
0.000000
0.000000
0.000000
0.000000
0.000000
0.000000
-1.267239
1.016519
0.834118
-1.354120
0.985126
0.818168
-1.175178
0.746019
0.778473
-1.207677
0.693464
0.781103
-1.147897
0.739972
0.778685
-1.162480
0.684723
0.783362
0.000000
0.000000
0.000000
0.000000
0.000000
0.000000
0.000000
0.000000
0.000000
-1.308510
0.714479
0.726794
0.000000
0.000000
0.000000
0.000000
0.000000
0.000000
0.000000
0.000000
0.000000
-1.365324
0.823952
0.790653
0.000000
0.000000
0.000000
0.000000
0.000000
0.000000
-1.158688
0.662425
0.746243
-1.104719
0.892053
0.810632
0.000000
0.000000
0.000000
0.000000
0.000000
0.000000
-1.562489
0.497551
0.842344
-1.544469
0.631210
0.837614
0.000000
0.000000
0.000000
0.000000
0.000000
0.000000
-1.139827
0.586853
0.980193
-1.229784
0.502048
0.908703
0.000000
0.000000
0.000000
0.000000
0.000000
0.000000
-1.338274
0.642470
0.824289
-1.367197
0.623767
0.820030
0.000000
0.000000
0.000000
0.000000
0.000000
0.000000
0.000000
0.000000
0.000000
-1.430219
1.128805
0.773223
0.000000
0.000000
0.000000
0.000000
0.000000
0.000000
-1.284057
0.517168
0.824175
-1.266135
0.629591
0.806050
-1.054122
0.783721
0.786695
-1.017753
0.877891
0.713612
-1.035595
0.845893
0.665369
-1.002358
1.005666
0.676960
0.000000
0.000000
0.000000
0.000000
0.000000
0.000000
0.000000
0.000000
0.000000
-1.199016
0.805835
0.754352
0.000000
0.000000
0.000000
0.000000
0.000000
0.000000
0.000000
0.000000
0.000000
-1.259989
0.664800
0.797451
0.000000
0.000000
0.000000
0.000000
0.000000
0.000000
-1.242532
0.949407
0.584975
-1.232734
1.093317
0.619595
0.000000
0.000000
0.000000
0.000000
0.000000
0.000000
0.000000
0.000000
0.000000
-1.281098
0.563719
0.650792
0.000000
0.000000
0.000000
0.000000
0.000000
0.000000
-1.208366
1.176324
0.804264
-1.267598
0.790146
0.751409
0.000000
0.000000
0.000000
0.000000
0.000000
0.000000
-1.299691
0.821580
0.741599
-1.329843
0.827264
0.751212
0.000000
0.000000
0.000000
0.000000
0.000000
0.000000
-1.341245
1.014500
0.636947
-1.453052
0.770580
0.747924
0.000000
0.000000
0.000000
0.000000
0.000000
0.000000
-1.155106
0.896256
0.681616
-1.208100
0.919103
0.689547
0.000000
0.000000
0.000000
0.000000
0.000000
0.000000
-1.258448
1.132180
0.512356
-1.318686
1.171188
0.496136
0.000000
0.000000
0.000000
0.000000
0.000000
0.000000
-1.130518
0.924022
0.661972
-1.172656
0.911579
0.678471
-1.009666
1.687589
0.725246
-1.172684
1.024365
0.733019
-0.968187
1.747144
0.725246
-1.121342
1.072449
0.716971
0.000000
0.000000
0.000000
0.000000
0.000000
0.000000
-1.356285
0.861099
0.702897
-1.390743
0.812050
0.717687
0.000000
0.000000
0.000000
0.000000
0.000000
0.000000
-1.120191
0.840869
0.680456
-1.062870
0.943246
0.651784
0.000000
0.000000
0.000000
0.000000
0.000000
0.000000
-1.264905
0.444824
0.862864
-1.322656
0.432497
0.867230
0.000000
0.000000
0.000000
0.000000
0.000000
0.000000
-1.529365
0.754014
0.838456
-1.549509
0.743974
0.807530
0.000000
0.000000
0.000000
0.000000
0.000000
0.000000
-1.000699
1.240263
0.911510
-1.185992
0.929231
0.735449
-1.349493
0.830890
0.706912
-1.253829
0.945722
0.678407
-1.348078
0.829705
0.706912
-1.247649
0.944854
0.678407
0.000000
0.000000
0.000000
-1.145189
0.727124
0.679032
0.000000
0.000000
0.000000
-1.132971
0.735648
0.679032
0.000000
0.000000
0.000000
0.000000
0.000000
0.000000
-1.405485
1.078571
0.637629
-1.439724
1.090827
0.636248
0.000000
0.000000
0.000000
0.000000
0.000000
0.000000
-1.268804
0.840071
0.753557
-1.296724
0.864695
0.717839
0.000000
0.000000
0.000000
0.000000
0.000000
0.000000
-1.344074
0.710551
0.795500
-1.315567
0.826669
0.730742
0.000000
0.000000
0.000000
0.000000
0.000000
0.000000
-1.381560
0.495007
0.809910
-1.435906
0.456722
0.875380
-1.404247
0.776522
0.699559
-1.468570
0.625171
0.817206
-1.458844
0.778348
0.699559
-1.502910
0.645886
0.817206
0.000000
0.000000
0.000000
0.000000
0.000000
0.000000
-1.427924
0.743204
0.800920
-1.443465
0.796744
0.789057
0.000000
0.000000
0.000000
0.000000
0.000000
0.000000
-1.113606
0.734182
0.674733
-1.283648
0.590672
0.798461
0.000000
0.000000
0.000000
0.000000
0.000000
0.000000
-1.174109
1.246070
0.612212
-1.224914
1.065463
0.567201
0.000000
0.000000
0.000000
0.000000
0.000000
0.000000
0.000000
0.000000
0.000000
-1.211503
1.133482
0.603951
0.000000
0.000000
0.000000
0.000000
0.000000
0.000000
-1.101825
0.801464
0.747645
-1.108863
1.150168
0.655689
0.000000
0.000000
0.000000
0.000000
0.000000
0.000000
-1.564657
0.766698
0.940231
-1.485758
0.691630
0.865501
0.000000
0.000000
0.000000
0.000000
0.000000
0.000000
-1.237838
0.979129
0.612048
-1.244409
1.072402
0.597924
0.000000
0.000000
0.000000
0.000000
0.000000
0.000000
-1.346443
0.724956
0.785475
-1.330916
0.974815
0.697688
0.000000
0.000000
0.000000
0.000000
0.000000
0.000000
0.000000
0.000000
0.000000
-1.103925
0.740344
0.708995
-1.224443
0.678694
0.712756
-1.130536
0.890976
0.636571
-1.219781
0.679424
0.712756
-1.123192
0.868598
0.631860
0.000000
0.000000
0.000000
0.000000
0.000000
0.000000
0.000000
0.000000
0.000000
-1.087932
1.164346
0.697885
0.000000
0.000000
0.000000
0.000000
0.000000
0.000000
-1.394636
0.569743
0.839214
-1.465293
0.527590
0.849462
0.000000
0.000000
0.000000
0.000000
0.000000
0.000000
-1.184279
1.051264
0.775969
-1.183371
1.117010
0.728740
0.000000
0.000000
0.000000
0.000000
0.000000
0.000000
-1.322256
1.043320
0.620233
-1.357323
0.985661
0.633917
0.000000
0.000000
0.000000
0.000000
0.000000
0.000000
-1.094600
0.873374
0.680099
-1.198001
0.803139
0.689312
0.000000
0.000000
0.000000
0.000000
0.000000
0.000000
-1.256927
1.059407
0.699332
-1.335884
0.921730
0.653597
0.000000
0.000000
0.000000
0.000000
0.000000
0.000000
-1.341642
0.799684
0.633403
-1.257578
1.061644
0.639736
0.000000
0.000000
0.000000
0.000000
0.000000
0.000000
-1.141273
1.241701
0.763394
-1.253937
0.998313
0.732815
0.000000
0.000000
0.000000
-1.165815
0.533232
0.778750
0.000000
0.000000
0.000000
-1.152777
0.536716
0.778750
-1.216531
0.686165
0.714181
-1.119305
0.706032
0.755953
-1.218950
0.685936
0.714181
-1.117603
0.708050
0.755953
0.000000
0.000000
0.000000
0.000000
0.000000
0.000000
-1.343885
0.674829
0.717623
-1.393257
0.670648
0.788767
0.000000
0.000000
0.000000
0.000000
0.000000
0.000000
-1.647099
1.429461
0.451805
-1.684211
1.410997
0.456670
0.000000
0.000000
0.000000
0.000000
0.000000
0.000000
-1.064416
1.574863
0.669756
-1.137394
1.308975
0.487606
0.000000
0.000000
0.000000
0.000000
0.000000
0.000000
-1.311330
1.147951
0.555605
-1.302179
1.289012
0.536278
0.000000
0.000000
0.000000
0.000000
0.000000
0.000000
-1.434296
0.364326
0.894292
-1.482746
0.343241
0.879123
0.000000
0.000000
0.000000
0.000000
0.000000
0.000000
-1.107519
1.030610
0.770784
-1.187083
0.842691
0.708414
0.000000
0.000000
0.000000
0.000000
0.000000
0.000000
-1.309332
0.807495
0.704106
-1.280372
0.959688
0.669352
0.000000
0.000000
0.000000
0.000000
0.000000
0.000000
0.000000
0.000000
0.000000
-1.151736
0.843006
0.630496
0.000000
0.000000
0.000000
0.000000
0.000000
0.000000
-1.430127
0.429762
0.817657
-1.482460
0.425444
0.977413
0.000000
0.000000
0.000000
0.000000
0.000000
0.000000
-1.627189
0.477211
0.896680
-1.735038
0.351099
0.884773
-1.114323
1.014816
0.575595
-1.154639
0.997009
0.619870
-1.054858
1.021835
0.545024
-1.061969
1.115072
0.582839
0.000000
0.000000
0.000000
0.000000
0.000000
0.000000
0.000000
0.000000
0.000000
-1.336852
0.629758
0.726468
0.000000
0.000000
0.000000
0.000000
0.000000
0.000000
-1.222861
0.669335
0.753842
-1.167498
0.718884
0.738054
0.000000
0.000000
0.000000
0.000000
0.000000
0.000000
-1.267961
0.949528
0.740981
-1.367426
0.883369
0.751563
0.000000
0.000000
0.000000
0.000000
0.000000
0.000000
-1.170457
0.892012
0.692217
-1.241449
0.766472
0.702639
0.000000
0.000000
0.000000
-1.231091
0.575700
0.717798
0.000000
0.000000
0.000000
-1.222502
0.576690
0.717798
-0.972492
1.121666
0.758562
-1.069701
1.011922
0.723982
-0.967737
1.122795
0.758562
-1.061809
0.994031
0.720246
0.000000
0.000000
0.000000
0.000000
0.000000
0.000000
-1.375380
0.383738
0.864940
-1.415836
0.415194
0.872732
0.000000
0.000000
0.000000
0.000000
0.000000
0.000000
-1.088697
0.962246
0.824318
-1.296241
0.589042
0.822540
0.000000
0.000000
0.000000
0.000000
0.000000
0.000000
-1.192659
0.631091
0.870509
-1.175218
0.653057
0.789087
-1.154626
0.611436
0.675918
-1.138001
0.628421
0.774297
-1.151786
0.614127
0.675918
-1.122008
0.627944
0.774297
0.000000
0.000000
0.000000
0.000000
0.000000
0.000000
0.000000
0.000000
0.000000
-1.389273
0.441057
0.796230
0.000000
0.000000
0.000000
0.000000
0.000000
0.000000
-1.334522
0.974512
0.659646
-1.468047
0.934128
0.785569
0.000000
0.000000
0.000000
0.000000
0.000000
0.000000
-1.269454
0.651230
0.835937
-1.280291
0.519697
0.821901
0.000000
0.000000
0.000000
0.000000
0.000000
0.000000
0.000000
0.000000
0.000000
-1.387309
0.719615
0.656773
0.000000
0.000000
0.000000
0.000000
0.000000
0.000000
-1.081163
0.503881
0.843602
-1.057816
0.714638
0.789031
0.000000
0.000000
0.000000
0.000000
0.000000
0.000000
-1.005095
0.956787
0.611929
-1.137253
1.012771
0.585885
0.000000
0.000000
0.000000
0.000000
0.000000
0.000000
-1.025439
0.974680
0.695192
-1.188744
1.007927
0.591376
0.000000
0.000000
0.000000
0.000000
0.000000
0.000000
-1.212877
0.698517
0.715928
-1.244887
0.764087
0.745765
0.000000
0.000000
0.000000
0.000000
0.000000
0.000000
-1.481632
0.681736
0.898937
-1.573418
0.573286
0.837471
0.000000
0.000000
0.000000
0.000000
0.000000
0.000000
-1.372949
0.651661
0.857413
-1.417197
0.629711
0.806792
0.000000
0.000000
0.000000
0.000000
0.000000
0.000000
-1.240857
0.537426
0.702955
-1.099390
0.798383
0.915372
0.000000
0.000000
0.000000
0.000000
0.000000
0.000000
-1.228854
0.997541
0.700041
-1.266006
1.063505
0.687845
0.000000
0.000000
0.000000
0.000000
0.000000
0.000000
0.000000
0.000000
0.000000
-1.331633
0.788466
0.728716
0.000000
0.000000
0.000000
0.000000
0.000000
0.000000
0.000000
0.000000
0.000000
-1.140542
0.749504
0.654424
0.000000
0.000000
0.000000
0.000000
0.000000
0.000000
-1.146674
1.054609
0.682671
-1.217172
0.862382
0.780746
0.000000
0.000000
0.000000
0.000000
0.000000
0.000000
-1.262915
0.586790
0.741576
-1.323395
0.570461
0.806288
0.000000
0.000000
0.000000
0.000000
0.000000
0.000000
-1.190770
0.787883
0.761976
-1.313348
0.759093
0.688933
0.000000
0.000000
0.000000
0.000000
0.000000
0.000000
-1.190545
0.379904
0.881294
-1.210750
0.332570
0.832038
0.000000
0.000000
0.000000
0.000000
0.000000
0.000000
-1.294501
0.794607
0.851074
-1.278740
0.885027
0.743794
0.000000
0.000000
0.000000
0.000000
0.000000
0.000000
-0.984951
1.178654
0.489249
-0.991182
1.171274
0.456253
0.000000
0.000000
0.000000
0.000000
0.000000
0.000000
-1.275502
0.871942
0.751961
-1.341899
0.777174
0.751319
0.000000
0.000000
0.000000
0.000000
0.000000
0.000000
-1.509236
0.356055
0.630738
-1.466198
0.465035
1.065937
0.000000
0.000000
0.000000
0.000000
0.000000
0.000000
-1.375538
1.217020
0.551334
-1.424597
1.153759
0.575051
0.000000
0.000000
0.000000
0.000000
0.000000
0.000000
-1.502455
0.551590
0.884081
-1.460403
0.615903
0.848227
0.000000
0.000000
0.000000
0.000000
0.000000
0.000000
-1.423653
0.701537
0.808523
-1.468170
0.676495
0.824712
0.000000
0.000000
0.000000
0.000000
0.000000
0.000000
-0.946403
1.193085
0.868603
-1.080472
1.024606
0.715689
0.000000
0.000000
0.000000
0.000000
0.000000
0.000000
-1.185071
0.663937
0.878706
-1.191516
0.525365
0.870420
0.000000
0.000000
0.000000
0.000000
0.000000
0.000000
-1.031815
0.799056
0.677877
-1.065551
0.627387
0.777611
0.000000
0.000000
0.000000
0.000000
0.000000
0.000000
0.000000
0.000000
0.000000
-1.371977
0.636036
0.705289
0.000000
0.000000
0.000000
0.000000
0.000000
0.000000
-1.198834
1.031939
0.745337
-1.287518
0.825085
0.718920
-1.103316
1.107733
0.852040
-1.173446
0.943292
0.659660
-1.082401
1.113918
0.852040
-1.141172
0.933544
0.659660
0.000000
0.000000
0.000000
0.000000
0.000000
0.000000
-1.283652
0.659913
0.736056
-1.272283
0.719074
0.759425
0.000000
0.000000
0.000000
0.000000
0.000000
0.000000
-1.325515
0.645918
0.786726
-1.392091
0.598308
0.798662
0.000000
0.000000
0.000000
0.000000
0.000000
0.000000
0.000000
0.000000
0.000000
-1.288256
0.672205
0.739110
0.000000
0.000000
0.000000
0.000000
0.000000
0.000000
-1.206309
0.789191
0.782946
-1.210118
0.860733
0.758683
0.000000
0.000000
0.000000
0.000000
0.000000
0.000000
0.000000
0.000000
0.000000
-1.267860
0.906333
0.733171
0.000000
0.000000
0.000000
0.000000
0.000000
0.000000
-1.300462
1.001716
0.647522
-1.372350
0.965238
0.706950
0.000000
0.000000
0.000000
0.000000
0.000000
0.000000
0.000000
0.000000
0.000000
-1.143616
0.850782
0.622396
0.000000
0.000000
0.000000
0.000000
0.000000
0.000000
-1.100482
1.150426
0.734154
-1.201238
0.828940
0.704741
0.000000
0.000000
0.000000
0.000000
0.000000
0.000000
-1.207562
0.870024
0.825122
-1.270362
0.687932
0.895753
0.000000
0.000000
0.000000
-1.258439
0.666241
0.832296
0.000000
0.000000
0.000000
-1.244966
0.669312
0.832296
-1.289680
0.377705
0.977297
-1.314694
0.407207
0.888938
-1.289660
0.378103
0.977297
-1.308424
0.409914
0.892691
0.000000
0.000000
0.000000
0.000000
0.000000
0.000000
-1.178731
0.604733
0.665578
-1.316962
0.535287
1.183149
0.000000
0.000000
0.000000
0.000000
0.000000
0.000000
0.000000
0.000000
0.000000
-1.350242
0.562154
0.739156
0.000000
0.000000
0.000000
0.000000
0.000000
0.000000
-1.051542
0.753297
0.725416
-1.133875
0.729657
0.752290
0.000000
0.000000
0.000000
0.000000
0.000000
0.000000
-1.241655
0.691214
0.679385
-1.121500
0.893053
0.792759
0.000000
0.000000
0.000000
0.000000
0.000000
0.000000
-1.231034
1.090981
0.719916
-1.300252
0.940993
0.662278
0.000000
0.000000
0.000000
0.000000
0.000000
0.000000
-1.474011
0.933249
0.717578
-1.497210
0.948052
0.720691
0.000000
0.000000
0.000000
0.000000
0.000000
0.000000
-1.197635
0.786706
0.795318
-1.260036
0.794490
0.734909
0.000000
0.000000
0.000000
0.000000
0.000000
0.000000
0.000000
0.000000
0.000000
-1.264730
0.593081
0.701238
0.000000
0.000000
0.000000
0.000000
0.000000
0.000000
0.000000
0.000000
0.000000
-1.179505
1.020111
0.697928
0.000000
0.000000
0.000000
0.000000
0.000000
0.000000
-1.067841
0.891971
0.671983
-1.079817
0.835185
0.703015
0.000000
0.000000
0.000000
0.000000
0.000000
0.000000
-1.309114
1.207724
0.556683
-1.368942
1.158279
0.560349
-1.381206
0.529680
0.871688
-1.384920
0.493752
0.859833
-1.155805
0.756831
0.755836
-1.155604
0.740297
0.796816
0.000000
0.000000
0.000000
0.000000
0.000000
0.000000
-1.296231
0.647157
0.822935
-1.320392
0.635883
0.809722
-0.964407
1.242611
0.727945
-1.046638
1.011552
0.682385
-0.983164
1.202661
0.755001
-1.039461
0.875899
0.847597
0.000000
0.000000
0.000000
0.000000
0.000000
0.000000
-1.599360
0.844512
0.857474
-1.630392
0.948876
0.784246
0.000000
0.000000
0.000000
0.000000
0.000000
0.000000
-1.307168
0.910905
0.664056
-1.328679
0.910767
0.700342
0.000000
0.000000
0.000000
0.000000
0.000000
0.000000
-1.322720
1.164208
0.720294
-1.425394
0.959898
0.769457
0.000000
0.000000
0.000000
0.000000
0.000000
0.000000
0.000000
0.000000
0.000000
-1.101587
0.580897
0.595697
0.000000
0.000000
0.000000
0.000000
0.000000
0.000000
-1.550471
0.572053
0.864095
-1.575916
0.575480
0.849592
0.000000
0.000000
0.000000
0.000000
0.000000
0.000000
-1.291899
0.989488
0.652215
-1.331976
0.979193
0.624734
0.000000
0.000000
0.000000
0.000000
0.000000
0.000000
-1.116281
1.039833
0.627633
-1.151873
0.860317
0.626811
0.000000
0.000000
0.000000
0.000000
0.000000
0.000000
-1.377605
0.805439
0.763332
-1.446917
0.775191
0.689058
0.000000
0.000000
0.000000
0.000000
0.000000
0.000000
-1.056516
1.444428
0.717644
-1.153490
1.287033
0.687835
0.000000
0.000000
0.000000
0.000000
0.000000
0.000000
0.000000
0.000000
0.000000
-1.207090
0.523943
0.778977
0.000000
0.000000
0.000000
0.000000
0.000000
0.000000
-1.267580
0.387350
0.898415
-1.312528
0.355933
0.867121
-1.247750
0.682947
0.809902
-1.230220
0.683271
0.802334
-1.240725
0.682933
0.809507
-1.224484
0.678056
0.802640
0.000000
0.000000
0.000000
0.000000
0.000000
0.000000
-1.436591
1.120518
0.622184
-1.482907
1.121379
0.608859
0.000000
0.000000
0.000000
0.000000
0.000000
0.000000
0.000000
0.000000
0.000000
-1.322166
0.530477
0.845236
0.000000
0.000000
0.000000
0.000000
0.000000
0.000000
-1.362696
0.443171
0.926356
-1.254407
0.493001
0.932645
0.000000
0.000000
0.000000
0.000000
0.000000
0.000000
-1.447960
1.243489
0.503171
-1.461789
1.265496
0.527338
0.000000
0.000000
0.000000
0.000000
0.000000
0.000000
-1.475331
0.539350
0.697257
-1.381543
0.760949
0.815277
0.000000
0.000000
0.000000
0.000000
0.000000
0.000000
0.000000
0.000000
0.000000
-1.225528
0.924128
0.615624
-1.232184
0.644131
0.906441
-1.299000
0.576414
0.775040
-1.193871
0.662379
0.906441
-1.230488
0.625802
0.757025
0.000000
0.000000
0.000000
0.000000
0.000000
0.000000
-1.298315
1.003447
0.612417
-1.384360
0.961158
0.754932
0.000000
0.000000
0.000000
0.000000
0.000000
0.000000
0.000000
0.000000
0.000000
-1.248189
0.380309
0.907814
0.000000
0.000000
0.000000
0.000000
0.000000
0.000000
-1.413201
0.556551
0.803052
-1.514485
0.484362
0.805300
0.000000
0.000000
0.000000
0.000000
0.000000
0.000000
-1.593676
0.294544
0.897457
-1.563948
0.317470
0.893316
0.000000
0.000000
0.000000
0.000000
0.000000
0.000000
-1.371544
0.416558
0.917795
-1.485048
0.375094
0.900384
-1.121869
0.939413
0.576971
-1.245735
0.836864
0.694629
-1.080070
0.975200
0.554235
-1.219764
0.855538
0.691158
-1.146304
0.439315
0.908596
-1.207434
0.377963
0.876618
-1.150221
0.425830
0.914928
-1.200819
0.376601
0.877339
0.000000
0.000000
0.000000
0.000000
0.000000
0.000000
-1.257629
0.847895
0.684909
-1.255432
0.862722
0.739263
0.000000
0.000000
0.000000
0.000000
0.000000
0.000000
-1.540889
0.653398
0.922637
-1.591803
0.452741
0.877007
0.000000
0.000000
0.000000
0.000000
0.000000
0.000000
-1.085595
0.792599
0.800441
-1.028911
0.953000
0.786214
0.000000
0.000000
0.000000
0.000000
0.000000
0.000000
-1.157604
0.472333
0.697375
-1.191628
0.367311
0.886781
0.000000
0.000000
0.000000
0.000000
0.000000
0.000000
-1.402926
0.903019
0.692195
-1.434941
0.944456
0.730094
0.000000
0.000000
0.000000
0.000000
0.000000
0.000000
-1.263576
0.906152
0.743916
-1.307397
0.970396
0.698568
0.000000
0.000000
0.000000
0.000000
0.000000
0.000000
-1.274862
0.647221
0.668898
-1.161033
0.685575
0.757906
0.000000
0.000000
0.000000
0.000000
0.000000
0.000000
-1.309302
0.613484
0.634480
-1.287463
0.720767
0.765006
0.000000
0.000000
0.000000
0.000000
0.000000
0.000000
0.000000
0.000000
0.000000
-1.025547
0.942414
0.784923
0.000000
0.000000
0.000000
0.000000
0.000000
0.000000
-1.325711
0.528834
0.704482
-1.247416
0.598928
0.719509
0.000000
0.000000
0.000000
-1.000705
1.252646
0.765372
0.000000
0.000000
0.000000
-1.005578
1.141468
0.796683
-1.432115
0.593723
0.772516
-1.469562
0.568631
0.769925
-1.392574
0.611111
0.772516
-1.423248
0.556440
0.772844
0.000000
0.000000
0.000000
0.000000
0.000000
0.000000
-1.262849
1.246326
0.629067
-1.407498
1.207774
0.521442
0.000000
0.000000
0.000000
0.000000
0.000000
0.000000
0.000000
0.000000
0.000000
-1.097081
0.867684
0.700332
0.000000
0.000000
0.000000
0.000000
0.000000
0.000000
-1.376583
0.743611
0.767836
-1.392965
0.750414
0.758746
0.000000
0.000000
0.000000
0.000000
0.000000
0.000000
-1.417562
1.185407
0.564801
-1.469847
1.083984
0.602418
0.000000
0.000000
0.000000
0.000000
0.000000
0.000000
-1.299788
0.765805
0.910508
-1.278102
0.792579
0.836393
0.000000
0.000000
0.000000
0.000000
0.000000
0.000000
-1.232502
0.480057
0.852068
-1.331053
0.402160
0.883443
0.000000
0.000000
0.000000
0.000000
0.000000
0.000000
-1.401530
0.713238
0.833699
-1.413905
0.683019
0.821222
0.000000
0.000000
0.000000
0.000000
0.000000
0.000000
-1.323731
0.558208
0.764969
-1.389883
0.459987
0.844781
0.000000
0.000000
0.000000
0.000000
0.000000
0.000000
-1.304749
0.683320
0.749127
-1.214685
0.768337
0.877791
0.000000
0.000000
0.000000
0.000000
0.000000
0.000000
0.000000
0.000000
0.000000
-1.369440
0.570046
0.894241
0.000000
0.000000
0.000000
0.000000
0.000000
0.000000
-1.176259
1.266127
0.606847
-1.252712
1.154802
0.599887
0.000000
0.000000
0.000000
0.000000
0.000000
0.000000
-1.333460
0.965607
0.589913
-1.300953
1.019361
0.743767
0.000000
0.000000
0.000000
0.000000
0.000000
0.000000
-1.378640
0.468826
0.851566
-1.363562
0.503490
0.863683
0.000000
0.000000
0.000000
0.000000
0.000000
0.000000
-1.621554
0.493659
0.863327
-1.633543
0.552354
0.863341
0.000000
0.000000
0.000000
0.000000
0.000000
0.000000
-1.548427
0.855313
0.723409
-1.474023
0.901911
0.718435
0.000000
0.000000
0.000000
0.000000
0.000000
0.000000
-1.335104
0.690538
0.630114
-1.287940
0.964507
0.731131
0.000000
0.000000
0.000000
0.000000
0.000000
0.000000
-1.140342
0.612395
0.688791
-1.145259
0.637922
0.718639
0.000000
0.000000
0.000000
0.000000
0.000000
0.000000
-1.066126
1.031396
0.656636
-1.152445
0.876444
0.639210
0.000000
0.000000
0.000000
0.000000
0.000000
0.000000
-1.045906
1.052976
0.582850
-1.047275
0.968883
0.609333
0.000000
0.000000
0.000000
0.000000
0.000000
0.000000
-1.079139
0.614780
0.789648
-1.200238
0.482623
0.834865
0.000000
0.000000
0.000000
0.000000
0.000000
0.000000
-1.299127
1.071317
0.649929
-1.331413
1.141199
0.559346
0.000000
0.000000
0.000000
0.000000
0.000000
0.000000
-1.186787
0.741779
0.690158
-1.182553
0.669307
0.905850
0.000000
0.000000
0.000000
0.000000
0.000000
0.000000
-1.386722
1.261854
0.630903
-1.384399
1.308702
0.489051
0.000000
0.000000
0.000000
0.000000
0.000000
0.000000
0.000000
0.000000
0.000000
-1.100606
0.805007
0.777906
0.000000
0.000000
0.000000
0.000000
0.000000
0.000000
-1.141942
1.074812
0.813416
-1.182514
1.104219
0.644913
0.000000
0.000000
0.000000
0.000000
0.000000
0.000000
-0.949126
1.555159
0.579182
-1.020822
1.394262
0.551078
0.000000
0.000000
0.000000
0.000000
0.000000
0.000000
-1.315551
0.545019
1.057553
-1.365869
0.565830
0.901818
0.000000
0.000000
0.000000
0.000000
0.000000
0.000000
0.000000
0.000000
0.000000
-1.134126
1.454334
0.760874
0.000000
0.000000
0.000000
-1.210847
0.542583
0.675877
0.000000
0.000000
0.000000
-1.191347
0.552948
0.675877
0.000000
0.000000
0.000000
0.000000
0.000000
0.000000
-1.417612
0.687920
0.920016
-1.433325
0.700704
0.831773
0.000000
0.000000
0.000000
0.000000
0.000000
0.000000
-1.318838
0.663694
0.796697
-1.338801
0.661928
0.784062
-1.151070
0.501219
0.688315
-0.917806
0.731688
0.934829
-1.146367
0.501772
0.688315
-0.910006
0.727737
0.934829
0.000000
0.000000
0.000000
0.000000
0.000000
0.000000
-1.100301
0.711649
0.749693
-0.998794
0.797732
0.819393
0.000000
0.000000
0.000000
0.000000
0.000000
0.000000
-1.369109
0.481115
0.907084
-1.401220
0.518728
0.869736
0.000000
0.000000
0.000000
0.000000
0.000000
0.000000
-1.596581
0.431223
0.899811
-1.588406
0.448729
0.892345
0.000000
0.000000
0.000000
0.000000
0.000000
0.000000
-1.470085
0.851321
0.600399
-1.444084
1.063767
0.764654
0.000000
0.000000
0.000000
0.000000
0.000000
0.000000
0.000000
0.000000
0.000000
-1.229628
0.490516
0.683577
-1.034588
0.881517
0.895656
-1.041021
0.672238
0.909162
-0.967090
0.916101
0.895656
-0.940678
0.900310
0.837228
0.000000
0.000000
0.000000
0.000000
0.000000
0.000000
-1.490880
1.017124
0.660228
-1.513105
1.027394
0.680478
-1.335885
0.817464
0.714139
-1.365848
0.737403
0.725838
-1.306338
0.805879
0.713121
-1.321660
0.739655
0.723074
0.000000
0.000000
0.000000
0.000000
0.000000
0.000000
-1.352512
0.849961
0.783201
-1.390387
0.735066
0.766373
0.000000
0.000000
0.000000
0.000000
0.000000
0.000000
-1.153054
0.691065
1.019333
-1.379686
0.582507
0.853018
0.000000
0.000000
0.000000
-1.264939
0.442682
0.681523
0.000000
0.000000
0.000000
-1.281399
0.445504
0.681523
0.000000
0.000000
0.000000
0.000000
0.000000
0.000000
0.000000
0.000000
0.000000
-1.468370
0.365395
0.752031
0.000000
0.000000
0.000000
0.000000
0.000000
0.000000
-1.185800
0.849968
0.821732
-1.320443
0.762488
0.656180
0.000000
0.000000
0.000000
0.000000
0.000000
0.000000
0.000000
0.000000
0.000000
-1.260885
0.824445
0.763989
0.000000
0.000000
0.000000
0.000000
0.000000
0.000000
-1.539931
0.592662
0.794173
-1.325440
1.152699
0.742435
0.000000
0.000000
0.000000
0.000000
0.000000
0.000000
-1.234612
0.531775
0.972026
-1.246512
0.490305
0.798173
0.000000
0.000000
0.000000
0.000000
0.000000
0.000000
-1.177647
1.159611
0.681730
-1.252262
0.948297
0.716939
0.000000
0.000000
0.000000
0.000000
0.000000
0.000000
-1.069097
0.795277
0.763670
-1.215825
0.582817
0.757172
0.000000
0.000000
0.000000
0.000000
0.000000
0.000000
-1.244013
0.567179
0.880614
-1.230250
0.675199
0.826235
0.000000
0.000000
0.000000
0.000000
0.000000
0.000000
0.000000
0.000000
0.000000
-1.251753
0.596090
0.870457
0.000000
0.000000
0.000000
0.000000
0.000000
0.000000
-1.182105
0.750991
0.716538
-0.990660
1.115442
0.682979
0.000000
0.000000
0.000000
0.000000
0.000000
0.000000
-1.183202
0.584713
0.806403
-1.260954
0.565221
0.821250
0.000000
0.000000
0.000000
0.000000
0.000000
0.000000
-1.274315
0.649933
0.725012
-1.309929
0.678481
0.786201
0.000000
0.000000
0.000000
0.000000
0.000000
0.000000
-1.449724
0.666427
0.852708
-1.393371
0.690466
0.847993
0.000000
0.000000
0.000000
0.000000
0.000000
0.000000
-1.298671
0.722100
0.813517
-1.308151
0.713473
0.801935
0.000000
0.000000
0.000000
0.000000
0.000000
0.000000
0.000000
0.000000
0.000000
-1.173989
0.580705
0.751200
0.000000
0.000000
0.000000
0.000000
0.000000
0.000000
-1.235291
0.574722
0.775361
-1.376612
0.411581
0.851223
0.000000
0.000000
0.000000
0.000000
0.000000
0.000000
-1.240153
1.314129
0.669223
-1.314252
1.173319
0.705849
0.000000
0.000000
0.000000
0.000000
0.000000
0.000000
-1.300075
0.375949
0.639359
-1.293671
0.377458
1.140597
0.000000
0.000000
0.000000
0.000000
0.000000
0.000000
0.000000
0.000000
0.000000
-0.998375
1.280429
0.645178
0.000000
0.000000
0.000000
0.000000
0.000000
0.000000
-1.131024
0.687340
0.746176
-1.259086
0.611143
0.763394
0.000000
0.000000
0.000000
0.000000
0.000000
0.000000
-1.181690
0.929969
0.583316
-1.142189
1.035857
0.569905
0.000000
0.000000
0.000000
0.000000
0.000000
0.000000
-1.623898
0.726517
0.789207
-1.603230
0.850369
0.762350
0.000000
0.000000
0.000000
0.000000
0.000000
0.000000
-1.451771
1.055077
0.653878
-1.491390
1.020341
0.685358
0.000000
0.000000
0.000000
0.000000
0.000000
0.000000
-1.240054
0.580006
0.927834
-1.360337
0.526262
0.874358
0.000000
0.000000
0.000000
0.000000
0.000000
0.000000
-1.399949
0.532291
0.786396
-1.441002
0.618742
0.798742
0.000000
0.000000
0.000000
0.000000
0.000000
0.000000
-1.254718
0.629245
0.824558
-1.340319
0.542057
0.854493
0.000000
0.000000
0.000000
0.000000
0.000000
0.000000
-1.474611
1.057474
0.666687
-1.502294
1.029964
0.682384
-1.645221
0.239241
0.930170
-1.577586
0.237065
0.899275
-1.683907
0.259118
0.923064
-1.593412
0.251760
0.895359
0.000000
0.000000
0.000000
0.000000
0.000000
0.000000
0.000000
0.000000
0.000000
-1.196368
0.727795
0.803332
0.000000
0.000000
0.000000
0.000000
0.000000
0.000000
0.000000
0.000000
0.000000
-1.074717
0.677164
0.779012
0.000000
0.000000
0.000000
0.000000
0.000000
0.000000
-1.368952
0.441732
0.875882
-1.397211
0.444568
0.850937
0.000000
0.000000
0.000000
0.000000
0.000000
0.000000
-1.261637
0.859120
0.790875
-1.316141
0.760025
0.797425
0.000000
0.000000
0.000000
0.000000
0.000000
0.000000
-1.041975
0.963132
0.615428
-1.058789
1.065645
0.661804
0.000000
0.000000
0.000000
0.000000
0.000000
0.000000
-0.999956
1.006650
0.778650
-1.023065
0.891352
0.876239
0.000000
0.000000
0.000000
0.000000
0.000000
0.000000
-1.623028
0.500473
0.753312
-1.738821
0.442665
0.866098
0.000000
0.000000
0.000000
0.000000
0.000000
0.000000
0.000000
0.000000
0.000000
-1.197496
0.559585
0.725273
0.000000
0.000000
0.000000
0.000000
0.000000
0.000000
-1.318575
0.589580
0.707259
-1.333855
0.530197
0.828929
-1.578875
0.792390
0.815066
-1.647307
0.767424
0.821602
-1.600907
0.651676
0.872008
-1.667938
0.601472
0.876799
0.000000
0.000000
0.000000
0.000000
0.000000
0.000000
-1.395646
0.673817
0.805931
-1.449439
0.652277
0.818673
0.000000
0.000000
0.000000
0.000000
0.000000
0.000000
-1.175432
0.569075
0.758443
-1.211270
0.449702
0.836898
0.000000
0.000000
0.000000
0.000000
0.000000
0.000000
-1.144124
0.747955
0.791136
-1.295581
0.552687
0.829002
0.000000
0.000000
0.000000
0.000000
0.000000
0.000000
0.000000
0.000000
0.000000
-1.451352
0.474991
0.707698
0.000000
0.000000
0.000000
0.000000
0.000000
0.000000
-1.281704
0.629023
0.857366
-1.304069
0.678699
0.826968
0.000000
0.000000
0.000000
0.000000
0.000000
0.000000
-1.102019
1.009198
0.584705
-1.179358
1.057133
0.560974
0.000000
0.000000
0.000000
0.000000
0.000000
0.000000
-1.440930
0.615424
0.818515
-1.465833
0.632921
0.815146
0.000000
0.000000
0.000000
0.000000
0.000000
0.000000
-1.616159
0.399501
0.873378
-1.554165
0.544142
0.849259
0.000000
0.000000
0.000000
0.000000
0.000000
0.000000
-1.235037
1.010552
0.615723
-1.283147
1.013452
0.669894
0.000000
0.000000
0.000000
0.000000
0.000000
0.000000
-1.280502
0.487535
0.858251
-1.330810
0.508139
0.796956
0.000000
0.000000
0.000000
0.000000
0.000000
0.000000
-1.224359
0.593178
0.790403
-1.013623
0.835065
0.760073
0.000000
0.000000
0.000000
0.000000
0.000000
0.000000
-0.908064
1.288340
0.624884
-1.090885
1.014140
0.665636
0.000000
0.000000
0.000000
0.000000
0.000000
0.000000
-1.086703
0.677601
0.656714
-1.093363
0.721510
0.747585
0.000000
0.000000
0.000000
0.000000
0.000000
0.000000
0.000000
0.000000
0.000000
-1.071430
0.814710
0.636539
0.000000
0.000000
0.000000
0.000000
0.000000
0.000000
-1.242992
0.740615
0.798256
-1.194073
0.881169
0.773349
0.000000
0.000000
0.000000
0.000000
0.000000
0.000000
-1.206931
0.611568
0.705041
-1.252763
0.688054
0.780467
-1.107286
0.712026
0.801731
-0.922739
0.873481
0.773369
-1.091452
0.699013
0.808497
-0.903573
0.854928
0.777598
0.000000
0.000000
0.000000
-1.254135
0.389023
0.892791
0.000000
0.000000
0.000000
-1.262605
0.396462
0.892791
-1.336417
0.954257
0.534435
-1.332249
1.173164
0.644929
-1.274718
0.853642
0.597679
-1.255883
0.980981
0.734744
-1.441237
1.070297
0.790121
-1.509866
0.967776
0.696289
-1.415393
0.878194
0.848129
-1.457639
0.929501
0.717184
0.000000
0.000000
0.000000
0.000000
0.000000
0.000000
-1.233880
0.781148
0.715547
-1.184396
0.875608
0.714631
0.000000
0.000000
0.000000
0.000000
0.000000
0.000000
-1.240902
1.088859
0.776203
-1.284595
0.984456
0.766886
0.000000
0.000000
0.000000
0.000000
0.000000
0.000000
-1.194446
0.848776
0.831141
-1.187463
0.707856
0.722358
0.000000
0.000000
0.000000
0.000000
0.000000
0.000000
-1.307373
0.586571
0.801767
-1.381676
0.629891
0.813514
0.000000
0.000000
0.000000
0.000000
0.000000
0.000000
-1.379240
0.469569
0.875385
-1.423823
0.434318
0.856090
0.000000
0.000000
0.000000
0.000000
0.000000
0.000000
-1.249171
0.889490
0.790119
-1.283293
0.851663
0.757610
0.000000
0.000000
0.000000
0.000000
0.000000
0.000000
-1.014867
0.855819
0.732988
-0.946643
0.937662
0.753732
0.000000
0.000000
0.000000
0.000000
0.000000
0.000000
0.000000
0.000000
0.000000
-0.971415
0.911127
0.762920
0.000000
0.000000
0.000000
0.000000
0.000000
0.000000
0.000000
0.000000
0.000000
-1.168954
0.807085
0.719596
0.000000
0.000000
0.000000
0.000000
0.000000
0.000000
-1.244811
0.517472
0.779774
-1.190870
0.710509
0.833518
0.000000
0.000000
0.000000
0.000000
0.000000
0.000000
-1.301026
0.758844
0.703700
-1.468680
0.662471
0.808109
0.000000
0.000000
0.000000
0.000000
0.000000
0.000000
0.000000
0.000000
0.000000
-1.432097
0.674763
0.669440
0.000000
0.000000
0.000000
0.000000
0.000000
0.000000
-1.122428
1.136504
0.601491
-1.189300
0.937479
0.576266
0.000000
0.000000
0.000000
0.000000
0.000000
0.000000
-1.083892
0.857138
0.708551
-1.086197
0.956148
0.704446
0.000000
0.000000
0.000000
0.000000
0.000000
0.000000
-1.233818
0.486449
0.847959
-1.266437
0.445626
0.859838
0.000000
0.000000
0.000000
0.000000
0.000000
0.000000
-1.164936
0.775090
0.767712
-1.279211
0.864451
0.742553
0.000000
0.000000
0.000000
0.000000
0.000000
0.000000
-1.212632
1.205247
0.624314
-1.257623
1.227978
0.664510
0.000000
0.000000
0.000000
0.000000
0.000000
0.000000
-1.047910
0.924943
0.698158
-1.046328
0.876715
0.705361
0.000000
0.000000
0.000000
0.000000
0.000000
0.000000
-1.289204
0.695841
0.835325
-1.333328
0.772219
0.794136
0.000000
0.000000
0.000000
0.000000
0.000000
0.000000
-1.365171
0.899691
0.686700
-1.262356
1.573806
0.601087
0.000000
0.000000
0.000000
0.000000
0.000000
0.000000
-0.987769
0.727085
0.745183
-0.965791
0.881043
0.757723
-0.818949
1.596242
0.715143
-0.975765
1.147804
0.703660
-0.802255
1.602566
0.715143
-0.964912
1.140169
0.703660
0.000000
0.000000
0.000000
0.000000
0.000000
0.000000
-0.998026
0.902763
0.847588
-1.019987
0.974911
0.713320
0.000000
0.000000
0.000000
0.000000
0.000000
0.000000
-1.398650
0.804119
0.742103
-1.350072
0.745325
0.739102
0.000000
0.000000
0.000000
0.000000
0.000000
0.000000
-1.357569
0.896245
0.721222
-1.393085
0.910795
0.720296
0.000000
0.000000
0.000000
-1.157745
1.323139
0.628100
0.000000
0.000000
0.000000
-1.155778
1.338202
0.628100
0.000000
0.000000
0.000000
0.000000
0.000000
0.000000
-1.079197
0.921899
0.636111
-1.136701
0.924487
0.775771
-1.253180
0.771577
0.760619
-1.359250
0.623781
0.811317
-1.236470
0.821882
0.720717
-1.296308
0.752295
0.749860
0.000000
0.000000
0.000000
0.000000
0.000000
0.000000
0.000000
0.000000
0.000000
-1.008157
1.361962
0.729529
0.000000
0.000000
0.000000
0.000000
0.000000
0.000000
-1.217866
0.819687
0.750346
-1.227089
0.696059
0.817029
0.000000
0.000000
0.000000
0.000000
0.000000
0.000000
-1.407651
0.931044
0.713732
-1.428302
0.920012
0.716733
0.000000
0.000000
0.000000
0.000000
0.000000
0.000000
0.000000
0.000000
0.000000
-1.139325
1.051078
0.894381
0.000000
0.000000
0.000000
0.000000
0.000000
0.000000
-1.198933
0.705088
0.763743
-1.472987
0.520477
0.846401
0.000000
0.000000
0.000000
0.000000
0.000000
0.000000
0.000000
0.000000
0.000000
-1.227649
0.537131
0.888630
0.000000
0.000000
0.000000
0.000000
0.000000
0.000000
-1.138467
0.693216
0.707060
-1.206401
0.527783
0.862562
0.000000
0.000000
0.000000
0.000000
0.000000
0.000000
-1.468663
0.906825
0.784807
-1.528784
1.126368
0.739506
0.000000
0.000000
0.000000
0.000000
0.000000
0.000000
-1.159716
0.629262
0.771735
-1.185191
0.587782
0.843632
0.000000
0.000000
0.000000
0.000000
0.000000
0.000000
0.000000
0.000000
0.000000
-1.097843
0.702496
0.688448
0.000000
0.000000
0.000000
0.000000
0.000000
0.000000
-1.194775
0.977160
0.743982
-1.275795
0.771252
0.744700
0.000000
0.000000
0.000000
0.000000
0.000000
0.000000
-1.281018
0.684156
0.774100
-1.330383
0.673824
0.793875
0.000000
0.000000
0.000000
0.000000
0.000000
0.000000
-1.247049
1.185863
0.580103
-1.315261
1.140096
0.553001
0.000000
0.000000
0.000000
0.000000
0.000000
0.000000
-0.984166
0.910261
0.691974
-1.015026
1.115207
0.664874
0.000000
0.000000
0.000000
0.000000
0.000000
0.000000
0.000000
0.000000
0.000000
-1.159676
1.645827
0.800307
0.000000
0.000000
0.000000
0.000000
0.000000
0.000000
-1.538736
1.305892
0.539256
-1.586956
1.212601
0.573011
0.000000
0.000000
0.000000
0.000000
0.000000
0.000000
-1.236031
1.075146
0.623170
-1.195654
1.011063
0.577962
0.000000
0.000000
0.000000
0.000000
0.000000
0.000000
-1.413948
0.441198
0.873741
-1.478029
0.377136
0.861272
0.000000
0.000000
0.000000
0.000000
0.000000
0.000000
-1.247756
0.917807
0.636206
-1.186434
1.225943
0.538707
0.000000
0.000000
0.000000
0.000000
0.000000
0.000000
-1.266211
0.428529
0.871267
-1.366348
0.407237
0.885519
0.000000
0.000000
0.000000
0.000000
0.000000
0.000000
-1.416675
1.020748
0.720230
-1.465277
0.922661
0.740194
0.000000
0.000000
0.000000
0.000000
0.000000
0.000000
-1.474689
0.814481
0.768759
-1.496725
0.809451
0.778929
0.000000
0.000000
0.000000
0.000000
0.000000
0.000000
-1.291595
1.085616
0.551313
-1.226143
1.360388
0.573269
0.000000
0.000000
0.000000
0.000000
0.000000
0.000000
-1.210908
1.099133
0.664300
-1.268141
0.991779
0.630600
0.000000
0.000000
0.000000
0.000000
0.000000
0.000000
-1.171522
1.486517
0.555792
-1.299372
1.132364
0.423930
0.000000
0.000000
0.000000
0.000000
0.000000
0.000000
0.000000
0.000000
0.000000
-1.251445
0.448337
0.751389
0.000000
0.000000
0.000000
0.000000
0.000000
0.000000
-1.326144
0.771715
0.970910
-1.446607
0.561586
0.858129
0.000000
0.000000
0.000000
0.000000
0.000000
0.000000
0.000000
0.000000
0.000000
-1.344133
0.545320
0.824795
-1.237113
0.957399
0.681403
-1.258836
1.255831
0.663456
-1.202840
0.941544
0.685851
-1.211251
1.247468
0.663506
0.000000
0.000000
0.000000
0.000000
0.000000
0.000000
-1.104376
1.382471
0.811407
-1.294340
1.261544
0.672727
0.000000
0.000000
0.000000
0.000000
0.000000
0.000000
0.000000
0.000000
0.000000
-1.410418
0.590454
0.793275
0.000000
0.000000
0.000000
0.000000
0.000000
0.000000
0.000000
0.000000
0.000000
-1.249461
0.962459
0.743083
0.000000
0.000000
0.000000
0.000000
0.000000
0.000000
-1.216960
0.781310
0.712480
-1.316825
0.791700
0.756782
0.000000
0.000000
0.000000
0.000000
0.000000
0.000000
-1.368380
0.673838
0.807044
-1.304518
0.866526
0.794560
-1.062614
1.004840
0.672552
-1.088160
0.956271
0.655176
-1.027782
1.004535
0.673690
-1.048761
0.962342
0.648219
0.000000
0.000000
0.000000
0.000000
0.000000
0.000000
-1.563825
0.597718
0.906922
-1.536209
0.630455
0.852432
0.000000
0.000000
0.000000
0.000000
0.000000
0.000000
-1.415693
0.766656
0.733144
-1.369867
0.851735
0.753096
0.000000
0.000000
0.000000
0.000000
0.000000
0.000000
-1.278420
0.463988
0.830573
-1.330212
0.509483
0.857809
0.000000
0.000000
0.000000
0.000000
0.000000
0.000000
0.000000
0.000000
0.000000
-1.118070
0.875766
0.982766
0.000000
0.000000
0.000000
0.000000
0.000000
0.000000
-1.224153
1.173036
0.733014
-1.370008
0.752417
0.782647
0.000000
0.000000
0.000000
0.000000
0.000000
0.000000
-1.375456
1.044832
0.676970
-1.410443
1.063527
0.652522
0.000000
0.000000
0.000000
0.000000
0.000000
0.000000
0.000000
0.000000
0.000000
-1.158521
0.937014
0.722890
0.000000
0.000000
0.000000
0.000000
0.000000
0.000000
0.000000
0.000000
0.000000
-1.175882
0.868512
0.650093
0.000000
0.000000
0.000000
0.000000
0.000000
0.000000
-1.293934
0.905730
0.894636
-1.273797
1.160646
0.709308
0.000000
0.000000
0.000000
0.000000
0.000000
0.000000
-1.350602
1.105312
0.658898
-1.374197
1.124019
0.633877
0.000000
0.000000
0.000000
0.000000
0.000000
0.000000
-1.270181
0.901059
0.777939
-1.340893
0.727766
0.742350
0.000000
0.000000
0.000000
0.000000
0.000000
0.000000
-1.478422
1.262581
0.530156
-1.509594
1.272509
0.543038
0.000000
0.000000
0.000000
0.000000
0.000000
0.000000
-1.058642
0.631902
0.624927
-1.047583
0.726943
0.904339
0.000000
0.000000
0.000000
0.000000
0.000000
0.000000
0.000000
0.000000
0.000000
-1.121664
1.368619
0.732969
0.000000
0.000000
0.000000
0.000000
0.000000
0.000000
-1.154561
1.229564
0.493501
-1.225961
1.211972
0.468423
-1.316432
0.811700
0.808313
-1.509630
0.596114
0.784395
-1.321419
0.828474
0.808313
-1.542140
0.579672
0.771786
0.000000
0.000000
0.000000
0.000000
0.000000
0.000000
-1.168560
0.561433
0.934216
-1.250619
0.527443
0.829407
0.000000
0.000000
0.000000
0.000000
0.000000
0.000000
-1.146434
1.182851
0.554986
-1.200060
1.142050
0.551118
0.000000
0.000000
0.000000
0.000000
0.000000
0.000000
-0.997070
0.791242
0.760236
-1.039175
0.878842
0.762401
0.000000
0.000000
0.000000
0.000000
0.000000
0.000000
-1.663740
0.225292
0.903656
-1.708634
0.194613
0.906202
0.000000
0.000000
0.000000
0.000000
0.000000
0.000000
-1.439240
0.505419
0.923112
-1.507651
0.379959
0.922149
0.000000
0.000000
0.000000
0.000000
0.000000
0.000000
-1.519707
1.140069
0.666002
-1.565092
1.031258
0.710882
0.000000
0.000000
0.000000
0.000000
0.000000
0.000000
-1.205058
0.908433
0.589925
-1.193504
1.074258
0.590742
0.000000
0.000000
0.000000
0.000000
0.000000
0.000000
-1.275132
1.098990
0.682469
-1.335877
0.988812
0.656572
0.000000
0.000000
0.000000
0.000000
0.000000
0.000000
-1.367788
0.794532
0.737400
-1.399983
0.807238
0.740140
0.000000
0.000000
0.000000
0.000000
0.000000
0.000000
-1.233451
0.705778
0.824938
-1.285892
0.720190
0.813479
0.000000
0.000000
0.000000
0.000000
0.000000
0.000000
-1.245907
0.569441
0.756364
-1.328083
0.634873
0.855585
0.000000
0.000000
0.000000
0.000000
0.000000
0.000000
-1.199860
0.864449
0.732998
-1.205805
0.984171
0.684872
0.000000
0.000000
0.000000
0.000000
0.000000
0.000000
-0.998678
1.167157
0.790304
-1.209333
0.919445
0.763369
0.000000
0.000000
0.000000
0.000000
0.000000
0.000000
-1.118333
0.687925
0.840887
-1.225446
0.540156
0.799329
0.000000
0.000000
0.000000
0.000000
0.000000
0.000000
0.000000
0.000000
0.000000
-1.214967
0.857222
0.703040
0.000000
0.000000
0.000000
0.000000
0.000000
0.000000
-1.274615
1.570270
0.648408
-1.434610
1.203932
0.577767
0.000000
0.000000
0.000000
0.000000
0.000000
0.000000
0.000000
0.000000
0.000000
-1.278462
0.540397
0.783670
0.000000
0.000000
0.000000
0.000000
0.000000
0.000000
-1.165799
0.902863
0.667717
-1.179606
0.881694
0.758698
0.000000
0.000000
0.000000
0.000000
0.000000
0.000000
-1.292156
0.619677
0.810801
-1.321612
0.758518
0.930326
0.000000
0.000000
0.000000
0.000000
0.000000
0.000000
-1.357530
0.397169
0.792242
-1.458083
0.428297
0.894033
0.000000
0.000000
0.000000
0.000000
0.000000
0.000000
-1.105677
0.608245
0.710611
-1.120496
0.565346
0.848305
0.000000
0.000000
0.000000
0.000000
0.000000
0.000000
-1.197318
0.877163
0.738543
-1.245904
0.885302
0.745409
0.000000
0.000000
0.000000
0.000000
0.000000
0.000000
-1.233702
0.945065
0.844970
-1.290964
0.733726
0.855974
0.000000
0.000000
0.000000
0.000000
0.000000
0.000000
-0.974470
0.710446
0.832878
-1.139733
0.834970
0.746235
-1.597984
0.449376
0.875294
-1.608159
0.473361
0.873150
-1.460729
0.443748
0.868663
-1.474196
0.439028
0.865336
0.000000
0.000000
0.000000
0.000000
0.000000
0.000000
-1.266805
0.757500
0.767496
-1.244898
1.006695
0.650739
0.000000
0.000000
0.000000
0.000000
0.000000
0.000000
0.000000
0.000000
0.000000
-1.381800
0.492628
0.771770
0.000000
0.000000
0.000000
0.000000
0.000000
0.000000
-1.400331
0.788365
0.812250
-1.512530
0.798866
0.845227
0.000000
0.000000
0.000000
0.000000
0.000000
0.000000
0.000000
0.000000
0.000000
-1.261371
0.598353
0.637899
0.000000
0.000000
0.000000
0.000000
0.000000
0.000000
-1.074399
1.105461
0.671423
-1.010115
1.080476
0.686664
0.000000
0.000000
0.000000
0.000000
0.000000
0.000000
-1.074862
0.677366
0.970066
-1.183379
0.687045
0.841670
-1.425980
0.910507
0.671291
-1.365877
1.027008
0.822509
-1.416898
0.933459
0.671291
-1.339038
1.046791
0.795862
0.000000
0.000000
0.000000
0.000000
0.000000
0.000000
-1.512601
0.524481
0.864968
-1.529651
0.531717
0.859778
-1.333320
0.510960
0.875072
-1.306532
0.543682
0.869833
-1.255737
0.587707
0.860870
-1.192970
0.688095
0.845302
0.000000
0.000000
0.000000
0.000000
0.000000
0.000000
-1.432788
0.685608
0.874783
-1.568747
0.563516
0.827758
0.000000
0.000000
0.000000
0.000000
0.000000
0.000000
-1.079475
1.253512
0.662377
-1.228656
0.920452
0.606229
0.000000
0.000000
0.000000
0.000000
0.000000
0.000000
-1.252375
0.529010
0.766517
-1.173905
0.691302
0.827370
0.000000
0.000000
0.000000
0.000000
0.000000
0.000000
-1.336237
0.805967
0.690140
-1.458858
0.646337
0.729142
0.000000
0.000000
0.000000
0.000000
0.000000
0.000000
-1.316935
0.879882
0.799719
-1.385976
0.697530
0.841360
0.000000
0.000000
0.000000
0.000000
0.000000
0.000000
-1.389346
1.323491
0.666725
-1.396071
1.364946
0.577126
0.000000
0.000000
0.000000
0.000000
0.000000
0.000000
0.000000
0.000000
0.000000
-1.303516
0.781598
0.590706
0.000000
0.000000
0.000000
0.000000
0.000000
0.000000
-1.327941
1.046387
0.739110
-1.337817
1.116848
0.695493
0.000000
0.000000
0.000000
0.000000
0.000000
0.000000
-1.374335
0.557666
0.862505
-1.393853
0.628620
0.843850
0.000000
0.000000
0.000000
0.000000
0.000000
0.000000
-1.193444
0.443340
0.816489
-1.336269
0.360695
0.833050
0.000000
0.000000
0.000000
0.000000
0.000000
0.000000
-1.291430
0.649403
0.812530
-1.334006
0.670676
0.802001
0.000000
0.000000
0.000000
0.000000
0.000000
0.000000
-1.293677
0.741841
0.798634
-1.355397
0.812539
0.778201
0.000000
0.000000
0.000000
0.000000
0.000000
0.000000
0.000000
0.000000
0.000000
-1.029756
0.771383
0.852875
0.000000
0.000000
0.000000
0.000000
0.000000
0.000000
0.000000
0.000000
0.000000
-1.343102
0.653388
0.721856
-0.777681
0.826572
0.815738
-0.959633
0.669987
0.792709
-0.756495
0.850186
0.819009
-0.958996
0.669831
0.798055
0.000000
0.000000
0.000000
0.000000
0.000000
0.000000
-1.448432
0.849318
0.714518
-1.455613
0.857092
0.856177
0.000000
0.000000
0.000000
0.000000
0.000000
0.000000
-1.426493
0.802794
0.824612
-1.467341
0.830486
0.792073
0.000000
0.000000
0.000000
0.000000
0.000000
0.000000
0.000000
0.000000
0.000000
-1.193277
0.439068
0.841441
0.000000
0.000000
0.000000
0.000000
0.000000
0.000000
-1.391067
0.469943
0.872975
-1.418189
0.469127
0.875511
0.000000
0.000000
0.000000
0.000000
0.000000
0.000000
-1.241690
0.508374
0.896694
-1.192236
0.575846
0.813704
0.000000
0.000000
0.000000
0.000000
0.000000
0.000000
-1.261804
0.876379
0.739523
-1.351807
0.719359
0.676579
0.000000
0.000000
0.000000
0.000000
0.000000
0.000000
0.000000
0.000000
0.000000
-1.182180
0.741628
0.803968
-1.273282
1.150786
0.683289
-1.329714
1.509635
0.616717
-1.240838
1.265087
0.702889
-1.280878
1.529366
0.583404
-1.160680
1.100049
0.914546
-1.157846
0.946329
0.781692
-1.138844
1.107138
0.904663
-1.128279
0.958788
0.779861
0.000000
0.000000
0.000000
0.000000
0.000000
0.000000
-1.461252
0.585879
0.836758
-1.480499
0.589402
0.848170
0.000000
0.000000
0.000000
0.000000
0.000000
0.000000
-1.334364
0.695715
0.905077
-1.343076
0.772106
0.772482
0.000000
0.000000
0.000000
0.000000
0.000000
0.000000
-1.115056
0.631215
0.575595
-1.289505
0.515919
1.121482
0.000000
0.000000
0.000000
0.000000
0.000000
0.000000
-1.273063
1.108614
0.669774
-1.306239
1.044067
0.637539
0.000000
0.000000
0.000000
0.000000
0.000000
0.000000
-1.230611
0.744166
0.649584
-1.139729
1.183493
0.785132
0.000000
0.000000
0.000000
0.000000
0.000000
0.000000
-0.962804
1.466661
0.548241
-1.039323
1.309468
0.505928
0.000000
0.000000
0.000000
0.000000
0.000000
0.000000
-1.350928
1.191114
0.497546
-1.401040
1.253137
0.481909
0.000000
0.000000
0.000000
0.000000
0.000000
0.000000
-1.200637
1.080493
0.747251
-1.234862
0.850165
0.722342
0.000000
0.000000
0.000000
0.000000
0.000000
0.000000
-1.417580
0.616853
0.912946
-1.454672
0.594364
0.849378
0.000000
0.000000
0.000000
0.000000
0.000000
0.000000
-1.600372
0.982467
0.714914
-1.622570
1.001008
0.718089
0.000000
0.000000
0.000000
0.000000
0.000000
0.000000
-1.346442
0.939360
0.657382
-1.390813
0.995452
0.673350
-1.316437
0.657172
0.822354
-1.294382
0.679733
0.813432
-1.313314
0.786646
0.800953
-1.294358
0.772438
0.786504
0.000000
0.000000
0.000000
0.000000
0.000000
0.000000
-1.300496
0.694474
0.770560
-1.328391
0.759882
0.761781
0.000000
0.000000
0.000000
0.000000
0.000000
0.000000
-1.522735
0.744704
0.801150
-1.550528
0.754383
0.800447
-1.355056
0.633222
0.877385
-1.394469
0.550767
0.794764
-1.300068
0.606429
0.875678
-1.334221
0.502546
0.820588
0.000000
0.000000
0.000000
0.000000
0.000000
0.000000
-1.483887
1.106432
0.628730
-1.493329
1.162714
0.615790
0.000000
0.000000
0.000000
0.000000
0.000000
0.000000
-1.102826
0.717986
0.889794
-1.280502
0.696923
0.909058
0.000000
0.000000
0.000000
0.000000
0.000000
0.000000
-1.115380
0.525656
0.846626
-1.153936
0.567342
0.871590
0.000000
0.000000
0.000000
0.000000
0.000000
0.000000
-1.224472
0.806536
0.801702
-1.327780
0.849710
0.692129
0.000000
0.000000
0.000000
0.000000
0.000000
0.000000
-1.301584
0.466987
0.871153
-1.376472
0.475324
0.852664
0.000000
0.000000
0.000000
0.000000
0.000000
0.000000
-0.820773
1.250369
0.731656
-0.940495
0.932318
0.624017
0.000000
0.000000
0.000000
0.000000
0.000000
0.000000
-1.161748
0.722715
0.754458
-1.362954
0.593438
0.839950
0.000000
0.000000
0.000000
0.000000
0.000000
0.000000
-1.357533
0.933469
0.676210
-1.409374
0.864412
0.711234
-1.216472
1.073209
0.826701
-1.154183
0.990569
0.762603
-1.228920
0.693527
0.811600
-1.078662
0.839843
0.773770
0.000000
0.000000
0.000000
0.000000
0.000000
0.000000
-1.542538
1.129251
0.637219
-1.575029
1.115297
0.638410
0.000000
0.000000
0.000000
0.000000
0.000000
0.000000
-1.497728
0.741276
0.849329
-1.497985
0.754525
0.768622
0.000000
0.000000
0.000000
0.000000
0.000000
0.000000
-1.295637
0.853006
0.728903
-1.350838
0.801919
0.744632
0.000000
0.000000
0.000000
0.000000
0.000000
0.000000
-1.353066
0.664636
0.778707
-1.330964
0.649767
0.778662
0.000000
0.000000
0.000000
0.000000
0.000000
0.000000
-1.400732
0.371542
0.840199
-1.362790
0.418453
0.929369
0.000000
0.000000
0.000000
0.000000
0.000000
0.000000
0.000000
0.000000
0.000000
-1.208072
0.833754
0.713778
0.000000
0.000000
0.000000
0.000000
0.000000
0.000000
-1.277081
0.940850
0.661710
-1.346798
0.932450
0.661536
0.000000
0.000000
0.000000
0.000000
0.000000
0.000000
-1.389849
0.334718
0.895234
-1.428143
0.323760
0.895541
0.000000
0.000000
0.000000
0.000000
0.000000
0.000000
-1.354310
1.002893
0.673826
-1.388382
0.960027
0.694329
0.000000
0.000000
0.000000
0.000000
0.000000
0.000000
-1.285781
0.937279
0.706803
-1.330362
0.924232
0.672140
0.000000
0.000000
0.000000
-1.210961
0.720205
0.657122
0.000000
0.000000
0.000000
-1.274500
0.653859
0.674985
0.000000
0.000000
0.000000
0.000000
0.000000
0.000000
-1.227010
1.118788
0.562848
-1.269214
1.129333
0.558687
0.000000
0.000000
0.000000
0.000000
0.000000
0.000000
-1.202430
0.862424
0.587759
-1.219848
1.060919
0.667829
0.000000
0.000000
0.000000
0.000000
0.000000
0.000000
-1.137222
0.995013
0.700001
-1.244097
0.975124
0.570886
0.000000
0.000000
0.000000
0.000000
0.000000
0.000000
-1.374572
0.594908
0.866373
-1.397880
0.727516
0.880388
-1.411340
0.811225
0.771296
-1.405294
0.821145
0.790285
-1.446849
0.821400
0.777541
-1.427925
0.825871
0.792516
0.000000
0.000000
0.000000
0.000000
0.000000
0.000000
0.000000
0.000000
0.000000
-1.321833
0.605799
0.744597
0.000000
0.000000
0.000000
0.000000
0.000000
0.000000
-1.208340
0.933711
0.687187
-1.190326
0.835222
0.686548
0.000000
0.000000
0.000000
0.000000
0.000000
0.000000
-1.218107
1.043216
0.749669
-1.330507
0.716694
0.810361
0.000000
0.000000
0.000000
0.000000
0.000000
0.000000
-1.301064
0.737967
0.841061
-1.378056
0.710248
0.813647
0.000000
0.000000
0.000000
0.000000
0.000000
0.000000
-1.265000
0.774093
0.640503
-1.362248
0.820482
0.797874
0.000000
0.000000
0.000000
0.000000
0.000000
0.000000
-1.109920
1.097484
0.769885
-1.213233
0.917840
0.715076
0.000000
0.000000
0.000000
0.000000
0.000000
0.000000
-1.435954
0.361423
0.868450
-1.479276
0.326269
0.892245
0.000000
0.000000
0.000000
0.000000
0.000000
0.000000
-1.022997
1.294802
0.834641
-1.193590
0.891267
0.770326
0.000000
0.000000
0.000000
0.000000
0.000000
0.000000
-1.282188
0.889523
0.710210
-1.273126
1.157429
0.649299
0.000000
0.000000
0.000000
0.000000
0.000000
0.000000
-1.425413
0.389136
0.869461
-1.451571
0.397524
0.875346
0.000000
0.000000
0.000000
0.000000
0.000000
0.000000
-1.278645
0.698095
0.767443
-1.352257
0.638910
0.792441
0.000000
0.000000
0.000000
0.000000
0.000000
0.000000
-1.164702
0.859469
0.747950
-1.259956
0.720014
0.818818
0.000000
0.000000
0.000000
0.000000
0.000000
0.000000
-1.156380
0.802806
0.717121
-1.061101
1.120837
0.628185
0.000000
0.000000
0.000000
0.000000
0.000000
0.000000
-1.063968
0.717355
0.659160
-1.174405
0.801468
0.817323
0.000000
0.000000
0.000000
0.000000
0.000000
0.000000
-1.142308
0.778170
0.687122
-1.047016
1.013282
0.783315
0.000000
0.000000
0.000000
0.000000
0.000000
0.000000
-1.269276
0.910846
0.610885
-1.305919
0.913268
0.731573
0.000000
0.000000
0.000000
0.000000
0.000000
0.000000
-1.300329
1.075564
0.639288
-1.351878
1.004173
0.731447
0.000000
0.000000
0.000000
0.000000
0.000000
0.000000
0.000000
0.000000
0.000000
-1.315420
0.527661
0.716261
0.000000
0.000000
0.000000
0.000000
0.000000
0.000000
-1.368908
0.652829
0.727052
-1.394668
0.668171
0.825049
0.000000
0.000000
0.000000
0.000000
0.000000
0.000000
0.000000
0.000000
0.000000
-1.140406
1.000200
0.678678
0.000000
0.000000
0.000000
0.000000
0.000000
0.000000
0.000000
0.000000
0.000000
-1.129130
0.608913
0.715314
0.000000
0.000000
0.000000
0.000000
0.000000
0.000000
-1.306590
1.079572
0.625190
-1.372248
1.185676
0.609654
0.000000
0.000000
0.000000
0.000000
0.000000
0.000000
-1.255094
0.643988
0.738632
-1.328230
0.594007
0.820059
-0.870024
0.773591
0.786892
-0.909315
0.722447
0.791507
-0.868426
0.745930
0.792742
-0.908251
0.707973
0.787982
0.000000
0.000000
0.000000
0.000000
0.000000
0.000000
-1.323253
0.724894
0.765433
-1.344285
0.711078
0.790196
0.000000
0.000000
0.000000
0.000000
0.000000
0.000000
-1.251578
1.567340
0.578168
-1.313613
1.232564
0.516984
0.000000
0.000000
0.000000
0.000000
0.000000
0.000000
0.000000
0.000000
0.000000
-1.350622
0.474609
0.796683
0.000000
0.000000
0.000000
0.000000
0.000000
0.000000
-1.280939
0.440864
0.787604
-1.190674
0.518101
0.851740
0.000000
0.000000
0.000000
0.000000
0.000000
0.000000
-1.368786
0.480077
0.899475
-1.432816
0.538589
0.815206
0.000000
0.000000
0.000000
0.000000
0.000000
0.000000
-1.348352
0.833615
0.742852
-1.479755
0.625712
0.828079
0.000000
0.000000
0.000000
0.000000
0.000000
0.000000
-1.242540
0.482197
0.595233
-1.257626
0.447360
1.020263
0.000000
0.000000
0.000000
0.000000
0.000000
0.000000
-1.255799
0.843232
0.716392
-1.215556
0.858311
0.765042
0.000000
0.000000
0.000000
0.000000
0.000000
0.000000
-1.215828
1.708168
0.878049
-1.367878
1.155380
0.755993
-1.239296
0.712606
0.754101
-1.217890
0.799164
0.719663
-1.201357
0.705754
0.747736
-1.182762
0.770421
0.720232
0.000000
0.000000
0.000000
0.000000
0.000000
0.000000
-1.295090
0.808666
0.768583
-1.342774
0.800385
0.745062
0.000000
0.000000
0.000000
-1.292668
0.513842
0.637586
0.000000
0.000000
0.000000
-1.264906
0.525368
0.637586
-1.282473
0.925572
0.744455
-1.306372
1.146328
0.806950
-1.275039
0.950927
0.744455
-1.279525
1.154899
0.794253
0.000000
0.000000
0.000000
0.000000
0.000000
0.000000
0.000000
0.000000
0.000000
-1.231422
0.767958
0.788628
0.000000
0.000000
0.000000
0.000000
0.000000
0.000000
-1.372800
0.458241
0.843273
-1.354496
0.448021
0.879137
0.000000
0.000000
0.000000
0.000000
0.000000
0.000000
-1.256048
0.589899
0.803107
-1.266647
0.774709
0.824637
0.000000
0.000000
0.000000
0.000000
0.000000
0.000000
-1.279974
0.986665
0.703647
-1.360471
1.038019
0.681950
0.000000
0.000000
0.000000
0.000000
0.000000
0.000000
-1.006259
0.838665
0.921785
-1.228146
0.473576
0.808943
-1.211130
0.680039
0.676330
-1.245177
0.813628
0.749518
-1.203094
0.677355
0.681886
-1.214267
0.807603
0.757126
0.000000
0.000000
0.000000
0.000000
0.000000
0.000000
-1.350840
1.247768
0.524725
-1.378564
1.265198
0.535675
0.000000
0.000000
0.000000
0.000000
0.000000
0.000000
-1.242033
1.090832
0.600885
-1.219258
1.045752
0.624481
0.000000
0.000000
0.000000
0.000000
0.000000
0.000000
-1.501847
0.674715
0.856047
-1.469568
0.625647
0.850757
0.000000
0.000000
0.000000
0.000000
0.000000
0.000000
-1.201228
0.890147
0.754053
-1.279281
0.677815
0.763703
0.000000
0.000000
0.000000
0.000000
0.000000
0.000000
0.000000
0.000000
0.000000
-1.083312
1.530872
0.584316
0.000000
0.000000
0.000000
0.000000
0.000000
0.000000
-1.403557
0.561198
0.907499
-1.360891
0.567095
0.824871
0.000000
0.000000
0.000000
0.000000
0.000000
0.000000
0.000000
0.000000
0.000000
-1.152779
0.827628
0.729544
0.000000
0.000000
0.000000
0.000000
0.000000
0.000000
-1.108796
0.726481
0.772433
-1.222214
0.725859
0.777104
0.000000
0.000000
0.000000
0.000000
0.000000
0.000000
-1.341214
0.895700
0.800014
-1.338961
0.863127
0.623529
0.000000
0.000000
0.000000
0.000000
0.000000
0.000000
-1.334833
0.433094
0.786136
-1.239713
0.396029
0.962415
0.000000
0.000000
0.000000
0.000000
0.000000
0.000000
-1.136248
1.148517
0.605280
-1.181305
1.096421
0.528269
0.000000
0.000000
0.000000
0.000000
0.000000
0.000000
-1.341420
1.249080
0.465774
-1.383691
1.283621
0.490827
0.000000
0.000000
0.000000
0.000000
0.000000
0.000000
0.000000
0.000000
0.000000
-1.260202
0.428124
0.740410
0.000000
0.000000
0.000000
0.000000
0.000000
0.000000
0.000000
0.000000
0.000000
-1.438766
0.307536
0.676763
0.000000
0.000000
0.000000
-1.377982
0.513720
0.678097
0.000000
0.000000
0.000000
-1.343735
0.520881
0.678097
-1.148513
0.631462
0.655465
-1.035636
0.691202
0.842465
-1.133198
0.637541
0.655465
-1.031064
0.677754
0.842465
0.000000
0.000000
0.000000
0.000000
0.000000
0.000000
-1.112984
0.931579
0.922589
-1.096293
1.172334
0.824471
-1.331228
0.736458
0.635479
-1.264155
0.936406
0.570086
-1.324037
0.737481
0.635479
-1.259365
0.929094
0.570086
0.000000
0.000000
0.000000
0.000000
0.000000
0.000000
-1.336476
1.053217
0.602516
-1.352883
1.038023
0.630281
0.000000
0.000000
0.000000
0.000000
0.000000
0.000000
-1.215503
0.624543
0.778075
-1.194227
0.556783
0.765957
0.000000
0.000000
0.000000
0.000000
0.000000
0.000000
-1.161288
1.421108
0.765651
-1.373349
0.967058
0.665944
0.000000
0.000000
0.000000
0.000000
0.000000
0.000000
-1.169277
0.673438
0.735300
-1.273926
0.686452
0.866436
0.000000
0.000000
0.000000
0.000000
0.000000
0.000000
-1.440128
0.525602
0.863316
-1.475897
0.521246
0.870165
0.000000
0.000000
0.000000
0.000000
0.000000
0.000000
-1.253672
0.554627
0.729196
-1.324770
0.551164
0.887546
0.000000
0.000000
0.000000
0.000000
0.000000
0.000000
0.000000
0.000000
0.000000
-1.094982
0.606641
0.726109
0.000000
0.000000
0.000000
0.000000
0.000000
0.000000
-0.957069
1.185210
1.059423
-1.287561
0.959743
0.867527
0.000000
0.000000
0.000000
0.000000
0.000000
0.000000
-1.347591
0.955801
0.700625
-1.386752
0.949255
0.710162
0.000000
0.000000
0.000000
0.000000
0.000000
0.000000
-1.278204
1.157945
0.559899
-1.362046
1.187992
0.596313
-1.055311
1.171130
0.689855
-1.167513
0.956458
0.606525
-1.052798
1.173981
0.689855
-1.167551
0.955817
0.606525
0.000000
0.000000
0.000000
0.000000
0.000000
0.000000
0.000000
0.000000
0.000000
-1.062052
0.680786
0.708356
0.000000
0.000000
0.000000
0.000000
0.000000
0.000000
-1.176666
0.996296
0.683823
-1.192644
0.759084
0.804507
0.000000
0.000000
0.000000
0.000000
0.000000
0.000000
-1.375041
0.668165
0.771559
-1.435017
0.683807
0.801452
0.000000
0.000000
0.000000
0.000000
0.000000
0.000000
-1.050937
0.584200
0.857872
-1.158219
0.546338
0.795698
0.000000
0.000000
0.000000
0.000000
0.000000
0.000000
-0.974641
1.196551
0.849063
-1.173171
0.875811
0.812534
0.000000
0.000000
0.000000
0.000000
0.000000
0.000000
-1.356354
0.692110
0.709104
-1.481924
0.748728
0.832412
0.000000
0.000000
0.000000
0.000000
0.000000
0.000000
-1.406342
0.621572
0.859630
-1.434809
0.626796
0.813576
0.000000
0.000000
0.000000
0.000000
0.000000
0.000000
-1.383501
1.208976
0.529284
-1.437590
1.198916
0.517364
0.000000
0.000000
0.000000
0.000000
0.000000
0.000000
-1.191004
0.823488
0.984857
-1.284269
0.656841
0.892545
0.000000
0.000000
0.000000
0.000000
0.000000
0.000000
-1.261596
1.185843
0.533079
-1.307589
1.209352
0.623514
0.000000
0.000000
0.000000
0.000000
0.000000
0.000000
-1.450136
0.350387
0.906044
-1.540459
0.292891
0.886487
0.000000
0.000000
0.000000
0.000000
0.000000
0.000000
-1.119454
0.709921
0.672253
-1.126222
0.797668
0.741628
0.000000
0.000000
0.000000
0.000000
0.000000
0.000000
-1.296212
0.779444
0.771701
-1.323368
0.713852
0.774585
0.000000
0.000000
0.000000
0.000000
0.000000
0.000000
-1.164966
0.617567
0.761978
-1.230640
0.662555
0.801646
-1.576103
0.419585
0.780002
-1.431795
0.484728
0.910298
-1.535621
0.425506
0.780002
-1.391480
0.465510
0.910802
0.000000
0.000000
0.000000
0.000000
0.000000
0.000000
-1.191742
1.046541
0.772547
-1.240861
0.992722
0.733889
0.000000
0.000000
0.000000
0.000000
0.000000
0.000000
-1.060509
0.980120
0.684067
-1.166594
0.946699
0.662293
0.000000
0.000000
0.000000
0.000000
0.000000
0.000000
0.000000
0.000000
0.000000
-1.202373
0.745801
0.744401
-1.412365
0.800601
0.708807
-1.403853
1.020596
0.685655
-1.263468
0.866623
0.651028
-1.258175
1.016285
0.663205
-1.135137
0.904885
0.575713
-1.195564
1.096512
0.578691
-1.093216
0.937393
0.575713
-1.179149
1.033282
0.580575
0.000000
0.000000
0.000000
0.000000
0.000000
0.000000
0.000000
0.000000
0.000000
-1.234986
0.886827
0.688786
0.000000
0.000000
0.000000
0.000000
0.000000
0.000000
0.000000
0.000000
0.000000
-1.030998
1.216034
0.960581
0.000000
0.000000
0.000000
0.000000
0.000000
0.000000
0.000000
0.000000
0.000000
-1.224987
0.578478
0.718900
0.000000
0.000000
0.000000
0.000000
0.000000
0.000000
-1.487621
0.687474
0.806483
-1.515454
0.675642
0.815230
0.000000
0.000000
0.000000
0.000000
0.000000
0.000000
-1.299667
1.436472
0.597068
-1.375846
1.133640
0.636634
0.000000
0.000000
0.000000
0.000000
0.000000
0.000000
-1.154201
0.622121
0.819578
-1.239996
0.657496
0.850077
0.000000
0.000000
0.000000
0.000000
0.000000
0.000000
-1.158094
1.143202
0.397906
-1.247833
1.209497
0.546474
0.000000
0.000000
0.000000
0.000000
0.000000
0.000000
-1.313730
0.632365
0.842043
-1.424773
0.517911
0.843777
0.000000
0.000000
0.000000
0.000000
0.000000
0.000000
-1.311358
0.625502
0.798013
-1.432232
0.605501
0.900039
0.000000
0.000000
0.000000
0.000000
0.000000
0.000000
0.000000
0.000000
0.000000
-1.338458
0.501287
0.836423
0.000000
0.000000
0.000000
0.000000
0.000000
0.000000
-1.455337
0.369927
0.731806
-1.420275
0.569267
0.816131
0.000000
0.000000
0.000000
0.000000
0.000000
0.000000
-1.187172
0.438259
0.819443
-1.320021
0.441727
0.940596
0.000000
0.000000
0.000000
0.000000
0.000000
0.000000
-1.387373
0.908020
0.867799
-1.441254
0.809717
0.840433
0.000000
0.000000
0.000000
0.000000
0.000000
0.000000
0.000000
0.000000
0.000000
-1.115171
0.868576
0.738092
0.000000
0.000000
0.000000
0.000000
0.000000
0.000000
-1.364664
0.956604
0.657385
-1.408584
0.901229
0.743522
0.000000
0.000000
0.000000
0.000000
0.000000
0.000000
-1.271621
1.001842
0.674712
-1.278033
0.776487
0.661650
0.000000
0.000000
0.000000
0.000000
0.000000
0.000000
-1.229951
0.583276
0.823511
-1.277892
0.556800
0.813588
0.000000
0.000000
0.000000
0.000000
0.000000
0.000000
-1.221182
1.109264
0.688388
-1.253987
0.987177
0.645158
0.000000
0.000000
0.000000
0.000000
0.000000
0.000000
-1.508254
0.573086
0.805299
-1.554756
0.501637
0.818698
0.000000
0.000000
0.000000
0.000000
0.000000
0.000000
0.000000
0.000000
0.000000
-1.150681
0.714472
0.919304
0.000000
0.000000
0.000000
0.000000
0.000000
0.000000
-1.060979
0.582480
0.811408
-1.278343
0.429142
0.913829
0.000000
0.000000
0.000000
0.000000
0.000000
0.000000
0.000000
0.000000
0.000000
-1.281183
0.499616
0.754243
0.000000
0.000000
0.000000
0.000000
0.000000
0.000000
-1.267116
0.763118
0.742936
-1.374810
0.684880
0.842186
0.000000
0.000000
0.000000
0.000000
0.000000
0.000000
0.000000
0.000000
0.000000
-1.082345
0.795831
0.644057
0.000000
0.000000
0.000000
0.000000
0.000000
0.000000
-0.991084
0.962503
0.639847
-1.097915
1.024969
1.019757
0.000000
0.000000
0.000000
0.000000
0.000000
0.000000
-0.963454
0.864307
0.763541
-1.040699
0.783183
0.747557
0.000000
0.000000
0.000000
0.000000
0.000000
0.000000
0.000000
0.000000
0.000000
-1.266347
0.594432
0.676384
0.000000
0.000000
0.000000
0.000000
0.000000
0.000000
-1.475668
1.089679
0.620689
-1.521264
1.031356
0.660267
0.000000
0.000000
0.000000
0.000000
0.000000
0.000000
0.000000
0.000000
0.000000
-1.044075
1.395784
0.666333
0.000000
0.000000
0.000000
0.000000
0.000000
0.000000
0.000000
0.000000
0.000000
-1.150446
0.810774
0.731220
0.000000
0.000000
0.000000
0.000000
0.000000
0.000000
-1.157803
0.775415
0.798092
-1.184377
0.771517
0.804869
0.000000
0.000000
0.000000
0.000000
0.000000
0.000000
-1.408950
0.531117
0.825008
-1.490689
0.503175
0.869496
0.000000
0.000000
0.000000
0.000000
0.000000
0.000000
-0.980013
1.159794
0.937118
-1.060362
1.231149
0.788791
0.000000
0.000000
0.000000
0.000000
0.000000
0.000000
-1.386427
0.398266
0.844308
-1.426616
0.399519
0.864401
0.000000
0.000000
0.000000
0.000000
0.000000
0.000000
-1.470574
0.477263
0.892005
-1.489799
0.471371
0.856260
0.000000
0.000000
0.000000
0.000000
0.000000
0.000000
-1.276320
0.323091
0.873715
-1.290058
0.368581
0.884835
0.000000
0.000000
0.000000
0.000000
0.000000
0.000000
0.000000
0.000000
0.000000
-1.297970
0.839437
0.743321
0.000000
0.000000
0.000000
0.000000
0.000000
0.000000
-1.449288
0.482437
0.850182
-1.558196
0.439931
0.883286
0.000000
0.000000
0.000000
0.000000
0.000000
0.000000
-1.463999
0.353372
0.758590
-1.601856
0.302070
0.938404
0.000000
0.000000
0.000000
0.000000
0.000000
0.000000
-1.103123
0.764329
0.773197
-1.171874
0.689513
0.811732
0.000000
0.000000
0.000000
0.000000
0.000000
0.000000
-1.276443
0.453642
0.853597
-1.249845
0.604286
0.836654
0.000000
0.000000
0.000000
0.000000
0.000000
0.000000
-1.519012
0.880399
0.864598
-1.595189
0.874940
0.851487
0.000000
0.000000
0.000000
0.000000
0.000000
0.000000
-1.650488
1.021545
0.822571
-1.689347
0.851385
0.778371
0.000000
0.000000
0.000000
0.000000
0.000000
0.000000
0.000000
0.000000
0.000000
-1.327361
0.861294
0.688762
0.000000
0.000000
0.000000
0.000000
0.000000
0.000000
-1.015754
1.057826
0.543694
-1.028063
1.006285
0.577213
0.000000
0.000000
0.000000
0.000000
0.000000
0.000000
-1.508317
0.519790
0.862888
-1.542649
0.509426
0.857000
0.000000
0.000000
0.000000
0.000000
0.000000
0.000000
-1.306087
0.736737
0.792602
-1.347063
0.729406
0.825809
0.000000
0.000000
0.000000
0.000000
0.000000
0.000000
0.000000
0.000000
0.000000
-1.200411
0.971684
0.671148
0.000000
0.000000
0.000000
0.000000
0.000000
0.000000
-1.295857
0.939263
0.679069
-1.301211
0.998262
0.627511
0.000000
0.000000
0.000000
0.000000
0.000000
0.000000
0.000000
0.000000
0.000000
-1.285792
0.609933
0.676278
0.000000
0.000000
0.000000
0.000000
0.000000
0.000000
-1.202650
0.933373
0.684647
-1.186253
1.521240
0.631131
0.000000
0.000000
0.000000
0.000000
0.000000
0.000000
0.000000
0.000000
0.000000
-1.204858
1.335695
0.636375
0.000000
0.000000
0.000000
0.000000
0.000000
0.000000
0.000000
0.000000
0.000000
-1.345925
0.432678
1.015197
0.000000
0.000000
0.000000
0.000000
0.000000
0.000000
-1.500990
0.416783
0.893484
-1.488765
0.400737
0.884970
0.000000
0.000000
0.000000
0.000000
0.000000
0.000000
-1.211389
0.421102
0.709607
-1.224061
0.403658
0.922786
0.000000
0.000000
0.000000
0.000000
0.000000
0.000000
-1.475587
0.975353
0.700833
-1.500458
0.986143
0.704843
0.000000
0.000000
0.000000
0.000000
0.000000
0.000000
-1.213271
0.628876
0.787720
-1.250481
0.526148
0.724780
0.000000
0.000000
0.000000
0.000000
0.000000
0.000000
-1.142083
1.255014
0.458692
-1.199367
1.229204
0.527386
0.000000
0.000000
0.000000
0.000000
0.000000
0.000000
-1.478306
0.730846
0.786092
-1.472522
0.896195
0.764346
0.000000
0.000000
0.000000
0.000000
0.000000
0.000000
-1.206772
0.847734
0.604980
-1.206218
0.807896
0.732223
0.000000
0.000000
0.000000
0.000000
0.000000
0.000000
-1.414230
0.455270
0.856547
-1.428087
0.386290
0.885892
0.000000
0.000000
0.000000
0.000000
0.000000
0.000000
-1.408636
0.802658
0.817075
-1.403493
0.818754
0.815802
0.000000
0.000000
0.000000
0.000000
0.000000
0.000000
0.000000
0.000000
0.000000
-1.212114
0.798811
0.716292
0.000000
0.000000
0.000000
0.000000
0.000000
0.000000
-1.436987
0.763564
0.683374
-1.521614
0.664418
0.829107
-1.320973
0.460291
0.960348
-1.319184
0.540381
0.828929
-1.290514
0.456386
0.961539
-1.284118
0.538644
0.829342
0.000000
0.000000
0.000000
0.000000
0.000000
0.000000
-1.174672
0.780863
0.830316
-1.245082
0.663293
0.835442
0.000000
0.000000
0.000000
0.000000
0.000000
0.000000
-1.294214
0.629519
0.763729
-1.304351
0.985188
0.776652
0.000000
0.000000
0.000000
0.000000
0.000000
0.000000
-1.300860
0.572988
0.885838
-1.377745
0.520477
0.864551
0.000000
0.000000
0.000000
0.000000
0.000000
0.000000
0.000000
0.000000
0.000000
-1.132828
0.443026
0.604763
0.000000
0.000000
0.000000
0.000000
0.000000
0.000000
-1.357496
0.866883
0.711549
-1.383356
0.919147
0.724273
0.000000
0.000000
0.000000
0.000000
0.000000
0.000000
0.000000
0.000000
0.000000
-1.180668
0.812910
0.657840
0.000000
0.000000
0.000000
0.000000
0.000000
0.000000
-1.427235
0.628370
0.755550
-1.384697
0.674005
0.783085
0.000000
0.000000
0.000000
0.000000
0.000000
0.000000
0.000000
0.000000
0.000000
-1.090312
1.055229
0.710563
0.000000
0.000000
0.000000
0.000000
0.000000
0.000000
-1.403685
0.601247
0.614687
-1.253890
0.769837
0.902376
0.000000
0.000000
0.000000
0.000000
0.000000
0.000000
-1.315509
0.935779
0.696933
-1.400361
0.835460
0.720880
0.000000
0.000000
0.000000
0.000000
0.000000
0.000000
0.000000
0.000000
0.000000
-1.121749
1.044943
0.670345
0.000000
0.000000
0.000000
0.000000
0.000000
0.000000
-1.349399
0.606574
0.899239
-1.388253
0.579687
0.911443
0.000000
0.000000
0.000000
0.000000
0.000000
0.000000
0.000000
0.000000
0.000000
-1.237045
0.624132
0.675426
0.000000
0.000000
0.000000
0.000000
0.000000
0.000000
-1.349104
0.483173
0.859023
-1.423754
0.460916
0.876041
0.000000
0.000000
0.000000
0.000000
0.000000
0.000000
-1.237021
0.911559
0.755295
-1.266760
0.928913
0.706926
0.000000
0.000000
0.000000
0.000000
0.000000
0.000000
-1.261701
1.050378
0.541847
-1.324227
1.031699
0.624276
0.000000
0.000000
0.000000
0.000000
0.000000
0.000000
-0.874254
1.369407
0.715108
-1.027796
0.898913
0.631131
0.000000
0.000000
0.000000
0.000000
0.000000
0.000000
-1.383769
0.730504
0.773757
-1.305759
1.030082
0.723539
0.000000
0.000000
0.000000
0.000000
0.000000
0.000000
-1.341398
0.882516
0.751574
-1.362142
0.946980
0.712707
0.000000
0.000000
0.000000
0.000000
0.000000
0.000000
-1.137269
1.090244
0.523591
-1.177763
1.255330
0.437316
0.000000
0.000000
0.000000
0.000000
0.000000
0.000000
0.000000
0.000000
0.000000
-1.178196
1.012941
0.810462
-1.292300
0.896169
0.654147
-1.331359
0.880255
0.564980
-1.243691
0.912746
0.654147
-1.183038
1.256583
0.622666
0.000000
0.000000
0.000000
0.000000
0.000000
0.000000
-1.456779
0.420941
0.873176
-1.551846
0.403444
0.881890
0.000000
0.000000
0.000000
0.000000
0.000000
0.000000
-1.205936
0.730793
0.671321
-1.224189
0.829984
0.699144
0.000000
0.000000
0.000000
0.000000
0.000000
0.000000
-1.592093
0.417783
0.774138
-1.618748
0.423261
0.849405
0.000000
0.000000
0.000000
0.000000
0.000000
0.000000
-1.467533
1.219077
0.567820
-1.503774
1.218688
0.560790
0.000000
0.000000
0.000000
0.000000
0.000000
0.000000
-1.356638
0.716927
0.721127
-1.304951
0.840711
0.744448
0.000000
0.000000
0.000000
0.000000
0.000000
0.000000
-1.270352
1.140322
0.527309
-1.295175
1.197709
0.489567
0.000000
0.000000
0.000000
0.000000
0.000000
0.000000
-1.351187
0.458349
0.753255
-1.375170
0.487055
0.865324
-0.870454
1.297846
0.676747
-1.034097
1.059157
0.602267
-0.827860
1.199228
0.657804
-0.985798
1.061417
0.604338
0.000000
0.000000
0.000000
0.000000
0.000000
0.000000
-1.452003
0.778780
0.880888
-1.469700
0.885486
0.800361
0.000000
0.000000
0.000000
0.000000
0.000000
0.000000
-1.413949
0.604159
0.842424
-1.447416
0.582615
0.834023
0.000000
0.000000
0.000000
0.000000
0.000000
0.000000
-1.216811
0.785480
0.829615
-1.228371
0.727629
0.785675
-1.397259
1.042339
0.643064
-1.371138
1.021659
0.596642
-1.383746
0.974929
0.659719
-1.357602
0.915329
0.672174
0.000000
0.000000
0.000000
0.000000
0.000000
0.000000
-0.757926
1.317670
0.642658
-1.049639
0.819601
0.649162
-1.083895
0.779549
0.711748
-1.238631
0.568555
0.820846
-1.131818
0.852455
0.715825
-1.264193
0.666056
0.792305
0.000000
0.000000
0.000000
0.000000
0.000000
0.000000
-1.105978
1.350613
0.628732
-1.245552
0.933052
0.686884
-1.150154
0.623501
0.613720
-1.045648
0.756718
0.919798
-1.131216
0.636219
0.613720
-1.010564
0.759700
0.884977
0.000000
0.000000
0.000000
0.000000
0.000000
0.000000
-1.386729
0.434661
0.873677
-1.447520
0.402574
0.872907
0.000000
0.000000
0.000000
0.000000
0.000000
0.000000
-1.381602
0.781959
0.781483
-1.471844
0.843310
0.762674
0.000000
0.000000
0.000000
0.000000
0.000000
0.000000
-1.252733
1.087623
0.637974
-1.293418
1.074391
0.640938
0.000000
0.000000
0.000000
0.000000
0.000000
0.000000
-1.393071
0.300362
1.061342
-1.363105
0.425488
0.923671
0.000000
0.000000
0.000000
0.000000
0.000000
0.000000
0.000000
0.000000
0.000000
-1.165080
0.800827
0.794843
0.000000
0.000000
0.000000
0.000000
0.000000
0.000000
-1.521580
0.686471
0.823143
-1.549377
0.676564
0.828439
0.000000
0.000000
0.000000
0.000000
0.000000
0.000000
-1.250624
0.684935
0.716393
-1.235852
0.662536
0.716008
0.000000
0.000000
0.000000
-1.496120
0.802758
0.745504
0.000000
0.000000
0.000000
-1.595734
0.735523
0.929000
0.000000
0.000000
0.000000
0.000000
0.000000
0.000000
0.000000
0.000000
0.000000
-1.242473
0.861793
0.740593
0.000000
0.000000
0.000000
0.000000
0.000000
0.000000
-0.952936
0.916964
0.792015
-0.872685
1.207622
0.744862
0.000000
0.000000
0.000000
0.000000
0.000000
0.000000
-1.658975
0.709463
0.819061
-1.680999
0.713478
0.820868
0.000000
0.000000
0.000000
0.000000
0.000000
0.000000
-1.528107
0.367803
0.894120
-1.569272
0.358858
0.888159
0.000000
0.000000
0.000000
0.000000
0.000000
0.000000
-1.284888
1.121059
0.691209
-1.328088
0.963426
0.669819
0.000000
0.000000
0.000000
0.000000
0.000000
0.000000
-1.336268
0.423792
0.811827
-1.345747
0.404537
0.891127
0.000000
0.000000
0.000000
0.000000
0.000000
0.000000
-1.145047
0.663893
0.649957
-1.288203
0.756003
0.768844
0.000000
0.000000
0.000000
0.000000
0.000000
0.000000
-1.229772
0.679191
0.721464
-1.157001
0.718755
0.891775
0.000000
0.000000
0.000000
0.000000
0.000000
0.000000
-1.056961
1.342955
0.764666
-1.153231
1.120857
0.788279
0.000000
0.000000
0.000000
0.000000
0.000000
0.000000
0.000000
0.000000
0.000000
-1.265099
0.585933
0.771362
0.000000
0.000000
0.000000
0.000000
0.000000
0.000000
-1.399354
1.056061
0.635363
-1.434257
1.085429
0.620008
0.000000
0.000000
0.000000
0.000000
0.000000
0.000000
0.000000
0.000000
0.000000
-1.250875
0.972609
0.736207
0.000000
0.000000
0.000000
0.000000
0.000000
0.000000
-1.401140
0.555202
0.822452
-1.399275
0.587501
0.855971
0.000000
0.000000
0.000000
0.000000
0.000000
0.000000
-1.587436
0.500853
0.848103
-1.638164
0.414461
0.899324
0.000000
0.000000
0.000000
0.000000
0.000000
0.000000
-1.142861
0.683099
0.783753
-1.208267
0.691665
0.771002
0.000000
0.000000
0.000000
0.000000
0.000000
0.000000
-1.459164
0.804777
0.769605
-1.517489
0.852983
0.797778
0.000000
0.000000
0.000000
0.000000
0.000000
0.000000
-1.029791
1.578160
0.541899
-1.190760
1.178217
0.545213
0.000000
0.000000
0.000000
0.000000
0.000000
0.000000
0.000000
0.000000
0.000000
-1.421113
0.602943
0.684746
0.000000
0.000000
0.000000
0.000000
0.000000
0.000000
0.000000
0.000000
0.000000
-1.249704
0.565488
0.755705
0.000000
0.000000
0.000000
0.000000
0.000000
0.000000
-1.416519
0.615458
0.848659
-1.486545
0.679549
0.849535
0.000000
0.000000
0.000000
0.000000
0.000000
0.000000
-1.273039
0.973917
0.706206
-1.250815
1.002025
0.670978
0.000000
0.000000
0.000000
0.000000
0.000000
0.000000
-1.358026
0.918055
0.867247
-1.394590
0.721218
0.792233
0.000000
0.000000
0.000000
0.000000
0.000000
0.000000
-1.234583
0.532397
0.904435
-1.377891
0.471537
0.872888
0.000000
0.000000
0.000000
0.000000
0.000000
0.000000
-1.218142
0.503452
0.962462
-1.301463
0.528314
0.909727
0.000000
0.000000
0.000000
0.000000
0.000000
0.000000
-1.172707
0.930494
0.782294
-1.194967
0.905259
0.648943
0.000000
0.000000
0.000000
0.000000
0.000000
0.000000
-1.513969
0.863431
0.767711
-1.551578
0.819076
0.769147
0.000000
0.000000
0.000000
0.000000
0.000000
0.000000
-1.152029
0.840136
0.620135
-1.063974
1.205138
0.577989
0.000000
0.000000
0.000000
0.000000
0.000000
0.000000
-1.115542
0.603043
0.897779
-1.154801
0.763458
0.866960
0.000000
0.000000
0.000000
0.000000
0.000000
0.000000
-1.307440
0.605052
0.699507
-1.492381
0.508711
0.914491
0.000000
0.000000
0.000000
0.000000
0.000000
0.000000
-1.320380
0.377049
0.815909
-1.215843
0.584098
0.837682
0.000000
0.000000
0.000000
-1.131711
0.846663
0.856117
0.000000
0.000000
0.000000
-1.169537
0.862982
0.856117
0.000000
0.000000
0.000000
0.000000
0.000000
0.000000
-1.011716
1.081022
0.692026
-1.076296
0.942908
0.603487
0.000000
0.000000
0.000000
0.000000
0.000000
0.000000
-1.351573
0.702954
0.698109
-1.200881
0.960202
0.683580
0.000000
0.000000
0.000000
0.000000
0.000000
0.000000
-1.132654
0.869898
0.795328
-1.227730
0.861787
0.755413
0.000000
0.000000
0.000000
0.000000
0.000000
0.000000
-1.120413
1.165820
0.759206
-1.234995
1.067458
0.734688
0.000000
0.000000
0.000000
0.000000
0.000000
0.000000
0.000000
0.000000
0.000000
-1.290374
1.228638
0.782659
0.000000
0.000000
0.000000
-1.321133
0.558900
0.655516
0.000000
0.000000
0.000000
-1.287777
0.563801
0.655516
0.000000
0.000000
0.000000
0.000000
0.000000
0.000000
0.000000
0.000000
0.000000
-1.157241
0.802841
0.667232
0.000000
0.000000
0.000000
0.000000
0.000000
0.000000
-1.426900
1.095778
0.677940
-1.454481
0.989941
0.669693
0.000000
0.000000
0.000000
0.000000
0.000000
0.000000
-1.273605
0.722988
0.733876
-1.230929
0.818267
0.733392
0.000000
0.000000
0.000000
0.000000
0.000000
0.000000
0.000000
0.000000
0.000000
-0.839786
1.358388
0.770560
0.000000
0.000000
0.000000
0.000000
0.000000
0.000000
0.000000
0.000000
0.000000
-1.418089
0.591787
0.696964
0.000000
0.000000
0.000000
0.000000
0.000000
0.000000
-1.134457
0.627639
0.755902
-1.237197
0.649969
0.766750
0.000000
0.000000
0.000000
0.000000
0.000000
0.000000
-1.243179
0.587974
0.840147
-1.304510
0.588141
0.837489
0.000000
0.000000
0.000000
0.000000
0.000000
0.000000
-1.282824
0.498944
0.861443
-1.205922
0.606042
0.818681
0.000000
0.000000
0.000000
0.000000
0.000000
0.000000
-1.290630
0.910699
0.720831
-1.317196
0.974271
0.702554
0.000000
0.000000
0.000000
0.000000
0.000000
0.000000
-1.510846
0.535208
0.830749
-1.552208
0.468543
0.882498
0.000000
0.000000
0.000000
0.000000
0.000000
0.000000
0.000000
0.000000
0.000000
-1.436477
0.579896
0.653514
0.000000
0.000000
0.000000
0.000000
0.000000
0.000000
0.000000
0.000000
0.000000
-1.166937
0.844531
0.855016
0.000000
0.000000
0.000000
0.000000
0.000000
0.000000
-1.315165
0.919947
0.732677
-1.161916
1.543473
0.782350
0.000000
0.000000
0.000000
0.000000
0.000000
0.000000
0.000000
0.000000
0.000000
-1.206507
0.660050
0.744097
0.000000
0.000000
0.000000
0.000000
0.000000
0.000000
0.000000
0.000000
0.000000
-1.217147
0.712580
0.793953
0.000000
0.000000
0.000000
0.000000
0.000000
0.000000
-1.285652
0.639097
0.806949
-1.306870
0.664261
0.803749
0.000000
0.000000
0.000000
0.000000
0.000000
0.000000
-1.336576
0.661877
0.627989
-1.348939
0.825269
0.690077
0.000000
0.000000
0.000000
0.000000
0.000000
0.000000
-1.285497
0.919613
0.789532
-1.272211
0.962608
0.722642
0.000000
0.000000
0.000000
0.000000
0.000000
0.000000
-1.308614
0.425439
0.713417
-1.176392
0.695647
0.847604
0.000000
0.000000
0.000000
0.000000
0.000000
0.000000
-1.410401
0.894757
0.728112
-1.413123
0.892115
0.768311
0.000000
0.000000
0.000000
0.000000
0.000000
0.000000
-1.374041
0.484927
0.941864
-1.467492
0.493888
0.815089
0.000000
0.000000
0.000000
0.000000
0.000000
0.000000
-1.390948
0.641689
0.962291
-1.388589
0.830859
0.817136
-1.302353
0.787673
0.687074
-1.386893
0.561708
0.799005
-1.273345
0.839875
0.661121
-1.329121
0.743127
0.730187
0.000000
0.000000
0.000000
-1.318125
0.407260
0.627807
0.000000
0.000000
0.000000
-1.340489
0.392434
0.628810
0.000000
0.000000
0.000000
0.000000
0.000000
0.000000
-1.163244
1.002150
0.796828
-1.247238
0.784077
0.803703
0.000000
0.000000
0.000000
0.000000
0.000000
0.000000
0.000000
0.000000
0.000000
-1.094871
0.872514
0.771436
0.000000
0.000000
0.000000
0.000000
0.000000
0.000000
-1.114775
0.579850
0.984583
-1.095288
0.508159
0.865512
0.000000
0.000000
0.000000
0.000000
0.000000
0.000000
-1.096794
0.904968
0.871453
-1.156832
0.892254
0.753636
0.000000
0.000000
0.000000
0.000000
0.000000
0.000000
-1.341524
0.987128
0.666726
-1.329109
1.101568
0.716367
0.000000
0.000000
0.000000
0.000000
0.000000
0.000000
0.000000
0.000000
0.000000
-1.217732
1.135932
0.638382
0.000000
0.000000
0.000000
0.000000
0.000000
0.000000
-1.354847
0.762273
0.779281
-1.384414
0.767881
0.756868
0.000000
0.000000
0.000000
0.000000
0.000000
0.000000
-1.031433
1.529082
0.912295
-1.184205
0.948857
0.828182
0.000000
0.000000
0.000000
0.000000
0.000000
0.000000
-1.276602
1.332948
0.914226
-1.346650
1.000687
0.870233
0.000000
0.000000
0.000000
0.000000
0.000000
0.000000
-1.256698
0.687090
0.834389
-1.208544
0.747384
0.774994
0.000000
0.000000
0.000000
0.000000
0.000000
0.000000
0.000000
0.000000
0.000000
-1.130262
0.716957
0.855729
0.000000
0.000000
0.000000
0.000000
0.000000
0.000000
-1.322470
0.634187
0.943859
-1.374345
0.569331
0.887275
0.000000
0.000000
0.000000
0.000000
0.000000
0.000000
0.000000
0.000000
0.000000
-1.355768
0.684273
1.036062
0.000000
0.000000
0.000000
0.000000
0.000000
0.000000
-1.135100
0.461028
0.715934
-1.059340
0.521159
0.826444
0.000000
0.000000
0.000000
0.000000
0.000000
0.000000
-1.066407
1.120641
0.683196
-1.112359
0.964305
0.680283
0.000000
0.000000
0.000000
0.000000
0.000000
0.000000
-1.195441
0.754331
0.877061
-1.224263
0.635318
0.920260
0.000000
0.000000
0.000000
0.000000
0.000000
0.000000
-1.444840
1.289878
0.502775
-1.485705
1.309377
0.491059
0.000000
0.000000
0.000000
0.000000
0.000000
0.000000
-1.436155
0.306724
1.105511
-1.503160
0.238489
0.958998
0.000000
0.000000
0.000000
0.000000
0.000000
0.000000
-0.989434
0.687135
0.767667
-1.039049
0.691105
0.771786
0.000000
0.000000
0.000000
0.000000
0.000000
0.000000
0.000000
0.000000
0.000000
-1.159511
1.048230
0.641022
-1.245851
0.876429
0.716162
-1.259638
0.896062
0.701429
-1.211640
0.786258
0.737910
-1.221687
0.819130
0.718334
0.000000
0.000000
0.000000
0.000000
0.000000
0.000000
-1.166933
0.910234
0.705507
-1.195192
0.860634
0.722165
0.000000
0.000000
0.000000
0.000000
0.000000
0.000000
-1.122608
0.946828
0.691341
-1.147947
0.934589
0.654613
0.000000
0.000000
0.000000
0.000000
0.000000
0.000000
-1.171929
0.448117
0.993018
-1.116770
0.493319
0.848514
0.000000
0.000000
0.000000
0.000000
0.000000
0.000000
0.000000
0.000000
0.000000
-1.357577
0.527847
0.863339
0.000000
0.000000
0.000000
0.000000
0.000000
0.000000
-1.265752
1.059441
0.678174
-1.363749
0.890755
0.677685
0.000000
0.000000
0.000000
0.000000
0.000000
0.000000
-1.181539
0.618200
0.722797
-1.214819
0.622815
0.741824
0.000000
0.000000
0.000000
0.000000
0.000000
0.000000
-1.289230
0.424602
0.604052
-1.238876
0.462013
0.989476
0.000000
0.000000
0.000000
0.000000
0.000000
0.000000
-1.058460
1.016370
0.681458
-1.123545
1.008372
0.608655
0.000000
0.000000
0.000000
0.000000
0.000000
0.000000
-1.074539
0.700601
0.661119
-1.037684
0.714674
0.625120
-1.507303
0.770281
0.823437
-1.474584
1.053410
0.753007
-1.546448
0.762721
0.848024
-1.640375
0.662497
0.801788
0.000000
0.000000
0.000000
0.000000
0.000000
0.000000
-1.213307
0.987109
0.572240
-1.254336
1.166822
0.584125
0.000000
0.000000
0.000000
0.000000
0.000000
0.000000
-1.182784
0.433424
0.871032
-1.132965
0.561292
0.794975
0.000000
0.000000
0.000000
0.000000
0.000000
0.000000
-1.167341
0.942203
0.752212
-1.215631
0.838398
0.833700
0.000000
0.000000
0.000000
0.000000
0.000000
0.000000
-1.282704
0.888526
0.661180
-1.250417
0.887544
0.677164
0.000000
0.000000
0.000000
0.000000
0.000000
0.000000
0.000000
0.000000
0.000000
-1.320940
0.573014
0.619592
0.000000
0.000000
0.000000
0.000000
0.000000
0.000000
-0.997175
1.954645
0.715389
-1.281371
1.253744
0.726809
0.000000
0.000000
0.000000
0.000000
0.000000
0.000000
0.000000
0.000000
0.000000
-1.119141
0.747114
0.596585
0.000000
0.000000
0.000000
0.000000
0.000000
0.000000
-1.381910
0.552441
0.698244
-1.437700
0.528224
0.899236
0.000000
0.000000
0.000000
0.000000
0.000000
0.000000
-1.356011
0.610395
0.794240
-1.302024
0.754254
0.806705
0.000000
0.000000
0.000000
0.000000
0.000000
0.000000
-1.429566
0.567833
0.863011
-1.457056
0.584714
0.832719
-1.679414
0.178093
0.897438
-1.705510
0.186523
0.904144
-1.708488
0.183543
0.895416
-1.729247
0.189564
0.903696
0.000000
0.000000
0.000000
0.000000
0.000000
0.000000
0.000000
0.000000
0.000000
-1.201375
0.555576
0.771518
0.000000
0.000000
0.000000
0.000000
0.000000
0.000000
-1.149280
0.865405
0.796130
-1.223646
0.626880
0.888650
-1.220878
0.784578
0.799069
-1.178417
0.970137
0.738690
-1.203811
0.789029
0.799069
-1.171034
0.946557
0.744489
0.000000
0.000000
0.000000
0.000000
0.000000
0.000000
-1.287370
0.759159
0.801184
-1.354303
0.753182
0.796691
0.000000
0.000000
0.000000
0.000000
0.000000
0.000000
-1.143291
0.641014
0.832043
-1.223109
0.585730
0.802726
0.000000
0.000000
0.000000
0.000000
0.000000
0.000000
-1.395207
0.614082
0.809003
-1.400744
0.709263
0.810476
0.000000
0.000000
0.000000
0.000000
0.000000
0.000000
0.000000
0.000000
0.000000
-1.203190
0.765042
0.712171
0.000000
0.000000
0.000000
0.000000
0.000000
0.000000
-1.179083
0.683372
0.778488
-1.250708
0.523953
0.793897
0.000000
0.000000
0.000000
0.000000
0.000000
0.000000
-1.148042
0.902436
0.739011
-1.225679
0.920243
0.746185
0.000000
0.000000
0.000000
0.000000
0.000000
0.000000
-1.237921
0.534367
0.774469
-1.249393
0.462278
0.941043
0.000000
0.000000
0.000000
0.000000
0.000000
0.000000
-1.282910
0.619818
0.775947
-1.270088
0.548406
0.843390
0.000000
0.000000
0.000000
0.000000
0.000000
0.000000
-1.068352
0.901958
0.669870
-1.258829
0.877962
0.716248
0.000000
0.000000
0.000000
0.000000
0.000000
0.000000
-1.255609
0.511247
0.666977
-1.233376
0.661195
0.924041
0.000000
0.000000
0.000000
0.000000
0.000000
0.000000
-1.382457
0.586046
0.819596
-1.390526
0.612536
0.816360
0.000000
0.000000
0.000000
0.000000
0.000000
0.000000
-1.079586
0.593987
0.706239
-1.230942
0.484398
0.782827
0.000000
0.000000
0.000000
0.000000
0.000000
0.000000
-1.341467
1.173621
0.763964
-1.401072
0.937367
0.749155
0.000000
0.000000
0.000000
0.000000
0.000000
0.000000
-1.163777
0.937792
0.767262
-1.209378
0.892850
0.755357
0.000000
0.000000
0.000000
0.000000
0.000000
0.000000
-1.149159
0.808932
0.741544
-1.216479
0.817494
0.718106
0.000000
0.000000
0.000000
0.000000
0.000000
0.000000
0.000000
0.000000
0.000000
-1.321597
0.633442
0.822907
0.000000
0.000000
0.000000
0.000000
0.000000
0.000000
-1.523187
1.046765
0.652044
-1.539570
1.085145
0.668441
0.000000
0.000000
0.000000
0.000000
0.000000
0.000000
-1.150521
0.743295
0.766018
-1.265489
0.692219
0.747784
0.000000
0.000000
0.000000
0.000000
0.000000
0.000000
-1.415121
0.720099
0.800438
-1.447059
0.725389
0.792090
0.000000
0.000000
0.000000
0.000000
0.000000
0.000000
-1.464082
0.666880
0.821042
-1.496530
0.671876
0.821099
0.000000
0.000000
0.000000
0.000000
0.000000
0.000000
-1.417189
0.556837
0.911317
-1.599553
0.404311
0.883343
0.000000
0.000000
0.000000
0.000000
0.000000
0.000000
-1.185858
0.674094
0.787577
-1.244203
0.686679
0.781181
0.000000
0.000000
0.000000
0.000000
0.000000
0.000000
-1.326375
0.634636
0.814376
-1.363744
0.642322
0.813524
0.000000
0.000000
0.000000
0.000000
0.000000
0.000000
0.000000
0.000000
0.000000
-1.113816
0.979629
0.692330
0.000000
0.000000
0.000000
0.000000
0.000000
0.000000
-1.295414
0.938649
0.798475
-1.332256
0.972909
0.736406
0.000000
0.000000
0.000000
0.000000
0.000000
0.000000
-1.158942
0.626319
0.625137
-1.069862
0.783625
0.742722
0.000000
0.000000
0.000000
0.000000
0.000000
0.000000
-1.286274
0.833171
0.699114
-1.349594
0.752030
0.720796
0.000000
0.000000
0.000000
0.000000
0.000000
0.000000
-1.415751
0.610648
0.717223
-1.495395
0.493998
0.947546
0.000000
0.000000
0.000000
0.000000
0.000000
0.000000
-1.382923
0.842381
0.719766
-1.413520
0.835316
0.727220
0.000000
0.000000
0.000000
0.000000
0.000000
0.000000
0.000000
0.000000
0.000000
-1.188373
0.811846
0.845265
0.000000
0.000000
0.000000
0.000000
0.000000
0.000000
-1.356833
0.587917
0.894208
-1.487617
0.457363
0.847723
0.000000
0.000000
0.000000
0.000000
0.000000
0.000000
-1.133761
0.892569
0.740959
-1.190636
0.848080
0.794476
-0.880852
1.090052
0.738302
-1.076103
0.841445
0.718765
-0.928410
1.472431
0.724660
-1.144041
1.074326
0.643064
0.000000
0.000000
0.000000
0.000000
0.000000
0.000000
-1.097590
0.755228
0.674436
-1.250529
0.810928
0.699837
0.000000
0.000000
0.000000
0.000000
0.000000
0.000000
-1.133468
1.111160
0.644651
-1.205382
1.045366
0.549478
0.000000
0.000000
0.000000
0.000000
0.000000
0.000000
-1.114421
0.916409
0.553042
-1.127587
0.943784
0.567590
-1.135907
0.548156
0.690642
-1.041110
0.658460
0.834500
-1.138119
0.547951
0.690642
-1.040661
0.660372
0.834500
0.000000
0.000000
0.000000
0.000000
0.000000
0.000000
-1.235608
1.189947
0.660180
-1.370075
0.934313
0.694730
0.000000
0.000000
0.000000
0.000000
0.000000
0.000000
-1.444647
1.248598
0.586173
-1.490255
1.209494
0.596115
0.000000
0.000000
0.000000
0.000000
0.000000
0.000000
-1.320489
0.486777
0.876015
-1.441527
0.391533
0.834752
0.000000
0.000000
0.000000
0.000000
0.000000
0.000000
0.000000
0.000000
0.000000
-1.213753
0.955298
0.800852
0.000000
0.000000
0.000000
0.000000
0.000000
0.000000
0.000000
0.000000
0.000000
-1.255518
0.519954
0.931440
0.000000
0.000000
0.000000
0.000000
0.000000
0.000000
-1.394319
0.520669
0.844982
-1.407483
0.568282
0.836182
0.000000
0.000000
0.000000
0.000000
0.000000
0.000000
-1.044429
0.889271
0.669766
-1.033699
0.756845
0.570978
0.000000
0.000000
0.000000
0.000000
0.000000
0.000000
-1.322933
1.208015
0.502881
-1.377662
1.268961
0.493715
0.000000
0.000000
0.000000
0.000000
0.000000
0.000000
-1.017118
0.960256
0.668906
-1.082350
1.095941
0.514837
0.000000
0.000000
0.000000
0.000000
0.000000
0.000000
-1.154263
0.807736
0.774828
-1.261895
0.696839
0.785544
0.000000
0.000000
0.000000
0.000000
0.000000
0.000000
-1.437670
0.373758
0.804424
-1.566854
0.358346
0.900790
0.000000
0.000000
0.000000
0.000000
0.000000
0.000000
-1.305434
0.861578
0.774540
-1.350592
0.918704
0.812996
0.000000
0.000000
0.000000
0.000000
0.000000
0.000000
0.000000
0.000000
0.000000
-1.201550
0.759154
0.935822
0.000000
0.000000
0.000000
0.000000
0.000000
0.000000
0.000000
0.000000
0.000000
-1.431349
0.688357
0.763955
0.000000
0.000000
0.000000
0.000000
0.000000
0.000000
-1.244075
0.774192
0.774049
-1.279267
0.666729
0.739879
0.000000
0.000000
0.000000
0.000000
0.000000
0.000000
-1.405644
1.087336
0.619822
-1.441526
1.085195
0.626473
0.000000
0.000000
0.000000
0.000000
0.000000
0.000000
0.000000
0.000000
0.000000
-1.172342
0.869672
0.550595
0.000000
0.000000
0.000000
-1.277963
0.960589
0.708283
0.000000
0.000000
0.000000
-1.292758
0.970372
0.708283
0.000000
0.000000
0.000000
0.000000
0.000000
0.000000
-1.299368
1.042491
0.724449
-1.432016
0.860008
0.754874
0.000000
0.000000
0.000000
0.000000
0.000000
0.000000
0.000000
0.000000
0.000000
-1.207310
0.601973
0.853475
0.000000
0.000000
0.000000
0.000000
0.000000
0.000000
0.000000
0.000000
0.000000
-1.176574
1.250772
0.716125
0.000000
0.000000
0.000000
0.000000
0.000000
0.000000
-1.072105
0.839891
0.743471
-1.048170
0.927623
0.750187
0.000000
0.000000
0.000000
0.000000
0.000000
0.000000
-1.193234
0.727705
0.832279
-1.228779
0.794946
0.777845
0.000000
0.000000
0.000000
0.000000
0.000000
0.000000
-1.274176
0.901070
0.722913
-1.333968
0.871188
0.709479
0.000000
0.000000
0.000000
0.000000
0.000000
0.000000
-1.369121
1.000389
0.698981
-1.392709
1.076281
0.666443
0.000000
0.000000
0.000000
0.000000
0.000000
0.000000
-1.426777
0.488720
0.734550
-1.450795
0.597270
0.889721
0.000000
0.000000
0.000000
-1.115471
0.632296
0.758834
0.000000
0.000000
0.000000
-1.101153
0.634861
0.758834
0.000000
0.000000
0.000000
0.000000
0.000000
0.000000
-1.332345
0.865973
0.750259
-1.377235
0.836372
0.756640
0.000000
0.000000
0.000000
0.000000
0.000000
0.000000
-1.350664
0.769153
0.920573
-1.426709
0.599185
0.833802
0.000000
0.000000
0.000000
0.000000
0.000000
0.000000
-1.246148
0.404625
0.855872
-1.272624
0.422276
0.849549
0.000000
0.000000
0.000000
0.000000
0.000000
0.000000
-1.140557
0.511459
0.876559
-1.195878
0.580688
0.871981
0.000000
0.000000
0.000000
0.000000
0.000000
0.000000
-1.357973
1.389839
0.750102
-1.433387
1.202414
0.708495
0.000000
0.000000
0.000000
0.000000
0.000000
0.000000
0.000000
0.000000
0.000000
-1.228739
0.997734
0.829589
0.000000
0.000000
0.000000
0.000000
0.000000
0.000000
-1.531523
0.941863
0.718965
-1.554631
0.950736
0.712258
0.000000
0.000000
0.000000
0.000000
0.000000
0.000000
-1.208745
0.507749
0.805049
-1.175419
0.548336
0.792565
0.000000
0.000000
0.000000
0.000000
0.000000
0.000000
-1.409506
0.441895
0.649615
-1.468391
0.386004
0.962729
0.000000
0.000000
0.000000
0.000000
0.000000
0.000000
-1.110141
0.830544
0.935406
-1.170456
0.931223
0.813751
0.000000
0.000000
0.000000
0.000000
0.000000
0.000000
-1.421349
0.440748
0.794401
-1.564957
0.376301
0.902602
0.000000
0.000000
0.000000
0.000000
0.000000
0.000000
0.000000
0.000000
0.000000
-1.044963
1.648885
0.802297
0.000000
0.000000
0.000000
0.000000
0.000000
0.000000
-1.319005
0.562925
0.825215
-1.336014
0.586640
0.828613
0.000000
0.000000
0.000000
0.000000
0.000000
0.000000
-1.235272
0.881270
0.714471
-1.353436
0.792598
0.766987
0.000000
0.000000
0.000000
0.000000
0.000000
0.000000
-1.051934
0.468246
0.973019
-1.048334
0.687094
0.903211
