550.271278
547.578800
547.597115
538.044053
541.164621
524.968292
534.079726
537.439356
542.769260
545.347529
549.485369
552.791513
536.417125
539.854724
537.209737
538.611824
547.814409
553.924683
545.319869
541.044779
531.556896
523.411590
542.564667
549.090383
536.181653
528.390488
530.721164
542.549465
552.114472
564.227616
560.794366
558.751318
567.397402
560.627268
547.638788
550.731797
546.485920
540.295086
542.995874
546.701446
546.926244
533.694002
557.861725
540.974400
540.788211
550.532074
548.574174
543.664854
541.404248
553.445301
549.381378
558.486470
547.557751
532.724861
537.471084
541.798259
537.291685
559.440363
547.191990
548.510665
534.582587
529.519494
565.501028
549.295116
559.345949
556.239762
556.090183
551.220820
535.789867
551.502641
531.628133
536.323984
544.728754
533.387107
535.301699
548.758269
545.535528
537.156916
532.274750
537.378042
545.001717
537.717251
547.609710
537.805175
539.687171
538.183713
530.370409
549.814489
543.655006
532.497423
531.348884
527.975907
545.475262
545.090652
543.844879
542.043339
540.022767
551.751155
553.866145
555.487665
555.333756
558.572833
553.105636
538.687894
555.864076
546.339765
544.473646
547.833134
534.725632
531.733755
555.789578
552.480588
546.305665
546.424276
545.815590
532.323413
531.659302
532.087645
542.533970
538.988922
530.975054
540.762633
533.181765
529.853128
533.338247
564.674634
562.455665
547.216619
551.105240
550.548086
539.918621
548.173395
556.312097
560.886236
560.806768
549.338037
561.973989
544.898416
532.319591
539.157671
529.838228
532.927943
533.415742
531.980505
536.864059
540.788124
560.824034
551.107701
553.246444
549.790884
553.323641
546.754901
548.227690
533.354354
538.682954
543.897379
541.090267
547.715671
538.911557
539.553099
541.988387
544.472746
539.685980
550.548796
547.376029
548.888605
541.054804
537.181323
538.783099
526.729467
530.434828
530.852656
541.853583
546.259189
543.690239
551.222637
545.005778
555.599562
557.808923
545.277252
551.116695
555.329870
548.851074
547.346570
538.978733
536.205696
550.526578
551.183128
547.953808
531.934302
527.617963
528.858758
537.143164
554.878615
547.512588
546.877771
558.507328
552.116672
544.807531
543.465090
545.438433
535.968049
539.191874
546.170902
548.446834
531.483140
555.446092
543.072171
542.298885
550.192706
547.752784
550.751770
553.023178
563.526892
552.644388
558.596544
549.300367
528.999898
531.356928
541.601515
542.965178
561.832954
554.288208
546.761016
543.559106
536.115300
564.756912
548.928888
557.888794
560.363780
556.934786
548.604624
535.632428
550.984385
530.712541
536.876378
538.972469
538.261321
539.901453
546.493454
553.244592
549.241668
544.449433
538.756183
545.224501
534.425228
548.534466
535.766358
537.698433
538.206818
529.312490
546.508116
541.489166
531.792695
534.301647
529.436346
552.439520
545.717996
550.180806
551.790889
541.416755
549.130092
557.121123
557.136447
553.973782
555.354175
547.744081
535.056231
549.106128
534.899810
534.262509
541.909355
536.302106
533.210603
557.246548
552.829890
548.466781
546.867194
540.880959
530.348702
528.617024
524.617550
539.141569
533.498883
528.000125
539.850410
530.092730
531.224627
534.743285
565.662880
564.385170
549.087475
552.224982
553.519864
543.481149
552.089715
557.926662
563.816156
564.433654
555.871858
568.209109
548.449672
540.097804
549.319024
529.276266
536.045969
533.566756
530.366094
533.268778
536.885084
553.310926
540.786031
545.181576
542.550922
551.564074
535.944581
550.795343
543.041448
545.683401
554.206264
548.672688
547.948642
534.054026
530.555696
537.878155
540.396322
533.257984
551.012124
554.463073
544.530733
545.191098
530.075124
526.149631
541.891582
532.157231
532.862856
545.416868
526.160002
544.901121
545.563019
545.511268
532.198877
522.747440
521.425853
532.623324
514.564013
510.677810
534.079086
535.629237
529.725064
536.100595
546.276060
558.168457
548.459693
539.473730
536.920807
563.555404
556.640521
546.721130
542.872555
541.045762
543.498186
540.856808
547.109255
549.209778
547.167406
547.431899
559.031334
551.802789
540.226455
532.019104
534.245308
543.810693
556.965235
568.095013
564.945330
543.312474
557.045118
557.393145
549.270591
548.358519
544.905666
544.319807
555.425104
556.008699
545.503048
538.454569
523.237904
521.401217
536.895483
511.518287
517.789698
514.413801
529.571404
526.012894
542.270522
536.979298
525.908992
523.074431
529.433896
521.547360
538.967591
541.862210
545.143099
547.345810
539.784834
541.070306
536.274823
554.234442
554.318631
537.871582
528.103299
541.625007
537.478847
519.771771
535.167287
533.821338
530.706029
528.770555
515.160654
512.072747
516.641796
538.947660
529.851583
535.982741
539.003286
529.407766
533.409305
553.478973
547.073596
554.350270
550.798131
542.730324
561.381295
557.138762
544.724167
533.743843
538.348746
553.929627
545.219145
551.659209
543.742463
550.793681
548.438876
546.844092
536.114757
530.534056
522.559367
519.844306
518.365448
532.024038
538.668774
545.558399
539.017951
536.376561
534.286581
542.789827
537.937910
528.557227
520.725381
526.747771
538.994374
541.367666
527.906697
537.193439
534.261253
535.151711
542.140559
527.812480
533.771729
537.947662
542.684072
548.230435
544.528159
546.122747
550.298997
551.498752
544.305748
544.818218
541.903208
543.083819
550.635285
555.529162
548.194785
537.867205
557.808933
530.938875
530.019739
536.128248
515.125080
519.363939
526.465090
555.287297
547.043117
555.666980
537.258382
532.970949
544.906731
530.143082
536.948094
541.058496
529.370773
539.901829
540.058630
539.832799
528.546675
523.119956
521.669568
534.771531
511.884339
506.149047
526.126151
514.955771
517.008316
520.538684
538.839202
549.857204
550.570263
539.413128
535.118950
550.450527
543.422709
541.973523
537.433437
538.378288
537.814675
528.559401
533.482196
537.559341
535.715134
544.544026
561.642239
552.334924
540.226455
531.901335
534.204272
546.496058
561.186402
567.708996
561.122391
543.420631
552.542894
550.774319
545.019164
550.445223
544.992513
539.200886
551.326541
557.415584
544.795480
545.224144
533.415514
525.852754
534.609109
509.007160
512.708001
524.582759
529.195166
529.498425
545.777611
542.029824
521.363590
522.192008
528.667483
527.111372
537.902465
546.712500
550.494225
547.453532
539.579902
543.808212
543.873284
546.136703
548.739997
538.615911
527.612494
542.277808
536.616387
518.459848
532.729290
531.620553
529.215095
523.174770
508.339295
508.839010
518.589454
549.860091
534.344615
535.148594
537.876405
527.489509
527.625522
552.706993
548.613246
560.100520
551.053398
540.641669
563.375239
556.893794
548.529318
543.951634
552.471578
559.201729
549.361897
559.028322
553.883621
550.355941
551.266706
546.819583
531.826019
527.546811
526.534413
517.530621
521.029942
538.316497
541.867141
548.652720
540.035674
539.068772
534.809792
546.655612
537.209042
527.194436
522.146283
529.073469
543.041881
543.552007
532.864733
536.000034
536.795646
536.376825
543.389885
528.860010
532.252655
545.944699
547.085431
557.603456
548.408966
543.229195
546.316292
549.745723
543.235495
537.971357
538.869202
547.735525
553.319457
557.433500
547.859791
534.925240
547.584916
528.380082
521.440731
530.850474
509.129572
516.775488
525.703459
540.042177
543.900058
533.061627
543.519786
545.543729
557.407062
547.432300
547.764438
559.636345
539.493399
538.308691
538.209332
534.492608
537.938386
537.063967
547.907637
544.822300
545.293665
553.341628
546.261006
555.434177
539.547435
532.651166
536.224920
538.308845
533.550072
540.800871
545.912246
535.129330
548.978251
554.312980
555.013314
563.145750
550.741518
545.354173
549.436983
571.561066
560.949747
555.676474
551.697498
544.405605
542.490909
536.398370
559.937540
559.873106
544.462897
545.921598
539.740755
535.942363
534.235991
526.037424
537.751201
551.644094
564.712396
551.300702
548.688266
557.755911
543.301768
541.024972
545.063726
538.001007
530.293886
520.953672
531.974310
542.762555
557.030293
549.511119
552.486001
548.466164
549.833507
546.707508
540.365527
531.966488
529.099200
526.637683
529.489697
537.101944
540.639984
550.193444
539.647763
533.405541
534.464317
542.106639
555.569019
548.860394
557.246039
535.063122
535.076695
534.477530
526.584679
537.057263
516.359217
534.857853
537.412205
549.553450
550.165921
543.510392
534.770967
540.811944
542.208284
561.190029
559.647973
555.051758
536.826273
540.926753
555.539129
548.518387
547.043947
545.678294
547.179928
547.412431
550.734111
535.459523
546.667440
546.811558
551.818819
559.033040
556.296215
563.979876
533.892259
536.877429
538.916581
531.056105
533.411645
540.589020
536.633793
555.065508
551.667127
541.041042
548.529449
542.917226
543.186912
541.202719
530.165256
526.791449
529.422363
530.885627
536.211725
533.846235
539.543399
531.479910
526.078159
522.076389
526.038956
536.901917
539.049862
536.635871
542.384721
537.435092
539.422981
554.270132
558.422706
565.939103
567.373586
565.612617
558.456334
550.287489
543.539416
556.198927
540.473773
554.912906
533.697897
529.694743
549.774002
543.164405
545.991075
534.533623
545.979825
548.416597
558.059707
544.260730
550.054700
558.711486
547.909051
545.771419
552.680011
539.999589
540.376662
547.283395
553.639200
539.633152
542.437184
542.789402
538.662305
550.599754
543.563299
544.958847
544.135558
544.487348
542.439865
540.781439
544.788097
540.888315
552.985143
550.465538
547.201267
551.351981
549.662456
552.169769
551.957349
562.828226
557.448053
561.991836
558.351594
539.938805
541.116843
533.772618
555.101580
556.487314
542.755854
546.292581
540.604735
535.256444
537.818229
535.141384
537.453483
541.326443
565.611837
546.778206
547.571716
550.972084
536.829148
542.737878
547.003507
538.018831
529.845433
528.539560
540.830549
553.862605
574.037702
559.039661
553.232772
546.906818
545.055309
532.929218
535.634130
542.590684
532.899788
530.864066
533.512630
541.381654
541.963645
549.239140
539.103993
538.736320
539.577054
545.055986
558.867356
553.748058
561.315257
536.010799
535.001661
529.874334
525.766673
539.521749
522.529156
536.886309
537.945212
546.905878
545.614170
541.290905
534.882987
541.097511
534.942849
552.699875
560.677175
552.031974
533.567061
540.492224
552.795638
549.980690
542.980550
546.292770
553.917872
545.858548
546.542542
531.427514
546.335320
549.550212
550.106449
559.165099
555.323247
564.487530
541.085358
539.793675
538.430908
532.852217
531.809637
536.845482
533.656328
549.979176
549.557377
538.607554
539.625808
534.208414
533.202108
529.996189
525.542421
522.220769
520.783861
531.207087
526.804735
523.341045
541.754794
531.497049
528.569796
527.445593
530.957677
540.735718
540.101885
533.404454
538.197403
535.933739
537.227316
552.481044
563.144914
566.403697
558.363942
558.790498
553.295439
546.335462
545.171421
550.220524
540.389406
559.167122
542.557924
538.810314
554.250997
550.913577
545.296709
546.410105
541.968429
547.458042
535.830563
528.945369
543.517323
553.663439
543.076355
541.761691
551.246573
544.601682
542.807664
541.269510
537.080525
524.616444
526.303191
540.502485
532.691371
542.502187
536.320886
524.825970
504.252635
526.697017
540.694050
546.011442
553.581073
546.595159
536.639774
541.522036
535.323372
535.825158
532.469199
536.310189
545.623082
537.643880
544.498012
532.943743
534.118521
542.053986
553.717518
550.771418
564.025295
556.373340
545.973774
534.100868
542.848336
538.425831
546.664781
530.143873
539.403890
539.427257
546.467966
536.490683
532.671420
531.263637
530.836522
540.129252
539.364274
531.179758
536.031842
542.946855
535.845454
540.108817
556.562373
544.020244
535.619294
555.790117
550.521014
556.237728
544.692816
545.221494
548.883649
537.266122
546.659200
550.466339
537.759706
546.353953
528.905383
525.887177
530.431283
526.793729
532.982144
529.910572
530.524047
523.098174
544.759090
525.097534
535.196488
531.436684
521.328974
538.405353
532.047536
535.325683
522.557457
525.037665
523.609671
533.277926
552.257329
544.458552
543.619596
549.797315
548.051499
545.795991
545.292623
545.421623
542.697513
553.823770
557.322176
558.733693
551.890993
554.469014
550.737124
529.276989
541.678072
537.571692
537.322871
542.362798
535.707053
535.554459
527.991249
548.202301
534.478674
530.901956
522.157073
516.112990
524.435788
536.952034
531.460610
533.889569
521.466037
522.207931
527.650702
513.485982
509.964213
522.405462
538.050324
548.026611
550.118540
531.804531
543.033439
561.960494
559.236070
537.916233
541.845385
550.160294
547.042003
542.172127
542.508906
538.435189
532.679900
528.986800
537.974880
546.995200
560.701559
553.617777
544.466575
554.919159
549.217336
532.218016
545.818048
523.612003
537.248922
552.116690
543.207876
547.398460
540.968156
546.283921
530.860133
528.764582
543.462837
561.353240
541.131548
546.491974
553.732883
543.448091
544.412738
552.265763
546.360443
518.228721
531.020240
544.567107
538.217721
546.585861
541.660947
534.546659
517.622913
526.187583
533.766556
543.688977
542.460843
550.836464
541.216929
537.974818
539.111393
536.437366
540.464349
538.389972
549.412617
546.865021
550.217695
537.142678
531.486737
534.250007
554.467069
549.343686
567.714286
564.279901
549.349151
532.216157
534.148993
530.721175
537.862803
523.159818
532.856480
534.951485
541.967464
529.323233
520.147542
520.372628
528.098642
534.342512
531.025751
525.740450
534.862100
542.037319
533.185915
538.089541
553.156520
545.353058
540.845239
559.636015
549.685056
550.915804
540.085824
548.214368
556.566044
540.573277
551.480005
550.080188
545.174366
552.128873
529.175107
527.340175
529.477568
524.772830
531.025304
526.270525
529.613030
522.584731
546.788909
522.983913
538.779400
531.049879
521.189412
539.297525
530.907572
531.814569
518.871717
526.897334
525.211089
528.572638
554.061413
547.243617
547.318316
557.942550
555.595229
549.620918
545.907323
546.021052
543.245541
554.779396
555.569251
549.126999
544.915318
549.688685
542.776056
526.700735
534.789384
536.550141
540.298522
546.294118
535.458083
537.811527
534.030996
547.920872
535.253493
532.033967
523.103736
517.758352
525.203776
537.048622
530.056687
530.861553
523.437679
527.767108
533.604211
519.780732
519.206428
527.413783
543.769086
547.726893
554.951795
540.488276
553.419430
570.579340
563.232544
536.512964
538.626721
545.520905
539.056465
538.174680
541.298776
534.679633
536.417964
542.955881
549.077376
551.521850
563.001006
556.323535
542.212224
554.180161
542.972178
528.962000
547.150866
534.110893
543.269736
535.086941
559.088967
546.638187
542.436342
526.764370
543.070942
543.477290
538.188802
554.556115
550.497425
548.582690
554.049391
566.211956
564.703567
563.055192
566.700515
552.425243
542.394537
541.070539
543.351699
532.704317
541.010354
545.679505
547.789618
536.129278
530.006037
526.256558
528.573547
541.845243
523.312478
530.061427
534.580574
525.062538
536.166155
527.250879
524.973348
523.315395
528.159325
531.055813
547.138936
535.402585
552.724328
541.078827
529.319568
530.170306
536.810544
555.898356
548.684710
548.035514
545.857910
558.006055
558.341983
557.180800
538.162778
555.559291
562.290622
563.204427
541.288866
547.516445
552.060981
532.418642
532.091985
529.579714
537.945388
532.224818
537.373670
535.384905
520.794563
533.452764
524.530131
524.533612
533.146375
535.956379
546.038125
535.157790
538.745043
543.232471
532.440619
546.338479
540.446985
546.951795
548.546182
549.847233
545.248223
543.366977
527.354980
535.316018
535.351562
549.918784
562.427653
559.103279
547.947439
541.613201
570.789835
542.163961
561.140142
554.220563
546.540491
547.661555
531.361038
534.379234
542.092054
537.244626
551.961128
549.532504
534.782254
550.760333
551.087479
549.221888
533.271990
551.438945
530.396484
535.825974
547.278908
541.044480
533.719117
548.797268
541.811285
541.529686
533.322756
537.253963
541.326639
538.337790
545.748008
543.547298
538.375890
548.833642
550.329392
540.415022
541.876067
527.326744
535.264847
543.477332
539.485097
519.268651
527.337727
523.285105
539.283824
540.679916
553.847925
553.004008
554.114507
540.333222
559.044999
569.438008
564.220536
537.770507
540.968193
559.145727
545.402639
524.474717
529.538470
533.916235
529.329532
533.169374
539.674344
527.884105
530.770509
536.810554
531.904497
540.340379
547.411034
540.975777
553.172696
533.421978
554.389514
541.910287
541.763536
526.689983
547.072733
546.993845
538.088720
551.089357
553.414328
553.332597
546.009863
547.532100
552.350196
550.260056
550.539325
556.203439
537.637028
547.227423
551.835565
537.260223
538.230549
544.702560
547.842189
540.454767
539.849925
536.171549
542.934591
557.280314
541.562809
537.718585
537.182045
524.269289
523.397523
529.581026
528.651335
526.963975
533.335352
537.721470
549.558553
535.843421
553.363549
540.890439
530.891972
531.470705
537.627172
554.784627
544.657538
539.905781
543.073310
557.272378
560.012289
552.551570
535.656710
545.739741
550.578448
556.287215
544.370031
547.858377
544.485530
525.254356
532.284711
534.375745
538.584126
529.999209
532.378505
538.415326
524.791912
540.190209
528.449457
533.834038
528.852114
528.411784
539.366515
541.154566
549.287690
549.825251
539.891865
554.447001
541.491972
546.699878
551.268095
552.125654
546.468978
548.678726
531.535606
542.201355
541.514539
557.376362
569.442800
562.570303
542.775132
542.496238
568.697159
538.386829
555.708524
551.574960
541.529997
543.871628
529.162771
536.094308
549.502469
536.077780
563.235775
556.938614
536.464882
549.209779
550.826677
548.020498
537.764421
553.182668
536.234272
531.314064
548.576024
543.053994
531.854162
545.274789
546.464421
547.346431
538.651687
537.219641
537.743610
536.528138
544.242704
541.452713
536.190656
546.068131
546.316496
538.228468
538.729370
524.982278
539.255341
544.988508
545.009658
523.412183
530.352432
527.036827
540.801461
543.110913
549.915730
539.240707
541.962803
538.102251
547.563070
559.325997
559.132403
540.955176
548.532647
562.321453
551.969476
528.203237
528.178169
532.568179
528.969839
526.206437
531.048775
524.416698
532.770999
538.694770
533.729739
542.300531
551.119641
540.186931
556.232052
544.034896
539.287288
553.139202
542.388181
552.979072
531.310368
542.510250
538.698523
552.786621
555.020973
552.424783
548.684910
550.108823
540.533752
546.645400
544.683052
544.945925
533.007987
526.609110
520.856214
541.275153
533.625443
542.174349
552.908745
525.516245
532.451860
531.644229
541.273234
545.807142
543.673837
537.320696
546.280709
531.049350
532.192535
544.604491
542.257031
527.180340
515.518235
529.865669
548.844356
539.682850
534.424777
540.193534
525.746246
537.175296
535.174091
550.095904
541.916212
541.713120
545.991712
537.073417
533.813002
543.805436
544.784109
537.299864
536.947291
537.713361
532.223010
534.353489
540.262286
543.448712
556.980632
551.999577
547.115780
539.677408
546.099744
547.313361
547.161736
534.037982
531.101165
524.236930
525.760344
520.394974
525.857545
545.072405
536.782876
541.679227
568.894162
559.334360
565.037888
565.225603
561.113871
565.151342
553.052147
542.644537
552.941245
550.429148
556.640354
552.616365
553.652520
552.619446
551.615439
550.577776
554.310257
547.535196
540.295663
546.619486
551.768395
553.299672
555.032721
543.991498
540.530834
548.025866
536.674128
533.673944
549.806534
541.146678
538.546245
539.833026
537.424469
527.485638
551.160534
539.735879
546.703274
559.852159
561.967741
556.104368
538.925093
533.553058
549.045294
530.579279
521.803797
537.231952
567.421163
576.995902
571.595159
545.577773
541.070738
563.391071
548.451000
538.147723
544.206718
549.724592
543.327451
537.617716
536.057434
536.866938
533.665756
545.228776
559.578924
541.653912
549.370798
529.370175
528.095340
548.833170
561.879694
545.474197
550.756546
546.695817
553.659400
528.235857
527.796780
532.437719
543.712716
545.164022
553.940040
529.366938
539.827816
534.847676
553.037479
526.386957
533.108587
541.422856
535.487355
543.188914
539.805748
555.347632
540.617723
551.265584
535.616478
546.198105
540.255656
553.453449
555.037144
552.562149
546.575425
549.241390
547.178236
543.658641
537.975751
538.066917
534.606629
538.201909
533.417789
543.219051
544.369803
552.080111
551.487739
523.320337
525.171272
524.956296
543.719921
547.848710
544.394776
542.531474
546.573508
538.139073
535.486781
544.550709
546.329945
533.796447
519.554896
537.495698
550.045054
544.935199
532.928866
539.681545
525.102903
534.144201
536.153122
551.957126
539.199637
541.601835
543.861103
540.279501
529.741298
539.935863
535.691568
537.260948
531.906858
530.730573
528.406667
541.466079
536.861502
539.776786
546.895150
538.732661
533.389874
530.969905
546.306696
547.165794
544.901334
532.109560
536.534520
532.985950
519.982257
515.003483
528.024130
546.952894
541.268894
544.743289
573.315600
562.067261
556.157060
553.296082
549.141492
564.335426
552.140253
541.015765
552.503059
548.982267
554.807201
552.402944
553.297125
551.708071
550.536922
551.666762
554.867089
550.235846
547.027644
548.783553
553.829316
549.295662
554.986845
544.552986
540.305277
547.967224
530.872683
524.616231
537.447164
533.633006
538.107105
542.159926
546.664287
539.862449
561.253965
547.335894
551.897061
557.794721
559.541786
547.936453
535.341212
531.382588
548.937603
530.755902
523.218252
539.339383
566.703331
576.441217
572.967282
546.764163
544.591851
570.106745
556.168751
548.423135
548.981375
550.329881
547.897872
541.828192
538.925612
534.961759
532.425489
539.047548
546.882768
542.109170
547.775260
525.487439
522.506778
542.453963
559.263749
540.795193
550.594461
545.936184
551.052101
525.848957
530.318819
534.386360
543.338070
544.710813
552.939822
529.074439
541.799332
535.769998
546.854770
519.891380
531.356662
531.198978
532.488087
557.145602
549.031633
547.735780
540.998984
546.260246
545.261882
537.134770
549.239648
545.869599
543.145928
532.413608
547.977305
550.921928
540.083205
567.710940
557.667995
539.584698
539.082391
545.488244
544.139678
548.385782
532.451850
543.259620
545.955636
531.303041
542.927779
534.266284
538.566209
545.656947
551.959333
547.548535
531.728816
530.430479
537.959927
525.533377
534.856318
538.611197
544.582110
537.318687
530.444752
539.687182
538.750610
541.029009
559.702346
554.734058
517.926030
525.110629
528.515228
531.576656
520.580303
553.909942
547.650892
549.903567
532.602002
540.497814
539.359458
540.635383
549.499857
540.778869
544.731172
540.310503
532.315210
568.021769
556.429486
534.112310
533.491827
526.012186
526.876709
527.904348
530.649677
531.317585
528.929306
534.947465
530.566470
526.806513
529.942497
517.708102
529.018170
540.385437
539.469866
536.066822
540.959919
549.288399
536.471262
556.767842
562.403094
551.240113
553.450066
536.557853
529.043954
537.315040
554.785227
558.865017
543.752316
535.193775
540.438384
553.297400
556.872143
531.979350
530.388841
549.419278
537.983315
537.860339
541.263201
528.944063
533.364948
526.499866
538.101926
539.703925
529.601496
548.181377
545.505636
557.530598
547.857189
549.252046
564.234139
562.578044
545.619894
550.394978
542.923707
553.141032
544.038104
542.286204
548.714483
535.302495
539.298861
538.692701
550.440472
551.677595
546.563144
541.139079
550.582917
554.407891
536.903844
559.880273
557.337706
538.944814
539.955512
551.692765
528.116206
537.365979
532.978500
539.275852
546.652791
566.629448
547.218495
542.322154
531.000511
539.485053
526.500501
545.998733
535.749524
540.490112
536.547242
545.820278
551.236568
540.050993
542.012741
547.260544
554.435099
526.987960
532.601769
535.996693
535.972128
553.342414
547.156530
540.863897
541.146937
547.273874
546.444868
542.522346
549.193853
551.391944
547.683654
536.865889
548.319412
549.815986
538.487598
557.840302
548.771644
537.133637
543.482703
557.581236
550.607834
554.271111
540.232812
559.682995
555.503450
539.848566
545.123494
542.520380
548.735243
547.101435
549.423878
548.111163
534.850212
537.285197
538.177510
528.966482
545.037148
545.924924
546.526459
535.976796
536.200030
543.236861
539.203232
540.409096
562.356639
552.112619
517.071064
524.495339
533.383662
531.535081
522.217105
556.473835
546.092527
548.479219
533.456517
536.672297
538.262794
540.070285
551.945909
535.708988
544.261100
540.137902
535.412647
566.544155
558.270524
539.353029
534.853602
528.331557
534.763416
528.629725
530.132553
539.916362
542.716990
550.684517
538.739151
537.377505
539.313755
530.487256
538.869804
542.528202
531.655991
540.664848
545.820326
549.288399
535.321888
555.805741
562.294225
549.910304
552.384602
537.136530
537.754006
545.596178
558.276367
556.592858
542.059179
528.378223
534.772902
545.106687
549.723059
532.277431
525.864097
545.571212
545.002332
544.994413
547.586614
533.083523
535.700710
527.299381
537.022819
535.914489
525.765015
551.859417
548.161668
565.627350
551.169490
551.253496
569.028175
571.000435
554.100627
552.434743
539.489388
545.257179
545.500293
539.905218
547.878898
534.582078
539.747700
537.043950
551.426292
554.731860
553.621330
547.878133
552.654173
558.145519
547.138577
565.826118
560.450697
542.980096
537.512014
549.161272
531.339464
538.780366
535.661106
541.598615
544.509468
569.768411
553.852893
552.543749
537.494988
545.503417
533.960907
553.582471
545.307204
546.154092
537.187055
546.925970
553.120920
542.741244
538.194278
546.158481
564.820526
528.813138
534.493930
545.255777
547.269123
547.941665
552.110086
548.829063
551.406839
541.155867
541.448171
522.855052
544.116622
546.673276
544.822225
547.791915
541.785657
530.846865
532.302044
535.139982
531.509910
548.148160
561.557268
568.327663
559.013813
543.598583
552.251500
537.896305
520.288685
529.100054
540.115151
542.096639
555.441821
550.912135
547.806783
547.479573
545.013779
526.788162
527.512058
553.756669
545.195030
529.447115
541.547530
551.646051
537.346811
539.612369
528.541879
536.000581
531.751253
525.518331
529.071813
528.945775
520.541640
540.328050
541.391451
549.402761
548.858906
549.075602
550.587278
545.097017
536.358856
535.437909
555.049331
555.999435
546.124831
542.226066
535.528702
534.841007
548.581712
549.326528
538.666371
532.746475
541.442969
552.488536
556.849263
545.391910
543.593545
534.904321
531.810984
543.374873
553.959213
551.561697
549.907036
556.596267
548.831761
553.883199
543.992446
550.209128
534.774401
533.166662
531.530282
538.952148
529.610179
537.757919
544.820044
530.164828
541.568739
563.419949
556.129937
557.063682
561.528837
557.156254
548.796588
537.389383
550.870484
531.914170
538.549394
553.571629
553.804892
555.168696
528.774438
534.322277
544.516898
549.468691
530.747760
542.105364
524.662853
523.674816
534.410425
555.952701
557.782512
557.149172
560.945284
555.884462
550.224332
550.687435
535.551313
542.569447
553.578496
536.104481
541.656495
552.408024
558.329784
544.807645
559.511077
544.058602
538.638579
545.728875
541.403890
542.683102
538.594321
532.298567
544.500307
562.167648
564.261918
536.757303
529.490302
537.997539
539.853775
538.449501
541.555491
553.063925
536.959846
551.585427
547.442963
539.127942
555.493720
544.396538
553.659756
542.474240
539.058200
546.493041
540.087051
543.794706
542.304190
534.051794
532.889191
539.776983
551.055718
546.390223
552.536214
549.292669
548.052862
540.868304
552.044936
534.432269
554.374843
546.130248
547.533040
544.603144
539.813284
527.571935
529.476577
537.511257
536.535100
538.187174
550.036127
558.364201
551.334516
537.431771
545.166089
534.392525
524.914935
545.225047
550.894351
550.179641
556.358219
550.515114
552.869279
566.198311
552.608705
524.296317
524.309699
545.402356
540.856139
532.090531
539.485657
547.251429
531.084989
540.058316
528.541879
534.847828
531.150409
528.489136
531.771383
531.727815
525.085117
542.279478
541.283535
543.149351
536.428137
539.991881
540.966651
545.337058
536.126249
537.427071
554.097649
553.581149
545.626762
551.880497
540.086686
532.871301
542.970573
538.384912
529.315321
531.042411
536.987795
547.065449
541.579005
535.365134
540.973402
537.129927
526.486137
534.136973
552.529933
543.389966
544.528430
555.843672
541.691745
549.313795
544.868069
550.209128
534.774401
533.981306
531.530282
538.554318
532.148610
539.632895
549.337430
532.913942
539.365740
558.423480
555.475004
556.512336
557.869780
554.885243
546.341088
533.757596
545.950347
531.854998
538.078858
554.593597
550.331814
552.314447
530.671689
530.979447
537.247429
545.115353
533.683159
543.314807
521.887576
517.855419
524.562306
541.271175
543.480219
546.303277
553.429579
549.750108
552.024430
556.168107
540.226195
545.078799
551.705052
534.124153
540.010231
549.294840
554.498669
544.653688
562.489972
544.522509
539.004472
542.846903
540.108447
544.823148
540.606985
536.422489
545.662051
561.036666
559.112193
538.727672
528.070954
531.826000
538.712282
531.732474
532.914880
556.354761
540.334105
550.126446
539.640932
541.148444
548.818930
537.985651
545.008874
536.288207
531.570015
540.937779
539.127716
548.240750
540.459239
535.412213
533.456541
536.387404
545.113957
555.210517
555.303363
536.733745
538.211098
538.904321
560.688257
555.062871
554.168222
537.624230
538.729347
540.388503
546.380602
537.827841
535.841825
522.713507
533.545083
540.098267
548.273976
537.066661
524.788259
528.824692
529.511192
546.346120
557.900113
571.241414
568.469312
554.276775
542.336938
547.970195
535.687227
542.795874
554.996253
548.691863
548.452373
551.050085
547.657919
544.306065
528.075508
527.736550
536.552946
536.830491
539.148367
536.370717
544.053397
548.130139
531.700199
532.622289
534.518516
539.736740
547.381201
531.861574
532.011456
536.699206
539.413117
533.181945
538.393145
545.648180
517.320674
526.231212
527.150570
547.458400
548.630173
571.702587
559.980133
558.317407
567.241295
563.226093
555.971608
545.966583
535.448284
537.345061
544.226233
538.914139
547.162877
546.193007
531.371309
527.718320
535.231873
543.618806
540.689748
546.904159
559.813073
543.436327
552.065261
557.618306
536.782792
554.973791
541.665926
542.778151
537.179600
534.858568
524.359941
526.514792
540.144396
553.798035
540.205035
533.615593
542.739912
554.674557
546.569304
546.667589
547.280238
535.619147
532.423266
539.682581
539.567465
546.824289
540.525997
551.005831
535.736805
553.851066
553.353897
554.607458
556.597385
554.180577
548.628888
541.904030
548.286468
542.116270
544.209894
547.153252
557.225523
547.049768
552.202686
545.694258
528.507070
521.839366
532.201703
531.513881
527.199021
541.645535
548.437565
547.006008
547.337100
548.970346
540.097182
547.947088
539.196289
543.427299
542.853850
544.312235
528.465477
520.532142
527.716758
552.164687
558.682190
552.275066
543.892778
539.211000
546.978667
545.867937
551.747141
534.334195
545.313791
530.617724
529.511505
537.442714
527.384378
540.557195
540.645072
529.848308
529.963142
530.112029
543.161770
556.266809
556.528766
537.852134
535.269456
544.616516
561.710757
555.266828
544.751683
527.371921
529.869999
539.376040
543.750467
534.156139
532.672341
531.989388
538.899396
551.107106
552.446466
543.791739
527.219000
528.393599
532.279971
534.542055
536.314390
564.754652
559.250154
552.151134
538.821668
544.851781
545.392295
543.818154
553.251473
546.074769
543.162076
544.434551
544.284835
550.876532
532.543771
538.033606
544.321852
545.267259
544.842135
538.811164
547.753916
547.284808
531.890142
538.503578
538.899202
543.819353
548.149219
533.735640
531.012417
538.311439
535.629391
540.015217
535.613358
544.232415
520.994650
530.346366
532.500088
553.909968
555.413203
574.635746
561.705230
558.150408
566.655612
559.488652
552.302956
546.249606
537.223126
541.762286
551.018370
545.252329
562.850539
548.534725
540.843632
540.376119
549.881603
546.125342
538.939005
544.946539
554.659387
542.744493
551.359954
557.005416
531.592882
552.950509
539.879343
540.666209
534.321538
535.412585
523.733733
526.994657
536.627023
554.632794
538.836771
534.334921
538.359482
543.895972
547.748414
551.049808
547.173827
530.709687
527.372470
535.063489
547.808461
555.701279
551.482816
560.119470
536.945031
555.138166
554.856492
550.780012
551.395117
547.311171
547.924703
548.082108
553.671013
538.449567
543.656200
541.201759
551.366183
541.627689
550.894280
543.889486
528.162033
521.562797
531.323811
537.214634
529.931150
542.177724
549.274438
545.476761
547.101056
546.308766
541.471553
551.218427
545.813545
547.488544
542.622509
537.739318
526.685510
512.033403
519.273277
548.272754
554.076522
552.045551
548.700204
540.629154
548.551429
541.515127
548.524911
535.439366
552.083964
534.348829
533.831983
543.245816
537.857266
551.329052
550.005151
532.854071
527.151849
529.245126
539.194943
553.732448
546.273797
560.685181
568.433607
534.615509
545.930199
546.498263
561.609861
551.688558
543.538640
559.864916
552.671268
549.797649
550.340264
548.569947
555.531164
557.219013
548.536546
551.378386
559.310276
555.095791
537.202766
543.722102
526.336357
552.018070
547.346930
559.098079
546.439790
549.826295
542.513962
545.102111
545.013585
547.746026
544.802251
545.654528
539.408285
540.413443
535.413069
541.250631
537.629302
522.487813
539.606233
544.520298
524.732912
537.116024
518.082714
528.072869
527.830940
519.095718
504.405555
507.378270
515.004671
510.095980
533.372682
543.292657
544.205257
546.254952
541.984008
543.252306
558.435364
543.290156
534.452657
540.382776
533.034687
537.954808
528.350787
543.697861
548.891898
553.742409
549.166976
543.039259
535.918478
530.504270
523.434897
515.163684
536.523791
547.525571
562.298019
555.428169
551.522781
545.953246
543.943797
540.802037
535.595031
543.989680
536.708410
534.605002
538.490386
537.848010
545.975860
555.465646
554.886981
557.615087
554.660834
544.964635
548.092092
534.185888
522.139991
546.056488
524.937799
536.819712
528.860944
530.162064
534.031632
552.408994
541.798261
541.222268
538.676486
537.065970
517.512950
527.752619
526.536061
521.931889
528.147212
542.721865
545.978974
529.918763
535.347045
542.182876
538.453290
541.081943
552.915601
544.153778
532.507751
538.605536
544.977659
556.271220
548.576486
535.374573
534.420061
537.842354
554.427989
553.026534
542.544177
546.286054
564.477903
554.539131
540.307830
559.684184
548.620440
549.068013
533.096088
537.564871
540.044984
530.114544
516.849679
521.048216
540.516880
545.607775
547.460901
560.561836
548.642757
534.997860
550.651692
537.841976
537.889404
545.888601
554.344204
560.015489
535.818276
548.466957
551.980488
544.811089
538.331614
557.197136
547.921235
563.058223
563.882005
528.328625
540.471939
540.203744
559.476388
555.412308
548.597960
558.008664
554.751297
544.716706
554.272569
553.821167
557.391656
560.167028
557.696403
550.935326
558.112012
552.514762
534.983234
545.114242
529.608999
547.087105
544.478015
554.274202
538.555089
547.129776
547.024185
546.566213
543.374050
549.541961
550.025839
547.307323
550.059723
551.005205
541.124429
533.810469
549.211645
533.178281
541.714516
546.514681
522.618519
535.493506
515.873003
528.276522
531.864835
520.323168
500.625316
508.819327
515.439665
506.791016
533.522134
544.461695
551.293452
550.077345
543.105043
537.601321
557.687258
542.368218
531.843635
541.524868
535.729133
534.355193
521.360947
540.671446
552.632956
563.331403
551.453055
545.228882
535.545704
538.472832
534.127094
518.942732
533.969704
548.977126
558.855429
556.272475
560.006481
556.656072
552.512517
542.563646
534.948415
543.628082
537.700824
539.425517
541.164101
531.261610
543.211008
553.132334
555.925061
557.067275
558.102572
542.438554
548.153784
534.569927
523.658011
545.051290
527.381751
535.830825
526.980695
536.930151
539.983688
550.352847
536.346182
534.819716
531.676308
528.405744
514.224107
530.548850
529.021794
516.911631
520.015526
536.396180
547.621563
534.382978
542.104489
550.238624
538.554633
542.267515
550.521425
538.741313
533.311687
540.670662
542.778428
552.686492
546.575377
528.880698
531.486727
538.013824
551.256770
552.176344
544.962511
548.549541
566.802257
556.509614
541.892701
562.860205
549.255801
551.658717
537.647845
536.444230
536.399929
524.399541
509.077884
512.713979
532.202558
539.869351
543.529322
558.998044
539.991547
524.821054
549.819213
535.394619
537.652429
545.472649
546.525437
553.301078
526.112012
543.554323
547.915566
546.937200
540.153727
550.477288
523.766447
536.352081
550.080870
561.119817
545.298314
529.360879
552.695108
543.133646
548.463847
549.570863
551.873296
546.863252
558.611947
540.639832
541.124208
550.745242
549.335913
544.320585
550.979289
545.579032
525.892623
530.563606
544.150194
555.685788
572.595734
566.798490
567.360460
549.467220
552.405816
554.090437
545.746940
547.104300
531.997759
532.424410
540.464398
555.060318
545.660165
536.493878
553.016052
551.206179
537.325119
536.154904
531.057535
546.909154
538.000495
541.436220
544.074567
535.283642
531.233783
527.444733
536.871058
535.488875
539.547528
542.074951
543.626443
546.104889
539.784950
538.033542
540.725262
544.338405
551.039577
546.135930
551.051175
534.972491
521.360016
519.932053
520.222349
517.781402
537.377607
531.748354
539.456435
549.415824
547.206944
555.434198
578.782017
565.515142
552.965069
550.259194
547.823149
553.750235
545.621782
532.384348
543.271838
528.546196
537.916478
539.988522
553.703865
542.403843
523.994194
543.564648
549.134769
543.535688
543.010395
544.411175
555.106737
564.813819
560.546290
552.999966
560.528197
549.209149
519.378109
537.060392
543.704848
547.943256
574.320087
562.023424
557.879371
545.015899
538.930314
535.367837
550.787410
539.665704
530.513115
540.623984
541.374492
547.196516
531.672653
537.173398
528.270248
537.536252
544.766704
539.156798
543.098414
546.544351
551.190920
538.890847
533.252188
531.634669
540.009490
540.917233
538.543952
536.543398
545.746415
547.613477
551.285247
551.819579
549.107533
546.911116
562.362261
552.094657
558.706064
548.240291
552.019709
543.835523
536.891733
536.050403
541.491321
516.101718
521.923479
533.125198
547.064277
561.072791
567.068004
567.009720
571.749285
564.812297
548.752409
533.079801
539.186740
545.443355
548.407696
555.919304
558.430912
550.487933
523.979403
537.664401
550.613373
559.964738
543.297771
528.021069
551.445516
544.681883
550.326319
558.800628
550.359067
549.349187
545.404415
535.130600
539.090207
540.653505
542.798625
554.739892
547.023497
541.641975
537.034031
530.747639
553.720958
559.298224
575.449523
568.120780
575.627835
549.736201
549.190126
554.451851
547.116557
550.535125
535.653978
543.271479
542.928189
557.285727
553.082016
540.200875
549.290109
549.238458
535.278924
537.302520
532.127736
546.009465
540.828653
548.497101
552.501936
537.988446
530.559920
527.148256
542.830288
539.773311
541.795721
548.450650
550.043249
550.152295
538.322523
536.409999
533.139679
549.112671
554.396973
542.214862
546.644779
535.742797
520.981737
516.780201
519.231196
517.426254
539.888122
532.948855
537.999861
554.309544
547.885778
554.020226
563.968191
554.526968
540.008587
547.634100
550.654705
555.977088
549.620644
533.264104
544.185829
531.034285
541.560173
544.063289
556.200940
542.032326
522.617592
541.392292
546.786430
545.376732
547.896388
543.808521
552.235798
561.576260
558.739307
552.613547
555.987070
539.462820
521.729817
537.553642
548.605646
553.644493
573.410793
567.405220
561.833043
547.405175
543.684088
534.643058
542.093718
544.927212
533.648635
544.125796
548.438044
551.774485
544.290821
541.995260
532.276510
539.561520
545.994168
536.988578
540.506698
544.714037
550.307835
538.954532
533.916661
533.663922
542.051420
537.064215
538.245878
535.909740
547.435137
549.598075
551.932586
553.241697
548.363987
543.573035
555.466805
542.959959
546.472013
542.984964
554.363501
537.945104
533.202484
529.528569
537.367515
511.659505
521.473615
532.135239
543.949464
551.859879
559.357804
556.715200
567.898129
556.186162
551.677755
532.792625
541.114884
545.482562
542.954985
548.219962
558.135684
540.029946
537.239566
527.707166
526.248770
541.890631
528.440416
533.898396
531.834510
552.022952
555.085833
551.332727
539.348470
541.467827
544.898806
537.399634
533.924327
543.546604
539.530024
548.056310
554.666791
555.868840
530.710590
535.099637
538.294870
549.488522
558.152538
559.825453
545.825654
557.772131
546.127694
531.899444
530.775772
555.650534
550.810395
551.497953
548.090898
563.835381
550.915049
540.137099
537.948032
534.565075
535.538663
540.252443
556.245035
551.020196
559.690303
550.977039
560.010608
543.523208
539.696898
553.851071
549.738159
556.534338
541.275115
524.321447
549.270915
539.025585
527.172171
515.984722
548.282775
541.925824
545.286958
537.498971
549.040728
552.377759
567.284078
550.472318
539.365335
528.059856
525.284082
517.694392
524.297698
528.034628
530.998587
522.779519
532.840591
534.757739
536.849859
538.203810
536.656238
532.892354
546.880477
548.860392
547.498108
544.090699
550.038433
539.982306
541.618847
526.193724
537.987323
544.620945
558.532042
556.841966
548.617721
532.201236
545.022064
546.745477
536.473067
518.325279
527.614516
524.006598
526.695601
527.475806
560.695555
552.665429
543.810425
546.294263
532.077305
525.472936
517.087778
532.010310
531.256502
533.613331
533.795943
535.163437
536.757073
525.049775
535.098072
538.197866
544.501916
554.306957
551.991697
555.042353
539.264086
534.970890
526.259127
533.041672
518.884139
531.568022
534.315302
541.666767
546.558305
540.233546
532.064840
541.925058
530.093776
515.408339
518.425424
532.731841
548.279070
540.632587
538.418456
529.739682
527.094223
534.732966
546.585683
525.042557
546.439033
540.141045
540.154913
542.544067
534.451499
529.878103
532.406841
541.551773
538.181539
538.447383
536.978642
526.584685
532.444766
532.256478
521.208595
526.268337
535.080286
540.569341
535.866423
532.103396
529.737271
540.609351
523.372533
534.443705
538.172405
553.503145
556.996262
554.651102
547.101893
551.311702
553.777224
552.453745
545.118756
550.146566
526.657073
538.412985
542.619837
558.706844
556.786420
552.046664
559.007635
558.666969
557.057604
557.914171
548.977216
554.518827
545.538539
538.327371
540.652222
560.363230
555.103070
561.851524
556.389748
566.846306
547.252206
551.265615
545.110622
538.179693
534.226772
537.313323
548.834207
545.039313
554.542140
549.624584
559.827067
544.506834
541.315070
551.423579
552.702362
560.223589
545.600293
538.191791
555.817833
548.628678
527.779516
522.855272
550.233434
550.507540
547.499778
536.196397
543.176897
551.232303
562.326089
550.544269
550.504442
544.154926
538.661977
530.960312
525.495993
533.357625
535.484803
524.771394
522.502675
528.693617
534.741277
543.553609
540.954491
529.220783
545.559008
548.860392
547.658595
544.304186
550.517890
540.511003
542.312824
526.751249
537.001840
546.968796
555.155324
550.598151
549.906466
530.560212
542.553394
547.255787
539.806978
522.007342
528.878873
517.909549
519.365654
510.119235
532.514860
534.846980
535.833016
545.635378
538.481378
530.076646
522.020252
535.950983
534.848427
535.157212
532.169719
533.485654
546.008907
531.456083
544.997625
539.945260
538.638723
542.368290
542.093276
550.306541
539.264086
534.970890
526.461762
532.992857
519.664102
531.911716
532.743885
541.320475
546.074568
547.910916
538.822114
547.522127
539.385719
519.475429
520.826575
537.209709
547.811240
542.959181
542.241709
534.571403
528.207698
531.829079
542.712463
519.651250
540.176055
533.166704
538.071159
542.525823
536.628120
535.058535
531.842449
540.735289
546.377250
543.053153
543.383965
530.967342
536.539787
535.508231
522.749614
529.304124
536.626545
544.908505
529.281643
529.024163
527.128569
518.712042
533.511900
529.804985
544.186435
554.726814
548.964406
548.002196
559.597121
558.760991
552.565049
550.738918
546.766692
553.560546
559.543108
570.758220
567.756137
563.939818
535.896437
535.421374
533.772114
530.998898
526.112342
516.832980
515.879220
535.471713
550.601818
553.975499
547.151480
528.175021
522.241245
511.294806
512.457164
529.672243
535.942394
548.925094
556.495034
557.840261
541.208509
541.581054
547.587539
525.134829
552.652005
556.061311
541.409437
543.874625
531.063080
521.578220
536.213800
536.329900
550.318207
550.808290
556.688354
546.762023
524.709355
529.673856
539.867970
547.362599
524.386324
521.716983
523.405209
522.914308
553.268329
555.497969
559.190972
563.758187
547.566678
543.024889
542.023946
533.354438
515.401722
531.191126
522.498207
546.042555
540.147627
526.713981
529.500939
533.283414
519.316088
528.932876
529.597824
536.801521
527.851868
534.520977
534.709901
547.994385
553.014774
551.411061
542.298863
557.341390
555.841824
551.413251
526.475017
522.287218
518.841519
529.449786
523.355482
539.867546
538.236406
533.137292
535.403338
553.355026
563.091853
554.989698
549.573758
553.321722
541.709157
555.789521
552.345216
541.259120
537.485555
517.646638
527.038676
538.667679
527.679112
550.483772
546.399911
528.320420
530.346648
532.303863
543.569074
551.666424
532.691447
523.725724
526.674397
520.847677
523.969520
540.276853
546.398306
558.731783
547.945545
539.770665
542.780665
547.974345
551.148970
545.772770
533.453154
531.500734
544.287185
541.034830
534.586515
545.713763
538.714025
548.475646
539.413607
535.971384
540.365029
535.759644
515.678666
517.017272
529.966384
521.388213
550.528158
551.460059
550.728682
553.417594
535.593846
542.052678
531.709942
534.018414
528.857487
544.407120
528.007504
530.652304
523.076145
511.709331
532.919607
532.201415
550.883989
564.598483
558.931192
549.402467
555.336578
562.938484
553.851713
554.404672
551.561677
552.553361
562.852484
563.938736
559.086087
561.001990
536.038606
536.208225
527.318974
527.694224
526.301454
525.213184
523.676522
538.449657
552.373265
559.233916
559.342828
529.871088
519.787134
507.495761
514.237584
512.589660
524.055224
551.761316
553.525494
558.030985
539.488203
539.600040
542.956349
523.033849
554.251851
555.503076
544.896387
544.183732
537.814649
517.754018
521.669005
530.906271
552.042337
546.924515
547.350078
545.647535
520.859154
532.662334
538.411911
549.282676
533.788007
530.943241
525.737568
525.176598
548.659095
554.059965
552.523536
554.161626
538.735636
528.951631
528.469611
533.525946
517.373027
533.549375
525.352549
544.490625
536.235092
522.865428
534.631847
538.420835
520.949062
530.952116
531.233994
540.007230
531.303549
537.243798
538.510412
550.265254
556.737450
553.217864
545.245719
558.997344
553.929579
549.856147
532.070378
524.553424
524.209244
536.313334
536.970079
543.198955
536.223666
532.221287
538.474122
556.229396
561.392623
550.729089
542.391413
549.441716
539.614494
548.212400
551.954441
540.656500
537.143610
524.594403
535.628667
546.379016
533.495531
548.344891
549.982802
535.661911
535.627659
536.419161
543.569074
552.839016
535.279864
524.965328
531.412133
523.160725
526.879878
541.169902
549.672082
561.272275
551.062297
539.125030
542.494585
548.802587
549.798085
538.705711
525.371790
527.765560
529.173765
535.952748
535.936335
550.944886
543.789478
552.690354
541.433548
542.191993
541.596885
538.439708
516.153349
517.680876
526.431505
519.954396
542.221177
545.674446
546.098046
548.689262
534.443409
532.638959
528.099354
526.229089
524.003875
551.514025
553.989055
541.820830
547.725331
533.435209
545.083240
548.597612
551.353706
553.646803
562.759368
555.430198
554.319709
544.199399
557.846541
544.483753
538.605900
536.740179
547.538280
547.803706
547.521221
538.044490
538.156131
529.605051
531.832276
525.191519
526.303675
535.744944
525.249467
523.540511
533.449251
538.531589
530.465052
544.013125
527.548538
532.755665
536.482841
535.414406
534.153585
537.062992
518.823529
535.690284
552.183877
543.873726
567.922964
548.496503
541.847178
558.862583
555.694526
542.589153
552.794944
550.716543
531.595235
546.894384
556.202500
562.239368
562.765261
547.439269
544.838498
567.362267
559.901501
555.123290
558.499326
540.750318
555.540998
546.637027
536.339684
523.784503
521.551688
531.057156
521.762501
508.016436
526.356520
530.268073
530.837031
537.845257
532.412408
543.534448
540.912245
535.445019
531.811912
526.120613
542.083712
532.818469
527.582776
520.505136
544.337687
534.953488
524.189284
534.164381
549.329422
548.851273
554.240924
562.588409
555.695521
550.291474
538.937027
545.406498
536.439018
528.820585
545.868777
538.270796
529.026790
541.227628
547.144209
546.360963
543.281823
546.522972
550.672913
538.493529
535.458015
537.752609
539.971364
549.517799
544.685359
539.556714
546.669733
552.216005
555.060319
534.176987
543.223276
552.334452
564.007447
567.962057
558.271472
552.245809
548.832339
555.245936
543.660611
544.629394
532.105766
525.551467
521.618049
538.347484
549.598932
543.315021
555.905255
539.017063
543.165288
546.555456
541.835297
535.683051
545.591356
534.592689
531.483213
518.521542
516.936692
519.958382
534.442483
538.544652
529.745713
537.719443
540.791889
527.385251
529.116618
543.582445
542.462827
553.178090
537.620083
552.337612
567.230531
536.315919
539.692577
546.297692
545.807057
551.766719
556.154639
546.741114
552.800460
535.174306
547.033211
546.560209
548.725443
545.465924
559.636468
549.590024
546.740306
533.809626
558.098798
546.004308
543.798442
535.594161
549.711157
554.140077
555.351085
538.279717
525.744474
515.880693
529.558485
513.645229
531.902336
535.433620
534.210443
532.737270
533.463042
541.286298
534.944506
548.761269
534.354062
540.433456
541.893344
546.199065
539.934755
538.512084
519.400860
537.398622
550.635394
541.125887
563.424287
543.119241
537.070174
552.815559
549.564006
538.199207
550.136219
550.658223
526.879695
544.574764
555.399861
568.031096
566.467153
550.022826
544.459976
561.062275
544.890645
547.476608
548.173746
538.092883
551.380047
536.599213
544.894887
527.530103
523.749518
539.866638
523.578277
516.096903
527.018525
529.829304
533.239752
532.788969
530.993281
542.264037
538.953547
542.080606
535.163939
524.786792
542.673562
532.278643
526.080666
517.113156
540.156207
531.885855
524.061259
530.430549
548.587195
550.342435
552.705140
559.073986
553.639214
545.011968
530.803356
543.249442
534.904264
522.785357
537.785637
535.141539
532.195263
539.434153
545.851505
544.607983
550.576304
539.151921
547.077320
541.092288
545.849584
544.797117
545.695082
542.934214
537.910530
529.661849
537.414679
549.440020
554.412206
532.140446
542.553211
551.237323
565.019038
561.293756
557.285587
550.943851
547.984583
555.673021
542.900381
537.432614
534.258008
527.444958
522.978227
543.431746
548.281437
541.827317
559.308409
548.882884
547.115951
551.769763
548.971505
542.062593
550.088455
532.069603
534.353282
526.020098
522.259021
530.665941
539.954897
544.253000
537.213973
541.821541
537.108027
525.222246
527.667006
542.603447
539.022063
552.113454
533.458550
551.946472
567.503392
538.889074
539.680724
541.714807
545.838054
541.498945
539.310442
517.901949
533.735424
534.764387
547.719373
545.760111
541.299625
543.643032
546.044015
541.924080
528.755964
542.870963
554.230388
551.923815
552.790465
548.052641
539.082064
548.768917
541.803502
542.838134
558.461659
551.398358
544.153920
540.470839
537.258565
548.713142
563.236606
557.198144
550.311252
555.899999
563.901650
557.594629
539.636554
547.505920
555.632256
558.331308
549.823179
553.247645
556.679461
569.457983
552.685050
541.699799
525.740886
521.860761
528.795099
511.073436
524.311157
524.743290
532.316966
537.175813
541.754181
537.051058
543.948243
549.826602
550.206427
552.196024
563.509723
561.826303
554.350962
552.255410
542.269315
544.564844
549.133624
543.904176
555.291381
541.557828
548.866911
540.244742
527.833213
521.361062
515.545518
536.495413
542.647014
527.385496
529.880531
531.474935
540.112972
561.430898
560.951977
542.883080
540.502539
535.497467
535.266591
528.319667
524.298475
531.363042
533.943396
519.212689
535.452166
532.923185
533.087346
528.837685
538.247854
547.677085
539.291562
525.103784
525.587674
537.980497
526.807511
538.499641
556.057021
553.846521
558.672488
551.252773
540.124557
539.609113
549.826678
552.682021
543.408151
559.123814
553.983241
555.275148
552.370248
553.662590
546.607517
537.422238
545.803889
552.116349
554.534048
541.096899
536.455233
541.221108
550.171598
535.501662
533.735008
529.711999
534.667583
526.810274
520.418620
509.402754
521.879187
527.955410
534.286984
545.702631
536.894193
538.821295
548.849843
554.404916
541.791366
552.193643
542.044356
544.686325
533.729310
548.799679
535.655881
542.086510
542.283536
511.431748
524.532541
514.673904
512.260843
517.404397
524.077979
526.613544
543.267380
548.364682
524.345113
528.439784
530.208871
537.302646
547.602085
542.609262
529.674403
540.932702
540.650869
521.255832
540.165136
532.795288
546.761269
548.974116
538.773510
540.776824
554.495659
543.712152
530.925134
539.898966
548.032237
551.509292
552.862177
548.392074
547.460759
554.488958
550.706410
547.223753
550.324816
555.150116
557.369523
547.409226
547.972900
561.913937
568.413911
565.658157
547.071665
556.905127
564.413457
560.322052
536.225254
545.041904
559.737309
563.422075
551.635634
560.634401
560.368208
563.005407
553.600015
542.073973
528.140076
529.493934
533.999087
520.686024
535.300476
527.673871
527.911019
543.358592
542.558782
540.641416
545.277749
544.817507
546.103671
544.081135
550.505152
552.589204
545.317758
548.859831
543.346522
533.976821
534.649463
536.798761
551.926764
537.320582
546.495932
536.075919
523.783993
523.761758
513.021449
531.868479
536.131242
523.785181
528.900258
521.732291
541.356391
552.675135
559.343458
541.390793
542.551198
535.088997
534.429589
524.374569
519.921622
532.924858
531.319600
513.984046
540.280999
539.322725
535.049269
532.835367
537.165884
547.600540
539.846577
525.053737
525.912340
533.703507
522.513704
532.973295
537.931115
542.101360
554.453556
549.195804
552.171441
552.956537
558.275010
556.480225
549.729117
563.341496
554.099060
550.240647
544.197287
552.115022
544.020402
538.529757
537.212054
543.558994
554.213165
539.272538
537.565093
542.367184
548.237807
531.891294
531.638756
528.840898
531.932811
527.537751
523.407135
519.842874
527.941209
535.893709
541.219246
545.411040
534.416739
539.416417
551.633317
549.090848
540.100887
556.786452
542.472848
544.605977
535.439081
546.211410
529.529116
536.739990
548.921157
517.243475
536.669719
531.815911
530.265403
528.293557
526.023095
527.613576
548.881150
554.026836
532.972303
540.198302
541.775164
542.809732
552.074169
545.562120
530.252455
549.177225
556.653013
537.379998
537.019534
546.617074
544.784837
546.160314
539.217718
543.991351
569.526520
557.929863
540.943271
540.993716
550.389831
535.641925
547.473544
541.318095
548.015974
548.542242
530.543770
538.146351
547.627450
537.023668
531.436054
516.521996
531.422190
531.437771
538.187679
525.731253
535.313765
531.978312
531.277911
549.878739
543.775280
541.817993
530.278272
538.576580
551.662658
544.334310
533.598735
526.397343
537.234605
538.770422
555.625093
540.053431
545.921368
537.728483
555.353656
576.282848
560.224422
556.427433
550.611275
565.064082
543.661153
551.777957
536.073971
538.648068
540.403471
540.172152
533.333729
521.523968
523.202993
524.994510
535.600275
539.292692
527.937131
539.949362
543.573207
564.516201
564.360813
568.306779
558.976501
559.373762
556.715422
535.699161
536.509363
524.759523
524.985522
539.843194
558.006142
550.397938
545.427936
544.601478
542.192888
518.526193
518.899276
518.559366
518.470984
519.787107
527.009513
533.721353
536.868621
528.714228
526.237689
534.641432
528.195294
523.098038
519.899702
521.296663
533.939639
531.772937
533.880600
543.634371
554.060894
545.418154
542.771747
534.038198
528.501513
530.546893
535.985408
541.269832
546.271161
548.725930
533.314342
538.873786
536.312329
526.069998
527.515723
536.361210
543.929016
545.353498
539.672841
533.376407
538.711381
554.422921
560.421515
550.286570
544.113379
546.509474
553.234768
544.089046
544.599484
556.217819
554.405263
560.320133
551.568013
541.249448
537.959768
539.247113
540.493622
555.375979
542.032799
532.695877
531.927906
566.769881
535.373012
524.591915
524.339054
538.409448
542.152767
548.193692
542.976665
544.099988
537.279041
546.717926
556.961560
561.293592
569.966672
556.146645
553.882690
553.061946
543.451452
544.617328
542.957541
546.826063
554.502893
540.708785
535.634581
544.612822
545.501485
546.986924
534.831930
532.431028
554.424132
545.060142
535.616207
543.762960
559.527426
536.201409
546.824662
528.639715
537.606068
536.203961
516.938360
527.284869
540.762773
542.338437
543.891730
534.487314
545.526649
540.335487
539.120488
531.782488
542.536743
534.261380
532.045626
555.600311
545.095107
541.110542
532.884547
534.120552
546.115539
546.386899
538.119760
531.859480
535.398356
537.969835
552.259081
537.506702
538.494294
536.066489
557.664136
580.144582
567.999613
559.519005
553.398956
570.570180
551.255222
555.190941
547.028251
545.706722
548.140951
545.542392
537.438951
529.650790
527.710355
530.532325
533.796273
534.516591
527.492283
544.162924
540.455466
565.227462
562.213772
564.294894
565.138170
560.178795
555.934868
535.484525
537.143512
535.404048
537.445770
545.443832
565.792613
553.128898
549.070986
544.601478
542.551696
521.957200
521.001077
518.691904
519.769091
520.713090
528.846359
531.247606
532.368788
529.814993
521.929093
534.760187
535.837163
530.878742
528.579697
520.905727
536.914194
533.943370
530.951680
544.874652
546.145010
549.791722
544.213005
540.228940
532.825226
533.556771
535.459569
537.739127
543.124192
541.940148
534.027961
538.682659
536.559746
534.356577
539.264380
548.180368
545.394084
541.933174
537.200599
536.713958
540.172602
556.088353
562.518260
551.337329
542.246984
537.523237
542.001012
536.133924
539.677794
549.668269
549.891893
556.739815
555.575565
539.483960
537.462476
537.928431
543.808105
550.117887
539.598415
532.966517
532.856669
555.844435
527.162220
508.587330
515.829253
534.053398
536.695982
548.506019
542.872878
547.996582
533.789756
539.976005
551.774877
549.306124
563.195622
549.073630
547.960965
544.917901
541.603277
544.025461
551.057519
543.093682
549.461387
551.546666
559.310140
546.858882
540.685239
552.154655
537.704390
517.989317
526.355538
527.151474
523.586583
525.248538
535.809553
519.314820
526.723729
539.726872
556.319085
550.885415
548.226870
551.057359
544.425496
539.536485
548.953615
549.428625
535.505658
520.869930
530.522431
543.224692
534.750096
537.903809
541.020070
548.030053
536.049554
542.601885
530.391593
527.972310
540.941733
561.814818
551.879428
559.316816
529.251289
526.932379
556.979254
562.436739
564.169139
561.351530
546.858823
544.474512
542.318919
533.427325
541.847880
544.939951
551.091381
545.303858
572.525957
565.682944
562.329745
570.142970
566.997966
574.079269
562.550704
565.052777
554.230447
540.276575
545.086766
549.922635
547.135729
540.961936
540.079352
536.961047
539.026271
531.104070
539.481461
535.422239
528.926815
538.420655
537.923398
536.295343
544.140924
554.761807
551.088140
544.570961
540.305979
558.756659
540.446517
543.495493
548.899895
541.622343
527.411048
531.178439
550.069954
554.866047
557.258842
555.096794
542.161617
533.927808
550.597906
549.727443
527.378790
528.640130
539.473262
548.616691
546.257421
552.194755
552.262031
552.891435
541.260047
542.001732
547.389503
536.171905
519.336239
521.856793
532.906220
552.422281
536.467468
544.807669
531.040505
537.920035
534.968055
532.443427
543.276795
544.543942
535.605326
538.398330
553.290419
543.744613
547.209659
540.970831
532.129537
538.371262
547.001423
542.021969
558.977684
547.789170
555.079920
553.132752
539.717648
542.192384
537.439830
533.905062
537.599177
544.688267
531.292792
534.149217
531.544604
545.370316
559.664951
552.547416
536.188406
526.403848
527.577673
538.739477
522.943285
533.985437
545.280260
553.124564
547.328637
537.878534
542.003316
544.663264
534.886183
535.518007
525.975059
543.365575
550.680584
547.171279
559.113440
547.347078
536.054136
550.581538
536.978494
515.021906
524.472940
522.058991
525.169097
537.012792
537.901232
527.345695
535.898991
544.249689
553.452738
548.034693
545.077384
553.842829
543.682293
542.730624
539.342371
549.596638
529.602219
511.492394
528.684290
544.655659
548.654381
544.709589
549.460095
547.662645
538.937396
548.533105
543.461611
537.534892
543.914531
557.233485
547.301126
553.289798
530.017279
528.263941
555.326917
559.231520
560.586862
558.982521
548.083199
550.065993
550.532526
537.659418
543.996488
544.208725
539.388440
541.888373
555.324917
554.106440
553.636055
563.517456
555.483988
562.529138
560.998980
547.728611
546.421902
537.675744
533.748003
540.433565
535.986627
529.167974
535.213129
529.861057
535.229191
529.925620
538.206158
541.570273
546.819857
553.767335
554.830854
550.476048
545.221450
549.839606
550.467775
545.472775
540.496291
558.472398
540.508602
544.149905
555.300723
547.592199
532.657184
531.024223
547.170261
554.926168
556.353313
555.071403
548.829489
538.721683
557.249103
548.654737
527.080281
528.326494
538.528228
553.171813
550.738205
554.270235
542.055308
540.328250
534.536266
535.043366
532.767452
528.362082
521.774472
522.914094
528.157525
551.267507
537.883678
547.926408
530.276647
542.349912
534.180776
529.682461
546.399607
546.922353
537.023882
539.026019
553.795417
543.998861
544.988186
538.708919
532.027676
537.766074
545.320404
535.692085
551.036384
540.601429
551.640836
548.841398
534.149118
541.986075
531.399098
533.680820
537.532370
545.744320
533.760952
531.953428
528.816399
539.135544
551.315176
552.305934
537.028559
533.269288
526.244881
541.690554
527.131957
533.422809
544.373769
553.059486
559.795401
541.334988
538.060022
545.818659
537.200533
534.696412
524.789480
537.650775
547.628240
574.594596
563.609545
561.615441
544.485529
559.684517
561.133155
547.064199
551.513451
538.008485
545.393082
541.572970
530.148604
533.975339
536.920356
542.012696
532.818514
545.881261
531.350294
544.662267
524.386761
527.635649
548.248901
542.149345
555.330599
559.423138
547.751982
556.130460
558.985020
552.214848
526.667189
526.811498
525.665480
535.538453
528.363297
537.086954
529.078488
530.732620
523.507779
537.445308
535.947595
519.924705
522.047376
535.736779
536.363797
521.317129
517.677632
532.663270
553.560369
550.364181
545.823397
550.298041
549.496808
537.397624
527.905773
538.561882
553.492644
551.795208
542.822238
525.899013
539.962537
550.254075
553.145066
545.604267
546.138216
544.773667
544.851959
528.921892
537.990324
537.845954
554.024621
564.404549
559.590531
572.823981
555.391923
546.155013
545.756189
546.544205
535.673072
547.068868
549.905132
533.931169
520.938760
528.687608
548.019933
531.553874
542.812836
542.215046
518.693379
519.744198
521.721572
529.682661
512.830327
519.790196
517.012118
512.912648
528.033739
533.089047
528.157838
536.893417
556.820930
566.083512
544.376174
537.339079
541.326583
564.178354
566.163161
545.579704
532.873009
536.433646
548.954214
542.439836
531.719233
541.552083
541.306221
542.970084
558.134611
549.529826
556.630557
562.084237
557.377895
548.609190
519.193084
530.514016
541.754532
538.687891
549.601740
541.351018
534.715621
547.790869
541.797427
540.407083
530.581742
544.334059
538.721046
552.485418
550.208787
540.604553
532.726085
538.497034
532.220566
545.567404
554.489831
542.137192
537.829325
543.194333
535.285672
561.684450
554.158129
555.638628
553.491939
559.675565
552.198509
544.685750
542.999095
542.515997
540.789860
536.900286
539.460166
535.481314
536.781529
537.833428
531.459464
537.177401
545.777276
571.336361
561.162122
554.422676
545.077943
557.411649
564.933597
553.517795
556.016443
543.260190
552.246601
550.065789
543.061765
548.311380
553.395665
540.972337
529.655383
546.691817
537.466184
543.021702
532.994053
527.147359
551.751913
531.949313
532.525947
536.756281
528.407636
544.555970
537.298859
536.393906
523.367685
524.000322
531.389277
538.424424
541.871497
539.114428
539.403048
537.916471
531.687818
540.888031
535.078873
518.335828
521.806342
538.727835
538.279082
519.521413
515.528039
529.721904
546.486869
544.312958
542.515067
547.098441
549.943617
541.320809
526.404603
538.079333
545.868522
552.161586
550.237455
525.040873
550.433407
557.800618
551.993891
548.790878
544.466931
536.326603
530.877963
523.025560
525.334348
535.810257
544.606941
562.622898
563.566663
568.347726
555.937337
547.074398
553.001978
543.852485
530.346788
541.981592
544.722445
533.931169
520.589245
528.496746
545.008535
529.970732
540.630424
543.032188
516.581993
520.562480
520.398973
525.510173
511.934609
515.733676
516.076882
506.783969
523.027756
528.605867
527.786275
533.271598
550.797564
561.984873
537.067187
539.531530
542.832860
568.491823
564.554279
551.829337
539.823918
532.453130
543.759759
535.446792
528.820012
541.869864
543.494922
542.934728
550.571173
547.055347
554.770889
557.955465
552.687061
544.694318
519.193084
530.182756
542.157160
537.546532
549.346707
537.603116
532.228093
543.559837
540.949453
539.714039
531.007373
544.629503
540.196363
554.196469
551.377336
545.015629
538.729590
540.915784
532.917581
546.001690
556.771182
540.965725
538.265023
545.610532
540.579871
562.056773
550.308048
557.289637
547.886662
560.604221
554.436523
543.466044
537.375577
539.290023
544.851085
538.991412
536.808450
534.480344
534.116996
536.871169
533.107976
550.740562
546.925087
535.350944
552.108657
555.494300
536.320267
543.513928
545.622127
536.831620
551.339775
555.383499
544.182220
536.938746
526.759223
522.020109
521.730526
523.680876
524.044855
524.916194
524.511781
539.008907
530.957145
536.226607
558.890893
547.327587
547.708326
540.560150
529.997307
525.660493
526.332549
540.047805
548.842725
542.033026
536.265029
539.970552
547.397128
553.753952
557.242283
564.218665
554.896445
567.134187
552.621514
562.420607
555.289774
544.015832
552.986385
548.481543
547.822780
551.515163
532.321540
541.476298
533.763286
523.715766
545.385827
541.752535
559.119893
557.277660
555.468606
539.845998
537.427824
551.661501
550.863410
551.715679
532.714931
530.933610
525.938687
519.480350
536.729639
528.296503
518.222911
521.198264
540.079644
533.275162
555.727286
548.341314
552.082387
536.918568
532.467923
537.095643
544.987373
545.033677
548.318213
541.950219
550.031181
535.472595
546.245883
546.226464
534.850582
541.246779
535.481620
541.472969
541.433406
545.850490
542.413601
547.470409
539.023694
534.186043
551.222923
534.901274
536.459422
537.044319
554.409537
538.227222
544.123695
540.624191
538.611220
538.714057
548.497067
549.162169
540.762170
563.342821
555.653036
561.107541
546.349902
539.094069
525.856791
538.815974
548.296513
536.144606
543.136030
546.177444
535.627197
533.711559
542.731995
532.567230
545.778523
538.007388
555.743079
560.555177
549.939563
540.377022
529.312713
533.151994
526.183327
512.868828
538.448016
520.389937
537.564653
536.563721
550.685431
536.579339
538.278550
536.206099
551.858307
531.207094
549.854642
539.554121
525.787170
520.746363
518.516814
521.864036
542.573167
545.758717
546.161158
547.019697
537.092418
541.163705
544.120497
534.738452
541.005750
551.051759
550.014618
532.062987
531.091774
548.950161
544.794033
533.758505
550.039016
553.982835
532.651190
541.623350
545.776701
527.896376
540.895964
546.310354
535.807656
531.750035
532.137074
527.931728
531.633514
529.072045
526.913762
525.986128
523.855114
542.588121
525.869521
527.833476
544.572216
538.493134
542.774356
538.591916
531.481397
524.295646
525.447594
536.862714
548.605060
552.057579
550.243911
547.837640
554.037537
553.175711
548.172246
557.883392
559.771357
563.527665
553.793878
561.030414
556.227000
544.369529
550.677158
540.415503
540.341011
552.522780
531.948954
536.417854
528.815968
524.324284
544.536837
543.115902
563.911074
558.737347
548.335314
538.477910
536.219092
552.578461
550.527753
538.971256
526.420212
522.253829
525.539295
523.508480
536.968893
523.190139
518.871906
526.062552
539.773116
542.573316
563.155479
558.576131
558.703982
538.330804
543.386595
546.554196
549.820048
549.095587
547.478973
540.673322
549.620827
532.956951
543.370179
544.561595
531.413228
544.171763
539.192720
547.277704
551.263665
544.675072
539.629365
542.464089
536.843346
528.270140
548.976103
532.499797
538.753733
538.212212
552.303259
532.785472
547.011377
546.903184
541.712073
540.865714
548.629064
544.832859
541.585597
560.315972
557.588058
566.170010
545.116323
535.101099
527.222125
541.837129
543.285990
533.294778
537.366388
544.436717
533.670658
535.438720
543.769674
532.007040
546.323822
538.055715
555.397711
560.177928
552.372878
544.088936
530.226843
534.717128
529.840019
516.590186
540.956276
524.172788
536.783635
537.866341
548.183800
533.673859
536.187378
539.105854
549.192863
530.925068
551.511001
542.379313
533.508011
525.500929
523.045087
524.301939
542.617937
544.949461
545.995971
547.672194
541.289467
549.752713
547.788486
535.100654
543.279717
549.925359
550.686796
535.439899
531.840366
550.306312
553.929199
546.560011
548.837407
546.473082
556.064870
566.434998
560.460144
558.373805
543.526355
543.028672
551.519335
556.419947
518.943882
527.611427
538.035142
569.563380
540.877732
553.013489
564.755022
568.757958
542.537231
543.905671
549.374669
552.079811
553.747603
553.081512
543.463033
556.252363
553.831096
553.112084
563.785331
532.266168
544.484200
556.365991
543.158870
544.793221
553.579406
545.047845
529.487144
528.381334
550.951919
552.616609
536.967681
548.465485
521.969912
520.775197
526.610039
536.451215
535.492489
549.912917
557.310144
553.080135
548.127557
549.733158
573.290793
571.291751
554.789614
549.623592
567.575245
540.913504
548.305842
538.401684
534.422173
532.418649
532.091217
539.745953
540.048096
537.797721
537.466142
540.883723
515.240704
508.849434
538.791948
534.236725
529.693050
533.364377
545.111005
548.182941
554.756742
545.964660
545.819459
551.009331
544.829563
540.387819
537.336755
554.397016
522.773186
522.352769
540.153664
548.736164
552.717637
545.823739
553.573438
551.955763
556.866201
547.716062
539.454699
533.524154
540.673584
545.243284
525.869501
521.883639
524.312243
528.505474
536.379884
535.799109
541.309961
544.494922
539.557461
539.646561
541.324431
548.435235
543.571718
559.032210
549.748294
532.797394
539.294366
565.248564
540.744949
542.042732
539.843776
555.967454
527.254379
537.309610
534.423129
523.272546
522.048374
543.387960
548.653890
550.476907
574.311050
559.988623
549.939599
543.390686
542.707187
544.343635
546.241208
559.229995
561.089975
552.720633
557.521479
542.495200
546.978915
543.338116
537.282290
540.820390
525.900058
537.480094
518.763751
534.946175
537.607137
539.945555
539.658449
547.338101
552.156862
542.645437
538.401554
531.807628
550.700277
538.789668
536.707543
547.230471
538.167237
553.238324
557.815058
548.041966
547.774252
549.478910
557.296651
562.410008
552.896091
558.164777
543.941761
540.235739
549.312326
552.601572
518.922158
526.565215
530.915756
551.739335
540.736976
547.139186
564.470995
567.833881
537.919677
544.150165
537.199182
539.320749
547.303971
545.200267
537.486658
545.973155
550.684475
557.328978
563.748170
526.677012
541.011777
553.518127
546.004769
548.278097
552.406315
542.344161
532.903817
523.966830
550.268265
552.376796
536.124592
550.303525
523.869224
524.180124
525.099088
540.257786
531.846826
545.954954
546.530148
546.234907
538.843497
544.136700
571.574703
573.007060
559.133112
549.755951
569.726872
546.358099
549.706335
549.335886
544.743257
539.431333
539.273992
544.399314
538.249502
540.135249
538.812351
549.694570
521.947964
523.356016
546.109193
538.777503
534.071357
534.582954
540.198575
542.218543
543.226935
536.924525
542.465600
550.188206
544.779963
536.940001
537.639032
551.956701
524.765665
518.655763
532.474510
539.946635
545.931760
544.928856
550.964453
553.207798
557.572918
552.309177
549.517041
542.327655
537.479247
541.797255
532.950113
528.091198
528.897303
528.685792
542.947821
536.964429
540.428224
538.476272
534.207770
543.738003
540.199660
547.293461
539.241485
545.667898
537.527125
529.072798
539.081052
566.649113
539.219318
536.281261
541.443534
552.801939
529.491891
538.859993
536.308215
525.245121
523.670411
543.152740
547.859283
549.856249
573.826741
558.553543
547.137787
539.321749
543.516173
547.790250
547.828079
559.556237
558.716888
553.329325
557.583009
541.010275
548.632906
545.031335
539.615717
537.638649
526.245072
535.988554
521.540814
540.982096
543.863365
546.477979
543.397660
548.567025
548.356597
541.643457
535.577418
527.375560
548.477566
539.788974
534.451524
545.680956
535.113202
545.393270
537.690784
552.093997
558.900474
564.206014
548.287119
545.573085
541.376910
537.238614
555.484293
546.659072
541.910769
552.327124
543.026222
532.666366
524.549572
548.656334
546.550876
545.766316
548.635111
545.784950
580.517869
549.323654
556.766221
543.207085
540.221949
553.107257
546.953619
544.131859
549.362852
543.553911
538.280507
550.934552
551.327526
524.785966
532.920641
537.190339
540.755891
531.880765
529.098442
539.186569
542.075334
546.553629
555.773442
550.551047
540.049473
513.232069
528.779291
542.940289
535.707131
541.120513
535.521590
522.343781
526.463379
526.648077
522.705152
529.485849
541.095498
548.982007
532.242761
536.748595
526.639371
537.389715
550.271782
550.608818
551.868782
530.607958
531.500133
531.300850
535.054739
536.432571
540.654109
549.951546
540.713276
534.095471
535.717957
543.065932
550.483375
551.452709
551.268059
547.179215
540.327880
551.051795
551.201339
537.862087
546.078613
538.247925
556.932711
549.919003
544.469813
545.130636
544.067408
540.897244
535.061172
543.656752
556.526069
549.811898
545.418190
548.148007
552.074549
538.063095
540.885005
542.841758
541.568466
537.063854
547.628629
555.943753
553.847025
547.252308
538.666245
524.822820
521.065034
536.146903
542.163392
561.878958
548.792479
551.179234
544.330611
546.531363
553.467514
556.323866
550.122749
544.492266
565.141936
554.842487
537.314728
540.112474
538.359066
531.355650
538.280942
534.535382
540.516766
548.717657
543.687704
548.124644
524.910825
526.013888
537.888683
551.523070
547.602021
559.301438
551.608537
544.339973
533.484481
547.794445
543.620815
549.461811
541.414106
545.077747
536.300583
529.620299
539.109120
527.810484
518.119536
526.441891
538.545859
538.452966
547.144955
561.073808
544.051697
527.774799
531.909942
535.558111
537.304683
546.828124
539.717417
553.716773
562.349074
562.805240
550.403631
544.445240
550.511609
545.715845
560.748182
552.085709
538.400002
545.299949
541.082332
531.598966
531.758294
546.355113
553.750635
545.656052
554.389627
550.556401
583.570913
564.901065
562.286514
535.105091
533.678723
542.477620
529.955778
536.873739
543.570114
533.239095
528.120147
540.768527
543.804987
526.664885
527.746651
533.024100
550.421523
539.062892
541.564007
549.697693
542.075334
547.795517
557.000518
551.533801
540.859504
516.174920
523.797338
542.381595
539.100128
536.099221
537.357158
532.914561
533.987962
534.250845
526.010075
533.300372
536.746886
546.448330
533.406934
531.276676
524.437404
540.930366
544.420391
546.894778
553.534996
533.016699
529.991597
527.234180
546.459608
549.297645
551.699859
555.733495
551.439317
533.869885
535.484897
547.341354
548.000705
549.008973
546.701351
556.300220
550.371105
551.247455
549.242743
533.039565
543.489911
532.915267
551.385565
550.393204
549.364735
551.991066
546.356123
543.363495
532.925362
540.935244
555.452998
541.876980
542.644952
542.470805
554.345346
543.145730
549.051797
545.217497
556.188610
548.508567
556.192921
561.161765
563.593537
558.766823
552.985369
547.408481
538.542947
549.098069
543.899501
562.191937
546.582222
547.212062
543.095155
543.188145
548.191015
555.583739
550.841594
545.879720
565.213784
555.138572
538.521523
541.383687
536.753482
525.407757
531.050518
527.318280
537.904728
546.230375
540.441729
543.668706
521.735115
523.632975
535.905079
549.251395
550.159022
564.418237
549.524574
545.799616
524.634764
540.432866
533.193654
541.850434
543.573211
544.674013
538.092581
529.287949
535.628930
523.954563
510.835555
524.094999
538.092399
535.039389
548.146925
562.971296
545.820413
526.030334
534.801876
537.422060
536.647668
547.937138
564.267039
546.421256
551.909545
533.625627
528.959417
530.393822
529.173299
529.967399
522.815696
513.878260
518.834597
534.472923
530.440092
542.034462
544.980104
561.183004
550.945095
551.398726
544.639052
547.493570
545.929925
541.358981
537.188946
547.052220
541.981635
566.040093
555.416892
548.371286
532.194617
529.290615
534.375313
534.634909
548.172304
546.726720
556.769887
546.355435
560.995374
544.551057
533.486150
548.962259
539.097959
535.370406
525.536864
522.208945
534.711864
543.351165
551.875956
537.295596
535.588489
525.106281
525.554954
529.363239
543.220607
551.988438
557.003679
562.353184
552.299181
543.199639
534.509632
529.577909
545.242575
526.650827
535.517714
543.912348
546.268020
546.676824
550.838513
547.647516
536.263547
536.279957
530.153615
533.672603
535.204708
527.580214
544.378465
549.251287
541.141381
542.254141
538.390010
545.656008
535.553211
537.304179
527.029778
522.700913
521.785387
548.527339
546.247211
555.181037
549.840539
555.174888
551.802622
560.382898
555.069614
557.567554
541.394402
540.837008
541.561860
541.333575
537.431592
546.622559
529.069372
543.043117
549.968380
546.689276
547.851433
547.241378
553.089882
556.860403
554.359839
551.735795
561.566335
544.684467
558.363194
544.289162
550.069310
556.518813
549.640269
569.550062
546.730752
555.170381
558.688047
544.371280
535.630173
536.257353
552.179518
542.961397
540.174268
542.586643
550.468184
551.302363
550.217485
540.931522
545.646208
540.033042
531.690486
538.028820
533.868194
543.315807
537.124666
537.576484
544.385380
550.180852
553.584477
549.848986
536.225844
554.141781
524.571564
534.505130
538.368763
540.794586
551.713493
556.296640
551.082790
554.555266
551.808302
553.719359
548.150105
550.238971
542.839306
547.921966
535.393041
543.513205
545.791052
545.795434
563.129135
548.913276
557.086092
540.159314
538.980789
546.052310
544.362798
548.738769
541.065123
536.341840
536.118763
542.863906
533.898896
546.192362
551.350426
568.371140
561.466904
562.310277
553.303791
544.566150
546.050182
547.799983
542.644461
558.803504
558.254596
567.738529
558.747864
540.924889
518.131380
520.290205
518.757971
516.741646
527.431167
531.678621
544.826746
538.921661
544.140184
530.727437
522.571990
543.121801
540.882135
534.576004
527.914338
523.575884
537.345975
544.179832
554.404467
537.954508
534.114537
519.740077
519.540872
526.355074
541.844569
545.692740
549.387985
553.007387
549.475341
541.513851
534.489754
529.958387
538.122271
528.041317
539.755000
556.486822
549.393912
550.022307
556.507382
544.884685
533.715231
536.750795
533.458340
537.777943
540.593330
528.461565
538.569132
544.889644
534.953709
543.572445
538.167478
546.053610
538.759842
537.849088
526.733248
523.736973
518.200715
542.483869
540.545446
547.699355
544.376233
545.996480
550.187957
557.548813
550.730514
555.718453
545.769553
541.640065
535.838414
541.316081
536.741871
543.090033
529.752084
541.304947
541.800040
545.601569
540.993937
544.192337
553.107760
556.492136
545.099269
538.053698
541.656007
534.921058
550.088771
537.398739
545.685253
549.529239
550.560917
565.079546
545.739507
556.183603
556.080932
544.807721
536.673789
537.259561
555.997777
546.375785
543.215566
544.466413
547.475363
549.644496
553.023261
541.483866
541.852371
538.940785
535.891713
542.344661
531.682437
543.347077
530.605503
534.619600
543.062165
552.732650
550.867800
543.669532
534.309198
551.769476
523.387372
535.443869
539.746225
534.830109
550.390165
559.415655
557.664525
559.552894
556.247491
552.629030
549.150221
549.425163
543.821088
552.384898
539.671481
544.503953
545.898188
544.119422
549.979163
548.989822
541.192939
522.834182
523.510479
514.071406
521.689940
531.525837
510.372262
511.665812
535.566212
538.711520
550.950485
550.924589
554.074178
569.820540
567.715701
569.249122
567.015966
557.028259
559.216407
555.409005
568.417559
553.882301
548.202658
549.594723
536.020347
541.869658
534.714149
536.597394
535.770696
531.294699
534.211074
543.611778
544.846438
562.617280
557.002728
558.532781
535.904748
526.287443
551.840136
555.843858
537.961299
555.438738
545.406961
562.436872
547.690436
556.444337
566.577525
551.285911
544.005113
535.410501
534.481811
555.264062
542.095917
545.564751
547.303736
533.889982
553.539967
546.911859
538.776968
536.704826
548.050376
535.239641
551.535951
551.225764
557.019868
557.415092
541.572581
547.619906
545.575999
550.624082
543.101339
549.053879
550.705855
555.964449
569.881250
562.994934
564.020572
565.785497
558.057101
540.737844
533.718905
537.545850
550.741766
540.352708
542.007695
534.620959
536.771526
545.702208
537.085216
536.577449
543.766497
570.657652
555.144027
542.708782
543.841519
531.320476
531.419744
540.729114
534.048493
537.012931
511.779997
536.461851
562.917339
578.560847
578.352943
561.001703
542.072159
537.107716
540.078043
540.916521
532.045003
542.680041
536.307589
532.814367
544.607264
546.190704
548.472744
548.503629
553.324878
551.748391
553.208653
545.473160
554.898180
555.864993
554.706394
553.443034
557.338045
568.379165
560.612956
557.951969
542.505165
536.718042
550.797026
541.808526
553.022515
559.151461
544.769994
526.082795
521.677680
542.562650
546.581615
556.388190
544.937967
537.344904
534.242633
526.587928
538.589049
543.917457
538.313855
543.445384
539.542348
532.494554
537.252246
535.016010
532.427114
538.046391
545.543049
557.716376
557.845481
545.844836
543.142719
542.689959
547.515265
544.861914
534.663949
513.381674
521.494142
515.700315
526.644815
542.235733
518.827557
516.652498
530.976317
540.489245
558.307820
559.956455
558.823272
574.483319
565.154632
560.834359
558.945623
557.504861
560.606923
548.469074
562.137020
548.588644
540.308587
532.954080
525.923883
547.373965
547.160020
547.464616
549.010200
550.425772
553.261188
554.122266
548.938878
556.115081
541.396375
548.594785
535.654411
524.912726
547.936492
551.738397
531.524753
548.749683
541.802513
554.041841
546.788358
556.145899
567.955645
550.768172
545.394461
536.126038
538.890164
564.072645
547.120303
543.987492
546.135112
535.589113
551.128161
550.758223
546.903324
548.097882
546.881310
545.389278
554.623143
547.380976
548.489592
550.903062
542.639332
542.958556
542.586674
548.867551
542.574783
543.073814
549.314336
562.707072
566.381761
560.788782
570.000440
569.396417
557.074693
540.737844
533.718905
538.577722
552.097993
540.013262
536.535602
532.663164
533.882850
543.649928
532.935188
537.523080
542.355368
572.875785
557.758964
549.913451
546.535501
536.611811
533.673570
545.683798
537.636447
528.758768
499.841773
526.304377
554.995045
580.463789
580.390852
557.970339
547.254075
541.997852
545.401292
544.975164
532.824089
541.042636
531.736344
529.906273
546.212612
550.803366
555.823397
548.564279
567.351296
559.229794
552.229547
545.385276
553.054296
554.998424
555.857342
550.333625
557.688974
568.520614
563.916425
559.960062
540.044669
542.578405
549.158323
536.826061
548.089977
551.816103
544.106645
526.397060
520.866966
539.273128
543.799574
553.590072
540.068016
532.974087
534.763977
526.661799
536.549110
543.431317
544.070301
553.334630
551.766161
537.431763
545.290820
539.843941
538.326440
540.386310
553.291705
565.939179
561.719252
549.387293
546.274830
536.176386
540.254995
524.132306
521.080660
533.985479
529.425606
534.748998
537.250113
546.535598
556.328035
552.165620
552.016849
555.889887
548.130298
553.866837
556.862912
558.754930
558.470174
553.220974
557.425444
546.961252
557.645667
552.447037
559.192915
537.638936
543.730211
527.905858
533.673068
524.255017
523.566101
512.037162
518.449613
545.852212
536.326522
555.038499
549.658014
550.491118
554.933282
552.535279
555.407262
541.756949
523.846742
529.113868
545.019749
548.655579
549.641198
557.791541
555.770739
551.253253
548.779087
544.571791
547.288711
551.940123
537.346873
541.599050
546.482395
546.228433
546.200458
563.573845
566.509295
556.761194
563.487850
566.109087
559.203226
546.797415
529.153372
521.404538
531.836532
546.248052
556.628760
552.701838
555.052591
543.805222
538.772670
542.554320
556.423841
560.299230
559.058628
539.188474
545.670031
533.903665
537.803141
521.512076
531.838391
528.215531
542.655613
543.048791
540.547898
535.429174
532.416820
543.953318
543.931729
556.964493
534.800933
540.511137
540.163509
533.331260
544.535221
550.017723
553.132507
539.202662
555.501462
557.160354
572.548821
542.367756
543.157437
547.754340
533.985805
538.742472
539.440048
535.356772
547.048915
553.058323
562.175435
550.554159
542.986055
559.226280
562.284119
539.933968
545.784054
553.278266
553.139607
535.291544
533.843146
552.483989
537.781351
540.277255
539.168308
537.383489
521.212601
525.238566
527.290006
530.381712
531.138957
531.506466
548.754218
529.885191
525.421708
523.441377
548.573441
554.043680
533.842437
534.636044
541.635498
532.085803
539.869162
538.810834
544.561904
551.259926
548.206933
536.432969
536.652551
539.592448
545.509952
546.562466
547.503592
550.007528
554.598882
564.922985
571.384196
564.256483
550.175583
543.163429
546.736966
535.857187
539.141194
526.237743
526.229211
530.261716
523.675720
531.063158
532.806377
535.514481
550.093264
549.331866
548.518422
551.974060
550.262295
555.202556
552.669658
564.647591
560.804017
554.465469
552.466131
557.922464
558.616456
557.333269
552.678129
523.090729
534.841763
526.137009
526.763115
523.281701
524.243296
516.039902
521.913388
530.301212
531.295711
545.786828
555.555033
552.090800
567.107704
552.237129
555.224078
540.776018
522.207878
529.847551
541.827808
546.327680
551.368404
561.619041
559.664595
554.451478
549.720515
551.247129
552.583667
556.983216
535.640918
541.927809
541.529761
547.781647
550.519077
567.438876
572.355345
553.466887
563.218478
558.766079
557.814462
551.958368
546.319846
544.411476
546.013800
554.334307
558.653104
547.673027
548.424125
540.430344
538.777315
541.057160
551.718697
560.600208
557.427008
548.263939
544.520774
530.042388
535.904370
522.328878
532.914872
528.836113
542.907940
543.756708
537.236630
529.666901
537.401579
551.767518
551.679009
558.704551
533.872190
536.844711
533.164966
523.411584
538.703637
545.265173
547.476146
538.279610
546.362051
554.613380
574.145599
541.322874
543.834521
543.702914
536.373231
540.065026
532.279529
536.106436
542.553053
540.794646
554.398992
546.821881
539.336171
541.023146
551.292613
531.534079
541.437329
552.695037
552.251093
538.041001
535.009092
554.355361
536.903795
537.721776
538.711257
536.691891
522.771420
529.784864
524.768812
526.518300
525.222178
526.467195
543.269950
531.267496
530.342882
526.249397
547.029723
555.693016
533.226875
532.434371
540.117416
532.220770
537.231851
540.541602
545.950007
550.776422
558.021413
542.916404
544.253430
546.454145
556.020867
552.853472
557.125290
563.985789
564.283450
565.662187
573.905608
564.315702
548.755642
546.262965
547.006140
546.717063
555.160595
547.751766
560.006025
554.734932
555.214159
542.655280
534.430095
554.664281
529.852218
542.230343
534.695275
535.058493
538.442797
532.426557
531.987801
535.944367
533.877614
562.768126
538.868735
542.158915
537.722476
531.575295
546.259315
534.802370
547.670033
544.884335
548.036559
554.954274
541.904446
533.210540
533.378336
541.206935
529.259738
534.129948
549.281339
535.609334
554.088573
547.356207
539.989626
545.836734
536.745897
531.021906
536.266004
555.365745
563.645686
557.373005
558.122800
560.955098
564.603914
556.648369
538.568632
540.950328
539.170879
549.103908
531.179137
547.593963
570.881369
568.557386
575.186970
554.788066
543.390731
532.102101
538.758259
535.271167
551.853982
539.107186
542.761735
548.944328
540.171580
538.871770
553.452795
561.119108
530.649998
548.591587
551.119305
545.148650
540.511290
525.973361
531.947913
541.290512
555.477564
545.159832
546.366822
554.310616
541.252142
555.323417
549.200796
534.608735
553.978797
555.053787
549.578213
528.389574
536.379758
536.170379
533.938149
542.770516
542.938596
539.753380
559.178257
548.709774
550.601564
529.989129
543.224397
535.730103
544.158916
540.680643
542.244174
541.659307
527.751489
533.889926
534.327302
523.876265
530.084812
538.163751
554.540342
541.685459
534.063596
529.254391
547.772437
531.441003
541.077313
546.542085
526.680331
524.706689
535.847823
534.163344
540.366125
532.140975
533.121654
535.619642
533.815898
537.644797
528.358105
535.281441
515.403836
528.500519
527.248301
525.227236
543.084813
543.649438
551.819668
539.092600
544.353820
541.973131
546.059469
534.690689
543.648938
539.479206
545.502757
540.317999
535.937211
538.126394
537.432349
531.266851
533.602701
535.121114
534.323179
534.500945
528.069183
556.523765
556.438291
568.053225
559.489377
545.629708
555.610423
551.658088
561.688870
558.036057
560.300300
549.488138
540.122731
555.145238
539.775767
540.771443
534.848070
526.608748
545.076613
528.662312
531.676040
545.659217
532.795950
559.480027
533.644603
538.396026
546.675230
546.453883
552.316176
544.248770
552.607106
544.624334
555.863380
560.221814
550.349852
547.600752
540.814160
546.729151
535.250699
534.104430
548.951990
535.131071
554.373492
537.160637
536.276035
539.873995
536.362029
530.800891
537.637851
554.401261
559.075061
560.242294
559.501725
563.916793
566.447981
560.244903
549.003252
537.866458
535.324138
539.089546
525.446691
539.542515
557.401424
558.492100
557.751795
549.116883
545.284860
536.997355
543.495888
537.271648
552.470589
540.058032
543.062833
546.265018
537.306419
532.329029
553.502187
552.429107
524.714638
536.954748
542.233149
538.756154
537.720913
536.992572
535.453445
542.985793
546.722660
545.073171
545.852231
555.593742
534.966350
550.527626
543.365442
527.224957
545.018901
543.600319
549.112295
526.459972
538.750355
547.892788
546.849636
550.597816
543.211867
541.879466
557.298843
553.317903
555.644339
532.684175
542.963920
538.878822
545.163837
537.144124
535.426229
532.455125
522.299870
530.463443
525.039300
519.700059
532.840604
539.763510
558.252223
544.511721
536.403614
530.252112
547.939945
532.066911
535.706122
545.544041
526.680331
524.706689
534.917622
531.463587
536.979569
532.762439
529.147574
534.259071
535.160558
536.471119
527.469815
532.689993
514.650570
529.302133
530.799092
527.971370
546.991542
549.417246
555.874506
542.545579
549.829403
551.375605
551.105336
527.926005
540.367352
539.934644
540.579219
538.819322
540.003567
542.834025
540.431356
537.554483
542.775893
537.691406
540.437259
531.565907
523.295517
545.413934
549.110604
564.371102
554.239119
546.849043
549.949292
555.273820
544.523773
536.608025
537.409343
534.351846
531.231849
527.888566
530.407263
536.433121
546.135180
548.738077
525.986299
530.230588
537.148332
547.473930
540.202611
549.236322
552.100494
539.433229
560.033168
544.001247
565.648209
550.704334
562.536025
557.212205
555.471316
560.681912
563.230420
554.506168
559.436880
551.280473
560.215224
559.520320
561.277174
558.758824
550.420047
534.651158
536.156177
545.327676
539.834083
542.299254
529.594629
549.463923
543.305656
543.408049
549.963137
541.875974
541.328030
523.649060
545.704872
545.495808
542.875706
544.402274
539.434694
545.426759
548.212137
536.598449
546.886395
548.738533
553.718261
547.935484
553.045824
543.934578
548.150462
563.487789
557.502285
549.531069
562.676882
558.316202
543.093575
546.899658
537.224006
546.003661
552.785910
568.386659
543.576186
532.362063
551.299952
550.931707
542.495512
538.938148
539.904066
563.267094
563.803943
551.678364
555.584933
553.166568
545.113130
549.060767
548.395198
541.041288
547.996555
550.420891
535.871963
532.708549
535.746966
539.983149
533.480372
544.967604
545.642714
545.284911
562.093363
548.698458
559.148442
539.634851
532.340326
516.177040
526.351514
540.448329
541.735093
532.802346
525.303018
530.118856
537.665760
554.764162
556.713634
548.243915
542.723746
543.615074
544.815092
535.554738
545.395347
540.030102
553.729331
534.221175
540.159965
543.812805
550.667206
549.249521
539.831790
547.726231
540.955197
539.993272
531.384384
547.455710
535.997096
541.826294
556.734171
555.776100
549.932540
531.408087
556.903514
564.103856
543.763983
549.780569
556.963843
546.132844
562.746192
555.728366
556.340449
550.865441
543.290145
548.449388
559.095927
565.151602
554.339745
558.557104
548.807420
540.929127
555.476932
556.815953
553.507980
548.671297
548.836433
548.913877
547.020010
532.440144
533.417761
534.221913
537.745641
528.139246
531.904718
538.482525
552.336573
561.546423
536.462829
544.302226
551.665732
553.102654
550.266528
563.270402
564.993123
544.600367
565.604164
548.005035
555.865040
546.819303
546.826102
546.831926
550.908991
559.376536
567.541108
555.157369
558.495960
554.149609
559.207064
555.331170
558.624711
563.784947
556.058824
536.469708
534.388400
540.497769
537.862337
539.968744
529.516136
547.090114
547.752290
549.305998
555.803666
553.990656
546.619393
526.370564
544.374731
536.033265
528.960774
531.337237
537.944984
543.002089
540.444205
529.532725
544.296845
537.102885
542.150291
543.481670
550.136632
543.938768
540.104121
557.364489
545.064939
545.109673
550.904465
541.086140
528.704205
536.692669
538.837770
542.295019
554.250856
560.633601
542.261923
529.428349
553.707990
555.829169
546.429978
536.691146
539.298731
560.184878
556.680342
547.960962
551.585618
552.765837
542.427516
550.358698
548.870283
543.324178
547.427888
544.167271
527.064274
526.439150
531.470999
540.437349
544.407177
547.506750
551.269927
556.123891
570.021470
560.851102
564.251466
543.943033
538.327921
518.974212
528.903917
534.512283
537.820287
529.089810
527.108405
533.738706
533.754838
546.991464
555.328953
552.557929
551.034355
544.601681
545.506344
539.604984
546.206529
540.524256
553.384439
534.371541
540.159909
542.956346
548.543869
548.463786
539.432406
545.591596
542.724007
541.888403
531.861164
551.989409
544.731537
546.577639
555.225434
555.789916
547.489430
531.019076
553.841257
563.925048
538.319585
545.732909
555.225316
544.706157
558.221348
550.918109
561.762956
553.321272
544.013024
547.254227
558.799806
565.123241
550.390414
556.592289
548.556175
544.740475
557.233422
561.841108
556.786365
536.837547
541.110142
527.427569
529.666985
538.039660
536.066006
551.936304
545.154968
541.845417
552.565385
547.017918
541.346835
542.368612
540.232587
533.157074
529.439679
539.573428
549.170064
550.768413
541.021311
559.365784
535.974617
539.642140
560.340151
562.068754
554.685720
550.370583
533.400137
525.046151
528.737683
520.906308
534.394487
548.961277
545.958924
558.982771
546.425489
558.013843
550.155229
563.179485
542.920243
543.178130
524.793198
521.439396
521.158979
532.614044
519.984589
525.505022
528.807751
533.920609
540.390434
544.243776
532.102293
535.183741
549.585858
547.961500
539.163385
554.318709
547.706955
529.900512
519.886324
527.882217
520.777658
531.062921
532.473796
545.522933
554.266037
541.121604
546.159997
541.490907
555.849226
538.155376
536.642397
533.926359
543.117113
538.966590
543.732197
543.427888
521.504267
544.655954
552.757194
540.898423
529.177407
539.700614
544.724605
539.652586
542.848215
550.376572
530.604051
545.921283
546.721908
558.344754
542.925735
534.058038
540.589800
544.814856
546.721889
558.243682
550.836016
548.202262
563.964327
554.703984
566.470275
554.432762
541.898968
545.459379
547.885725
542.402871
536.405380
529.758553
520.809304
534.258268
538.331380
546.958127
536.103843
534.775858
547.328903
554.745670
550.833891
564.287568
560.158190
558.965852
549.926801
538.292208
551.465983
547.051432
543.376172
552.109152
549.350347
542.163435
541.409321
524.356871
529.645644
532.455404
540.757444
543.502936
549.394975
550.857444
550.368260
536.287952
542.663192
544.161705
546.271828
540.938037
541.438239
527.227686
551.390073
538.969779
552.288202
538.470764
538.346531
558.928609
554.813082
544.071916
554.102427
541.801122
543.835300
542.734480
550.118482
536.137151
553.285161
547.106489
550.270550
532.603807
538.260722
535.816974
540.382939
532.368424
531.138182
533.811410
534.247630
543.135726
538.134895
538.791943
550.649304
548.798225
542.150786
545.752838
538.867296
545.662641
543.746976
541.166961
548.840640
546.144529
530.491726
545.406067
536.019136
537.466454
566.224313
568.776005
561.742397
557.151703
539.342693
539.787152
535.217013
522.956214
531.401725
537.948898
542.045268
557.902686
549.795632
569.096214
560.092224
572.564251
542.914580
536.083706
527.785208
523.470358
520.568437
526.767805
517.746320
518.360664
529.771472
531.965055
534.825197
535.224103
527.045584
532.919801
545.896756
545.516890
537.408256
549.829947
538.308514
527.485508
511.352516
521.842407
519.147846
529.637096
531.456901
542.781397
545.103286
533.939401
537.971702
552.123101
560.870113
546.045353
543.075654
545.144867
543.392381
541.034504
552.098486
551.830411
530.096158
541.693396
551.395169
545.184640
524.028865
541.295406
543.809730
544.143634
544.862747
552.308355
531.439279
543.761998
541.988771
551.064039
537.486658
527.986644
536.674608
539.041328
542.068560
561.576516
556.842661
554.420221
557.203511
541.177253
551.013625
544.138152
546.069473
547.157776
549.346451
546.018418
533.919646
525.569497
519.331721
534.505389
540.742165
555.276571
543.271681
545.933591
544.215751
555.504222
556.591486
563.926185
571.267375
567.507544
560.229208
543.729250
551.465983
545.632394
539.728966
548.004378
545.107989
537.744188
539.144312
524.016880
534.715326
535.555435
540.058135
544.529820
547.594156
547.180730
550.757487
541.043196
547.424236
546.741407
550.538769
539.101319
542.177714
529.613047
548.334035
539.405558
552.596621
538.861207
536.815021
553.747476
550.646876
541.282832
553.022753
540.722777
537.807578
538.659681
548.867677
535.146297
551.404537
544.006303
548.302314
533.857385
541.894903
558.825691
551.116196
554.656060
539.303771
535.767439
538.607288
525.166496
532.978845
530.572172
535.470596
544.887510
544.024091
546.800346
520.454913
538.177832
538.167105
518.937814
531.272644
528.005193
537.031826
515.793139
542.799649
532.683568
523.549043
546.057240
537.332727
533.840231
546.116797
558.995995
546.305556
551.249454
549.056532
560.851786
559.103857
560.054917
543.364139
562.301600
559.201838
533.682870
532.196790
523.768128
523.790674
544.002883
521.618801
524.108750
528.342948
519.485855
533.226712
548.404275
547.754769
547.231900
542.090827
553.553638
540.225543
543.291121
526.272784
523.085512
535.565877
528.047744
515.626429
530.334646
532.982176
552.018166
540.484613
538.677392
543.633398
541.702934
543.591052
546.078644
560.474104
546.136644
546.291089
540.498348
542.460445
545.804187
537.915683
531.617484
536.118400
525.878212
540.709176
537.684468
533.239194
538.202289
548.300691
534.111434
549.346781
550.836955
570.937139
547.067676
545.697329
551.830807
551.312829
542.193383
539.382852
542.734806
550.895714
545.452321
534.761218
534.721067
541.652120
542.487809
529.540763
524.446951
547.872488
554.268800
556.840475
550.432229
549.063292
548.166802
524.907045
557.989929
542.216210
541.093167
537.908512
543.243525
528.651496
529.214370
517.535267
527.625012
539.473505
541.971785
536.225068
530.049052
557.048554
555.081899
551.890386
552.632141
547.488250
553.308002
557.002386
560.944392
546.499850
544.376819
546.034462
537.616964
542.250924
547.294953
537.297539
540.123085
532.693354
533.986637
526.001943
517.376565
527.865868
557.821980
564.212304
544.349375
533.888126
545.117511
546.642000
540.989428
543.416400
550.362382
543.223771
554.020133
564.157550
540.710689
529.816808
534.439888
536.200676
537.681442
545.912973
563.484651
561.523035
556.367309
550.518743
557.815936
542.521493
535.891245
547.293698
525.197891
528.029121
542.124616
544.141458
545.653800
546.914141
549.054770
530.445624
536.482513
537.356110
521.248591
528.970884
524.167648
538.926952
529.454342
544.117356
533.607241
525.369914
538.800366
529.247955
526.911121
536.881627
559.946783
547.689519
561.541440
563.560111
573.637981
565.984282
561.632946
539.303200
540.075634
543.863026
526.287077
528.578677
529.054097
523.656151
542.672379
520.474422
524.211741
525.935862
517.783459
533.156487
548.142742
548.226320
539.460397
529.117741
548.541812
537.109680
547.140657
528.007779
534.228769
540.178409
518.645001
513.000657
521.945480
536.259751
567.952299
545.477057
538.496536
546.812661
543.731031
539.476714
550.086496
568.469624
556.794137
556.443216
540.801052
536.646044
548.085244
544.665442
543.050315
543.030598
540.037847
543.798753
544.671866
533.833310
539.024786
550.375546
535.366965
552.169004
550.736415
570.281717
545.628636
542.151466
543.899099
543.185277
538.854541
533.561847
535.581508
543.792718
540.378883
534.128392
536.245215
544.542132
541.749943
537.027507
532.185375
548.816982
549.134892
555.662784
546.451310
544.416801
537.382796
518.032968
546.931357
529.992877
527.899701
530.748287
544.461259
536.754016
532.877063
524.118053
530.567167
539.865305
542.179435
532.643604
525.813808
557.048554
556.003055
550.699909
552.744444
547.488250
553.243385
558.744988
563.975219
549.000885
548.228252
544.661112
536.088742
541.396514
549.330038
539.526809
539.098779
536.957820
537.988024
533.542943
521.578568
529.504621
555.869144
560.380305
537.291662
530.251379
542.320555
543.863610
538.442066
534.905844
544.511452
540.917668
558.520573
566.109614
541.896805
530.766845
539.618942
539.467007
537.684025
548.376741
564.192719
564.702249
551.749276
548.861791
532.126646
530.660489
532.316016
520.091940
521.684614
525.716550
545.163954
568.116768
550.333128
525.835416
548.708491
552.250773
538.104419
535.803457
547.405992
551.539755
556.463139
535.166631
529.838844
532.486701
532.887095
537.094728
539.819100
529.344790
531.736920
531.955106
539.508517
543.569295
545.765717
539.244405
536.138332
541.342458
535.238804
541.602607
539.606687
528.849306
546.372302
532.523543
537.006582
550.477174
563.163887
536.396420
532.692043
540.544900
527.381825
526.999481
533.399548
528.691507
533.036668
543.942759
542.866784
549.529425
541.994204
527.138566
536.734788
549.867288
547.689323
553.087248
549.746707
544.158024
536.457188
542.827136
552.697771
550.648875
548.173466
549.740949
556.871787
528.157881
540.797727
538.857114
538.230443
536.417925
540.079534
550.485015
557.962463
556.223200
559.596089
550.486407
548.894763
550.041678
526.216733
521.606571
516.325478
536.963482
528.614553
527.328994
538.127533
534.668469
534.192715
542.115848
544.632801
540.660067
560.459283
550.518305
553.450892
547.460420
544.305530
534.094727
540.236909
553.989808
560.085871
545.075911
545.391509
536.959110
536.019156
559.422323
556.612370
554.787209
560.829591
527.531319
527.616771
539.447717
532.116639
536.429466
522.933524
536.361280
534.528025
556.420649
527.859034
543.841522
530.512507
541.601277
538.004102
535.967378
535.720635
533.536974
545.144068
545.617256
552.030614
552.448259
543.502016
536.330051
527.446261
536.914057
537.285842
539.509234
543.555496
535.592784
534.368570
536.742247
543.169708
549.680266
569.421992
550.283418
547.175585
556.662521
552.521673
550.409159
554.654387
552.740074
546.074524
552.983408
549.077765
552.447723
542.068933
529.048514
538.469584
519.681685
523.289439
537.160191
543.127318
552.198739
548.686365
544.987589
530.367904
529.434171
531.457802
522.205346
518.373666
527.918315
540.134085
561.475668
548.079625
522.891105
552.576654
555.745501
544.807243
547.428998
547.143717
553.739788
548.722926
543.004576
532.842568
536.407671
530.638024
540.739980
538.821950
542.441519
557.659260
541.236799
543.860461
543.051430
550.539109
541.021344
535.003620
537.162031
534.946691
536.770842
536.287761
526.049952
544.105283
535.882619
534.314354
550.477174
562.688166
541.873543
537.703024
544.878786
525.500638
520.003158
533.840920
538.665767
533.048279
543.848689
534.792047
537.895034
537.957304
524.163664
529.034985
540.525787
555.176351
556.430861
547.785729
539.912585
538.159890
546.686687
550.473623
548.936746
547.639816
544.112773
549.366626
525.009845
533.554664
536.382965
542.110911
537.290526
537.862562
546.299546
553.504028
546.413144
548.273574
547.993617
550.118340
544.956237
524.891906
520.359155
517.040185
536.845112
533.913320
525.602428
533.868162
533.204846
534.093349
538.254978
536.327329
538.901134
563.269304
548.933669
551.575600
544.832393
546.288126
533.569913
545.285891
556.304991
564.863418
542.005484
548.273510
537.795312
531.481865
557.069841
548.377290
549.119483
558.140346
532.682282
530.719027
540.906501
535.713871
533.572414
523.298993
537.801812
531.493972
554.759102
526.023626
538.372919
526.864396
541.601277
537.343783
532.909651
534.502853
532.619860
546.753883
546.739031
554.461885
554.539955
541.343889
540.356444
529.551811
538.059918
533.430401
534.413216
540.820864
533.350371
535.569222
537.545952
547.837408
551.189940
565.565271
549.767083
543.445253
559.571644
554.767493
550.390256
552.856682
552.706220
545.425695
553.946355
548.862651
555.249391
551.584236
536.538515
536.458190
526.395054
530.494827
544.596366
551.157752
552.839658
537.836126
539.789598
550.593117
537.900374
542.604483
542.131671
553.317641
544.032822
535.308586
537.729450
557.159194
548.292951
545.242882
556.947963
531.135244
530.130893
539.398833
529.021123
534.120324
543.803329
545.282906
538.900365
527.390291
530.596243
540.678119
544.516879
538.774113
535.003963
527.559273
533.702717
544.091742
546.493659
545.616719
532.960841
533.687543
539.823647
545.566819
547.063488
543.192603
535.769920
532.928715
540.827775
537.332084
534.016144
545.362174
537.651893
538.323958
530.741711
545.610553
526.382796
525.903017
530.457905
529.938287
526.327888
533.013587
535.462788
536.637625
544.236869
541.747932
539.743541
546.189807
551.887159
541.440059
548.334366
556.321274
536.308156
535.706400
546.139470
550.435745
544.815420
544.632658
534.061684
529.068660
536.239199
532.832026
551.276028
545.358696
564.629308
550.574564
541.947176
542.740978
541.018324
527.995232
529.838008
522.749427
530.163245
533.139471
537.720048
531.705194
535.746974
549.337787
549.473783
559.797867
552.966077
555.267924
546.072507
547.002546
546.449074
540.625252
521.109563
526.153965
539.775538
536.561301
523.308127
527.555737
525.230667
533.213802
545.011908
551.683959
542.099598
534.485100
532.564726
546.993840
540.171274
545.798386
549.560958
533.361205
552.327139
551.806745
539.531218
540.759907
538.764918
529.575874
540.872764
541.675783
530.482545
525.274623
537.611696
544.595764
531.259264
526.820808
537.914158
535.745309
532.979204
536.509504
526.340929
520.510811
532.041389
542.380615
549.236707
531.564158
533.540381
542.065121
563.185017
529.586463
521.705593
526.076882
526.534773
521.679965
524.870053
524.519888
533.824714
538.500748
531.683533
541.955481
553.293287
563.492972
557.414753
560.470450
556.429675
553.871920
549.228484
550.586812
543.682620
541.413163
546.174233
557.063081
535.743641
542.555805
536.712790
554.030903
542.304651
532.333947
532.115040
548.255420
546.054443
546.133784
550.532167
525.682041
526.924658
543.170139
532.213295
530.606614
540.492860
533.665693
521.798997
535.912446
534.342915
536.502471
539.207615
534.984838
529.675550
534.085325
536.894816
552.465661
554.252086
556.987602
548.750014
543.102578
539.589043
553.919152
554.522322
545.079342
540.195450
536.854663
540.185964
536.019321
535.440439
544.919451
537.966824
541.464044
531.847094
542.638137
527.337438
531.190301
530.787996
529.551901
528.984891
534.503108
539.102657
538.919592
537.857915
539.514790
535.750687
541.358603
547.189239
539.483334
544.786075
555.310818
546.709951
539.043941
549.816374
559.920445
546.001659
542.308599
533.097298
535.489472
542.589510
540.699623
559.325847
545.467956
564.286254
548.578082
538.105050
540.049905
541.728169
527.810539
530.639158
516.373762
526.746414
530.267175
533.564097
531.156870
531.704331
545.965492
542.981774
564.719611
552.364803
549.726969
546.329086
546.873581
554.539728
545.329494
525.576912
523.156149
538.878286
540.627463
533.717810
531.995207
529.220198
526.141289
537.264925
548.003799
540.012333
529.690021
532.920635
546.716694
536.785863
538.734076
554.453456
539.501458
559.825384
561.748753
539.571383
548.554129
545.220674
526.833697
541.747807
542.789649
533.234452
529.670966
540.658576
547.428402
529.333027
528.228201
538.592611
536.630767
533.811970
535.905288
526.076283
524.214291
527.183402
535.442585
546.151640
536.975812
539.179433
539.630647
556.993155
533.902813
530.861571
529.304255
527.991979
523.644744
530.099311
525.351201
530.921489
534.003851
528.109895
539.731741
548.807775
557.077426
550.272791
559.017770
557.397195
551.600016
544.339017
542.316193
532.542616
546.532934
534.914160
554.578047
539.744998
527.726857
529.746883
535.320540
534.848896
537.536329
545.109359
543.295360
543.709921
551.269377
546.205570
536.545046
543.286077
538.587645
558.878576
553.378305
541.850688
543.032577
537.325300
528.501753
527.306543
544.272054
554.621712
538.010120
539.880871
526.193696
539.375312
544.850327
551.979725
548.711817
542.811513
541.290072
559.961765
551.938459
544.793823
538.750451
549.787587
540.354530
538.304717
544.996276
552.348592
550.178676
562.329197
549.355863
556.934040
550.012949
539.474619
550.820756
551.181114
539.009198
531.018265
524.549187
534.666088
540.077604
524.194428
536.520100
532.449443
535.606854
548.651263
544.005605
536.377921
540.508186
534.781184
539.710613
542.329974
528.182298
553.807042
565.037389
547.511120
551.016078
554.461632
538.665196
526.446593
534.835331
550.485312
532.079568
546.315373
550.940797
566.094467
543.183876
541.038472
541.179098
533.858620
529.838006
534.340695
536.634631
526.919451
548.014958
534.142889
536.021999
544.884391
547.095213
552.980835
535.650123
546.806028
547.178410
542.051944
564.016259
543.336312
525.231204
551.748797
532.136417
539.265722
539.377404
548.462385
536.835930
521.099385
535.366825
534.052414
533.217557
513.509844
517.241304
541.108852
556.310448
552.535051
558.802740
553.643892
572.645512
558.067935
532.610926
553.821253
554.957946
553.708904
547.787865
550.947420
539.923292
537.810362
527.638964
525.721816
545.293521
544.953627
547.119263
537.537359
527.413812
526.795783
517.755860
519.067592
526.202496
529.886854
531.514850
550.906960
529.562192
526.671005
545.622725
521.586467
538.549868
547.410826
548.748705
566.525987
562.646405
553.810482
550.557222
539.461819
543.407340
534.946414
525.299063
522.623943
532.443949
531.651133
541.232690
536.330657
544.258494
537.026478
549.506553
537.756160
525.943238
527.181309
527.619859
531.642557
539.442848
542.499208
537.122254
537.157195
550.624764
543.451490
530.239106
539.017676
537.363473
549.183542
552.607634
536.903157
534.396016
539.306617
534.588294
525.195547
536.012773
545.833061
536.029908
531.830504
520.569936
535.435716
547.194136
536.967329
542.783007
540.288507
537.423812
553.611351
551.675146
540.503795
540.031752
552.642641
541.843065
538.304717
544.996276
551.925599
547.984423
561.825329
546.980566
556.989546
554.826049
542.562082
556.833320
556.528223
552.323790
538.324786
521.086245
526.080682
540.717080
527.397341
533.585723
530.423472
530.762670
547.975363
536.914196
532.624342
543.626661
545.581439
539.656016
543.961518
532.369490
550.668381
564.381777
539.977121
545.076887
549.428610
526.924825
512.471670
522.581650
551.847629
548.978131
552.272039
556.267458
570.645664
540.698157
536.299084
546.737513
538.457764
529.739473
533.668948
534.426143
530.850371
553.412407
538.432109
541.325997
545.398628
550.976027
553.014702
542.022156
550.747309
546.161700
541.502294
558.881731
539.586588
532.877902
547.233664
523.048089
538.128734
537.956912
544.455415
537.518904
521.917538
536.569852
532.899537
523.281828
508.773815
521.368144
540.612357
548.139793
547.918882
557.877140
554.363307
565.211545
550.393074
533.669822
554.913253
557.307125
555.622512
550.546174
551.928221
543.434855
543.222752
528.843955
526.042909
543.475841
544.671884
547.698020
542.907360
532.030734
534.091863
526.292057
522.261360
532.804425
532.301540
531.440061
549.081343
537.374069
537.263014
547.437709
528.627601
548.534812
556.562617
545.420468
551.901570
550.006960
547.141339
541.397100
534.622362
538.064541
527.593625
517.868843
524.575532
531.362284
530.331345
541.932769
535.899106
555.325578
545.992833
546.746172
554.841802
552.637661
543.927292
563.998397
565.214498
557.922967
550.186371
551.160350
548.608282
539.028367
545.911107
542.089930
555.019606
548.225355
554.390564
567.195688
570.841629
545.513251
543.852451
542.747760
538.117285
559.903818
557.703036
561.185690
546.229911
542.606244
544.834306
547.277156
544.753042
547.653523
547.364034
540.762498
543.338035
530.799924
546.669224
547.255857
540.392128
544.308325
537.811631
538.232439
516.235755
521.266071
519.280697
523.229757
522.822240
527.753511
537.285193
527.281434
527.028835
526.529506
534.936409
540.806119
534.358263
541.759204
538.466855
544.428367
537.082268
533.527985
532.921614
548.454043
537.115148
530.276119
535.274610
541.544808
540.983411
541.831744
544.570011
542.382989
526.386695
544.594975
537.534807
528.131421
536.505355
530.906712
537.583865
546.372190
548.506921
544.044779
545.720535
531.579746
538.928438
557.745614
562.726075
558.199307
557.139422
536.424370
534.996977
536.181200
539.538944
528.177420
531.608616
536.138021
555.992424
527.924444
538.178397
536.299868
538.889808
553.969158
554.649594
561.182462
546.736415
535.289242
557.083784
551.477495
547.911930
547.515430
541.024773
519.575654
518.564046
529.274895
545.201336
547.417106
540.212973
540.482502
522.695095
532.700567
536.727637
530.505487
541.763026
530.693259
517.050698
529.450425
532.351282
536.818959
534.869366
558.378745
547.443339
563.356319
551.048998
544.330051
541.147292
544.728041
537.757897
563.622559
572.618805
553.704748
533.867381
543.797966
529.398846
535.290737
551.313911
518.090188
530.468238
533.213968
535.843425
542.118443
549.827787
561.036725
535.339423
543.686408
553.387163
554.080360
546.564326
542.539560
557.710439
554.514265
547.848229
552.767416
534.353291
535.731588
535.798635
560.858093
550.774378
549.069975
556.345146
548.387569
543.896882
557.851276
561.427034
557.050259
548.796944
551.627811
554.186829
542.015640
544.561357
547.123215
560.698467
548.260578
551.516983
573.557856
568.386729
552.626743
557.495414
549.110967
552.010727
565.029611
557.734327
566.544850
543.319331
532.956145
533.674206
532.582778
535.129809
539.678065
554.906448
544.748102
545.664504
534.962329
542.305908
553.065179
549.842009
547.820758
537.847526
540.555471
520.943679
525.613661
519.377176
523.017476
522.901438
532.692313
541.300643
536.563790
535.118331
526.953141
538.200618
547.664699
537.183672
542.124925
532.312394
543.404380
537.645519
538.447982
530.297596
540.462031
533.168566
534.418051
536.655430
544.590746
544.715181
548.609100
539.604087
539.146466
531.319602
536.393454
529.019103
523.007007
536.586043
532.665412
544.556010
556.283184
546.641814
549.695428
549.137548
530.186335
537.371953
556.405512
560.616053
562.133935
557.702142
535.509993
536.567804
538.884640
537.985679
528.445925
531.212904
539.192048
553.030143
534.626975
541.614520
533.912216
540.760934
555.138571
555.739230
565.522835
542.809286
532.334362
552.752773
551.497220
555.807428
557.500223
542.760444
524.683606
529.129125
537.776760
547.010994
547.532083
537.594209
541.142081
525.553152
526.416309
536.288854
527.382928
548.148034
527.446669
517.050698
529.450425
531.613482
534.229712
534.270671
559.715574
554.769105
559.954696
544.344439
540.957581
545.860462
548.043726
541.067600
563.717565
569.237628
549.442087
530.495154
538.557517
529.871688
530.842681
549.001015
522.899162
532.529303
534.236635
527.818413
535.022626
545.315051
553.006951
529.195620
537.577763
544.096014
548.449781
547.132353
543.326625
554.686103
544.220099
543.398396
550.304069
535.774113
533.008930
532.831611
529.938914
542.328567
538.273141
547.671822
556.558711
552.266790
543.807950
539.231439
544.447071
537.117670
555.362246
556.233572
553.301150
556.676879
543.734872
546.667161
546.104375
524.609916
532.586103
531.785124
526.259389
535.617815
523.560053
528.685110
540.511810
533.939975
527.269097
549.809482
542.454757
548.247486
547.083481
553.256635
546.782103
549.563420
546.104348
562.910808
546.259838
552.379308
542.594082
531.268228
542.216866
547.899130
549.913886
558.924705
566.965631
557.239829
549.120645
545.696909
547.183477
535.593992
540.167015
541.055503
543.929386
537.229830
530.040095
538.910441
533.860937
554.344385
547.108537
549.314030
535.979831
546.370972
538.060659
543.426008
550.704029
526.821246
520.075320
524.183019
528.193792
520.976285
528.349875
532.477162
546.524769
558.766975
547.375655
543.738909
549.977305
561.262818
561.220507
538.101614
534.505829
532.278515
542.356339
543.402274
548.725149
556.024944
531.502694
539.812679
551.525690
560.127272
560.771908
539.524859
530.190917
531.931544
542.813964
540.011240
549.819202
544.827640
560.098826
545.999603
544.546911
538.968519
536.988750
552.350386
546.064857
539.891486
538.718449
528.329668
537.404403
525.580215
541.678464
536.100949
540.945733
542.926450
548.352123
553.013990
545.640146
539.391953
527.403626
536.700782
528.926524
544.083245
539.368747
549.664667
546.163990
527.576704
542.036414
545.466275
533.172855
529.797637
538.611335
540.259828
531.450318
531.067952
536.861888
540.151312
536.208209
540.028364
535.092153
528.711243
538.876241
548.623664
548.620306
540.083395
520.170229
540.314489
515.163095
530.274775
524.807787
534.164951
543.589220
534.867585
544.299391
553.415536
545.521983
551.280616
547.530673
538.220097
551.505542
550.381109
543.955803
530.911284
540.734712
553.494327
530.380330
542.422626
540.596024
547.433258
553.735001
552.838683
541.439153
530.073016
544.653445
530.972360
549.714824
552.157637
553.523012
554.209327
537.336954
543.497972
550.536033
538.843755
538.869906
534.380419
527.783235
535.542293
528.158964
525.163494
536.752622
534.626306
531.239317
543.527696
534.444892
544.432825
543.564705
544.306086
545.463822
546.220304
547.667003
567.706171
549.851951
550.531159
541.152977
527.031168
542.360507
545.118625
545.647782
551.127990
563.323223
554.899930
548.639642
544.359109
541.360485
534.867358
537.873103
541.503841
545.410703
549.518156
531.157324
544.795053
534.189118
554.050495
540.546606
546.383454
527.796591
540.927127
535.999722
539.316947
550.985606
530.630055
522.583730
526.238796
533.999257
518.426411
528.863151
531.561237
547.423902
554.436914
545.124146
540.679059
541.805521
563.258877
554.686497
535.036646
529.239794
527.183303
541.130227
542.459380
547.806938
553.524156
525.777390
536.411248
551.104602
558.711578
559.795821
539.250887
533.020847
535.123890
542.730261
539.474042
550.283594
545.150383
562.150205
544.611428
544.540345
541.973451
534.241234
548.866695
538.390017
534.657889
541.675097
535.084188
543.927105
524.734298
536.173752
535.229763
540.531241
542.551186
544.418985
547.775264
545.585049
534.287501
529.863911
531.873357
521.510778
540.955208
538.111555
541.083328
538.858933
527.482299
543.545183
549.070965
533.412060
532.729114
540.557148
544.001352
531.197760
531.836863
540.443981
538.875857
538.846584
543.743732
534.249926
527.900814
531.060955
542.635532
538.402520
535.883302
528.621906
543.757138
511.071811
524.576970
522.686918
531.715470
540.526812
533.827724
543.185241
544.970388
542.961082
547.744884
542.383433
537.914677
545.478206
548.766780
541.677207
530.900248
550.278188
555.446146
544.483625
544.108479
539.007095
529.536944
535.315107
527.447431
531.067253
529.170769
534.226545
535.019625
533.139736
534.055888
536.449200
540.911736
542.133931
534.123645
525.856867
538.119370
549.962242
545.661623
554.472340
558.938988
544.811854
546.844705
555.558007
553.721144
561.227953
554.204267
559.442651
561.286418
552.699131
550.425760
549.907042
537.523537
536.117974
534.185377
540.981026
549.092230
529.413604
520.066091
525.463245
543.766619
572.600305
557.647060
565.665184
553.981120
565.473044
560.274300
547.534392
560.527738
555.632216
554.597810
543.278302
553.101418
534.072303
525.678235
536.325013
525.197746
525.826954
525.149749
538.764604
537.424876
557.324616
550.587295
545.998246
540.776980
544.879663
554.759385
557.699808
552.417215
541.963336
517.822852
523.609141
536.356957
537.559234
531.091468
537.724482
536.613444
543.055752
533.604618
554.441508
556.853000
534.561678
515.250733
538.192638
539.747604
536.031667
541.923110
538.620338
530.413497
526.525672
534.452038
559.385615
550.005741
541.671077
539.346060
537.848863
539.064791
543.914856
556.850550
560.801497
563.434448
546.355593
518.032295
531.333778
563.042925
546.558990
525.004411
527.580483
541.175920
541.279223
541.496055
547.434811
537.034379
530.062967
542.984842
553.811889
557.611978
553.852606
558.966665
557.254623
554.093012
544.452229
534.115778
538.485261
522.994656
529.096791
536.788363
554.081687
557.509395
557.188968
570.307370
557.197376
546.610840
561.669528
567.686247
549.575331
549.821746
536.755724
544.321376
555.102609
533.315733
530.204018
546.013126
564.901901
574.673824
561.626905
530.906492
524.199681
524.559177
530.339060
556.549736
551.911381
561.152676
565.653525
545.324252
556.001683
552.792605
556.063914
529.097079
552.189661
545.488756
539.190244
535.491578
546.257798
544.694674
540.218998
530.723743
535.003836
531.591314
529.372482
528.820815
532.510905
539.110907
539.556612
541.413350
545.404373
538.962613
540.482777
537.237169
525.843859
532.341885
549.917480
551.787029
553.516994
563.526774
546.496980
548.721156
568.620507
569.109200
575.185989
565.784351
570.554806
566.563999
551.555482
550.774131
539.641719
530.774020
539.314433
543.344487
547.521508
544.882389
532.280955
532.469580
533.915435
546.855055
575.899703
557.571571
565.111783
554.536622
564.499677
563.384926
547.324382
558.234954
555.644592
551.457920
542.294143
550.411012
534.179939
530.508191
544.895954
535.766826
537.842664
523.777501
533.665380
535.866937
561.408345
559.814144
546.494891
549.272755
549.531470
552.097352
557.223134
545.884381
535.594949
518.059333
521.559328
536.191886
537.141104
528.608331
535.144522
538.587463
533.175248
521.509780
542.019130
550.406245
533.958820
513.118555
538.490166
539.704250
539.403133
543.766484
541.322414
525.351429
520.027336
533.177670
552.194941
542.518644
533.138620
535.004064
530.288748
534.770600
539.410472
556.383389
557.623687
563.840035
547.597106
526.050269
530.930281
557.285898
547.865434
535.506105
537.143060
547.532376
554.250292
552.658790
554.966335
540.678321
536.891043
547.656900
551.127253
556.838426
553.889578
556.186685
551.916067
557.423262
549.692757
535.952084
539.758539
525.374061
530.526460
540.214604
554.155407
555.620194
561.039818
566.046946
552.411353
549.544093
564.289555
567.532141
542.677698
538.601860
533.356857
545.762630
554.525862
532.806646
528.456195
546.204830
562.418194
567.466667
558.776096
529.495150
527.836887
524.335080
533.744389
563.283809
556.058528
559.960082
560.904262
541.246308
552.313063
554.109887
552.580004
524.686849
541.380964
535.505483
538.057720
535.120632
544.762084
531.682096
530.738287
537.392283
547.315558
571.946161
559.313758
550.553965
549.352304
543.838787
550.402708
548.804296
550.798847
527.800618
529.815637
536.197033
549.078524
531.461667
527.604473
542.314211
537.699246
541.345599
544.953594
544.336394
546.202088
545.612691
535.006589
533.095659
538.117715
539.664464
546.985500
562.717364
554.328801
541.181743
540.377010
549.545347
553.226672
553.449272
543.140498
529.833340
531.772082
540.719251
557.120101
545.118097
568.802457
547.311387
558.904770
527.260230
534.183344
547.970473
544.995476
545.362722
522.373698
523.987318
520.564708
527.330145
529.898662
538.671604
526.217772
536.518517
552.476049
549.599007
559.866546
559.565452
565.195976
553.340504
553.445940
561.020115
560.661816
554.833273
542.748361
552.698818
534.036524
542.987337
543.007176
541.665118
542.735612
535.308047
537.661469
539.908036
550.287203
536.651333
541.509537
539.949341
527.324135
517.317585
524.432126
525.751095
526.424758
536.390702
536.500171
540.213418
522.194309
525.543996
527.484770
538.430085
537.148253
537.967085
545.208510
550.946098
536.301956
560.031621
558.071063
552.373623
545.217898
546.165573
529.203935
520.120407
529.082688
536.979497
542.063794
544.367026
542.237114
533.642405
532.431479
521.556738
505.335200
526.297278
525.962418
530.918518
548.305288
538.145270
536.551462
537.934787
545.321736
540.290943
541.948179
538.039675
536.757041
536.953843
541.322828
544.304637
552.489156
544.662463
528.288662
519.770122
529.156173
537.648784
551.776738
537.102435
540.308644
536.881291
528.872505
523.406421
542.186581
538.876364
531.809918
524.367970
544.427467
557.774872
537.495123
548.509758
546.033006
545.448413
550.688029
546.111248
531.503617
529.359160
528.679011
531.822620
525.896871
531.185685
553.672279
544.186003
546.540758
531.361608
533.549885
539.256187
548.671807
567.805469
551.966820
551.602104
542.136950
531.934409
544.542647
554.466060
547.845691
538.496029
526.272482
542.139680
547.232482
531.593278
534.639447
539.488337
537.205970
548.395919
545.548870
543.964594
550.396604
543.443218
534.006159
537.050606
540.437348
539.714318
540.481780
560.575330
554.072275
540.024763
536.238445
555.220568
561.691077
558.170463
543.280967
531.782412
532.871042
544.288650
557.533945
541.185755
559.722343
540.838936
555.669171
525.559205
531.926259
549.883167
548.926642
539.177941
519.222755
523.348928
530.015973
530.982087
533.259173
541.141025
531.989420
537.113900
551.265021
555.768544
562.242938
564.431603
564.925988
551.014414
550.077038
553.742828
555.595627
555.423630
557.161668
551.072630
539.208743
544.607865
546.948599
532.418134
535.303732
531.104462
541.293425
545.128381
554.243213
538.408718
540.344207
539.345576
526.274932
516.257239
523.979250
525.235838
526.061994
537.321825
531.485007
537.385502
519.380875
524.002750
519.820361
525.979129
533.275485
541.009643
544.811618
547.519486
532.319958
556.808887
554.524612
560.607742
548.902123
547.818199
528.679471
525.845377
531.303747
537.421202
537.567591
539.898213
538.421860
537.580102
529.316856
526.079481
507.847021
520.280810
517.330967
523.203716
537.558342
535.696606
540.190490
534.297004
543.615434
542.221743
544.578777
540.579922
537.323820
537.908952
542.066861
545.086365
553.933318
545.748747
528.143041
517.864432
532.246834
537.042999
548.038193
540.958757
544.060182
535.692177
533.506252
525.410105
538.915297
540.083674
536.819807
529.555893
547.139197
559.024280
541.207641
550.192739
554.999606
553.007050
548.227422
546.411107
532.096327
526.691340
531.262061
532.001508
528.151110
536.764957
554.238395
540.607376
544.029523
524.448404
549.834642
551.728193
544.927519
529.891470
548.908651
538.551628
531.758972
532.690589
534.699394
534.852900
541.117972
555.863137
554.762887
558.945977
542.733294
528.901343
536.662730
540.435573
550.834789
543.880761
550.601412
533.554456
549.351414
555.824407
541.204513
546.162699
544.419471
543.083874
541.764276
550.228778
558.084877
553.664686
542.961638
536.476273
539.882270
548.389260
547.481185
536.654892
545.876505
541.537479
547.632789
549.561196
547.878638
549.168617
531.291180
534.152498
547.186303
569.980694
568.466106
537.856307
526.240257
538.025060
545.296775
556.494675
566.800747
544.075039
542.120106
542.510746
546.613560
559.933644
525.740239
530.782213
519.155776
523.044715
523.006898
536.046666
544.078285
528.939702
534.346341
531.629057
542.255494
547.875113
542.233895
548.573842
545.736913
544.954486
542.459324
528.756154
535.003627
548.260802
552.610742
536.315217
532.016508
558.146358
555.827145
556.108299
559.578101
548.312992
543.949542
530.888248
547.520423
548.548005
541.405113
545.937616
535.144251
544.848103
543.220828
550.724004
553.344842
559.191244
549.051903
535.822473
544.357615
535.429302
530.550712
531.078497
538.149800
525.002346
520.732473
527.535124
520.290005
522.946828
527.069753
533.139916
550.800514
550.216042
532.853239
534.004978
528.325464
528.732847
538.545110
531.587985
524.702229
541.499545
535.685372
529.032626
540.853593
530.767981
543.723381
542.965830
549.127290
536.141342
532.178079
527.759454
540.900385
525.074469
525.289426
537.092554
535.399044
535.189365
545.330214
542.848478
543.039533
555.986966
547.480565
541.478392
545.812952
544.000799
541.052320
549.035812
542.207411
534.730862
541.451316
529.552590
525.755397
529.793053
542.762242
548.187212
546.946718
525.937869
532.489849
537.299910
547.751831
527.229859
551.353918
550.328971
549.084886
536.102286
546.064223
529.855344
535.199732
534.908327
536.183410
539.773458
544.206823
551.002132
546.780246
548.973264
543.857058
532.048248
543.596085
547.513017
546.464810
543.383509
550.514645
531.815928
541.065161
546.011957
544.502606
545.473347
550.362263
559.783455
556.273512
555.990068
558.904011
550.334828
546.950623
547.441466
546.403472
548.044903
540.259612
540.752116
545.048983
544.430288
550.782792
548.856183
542.546985
543.771290
531.564942
533.415718
545.705082
569.745395
576.739305
547.963233
534.947789
541.818570
537.165216
554.010535
564.075519
527.452861
534.166471
541.985864
550.047651
556.056263
537.534418
538.520238
521.014912
520.568195
520.341291
536.489262
543.471460
536.019406
541.421884
537.848749
544.020076
549.606197
546.732529
544.376587
541.862333
541.621032
538.365131
525.174925
532.015151
545.904574
554.494967
536.295773
532.829888
560.333104
554.203920
557.444530
558.457638
548.670914
545.268670
526.757112
541.246064
538.226935
538.548777
544.885808
540.789035
543.882680
542.507929
551.266756
555.641954
552.442843
543.021928
533.462536
542.301286
533.345759
526.431790
524.351570
532.018911
520.918768
522.404011
520.768350
523.363139
525.711326
530.255155
522.529878
541.979419
540.355004
530.273575
533.677898
529.049318
526.908238
534.399825
531.039347
523.699781
540.773440
533.766313
526.347911
542.023877
534.514080
543.597634
539.111964
549.006179
532.995416
528.134756
527.640646
548.335126
531.202817
524.392429
538.396857
537.709218
535.847523
542.384361
543.002120
547.124213
558.250024
546.059880
536.864443
543.891635
539.333600
538.231967
543.197369
537.151813
531.962536
541.585289
525.139787
522.461182
528.913912
538.945270
539.828638
541.184080
523.451274
534.031271
535.444407
556.907811
541.929471
548.481049
558.184811
551.995071
515.484336
525.051467
523.356937
536.892519
542.990402
532.917604
524.424752
532.201467
540.320582
554.942260
553.313697
566.577724
552.169421
537.983223
536.821132
530.562665
545.738492
519.961030
531.280483
538.337109
527.537301
535.232471
534.812858
563.559612
563.968282
563.151067
529.911209
531.833685
524.852149
526.369515
536.252868
524.158815
534.177235
545.235584
540.095577
536.372782
532.060638
540.017786
551.764238
550.883090
555.367238
553.078905
544.460934
530.549805
540.774943
532.979488
553.257379
545.236352
545.471003
539.271815
544.935685
547.247071
553.682134
543.737491
541.597738
544.984769
554.448170
528.388217
527.184570
554.565938
548.663285
547.768394
542.023303
549.459037
559.817249
551.876402
540.994466
543.110448
521.572612
531.880251
523.108475
525.659834
536.286625
538.711080
527.932369
536.952796
528.221393
548.575372
545.821965
551.874758
562.843659
557.648911
545.962488
537.477812
542.944268
551.601212
547.791012
552.112992
541.848823
534.272588
542.585811
540.586371
549.980647
551.570335
544.755953
528.155293
530.596567
537.606273
545.230272
557.622078
557.606639
553.220746
557.009979
555.653284
553.328844
564.086008
561.225062
547.710464
538.264085
537.008868
524.302138
535.133584
546.738808
547.620427
547.574210
547.268511
545.282648
559.426999
529.341624
527.693328
546.559143
531.703232
522.586531
546.561330
544.652527
538.980727
537.040889
543.485225
533.760072
527.163613
538.000058
534.038460
547.790407
548.287755
553.401459
561.073468
554.192411
550.435888
549.881924
541.248957
553.273418
543.865053
538.008319
521.504544
526.921920
541.629653
558.424709
551.873153
549.037048
555.022101
545.581264
552.719010
580.285531
557.701432
555.633771
558.336928
553.709692
554.312262
540.707594
555.334663
541.401471
549.508470
552.866917
551.382608
520.585048
524.367622
530.195716
540.048124
539.461575
527.275670
521.841663
528.637234
531.998227
541.488555
543.462801
552.820470
546.954119
539.611384
541.507216
536.547306
546.683771
529.431689
535.051515
545.398970
528.459830
534.310423
532.328101
554.717117
561.182720
565.625007
539.184591
531.782520
517.787973
528.741001
542.662218
533.760577
533.890461
542.522932
531.176306
531.992377
533.313827
540.020052
553.976696
556.576382
555.430141
547.686817
539.535808
532.161214
539.246663
537.129360
551.175056
549.287903
549.267286
544.274904
541.475603
537.655315
546.855093
539.867004
543.823164
551.230718
550.835348
527.279041
533.399975
550.686126
551.051435
551.562204
542.908846
547.150646
560.527640
549.710771
551.217524
552.060662
530.065188
534.733719
526.600449
531.592289
534.105263
534.113491
533.126200
543.786133
531.310153
547.609326
546.574237
553.780802
564.940415
561.357523
551.937175
542.671267
545.043750
550.843992
549.899691
547.748036
538.137516
531.687108
544.459735
540.973985
545.572084
540.261241
538.084339
527.456559
535.849721
540.315483
546.566249
566.840508
558.675200
548.752323
559.744435
552.781672
550.604624
559.623994
559.016597
545.458472
532.773717
533.475302
522.668908
537.488908
543.261630
536.528360
541.181265
542.201350
544.617404
552.729252
532.014336
529.307992
547.100112
535.023671
523.231536
548.267099
549.544823
540.948545
540.565821
550.521896
537.062087
524.342488
536.344436
528.229272
542.170195
548.444355
551.749194
565.454685
560.407529
552.730218
557.470823
547.476385
558.647283
545.784674
543.922301
529.183340
532.164250
541.208549
559.071660
550.082306
548.695276
546.528255
539.058933
543.953973
574.055581
554.979236
560.830099
561.724858
557.667861
552.423570
537.910503
544.760008
523.350390
521.231068
525.021603
535.441720
520.099932
533.200610
534.346133
539.116739
532.413075
538.998812
524.387085
546.613316
533.764466
541.374794
537.946478
546.261520
541.771069
543.185644
536.863313
549.433548
557.840295
539.758038
533.375882
534.901046
529.260651
533.323080
547.333070
539.981291
551.469418
550.719977
554.019204
565.472360
570.938536
546.123348
547.094630
535.376474
532.195440
553.254309
566.672256
553.424992
551.830569
547.273501
554.491129
548.643820
535.749679
546.290899
543.598754
524.745619
530.101707
522.872710
529.502922
527.292970
538.391583
543.174222
530.370889
535.903973
544.406379
539.991346
543.381307
559.474284
567.798497
553.828400
555.216641
563.035284
571.503675
561.286127
558.080054
547.241239
558.335462
534.034455
536.057063
540.909209
553.298737
544.451657
538.647595
544.082454
545.639494
546.612579
552.923516
554.788262
549.024151
542.401868
547.429333
542.084947
547.324847
540.564570
527.864033
517.086649
527.329361
535.679283
524.170385
534.788909
529.735783
545.864996
532.294741
530.382622
542.353479
555.438177
566.102351
559.482916
546.809735
545.241672
550.584699
535.820405
538.592304
544.256201
545.902939
542.422535
538.849595
538.477754
532.459634
524.076549
544.097039
552.929782
553.666572
557.017333
550.086287
544.653387
525.165931
525.758913
552.921414
531.146934
533.999468
546.469106
522.785904
525.340148
520.280493
528.113452
532.259348
537.497998
539.341487
543.006681
534.487726
540.030123
524.720385
537.397224
543.291864
551.231529
571.000788
560.596120
556.619937
559.091473
555.610427
566.317161
545.008270
541.560987
550.890959
540.775968
545.675170
547.194049
529.212487
535.970445
545.137155
537.430375
547.200779
553.906345
544.424515
554.649744
534.696760
558.155351
542.653491
542.404008
538.016961
545.267539
526.150696
523.404228
528.613472
538.013903
526.636544
537.832765
528.031076
530.956057
527.539626
545.153284
532.061862
548.174836
525.404207
535.246294
535.621366
545.260053
537.643693
537.184172
530.880646
534.205854
550.584056
543.376186
527.747431
527.088199
523.323801
522.669955
535.716176
532.116978
543.517271
544.777076
552.842501
562.982497
578.135126
549.990789
541.624606
537.983963
531.688142
545.441200
560.983285
540.480682
550.642608
545.457742
551.572718
546.305477
538.469069
554.753306
554.176156
537.437026
538.197377
517.414548
515.886092
514.027696
546.556458
545.694516
528.948783
534.577515
534.007410
532.508904
542.929009
556.799495
561.165446
547.793668
552.338117
562.777107
565.285400
558.048928
560.201879
548.860778
552.580167
533.320532
528.752722
546.931632
549.994258
538.347142
534.137817
531.662013
538.386560
536.655760
545.278752
547.950364
548.663628
542.401868
547.429333
542.566374
548.965619
538.668814
532.705572
523.865940
536.110305
541.967385
536.712115
542.316189
534.226275
546.605630
529.003629
531.896538
540.289574
553.165197
566.504050
561.561129
545.410816
545.703171
546.000502
533.949166
537.740352
545.652002
546.510640
544.667846
536.860120
538.121753
536.536595
534.137546
548.443742
549.676472
549.222405
547.800600
547.444194
540.623685
522.914356
521.653227
554.356702
533.328995
532.813735
544.497080
521.200122
522.993225
518.699898
529.702791
538.146002
541.613256
539.734062
541.895916
537.288768
541.175858
528.901149
539.731438
541.946573
548.277130
568.782176
558.054798
556.876385
562.989724
551.012001
543.709096
544.558343
542.843004
549.440598
535.252074
542.680863
544.034321
531.296413
541.222707
544.449535
544.513384
548.665021
548.460854
545.361019
543.271743
534.100889
552.025175
543.114109
537.913735
535.701910
549.141307
555.390377
554.860328
547.054791
541.300520
532.574726
539.516036
537.445655
542.530952
537.333314
537.328074
547.797649
550.211597
550.995451
555.376671
546.836956
536.987271
519.507296
541.879481
539.783825
539.185139
543.027133
530.118003
542.705145
530.574438
524.751347
519.767306
522.592893
522.112184
527.985870
525.293449
527.039597
536.747602
538.956918
539.630251
538.529776
532.686279
538.933200
539.123109
524.800823
531.390614
551.360780
549.680158
550.725182
539.810748
561.623237
544.659379
546.236538
548.489203
559.179910
577.923512
570.843535
567.824807
546.264645
551.891279
530.603878
532.116434
537.418387
557.306502
544.004529
542.637028
542.927706
556.955920
557.217104
563.370713
546.896651
545.893146
545.443707
545.521598
533.223458
537.014057
544.549804
540.516429
537.519275
554.476753
553.899388
556.751683
548.822340
548.393789
547.443819
560.564521
541.410979
550.080603
566.023598
542.440981
539.717818
554.154222
519.676844
530.400739
535.112146
539.310356
540.900514
526.500657
506.520731
535.430387
539.443773
537.659364
541.245137
541.242380
545.315205
544.570260
537.468402
547.080140
551.213923
540.142074
542.541561
556.612888
558.794691
551.905072
546.916976
535.127334
544.553099
551.186372
543.647211
555.908430
563.064304
559.436072
543.965489
556.566269
554.230568
543.326927
546.088398
538.733747
529.941112
538.318086
534.809155
531.762222
536.987332
550.153294
534.489548
550.777772
547.220306
542.952776
551.606334
551.242736
560.169144
560.524523
547.673839
550.238707
550.485113
546.177649
540.512956
540.056102
544.757080
543.207892
539.808462
519.552263
547.002494
549.376080
544.387498
543.127438
546.278164
546.744601
543.844908
534.155105
526.892156
542.352289
548.698244
550.414150
541.505143
541.885871
538.288867
534.295038
532.871435
543.935062
551.502471
550.233523
545.262942
539.001348
538.697606
549.109909
545.857139
550.609897
546.853083
543.433835
542.479954
549.675484
549.447022
558.093659
547.503809
534.308945
519.412027
542.674078
544.384405
543.571358
541.376000
527.467131
548.768689
542.590925
526.460991
531.813147
535.052013
521.812681
522.913139
529.182669
533.464654
550.059041
543.296098
552.929239
550.596318
540.028963
551.037880
540.063792
522.480232
531.586454
549.081920
546.110979
548.852743
542.522214
562.117739
547.297584
544.231229
546.801890
561.610294
566.659590
566.491766
558.142719
545.524239
553.430737
538.756409
539.768523
539.539497
564.777371
544.419774
541.051268
547.276448
554.793252
560.706008
571.640214
544.858825
545.959872
545.054829
546.856898
538.843066
545.031864
542.383490
535.968570
532.154168
546.749952
548.727454
553.981714
552.491930
552.463793
553.165887
563.400738
538.924950
551.175707
566.459502
544.445269
542.164950
554.584575
516.955061
526.054926
535.323561
534.176182
534.549853
523.077353
502.828973
530.988915
538.131244
531.105820
535.978265
537.470386
544.229718
544.518523
541.545550
547.465619
548.271149
535.641697
533.255155
552.451822
557.526902
545.489338
544.569431
536.164870
545.855530
552.808859
547.433166
549.514880
561.219854
562.727437
551.223775
557.256765
548.844331
545.243476
549.699520
541.135334
527.806527
536.491695
531.078746
532.156510
534.167092
547.961405
536.051859
551.027124
546.333225
542.688571
549.211110
547.726438
561.860814
567.689435
551.898654
551.177472
545.938872
550.068890
550.927411
553.107130
550.768953
553.775425
545.240288
528.153982
555.680372
555.992751
546.796023
544.620900
541.027286
539.639485
538.971529
536.136853
528.282976
542.497708
551.199350
554.888549
540.928829
539.888319
536.607928
527.393158
531.033889
546.981501
553.869939
544.770115
546.773340
559.677534
556.388966
549.802584
543.685068
545.579192
560.818390
548.439994
549.372929
540.063466
539.814366
534.400580
526.202599
546.246155
535.845422
539.786113
551.030991
547.892876
564.171772
571.846819
557.945175
556.508413
563.558720
552.567149
549.687734
535.909738
527.823988
535.056758
534.132330
540.659460
531.192216
531.893319
553.064203
547.796125
543.719425
543.134081
539.312380
541.436295
541.404594
534.047915
556.156977
548.748192
541.562418
534.468025
523.278009
538.311804
537.191535
523.230473
541.700729
542.736520
536.755764
544.420182
541.690237
550.301987
561.834663
549.991878
555.427554
559.611442
534.183624
541.184533
544.206877
552.366665
549.025880
549.480213
551.464188
548.885377
547.087180
550.170928
547.984036
531.045372
555.790383
539.469556
527.913271
535.718609
530.312154
521.362158
519.346524
530.776495
519.314539
559.718628
553.561823
542.147725
544.958098
564.319162
550.127958
533.155926
531.890969
537.996208
538.759397
548.020133
561.213468
555.898894
556.182408
557.321031
563.968206
561.114084
566.485189
552.234746
545.498673
545.568164
565.842471
557.840148
534.084745
538.339835
537.949553
542.074893
552.401555
548.013695
545.139034
536.878419
547.431277
540.444380
540.022531
549.672562
545.114511
553.103158
554.594089
549.124376
536.833692
544.765168
529.509415
544.269139
551.612970
533.806816
541.273046
549.703267
535.179193
538.440666
545.791297
535.058383
527.983532
518.280600
520.743649
525.060364
530.175271
531.690695
547.002915
565.486463
544.768546
538.817778
532.960367
523.233102
522.911958
526.214548
523.837840
542.348300
542.563812
555.090860
557.016971
542.171190
543.056253
554.983638
543.974924
520.301410
535.199712
546.434048
539.890685
536.926200
528.859273
525.329375
532.716746
546.725820
551.636284
538.377157
537.422335
552.434066
552.314972
541.049019
536.966128
535.563706
554.501960
546.940336
546.356449
538.793415
551.498890
540.989783
531.949787
553.106579
534.414239
546.107376
555.688995
554.865378
549.944532
564.094776
552.180616
545.727685
549.372139
546.074443
541.627217
537.599150
529.418891
546.439476
548.765478
541.459572
544.657840
538.358397
552.121777
547.020566
544.429085
540.551624
543.976793
547.077828
538.695045
531.248094
549.250298
543.034060
537.181924
535.747527
526.991327
540.790576
541.791902
527.877490
541.212864
533.217412
532.990487
535.744024
532.391982
545.832095
554.973942
547.837420
554.584140
555.274913
523.516750
536.644283
535.337359
549.508865
551.086684
554.302807
556.253305
550.732294
545.189907
550.892567
551.297096
535.229886
557.239634
555.204009
536.282815
549.583456
542.175520
537.467526
532.538757
537.971333
522.721448
558.722990
553.641364
543.482998
541.871700
559.747228
546.987386
530.491471
525.547803
528.449402
533.871095
543.523454
551.913441
545.296664
548.733966
551.197579
555.622913
553.541096
565.768372
549.336794
539.925452
541.655558
574.993175
557.594470
534.185018
538.330615
533.468181
540.651168
554.210544
544.272953
537.683936
539.993787
552.401597
540.847284
538.094791
543.368096
547.374310
557.912796
554.918760
557.479702
547.189439
549.810047
530.628888
548.859241
555.807019
537.394897
544.833853
551.221627
538.001436
539.180574
549.908002
535.633434
528.109528
519.234917
516.107377
525.333062
528.379733
525.925279
537.338574
561.074505
542.775588
541.370674
536.753370
525.942830
526.599755
524.845280
519.884767
542.731355
543.023110
558.138699
560.535303
546.233415
546.600809
555.035388
543.673382
521.231696
541.858302
547.634971
547.533659
538.741983
523.539449
521.703614
524.892122
