537.556069
563.309986
559.822784
567.898046
543.849135
529.499255
542.468081
547.186423
549.033485
556.457966
553.689335
548.144442
542.748281
556.093393
541.502013
553.058044
552.335307
533.210389
524.479757
551.516753
558.671616
557.026104
529.499939
521.427768
544.850655
541.357095
540.476773
538.493179
555.114526
539.662120
547.697831
547.019005
540.586259
533.251736
524.755755
543.299156
533.395591
551.465806
561.782864
563.230454
559.974819
547.264133
545.027708
552.796237
546.806557
558.211740
545.675742
533.947886
557.554270
550.129458
546.416944
532.161934
540.986069
552.229830
542.779432
534.997722
543.484735
525.066003
530.331800
528.390215
526.423192
545.881017
537.442018
532.877217
548.576222
548.009352
537.936858
552.724593
555.684659
546.714937
536.371632
541.547559
549.023804
538.362165
537.806915
537.015064
534.891131
532.412917
532.064202
540.870574
550.281206
546.436554
534.778079
543.547246
536.723705
546.333185
539.201585
552.974835
538.665623
525.159338
539.721090
523.105043
522.258240
537.788776
535.100534
552.324716
552.894179
554.142686
569.713455
554.592463
537.968941
549.993376
541.545145
521.755059
521.779219
527.590250
531.807909
549.265176
547.495970
551.578280
552.351502
535.440032
544.296630
546.388959
544.357662
537.047551
552.744798
545.119275
544.621551
543.084459
538.443560
536.906063
542.921495
532.313341
537.323006
542.284638
547.119122
548.616291
555.465470
535.239065
529.160321
546.723386
537.679862
541.351231
549.466681
540.867895
537.844313
529.281831
534.116307
548.268612
553.182807
532.736204
528.010488
542.292943
553.234801
535.899411
544.743009
537.554765
541.455139
549.559238
549.633815
525.626330
525.233805
535.870974
547.226027
547.235455
542.658075
535.449432
532.672079
544.353970
550.793842
543.746621
540.216301
535.858096
534.045023
554.067978
545.450104
558.391289
542.289852
528.414758
540.990863
549.911138
543.859695
542.431909
545.243548
542.596895
538.514683
558.165045
550.828978
544.176547
547.920404
528.044458
528.148767
555.209565
559.145899
552.336792
530.688749
531.971815
551.604207
554.467992
551.809700
552.891290
549.576461
543.514828
544.910715
541.261504
535.275555
527.415495
524.615726
550.728889
538.502808
557.267920
564.961989
571.500943
552.525334
543.569023
546.053589
554.491838
550.336680
559.601128
544.922345
534.766550
557.611714
547.478389
543.426562
536.000822
545.929954
547.712018
537.171182
539.652483
549.244564
532.018971
531.103693
528.294389
524.575974
547.309601
547.377868
542.662011
556.723502
547.413282
540.522618
553.994598
558.669470
543.503877
534.564712
541.908024
545.061959
533.036162
533.474613
541.943440
544.592362
541.428498
543.113034
547.378808
551.408844
544.418145
534.894763
541.796511
535.541864
546.147473
538.130669
556.157911
544.322404
528.053920
538.918203
523.817808
524.628445
539.173090
538.432012
554.424178
558.903411
560.687589
571.184585
559.701785
544.773042
555.257666
543.696654
522.404608
521.049009
524.918032
523.959392
541.788437
544.430913
544.952562
545.132004
532.249169
543.278115
547.148012
546.089658
542.495505
541.742094
534.792802
539.980804
547.396858
551.975142
542.739269
552.310832
532.313341
537.885291
542.922648
545.236591
545.081146
552.591198
533.360019
522.291022
542.637229
537.477374
540.310227
553.021344
541.666281
541.975494
531.675695
534.304949
550.499725
551.898361
532.705680
524.489004
539.851871
543.582632
529.579844
541.022373
533.623552
528.535754
537.140679
541.992342
523.804218
525.466808
540.569708
550.740035
552.920324
553.915085
538.104646
538.733654
543.616228
546.746049
540.814615
544.471207
539.628083
530.768059
539.321101
521.558975
539.191854
554.790544
564.480090
535.897333
554.454605
556.956944
548.653102
547.843312
537.328697
543.854852
554.366660
551.149136
538.539245
541.946648
543.167808
529.495397
538.014127
542.202442
560.097141
554.321301
535.518301
556.240509
560.757295
570.273574
569.703716
567.141678
554.279073
535.214881
543.436127
553.528877
554.222207
553.399782
550.232232
549.829620
548.388630
548.319974
545.367767
538.395599
532.889055
537.160075
545.068298
541.163923
542.487431
532.398972
543.890728
546.660573
564.020694
554.059643
542.571474
537.304581
549.473740
559.853684
556.531147
549.993566
554.633420
563.996531
557.361662
559.517204
556.770494
545.163827
542.536331
547.435713
545.473291
559.945772
549.310080
544.431753
546.341173
542.392871
543.416148
541.101969
542.114246
547.902995
536.122602
535.887967
531.588039
530.361507
534.028649
534.791935
539.558946
538.559887
529.380007
529.684631
548.364235
560.845960
558.916536
553.652284
535.462624
538.925033
549.420306
538.540549
532.703931
540.695780
534.421352
525.831696
533.256219
530.488675
534.591557
530.935111
529.379841
527.161319
512.656625
513.622963
537.275338
512.358773
518.967503
513.429487
521.398211
543.294963
534.062498
546.803282
534.889367
534.348194
532.933255
525.365353
523.087167
519.386038
529.326737
531.686780
552.391656
550.545902
554.055514
551.134318
526.413376
526.456813
524.000190
541.124543
553.825576
541.858248
540.061512
563.231969
549.296797
538.016034
554.019970
566.658020
556.317634
560.102624
560.163407
561.050874
558.642292
562.474823
564.325316
546.795404
539.445898
551.609130
569.084852
555.175575
554.181680
562.617053
542.565299
557.692271
551.998920
557.317139
576.792805
574.771126
563.154829
556.851062
550.682228
546.974257
526.683781
537.416302
546.554332
530.881593
540.618471
525.505101
535.639679
543.582626
554.863567
539.681288
562.068223
555.555578
542.310534
540.848922
538.048498
545.990479
547.368094
556.960487
541.991665
546.621937
542.268956
524.464271
531.412107
537.020333
550.364615
547.120675
527.098701
541.500395
552.925746
560.185693
559.305569
551.470973
549.027723
537.841641
549.413165
549.156294
549.364652
552.231378
535.331329
537.457150
533.700643
546.998395
544.856985
539.327412
532.595402
537.123027
542.716672
540.716055
540.447745
532.559893
542.673099
550.808089
567.424486
548.525883
544.687796
535.404841
547.191087
552.572076
551.187210
540.298908
546.748848
556.465589
554.519130
553.017637
555.103078
544.637479
539.835068
548.456907
550.911172
566.613773
555.415909
546.423467
542.251124
546.964709
553.714181
550.062711
549.366607
550.474094
537.170760
535.936507
535.550115
545.670562
546.642672
552.669755
549.661291
538.559887
526.821101
529.476665
548.659034
558.412243
552.663695
553.613235
536.056903
543.314940
555.540641
545.545476
534.904179
541.190682
546.938944
534.953892
543.045681
540.009386
542.028809
536.021470
532.810216
526.685015
512.588911
507.233045
540.293334
524.000331
532.572392
517.140365
524.407604
547.726989
537.027666
544.802886
524.954408
529.094852
525.136725
525.188027
527.178863
519.402027
525.373120
530.392162
547.107335
551.632347
554.364600
551.282863
529.876347
527.034357
526.200262
541.830968
556.042909
542.446285
541.519112
565.667954
550.745178
538.403534
552.688816
565.677547
553.715361
554.736940
560.105785
561.742895
557.760924
560.978852
559.758764
543.357347
538.344046
548.933213
570.174449
549.692486
547.315843
556.380764
541.692619
558.285632
558.663074
558.774878
574.481161
571.951032
559.889676
557.469343
552.715261
543.669352
524.623938
536.538296
544.401206
552.300916
536.093642
539.183151
547.763644
533.144372
532.628055
545.329448
540.751592
536.131148
536.246555
536.743230
540.057152
554.303322
552.058581
547.686898
540.156243
554.635850
540.628215
554.060213
559.557445
566.071585
540.999913
543.215724
544.957062
533.513921
541.786759
550.724338
549.160695
564.987994
557.633292
549.773870
535.464083
531.928135
531.534510
552.112840
563.346216
552.052107
550.525742
546.157212
519.272441
513.784384
542.241294
540.545754
551.140128
546.304860
547.990482
548.259162
554.365678
556.925874
549.310170
520.689212
521.990602
528.446787
535.892996
538.457003
544.941718
541.215250
544.473922
534.203731
537.263861
544.344739
546.116039
563.810669
573.585551
553.251813
541.109602
516.486936
517.651251
505.773759
516.818646
510.721209
534.600900
549.217799
551.188523
539.244474
552.963802
546.858807
553.153333
549.090449
550.050835
545.975338
548.840342
530.598143
535.991995
517.736315
529.432519
544.591104
530.806544
537.935862
540.459220
531.298238
538.242678
529.048442
519.861503
530.837176
528.912178
528.777174
516.907297
517.431393
524.814996
532.100713
531.770359
535.070662
552.364955
538.851153
528.205773
532.756939
538.260234
530.432579
543.278851
528.436834
559.202654
569.461575
561.718315
546.528100
547.067995
555.794742
542.932653
544.102079
551.785792
550.788853
536.414407
552.573768
522.298264
514.174994
514.797650
525.276845
536.992092
542.519190
542.029646
543.813529
553.504472
545.662252
543.029066
528.685253
532.506709
554.438689
538.912097
549.131930
548.598737
537.430836
535.961423
543.417160
537.262741
564.473264
565.945420
561.568813
564.065166
546.517435
556.123259
557.580285
545.804982
534.850136
541.570975
543.902474
540.417666
541.571894
535.164152
533.480957
534.521747
531.079156
539.888172
542.504396
540.675681
552.861066
537.153878
536.483207
545.862812
531.154562
534.003244
545.075109
542.787098
536.891255
534.526025
537.180270
539.116727
545.729864
552.475005
552.795694
543.432662
554.661107
537.983221
549.028620
553.121053
558.510540
547.453006
547.441356
550.142078
541.638515
546.055332
556.383680
542.883815
559.288999
555.668341
541.095458
522.718035
525.049856
527.336935
549.887989
557.642859
558.699857
554.325027
543.475295
530.683578
527.811715
545.000588
545.702510
557.640807
551.323796
552.813093
548.709388
554.759163
554.331882
554.356617
525.907576
525.725727
538.184154
536.347805
539.522986
537.435064
538.865892
545.270979
542.887992
542.083610
549.944319
551.534809
571.944112
573.304079
543.991125
544.033127
524.174605
519.727846
512.224270
515.236231
512.137553
532.274945
547.961714
556.148186
551.402586
552.220672
555.844624
559.733937
557.158269
555.932405
540.936344
554.947986
530.957014
539.939830
519.301705
531.922918
545.234258
532.597714
539.365403
539.960746
536.317514
546.475415
536.310592
523.352723
532.665941
529.507108
532.375187
523.096168
521.874678
526.827178
535.607209
529.238215
532.197203
548.963157
541.075152
528.333371
533.048250
541.494995
539.919498
547.063694
543.684496
575.724165
576.591743
561.783309
549.693169
550.063587
559.081517
541.956626
534.764034
545.855711
544.013893
533.844950
546.244152
523.597057
513.550948
515.319724
523.128840
537.000508
546.208119
547.521094
545.299684
557.151334
546.507742
544.164331
530.364395
536.790344
552.922438
540.746961
553.172073
553.339316
532.517647
538.820267
538.148224
534.343291
563.824250
564.216726
561.320473
560.520693
536.129300
550.400670
557.495009
539.858486
527.500570
538.022113
546.259939
536.392463
539.219887
537.669401
530.054497
533.952555
528.527378
539.448615
539.874319
544.841603
528.810320
541.994560
537.517400
538.832316
539.998855
536.261566
539.704928
557.556248
554.746934
558.796684
528.059736
530.865306
527.915396
552.245441
560.072407
564.122567
545.043145
546.220309
539.723203
560.541236
563.757838
533.440495
542.105633
540.534400
538.184670
525.900128
539.134910
548.991576
551.759295
545.731243
540.060885
532.564056
538.074617
554.189912
543.234308
540.324011
540.862555
530.534082
521.542869
536.013824
540.736728
541.079890
542.619353
557.721472
571.205407
565.321604
553.767112
549.103359
548.002286
539.115693
534.291612
545.684675
546.171759
537.681682
546.669941
555.074188
560.395408
560.321001
549.795129
536.271258
549.799514
540.369078
563.453972
550.712829
551.649182
544.552628
537.850009
541.941722
545.756490
544.735931
541.487102
545.383931
533.342780
529.662705
524.071048
523.207284
522.632371
528.493581
530.890429
530.383717
535.351301
538.531777
524.708319
536.265674
540.122645
545.432594
543.238553
556.757697
549.957700
544.315460
554.575998
538.834723
527.368368
540.836365
556.788829
557.735359
548.608742
552.065272
563.275442
543.112597
531.764023
548.102112
550.424817
528.285781
533.641553
533.010317
532.914418
538.027145
544.425921
548.033228
538.139433
545.124301
556.840395
553.495151
556.052022
553.123773
549.430095
548.628465
541.521844
539.597377
543.753003
551.891244
536.698882
527.758782
527.450689
514.195105
519.704733
530.566933
507.452156
531.546399
527.360478
541.807254
553.428778
557.020513
536.910685
527.246546
547.319088
548.450982
566.597323
550.731484
543.467727
556.436100
556.948658
555.856512
548.472771
563.383311
552.285619
578.407278
550.909752
550.112824
551.330357
548.158003
538.903631
535.937254
546.518090
539.663686
528.614850
536.570077
533.179553
522.076590
523.811186
537.307726
526.710594
535.528293
529.594655
543.016670
541.966798
543.072528
537.988144
537.507057
539.540312
554.752821
548.170119
553.856814
532.615412
537.161446
538.852015
550.370117
556.143269
559.909882
559.338627
558.049458
548.667143
563.386481
576.202064
559.787568
561.349937
558.907009
556.576158
540.561128
546.392396
555.727090
549.576504
547.202036
545.690750
538.718608
545.352682
560.121754
548.564979
548.367563
538.617698
527.978167
525.130746
535.091285
529.714999
541.079890
542.604472
555.009417
572.711692
564.804624
547.737100
549.532491
548.894632
545.681050
540.549822
555.483282
549.648861
536.681292
531.386700
544.702905
549.697327
557.252428
542.787219
534.924543
537.648677
525.892060
551.342538
548.058884
554.485945
555.492550
536.607860
546.571130
557.950227
548.748885
539.582346
550.812322
540.707676
537.093372
523.507507
529.958628
535.137257
537.986602
536.216781
527.570024
534.197275
531.709622
525.906467
536.565588
540.125353
545.001277
540.824126
554.521977
545.613211
537.800696
548.537746
542.209299
528.334878
538.727370
552.086325
553.896026
550.201847
548.647321
562.307077
542.083322
537.551792
540.519456
553.684669
537.868227
542.875329
533.109997
535.941919
543.673340
548.669193
547.193748
540.764467
545.466471
557.888745
550.223161
553.731528
553.437571
551.489243
544.954272
538.088688
542.130684
545.554538
551.449729
543.786508
528.725259
528.082912
514.659378
518.950920
530.482823
499.777338
520.381839
524.111551
541.711578
551.254420
550.832283
535.808011
532.637880
545.078413
546.692565
566.639578
555.378909
543.550705
555.676109
558.899259
546.687813
550.992941
563.968270
547.684911
571.205536
546.777266
549.692915
549.473415
547.218529
540.650969
533.552189
542.226426
536.801490
528.326286
536.355904
535.616595
522.833663
528.588391
535.341863
526.752448
534.429162
563.141212
550.042988
551.121386
536.367523
518.632388
527.925276
541.328801
553.624975
551.573861
548.305654
544.348052
546.940418
545.683664
554.283368
539.861923
552.330390
540.209132
527.141953
544.688818
547.390638
535.599800
539.735793
532.476891
542.057509
526.347582
540.573861
528.851466
547.367308
530.367389
529.773998
534.623129
533.542892
540.779678
540.966443
533.109825
540.897699
546.595592
535.336237
531.467507
531.729848
520.105082
542.510111
543.747613
540.405001
538.141753
536.389492
527.230737
530.496317
537.061830
534.232320
526.598812
547.340663
544.792210
563.485698
554.867061
539.533076
529.573758
535.284738
533.837793
546.978930
544.215755
546.802025
560.737987
556.703685
538.820494
540.781719
539.527134
529.747304
545.954976
525.675806
530.706233
533.488856
539.882454
532.993645
544.168938
542.772397
529.569536
533.805251
553.891963
537.126130
549.210281
558.968746
539.756289
554.699630
561.332952
555.640769
551.563273
541.768760
522.829497
525.397577
541.398929
541.468276
546.759953
551.238185
527.779231
521.810160
547.675545
555.825397
569.370740
548.150107
526.800729
541.304721
548.014946
553.931848
539.533825
548.004267
546.582727
541.608385
526.657496
537.200042
530.380847
519.997544
524.862712
510.695572
534.987587
536.188768
526.716132
521.007726
540.305124
524.770012
530.623900
527.190092
536.325912
560.823883
549.673437
530.449249
535.619832
545.055204
535.734637
539.498751
535.164196
552.810344
546.486601
540.183260
541.407802
543.046318
559.361686
551.134093
542.928736
555.565708
544.684426
545.312293
552.927003
554.197164
566.390908
557.989332
550.345797
559.876272
556.410056
557.680388
549.143976
541.092501
541.675199
554.794104
539.230995
529.166046
533.069119
526.268802
533.987171
534.277748
543.057043
545.938424
538.724188
539.950191
554.923997
548.553770
553.711412
537.876936
528.344021
540.658692
552.149336
554.246752
558.746361
545.431856
540.245136
541.518064
545.211234
554.381555
549.603792
555.270366
548.023536
536.057932
544.565100
547.783183
551.103174
556.417790
546.477590
546.433719
539.305228
551.394417
541.867991
554.393247
546.387899
535.701762
532.948299
540.520241
542.880925
545.059378
529.775852
548.638142
539.949258
541.040221
532.277866
539.642603
527.109857
543.668505
542.410644
535.415686
538.547656
530.252934
518.679830
521.327716
534.113009
533.625147
526.225177
547.809449
548.337080
561.127670
548.940303
534.902771
529.323789
531.212680
533.120741
543.282245
538.909679
545.804241
555.786208
554.783755
532.796814
542.170646
544.103228
523.594744
543.565965
529.263356
536.515352
541.362000
556.682249
539.471883
551.810371
549.170564
528.734085
544.777384
562.383768
542.760025
547.622917
558.373859
539.756289
554.996233
557.021392
548.509361
547.455304
540.413446
521.276544
527.487821
539.493021
539.612410
542.827067
548.863772
521.551718
522.829069
548.703111
554.863142
568.248883
543.220942
522.544476
544.814048
549.356748
550.398123
543.202433
550.051368
544.222623
534.208024
521.150363
533.624296
539.644818
530.819615
532.213299
516.533697
536.684398
528.740913
527.484816
528.885776
545.993493
530.885039
537.707936
519.783928
530.859298
563.065589
550.235127
528.561618
533.222366
542.136276
535.373414
540.335809
536.894142
554.498986
547.595211
538.944871
540.276181
538.781331
556.660513
553.655233
544.402889
557.318396
537.825091
539.205782
554.393271
551.166660
560.194543
559.071502
546.397857
558.104088
551.982470
556.744116
549.261678
546.345818
545.027317
551.028134
542.547253
538.060745
540.611065
533.658809
536.491574
538.224669
545.742308
541.204984
537.287299
540.045227
543.531136
550.707040
541.279638
542.404640
551.169544
549.707279
552.441683
560.950208
542.654772
548.918837
553.831431
556.905819
532.397836
525.631935
542.262061
544.662920
542.488477
538.830205
533.673264
528.590310
526.098555
515.898323
540.955120
535.575961
540.825066
540.721593
530.460568
534.467968
530.741722
527.066105
532.388033
542.674814
540.473034
537.649663
556.928623
562.954212
552.761229
549.283718
545.838739
534.080113
530.863070
529.997972
535.487376
537.989805
523.336063
542.180468
538.896813
533.401800
547.757333
543.806795
540.906027
541.794847
548.180395
571.807026
562.648983
549.369285
544.578926
552.992874
546.049637
551.155341
544.949838
550.070037
566.945989
548.035322
538.169144
561.583966
540.025298
531.260280
538.692718
546.622803
541.357860
529.616638
545.147103
535.524487
538.009371
538.553666
544.011368
541.855328
538.288886
522.742102
539.368304
546.771499
530.903829
551.254746
540.827283
533.709501
545.403194
533.293760
524.097372
517.171524
518.262590
540.376425
541.264156
557.614576
549.560418
540.281613
550.974764
546.712098
554.276367
547.004327
543.433451
551.064616
539.408935
553.224032
552.346569
539.649799
545.257952
532.605345
524.389315
515.173459
525.953118
529.321170
530.255085
533.580034
542.013542
550.750969
551.587158
557.660792
550.135640
543.693793
530.811198
533.812690
532.729647
547.506729
532.663910
550.257787
555.822055
534.252344
546.183585
545.781832
540.236087
539.462227
550.095922
543.778013
545.409243
540.679344
538.006427
548.523254
558.239470
547.286278
544.699468
552.130664
545.464995
548.621255
550.271046
539.702970
537.000100
539.586089
533.868703
543.059575
534.745964
548.493396
554.101475
552.786700
546.999296
537.575912
524.753938
524.763609
524.334778
515.531342
525.658895
535.807476
528.335399
517.582009
545.402387
555.003853
548.561274
544.863972
558.315800
552.847255
555.233852
552.738421
536.693938
539.419600
541.092621
550.424089
525.850541
528.863034
548.401935
549.233134
540.299792
537.327943
532.995416
533.224107
532.536855
510.504559
537.947014
532.045467
535.178305
528.452585
530.395099
530.868254
518.535879
518.041412
532.696820
544.196251
538.142506
544.141564
558.206202
567.956076
553.705619
550.425549
557.226383
541.435958
543.610953
530.629433
535.155048
537.843806
522.099506
539.879891
538.463897
533.509960
549.772737
548.199032
545.741135
547.621923
551.433483
576.278823
563.631011
562.250468
547.785551
544.056130
545.097766
543.168628
541.738968
544.244451
558.779785
540.766063
537.730072
561.058440
541.788100
539.531203
550.193169
543.174363
533.448221
526.222360
536.897665
540.326055
545.251598
543.156690
544.439017
540.571874
541.709721
522.743521
543.154760
549.404398
530.903829
551.728140
541.437766
532.839224
538.524188
527.755887
520.002225
516.630286
512.896496
528.306896
537.988823
564.827652
555.394853
539.622414
550.966200
547.840220
553.456799
550.708454
542.678610
555.576905
544.843447
552.274544
555.959083
552.209704
550.426316
530.287559
525.220218
523.063906
534.036353
534.650426
529.771601
542.378142
549.752015
553.827456
546.332589
556.954963
541.470107
536.422320
527.097860
534.961219
532.403312
547.506729
533.400458
552.389262
554.300620
533.149868
543.649107
542.116826
538.804451
540.991741
551.790755
545.302269
543.414093
537.969470
538.700663
550.073823
558.304152
552.294499
550.329482
555.917532
545.112907
551.683819
552.101530
544.412560
544.947055
534.862741
538.489345
545.730065
541.490399
543.229414
551.917852
548.886276
547.778957
538.422068
528.962096
525.833357
527.934716
519.323793
531.687698
535.749784
529.121514
515.911401
536.018146
539.920893
547.465024
552.775671
560.000686
554.364560
540.859678
537.144117
546.067748
541.070917
556.921260
560.889555
563.609614
561.094611
569.841260
565.938772
576.770475
556.316645
557.505245
549.334649
543.005897
544.424735
527.421195
532.966108
545.316944
546.755726
525.644887
529.868902
539.503878
546.710921
554.684062
547.402864
567.504839
564.661322
553.106416
539.724402
540.472272
541.144641
541.229398
543.055265
542.059513
548.400456
540.020272
542.924459
532.701618
539.716310
545.783007
544.125473
548.306533
558.857824
554.268572
549.076735
539.537239
542.881114
545.944640
552.734913
551.831255
535.571537
526.635557
545.152905
555.337643
555.610610
534.340647
564.270101
553.716035
571.487912
563.093969
549.709122
552.509454
552.070229
546.470108
565.269809
558.125202
555.932290
556.118379
556.359200
543.864823
539.143858
527.623495
533.889536
538.419323
532.165275
557.216348
553.125293
554.287891
559.818238
563.656379
548.951037
541.916887
544.356290
551.826394
543.576039
557.577736
532.210070
552.978035
550.144001
543.496815
544.892755
558.673225
536.532767
534.644433
547.068805
539.050885
544.860653
526.464251
531.014373
539.928984
530.778042
546.783228
545.711080
548.753402
557.697078
549.043603
547.729111
538.132858
524.199796
524.370070
540.551632
536.174145
544.138366
548.648576
547.710571
554.102813
534.266167
525.192453
535.101743
560.329494
547.085085
566.320975
543.819029
539.566335
533.185237
527.175109
527.832584
535.717676
539.824060
527.965025
530.166422
518.432325
526.117330
550.632319
529.796163
541.915026
529.646773
557.760489
561.354869
558.186800
569.201241
551.060936
537.126945
535.513733
533.556499
540.039347
558.978032
552.961559
557.598105
549.217081
549.970388
555.730503
552.434700
529.002657
535.555804
556.919943
536.533924
530.804558
540.286128
545.448290
552.671837
559.314250
556.574941
549.268755
545.018175
552.282194
546.612229
561.734383
559.967931
557.884128
561.608696
567.144283
558.055047
574.862793
561.362536
565.197787
555.242702
540.398160
539.781099
527.418000
527.421020
531.674283
532.902741
524.217937
542.727266
544.825782
544.939310
554.758436
548.848197
560.447445
559.462367
556.598139
545.711002
545.714355
551.766431
557.804960
559.315585
555.834455
547.872214
535.742149
537.947142
527.996619
529.981625
540.782042
539.179683
541.275803
552.414867
545.562781
545.037622
543.083028
552.350937
547.601568
554.401361
554.001521
546.151489
535.044803
555.011830
564.803107
557.857004
535.663996
558.116209
543.049886
565.895577
566.905378
551.585885
545.642863
546.391479
540.554094
563.977843
538.824835
552.234173
552.991566
556.398423
541.981651
541.905587
533.737514
537.223997
543.112834
535.951961
554.067086
550.872878
551.089516
557.281882
563.995345
553.447564
543.856073
544.356749
554.576539
548.149181
555.665835
532.049979
547.465215
540.272946
535.713439
530.091916
543.305242
529.840064
531.215515
548.069681
547.905973
550.570238
532.099908
533.843805
546.801003
534.867230
549.310335
552.160807
542.735694
542.984907
539.115614
547.482657
537.286315
525.527217
528.503010
547.616026
542.409321
546.503582
548.739577
547.223282
546.929853
534.266167
522.147048
530.517473
556.491067
544.339595
563.773291
545.903731
538.746538
535.015947
525.830528
531.155207
536.678629
539.767090
526.407562
529.402993
518.165057
530.495292
552.890017
533.644392
544.064514
531.215617
560.985836
564.613712
557.681984
566.197166
552.116709
540.377931
538.233641
534.666543
543.939253
558.233142
549.324231
554.228764
548.417535
546.943970
558.960051
556.434382
533.788225
535.566271
557.348529
537.949837
526.636988
546.476835
538.107927
524.828569
529.481877
531.697923
526.904783
558.617710
542.823438
557.350835
553.804560
535.385617
538.825681
531.152062
535.133155
539.521761
556.438611
560.329591
549.229335
535.335066
554.923657
537.693461
539.638365
557.557830
539.276461
542.139561
542.411728
544.312383
544.313068
543.262517
552.299784
551.669619
531.066085
529.018773
526.425922
525.699397
542.834430
539.619055
540.388177
540.305957
541.375353
530.870859
526.084095
560.491146
551.844748
545.102249
542.443881
546.628268
527.348924
529.960861
536.978036
527.596414
540.922024
533.439727
526.393369
528.214378
527.613853
544.155058
548.272876
525.485848
533.054104
538.318876
535.746658
540.885711
521.092830
552.206838
544.278143
546.885914
546.678919
552.957015
536.083188
541.203175
524.664160
528.039977
535.035742
538.562669
514.750765
518.474626
522.192083
541.422676
542.370896
543.667373
534.167523
539.208822
548.621565
535.604752
541.791323
543.740453
556.679222
550.099176
549.374856
548.697583
550.018792
546.306601
546.785516
547.092014
543.517359
530.759494
532.148138
549.216622
534.984643
531.541527
531.770664
548.125871
535.403301
537.634532
540.466978
542.261216
533.660729
530.097548
547.003297
536.271650
538.234954
531.956427
541.403214
555.359063
528.675904
534.762230
527.626316
533.362106
551.283793
556.543254
546.061469
552.866024
545.352477
545.233691
538.893348
532.494945
528.580489
539.236784
552.878120
547.730882
551.320392
542.833471
539.454653
535.016818
536.215720
531.232563
539.207263
543.274474
522.199031
538.508594
542.983489
537.999967
530.267341
534.077004
539.408779
541.686996
550.694539
540.585413
539.712656
542.663781
547.481613
543.194985
538.617399
553.758193
552.142081
537.645377
542.831424
549.598544
540.368856
527.053267
557.239965
555.392099
527.286757
545.286347
539.844084
528.021194
531.057470
536.841350
528.983512
558.866804
551.646669
563.202915
561.776315
545.708556
547.957303
533.671317
535.588802
547.281734
558.387703
549.231998
540.293922
526.254444
546.689922
530.532380
540.726446
559.133727
539.625213
538.591720
541.548633
552.782673
545.187554
554.200632
565.692008
553.950361
537.552621
536.426567
525.910960
526.207276
535.732841
544.406565
532.532597
539.565038
545.495904
530.642591
526.387263
559.748979
551.316913
543.582352
540.362717
542.323913
527.497406
524.304453
536.766394
525.442298
541.154632
533.217021
531.634285
529.622561
533.795320
549.849386
551.805165
529.982533
542.007642
537.944342
528.442267
536.267361
525.485302
560.011044
535.246056
542.353062
542.516231
557.246195
538.970445
547.104510
527.901767
536.131133
540.244034
553.913165
529.942036
533.722104
533.540315
541.041077
545.995470
543.594384
533.899070
540.522516
551.728646
538.914829
545.050528
541.539747
551.717762
547.189622
546.448256
544.696928
542.708209
543.609810
540.424833
544.584680
537.868524
524.476132
536.018807
556.426715
540.486939
534.250758
530.112734
546.495629
541.586459
542.417315
544.949549
545.520717
535.600414
532.992908
552.785660
545.120334
555.602585
547.165521
555.203009
564.262138
540.718162
536.803220
527.479983
535.704230
552.193920
558.566671
543.251852
549.262130
541.524365
541.692791
538.557559
533.076885
525.914033
538.425381
552.938236
545.783625
547.693156
549.059809
539.822091
534.555226
532.854517
524.272918
534.187254
540.779546
520.450031
535.912969
539.543684
535.095658
516.820934
525.489206
531.940660
535.573984
542.673905
539.801251
536.353604
546.412268
547.266452
546.134357
537.941886
554.026748
551.384317
539.542189
547.254578
551.496991
541.290817
532.144985
558.762257
558.752482
542.025592
547.235626
545.202633
545.765252
551.724502
550.223676
570.044021
552.144450
540.093192
556.494933
555.590543
575.790607
551.939225
555.204456
560.755949
558.861725
551.223183
568.299681
563.419501
558.464722
553.620923
545.686341
536.261726
537.412768
555.703836
542.032300
542.646849
543.245555
545.444187
548.780658
533.747259
539.415944
553.281553
546.587128
533.873641
539.629898
525.399905
524.581458
536.553331
535.883983
528.592500
551.396632
553.200513
547.683378
549.310006
555.336679
549.019660
549.823736
548.087620
548.645054
559.470113
547.475732
549.001384
561.572329
550.294709
544.844231
558.165248
542.038642
564.793342
560.311755
561.809427
553.121467
538.604108
534.869983
550.294216
543.410135
540.963720
535.180105
525.795734
545.520332
526.679185
543.719156
542.908440
528.598207
525.977458
527.972867
536.752885
548.775922
535.583932
542.213792
545.537141
548.248966
539.527977
560.277509
546.916091
545.296127
553.830370
551.954952
563.891716
563.516406
552.410127
549.649868
544.607283
537.954453
543.477183
543.986169
545.807076
532.789940
524.633098
514.845828
518.049908
520.275084
523.868491
536.144313
520.899569
526.854396
519.004864
532.520111
533.238089
545.475928
564.474435
553.224324
549.084547
546.702082
536.531628
539.794014
539.824616
537.119255
544.987200
546.023141
553.293929
541.837657
546.462531
532.339972
527.016399
535.073978
544.138874
550.034460
527.809954
521.464310
537.348703
536.068203
552.335688
559.847569
533.262876
543.371577
557.287487
547.336268
546.275574
540.470994
551.863483
567.139134
553.566925
549.463404
545.998907
544.087089
539.105154
544.245428
540.439508
566.783824
538.010623
525.669815
531.035528
535.504123
533.848987
530.668517
548.901565
565.326112
550.780535
543.825331
521.740361
521.365426
538.984564
534.065376
541.879788
548.524748
552.583760
552.790008
554.537961
554.562271
574.058737
555.388446
551.056123
569.807368
567.456490
586.070123
557.163389
551.641470
558.695429
561.295507
549.335025
569.860596
554.973311
553.338954
554.088077
551.119093
543.452474
544.225648
559.924399
546.370156
540.938136
539.763532
545.275819
535.539561
532.872767
535.694850
547.189990
549.013515
539.674673
536.201638
521.791293
523.553382
527.121023
532.863173
529.322025
553.093883
551.207798
544.525921
548.839944
551.821104
537.362707
544.065727
542.964233
549.318868
559.495015
542.073199
540.301560
556.708293
549.788658
545.242983
561.839993
540.727274
557.103039
551.669808
554.424469
547.148362
532.643841
529.013215
548.989591
547.471572
538.333626
534.178335
528.216843
543.170185
521.771776
531.621109
542.520269
531.261648
529.300344
527.972360
540.714285
553.489505
541.874275
549.334502
550.237724
556.685858
538.576160
559.841100
552.133862
549.476958
557.347743
554.901067
567.178031
573.739202
560.923254
555.094940
552.853768
541.625005
555.136930
561.416592
559.528224
546.612557
536.714982
530.572273
521.834590
520.084049
529.194150
541.039390
531.020266
525.758432
529.999002
545.234050
541.018352
544.244856
563.726813
553.257856
547.579355
549.773348
542.737468
539.966727
540.626001
538.626548
547.239448
542.481256
554.598096
540.309431
546.919262
532.339972
527.016399
534.690007
545.834866
548.477581
529.648001
519.573935
538.295304
537.500912
551.363950
556.561287
532.212034
542.200775
551.686366
542.276713
545.639570
541.255425
554.029299
562.189610
553.337554
550.020509
534.385599
544.311734
540.727835
541.766234
535.746572
562.247619
537.240209
526.379847
530.692235
532.874094
533.412543
528.006566
548.592856
565.405877
548.663210
538.615663
519.609024
520.665035
536.568343
534.669989
544.726321
550.155744
540.731244
544.821856
544.147301
545.774512
533.437747
540.923857
535.388063
534.787220
532.310790
535.308335
547.833165
555.989413
539.053724
550.446326
554.124484
546.290626
556.004112
550.862516
559.471784
558.958146
545.659498
533.415822
549.650057
534.066320
530.410397
545.901923
552.898265
549.012406
557.493287
556.305668
561.084393
574.085338
561.481101
540.350109
536.608921
546.745915
539.164498
528.202933
533.307687
542.838289
530.197574
521.009116
530.971935
540.198398
527.687080
528.084051
525.021280
529.146416
536.181993
564.035668
555.965489
547.062237
546.186614
543.290773
548.414387
543.348020
560.364790
538.902788
541.175363
537.482081
530.569040
548.719764
543.401638
555.498718
554.092950
550.608115
559.104167
550.867623
554.731433
547.746192
538.654795
532.738661
541.237590
556.577872
553.520913
550.192038
550.856610
547.953321
558.288070
562.810870
544.282855
549.788013
536.612335
540.260421
543.412572
546.808678
558.863090
549.794540
544.848733
530.767716
522.802894
527.904408
516.995506
536.001589
544.283580
539.567750
533.029209
538.972867
526.877549
529.411785
536.514507
519.017841
521.605593
534.772063
532.051815
545.513930
540.670786
554.182129
541.137518
524.765303
532.129172
535.875401
527.956194
537.143257
544.979644
559.162233
553.569643
553.985894
545.740197
537.166051
540.470752
534.393026
550.681877
551.071895
550.985604
536.888829
535.238137
538.815155
571.246360
553.335411
531.843965
543.002156
535.895688
534.686012
519.038434
518.758795
526.637545
547.606881
554.961195
541.647703
549.281731
556.018670
555.917487
566.106301
548.776139
545.891412
542.104269
545.429356
534.367666
525.436893
543.121111
552.963840
539.869293
528.498780
520.726456
527.295221
546.449603
553.005325
553.926134
546.907754
542.472153
549.708033
545.958221
551.717295
545.313519
551.384081
549.472112
550.155039
534.598009
539.554199
530.808330
535.851798
537.418805
540.828792
542.739701
552.692549
546.171468
554.419733
560.031658
551.438459
567.783466
546.771267
553.071694
553.564338
546.407751
533.677441
545.250253
528.027170
525.936035
537.868607
547.143916
538.283432
548.707873
555.348129
562.547293
572.679078
552.657722
536.841232
537.493326
556.490609
538.510114
527.411842
531.375806
546.716118
536.576896
528.812576
530.986389
533.419087
521.401831
523.551284
525.389243
526.765317
529.126865
558.476924
546.105287
538.844457
527.013969
539.015712
550.404153
546.194890
558.953414
538.676042
541.747058
544.388566
534.429101
550.904121
541.347967
552.699349
543.926342
547.803529
556.695402
553.050983
553.875778
545.976601
544.284543
551.964899
560.261216
558.667015
553.262927
547.856798
546.349649
548.605373
558.278164
563.465907
544.282855
550.417067
536.180442
540.167938
543.253025
551.131287
561.756061
552.713668
547.687996
539.650849
537.273049
533.404410
519.605529
535.334908
540.172239
536.118575
533.961111
538.810378
524.590791
528.352752
538.438879
527.287256
527.023662
539.597600
545.807781
551.633708
546.562765
561.162594
553.105889
533.302583
540.177817
538.242707
527.992289
537.735552
545.522389
555.531521
552.290053
552.246506
542.849887
538.841027
538.560966
534.393026
551.410231
552.015025
551.263705
538.597627
536.850198
540.939022
573.127395
553.934303
534.397187
540.614792
536.962786
533.494911
515.492971
516.745017
526.322539
543.982362
554.547672
548.762354
553.215170
563.188994
559.118061
569.575908
550.354873
551.470679
543.424056
546.536432
540.613595
526.417147
547.527713
561.581694
542.282303
526.205890
523.910703
532.757965
546.501624
551.380867
554.850507
550.717307
549.768759
550.996341
559.726249
542.445843
549.740867
546.626534
528.789737
553.850275
558.412882
549.810292
539.815788
545.751909
527.790887
543.044091
549.523066
543.126278
553.009242
542.488096
549.837478
553.001131
554.939518
555.551473
554.365497
547.432776
538.999014
532.452639
546.628005
547.499862
544.680576
538.395165
525.143823
533.806146
541.603921
542.034699
544.285941
537.894543
537.390536
532.152723
540.333712
546.188577
543.666816
551.449664
538.701298
527.122032
548.985892
543.696113
544.851207
550.472945
544.747024
559.464359
552.907836
533.106714
529.389943
531.280638
537.031518
556.105856
534.965359
541.904032
543.350893
539.428870
547.787084
546.688938
547.109669
543.155359
575.927364
571.222316
558.480172
550.099374
560.869162
557.073368
547.025888
544.441370
552.145256
535.423322
530.737287
525.348793
530.960375
536.093755
549.090778
545.812133
533.171122
530.921037
547.990462
546.472833
555.754333
546.405648
562.750341
553.384589
549.761668
543.235660
538.066471
552.881419
550.248520
543.956154
555.287771
556.472725
549.301252
540.017553
539.949385
536.753649
545.930983
540.742577
529.143627
541.242070
543.633303
546.231677
541.466959
546.851769
544.552915
528.317353
522.536036
520.619586
543.513608
538.036555
537.194955
538.989936
548.666717
545.891332
547.522877
573.120278
564.146630
547.237497
540.475575
555.251835
528.886152
557.053511
561.473490
555.199554
542.986410
552.719287
524.575966
525.664935
526.222333
519.654333
538.279124
544.897972
540.948719
536.043760
543.916045
537.554236
531.955476
545.173705
550.839324
543.470938
533.767277
536.999416
536.705230
546.607035
543.298474
529.372103
524.170808
523.650426
526.319786
535.435660
531.635483
536.852021
537.199488
545.340448
543.909628
541.956067
553.295188
553.265544
557.220568
529.435387
534.964935
540.345406
557.588759
540.543832
543.607016
547.741360
529.089968
559.944277
557.937150
548.111395
545.543843
544.979543
525.102012
536.500918
540.643570
553.745814
555.742381
548.081400
539.965417
545.273169
544.390720
549.399841
547.737790
558.225086
548.076776
534.812505
542.914088
546.775706
540.861201
532.860357
528.236358
533.500127
548.886975
543.271619
540.425503
537.936434
538.575370
536.812969
546.057450
550.897828
546.495126
551.711935
540.829307
526.411461
549.081511
542.358585
543.157842
548.928771
545.544394
561.042276
547.185810
530.619827
534.496825
533.438933
544.851346
556.087227
539.390820
542.267252
538.990624
533.140634
554.750997
550.289450
557.081653
540.891733
568.577852
561.666714
555.149033
547.749474
556.202873
557.488988
541.993332
550.062219
548.093486
534.737902
529.197172
527.021495
530.270495
536.513629
540.005364
543.049322
538.468523
549.629797
557.257875
546.986320
554.186923
543.901569
561.600972
552.784936
549.671784
546.386932
542.054490
558.060199
555.442678
538.563402
548.116487
548.008221
537.644966
531.201823
531.174885
533.002696
544.101180
533.673149
526.517533
531.329336
540.133165
543.794159
544.956329
551.692369
549.944382
531.800770
530.446485
531.737941
549.434276
541.031350
539.623371
538.447421
552.686268
551.698364
543.167356
561.680100
560.479717
544.097969
543.229489
553.889648
531.535863
557.053511
560.487404
551.998982
540.314109
550.521454
526.033911
529.052455
528.617837
520.873424
534.181242
540.202724
537.028920
538.062999
540.182085
542.078370
533.221312
548.995921
554.844487
552.903059
535.109918
530.861817
540.152545
553.705315
549.068790
533.081151
526.876736
526.561351
524.969707
535.871256
533.391845
534.878243
530.520228
541.348998
536.088782
537.033431
546.275836
549.593282
560.045107
534.836566
539.386846
544.347537
555.176392
552.912331
557.649730
546.330741
543.674546
537.483102
546.216906
537.941941
549.922344
543.684845
552.727923
551.223698
547.605187
545.146850
555.509635
549.079890
561.981225
551.070306
548.422888
536.167862
538.307065
559.372493
535.996341
545.023072
540.534885
526.698945
537.934468
532.675601
534.032400
546.717247
548.731754
556.289888
553.908042
553.076855
543.513523
552.822888
557.389301
557.603455
550.373320
542.888849
538.709231
569.735688
570.190942
564.717134
560.480485
550.814138
544.557303
550.437293
546.567341
553.596634
545.198785
550.166039
540.911799
553.879093
533.235282
535.840459
531.880735
531.241693
535.479957
541.899831
564.468312
562.788064
547.860677
550.245964
557.729733
551.157185
548.308843
548.140078
543.726364
572.061913
568.923846
545.284298
536.843119
545.839881
546.414779
538.136179
529.704872
541.236253
549.499453
535.816211
542.350533
526.230846
536.321262
524.946669
539.568810
538.270825
530.813855
519.785602
523.771237
523.637900
527.758091
524.725040
531.336920
538.934476
522.375501
523.163889
537.431730
539.791772
553.715170
552.075815
546.560512
551.359659
547.033976
554.585392
548.053854
557.750953
563.855658
537.843375
540.014395
536.678906
545.176687
543.428705
551.497932
555.423759
547.008777
545.832961
552.058757
548.017660
532.711043
532.789134
516.841855
535.379887
521.835773
535.996157
543.109182
524.425793
528.909540
522.008492
544.389831
534.608191
520.880035
532.450999
537.133796
536.849798
543.113346
530.747689
552.724476
535.099640
526.007366
527.236361
529.561265
542.244430
548.699114
540.020528
552.665870
542.190661
541.369540
551.272436
535.070831
533.784285
542.921123
535.098129
545.718207
547.261940
531.340897
543.029520
546.919470
543.480463
534.210781
535.222002
524.522005
532.766579
544.967781
541.224033
558.870513
554.756854
556.630536
542.976868
546.196247
533.398528
542.339212
536.454235
546.057639
544.202672
551.023839
546.274116
537.478919
550.094694
553.534527
546.112705
563.550385
553.123387
557.507656
540.328364
546.646684
555.296985
533.645275
544.570968
552.773091
538.392401
545.624019
531.909803
537.447325
553.566779
557.477380
555.489679
553.964666
552.789236
557.655563
560.147109
563.043521
553.882128
549.335374
547.778969
540.165517
569.150947
568.384799
563.973401
560.409237
550.315728
540.743287
547.871155
540.625218
540.683663
540.157020
546.498232
540.473985
556.645977
543.317600
540.357156
535.277020
525.707177
526.907794
541.472013
567.618473
564.849323
547.687744
542.440508
547.054765
547.012279
547.418788
548.240584
535.205456
566.013712
558.224415
537.527196
535.177506
542.723205
548.423975
545.516007
534.940801
541.608569
544.918986
529.663055
531.966638
523.484483
533.489976
523.629986
539.346928
536.599249
530.805527
518.973656
525.316693
524.716183
528.619605
520.985500
530.369307
534.385413
518.127921
524.301768
534.502518
533.274904
553.717146
553.569398
549.796343
555.810898
554.044612
561.060646
556.399507
560.511038
562.151141
552.323190
550.556971
548.696740
557.213137
555.395111
558.383615
551.410840
551.781777
550.558277
551.105425
544.126749
527.365362
531.550272
518.987093
532.617279
513.171683
534.209914
541.083021
519.883431
524.416884
521.325866
543.823907
530.725011
520.694700
533.258019
540.033934
537.776468
542.772846
527.399151
548.019200
530.982422
523.191030
527.137544
529.162064
535.431492
547.332628
543.987026
554.785509
539.076522
540.398619
556.418966
544.265620
532.035376
543.338683
533.376400
543.066178
540.043766
533.921715
540.125287
536.224955
527.743893
529.864439
532.856785
522.775943
533.983255
543.640156
540.049165
544.923647
548.242777
542.658042
538.635387
533.423687
511.518431
523.191034
534.483339
535.019068
542.697323
553.514350
555.720347
545.699587
533.111828
531.291525
555.799463
544.051854
535.689869
533.198993
533.620340
542.763690
536.898622
539.465639
540.475959
524.404480
522.587865
525.468995
522.640883
548.501915
531.226103
546.351547
546.224064
537.033415
555.894977
550.898840
540.109623
549.110664
547.050598
535.365303
533.682525
519.896422
532.203593
546.763106
526.420876
547.455273
551.311619
544.212030
549.750545
550.825960
546.844614
547.858290
553.429326
549.108630
540.853508
532.554992
540.480720
546.036453
559.094148
546.416533
557.558131
555.969480
535.669150
547.654116
526.124352
519.473278
538.999165
530.443002
522.719672
537.322479
536.686614
530.101199
550.741966
549.668330
551.393364
556.217215
549.617566
545.484399
539.254806
544.412359
529.844861
538.458582
529.235711
548.233064
546.508146
545.223723
558.046299
559.868627
564.095828
558.448871
567.544178
553.004307
527.565410
537.212173
541.994464
545.947577
566.659717
553.274719
552.627629
540.109266
565.297365
563.621730
563.964340
558.307181
537.242122
541.204016
554.138487
547.161021
534.881078
545.710976
547.552559
544.053963
551.134966
545.617208
543.411753
536.903386
553.944823
555.750108
535.981372
538.670999
549.190867
552.680651
562.526390
542.380704
539.738526
540.230954
530.299204
552.456330
556.580442
566.458019
549.007322
530.877789
552.758424
547.615647
555.570822
545.221050
537.795055
556.469832
541.836072
553.045004
537.134925
520.694339
529.674316
522.471317
531.930468
535.934842
526.793405
520.352415
535.069480
532.614211
530.874565
547.320052
538.965690
528.469368
554.501631
550.762408
564.919331
566.810078
556.907707
555.941772
550.374102
536.282431
542.512083
541.964079
544.672216
546.536554
549.748069
543.000786
540.731242
531.556368
514.211123
522.848686
535.158685
540.419943
546.752291
553.964819
561.825318
542.236071
532.689781
536.818173
551.371838
546.742524
544.428941
536.938003
538.566145
547.123812
545.192349
549.718273
541.407619
526.927233
521.210783
520.857416
524.456571
534.570217
524.384607
533.528156
530.066412
527.193355
529.320952
531.617538
525.767132
545.220091
540.097997
534.661483
539.639100
525.671810
532.738619
545.462518
530.095431
550.820474
554.687013
543.468956
544.731546
549.457822
549.430618
550.443391
551.578405
545.912142
541.401756
534.767264
542.916228
545.919337
559.758649
546.713060
555.558934
548.189453
534.401568
547.328470
528.237540
524.442570
541.952932
543.718516
540.756309
552.069151
546.066160
536.099128
553.549836
543.170510
543.892586
545.658191
557.171178
552.944304
540.833581
547.848731
540.209030
539.682997
535.881311
548.233064
546.760649
546.999044
557.476261
560.106755
563.497048
556.629779
561.863947
551.569255
528.130279
533.627864
540.708244
549.840000
567.679132
551.556489
550.060177
543.969406
567.376834
565.450286
560.317105
553.889073
543.283790
543.780332
551.949060
553.586344
534.036381
537.624315
540.050799
542.952896
546.174457
546.830856
541.185497
544.332241
554.368207
553.363754
532.920194
534.969760
537.876854
548.376343
562.051273
543.611405
539.738526
541.061343
531.750938
554.525091
553.559256
561.780136
545.493574
524.708470
551.290619
548.350319
555.554055
546.579932
542.480246
560.029453
548.492355
554.814113
541.393698
527.341593
539.131462
526.349460
531.761163
533.440314
522.306073
520.209338
550.120624
540.968111
528.884672
544.407380
534.103739
530.800644
551.827486
551.239887
565.500759
564.074319
557.152632
553.806294
560.307978
546.378749
543.708138
541.356846
540.725143
537.690772
556.854006
554.397740
567.354839
571.027715
570.101185
547.848408
539.925704
533.866386
554.827632
548.504845
556.252696
540.542663
551.584865
550.359752
543.092874
549.628673
540.853454
526.529721
523.743031
530.942904
509.490194
533.019052
541.716881
536.038570
539.297596
543.254112
547.611301
557.384528
544.049759
548.417070
539.811381
536.828989
539.786275
542.270575
548.312267
549.339867
554.156008
548.476321
545.294232
541.275347
527.372496
525.990375
514.032172
529.575368
540.351007
540.163702
538.696193
539.936491
544.241962
552.675800
557.937280
544.870871
561.492711
546.750802
541.888456
534.753929
540.836335
544.406222
536.829163
541.041827
552.060441
556.907591
554.366792
548.860940
531.079710
524.703907
541.268949
534.314007
540.323799
525.936399
536.191119
543.198227
550.759056
550.817695
544.214415
553.768390
546.204890
551.690915
544.979306
544.528294
530.331822
529.822865
531.697267
533.527720
540.358105
548.613036
553.247069
566.535101
557.428502
535.949297
525.538775
530.416806
531.056844
548.673085
531.756698
556.944583
567.545921
559.801966
549.483955
534.897175
532.145341
542.332589
556.020411
563.079481
546.889574
544.297615
539.591936
530.852025
549.252934
537.048379
543.704694
527.111150
535.466011
538.687390
553.582641
552.683142
550.779884
551.793606
549.353951
556.448279
549.638550
554.365826
535.281041
519.218046
514.693786
532.887776
539.804455
532.785208
532.002833
539.268451
536.434531
545.931670
542.673465
547.193232
533.320574
539.396023
542.516259
538.888552
541.771849
545.726805
520.898344
523.277790
529.450204
526.130191
535.166912
546.167724
539.370250
544.869775
538.913154
525.478425
538.297175
536.895490
533.832412
545.855645
537.350676
546.900403
550.227015
547.338646
545.580726
531.105425
523.273853
526.728863
521.913152
534.804219
553.938719
553.237017
572.729207
573.083687
568.678561
545.323779
532.465505
526.680392
548.281726
555.212084
566.729095
538.944930
554.532251
554.118060
548.581401
554.812406
558.035879
537.005475
531.276751
537.174620
513.420053
524.801382
539.780824
537.873118
544.133701
543.716128
536.961986
554.721827
541.539564
551.477665
549.179693
530.516568
535.326468
541.555467
546.246232
555.019469
554.410165
550.823825
543.554630
547.835341
531.038697
527.649301
518.295324
530.282384
542.405957
545.571487
543.611694
539.040869
543.803604
553.253112
559.710188
551.559870
556.846914
546.289213
540.900558
537.706872
542.003816
549.169541
540.470811
543.385258
555.425587
553.656675
551.579934
538.163469
533.031176
531.082505
542.868562
529.219665
534.285840
526.454918
537.195435
540.022308
542.354619
544.538923
540.428169
553.470896
546.692340
547.410894
546.566927
545.254707
543.840850
530.261886
532.456099
532.906256
541.286100
547.501065
549.982424
561.294214
556.561692
537.173967
526.777608
529.541358
537.153883
547.266772
534.540835
559.060892
570.808379
557.012856
544.135044
533.103111
538.660362
546.976540
557.530353
558.438743
549.641558
546.683602
533.187155
530.560805
544.044251
541.588844
544.191807
533.084604
539.521095
537.164236
543.311184
542.531830
539.311188
544.549398
548.646149
549.749048
549.528216
551.872631
534.589735
521.196380
518.038490
532.334987
539.599837
534.338648
538.966910
540.420504
537.647362
547.516095
541.957723
551.750208
536.234471
544.294540
546.343793
539.459432
543.015699
545.458836
512.697507
517.775209
527.984665
525.067415
533.397498
550.608985
550.845284
545.611775
537.881800
525.056183
534.733360
532.965328
532.557286
541.539429
533.607604
544.896793
551.094447
545.009331
544.283802
530.903790
523.919239
527.738818
521.007061
555.084175
552.421465
568.925098
555.530187
550.008002
563.846825
557.254433
538.574633
542.635238
539.711621
533.611592
541.172735
537.284833
551.787220
540.290838
530.162953
509.025030
516.061666
528.139453
530.394993
531.459023
561.978562
549.593432
549.701696
562.772947
561.411875
550.039557
554.826029
539.432095
543.278496
536.472222
545.816185
550.243405
549.473748
547.062982
546.378117
542.338949
545.113370
541.788064
536.067772
546.545698
527.783841
549.106179
520.559219
537.452126
540.592337
546.122346
548.993658
548.377339
548.368108
554.978383
567.514551
551.477072
549.974208
568.903848
553.571141
541.531658
549.205635
529.794861
542.920646
553.514709
550.390679
536.169236
538.845794
551.769255
542.946268
559.852828
558.948868
545.990344
544.707599
548.577238
546.992638
550.356529
543.934497
525.594312
531.543347
544.229738
549.150868
564.377412
547.716786
554.159659
545.459349
536.308032
540.062845
537.704515
533.127971
527.287991
525.409234
519.634545
518.316914
527.726797
525.558021
536.491779
537.523916
543.245070
549.999914
551.190451
551.339421
561.289867
537.779388
549.518742
547.578949
542.129411
561.219936
566.164517
563.795585
566.959447
562.241154
545.420204
556.536366
550.494924
556.314044
550.284963
547.329902
540.068505
546.572902
543.488156
525.033415
530.853148
532.959157
535.735767
553.960667
549.958487
536.018573
531.540835
527.954078
534.993167
535.172533
542.604530
545.572210
541.324939
528.093874
539.718782
544.219655
542.190103
538.021769
544.508533
530.047168
537.968644
535.312740
539.565193
554.369397
551.060041
552.961087
545.277134
541.093090
538.960185
546.790255
540.733585
543.165070
533.529945
526.629973
534.407447
527.198052
537.853000
549.414729
535.002043
548.583636
560.240816
556.827153
544.706801
538.690302
540.403436
536.501210
556.368830
555.581626
570.292544
550.877066
544.322552
554.788863
548.203129
544.893823
550.076265
554.259703
533.781123
542.749917
531.322642
550.089165
539.656996
534.711104
525.554462
526.410670
528.355563
525.929380
524.021418
540.134036
538.044251
544.297857
550.040740
555.148134
549.435897
545.586140
531.902983
525.572252
529.076561
530.747604
538.991148
536.763486
543.405916
543.882655
536.833221
542.733291
534.876875
524.318141
540.716589
527.015325
548.197167
520.280396
530.155812
537.387685
538.142503
545.424491
543.090372
543.031229
547.993514
556.242643
549.552760
552.764629
565.043365
556.540400
544.878767
549.797815
532.696656
541.357184
554.148595
546.650104
541.809835
540.377236
540.672797
538.110059
550.078094
551.118785
536.634506
537.010173
543.812932
542.947504
549.159886
538.320317
529.430364
532.989137
549.027478
547.891277
559.680413
540.089500
554.643843
540.530958
531.909756
535.281200
530.957450
532.372182
523.115339
529.118401
520.256870
518.405026
526.707939
526.199528
533.257262
537.792111
539.866284
548.522469
549.183013
550.876045
560.235419
535.513165
543.191077
548.387291
539.239949
557.008869
565.254561
563.383662
568.425569
571.736382
559.647767
573.388799
550.476982
561.023203
546.280098
546.936298
544.269497
551.780051
549.517924
533.068290
527.339764
531.681537
539.786963
555.182698
549.657291
536.018573
532.547089
529.351804
535.796329
537.383035
546.001887
550.669495
548.034012
529.818178
539.756938
545.608193
543.840425
544.481334
545.812736
540.786062
544.340627
541.588167
543.117732
555.171739
557.986693
554.204442
549.463380
536.830627
532.189684
538.919694
541.442257
546.139237
538.742673
533.414282
538.231986
536.903983
546.746772
551.885254
535.671968
551.337532
561.973249
557.675957
553.361449
550.551483
542.643280
538.166597
542.439088
550.464407
563.335084
568.618943
555.956332
549.087690
556.531482
539.340987
546.190756
552.979062
552.118717
563.128585
574.373570
545.523357
554.518879
552.460140
561.907617
564.466903
563.148434
551.711699
554.182443
534.889597
539.333181
539.241802
557.128442
551.081002
557.703770
531.791929
540.992631
531.043503
520.302519
533.133197
532.807504
554.057696
544.577179
546.156351
538.430396
544.846809
532.042830
535.753167
525.810393
544.425171
552.024359
536.921225
532.919150
520.156088
531.573616
547.038977
532.815236
536.408957
533.854299
540.756084
536.901987
540.956291
541.876889
548.922914
552.173435
552.368980
546.178451
551.162872
563.213983
564.048512
554.696576
543.196514
550.953742
552.714689
547.975365
551.636061
532.508316
554.684002
537.571777
529.232107
534.316385
532.424015
539.551504
549.134788
542.649515
532.640760
531.928951
521.825383
529.175525
527.354371
539.374694
536.590016
523.975368
532.419010
541.360281
536.404972
537.271789
532.627475
520.796942
552.214865
539.007585
538.170799
537.797272
555.827444
540.159452
531.784102
546.455104
531.353359
531.562546
534.476005
537.074442
555.426868
565.576925
577.207561
546.631962
542.073102
541.567292
528.993791
526.189119
533.398555
551.905027
542.859320
545.937468
551.671191
550.261681
557.028919
555.926016
547.260759
554.245889
545.356596
529.083510
543.546473
553.592413
549.991170
550.454638
537.259531
546.313717
540.763260
532.190605
540.045741
545.765961
547.235105
554.967021
544.073685
556.615172
533.955360
533.852989
521.483474
531.282774
543.992146
563.394256
566.970864
542.393886
549.947280
521.702144
541.504695
557.373397
562.020986
552.028835
531.415932
546.928021
547.706544
550.356352
557.895220
552.089730
546.474552
564.223928
554.393046
548.532497
544.274314
545.208551
534.578016
542.439088
552.248855
554.107059
557.390219
548.439641
544.018893
552.241922
537.533981
538.643853
536.830966
549.217483
555.949667
578.008005
548.246667
562.133131
554.237606
565.249469
563.085731
559.083551
547.072731
549.404622
538.004863
539.876897
537.815987
550.510040
555.442940
557.214024
529.939708
540.179719
533.353312
524.665382
526.612251
530.557971
563.816542
545.378456
539.252517
541.941612
547.501730
539.698782
549.674209
537.634879
543.507633
555.553602
540.270259
537.176463
523.835809
532.000096
538.485463
538.372351
540.384192
538.465699
546.335983
543.629381
549.314160
544.433826
554.657161
552.156972
551.107136
539.980979
543.476853
562.556663
549.581472
542.559244
529.490106
546.172511
551.398891
548.707367
550.689546
539.623735
550.361925
536.643635
539.137138
536.790819
545.249172
550.299696
557.562101
552.075039
530.045617
531.664144
525.716565
529.287952
526.891274
538.684740
535.910515
523.878280
530.558331
537.829635
534.721493
540.963414
532.119762
521.649016
553.506539
542.545802
542.976981
546.027684
551.515470
539.023259
533.786516
545.787839
527.021244
531.702823
531.655394
534.410948
532.405737
545.702637
565.027336
538.907562
540.828490
537.431787
520.559009
516.557004
525.708528
542.708989
538.144940
551.186448
557.282563
555.097897
553.624887
554.228008
547.861278
549.342170
541.380723
526.082549
543.546473
552.892787
549.711450
551.103139
536.247325
542.906205
538.722833
533.419483
541.679936
541.162778
544.193232
552.025713
540.059397
557.813571
534.275015
537.592316
527.478857
533.126052
545.192676
561.698494
567.097260
543.853979
557.063571
518.401224
538.682411
553.554198
563.799326
550.832292
522.789620
543.497161
544.598312
552.424821
554.595017
549.635491
536.424764
554.711332
548.749872
542.015427
546.318953
546.716483
536.251018
546.930987
542.146658
554.525676
559.378465
547.179257
537.021028
542.840806
537.985849
521.076509
522.616943
523.535359
528.503388
533.546223
518.828951
517.994549
519.574846
527.164148
534.081796
536.610055
524.072285
541.580026
541.187180
556.887150
529.179541
541.111311
541.260228
537.806863
535.833047
534.280188
528.075024
525.800861
536.975452
526.884291
538.202111
547.706782
545.191726
534.887438
532.794874
532.755028
524.956461
540.213391
558.222905
556.668791
539.380818
543.799739
557.122229
543.991027
546.304250
536.330681
535.528849
550.369774
531.627261
529.216846
548.648020
557.664712
549.074397
538.181791
534.388838
547.409918
531.062897
541.216646
540.673243
528.471786
521.287219
527.313324
517.552294
527.363101
532.250370
529.968150
545.830543
551.314481
538.573814
538.378715
528.034285
537.455286
544.218895
552.905428
561.654332
542.090243
536.213480
533.482062
540.870428
549.469978
551.728684
528.528810
545.550397
549.088520
546.956976
549.752748
550.136200
558.143044
542.647965
557.578904
548.807245
559.404520
556.619742
542.631497
538.852995
537.897120
533.112405
534.999668
531.585461
529.437534
557.827972
532.089004
520.206874
534.795067
537.776950
537.720505
534.338492
548.783079
541.156886
541.585146
546.242143
547.095448
538.454063
537.134967
527.963574
519.775956
524.926104
531.852356
541.937653
549.079332
531.423450
542.182888
521.821828
537.423924
538.447591
543.896265
549.806261
558.278910
559.795359
542.292537
552.525238
559.653142
547.186042
570.594723
557.952902
546.845089
548.170382
538.287816
537.089892
526.147991
532.957732
532.676473
528.759637
536.620941
545.193801
540.966692
532.780935
532.177731
538.133198
554.792728
533.758866
530.949787
529.099625
512.403210
527.195243
536.478873
549.244609
554.341844
552.773167
544.905487
528.105358
543.846679
538.057712
555.014283
560.722717
544.101609
535.160974
544.662886
538.082984
527.402873
529.192231
520.575687
525.646219
532.949613
527.492595
531.253743
524.408999
530.219920
539.908621
544.436962
528.152507
535.328078
536.960673
558.615764
529.519295
546.760946
539.597833
539.556737
534.928140
536.221691
532.431533
533.815755
536.695406
529.509702
534.814365
538.670298
537.828060
538.590883
548.020963
541.750181
530.495639
543.023305
558.187268
553.841631
538.790323
541.139448
554.329167
537.055858
539.133682
529.937312
530.947488
545.274327
527.343640
522.312770
548.556834
557.680106
550.962714
541.249508
539.574947
553.822391
542.823049
549.479714
546.666018
530.124960
526.595487
523.163498
519.742062
519.812753
533.501577
523.033955
530.479258
541.113429
532.519168
538.686282
536.320103
540.728999
543.317668
552.186040
565.293031
551.813357
551.004847
538.371779
548.618728
550.644626
554.194995
529.791197
544.525085
551.519761
554.638468
552.613354
556.649103
562.896117
547.192467
556.328647
543.527377
560.633837
561.112931
550.056697
537.535328
537.482395
527.270892
538.890597
533.860537
530.906437
567.387155
535.465337
523.663572
532.129213
534.716635
534.265095
532.124242
554.932443
551.588369
549.363261
550.570791
558.282380
541.473646
541.416910
529.456379
518.096495
521.052843
531.864984
543.650027
550.587420
530.360368
541.381942
526.350011
537.301926
538.516995
541.881582
545.264562
548.326879
551.944917
537.051234
543.779356
562.978208
553.916683
571.029741
561.756532
551.344425
551.128262
551.116506
539.525348
528.013044
529.789416
521.414943
523.593859
540.195145
553.045422
537.528352
526.299883
521.887259
540.751840
558.988602
536.910493
534.465633
530.950837
515.675733
526.192889
543.596243
550.541879
555.426303
552.351953
543.380195
524.545874
524.207778
530.212458
544.222200
534.075786
534.843886
529.860880
531.943240
536.387296
552.527035
548.709215
533.358666
543.927834
552.818699
565.295525
557.369572
556.300041
557.011668
555.557471
551.859278
537.314440
522.151866
529.814964
531.861197
548.895085
545.043749
532.281950
532.084235
529.053596
536.280114
533.939193
540.520533
537.847490
541.612346
552.257893
545.249726
553.261610
539.239448
545.516828
533.421507
539.738437
536.246392
537.933303
551.192064
543.145692
550.761103
557.131276
542.326994
548.867359
558.884472
567.930649
553.910192
545.324142
553.440284
545.484390
542.215389
538.463410
552.473269
552.088366
550.623748
554.834484
537.604941
548.464298
542.346658
544.748840
537.403117
551.179438
562.956183
562.876779
549.816879
532.382674
536.135112
524.955469
522.569411
537.291862
531.013752
533.033803
539.790436
541.073959
528.528524
524.096049
539.358864
532.907275
541.840525
538.866880
552.537663
548.377740
540.841681
540.289995
541.708503
542.760055
566.197137
568.521964
566.910290
560.645560
554.191853
537.800480
530.678272
534.154084
542.617874
520.209283
531.924916
536.506688
521.816052
566.137265
552.055800
554.191440
556.102197
542.211193
545.305265
535.410270
532.717428
529.438427
558.007435
550.063934
554.174670
547.367527
543.457863
535.523111
545.060890
547.717288
546.032526
539.241146
535.331102
552.880043
557.000353
546.154092
536.598654
536.747683
554.194461
555.773863
554.639111
555.231990
550.439692
539.779268
543.193041
530.367972
546.491150
523.181647
529.428321
541.910837
536.269886
530.819011
534.798159
545.882623
564.526766
553.178386
560.523443
552.683740
536.523467
534.773710
528.344460
545.268178
545.253619
549.046984
551.158515
545.724865
547.809593
548.330705
554.509033
540.202710
548.039020
543.064942
549.510219
533.028413
521.924388
527.889295
544.134709
533.810801
535.273095
533.993427
544.455571
543.610077
559.168964
550.654668
535.540048
550.972368
546.607222
559.110139
553.779537
556.447453
566.637626
569.989954
559.870363
548.398063
535.512943
534.164344
531.729391
543.206966
553.048922
533.649857
534.759849
529.004862
547.194089
548.226774
557.098532
551.167598
555.690383
561.729020
554.586466
550.111326
535.541577
549.860684
543.189250
544.558617
540.640357
540.586106
553.473083
543.963809
550.589682
554.977905
538.596199
546.022308
559.868321
571.883547
556.939975
551.439804
549.511325
541.104438
542.240225
533.196851
545.507036
543.960378
551.156298
559.025332
537.640448
547.375133
532.984449
537.888494
529.283966
543.101332
554.508052
559.322303
545.616648
532.157823
541.317783
525.756528
529.880128
537.103029
526.227901
526.576710
543.318492
545.257915
527.442959
522.887062
537.497454
530.114094
540.029845
535.436047
550.717543
540.852277
539.693369
540.593055
542.876197
542.972853
568.152920
568.344307
563.249790
559.190359
550.758397
537.080291
534.804431
532.010164
537.337524
529.672749
540.071199
543.183339
518.986692
554.914512
548.457905
550.095138
555.245050
542.110925
548.998186
540.504768
533.295763
527.276684
550.944095
546.428922
559.873248
550.991261
542.691808
536.097410
548.018458
554.834974
545.196968
548.164220
545.318520
554.181258
557.928448
548.304732
540.074360
539.081599
556.611610
557.502289
555.437229
551.290352
547.328768
536.091758
539.045576
528.949711
552.968436
528.347828
534.386773
540.097496
537.251758
532.346267
533.426161
541.991634
564.097772
549.199566
557.239974
556.808263
538.026536
539.361287
533.179877
539.744639
539.995982
546.076344
545.081608
546.081440
544.170125
549.423458
553.330061
543.602561
551.723174
553.851385
558.573050
543.271377
538.644053
535.457122
524.369122
528.205422
526.195020
532.177255
523.708852
528.887176
542.772462
543.765632
542.991223
545.332246
553.756609
543.950792
536.998160
539.988487
545.207767
534.179244
537.696500
544.538503
544.052987
530.664403
534.960005
551.467590
550.499189
546.372582
557.095067
551.829084
538.114335
538.497117
547.319252
553.107215
555.796528
565.785176
565.980519
558.445569
548.434592
560.518938
552.261774
547.914040
542.598468
548.065986
548.402988
545.739736
541.766768
558.830473
552.957148
547.169158
547.678409
549.588577
541.363796
541.688695
535.407935
535.904135
534.974960
543.205578
541.837751
540.255288
536.593106
533.500566
526.381714
531.510766
527.792952
513.514445
512.862126
531.784424
552.487288
553.956508
541.611389
545.175302
542.920357
526.547810
538.421946
535.315071
520.546156
537.524099
545.340097
554.230692
550.243889
539.939095
531.507823
545.865997
562.585356
560.264045
555.082695
553.113260
548.662199
536.357866
555.263979
559.825848
559.480739
547.310951
540.432906
544.166319
554.123377
550.800327
543.561666
535.767016
548.830162
534.725958
538.140963
543.714251
531.993291
554.784195
558.994360
571.523077
535.650630
531.044487
547.413724
552.106275
548.232027
550.041902
553.806669
559.016149
559.249957
537.824748
539.693308
542.594732
537.890981
537.029904
541.910512
542.941107
545.212288
537.536595
548.560464
552.511699
572.689062
570.777459
567.617715
561.656421
559.726677
558.008129
542.712861
536.466102
537.258843
543.928889
545.818740
561.853539
559.910471
548.833674
549.395307
547.685041
541.110214
543.361565
543.641317
532.711551
546.995512
544.429167
543.941899
553.949769
554.345746
558.795700
561.980556
565.120340
549.230728
555.217262
540.151731
546.679766
552.979153
551.794310
530.022613
527.587447
539.955715
543.245161
539.721713
537.469238
530.492363
533.591739
532.976347
538.677088
532.859213
537.053472
549.734832
548.281346
537.686646
542.052424
556.254975
545.720145
538.939741
543.151012
544.708266
529.538710
534.309431
539.068993
544.984173
528.729175
540.134225
552.191849
555.490595
556.763030
566.795318
553.593546
537.247770
536.322474
538.372146
535.255790
539.057271
545.820183
555.222844
539.519019
533.535352
551.205599
546.161746
548.310057
541.033407
548.704966
549.984622
546.818159
540.763630
562.327351
550.716285
545.017908
545.162455
551.240891
544.188583
539.658100
541.937655
544.840387
546.013196
554.200642
543.776178
543.124366
536.576078
533.886580
528.526584
531.059988
534.833423
528.904986
528.634103
536.405255
548.433814
543.412305
538.522952
546.586723
541.331022
534.202254
535.887001
532.581534
522.034793
535.868137
551.707084
556.126766
551.616601
541.849762
530.538623
543.508998
561.934129
560.441327
555.723796
554.937367
554.204211
545.497902
558.588144
562.995311
565.374321
553.447841
545.123849
543.411105
554.718567
544.549623
529.330617
522.062439
529.274554
526.502985
529.330152
535.149356
528.780927
551.797040
554.427310
570.266376
540.410618
535.535559
547.965783
546.118238
544.339475
542.114954
548.795255
542.997601
546.206063
529.592073
534.613228
547.721662
542.910302
541.900195
548.335694
553.669734
558.893493
538.341639
550.020804
554.270205
569.935377
571.553019
560.400489
553.584248
557.096448
553.244188
539.815359
536.763551
535.579762
532.634079
542.682679
558.783836
557.482683
543.995924
543.844668
543.002446
533.009634
536.462780
532.061230
527.907147
538.118399
536.167521
537.928895
545.998599
550.870355
558.742450
563.267638
567.423777
549.316326
552.838366
538.440598
538.867336
546.514845
548.894481
529.839491
524.730455
534.207127
539.282701
556.061475
554.406925
533.602707
549.849899
557.301317
548.142549
542.636375
546.714153
551.840722
550.121209
537.875455
535.853600
538.218173
536.091620
537.688773
548.094758
550.068977
542.798060
538.764565
539.920711
543.923344
529.543805
532.615768
533.630448
545.543838
532.602511
529.799586
538.284549
538.659660
535.031560
538.355533
526.558056
521.331909
509.561595
517.519197
529.570271
538.520252
538.575094
535.003362
537.688154
538.636421
539.798626
556.636981
544.589635
534.509605
536.414564
545.420405
544.018891
548.438684
549.265732
544.831718
540.766141
549.500936
544.199311
540.600711
543.678370
549.225754
519.452351
541.907231
531.511249
540.337290
538.534448
528.810668
535.932750
534.105016
528.077952
513.036535
519.008989
526.185997
549.904067
567.545628
566.616653
549.052694
557.323812
562.137560
549.276817
560.658855
551.797429
552.385855
533.577469
531.970239
536.115541
543.741928
542.552302
551.305173
548.317256
529.799034
546.383637
560.566599
549.241527
539.235065
547.194687
551.004588
553.550487
555.669120
540.587629
560.535797
553.064851
575.411937
566.532961
544.336966
542.486955
548.792212
552.222913
544.063571
519.908365
525.779213
530.637944
549.774600
555.337998
535.626796
545.039426
545.511740
541.235815
539.672277
546.514166
549.375252
542.202752
553.446537
534.213552
535.513297
523.250914
543.816459
539.344133
531.856596
535.698682
543.812527
543.005260
539.650138
521.075167
541.109851
536.248784
549.739957
562.135525
555.444102
535.300046
532.378694
534.196361
538.782388
546.862156
548.025989
549.343776
565.378320
546.273055
543.146460
539.344772
525.186910
547.264720
556.523533
545.262495
563.814773
539.684538
529.030236
541.916369
538.100785
539.700706
529.921639
535.422259
533.324450
525.843181
531.688492
543.545796
534.517140
528.067668
556.187865
555.030071
531.026745
554.527622
558.032495
539.341306
535.051256
538.223037
543.450953
547.797064
542.738969
531.505847
529.408318
532.856156
540.916802
549.921430
551.383602
551.401318
551.946002
552.496325
553.490798
539.348330
552.593128
540.874604
559.342027
544.249824
542.397073
543.406823
531.681927
533.608393
536.072090
523.326904
523.873462
518.097296
520.631002
525.344926
532.416129
538.221392
540.158617
534.908784
538.200412
540.177740
553.989339
544.445347
535.099309
538.128640
547.415621
547.466535
548.323322
548.892891
541.790133
536.920959
547.751031
545.157834
544.197546
543.256177
543.940807
515.220796
529.151255
526.796622
535.877024
532.035173
522.624354
531.119242
534.590652
539.070213
528.504072
526.119014
534.779855
554.929099
577.390902
566.715336
552.359836
558.671333
560.326435
546.786470
558.986536
550.985577
545.653503
539.239107
542.926943
538.010670
541.305337
540.368103
551.419942
548.736541
531.537006
544.074265
556.438432
546.192864
538.984016
547.808502
547.886235
547.890807
549.502742
534.244128
548.470594
542.591605
567.978906
568.207758
547.651391
548.984328
549.723087
562.924543
554.850875
530.631948
530.076702
527.495661
546.761629
553.476870
528.608017
531.588517
534.234815
534.543855
535.376655
535.463978
542.007154
541.868323
557.134948
547.004441
539.445200
528.649403
544.053630
539.342378
531.810490
535.828300
548.661466
544.686323
542.381593
522.088802
540.774160
537.092750
550.346892
562.770866
555.312146
535.811773
539.443133
542.135643
549.676032
550.272410
546.839275
551.911221
561.346708
541.598122
540.818062
532.676168
524.008235
543.698579
555.091294
548.001816
565.131698
548.361774
531.658377
541.372307
540.086783
538.820652
532.577997
538.530926
532.039464
524.417471
531.101019
542.832251
533.484305
532.025621
546.481977
531.139395
558.225070
557.588419
550.258520
536.015385
536.450650
556.780227
545.009566
527.124865
534.297957
541.200178
543.763942
549.196138
546.606238
540.819179
552.591216
544.958403
540.460964
522.329406
527.647437
543.134682
552.397731
541.236656
524.988300
542.143771
529.861743
537.406629
553.329029
555.770216
567.628894
546.150872
550.650254
553.973141
550.193653
544.003501
545.732908
540.517055
525.585604
524.300212
549.262370
550.952937
544.397618
557.712529
550.058291
551.658539
548.903910
544.584872
552.008074
537.899405
550.144607
558.169418
549.198781
538.263723
543.440277
536.505559
536.687821
557.786098
549.729921
531.239338
530.562497
531.360464
516.382223
535.593005
536.922425
537.045210
527.258712
542.361824
547.008671
542.795578
539.760680
547.184281
547.509093
543.467852
535.661065
535.442716
539.357177
538.759291
538.216090
535.372812
509.186423
525.384667
550.306939
547.541614
546.707076
534.513437
534.037887
543.073546
521.360062
530.246578
546.013055
560.030157
553.933078
533.015566
532.116848
517.573022
532.719480
537.756562
518.079066
531.811900
523.467543
540.683505
547.183607
538.080409
545.033181
515.061149
518.592986
516.230019
512.515534
530.303669
543.050909
534.139224
527.325140
524.135153
528.810964
521.240588
526.719616
533.039079
524.928149
548.349071
540.086173
540.013925
533.040781
532.605849
551.061717
552.638445
546.418400
547.315503
544.821770
545.790837
547.693447
551.466814
541.717666
548.304272
554.692149
550.796269
543.126235
542.553783
547.922852
552.024500
541.352423
534.157009
546.180179
547.021965
545.687362
548.474847
551.714560
557.777664
539.056237
532.569047
542.583377
543.109583
533.821906
532.337594
540.605434
555.934084
557.991040
555.219428
554.134667
541.214566
548.123909
548.038610
547.909126
547.025521
548.917172
536.654791
563.262263
563.073392
557.507997
545.792991
542.512597
555.056981
541.495887
538.550565
545.263091
539.239757
541.784004
551.863087
547.111236
552.119268
566.765027
563.713991
544.475595
532.949932
529.626935
546.134374
545.602790
532.704832
531.064767
538.938152
529.944592
529.509506
547.260288
551.234443
562.050784
546.994852
556.038489
557.870295
547.302684
536.841067
533.634677
527.197276
519.583038
519.729485
550.933792
547.829965
541.814296
554.383715
545.889272
548.533869
545.778107
542.030619
544.581822
541.481989
551.091865
556.315014
552.556570
534.993459
546.746970
536.812813
539.373571
549.280631
539.716536
530.425871
539.563511
529.492061
526.441820
538.075612
538.415448
533.046216
531.006161
546.276175
550.536012
551.867956
544.897142
558.530618
550.916480
542.219528
538.396562
532.474307
551.444773
553.625020
544.993240
532.000610
512.421160
528.030305
551.097325
550.967943
549.250528
536.608990
532.879531
543.555447
525.009141
534.835340
550.300104
555.819104
551.994473
529.602878
532.037051
521.024903
533.695776
538.195136
520.025566
531.958531
517.416830
540.155320
547.779029
541.623744
545.337471
520.468456
518.300802
504.413575
505.215712
525.723063
536.306596
525.866223
520.053888
520.506939
523.325525
520.282409
523.144389
531.725359
524.611830
548.639632
538.772915
546.173001
534.109587
532.388596
550.343397
553.372914
544.774103
546.151019
544.737668
547.463666
549.119505
553.312755
540.722265
544.463289
551.452843
550.244132
539.050009
540.972547
548.981565
551.816017
547.187368
541.701270
548.185519
549.060813
549.996399
567.409454
553.129835
555.972882
538.726667
539.404570
545.376700
539.213160
532.634996
529.121417
536.529973
552.861628
562.164699
560.078080
549.876813
545.377113
552.137999
547.616621
547.190194
549.115057
524.009121
516.949560
544.074160
542.949420
551.373140
537.582584
530.617422
542.612836
529.904930
551.108635
533.185827
537.053696
531.199663
537.670329
534.977516
548.196868
548.620825
541.541135
539.067618
528.180494
540.143248
528.934434
535.262788
534.343927
539.327131
550.325005
561.639897
545.712951
540.448240
548.803392
553.495398
554.814296
532.394522
542.116594
538.118030
537.962989
530.210280
529.679459
534.997315
546.898334
538.960034
530.963514
542.242090
535.267943
540.318767
540.781259
529.161688
532.943554
536.106492
544.359009
544.541167
531.695597
530.535542
526.385478
535.902071
546.968851
552.054796
546.714038
528.564899
542.567921
540.822648
553.166204
547.179881
531.558647
541.576616
533.166147
532.770983
534.299859
546.414753
547.682057
557.584170
554.378528
544.779447
549.090860
526.407260
537.772306
549.721033
559.361433
543.224714
552.816056
541.792373
541.853138
548.567375
546.170849
538.867540
550.418993
546.047664
552.427913
544.402267
537.209298
543.629286
541.808658
537.088360
523.133694
542.470900
525.579650
525.260826
533.370695
527.743308
529.467938
524.642100
542.654449
532.538095
529.885281
521.963054
536.668191
537.399580
548.701698
541.959644
552.424575
557.710973
566.753923
561.936417
565.696398
549.817993
539.725082
533.291654
539.676958
527.939764
543.403372
541.517836
546.530662
549.888282
523.065142
539.744386
548.673369
553.089865
537.374971
551.031670
542.583196
542.547166
545.598244
556.877037
545.988774
560.934908
541.024014
540.992036
540.095420
549.519284
550.570826
555.455723
546.506829
544.397335
537.699862
535.057338
541.205396
533.636979
536.747017
536.429090
530.809152
545.762809
540.835241
542.642212
521.658721
527.819234
523.880077
534.903997
544.125290
537.589857
538.238608
542.360099
542.255168
525.144370
522.217970
522.680376
516.356755
543.373254
539.947026
552.311954
532.602277
534.294499
541.239229
539.277161
549.254842
537.919426
537.698236
542.813793
544.534217
541.371515
548.378268
548.989678
548.569565
550.126195
532.451300
551.404841
534.430524
534.249213
539.058078
545.989702
551.338487
561.680323
542.506438
528.968888
543.093919
553.859296
551.253543
535.645920
554.564676
545.245254
542.816457
529.063222
534.603006
539.583585
537.541390
537.829327
529.883620
542.573314
536.190951
541.052192
541.340313
525.226800
535.320257
537.355139
550.121187
553.865894
533.751229
530.021890
539.061837
549.475920
550.246717
550.637088
551.895693
525.930203
535.136493
536.884353
547.407132
535.874135
536.433477
547.909385
542.117139
544.117459
543.328236
538.946951
542.376048
552.348836
556.308973
551.949499
550.122743
534.879463
542.896415
552.233720
556.559272
543.175559
551.804395
539.073106
535.710575
548.567375
547.147015
539.281545
550.079366
549.575196
551.251938
543.080327
533.726825
542.261096
541.878131
533.816673
522.101603
537.751492
523.628742
524.976325
527.948436
525.535269
524.182374
525.574183
541.998802
536.032829
534.252203
521.720685
536.047760
541.654388
550.344684
539.707382
545.527425
548.556965
553.684762
547.896543
548.790272
542.921158
537.074621
534.512930
538.657831
525.147807
541.068414
537.475978
547.287779
549.708464
523.065142
539.218454
550.418115
554.888616
539.917416
552.655517
542.867426
540.142042
542.948616
556.074702
543.638930
559.334733
539.654275
541.947612
541.464906
551.710688
552.491263
552.872438
545.905330
546.019972
538.553367
534.087463
536.101439
537.472032
541.998579
544.672485
537.392972
546.916489
541.896325
544.321138
525.686266
529.127867
525.990393
542.027848
546.892295
541.229094
535.949378
534.852877
532.370200
516.017077
517.093023
542.507060
537.645506
545.305886
552.818645
549.577802
537.820697
545.469789
537.920524
528.811016
533.176360
529.563172
530.184643
549.514487
558.119930
567.252119
567.519011
569.547544
558.815479
551.648806
550.988994
552.643477
551.542700
556.599329
548.550745
546.019329
544.825438
545.007668
557.071308
550.568612
553.605828
558.155949
557.699266
555.625059
544.549065
544.540011
538.988189
538.483638
547.123401
543.178796
545.729875
541.575895
545.846664
547.581266
553.360126
557.248620
553.238243
581.691987
554.507922
552.202085
552.428527
553.638528
538.632382
551.484195
530.680421
549.417678
529.825297
515.615049
533.812750
529.536216
524.820631
530.783376
539.214107
516.686768
539.535102
541.520137
549.747407
540.285207
542.141706
538.733430
533.868178
536.804144
538.728454
547.265695
542.388596
528.887854
545.660774
551.174629
554.918722
555.661125
540.720729
545.008904
560.016682
534.595124
527.799957
527.686729
533.647475
523.788868
535.264372
538.564244
536.968474
548.718793
542.975705
540.818099
513.720918
526.375258
512.901626
535.212327
534.297154
548.284089
534.987883
538.080179
535.919382
551.175077
553.513845
551.153050
555.051461
538.556752
542.642369
550.413950
551.913485
547.089165
542.836960
546.335589
553.855394
543.753062
542.593949
535.535271
532.569992
524.480729
526.487108
534.763462
533.007160
544.230574
551.217656
535.209108
537.245160
537.651380
532.572432
527.177709
528.429854
527.395832
540.664360
535.620164
535.335269
548.690262
550.129254
549.840661
549.441875
546.158020
568.897919
554.342730
558.926986
555.929596
548.540431
556.989186
556.959144
547.317754
548.675653
532.197061
533.773351
548.639202
563.470698
549.027926
555.776212
559.338444
565.983057
566.803007
562.348487
563.846531
558.838463
557.627481
549.516773
538.833429
530.350338
543.940759
540.741350
547.330271
550.159980
551.832605
544.798273
551.867005
541.619831
539.962014
540.624084
535.397444
529.200898
545.794848
539.863634
557.201603
558.848812
560.774467
548.643218
543.743471
545.090503
551.739533
536.559708
542.684666
544.374028
543.246187
549.441694
548.122369
548.113683
543.409312
547.958904
545.469507
547.186191
548.534041
547.058193
555.312445
545.957053
539.269261
552.914424
555.581460
548.911536
543.383132
547.556666
550.420992
554.925164
560.832638
553.070023
580.190019
554.676879
557.309782
554.969500
550.976296
536.561154
551.076586
531.150169
540.405939
523.596187
511.810178
529.273446
524.742077
517.707478
529.424914
554.572022
518.716903
536.140680
542.660295
558.515529
542.348865
540.609204
538.461626
534.677053
539.041483
545.534324
555.049248
541.073267
528.700770
547.844353
551.540396
548.849913
545.767921
540.675006
550.878301
560.947118
534.627153
530.024865
528.122825
537.103750
528.137409
538.686847
544.976869
537.683312
548.342916
544.233048
542.264396
519.221231
532.492925
522.947702
543.778228
536.229738
557.127007
540.753824
535.191907
535.164696
550.854236
566.383047
555.202479
557.109188
539.546849
552.127321
554.893637
550.816041
548.271183
549.884508
555.616318
568.649427
550.166360
548.074776
536.887862
546.367985
536.933194
536.282262
541.159180
539.945179
543.222611
548.501787
532.497190
533.175363
530.400120
528.076179
520.631111
527.104006
526.307783
538.180980
529.978703
534.455107
543.628892
547.172212
545.945248
538.095017
541.108157
556.437718
555.405844
560.645866
564.911452
556.167341
558.751295
557.750597
550.497201
551.929505
531.010075
532.205219
542.642281
555.889204
542.031472
546.716610
557.822724
564.207899
566.151018
556.402998
557.843883
554.426850
551.250718
543.961586
536.116561
528.584089
534.094081
520.425904
523.693117
532.079545
534.742488
543.762111
554.045066
554.328166
543.559540
555.578959
548.981763
557.047949
535.671900
522.013518
526.816444
528.548022
515.477031
534.209859
532.041250
536.629163
535.404775
562.164109
544.223986
537.130738
550.428251
541.046189
541.096477
543.717766
529.775169
534.773748
554.548619
546.455881
545.169070
541.603406
538.710144
533.772824
542.012421
551.675277
558.061987
562.634578
568.326995
532.490033
539.257635
566.481119
566.830574
564.423357
530.124163
520.542962
522.854013
547.901859
545.205839
551.497427
547.954458
550.307943
555.823213
543.387194
538.749459
544.941207
544.486570
548.651539
550.587127
539.920868
555.355266
547.445201
550.657112
537.389507
546.875108
534.502247
532.239390
535.618573
549.748641
537.617583
543.838304
543.453863
535.481650
557.186825
545.999338
549.224696
558.574689
558.786146
555.263349
548.724270
537.929421
539.337330
535.613784
545.072219
537.623789
539.393610
542.205226
538.149630
527.991232
527.144841
526.484317
532.052692
547.771387
552.084691
547.707475
549.598576
546.747279
545.588224
556.079471
537.320517
516.706749
523.467464
528.312493
531.744044
540.004675
518.684251
524.226304
549.592860
553.189330
545.075553
553.825110
543.135778
539.022719
524.171369
532.830311
546.312938
536.158527
539.511153
535.076904
527.447941
543.658786
533.973553
522.512164
512.318733
537.785393
534.535095
543.371901
541.126229
528.460522
523.640422
544.803952
541.432234
544.541263
539.405666
523.290108
526.115259
533.351860
542.212726
549.391879
530.273527
537.553972
531.376525
520.795945
511.077556
522.530254
539.599983
538.898192
531.033250
525.333593
528.182142
526.295232
546.749926
537.120008
547.973384
535.418772
530.634900
538.190715
536.511029
534.574646
528.754980
541.498899
544.423412
536.242891
520.227298
520.113452
535.414551
537.610828
545.284527
556.155568
553.989310
540.314055
546.380875
546.279479
555.396966
538.765711
518.463101
527.023197
532.085365
520.166823
531.330309
530.984256
538.749376
534.264675
567.057756
556.609356
550.619389
553.198645
544.501151
550.040671
544.439244
531.313460
532.805076
557.885673
558.873294
550.950589
550.692270
541.464404
531.534212
537.196006
542.562214
560.049360
570.841037
570.640835
528.535543
533.145474
557.805397
563.332282
556.739872
525.221276
510.557181
514.392109
538.432760
538.849068
546.883543
546.093416
551.459826
550.610679
535.705447
532.253840
540.266891
538.762296
550.276903
551.860989
542.387125
548.708484
545.449711
547.581332
538.132406
548.223476
531.260768
537.725151
542.669465
549.521211
538.760258
542.576604
542.509943
534.355250
555.624768
545.665427
553.895946
560.822997
554.627400
557.575598
559.316646
537.929421
539.382739
539.097007
549.639467
542.556467
545.289248
549.018184
544.476490
534.988931
538.173670
538.030765
535.114442
548.794512
551.092939
548.865472
546.935473
546.552353
546.409484
556.004619
531.247710
513.902432
515.588404
509.304403
522.953249
535.488150
512.392748
524.818056
545.115255
554.575913
546.841867
550.070616
549.066010
542.104238
533.874843
534.721391
546.564292
539.750656
545.637916
534.659065
530.168700
543.730497
531.537730
520.165109
511.877211
537.921319
534.659246
544.796198
543.630707
532.256203
527.921689
547.136546
550.566250
553.070585
538.800606
520.854122
522.720738
531.922703
540.970750
546.429461
529.137645
535.922269
532.663006
525.000344
514.563190
532.508689
546.416297
539.732014
534.530942
526.748359
526.911852
527.141106
545.204775
541.313931
546.341292
524.457374
519.388846
528.132505
532.496992
538.279775
527.861197
537.554296
541.962648
560.036950
556.541927
560.947912
557.485985
546.720436
543.879197
544.886154
537.897319
541.142804
529.189112
535.338995
538.853427
542.519729
556.091237
553.611163
554.226839
538.805254
535.159109
547.730608
548.286906
546.689925
567.399176
558.592860
546.241421
544.762221
541.706559
551.567838
547.833008
539.622380
530.818046
536.753139
545.765217
534.258920
532.578841
551.939047
566.491339
551.434452
557.082768
567.584442
574.777442
547.558186
541.952869
542.089472
533.243599
544.887700
532.908501
534.001703
552.993495
556.241482
561.982784
545.272273
562.550719
577.151136
554.633796
553.282837
549.275971
550.102052
546.111492
546.416261
541.638263
541.374181
524.465248
551.884675
530.360970
557.484446
559.921865
553.892678
548.938677
546.406489
551.122783
553.269745
551.478329
559.103688
542.935740
549.260547
538.015181
543.038473
546.162884
532.659725
534.276808
535.701328
546.206673
553.251316
551.196086
552.156880
544.669029
557.811250
550.050861
556.299782
550.676519
544.897921
531.531870
540.206447
546.017961
550.065065
542.066952
542.931707
546.003713
558.829139
538.425008
539.475011
544.646265
527.188684
531.713665
532.028393
532.620329
542.693198
548.342564
533.187746
532.973710
539.581815
552.612263
549.681278
547.973799
548.471353
544.067769
548.961816
538.719110
530.921124
532.854375
543.867813
544.869414
539.246447
559.453523
540.223424
548.661508
548.714059
549.008589
552.693494
555.920969
548.488317
543.192363
543.348401
549.752381
543.518989
526.197519
521.955667
531.324586
532.285936
542.239312
542.781395
545.216145
536.867279
534.413680
541.041402
544.551639
540.229737
531.467156
540.521067
550.375059
534.394828
527.102383
523.409412
541.366647
543.069198
539.205645
527.525997
521.804910
544.328345
546.438468
546.111206
542.743073
549.340340
550.270612
559.672113
559.741088
563.114245
557.816352
543.700353
545.817776
545.687587
535.459511
542.271476
530.379077
534.403773
538.153230
538.632440
555.437705
545.804542
551.198680
540.286122
542.094830
557.932096
556.387694
556.463515
564.693383
562.859110
550.521309
542.189003
537.709925
548.934571
549.632218
543.005070
533.986114
543.390653
554.258301
545.242260
538.983216
562.415023
572.442865
553.806054
555.987359
563.475335
567.856386
542.311197
541.127037
540.665509
534.082492
542.869974
529.682741
533.406762
548.756359
555.410733
562.046092
546.786092
564.358994
574.100732
551.437225
557.377853
549.078076
552.889225
549.158387
545.923274
540.703620
546.046243
531.851727
558.481608
542.301342
555.378985
559.149332
547.346878
546.245953
546.706473
542.138438
543.719717
552.513697
559.504636
530.756700
533.884624
535.685500
538.620191
534.637830
526.872477
535.867770
534.714123
539.107456
553.251316
551.940427
553.048174
551.766464
557.660404
551.955650
562.306891
554.701291
543.839627
531.616795
539.224240
540.908038
551.959563
550.559629
549.921829
551.311429
561.383283
537.723515
535.404230
546.072676
520.661487
528.221873
523.483675
527.032882
527.287365
536.949010
526.329677
527.237560
536.004913
549.391053
543.434400
547.859962
553.241309
551.005397
550.810628
544.523394
541.155947
542.304674
547.449575
550.267839
543.901512
558.545585
538.744261
546.687250
548.631749
552.116353
554.017588
554.719005
545.656143
541.703539
542.193221
548.935961
542.012417
525.951218
522.137240
530.449859
533.196884
541.069859
548.410854
548.345812
545.404136
538.864916
537.407874
544.716649
543.952436
534.518441
540.295113
554.058612
536.640471
531.777126
529.020019
543.787357
540.224512
538.300030
525.675082
526.570669
542.649613
557.208959
541.321294
538.957327
545.601751
554.377267
543.161016
549.321285
556.654297
544.820535
555.115507
556.105947
554.945512
558.346845
547.393960
545.946275
533.759411
529.153111
538.402855
533.087022
548.714305
542.303529
534.978271
532.048162
542.575909
545.381946
529.911838
547.588252
527.963391
536.065295
542.572687
542.995795
536.023335
549.757402
548.477161
555.788754
556.994962
548.458974
544.006893
535.317254
530.736783
529.884070
526.676630
530.387302
534.331199
549.683826
546.870344
564.855905
560.948282
549.456770
554.896435
564.981162
559.183076
561.451870
542.983120
526.965640
549.591812
547.935670
549.845802
543.508568
527.757902
528.056077
542.270101
549.801312
567.718711
567.500159
556.976171
566.443992
543.987524
527.998690
531.537466
531.928127
534.237854
528.918459
531.980346
533.109056
539.236358
544.784427
553.227579
553.631945
540.443936
543.243967
541.620329
536.408130
530.847081
538.831103
553.685083
531.249732
532.167631
540.078833
543.661120
553.368103
549.327546
546.522873
545.484109
556.751683
555.591633
556.280066
548.123588
555.418291
560.409598
553.639297
539.827640
546.186018
543.298941
542.236492
544.310297
542.181921
552.848006
537.541988
544.364375
545.571647
534.035837
527.852971
519.349158
543.628237
535.590528
538.703992
552.210606
548.216889
535.618871
529.399196
532.049226
539.399491
536.488435
544.050375
530.001355
519.153828
534.362300
558.308821
545.936671
541.318634
533.957822
536.090459
550.414014
548.678707
545.158291
536.907642
538.638162
537.075377
534.898739
539.795190
534.844484
550.742789
546.610911
545.141910
549.611400
543.720112
561.997805
551.254936
548.263456
545.418043
542.760628
533.655342
533.215423
525.625863
527.686080
544.299584
545.286502
540.672741
539.689116
517.506068
529.624591
535.181495
545.539495
540.315614
545.699958
542.538221
539.976202
540.596888
540.117197
546.194794
556.639413
542.333058
546.883487
548.281981
551.425504
552.888195
538.220391
545.551283
538.396199
539.453214
533.122166
537.472622
548.745403
541.445716
534.714305
538.521022
544.678996
554.676184
541.306826
555.274193
539.904516
549.478847
558.664125
551.793737
548.298639
553.390413
560.655829
571.159888
562.654128
554.513924
545.353618
537.466871
534.499661
534.129909
534.855099
537.208853
539.220791
556.557203
548.048740
562.326934
559.165766
546.989570
552.852474
560.527569
562.457454
565.338099
549.620685
536.404221
553.515988
547.508744
554.719513
544.690061
527.654903
532.426297
542.313257
546.659106
558.443554
552.786067
552.844876
562.531351
547.912627
534.709815
538.877160
531.077996
537.132822
533.524142
528.094312
527.109611
537.367487
547.827568
553.934047
551.289230
539.267555
538.248671
529.637041
526.466152
521.725710
548.600578
551.045875
534.201402
531.782115
540.078833
544.725935
553.037553
549.736316
548.367987
545.820946
558.808522
554.733188
558.727453
549.618224
558.511766
564.036410
558.152360
544.128276
549.943348
537.583124
534.547071
543.370819
544.716729
552.682474
548.076398
552.914090
547.916638
538.944619
531.028099
529.644690
544.787335
532.570034
534.476104
543.180786
539.960045
537.403425
528.579863
536.518915
540.273611
538.542628
542.616512
531.345607
522.395429
535.494471
555.635115
541.350808
540.615262
534.949105
532.730536
545.070775
543.076854
542.949080
529.590327
535.000966
541.517405
540.113224
536.542153
538.939800
543.521512
544.493141
544.916841
546.220377
543.051193
563.638796
549.181278
546.265428
539.411294
531.683984
527.567667
526.233490
520.985146
528.473526
541.990370
544.384279
536.862048
530.110748
509.533592
523.669239
531.841577
538.046606
538.459469
543.404458
541.601323
532.264110
543.030290
538.003035
543.499040
545.101886
545.862723
547.380020
526.108672
549.432236
551.531252
543.340532
533.139025
530.031243
544.980734
534.557346
524.627833
528.337181
540.245314
543.771441
568.259750
565.523786
550.083370
560.137589
536.936954
532.284783
535.962969
537.167932
522.374800
545.864874
543.336905
538.753611
540.487634
540.135228
542.527820
539.535894
539.254514
534.758687
535.701615
531.259521
540.832349
538.389507
528.672774
533.485936
533.470054
535.724355
552.727381
545.199947
536.795642
532.094757
552.504103
544.506048
548.222469
552.130017
535.341697
513.397589
528.838893
528.969212
528.660619
532.027499
528.770543
550.955491
549.196099
551.565881
539.252820
535.582679
541.814253
531.979245
534.361982
530.002295
527.363018
529.231568
534.382227
528.376190
551.090845
544.728109
541.878942
536.771404
532.208417
529.076680
539.361140
560.763672
562.205782
557.041846
538.750858
543.584977
537.443037
541.951196
550.978142
549.609721
535.059984
552.401600
548.897518
538.317831
531.620399
512.974875
528.307358
528.937970
546.222095
540.038913
534.058452
533.858659
535.761333
548.830291
549.836579
541.939312
556.933672
552.022444
547.787518
524.389099
525.064525
535.445931
521.327202
536.136085
548.376666
554.677866
541.984497
528.224545
538.970610
536.782990
532.087485
524.760875
515.518611
510.289995
531.756485
548.378650
549.020539
540.500263
545.073524
551.578693
562.735425
549.663327
538.100254
533.562027
538.732158
533.446363
544.817898
554.282504
549.890567
549.441688
540.922366
529.675477
526.959743
536.053769
550.876083
552.376738
547.289522
577.155301
565.644759
549.311355
561.886311
546.818430
557.379009
549.961778
530.228849
530.415635
536.070449
525.549572
529.092683
514.942284
522.792983
540.336153
531.973674
523.282351
532.491002
536.336606
550.821000
537.612643
544.430590
547.212338
552.816061
553.140231
533.008769
559.259555
546.065299
544.132726
539.766590
529.289919
541.255080
534.916507
523.425660
523.534583
532.359407
540.170244
566.378810
573.792873
555.665026
559.182877
530.322613
519.411130
541.118432
541.882100
532.267352
544.859949
547.435143
547.596023
551.179825
551.806280
549.504447
542.773214
539.090001
540.051276
547.143716
545.412766
559.729672
559.297577
541.767677
536.651351
530.777695
531.843791
545.286119
542.504126
533.144943
526.567464
545.332652
541.404150
540.096812
552.328036
537.240581
516.957421
524.773362
528.044310
520.274763
524.751122
523.215237
536.833845
542.976288
545.648421
534.088846
522.736967
527.877683
526.468865
537.047411
530.902612
526.122070
532.286262
536.266760
530.534182
545.528281
540.224429
547.386323
542.835488
545.910263
533.086981
540.792973
563.736706
563.545466
560.534243
542.316884
542.638740
537.798777
539.564895
547.926592
547.068080
532.246712
551.306130
550.093398
539.760344
529.719988
507.462369
521.550005
518.936498
547.527330
540.128307
535.368784
541.655893
536.898857
547.178743
546.674050
541.847975
561.489120
549.759834
548.404418
533.583947
530.100572
538.904797
526.371653
540.646102
547.478609
553.228757
536.854870
526.200012
529.723533
529.166803
528.880144
519.823961
517.805035
519.454823
529.340469
537.500931
549.572914
539.762431
546.224480
551.352234
560.028365
547.034292
540.456953
533.515230
538.000433
534.848918
551.188532
555.005561
551.095149
550.624811
542.385594
531.824327
530.928932
536.457471
547.490827
554.225905
558.239658
584.644607
570.884869
548.317004
557.498083
547.298344
554.678268
555.996623
538.312378
535.673208
541.152387
526.999508
526.829534
516.099285
527.124401
540.408520
534.535145
526.586900
536.129784
539.116460
550.298387
528.880966
531.405843
521.425137
524.620621
524.815613
546.016751
541.646476
558.279299
552.756403
548.416695
549.743478
552.000679
554.143813
552.939626
545.455686
537.505876
517.277257
524.397839
520.274124
525.217121
544.553704
543.759368
551.757571
538.689085
547.656871
534.651577
539.824596
523.654858
537.660300
546.191067
532.128656
531.185005
537.112769
544.617887
530.677028
532.842280
545.601210
546.920522
539.640424
545.821927
532.147424
525.926348
527.278597
536.297769
547.015127
557.739027
545.594226
555.756480
532.036484
541.579332
531.104291
550.355448
545.437096
548.746275
555.694777
542.760274
532.923811
538.777221
540.514100
550.286904
569.983449
566.520356
559.885181
562.357713
545.402130
535.706110
545.956158
549.187932
546.784731
544.032899
547.693282
549.684055
535.371960
539.596051
550.521481
546.420684
540.001406
534.395262
544.998369
543.631321
539.424055
534.631756
544.735259
538.362844
538.494178
544.472320
541.620291
538.184123
532.492027
552.606138
554.584445
540.892715
540.195547
535.012890
523.474011
518.569551
545.228164
534.978547
533.661728
548.540745
560.629064
557.737297
559.154944
568.587476
560.472444
547.335959
561.993489
554.731570
545.894841
540.601697
547.040820
546.810377
534.242254
539.754483
555.614044
551.570387
541.285794
555.760660
558.444377
567.798745
557.886692
538.789475
535.816378
547.457843
544.121234
529.511586
531.275951
536.961625
534.839115
536.290576
530.726637
526.751572
549.993655
552.780995
543.613049
520.049292
532.135197
539.583538
523.983086
524.731568
529.785556
542.919905
550.162575
538.413777
540.658582
539.775481
545.004374
544.563759
527.680929
525.222183
524.871615
527.330746
531.119861
547.467177
551.321712
558.188319
560.585965
557.392852
556.269661
547.636577
558.351644
553.827503
560.670665
554.509063
525.786749
529.073547
521.791915
526.676715
523.081566
542.542813
539.954852
559.346524
553.484569
542.524034
542.191584
549.950257
556.298418
548.002821
540.516763
535.584123
525.892527
534.519538
516.693116
527.026798
547.095537
545.237431
553.196378
534.207433
535.776937
520.347724
532.059220
519.200767
541.133293
548.650110
529.050348
522.697551
539.309218
546.756912
529.178271
531.556398
544.582542
539.444225
536.258902
544.317400
532.080404
522.738867
528.998946
537.340298
543.008704
554.915745
543.105778
556.674206
535.330645
544.513298
533.289789
555.213894
543.148319
558.049276
556.534088
554.863233
536.283405
544.938070
550.125345
552.017753
564.453194
561.322331
543.401453
562.316347
544.223112
538.016147
548.771097
543.047035
551.491302
546.363254
551.025471
550.270340
542.319220
546.991280
552.024695
544.899184
541.670620
531.966444
544.840192
542.378418
539.102883
528.316361
544.267947
537.354442
538.915379
544.286510
540.453618
537.512714
534.552678
550.734723
553.326946
533.552396
541.065858
534.869187
529.780242
518.384772
540.977517
529.296625
527.464670
545.040240
557.558284
554.304316
559.014191
569.185373
560.052267
552.754240
559.994327
556.127033
539.643233
527.700957
540.251209
537.497116
532.010152
541.023786
550.362021
545.589919
539.878522
552.587470
549.438164
559.177932
548.924609
534.436802
533.594495
547.457843
545.002753
532.846297
530.869645
536.695551
535.556610
533.817714
533.498233
531.323542
553.152051
555.391036
542.452201
524.204653
537.320919
547.491452
526.596377
525.900146
529.714285
547.163873
546.417711
532.455508
536.246702
540.380176
543.000564
537.279648
528.419961
528.476104
523.877524
524.387860
531.648994
548.266565
548.371644
550.101528
551.738182
552.107568
544.962367
546.410897
556.022928
553.670580
560.315855
553.224893
558.198068
560.442066
560.896801
562.874966
566.160697
541.703937
527.916668
529.273047
537.278937
521.547818
527.815164
533.887638
531.245960
538.684254
536.948348
543.646094
527.568492
526.795890
542.655027
542.386853
532.298428
539.364103
535.789481
529.476111
552.786913
553.981108
547.368274
540.579749
544.628456
542.725902
554.641945
548.363771
552.764142
539.265149
550.878613
548.393738
543.952545
526.020047
524.489702
542.097489
523.453254
536.652615
542.003607
550.796865
547.124462
567.497488
559.128173
550.265862
541.813368
537.363628
529.690781
540.223224
558.332988
553.722399
551.626258
538.141258
532.463681
512.733907
521.156683
540.878989
544.450564
536.992511
553.443336
536.343180
545.450803
540.927205
539.947299
548.237009
548.432356
546.630979
537.195843
539.726202
554.785299
537.313206
559.703886
541.486390
545.655151
564.135187
559.268844
555.650958
557.907431
542.593620
523.462388
539.509928
540.485284
542.614950
536.402840
552.359313
556.134586
558.307527
542.824144
528.916173
540.142954
546.759855
533.987117
539.263450
552.006747
562.873122
537.904342
543.107597
528.615426
544.837786
533.644844
566.786620
564.321947
550.416612
551.625622
559.296784
550.501457
547.367566
549.229028
535.100548
532.860687
527.303022
527.200236
524.963154
535.944085
528.421978
544.744004
544.291374
537.488005
542.064571
548.266040
545.034862
541.821979
524.051078
541.800164
528.926062
536.262734
538.566986
541.362096
529.243980
522.751826
512.447496
525.316729
526.617997
522.027643
523.301962
537.810626
539.515250
535.447189
534.029526
547.919238
540.519326
542.292777
551.792278
543.598307
531.001624
510.447041
535.109777
525.216413
528.829830
534.984527
529.141486
544.228636
557.374472
557.992113
555.171449
541.764331
543.247717
543.431142
540.018244
563.614416
548.256218
560.760069
561.767210
565.137093
555.036114
557.076906
536.659140
525.197662
537.283426
541.226559
528.705680
527.614720
537.742004
534.003278
539.748518
538.062953
542.882868
537.562123
530.912364
546.991612
550.385559
533.383198
542.737503
538.021371
524.339578
550.723316
548.602983
549.033180
530.827581
548.772903
546.344635
554.870954
550.282259
554.616618
547.103012
556.235043
555.920863
550.812407
537.265523
534.930310
546.667281
533.577941
534.525980
539.793384
548.751154
549.399574
566.411571
565.078381
558.334198
554.134257
543.414424
531.326814
540.007058
558.782078
550.668066
550.197221
541.079579
536.235395
518.209551
527.629601
549.492629
551.338569
544.464752
557.190856
543.897332
546.678273
541.383006
548.430129
554.069624
549.894739
545.048477
535.107530
534.537198
551.355501
534.339755
560.185958
536.259058
543.485593
555.817825
554.157758
552.723461
552.356015
542.440826
524.283663
538.742394
542.238225
543.204156
534.472064
549.670079
558.856346
558.408673
542.853329
529.686899
545.621862
550.530840
535.423109
538.880064
548.788134
561.110238
536.209959
536.721400
522.849461
542.187744
531.388924
549.708499
541.402306
541.550468
538.463961
553.485949
543.645598
533.471220
543.794937
532.618568
530.540299
518.014647
508.837548
509.438855
528.665117
518.246732
536.839565
540.710592
532.535330
537.043626
551.798655
543.509026
540.963930
518.934375
535.179367
520.514499
526.375799
533.133319
537.599551
523.675090
518.715073
513.690888
525.999959
524.463763
526.129543
528.919756
537.555858
533.252311
533.486107
529.516435
549.258750
541.245700
535.572523
551.886122
532.965729
525.833471
509.263364
526.743295
520.745866
520.154928
524.303371
524.475701
538.111506
548.538931
554.851200
556.093769
544.027071
552.710698
543.053610
540.990985
564.397482
551.740490
527.127896
512.968915
540.044910
550.947735
541.789468
544.397222
546.294217
545.599080
534.078437
543.610937
561.971993
551.976157
546.524824
565.412751
560.592294
545.092599
562.058092
547.772231
537.796489
533.806726
535.322233
567.288523
552.722512
555.301365
546.068290
551.894329
536.349340
517.678873
522.987371
530.933483
532.168206
537.856097
542.770084
552.215621
541.523043
542.131136
539.380552
540.002985
549.655383
532.649411
536.857421
558.347120
547.981964
556.226721
533.318242
529.100718
540.600163
540.070192
542.160246
550.908910
547.418840
549.942759
546.061798
541.530990
540.471035
531.257264
526.757561
525.304469
546.227333
546.958663
536.208819
545.388454
527.607283
536.156646
547.489635
531.995155
550.684118
546.426710
553.121187
550.372338
544.082746
537.570054
540.232403
544.155218
559.490173
561.083677
542.468320
534.636306
539.161557
540.907431
553.297452
537.323851
553.427925
549.904624
559.862959
540.752729
538.798522
545.491494
545.811052
555.502341
549.490414
546.188427
535.738307
533.595496
551.169923
534.625934
545.882188
549.614717
533.585057
549.872728
548.968404
556.966333
554.248750
522.754735
532.907595
533.655635
542.453860
528.493002
526.609056
532.285990
555.346789
548.089051
535.007019
527.057764
544.949367
549.435890
545.502541
550.711369
532.693371
547.468113
553.684334
554.159905
554.074647
552.192885
551.303490
559.927613
552.943813
545.244613
539.021275
551.582370
543.214779
555.936372
544.883800
543.138437
547.708546
554.620313
548.489823
566.537055
565.215145
565.399070
571.227688
561.925115
560.403498
546.078255
539.626448
530.002020
536.620998
532.592936
517.546329
529.748375
545.249615
529.789503
537.246427
525.894614
515.352557
520.735277
529.893850
532.370109
532.969885
539.448355
544.869654
553.274365
555.178080
553.396600
529.383794
515.640315
543.645248
551.946599
542.751059
553.962823
547.950796
547.173376
538.965373
544.933157
561.128780
554.355221
547.795302
563.151822
551.594257
537.030823
564.894678
553.442686
545.333563
529.742222
539.638674
554.012090
534.924023
533.927747
542.433036
548.038157
534.572196
516.564521
529.323230
533.035293
538.292810
549.177484
546.749048
550.559358
535.839578
530.341961
524.856132
531.178781
539.380892
518.909840
531.112040
559.224928
548.239356
552.765347
530.680564
530.338136
545.782483
542.809656
544.693284
552.453237
550.810255
542.123746
540.370140
540.673346
536.983139
524.377910
518.869449
509.252667
536.575301
536.220281
535.132957
545.925332
529.139031
539.908033
541.266535
531.280682
541.000597
535.725889
548.914292
545.457327
540.249393
540.092632
541.994544
539.240982
555.750389
549.048458
535.493523
522.285742
527.260029
529.750530
536.329845
522.040165
554.671403
551.475532
562.390709
542.045834
542.338320
549.205679
552.241042
554.047447
551.455447
549.362509
534.588744
532.486396
549.113358
536.750323
542.269551
543.939614
530.682288
546.933098
549.053820
554.265383
554.741926
528.174429
534.421883
543.565480
551.330485
535.352113
530.810529
533.231908
561.633564
556.298982
542.262286
531.483109
541.572151
545.673416
534.416996
542.108169
536.243424
546.365283
553.352468
551.694224
554.248296
555.074286
554.843587
563.940880
557.515757
545.626568
538.555857
547.765408
539.707639
548.739954
542.195935
546.989474
546.179031
554.851565
550.961611
572.037965
565.234225
570.329956
573.673954
556.042320
553.830858
540.722969
546.026448
531.277942
541.044433
537.778926
525.693640
537.574531
545.511864
529.252725
535.159912
525.394673
510.033471
518.401505
530.546954
532.092250
532.493094
539.576536
546.589523
555.839471
554.684374
554.297907
540.688135
534.216245
552.014791
561.713741
561.986014
540.113887
532.507958
542.014823
533.293649
530.575984
543.051905
525.301817
547.042666
538.596803
539.568322
542.518815
547.694216
539.880994
543.189034
534.905798
537.416511
523.672083
524.731060
529.299210
523.839534
522.681996
524.827259
518.802357
545.192560
541.141245
560.189692
541.239823
534.449442
529.293154
527.467732
530.092582
552.391793
552.075658
543.317429
546.758189
546.672201
542.778271
535.058626
543.545589
541.627380
537.672937
548.711813
549.039714
544.883720
550.421980
551.959594
557.856577
530.686308
530.074582
555.806941
537.846350
536.522477
549.628675
551.955950
552.001830
547.975073
556.267810
533.482395
540.819673
537.060880
533.933996
545.402791
530.868609
531.891066
533.299693
540.547806
547.136122
539.546115
539.002846
541.592919
552.328561
559.996689
533.268979
542.076102
548.733901
544.385794
544.923414
527.466808
532.238415
548.356015
553.257022
548.854490
539.832670
536.657468
546.263316
556.562204
554.775511
553.119660
542.718106
552.295667
531.862066
539.936429
537.240722
529.551005
537.524889
528.551600
543.613354
538.906306
539.826247
528.403321
530.195816
542.535774
533.886468
548.400168
552.407887
568.890161
563.372068
547.890943
563.703229
564.002074
551.059374
534.085299
537.570532
549.300252
555.685909
548.571956
542.991220
539.633065
529.724006
543.000268
535.403842
532.305797
528.047638
542.764962
539.981761
548.421203
554.398002
556.076490
554.641325
546.248421
531.881284
525.424878
539.369934
542.401245
544.940790
526.413392
514.140829
515.545876
530.970537
527.117719
544.948855
537.325954
530.918339
545.163359
553.284385
526.567918
513.333307
521.619318
539.560582
532.988744
556.984298
566.116097
550.831058
532.237698
543.367703
538.358089
538.200548
534.001076
545.219988
538.356992
532.400529
553.278065
560.327669
562.434834
539.471301
532.212265
542.250840
539.937993
545.355249
552.035942
531.087689
549.950585
538.188251
531.955115
540.206163
549.862893
537.210544
543.130757
533.008081
540.053272
528.018023
525.018203
531.945781
519.640643
531.327706
531.010923
521.678285
547.790425
541.773306
566.965696
542.514558
539.472453
537.064339
527.141598
523.262687
542.777818
543.316434
537.063038
540.707090
540.255795
541.611136
535.947809
544.310215
539.884744
538.086855
548.928189
542.278398
543.018538
546.303054
547.573419
553.069566
534.825655
535.185186
561.143876
548.486729
546.747154
559.291258
554.934225
550.051898
548.828698
560.544502
531.391182
542.584211
548.942704
546.513061
552.295090
533.041248
531.211871
532.467920
538.483856
538.067327
539.210180
541.412331
546.470050
553.490889
558.149942
538.688892
550.551336
549.912755
542.404873
547.570119
526.785422
532.512915
545.855050
551.879152
548.924012
539.635583
534.154103
544.810190
551.791164
552.102317
550.574524
540.637910
552.304393
533.099016
539.901041
535.822261
528.822550
535.328053
529.003663
538.714514
536.618521
533.077646
525.799278
527.559536
540.990210
538.420328
556.473012
559.488021
566.445725
562.065391
550.599411
568.148882
564.045131
553.412769
532.371079
534.644052
546.944793
550.217210
547.459483
541.722322
541.005191
529.724006
541.364929
540.513398
536.919373
533.744566
553.742283
548.907236
550.709479
558.450946
552.809155
555.266078
544.456665
532.745224
519.329112
535.862536
543.198140
549.011938
529.726710
515.553668
515.185405
530.791736
531.024001
550.778497
541.549764
531.307158
539.622125
546.553526
523.476956
516.404814
525.212546
545.829613
542.994074
561.034185
563.414806
556.366370
535.191387
541.808606
532.232025
535.292204
535.480944
544.686136
527.825339
523.598663
529.399664
549.845257
545.927703
533.669362
534.035106
552.116052
548.472396
527.973776
538.009714
549.901522
564.374992
548.610998
540.593883
542.020527
539.644657
547.035729
555.094197
551.408194
541.781923
544.228964
537.495522
563.340456
560.443698
558.494202
541.833500
546.536250
532.691333
527.518279
547.577737
541.611283
545.484695
546.995632
526.563623
524.328627
543.699101
544.483042
548.504804
539.311975
556.228069
540.326701
538.236182
532.257380
540.078005
533.897317
542.953431
545.590752
543.090349
534.707668
545.695780
544.390422
539.733722
532.658450
546.031921
538.660920
542.859546
532.289381
528.486282
537.264989
540.523140
551.817587
569.694880
542.834150
538.070144
539.615038
553.911571
548.412263
537.922943
537.393416
527.414533
526.553741
535.886396
555.375479
555.906380
558.862021
546.900881
548.384441
543.325326
556.925307
553.325064
550.701570
530.573061
525.150529
530.640265
520.793732
525.866812
553.028530
546.041204
545.070541
550.819563
541.921507
556.605154
543.000389
551.186603
547.726428
539.314154
540.598376
546.080550
548.350714
543.702355
546.434100
549.183258
560.021701
542.767356
539.288796
548.314035
539.696822
542.241716
539.581481
542.578951
557.245459
552.978339
562.546297
550.602286
539.340167
546.417387
535.565899
544.341753
537.875469
540.575604
546.853371
544.312898
534.944442
541.713267
528.296056
533.517436
527.867689
534.968479
537.168989
532.058549
520.895904
509.030216
540.006219
547.498274
550.234972
541.553372
557.986821
567.089430
550.190156
549.060016
532.341525
536.872499
540.560458
542.366456
531.038596
529.936670
550.124725
529.871059
539.249783
562.884552
553.461885
545.300029
551.504517
554.708827
554.956791
563.338949
558.988187
559.944566
558.916387
550.401459
554.871323
541.169211
537.584086
524.546501
518.685638
524.429215
544.431589
542.123137
536.769452
536.040146
551.728872
555.379782
538.659386
543.457299
553.229675
556.573075
540.202868
539.005990
541.680367
538.969556
551.065265
559.180495
558.152250
542.823379
540.231463
530.826241
545.936016
547.170301
547.390008
541.882537
533.004856
527.265249
534.173467
549.928945
539.349369
544.207063
541.191326
528.060490
530.984293
547.778486
535.176417
541.994533
540.451880
552.208607
539.393575
538.055185
540.373304
542.962509
535.328412
545.698448
550.089459
550.537350
540.832535
544.466967
540.969851
536.911550
531.744110
541.016906
532.361381
538.793979
525.455780
533.446426
541.441685
539.700193
539.567404
556.893047
550.169069
542.094899
535.562131
547.208381
542.110915
529.570545
534.669510
521.728372
531.594964
544.086385
559.483839
550.835875
555.405780
552.059978
552.169721
548.676454
570.577104
556.860782
551.505046
530.952382
526.203269
531.980174
523.735697
525.612844
555.114525
541.379168
546.099726
552.834116
539.758371
556.673342
552.051644
551.627558
555.081613
546.802893
543.014259
539.727045
550.680231
545.895709
540.282410
540.004405
555.231192
545.209480
543.003874
546.258934
537.181463
538.344393
542.675412
542.698148
556.697767
548.448215
555.901730
547.203478
535.285972
544.977701
537.244678
541.258446
541.952962
546.570178
546.691794
546.261156
535.655456
540.295458
528.938832
532.932944
529.157115
537.895185
538.920954
534.783113
523.940911
511.140533
539.735163
548.054112
551.963331
542.163804
546.738310
556.053307
545.629732
544.472663
530.169265
542.500313
546.878177
550.023555
534.006691
524.944244
542.680154
529.946365
540.074475
554.768673
541.596158
538.895876
544.726010
553.140807
550.474797
558.415639
557.813445
561.227208
556.153131
543.645227
549.767219
537.834190
533.908530
534.363216
529.019367
538.031466
533.797094
529.487429
535.358282
545.923351
538.518840
540.441334
538.602494
538.999533
523.219015
536.195839
531.692473
553.164483
547.319910
542.398513
538.687042
547.899765
534.607176
539.643956
543.146952
539.453590
546.231271
555.476209
546.921409
546.172193
559.375238
551.548029
546.853082
538.795360
530.187259
542.364630
544.954337
549.863911
548.770952
542.238839
546.306498
544.500526
537.855291
540.805596
537.755110
543.532554
543.337944
544.659596
544.104004
529.866725
534.668754
542.242802
538.279730
550.471205
556.106627
540.662980
556.169278
561.534341
559.823617
544.584305
542.050838
537.234368
538.250088
529.292890
528.566724
547.713078
554.106867
544.856723
541.885809
545.368326
541.509077
542.526879
543.492223
544.284792
553.088772
548.130027
544.358995
543.479702
531.511724
534.445571
524.891291
535.993154
545.255369
549.655087
544.868132
535.559881
536.360292
530.992906
523.042667
543.164956
527.281170
536.692458
540.793520
544.047210
549.403090
551.422635
547.034414
545.225325
547.854450
555.119540
550.694785
550.247377
561.532570
556.409160
560.023282
550.325215
560.598979
572.562315
554.715729
562.673379
537.749333
531.137828
548.402691
552.778121
541.788546
555.993551
571.941168
547.389104
548.120734
540.970445
550.977315
541.769898
552.258204
546.982576
550.402455
550.567419
561.493095
566.091484
560.179798
558.893513
560.981837
549.552014
541.601324
543.162458
546.714963
539.398463
536.114288
532.590645
535.122569
540.736604
547.093854
553.070302
545.685873
522.956160
528.285735
543.226046
533.914385
534.424894
563.887305
534.536981
543.164864
540.138987
543.831183
532.067446
529.054482
532.997439
546.394787
550.603965
552.850352
557.508358
546.902678
550.019852
564.552416
566.579064
557.895909
555.630180
550.987775
531.299548
525.775547
539.744676
539.323447
533.624301
540.348172
546.478262
532.378924
535.415692
531.474816
533.518725
519.999036
529.509355
532.050428
549.024425
544.613911
537.350171
540.858633
550.378270
533.510644
536.643019
536.305475
542.097275
546.814735
557.421200
554.052332
556.035439
562.177141
555.394884
549.525533
537.888897
528.580046
540.814911
554.241501
551.431965
548.290743
550.135212
546.675971
548.816981
543.010392
549.987316
537.273177
542.021991
541.648381
546.667574
551.702470
536.501760
542.453645
543.141227
542.435855
560.084284
558.927616
537.108212
545.702303
566.224739
560.284186
548.281161
547.585041
538.360540
536.956516
533.437043
540.645628
558.783899
559.605552
543.241920
533.755494
542.346537
537.703873
537.458941
546.785309
545.004292
548.622037
546.626161
546.870432
544.641880
530.321437
542.409145
528.520944
536.110746
547.024374
552.775510
548.837803
535.866208
535.456668
532.853007
520.137277
538.735583
526.036274
531.102569
532.437677
536.753313
540.257886
545.142045
543.680388
541.116984
553.426043
550.982639
543.729923
547.545510
560.216344
555.089739
554.788290
547.496054
570.306980
572.247021
548.725986
558.644081
533.519143
522.790018
541.007649
551.884380
543.087568
556.914557
572.125441
543.234122
537.582987
536.881674
547.341256
538.615276
547.977596
542.953911
549.115991
542.124429
561.493095
566.479881
560.179798
559.388229
562.822472
548.851229
542.940601
544.746249
548.792845
542.978484
542.430654
537.525772
534.967998
541.308758
548.828422
552.360711
539.058872
521.385576
526.998573
539.241938
531.871384
531.721313
558.720354
536.668212
546.299782
540.943655
545.019371
533.825742
532.995137
541.935412
552.384641
555.145829
550.533028
559.234697
547.528616
549.676394
569.547159
561.772318
547.748950
544.816169
544.986017
548.196852
540.531596
531.696424
523.427834
533.905781
542.523915
548.183579
534.979372
539.312739
540.988463
521.283638
530.212292
542.130506
550.837993
536.885952
528.065488
557.608763
546.910085
539.142746
540.586570
542.149532
551.901838
535.173819
532.726944
559.424257
539.656068
534.183832
541.334774
526.512291
526.583113
539.823696
537.640098
541.533237
543.432829
523.818961
521.333039
534.596410
541.660876
540.078187
564.439213
539.635372
532.742081
527.657107
554.290456
544.509106
543.314521
539.285578
535.390106
535.223421
550.273806
546.136395
546.378199
526.240616
536.072353
539.965197
541.150412
540.332915
542.788456
544.318278
541.363375
522.772529
525.190735
536.971469
543.920650
560.257908
562.153734
543.000147
537.183944
537.908747
545.477037
550.083357
555.178463
550.780115
539.144431
536.720224
539.228561
531.767278
520.603898
522.766412
520.195916
536.682667
540.137448
545.083059
554.220664
551.080475
534.688478
536.905119
541.658630
552.659379
577.962490
554.877881
557.587606
547.030068
571.741080
553.052890
550.971804
534.557139
534.354855
522.945211
528.691552
535.920521
536.524016
551.780234
549.943046
548.345339
555.214488
563.767892
564.474235
552.191132
558.163165
554.799428
546.016728
541.953327
537.905543
538.314975
535.762324
533.814023
537.196446
540.423549
539.621882
529.032616
548.239504
554.867554
533.385293
553.709118
541.322980
548.497814
552.904480
550.319012
532.496584
529.482066
537.844086
529.127127
546.794357
543.519775
527.737534
539.175477
530.752917
537.412033
532.867999
528.845605
546.384327
527.749329
525.641552
533.883319
540.912811
543.058600
551.536811
552.214547
545.766450
549.016770
555.212224
548.603733
544.006928
537.133425
546.429223
552.529085
532.998954
550.300603
550.128540
543.044523
556.025736
550.379202
542.391465
550.468623
539.715228
530.838756
521.348357
528.100342
542.427515
547.437409
534.285941
542.986212
546.652855
530.535779
530.216097
544.974045
553.752812
540.044254
533.840161
556.186481
553.041700
542.886513
529.246092
530.260386
538.779098
516.277883
524.335594
544.478498
535.519544
535.828313
537.480143
518.669098
527.834699
535.416167
529.272990
538.402327
539.360234
520.990894
516.565053
533.401301
540.194402
538.399814
556.114272
536.983524
536.199947
527.808418
551.810986
542.208380
537.809599
534.324808
532.212676
540.694401
552.399491
543.814318
538.392603
520.695096
541.483305
540.056577
543.431166
539.839917
542.002068
545.528523
546.430784
525.770965
520.455258
532.545669
531.595597
550.379235
555.844345
542.653444
532.592950
537.736750
548.793628
550.987277
552.254104
548.862708
537.860519
535.699568
539.543020
540.731315
524.105279
529.439980
529.503559
540.170150
541.044594
545.938419
553.983103
550.105067
534.295905
538.793090
541.958292
551.136504
577.144030
553.301969
551.695935
544.235967
564.849831
547.954845
549.951970
536.011224
531.655410
523.428705
531.720516
538.278633
532.370426
538.040462
539.817509
541.745295
551.428321
558.196221
556.224648
548.227666
545.862061
556.931414
548.368262
544.194764
541.040657
545.791629
533.360222
528.548486
534.290617
537.539130
534.354157
521.716378
543.360377
552.491723
533.385293
553.709118
541.213502
548.132265
552.000610
546.629521
531.051156
525.051122
531.055431
523.897764
540.059781
541.490448
525.113849
540.207564
532.215292
540.565837
532.991062
534.604259
550.340766
532.040903
532.164361
543.129913
549.376219
547.848489
543.806595
550.894386
544.790022
551.253847
567.950463
551.265654
544.525670
531.182276
532.322667
545.315724
534.931232
548.876110
551.676696
550.477349
557.828045
542.441313
539.593861
546.647058
551.681190
545.761332
546.784528
557.987176
553.845332
544.111323
554.014830
543.273904
557.165094
549.973505
556.070080
556.015448
543.122325
551.150591
547.603070
541.739194
547.528245
562.828799
549.890261
553.839386
531.698274
545.780306
553.904706
548.267240
553.668683
554.699309
546.407033
517.613502
513.009885
531.351349
553.587742
545.010147
562.331886
549.934061
538.667352
545.614203
553.286491
558.117998
543.069708
528.217540
543.697831
554.281714
549.365032
556.423273
553.879521
566.145481
570.773641
573.724305
555.775742
540.133455
537.464173
532.174908
542.432438
534.321067
536.131130
542.731694
554.805448
554.487595
560.184288
563.857949
554.086174
548.616331
556.289368
559.079569
547.260866
528.367671
521.724775
529.464804
526.370843
535.271357
530.787604
542.724514
542.730760
553.488922
539.528118
531.023764
542.028988
524.955033
532.029168
535.343129
528.219411
538.769728
538.771777
544.434226
536.326796
532.981398
530.083871
541.343101
544.764262
541.251303
545.697904
553.820576
543.274022
535.086161
541.015554
538.345250
546.137705
532.902260
551.070859
536.428775
530.860336
526.023448
537.198040
532.840710
523.811300
531.153654
527.642841
541.948882
556.243444
542.665088
535.498050
539.078802
553.733004
550.996246
538.715708
539.686930
537.280508
535.902051
542.050102
521.487153
536.558554
534.727478
535.583880
541.585185
533.220865
537.546384
536.329308
561.251966
548.457860
542.394224
542.235780
535.748807
544.028722
542.220674
537.557483
544.655577
533.612489
542.778953
541.903534
536.055680
525.159164
517.717579
521.585692
541.042185
540.984208
530.928765
533.864236
531.439973
531.527642
543.676305
548.348564
548.907148
541.716320
545.934243
540.144387
555.162950
536.215820
552.892136
535.209135
533.030880
538.082566
535.436427
537.733714
547.190818
551.357846
541.551767
544.638377
555.995146
554.264033
548.341503
555.300546
545.656167
556.375421
540.481940
547.129970
544.374488
534.008915
546.145031
542.907417
542.887536
549.696280
554.144411
551.116089
548.372039
535.147082
547.029467
553.325335
552.630107
548.629783
554.373599
547.742708
516.514235
520.014571
537.970073
554.777356
544.670682
557.615642
553.845731
550.984947
550.683213
558.022327
565.537959
546.511967
533.909656
542.290358
550.821637
548.118819
554.501845
553.399579
560.428931
571.838827
573.017143
553.029909
532.689473
530.179277
531.671402
539.251331
532.899069
537.242262
541.494292
549.074587
555.243769
566.243467
566.783580
557.294894
542.814644
551.570834
552.532370
546.321717
532.826583
522.808067
535.136156
527.764960
539.237112
533.176132
547.226750
543.670637
551.210193
536.324683
526.482231
539.875316
525.506732
527.645015
525.928874
529.963561
538.368727
537.943784
542.771930
535.599287
536.372930
532.222609
537.666127
537.469118
534.869488
537.420156
544.424805
540.716147
533.128828
535.290692
537.082743
538.378022
523.742962
539.494976
524.816725
525.224271
528.573751
538.667237
532.689799
520.640717
532.003200
527.919456
543.456629
550.997399
537.976727
536.760502
542.636581
555.530694
550.774693
540.943584
539.026214
534.569771
540.848442
539.692315
514.616076
526.805197
533.072355
538.854588
544.539924
538.079570
537.325729
538.065138
556.369051
550.659991
542.542964
542.723720
542.003271
544.701641
547.873264
537.039118
549.602890
544.724759
548.785676
545.285211
535.831904
528.597939
519.332619
526.495913
550.093941
548.191515
537.218300
535.099696
533.286234
533.532775
544.184496
549.418009
557.897317
548.424008
551.560932
541.868645
554.158545
536.265522
552.474050
534.104457
538.442908
542.971827
542.342451
539.498527
542.756195
554.023443
545.902812
546.601268
555.175804
561.531494
573.014780
562.959159
554.857673
540.653100
530.454895
551.210552
531.671718
547.021896
541.801789
539.203290
538.621360
546.331855
555.175974
550.190603
564.991611
567.169854
543.462027
539.168216
535.948328
541.223780
537.726054
534.589315
529.472881
538.875836
549.452863
557.166913
545.271197
551.390625
551.392851
548.845937
554.363025
548.254615
542.504838
525.110299
532.467291
547.651102
544.763245
549.384000
531.849575
549.791803
536.784006
548.615892
535.035457
534.110805
513.519659
523.902148
540.401931
532.875559
560.373641
565.690621
570.735278
552.001799
554.423835
557.049176
559.443440
555.970329
546.542535
537.708055
555.486354
561.575311
546.079279
539.248282
534.856803
544.812556
550.985030
545.043402
544.366561
543.161550
551.495788
544.308271
532.949864
536.569011
537.312173
547.714599
546.181089
552.131464
532.174517
529.378708
544.864706
545.804644
548.031167
548.226180
546.178190
553.167838
546.944112
549.884543
555.635540
545.108177
549.775062
550.850104
548.081294
551.667753
543.098982
549.531720
554.025596
538.905182
538.624971
549.213374
539.885173
534.655058
539.905262
544.221368
530.561683
532.218321
517.877717
523.075019
531.798878
521.452587
523.449327
524.646339
531.224493
540.068922
545.671545
544.079550
540.433220
539.768450
530.517066
531.001230
530.540757
526.192493
519.679745
516.752113
514.336066
519.467603
537.437731
529.889449
537.133624
533.333638
533.796797
522.749816
541.001563
531.817340
537.682237
536.952315
535.197773
547.435254
544.285780
550.623246
546.828221
541.810141
552.022237
546.396989
530.746521
530.222102
548.227315
556.773704
556.002152
556.607333
551.277476
544.337237
536.967684
526.452791
534.015493
534.659704
534.171842
549.321087
538.877753
546.803641
540.764180
552.286625
541.014074
551.216122
554.049178
559.014845
571.882314
565.413760
556.469472
547.592847
536.556135
545.914695
529.463815
550.652183
548.846711
542.135633
549.065008
542.865529
550.436811
549.475850
560.709738
562.333808
540.209369
529.474173
518.359342
523.197236
526.067176
529.137018
527.572805
541.449784
542.140950
544.469031
538.130843
546.059043
543.450886
548.027909
552.673509
548.354116
550.472721
528.818530
531.730093
547.651102
544.614280
550.787362
533.896883
554.650541
536.145947
545.924101
543.814687
544.011260
519.763581
526.818921
547.376344
537.085056
555.909396
565.675526
562.937017
548.294337
535.760290
549.784794
555.889063
560.463627
542.900804
531.486605
552.567794
558.128047
545.158583
533.997160
537.083872
552.346660
548.484425
540.063820
541.437622
543.211611
548.535857
537.993938
532.631563
539.972041
536.728455
543.291657
544.434820
549.110871
533.593834
530.820778
547.534916
543.168785
543.727103
550.513475
548.284091
555.337846
545.203662
544.771093
552.449026
542.710836
544.307526
551.940690
556.202347
559.945316
541.687806
543.869561
551.872793
539.525221
540.777948
556.035833
541.113747
529.091298
547.073061
543.917210
533.407614
540.956054
526.151916
531.417900
544.348806
535.622521
529.415842
530.360492
537.467009
542.942327
547.255655
537.894998
532.103516
534.305766
524.264397
530.190269
531.185642
524.582081
519.750781
520.112774
519.597029
526.619175
542.258121
537.604124
537.001045
535.448416
534.553447
520.343526
537.574642
534.331798
536.744513
532.251080
536.708819
542.897190
541.233503
550.775556
547.306716
541.648935
550.480995
552.654813
538.433343
533.780619
550.788195
555.659145
549.887973
563.312385
555.562564
548.696055
541.759034
530.025379
537.441828
536.369283
535.915220
547.311915
531.145073
540.481852
541.373944
524.324893
535.193243
558.697208
547.024460
545.641218
556.067098
551.539111
536.964803
547.809596
543.589774
537.710312
557.248308
553.988408
553.140768
556.357297
526.606901
537.787109
548.047255
544.550226
546.565485
520.789369
526.122411
544.488558
544.939135
549.835839
544.279665
531.629616
538.055904
547.335865
553.628494
557.209400
544.877910
547.079856
547.550579
544.469684
543.946935
546.251426
541.349812
549.079578
543.139692
536.083648
553.251452
541.445518
525.861155
518.597563
518.609079
527.537587
522.016701
534.184310
550.408613
558.012024
557.824328
560.963324
545.119321
543.098339
539.524806
541.119834
528.734430
526.239097
541.512223
539.853758
555.731828
559.194359
538.560956
555.966453
539.272957
529.474855
535.131960
536.301591
541.120216
542.754326
537.813818
546.299527
552.507130
534.456882
539.536428
551.594546
540.772784
541.526055
532.526961
533.790153
522.249404
527.345299
529.814995
528.915421
540.704386
540.683020
548.496923
540.999343
540.368403
535.244791
538.530986
544.172489
540.537417
535.647450
547.135521
533.181501
537.480023
542.457110
531.492555
536.767436
529.054127
534.198678
544.912486
534.486085
519.247045
534.106532
557.045635
558.250434
546.367223
556.904113
561.616627
559.495419
547.764268
559.480069
549.107961
544.496989
537.061166
521.664210
537.009673
548.912492
527.671876
551.384595
558.162364
552.313842
557.570865
556.239411
543.499516
549.144470
551.808772
537.730038
544.156837
554.372327
556.756988
560.009505
553.504573
544.591256
533.413873
539.047190
567.895774
553.322626
528.778722
542.353495
554.450098
537.956070
540.554450
534.723822
537.237417
541.715006
534.698008
543.096134
551.385545
548.924194
536.833112
531.975611
532.555004
532.349614
528.409957
540.466820
555.212270
553.491607
555.944394
550.350003
538.443776
523.711157
538.812284
559.676753
545.410113
547.842080
552.390187
543.880361
537.487916
538.636347
538.844819
532.217896
554.271873
561.844706
554.575906
550.789540
521.813975
545.999656
547.979650
543.497423
549.786975
525.099294
536.189768
539.316231
543.682951
549.293375
551.800070
545.944851
552.955232
560.122937
558.452710
559.380754
550.778927
550.679963
549.244520
547.696003
541.654506
543.238633
547.608669
556.577053
549.397845
536.123681
551.398249
537.120530
524.284320
517.337901
520.283890
531.361995
523.685115
537.433185
554.136380
555.592202
557.675117
556.870757
556.727105
553.475037
550.756554
549.089184
534.375637
528.995794
542.902187
538.902584
555.520904
555.831129
537.245087
567.337325
541.982363
530.802221
537.236943
540.554166
546.244708
537.478958
544.344276
545.341168
551.702749
538.340133
542.428749
545.998307
542.519412
534.805283
530.690019
540.879795
521.827792
527.224675
530.090885
533.536408
545.980983
547.072625
552.392199
540.151258
542.312277
536.723422
539.962381
545.641063
539.099311
529.636689
547.767766
534.665220
536.475505
542.143026
534.878887
535.923153
524.575281
539.311441
550.635805
540.949321
522.224926
529.507747
547.802197
547.901448
539.718290
549.604078
549.657395
556.929295
546.915724
556.813276
549.059376
550.129030
543.139773
536.002412
544.849679
557.289133
532.747418
550.242966
557.878688
550.482408
557.700219
558.016007
543.169840
550.297257
552.581282
539.437745
545.909141
557.995595
559.438388
559.811276
552.022199
542.425817
536.198271
537.873206
567.057816
554.249361
530.028440
542.212954
553.360345
535.244270
539.533441
536.834180
542.528194
545.212303
536.733380
549.860263
557.320326
552.113936
540.559606
526.573214
535.600848
531.577073
524.389915
541.071253
556.221267
554.399517
560.004581
547.148476
530.869304
555.756855
545.716757
548.356196
547.311946
533.968452
555.859320
559.746451
543.291993
547.904542
531.948605
530.447235
531.646444
531.376638
538.534128
549.540357
548.693009
557.309508
545.236687
534.954863
543.493376
547.777957
554.907444
548.185538
540.369671
539.247723
536.960319
542.770565
542.612573
542.036721
542.079107
534.153437
533.850068
547.285607
546.917362
540.733339
555.510141
544.790826
536.928043
536.568054
541.063974
560.978388
551.218237
538.793169
546.310545
548.184615
545.883671
549.591123
547.572892
554.859388
557.687372
549.813080
540.000350
540.795865
536.881852
542.810053
543.767154
554.480397
553.483705
566.045168
563.963333
559.039262
535.241096
532.990925
548.491128
543.486929
526.981493
526.880235
536.924234
540.871885
537.196665
538.393332
552.479236
540.335059
540.491101
544.268389
541.481402
526.295477
517.812312
512.356254
521.116015
532.078780
535.048614
555.192776
554.969821
546.507858
549.493473
557.327672
547.111218
532.221003
543.428172
557.784061
560.504521
554.132409
542.956099
546.952653
553.000289
556.113536
538.345248
557.520662
545.503314
544.277230
545.170007
551.710137
543.804544
537.885763
538.254477
548.078488
553.312006
545.277761
545.972945
534.696900
536.700331
526.916414
541.241645
550.721711
529.624631
539.227076
550.876630
555.208047
527.012168
541.642927
557.128276
545.608356
550.360673
539.764203
540.489712
554.621594
533.853564
530.478118
546.447283
549.727066
539.729807
546.547230
523.988848
516.258960
524.286329
533.620130
531.601932
528.900596
531.810658
536.091769
536.982544
533.209091
540.332707
537.374584
530.259940
552.624367
534.483662
537.813151
543.361556
556.158300
556.280197
541.736373
532.103420
522.767095
535.809533
538.899639
565.422870
564.368000
569.448651
551.108433
552.517852
541.165136
528.785048
553.114262
547.769750
545.843988
542.256643
535.126944
555.912028
554.711958
546.776743
548.664957
537.456847
544.234453
535.532881
540.130938
547.187795
558.888784
558.648381
570.720108
568.679378
545.959663
551.824703
544.991321
545.610311
546.891603
538.245503
540.859712
526.074299
528.736706
533.224443
536.720913
531.198004
524.268871
528.214759
538.360693
541.973822
525.730487
550.497483
540.761225
541.595157
533.839858
545.297060
559.505559
549.255446
540.161265
543.024442
546.678577
547.566859
556.148298
556.052202
561.862452
562.029568
553.561348
535.962722
547.165567
540.743872
548.464616
540.864311
552.474455
552.294547
563.957965
556.625666
551.948568
521.843885
531.673599
554.793805
557.471250
543.036804
534.112281
543.392565
541.923590
536.411073
540.889667
546.596216
531.394230
541.515320
539.762237
527.999725
534.541481
524.435124
526.715515
527.589610
535.409116
533.664341
551.352101
552.148490
543.786938
545.519709
553.848541
549.835100
539.917027
543.534065
559.199118
559.442961
556.743212
544.591113
548.834478
552.001621
545.875915
527.072887
552.296661
542.861480
539.773417
541.231134
557.383322
541.451726
532.940920
539.590068
553.092802
547.718233
541.754163
546.868093
541.962391
540.091915
530.838574
541.895500
555.550776
536.901608
539.267315
545.944709
552.555628
527.551945
539.397288
553.451574
547.173721
552.441232
537.827610
536.436338
552.538596
531.353734
531.090704
544.715803
547.088198
538.372603
547.788805
523.476467
511.675693
525.001119
536.571289
531.868347
529.344949
532.203956
533.100024
534.556911
535.870448
544.154309
541.490460
533.243432
551.711759
537.337471
540.886750
546.689688
552.620680
549.594328
537.450748
534.373075
525.607582
541.470319
541.716981
564.387427
568.769732
569.732789
552.789607
552.634467
539.192469
533.702056
546.858052
546.858010
537.069513
541.806046
546.591141
537.569595
522.747718
545.467118
536.029699
528.528132
547.851594
543.534048
537.362478
533.716711
537.958150
533.699074
531.203682
529.973802
534.528089
536.474827
535.829728
524.949498
531.208373
531.052567
547.430815
550.476810
535.525544
538.302862
553.782379
541.034572
544.000571
532.371008
525.046996
530.233732
528.969180
523.090776
524.961538
546.883933
543.831009
546.334702
545.813831
546.639207
560.874936
553.980006
560.385724
533.582476
542.745024
538.606113
547.806290
545.800841
555.570613
540.702116
552.366256
546.187542
521.464682
526.967143
514.270416
525.318079
528.368356
534.816661
537.265008
550.657588
554.705546
555.568366
560.395026
544.232901
527.043206
524.594681
533.349701
533.835262
544.421907
547.132839
539.930071
544.451878
552.860826
558.975927
539.077565
527.290574
532.593635
528.962282
537.862392
534.048851
520.537681
521.901236
533.431976
533.022326
523.300558
527.012865
527.730327
526.361223
534.891475
533.561376
522.052867
549.026533
528.744589
535.135207
545.217465
532.812773
533.304854
539.726959
531.288504
528.277054
560.392317
550.392087
542.387241
548.289575
544.199180
548.234751
537.809803
553.482597
554.606742
542.154030
556.471962
550.249005
555.588088
554.259479
553.955660
544.679478
534.371402
537.506767
537.872982
529.384727
542.995904
545.955600
542.456891
536.591711
535.072332
554.758464
547.975606
536.704027
539.252500
546.922169
544.320543
534.376587
552.713243
548.051352
541.549224
547.279328
540.968072
546.423358
551.978479
557.424756
547.458901
534.077345
541.141117
551.930910
542.537151
550.147271
544.524553
540.810433
538.763436
531.220789
527.435542
536.158294
529.181935
525.069520
532.021104
530.023524
528.453682
531.661841
539.632088
534.883778
533.243908
537.395266
549.627559
552.082619
538.301717
539.748453
552.940472
543.564340
540.200135
545.422653
539.698314
535.497058
551.739541
552.046699
541.426872
544.453581
548.532254
542.907062
537.373555
535.120107
531.854289
536.056804
534.156553
524.384121
529.996431
535.782831
551.370398
549.797089
535.658397
537.545368
549.900547
531.933374
534.285217
521.674879
514.255648
527.465345
529.136387
516.655888
523.870373
544.754673
552.776167
548.996983
546.015593
546.481428
559.536777
554.213069
559.817147
533.532197
539.429061
526.967085
547.691228
542.810061
550.925358
535.596786
547.726651
539.117194
518.258777
518.558662
507.865116
530.678612
525.560309
537.505972
533.335883
539.932830
559.563586
562.126372
570.469902
551.443228
530.607352
519.240433
535.316117
537.733708
542.760317
536.448071
526.986741
534.986314
544.268177
552.522727
534.457552
527.547393
535.593300
531.325030
537.216408
534.424943
523.156052
525.347797
538.160770
536.460018
528.223934
531.766355
529.728755
526.820792
536.403333
536.379507
523.449577
550.224332
528.466238
534.088546
541.134904
525.738140
536.660228
540.107403
535.119504
529.939207
558.636925
544.717211
543.419534
553.679845
551.926725
549.593876
539.313471
546.391373
547.671996
547.430189
557.233449
552.135474
558.154662
562.094333
558.559676
549.756870
533.184950
534.793888
539.317361
531.635531
543.493193
547.702609
541.062289
540.617363
538.372071
558.969918
552.495286
544.656543
546.807539
543.723898
542.973372
542.847262
558.629884
555.030555
542.819248
549.872840
547.650290
552.235475
553.162615
559.024327
548.125454
538.446624
538.977086
547.882752
542.700479
544.570468
536.492463
537.947389
530.850290
524.326497
522.950592
537.380053
534.575687
530.988386
531.853413
530.911100
533.907240
535.420094
537.187615
533.007180
533.241488
555.468960
547.871391
567.842870
562.718662
564.392097
539.008888
521.505998
535.969223
538.507550
536.314640
539.554820
536.586345
547.247675
548.944467
563.850947
566.179728
558.630979
532.025751
534.265981
540.657420
539.542927
520.015392
520.046696
539.545698
521.237704
537.587103
550.783880
551.084369
541.996647
544.168906
542.749778
546.806936
567.520738
558.695072
560.163333
547.280570
537.751855
534.797085
524.859486
518.830486
525.328375
538.768146
528.874049
534.304030
540.815626
536.440536
539.241301
547.847384
533.176191
551.363345
551.356049
555.661594
549.648358
537.376658
545.962916
543.301251
544.924257
541.227583
545.599874
551.872319
539.096777
546.381828
556.292401
540.329857
572.106273
566.111942
560.592820
535.432151
540.462163
540.302435
540.998104
541.254302
544.705528
532.456389
541.763335
545.245369
525.585627
526.411356
518.350452
535.098439
550.952016
542.074773
525.988256
530.609011
538.520043
550.171931
537.417300
547.710168
547.354731
554.878660
557.040121
557.315162
559.000268
554.996949
552.079823
538.022268
531.110222
517.661250
521.652533
527.336692
519.830903
532.564651
532.508304
532.183603
536.589312
546.347170
555.385520
549.637414
555.648747
546.756028
553.015877
556.057777
571.859335
566.003163
554.636725
554.597353
549.822858
547.104637
551.948216
559.741655
559.571364
559.398996
553.199130
543.635934
550.297151
550.023331
549.616731
566.783531
537.486773
542.783768
556.289096
551.931460
545.846587
555.614579
540.201439
533.959895
535.055034
519.529524
522.664329
538.677080
526.306527
544.951572
545.562481
536.988681
548.436665
550.420851
553.867991
566.834372
564.682943
574.115096
561.171414
536.423619
550.757828
540.895464
548.227148
540.266643
533.673538
532.644385
532.509802
518.810716
532.365128
547.361139
540.811772
541.823775
553.963081
543.538135
562.490803
559.272780
560.124639
529.583623
521.274396
543.293916
541.077100
538.638992
545.037757
539.924959
552.464867
553.858640
559.025298
560.851308
551.069313
533.133288
535.672877
545.397194
544.018079
534.249161
536.013368
549.262051
528.186576
555.269439
549.618566
552.078391
542.097792
544.237482
541.949421
552.597296
569.822671
557.411164
557.395551
549.923587
528.886777
520.472654
514.913349
516.609869
536.400314
538.178080
530.343506
533.354202
536.294131
533.474359
533.810378
547.103790
535.295771
554.459023
554.932764
549.413066
547.507126
541.473044
546.425020
547.640244
547.219968
548.081771
549.234163
550.977526
547.308604
551.604434
550.936504
541.664124
559.200461
554.240070
559.803642
536.490279
542.869713
545.901156
546.128906
547.502868
559.894596
541.616613
540.629217
546.149748
525.349060
531.561078
526.181878
537.623551
548.722668
542.864454
525.988256
530.609011
536.178562
547.946327
535.475332
548.771455
553.619486
561.141385
566.261430
558.812084
567.420054
557.387746
557.632144
541.561006
541.097192
528.142030
534.198417
541.745543
530.923408
541.656754
534.288323
541.257180
546.493278
550.388172
557.425448
550.308891
558.028681
549.921034
549.196456
548.022880
566.077656
562.079088
547.045543
545.514644
549.163597
545.360928
548.621306
551.848490
552.060847
555.561117
546.742752
543.635934
550.297151
549.210562
547.206377
565.214709
536.073092
543.590127
550.903581
549.138462
541.595585
554.331354
546.171683
536.655582
534.892475
521.276435
524.899884
538.867210
525.210036
542.528377
543.337296
539.742124
551.347133
548.935801
553.623233
568.072836
563.188338
574.405131
567.137771
542.284792
551.208736
539.202690
545.630151
539.031151
534.421196
527.591352
533.742873
524.493383
541.125828
550.657682
544.456492
542.938577
