0.000000
0.000000
0.000000
0.000000
0.000000
0.000000
-1.274770
0.354754
0.926713
-1.322818
0.336975
0.912127
0.000000
0.000000
0.000000
0.000000
0.000000
0.000000
-1.092395
1.087218
0.460402
-1.165816
1.183226
0.548173
0.000000
0.000000
0.000000
0.000000
0.000000
0.000000
-1.198325
0.630639
0.687267
-1.218662
0.744160
0.743860
0.000000
0.000000
0.000000
0.000000
0.000000
0.000000
-1.190183
0.655020
0.748573
-1.206220
0.710718
0.758319
0.000000
0.000000
0.000000
0.000000
0.000000
0.000000
-1.372993
0.529834
0.941204
-1.387459
0.386975
0.882599
0.000000
0.000000
0.000000
0.000000
0.000000
0.000000
-1.506081
0.622901
0.831915
-1.528189
0.633941
0.831098
0.000000
0.000000
0.000000
0.000000
0.000000
0.000000
-1.032663
0.707113
0.867197
-0.997388
0.765665
0.769447
0.000000
0.000000
0.000000
0.000000
0.000000
0.000000
-1.381061
0.937743
0.698537
-1.471203
0.983997
0.627370
0.000000
0.000000
0.000000
0.000000
0.000000
0.000000
0.000000
0.000000
0.000000
-1.673907
0.633596
0.709982
0.000000
0.000000
0.000000
0.000000
0.000000
0.000000
-1.388559
0.446109
0.808652
-1.438009
0.419298
0.843459
0.000000
0.000000
0.000000
0.000000
0.000000
0.000000
-1.244468
0.983483
0.575812
-1.329348
1.062340
0.619281
0.000000
0.000000
0.000000
0.000000
0.000000
0.000000
-1.259440
0.756591
0.730234
-1.234702
0.959962
0.637095
0.000000
0.000000
0.000000
0.000000
0.000000
0.000000
0.000000
0.000000
0.000000
-1.029150
1.331494
0.640544
0.000000
0.000000
0.000000
0.000000
0.000000
0.000000
-1.274052
1.167465
0.558104
-1.301898
1.169726
0.515205
0.000000
0.000000
0.000000
0.000000
0.000000
0.000000
0.000000
0.000000
0.000000
-1.130422
0.887113
0.660961
0.000000
0.000000
0.000000
0.000000
0.000000
0.000000
0.000000
0.000000
0.000000
-1.487302
0.528673
0.819291
0.000000
0.000000
0.000000
0.000000
0.000000
0.000000
-1.423375
0.754863
0.789573
-1.457718
0.747778
0.793706
0.000000
0.000000
0.000000
0.000000
0.000000
0.000000
0.000000
0.000000
0.000000
-1.354775
0.652324
0.712666
0.000000
0.000000
0.000000
0.000000
0.000000
0.000000
-1.156328
0.711612
0.854546
-1.139582
0.882919
0.810277
0.000000
0.000000
0.000000
0.000000
0.000000
0.000000
0.000000
0.000000
0.000000
-1.058890
1.092632
0.825353
0.000000
0.000000
0.000000
0.000000
0.000000
0.000000
-1.330169
0.618820
0.826206
-1.379418
0.633059
0.814179
0.000000
0.000000
0.000000
0.000000
0.000000
0.000000
-1.318489
0.731425
0.773284
-1.385410
0.734010
0.745733
0.000000
0.000000
0.000000
0.000000
0.000000
0.000000
-1.397049
0.801732
0.748634
-1.521824
0.754378
0.773160
0.000000
0.000000
0.000000
0.000000
0.000000
0.000000
-1.475215
0.602552
0.687745
-1.407700
0.699440
0.831974
-1.400163
0.626391
0.847184
-1.430123
0.598974
0.840403
-1.264648
0.689342
0.808873
-1.285826
0.653716
0.800349
0.000000
0.000000
0.000000
0.000000
0.000000
0.000000
-1.221457
0.546376
0.844593
-1.270300
0.527141
0.851351
-1.225717
0.739652
0.756209
-1.242258
0.910264
0.828227
-1.243915
0.746280
0.756209
-1.222568
0.922917
0.828227
0.000000
0.000000
0.000000
0.000000
0.000000
0.000000
-1.322183
0.567229
0.794304
-1.234294
0.702964
0.811424
0.000000
0.000000
0.000000
0.000000
0.000000
0.000000
-1.407401
0.515048
0.849267
-1.481339
0.486772
0.874262
0.000000
0.000000
0.000000
0.000000
0.000000
0.000000
-0.735026
2.186237
0.745782
-1.093167
1.385425
0.783058
0.000000
0.000000
0.000000
0.000000
0.000000
0.000000
0.000000
0.000000
0.000000
-1.528659
0.545531
0.900445
-1.261087
0.724161
0.710838
-1.239383
0.733398
0.710644
-1.230361
0.744836
0.710838
-1.238342
0.733022
0.720768
0.000000
0.000000
0.000000
0.000000
0.000000
0.000000
-1.031815
1.034760
0.637440
-1.038174
1.084633
0.524586
0.000000
0.000000
0.000000
0.000000
0.000000
0.000000
-1.001665
0.802329
0.765270
-0.992539
0.814113
0.813018
0.000000
0.000000
0.000000
0.000000
0.000000
0.000000
0.000000
0.000000
0.000000
-1.362397
0.470786
0.619919
0.000000
0.000000
0.000000
0.000000
0.000000
0.000000
-0.998058
1.356073
0.781758
-1.114767
0.898481
0.694211
0.000000
0.000000
0.000000
0.000000
0.000000
0.000000
0.000000
0.000000
0.000000
-1.017102
0.783059
0.793752
0.000000
0.000000
0.000000
0.000000
0.000000
0.000000
0.000000
0.000000
0.000000
-1.099539
0.616286
0.813520
0.000000
0.000000
0.000000
0.000000
0.000000
0.000000
-1.544517
0.888847
0.768463
-1.576507
0.880936
0.758411
-1.639523
0.615389
0.878157
-1.692914
0.683586
0.854187
-1.648199
0.618339
0.880468
-1.688113
0.688830
0.854594
0.000000
0.000000
0.000000
0.000000
0.000000
0.000000
-1.384327
0.543610
1.004502
-1.492743
0.494122
0.903255
0.000000
0.000000
0.000000
-1.411096
0.488211
0.755868
0.000000
0.000000
0.000000
-1.362182
0.541867
0.755661
0.000000
0.000000
0.000000
0.000000
0.000000
0.000000
0.000000
0.000000
0.000000
-1.387445
0.564466
0.698385
0.000000
0.000000
0.000000
0.000000
0.000000
0.000000
-1.334887
0.390768
0.904056
-1.358468
0.417113
0.925637
0.000000
0.000000
0.000000
0.000000
0.000000
0.000000
-1.476346
0.568261
0.745280
-1.499503
0.635766
0.777606
0.000000
0.000000
0.000000
0.000000
0.000000
0.000000
-1.344243
1.112232
0.542566
-1.386593
1.144617
0.550504
0.000000
0.000000
0.000000
0.000000
0.000000
0.000000
-1.344847
0.584145
0.877617
-1.383419
0.573323
0.840983
0.000000
0.000000
0.000000
0.000000
0.000000
0.000000
-1.401297
0.928660
0.674550
-1.410348
0.845575
0.703837
0.000000
0.000000
0.000000
0.000000
0.000000
0.000000
-1.137106
0.686380
0.790353
-1.192906
0.833429
0.701784
0.000000
0.000000
0.000000
0.000000
0.000000
0.000000
-1.304983
0.674636
0.768701
-1.257069
0.646422
0.796289
-1.163387
0.813482
0.613529
-1.078995
1.124921
0.728192
-1.149885
0.818621
0.613529
-1.052384
1.091005
0.740989
0.000000
0.000000
0.000000
0.000000
0.000000
0.000000
0.000000
0.000000
0.000000
-1.041335
0.967598
0.769828
0.000000
0.000000
0.000000
0.000000
0.000000
0.000000
-1.195295
0.690244
0.633641
-1.081226
0.997027
0.798762
0.000000
0.000000
0.000000
0.000000
0.000000
0.000000
-1.465929
0.544781
0.833943
-1.553910
0.474221
0.899114
0.000000
0.000000
0.000000
0.000000
0.000000
0.000000
-1.261301
1.102254
0.526580
-1.264692
1.272512
0.526479
0.000000
0.000000
0.000000
0.000000
0.000000
0.000000
-1.277870
1.112399
0.560066
-1.224836
1.348085
0.564679
-1.417111
0.661493
0.670371
-1.353007
0.637373
0.755877
-1.412859
0.662168
0.670371
-1.346750
0.635445
0.755877
0.000000
0.000000
0.000000
0.000000
0.000000
0.000000
-1.524964
0.468143
0.860406
-1.581750
0.479261
0.868238
0.000000
0.000000
0.000000
0.000000
0.000000
0.000000
0.000000
0.000000
0.000000
-1.410528
0.353973
0.750150
0.000000
0.000000
0.000000
0.000000
0.000000
0.000000
-1.426762
1.088376
0.671305
-1.388304
1.191002
0.684007
0.000000
0.000000
0.000000
0.000000
0.000000
0.000000
-1.214826
1.191978
0.827287
-1.328363
0.735957
0.745058
0.000000
0.000000
0.000000
-1.246491
0.963241
0.699516
0.000000
0.000000
0.000000
-1.204418
0.975116
0.699516
0.000000
0.000000
0.000000
0.000000
0.000000
0.000000
-1.143278
0.850937
0.613250
-1.179706
1.041202
0.672891
0.000000
0.000000
0.000000
0.000000
0.000000
0.000000
-1.100845
0.752311
0.864874
-1.067306
0.850394
0.804210
0.000000
0.000000
0.000000
0.000000
0.000000
0.000000
-1.201381
0.556982
0.858872
-1.313798
0.502912
0.857581
0.000000
0.000000
0.000000
0.000000
0.000000
0.000000
-1.036901
1.321701
0.751414
-1.245183
1.047342
0.667605
0.000000
0.000000
0.000000
0.000000
0.000000
0.000000
-1.302404
0.658209
0.766345
-1.388691
0.453117
0.803645
0.000000
0.000000
0.000000
0.000000
0.000000
0.000000
-1.190268
1.316047
0.590729
-1.309898
0.982731
0.715786
0.000000
0.000000
0.000000
0.000000
0.000000
0.000000
0.000000
0.000000
0.000000
-1.248839
1.410965
0.701410
0.000000
0.000000
0.000000
0.000000
0.000000
0.000000
0.000000
0.000000
0.000000
-1.216396
1.084260
0.777104
0.000000
0.000000
0.000000
0.000000
0.000000
0.000000
-1.482559
0.720191
0.768690
-1.472665
0.763072
0.782472
0.000000
0.000000
0.000000
0.000000
0.000000
0.000000
-1.253541
0.973226
0.767133
-1.376188
0.709082
0.759412
0.000000
0.000000
0.000000
0.000000
0.000000
0.000000
-1.611808
0.718403
0.788844
-1.638619
0.810651
0.802197
0.000000
0.000000
0.000000
0.000000
0.000000
0.000000
-1.458377
0.411117
0.622418
-1.532531
0.469013
1.043707
0.000000
0.000000
0.000000
0.000000
0.000000
0.000000
-1.348134
1.002769
0.686964
-1.393545
0.967068
0.714962
0.000000
0.000000
0.000000
0.000000
0.000000
0.000000
-1.631720
0.359372
0.841497
-1.602184
0.306094
0.891688
0.000000
0.000000
0.000000
0.000000
0.000000
0.000000
-1.118766
0.985928
0.812361
-1.190240
0.881990
0.745094
0.000000
0.000000
0.000000
0.000000
0.000000
0.000000
-1.290455
0.926279
0.768644
-1.291788
0.963833
0.748365
0.000000
0.000000
0.000000
0.000000
0.000000
0.000000
-1.239786
1.167177
0.667137
-1.375840
1.058927
0.660151
0.000000
0.000000
0.000000
0.000000
0.000000
0.000000
-1.172006
0.513116
0.810774
-1.216061
0.587446
0.839822
0.000000
0.000000
0.000000
0.000000
0.000000
0.000000
-1.161543
1.018736
0.897346
-1.209697
0.921513
0.764950
0.000000
0.000000
0.000000
0.000000
0.000000
0.000000
-1.189144
0.902390
0.833402
-1.222093
0.865981
0.743186
0.000000
0.000000
0.000000
0.000000
0.000000
0.000000
-1.238457
0.740276
0.694895
-1.271608
0.822150
0.889328
-1.123049
0.879195
0.713804
-1.051409
0.985972
0.666164
-1.092444
0.871272
0.715521
-1.023219
0.950093
0.669797
0.000000
0.000000
0.000000
0.000000
0.000000
0.000000
-1.156223
1.007008
0.650336
-1.152735
1.010057
0.635496
0.000000
0.000000
0.000000
0.000000
0.000000
0.000000
-1.357116
0.719392
0.845239
-1.334731
0.735810
0.833065
0.000000
0.000000
0.000000
0.000000
0.000000
0.000000
-1.267487
1.161457
0.774840
-1.376504
0.930188
0.715599
0.000000
0.000000
0.000000
0.000000
0.000000
0.000000
0.000000
0.000000
0.000000
-1.173029
1.007246
0.612793
0.000000
0.000000
0.000000
0.000000
0.000000
0.000000
-1.364410
0.385106
0.773518
-1.291410
0.448843
0.988504
0.000000
0.000000
0.000000
0.000000
0.000000
0.000000
-1.421950
0.800195
0.777243
-1.466296
0.793763
0.782405
0.000000
0.000000
0.000000
0.000000
0.000000
0.000000
-1.142310
0.705049
0.657879
-1.222994
0.616080
0.791385
0.000000
0.000000
0.000000
0.000000
0.000000
0.000000
-1.449407
1.373159
0.410386
-1.493367
1.404632
0.374131
0.000000
0.000000
0.000000
0.000000
0.000000
0.000000
-1.429694
0.475152
0.772836
-1.394039
0.682293
0.914945
0.000000
0.000000
0.000000
0.000000
0.000000
0.000000
-1.507044
0.974592
0.640001
-1.553968
0.872436
0.709532
0.000000
0.000000
0.000000
0.000000
0.000000
0.000000
-1.019985
0.970042
0.642837
-1.085220
0.973649
0.668638
0.000000
0.000000
0.000000
0.000000
0.000000
0.000000
-1.430379
0.767412
0.791999
-1.379433
0.911765
0.700920
0.000000
0.000000
0.000000
0.000000
0.000000
0.000000
-1.259329
0.929217
0.900969
-1.341202
0.824658
0.813673
-1.461234
0.457325
0.867610
-1.465349
0.497917
0.870051
-1.471175
0.459765
0.871791
-1.464413
0.477198
0.862903
0.000000
0.000000
0.000000
0.000000
0.000000
0.000000
-1.253540
0.666929
0.677992
-1.197739
0.678177
0.842272
0.000000
0.000000
0.000000
0.000000
0.000000
0.000000
-1.181536
0.677376
0.664976
-0.949720
1.018243
0.634656
-1.195154
0.534171
0.672817
-1.310496
0.457526
0.911178
-1.179238
0.537365
0.672817
-1.283044
0.454359
0.911178
0.000000
0.000000
0.000000
0.000000
0.000000
0.000000
-1.203945
0.929696
0.691043
-1.262608
0.880801
0.724753
0.000000
0.000000
0.000000
0.000000
0.000000
0.000000
-1.431875
0.625918
0.766907
-1.384426
0.916948
0.777416
0.000000
0.000000
0.000000
0.000000
0.000000
0.000000
-1.174437
0.517811
0.929142
-1.204172
0.613391
0.892833
0.000000
0.000000
0.000000
0.000000
0.000000
0.000000
0.000000
0.000000
0.000000
-1.170125
1.322049
0.826490
0.000000
0.000000
0.000000
0.000000
0.000000
0.000000
-1.438167
0.872340
0.745084
-1.460728
0.864682
0.736770
0.000000
0.000000
0.000000
0.000000
0.000000
0.000000
-1.165063
0.923136
0.723658
-1.079122
1.136233
0.723344
0.000000
0.000000
0.000000
0.000000
0.000000
0.000000
-1.383799
0.454204
1.186946
-1.513808
0.334966
1.010275
0.000000
0.000000
0.000000
0.000000
0.000000
0.000000
-1.219463
1.270473
0.723757
-1.305450
1.051583
0.697815
0.000000
0.000000
0.000000
-1.236964
0.572741
0.767561
0.000000
0.000000
0.000000
-1.244548
0.577682
0.767561
0.000000
0.000000
0.000000
0.000000
0.000000
0.000000
0.000000
0.000000
0.000000
-1.210630
0.751365
0.837043
0.000000
0.000000
0.000000
0.000000
0.000000
0.000000
-1.245974
0.796963
0.731706
-1.253303
0.782986
0.747717
0.000000
0.000000
0.000000
0.000000
0.000000
0.000000
-1.529055
0.447469
0.878688
-1.548087
0.427477
0.875867
0.000000
0.000000
0.000000
0.000000
0.000000
0.000000
-1.416304
0.533969
0.971950
-1.493102
0.689286
0.907502
0.000000
0.000000
0.000000
0.000000
0.000000
0.000000
-1.347223
0.926802
0.708531
-1.412793
0.861746
0.705457
-1.600739
1.010264
0.772704
-1.594827
1.036210
0.686287
-1.421882
1.130340
0.717890
-1.439380
1.052368
0.648915
0.000000
0.000000
0.000000
0.000000
0.000000
0.000000
-1.215990
0.976006
0.668478
-1.273267
1.010834
0.676637
0.000000
0.000000
0.000000
0.000000
0.000000
0.000000
-1.223761
0.566143
0.863955
-1.328789
0.532209
0.866979
0.000000
0.000000
0.000000
0.000000
0.000000
0.000000
-1.434551
0.595101
0.643391
-1.369574
0.651474
0.858685
-1.272208
0.911250
0.823800
-1.234804
0.966165
0.740554
-1.291023
0.893825
0.830342
-1.217685
0.946307
0.781573
0.000000
0.000000
0.000000
0.000000
0.000000
0.000000
0.000000
0.000000
0.000000
-1.045282
0.591551
0.831100
-1.320224
0.815423
0.851727
-1.389206
0.752553
0.800426
-1.316032
0.796190
0.851727
-1.357889
0.751355
0.800426
0.000000
0.000000
0.000000
0.000000
0.000000
0.000000
0.000000
0.000000
0.000000
-1.056076
1.153897
0.798493
0.000000
0.000000
0.000000
-1.329931
0.471368
0.710104
0.000000
0.000000
0.000000
-1.328579
0.471445
0.710104
0.000000
0.000000
0.000000
0.000000
0.000000
0.000000
-1.374205
0.998478
0.689233
-1.405482
0.973672
0.706036
0.000000
0.000000
0.000000
0.000000
0.000000
0.000000
-1.198197
0.666174
0.717252
-1.150332
0.752251
0.793910
0.000000
0.000000
0.000000
0.000000
0.000000
0.000000
-1.117703
0.924496
0.716858
-1.160281
0.872825
0.707685
0.000000
0.000000
0.000000
0.000000
0.000000
0.000000
-1.501548
0.660152
0.926764
-1.581340
0.513066
0.851495
0.000000
0.000000
0.000000
0.000000
0.000000
0.000000
-1.498942
0.671117
0.882466
-1.508125
0.779315
0.841866
0.000000
0.000000
0.000000
0.000000
0.000000
0.000000
-0.924457
1.095374
0.895274
-1.090261
0.927043
0.791281
0.000000
0.000000
0.000000
0.000000
0.000000
0.000000
-1.480271
0.499428
0.898469
-1.492523
0.463467
0.875716
0.000000
0.000000
0.000000
0.000000
0.000000
0.000000
-1.201705
0.770354
0.650351
-1.210775
0.886972
0.675328
0.000000
0.000000
0.000000
0.000000
0.000000
0.000000
0.000000
0.000000
0.000000
-0.982882
0.881033
0.876938
0.000000
0.000000
0.000000
0.000000
0.000000
0.000000
-1.141004
1.143111
0.684406
-1.200303
1.068067
0.629528
0.000000
0.000000
0.000000
0.000000
0.000000
0.000000
0.000000
0.000000
0.000000
-1.228327
0.773636
0.808969
0.000000
0.000000
0.000000
0.000000
0.000000
0.000000
0.000000
0.000000
0.000000
-1.221849
0.726028
0.677612
0.000000
0.000000
0.000000
0.000000
0.000000
0.000000
-0.918028
0.805923
0.803587
-0.957252
0.842186
0.734145
0.000000
0.000000
0.000000
0.000000
0.000000
0.000000
-1.323485
0.697826
0.767963
-1.240863
0.773966
0.739519
0.000000
0.000000
0.000000
0.000000
0.000000
0.000000
-1.195336
0.647710
0.785602
-1.201993
0.631579
0.745682
0.000000
0.000000
0.000000
0.000000
0.000000
0.000000
0.000000
0.000000
0.000000
-1.134059
0.578499
0.869988
0.000000
0.000000
0.000000
0.000000
0.000000
0.000000
-1.480861
0.464112
0.855485
-1.520322
0.407824
0.858907
-1.221706
0.823620
0.657084
-1.267217
0.873784
0.662508
-1.226592
0.820073
0.671047
-1.290417
0.857522
0.669449
0.000000
0.000000
0.000000
0.000000
0.000000
0.000000
-1.162666
1.063287
0.647554
-1.214744
1.139120
0.605523
0.000000
0.000000
0.000000
0.000000
0.000000
0.000000
-1.371397
0.543870
0.815706
-1.371626
0.527633
0.831034
0.000000
0.000000
0.000000
0.000000
0.000000
0.000000
-1.294178
0.923977
0.742878
-1.361203
0.781740
0.767164
-1.201997
0.772503
0.778457
-1.204857
0.782266
0.766159
-1.200985
0.801055
0.759772
-1.207113
0.799499
0.762511
0.000000
0.000000
0.000000
0.000000
0.000000
0.000000
-1.565915
0.474912
0.876995
-1.599871
0.503789
0.876306
0.000000
0.000000
0.000000
0.000000
0.000000
0.000000
-1.152050
1.093042
0.598533
-1.200826
1.143737
0.550904
0.000000
0.000000
0.000000
0.000000
0.000000
0.000000
0.000000
0.000000
0.000000
-0.951774
1.437641
0.584642
0.000000
0.000000
0.000000
0.000000
0.000000
0.000000
0.000000
0.000000
0.000000
-1.182606
1.273200
0.661009
0.000000
0.000000
0.000000
0.000000
0.000000
0.000000
-1.627491
0.343803
0.893131
-1.641372
0.352224
0.888289
0.000000
0.000000
0.000000
0.000000
0.000000
0.000000
0.000000
0.000000
0.000000
-1.027818
0.838490
0.683314
0.000000
0.000000
0.000000
0.000000
0.000000
0.000000
-1.332998
0.681460
0.826669
-1.474328
0.558834
0.898819
0.000000
0.000000
0.000000
0.000000
0.000000
0.000000
0.000000
0.000000
0.000000
-1.071758
0.830406
0.744955
0.000000
0.000000
0.000000
0.000000
0.000000
0.000000
-1.326110
0.585440
0.924117
-1.331290
0.488831
0.887067
0.000000
0.000000
0.000000
0.000000
0.000000
0.000000
-1.133447
0.577923
0.742070
-1.095826
0.676139
1.170686
0.000000
0.000000
0.000000
0.000000
0.000000
0.000000
-1.341527
0.431286
0.988260
-1.356183
0.378867
0.937375
0.000000
0.000000
0.000000
0.000000
0.000000
0.000000
-1.219895
0.803584
0.793702
-1.248993
0.747426
0.741099
0.000000
0.000000
0.000000
0.000000
0.000000
0.000000
-1.503305
0.510108
0.800007
-1.483038
0.738744
0.861480
0.000000
0.000000
0.000000
0.000000
0.000000
0.000000
-1.415584
0.439382
0.669281
-1.392742
0.409746
0.917433
0.000000
0.000000
0.000000
0.000000
0.000000
0.000000
-1.162735
0.776464
0.741212
-1.205003
0.835951
0.722632
-1.113265
0.772376
0.746439
-1.201466
0.709859
0.785658
-1.105552
0.854801
0.740053
-1.195543
0.732177
0.790658
0.000000
0.000000
0.000000
0.000000
0.000000
0.000000
-1.215849
0.932952
0.675322
-1.242358
0.936287
0.812205
0.000000
0.000000
0.000000
0.000000
0.000000
0.000000
-1.373768
0.952200
0.780304
-1.406119
0.878771
0.721881
0.000000
0.000000
0.000000
0.000000
0.000000
0.000000
-1.426871
0.501263
0.858074
-1.511674
0.462016
0.868426
0.000000
0.000000
0.000000
0.000000
0.000000
0.000000
0.000000
0.000000
0.000000
-1.252605
0.889432
0.832064
0.000000
0.000000
0.000000
0.000000
0.000000
0.000000
0.000000
0.000000
0.000000
-1.193333
0.565291
0.758619
0.000000
0.000000
0.000000
0.000000
0.000000
0.000000
-1.205631
1.061100
0.937868
-1.270461
1.039250
0.824640
0.000000
0.000000
0.000000
-1.026444
1.035817
0.647491
0.000000
0.000000
0.000000
-0.974637
1.059169
0.647491
0.000000
0.000000
0.000000
0.000000
0.000000
0.000000
-1.187819
0.623019
0.686273
-1.254000
0.708617
0.768504
0.000000
0.000000
0.000000
0.000000
0.000000
0.000000
-1.243206
0.929829
0.682668
-1.277243
0.969721
0.669844
0.000000
0.000000
0.000000
0.000000
0.000000
0.000000
-1.088800
1.028267
0.786296
-1.216383
0.839393
0.736399
0.000000
0.000000
0.000000
0.000000
0.000000
0.000000
-1.238339
0.904328
0.830564
-1.431633
0.711432
0.755315
0.000000
0.000000
0.000000
0.000000
0.000000
0.000000
0.000000
0.000000
0.000000
-1.376080
0.662002
0.730471
0.000000
0.000000
0.000000
0.000000
0.000000
0.000000
-1.217750
0.771006
0.680012
-1.204132
0.831418
0.675389
0.000000
0.000000
0.000000
0.000000
0.000000
0.000000
-1.030673
0.529801
0.758721
-1.141677
0.439105
0.772885
0.000000
0.000000
0.000000
0.000000
0.000000
0.000000
-1.444351
0.638690
0.838400
-1.392956
0.746506
0.804283
-1.424428
1.115603
0.598697
-1.442234
1.104521
0.636361
-1.348615
1.144350
0.591356
-1.364809
1.092930
0.625392
0.000000
0.000000
0.000000
0.000000
0.000000
0.000000
-1.260913
0.564404
0.872070
-1.240429
0.559059
0.815839
0.000000
0.000000
0.000000
0.000000
0.000000
0.000000
-1.212488
0.898572
0.653533
-1.296433
0.724495
0.719293
0.000000
0.000000
0.000000
0.000000
0.000000
0.000000
-1.413022
0.574483
0.846133
-1.545747
0.498808
0.880022
0.000000
0.000000
0.000000
0.000000
0.000000
0.000000
-0.953475
1.627367
0.674937
-1.162167
1.298537
0.488468
0.000000
0.000000
0.000000
0.000000
0.000000
0.000000
-1.064964
1.058521
0.683113
-1.094208
1.388070
0.551459
0.000000
0.000000
0.000000
0.000000
0.000000
0.000000
0.000000
0.000000
0.000000
-1.121725
0.701050
0.646557
-1.315659
0.430596
0.854595
-1.364360
0.423135
0.862339
-1.364269
0.322373
0.883350
-1.404390
0.313429
0.882568
0.000000
0.000000
0.000000
0.000000
0.000000
0.000000
-1.512495
0.824460
0.769640
-1.548401
0.820036
0.762731
0.000000
0.000000
0.000000
0.000000
0.000000
0.000000
-1.175823
1.060896
0.983806
-1.267388
0.812133
0.968036
-1.373367
0.634446
0.789310
-1.349850
0.569695
0.812114
-1.379976
0.671980
0.766564
-1.355575
0.605312
0.787501
0.000000
0.000000
0.000000
0.000000
0.000000
0.000000
-1.399791
1.128264
0.666445
-1.422511
1.198171
0.682861
0.000000
0.000000
0.000000
0.000000
0.000000
0.000000
0.000000
0.000000
0.000000
-0.949164
0.785410
0.594203
0.000000
0.000000
0.000000
0.000000
0.000000
0.000000
-1.308634
0.539015
0.589893
-1.392008
0.644367
1.023797
0.000000
0.000000
0.000000
0.000000
0.000000
0.000000
-1.576377
0.351226
1.047002
-1.549630
0.422453
0.921814
0.000000
0.000000
0.000000
0.000000
0.000000
0.000000
-1.871192
0.282300
0.912012
-1.868909
0.281710
0.902744
-1.363098
0.909704
0.714756
-1.362972
0.965295
0.693037
-1.274355
1.067917
0.635663
-1.286699
1.105904
0.635582
0.000000
0.000000
0.000000
0.000000
0.000000
0.000000
-1.517982
0.555065
0.862507
-1.586133
0.499031
0.878387
-1.048875
0.944509
0.721947
-0.976534
1.125371
0.718635
-1.132165
0.757405
0.738933
-0.980818
1.096855
0.733633
0.000000
0.000000
0.000000
0.000000
0.000000
0.000000
-1.380054
0.458089
1.033080
-1.403863
0.572069
0.891762
0.000000
0.000000
0.000000
0.000000
0.000000
0.000000
-1.400474
0.827062
0.735130
-1.401419
0.801989
0.746082
0.000000
0.000000
0.000000
0.000000
0.000000
0.000000
-1.211172
0.759425
0.672945
-1.215953
0.737657
0.752153
0.000000
0.000000
0.000000
0.000000
0.000000
0.000000
0.000000
0.000000
0.000000
-1.120428
0.575859
0.866178
0.000000
0.000000
0.000000
0.000000
0.000000
0.000000
-1.400188
1.166190
0.549491
-1.440292
1.142332
0.593556
0.000000
0.000000
0.000000
0.000000
0.000000
0.000000
-0.979556
1.208331
0.734751
-1.203580
0.781018
0.590298
0.000000
0.000000
0.000000
0.000000
0.000000
0.000000
-1.350509
0.501476
0.671134
-1.291001
0.742206
1.025841
0.000000
0.000000
0.000000
0.000000
0.000000
0.000000
-1.626108
0.582160
0.936500
-1.628230
0.613935
0.881637
0.000000
0.000000
0.000000
0.000000
0.000000
0.000000
-1.095495
0.913052
0.730674
-1.139908
0.945895
0.628295
0.000000
0.000000
0.000000
0.000000
0.000000
0.000000
0.000000
0.000000
0.000000
-1.153915
0.791551
0.781090
0.000000
0.000000
0.000000
0.000000
0.000000
0.000000
-1.070930
0.878595
0.712703
-1.170185
0.780157
0.696567
0.000000
0.000000
0.000000
0.000000
0.000000
0.000000
-1.224006
0.482923
0.847562
-1.331555
0.425857
1.006628
-1.320796
0.689216
0.766948
-1.356050
0.624554
0.791069
-1.253988
0.916402
0.698306
-1.259930
0.725768
0.695648
0.000000
0.000000
0.000000
0.000000
0.000000
0.000000
-1.389410
0.989070
0.705514
-1.442195
0.999311
0.696990
0.000000
0.000000
0.000000
0.000000
0.000000
0.000000
-1.333844
0.676922
0.790672
-1.325188
0.797040
0.757672
0.000000
0.000000
0.000000
0.000000
0.000000
0.000000
0.000000
0.000000
0.000000
-1.063072
0.806088
0.642827
0.000000
0.000000
0.000000
-1.202731
0.850104
0.838905
0.000000
0.000000
0.000000
-1.197237
0.862909
0.838905
0.000000
0.000000
0.000000
0.000000
0.000000
0.000000
-1.183036
0.441877
0.968651
-1.237232
0.379457
0.884162
0.000000
0.000000
0.000000
0.000000
0.000000
0.000000
0.000000
0.000000
0.000000
-0.982249
0.998933
0.657184
0.000000
0.000000
0.000000
0.000000
0.000000
0.000000
-1.050221
0.803748
0.691797
-1.167865
0.660080
0.577386
0.000000
0.000000
0.000000
0.000000
0.000000
0.000000
-1.469502
0.530028
0.765365
-1.453998
0.705553
0.828025
0.000000
0.000000
0.000000
0.000000
0.000000
0.000000
-1.340657
0.884723
0.720458
-1.358443
0.925584
0.719712
0.000000
0.000000
0.000000
0.000000
0.000000
0.000000
-1.454354
0.631637
0.716260
-1.462807
0.688143
0.817718
0.000000
0.000000
0.000000
0.000000
0.000000
0.000000
-1.337391
1.022784
0.606290
-1.356239
1.095452
0.610359
0.000000
0.000000
0.000000
0.000000
0.000000
0.000000
-1.548836
0.539543
0.823929
-1.580040
0.552038
0.849490
0.000000
0.000000
0.000000
0.000000
0.000000
0.000000
0.000000
0.000000
0.000000
-1.119937
1.068796
0.729451
0.000000
0.000000
0.000000
0.000000
0.000000
0.000000
-1.426734
0.368648
0.634461
-1.429133
0.449555
1.130499
0.000000
0.000000
0.000000
0.000000
0.000000
0.000000
-1.550298
0.591947
0.820828
-1.613016
0.560678
0.842296
0.000000
0.000000
0.000000
0.000000
0.000000
0.000000
0.000000
0.000000
0.000000
-0.777372
1.459800
0.814539
0.000000
0.000000
0.000000
0.000000
0.000000
0.000000
-1.460162
0.388819
0.651941
-1.506618
0.530452
1.058598
0.000000
0.000000
0.000000
0.000000
0.000000
0.000000
-1.503137
0.582989
0.838904
-1.548877
0.567361
0.848185
0.000000
0.000000
0.000000
0.000000
0.000000
0.000000
-1.596193
0.671963
0.811919
-1.604745
0.641338
0.820660
-1.344398
0.376656
0.955930
-1.398984
0.456316
0.889441
-1.307468
0.389418
0.938375
-1.348702
0.459331
0.893435
0.000000
0.000000
0.000000
0.000000
0.000000
0.000000
0.000000
0.000000
0.000000
-1.338153
0.496631
0.785895
0.000000
0.000000
0.000000
0.000000
0.000000
0.000000
-1.489920
0.758823
0.793587
-1.507095
0.765703
0.792065
0.000000
0.000000
0.000000
0.000000
0.000000
0.000000
0.000000
0.000000
0.000000
-1.273831
0.894305
0.754465
0.000000
0.000000
0.000000
0.000000
0.000000
0.000000
-1.339376
0.602242
0.821010
-1.465289
0.505431
0.862428
0.000000
0.000000
0.000000
0.000000
0.000000
0.000000
-1.419874
0.950981
0.738694
-1.464786
0.885366
0.761660
0.000000
0.000000
0.000000
0.000000
0.000000
0.000000
-1.311952
0.814175
0.734557
-1.331297
0.892458
0.715878
0.000000
0.000000
0.000000
0.000000
0.000000
0.000000
-1.106874
0.834687
0.715947
-1.109913
0.827112
0.722213
0.000000
0.000000
0.000000
0.000000
0.000000
0.000000
-1.221474
0.877682
0.682270
-1.241962
0.947624
0.678632
0.000000
0.000000
0.000000
0.000000
0.000000
0.000000
-1.048018
0.991102
0.647002
-1.074422
1.165865
0.506707
0.000000
0.000000
0.000000
0.000000
0.000000
0.000000
-1.319146
0.453138
0.763689
-1.304261
0.499541
0.980543
0.000000
0.000000
0.000000
0.000000
0.000000
0.000000
-1.284872
0.697190
0.694051
-1.191539
0.771745
0.779997
0.000000
0.000000
0.000000
0.000000
0.000000
0.000000
0.000000
0.000000
0.000000
-1.385392
0.619461
0.680281
0.000000
0.000000
0.000000
0.000000
0.000000
0.000000
0.000000
0.000000
0.000000
-1.183349
1.006137
0.838331
0.000000
0.000000
0.000000
0.000000
0.000000
0.000000
-1.443043
0.758992
0.935008
-1.511966
0.601006
0.879456
0.000000
0.000000
0.000000
0.000000
0.000000
0.000000
-1.144592
1.742420
0.807368
-1.336159
1.126092
0.805840
0.000000
0.000000
0.000000
0.000000
0.000000
0.000000
-1.127161
0.593491
0.703307
-1.101946
0.687476
0.769371
0.000000
0.000000
0.000000
0.000000
0.000000
0.000000
-1.230183
0.870416
0.782055
-1.228175
0.968662
0.742452
0.000000
0.000000
0.000000
0.000000
0.000000
0.000000
-1.292743
0.677083
0.676021
-1.451972
0.663109
0.840868
0.000000
0.000000
0.000000
0.000000
0.000000
0.000000
-1.395915
0.568371
0.806604
-1.432489
0.525595
0.853582
0.000000
0.000000
0.000000
0.000000
0.000000
0.000000
-1.106574
1.102810
0.611475
-1.217896
0.914906
0.686070
0.000000
0.000000
0.000000
0.000000
0.000000
0.000000
-1.018254
1.286075
0.660231
-1.236621
1.001740
0.536144
0.000000
0.000000
0.000000
0.000000
0.000000
0.000000
-1.362425
0.696165
0.754257
-1.409528
0.824768
0.869447
0.000000
0.000000
0.000000
0.000000
0.000000
0.000000
-1.277331
0.765671
0.699254
-1.258802
0.923377
0.785338
0.000000
0.000000
0.000000
0.000000
0.000000
0.000000
-1.423310
0.859478
0.886470
-1.428614
0.984428
0.743443
0.000000
0.000000
0.000000
0.000000
0.000000
0.000000
-1.379951
0.572276
0.730410
-1.372371
0.673975
0.804099
0.000000
0.000000
0.000000
0.000000
0.000000
0.000000
-1.194930
0.621845
0.817217
-1.263292
0.567697
0.813442
0.000000
0.000000
0.000000
0.000000
0.000000
0.000000
-1.340809
0.664308
0.802559
-1.403336
0.682774
0.868686
0.000000
0.000000
0.000000
0.000000
0.000000
0.000000
0.000000
0.000000
0.000000
-1.431491
0.475873
0.669969
0.000000
0.000000
0.000000
0.000000
0.000000
0.000000
-1.645133
0.455657
0.886108
-1.686966
0.422006
0.881917
0.000000
0.000000
0.000000
0.000000
0.000000
0.000000
-1.465226
0.945103
0.744976
-1.407112
0.999687
0.670601
0.000000
0.000000
0.000000
0.000000
0.000000
0.000000
-1.121718
0.750190
0.672741
-1.161781
0.875979
0.851534
0.000000
0.000000
0.000000
0.000000
0.000000
0.000000
0.000000
0.000000
0.000000
-1.057349
0.898092
0.810730
0.000000
0.000000
0.000000
0.000000
0.000000
0.000000
0.000000
0.000000
0.000000
-1.315056
0.656636
0.798802
0.000000
0.000000
0.000000
0.000000
0.000000
0.000000
-1.547678
0.443043
0.887264
-1.563946
0.431901
0.879288
0.000000
0.000000
0.000000
0.000000
0.000000
0.000000
-1.436751
0.796207
0.810451
-1.463658
0.814519
0.772076
0.000000
0.000000
0.000000
0.000000
0.000000
0.000000
-1.591256
0.836882
0.738482
-1.605261
0.834698
0.779293
0.000000
0.000000
0.000000
0.000000
0.000000
0.000000
-1.485517
0.493810
0.832238
-1.492846
0.531044
0.844171
0.000000
0.000000
0.000000
0.000000
0.000000
0.000000
-1.055026
0.790017
0.704138
-1.008694
0.963025
0.677996
0.000000
0.000000
0.000000
0.000000
0.000000
0.000000
-1.175430
0.869788
0.749598
-1.132797
0.952557
0.818912
0.000000
0.000000
0.000000
0.000000
0.000000
0.000000
0.000000
0.000000
0.000000
-1.263525
0.724599
0.792480
0.000000
0.000000
0.000000
0.000000
0.000000
0.000000
-1.099831
0.790726
0.683188
-1.282631
0.524620
0.774986
0.000000
0.000000
0.000000
0.000000
0.000000
0.000000
-1.122714
0.769602
0.752025
-1.246589
0.801059
0.766683
0.000000
0.000000
0.000000
0.000000
0.000000
0.000000
-1.192742
0.961648
0.711951
-1.262482
0.880932
0.689658
0.000000
0.000000
0.000000
0.000000
0.000000
0.000000
0.000000
0.000000
0.000000
-1.000294
0.833039
0.669325
0.000000
0.000000
0.000000
0.000000
0.000000
0.000000
0.000000
0.000000
0.000000
-1.315727
1.229572
0.679882
0.000000
0.000000
0.000000
0.000000
0.000000
0.000000
-1.380184
0.494611
0.748317
-1.375094
0.522912
0.863768
0.000000
0.000000
0.000000
0.000000
0.000000
0.000000
-1.443034
0.524512
0.980539
-1.552338
0.449396
0.902030
0.000000
0.000000
0.000000
-1.138804
0.830108
0.684871
0.000000
0.000000
0.000000
-1.140144
0.829795
0.684871
0.000000
0.000000
0.000000
0.000000
0.000000
0.000000
-1.187516
0.876718
0.726367
-1.196681
0.945636
0.748191
0.000000
0.000000
0.000000
0.000000
0.000000
0.000000
-1.132197
0.934096
0.707604
-1.097517
1.144210
0.696774
0.000000
0.000000
0.000000
0.000000
0.000000
0.000000
0.000000
0.000000
0.000000
-1.049836
1.090656
0.862011
0.000000
0.000000
0.000000
0.000000
0.000000
0.000000
0.000000
0.000000
0.000000
-1.307618
0.527959
0.770545
0.000000
0.000000
0.000000
0.000000
0.000000
0.000000
0.000000
0.000000
0.000000
-1.153020
0.852388
0.705004
0.000000
0.000000
0.000000
0.000000
0.000000
0.000000
-1.195788
1.053067
0.542973
-1.230052
0.987158
0.571682
0.000000
0.000000
0.000000
0.000000
0.000000
0.000000
0.000000
0.000000
0.000000
-1.029464
1.207022
0.993262
0.000000
0.000000
0.000000
0.000000
0.000000
0.000000
-1.269852
0.676064
0.788595
-1.257056
0.827612
0.741220
0.000000
0.000000
0.000000
0.000000
0.000000
0.000000
-1.075860
0.934721
0.563271
-1.147451
0.978412
0.589589
0.000000
0.000000
0.000000
0.000000
0.000000
0.000000
-1.359864
0.568237
0.820113
-1.383825
0.642585
0.838363
0.000000
0.000000
0.000000
0.000000
0.000000
0.000000
-1.209683
1.195391
0.589666
-1.294638
0.998102
0.623513
0.000000
0.000000
0.000000
0.000000
0.000000
0.000000
-1.275188
1.036564
0.687811
-1.336035
1.014320
0.680125
0.000000
0.000000
0.000000
0.000000
0.000000
0.000000
-1.023234
1.187767
0.762412
-1.208810
0.784104
0.687346
0.000000
0.000000
0.000000
0.000000
0.000000
0.000000
-1.452781
0.419864
0.919549
-1.452373
0.458472
0.881727
0.000000
0.000000
0.000000
-1.526793
0.422479
0.637943
0.000000
0.000000
0.000000
-1.491543
0.428835
0.637943
0.000000
0.000000
0.000000
0.000000
0.000000
0.000000
-1.428532
0.453294
0.736424
-1.334161
0.770514
0.762039
-1.263288
0.673852
0.684094
-1.498155
0.594945
0.895240
-1.221159
0.696858
0.684094
-1.374076
0.676067
0.840701
0.000000
0.000000
0.000000
0.000000
0.000000
0.000000
-0.996771
1.361627
0.737144
-1.143143
1.047726
0.664934
0.000000
0.000000
0.000000
-1.375273
0.566805
0.723930
0.000000
0.000000
0.000000
-1.361532
0.569143
0.723930
0.000000
0.000000
0.000000
0.000000
0.000000
0.000000
-1.532955
0.849055
0.779194
-1.542040
0.880087
0.772817
0.000000
0.000000
0.000000
0.000000
0.000000
0.000000
0.000000
0.000000
0.000000
-1.358057
0.785407
0.835506
0.000000
0.000000
0.000000
0.000000
0.000000
0.000000
-1.105831
1.082064
0.663329
-1.258020
0.920522
0.588089
0.000000
0.000000
0.000000
0.000000
0.000000
0.000000
-1.475828
0.803522
0.762628
-1.501951
0.796238
0.765033
-1.506603
0.585554
0.830924
-1.498581
0.690619
0.811466
-1.561708
0.633205
0.822095
-1.539387
0.706545
0.811291
0.000000
0.000000
0.000000
0.000000
0.000000
0.000000
-1.114350
1.120005
0.773542
-1.197279
0.802178
0.752384
0.000000
0.000000
0.000000
0.000000
0.000000
0.000000
-1.342182
0.763960
0.726695
-1.365135
0.776871
0.745370
0.000000
0.000000
0.000000
0.000000
0.000000
0.000000
-1.318934
0.929291
0.686858
-1.357759
0.906483
0.701297
0.000000
0.000000
0.000000
0.000000
0.000000
0.000000
0.000000
0.000000
0.000000
-1.318232
0.842764
0.732492
0.000000
0.000000
0.000000
0.000000
0.000000
0.000000
-1.077881
0.820302
0.802219
-1.191684
0.706886
0.785779
0.000000
0.000000
0.000000
0.000000
0.000000
0.000000
-1.013536
1.012056
0.659042
-1.132047
1.101729
0.619448
0.000000
0.000000
0.000000
-0.991709
1.148372
0.702990
0.000000
0.000000
0.000000
-0.935513
1.185686
0.702990
0.000000
0.000000
0.000000
0.000000
0.000000
0.000000
-1.626544
0.691037
0.791036
-1.676426
0.676698
0.836797
0.000000
0.000000
0.000000
0.000000
0.000000
0.000000
-1.464997
0.525950
0.871406
-1.453847
0.596377
0.851495
0.000000
0.000000
0.000000
0.000000
0.000000
0.000000
-0.900446
1.423068
0.843251
-1.140808
1.111223
0.679604
0.000000
0.000000
0.000000
0.000000
0.000000
0.000000
-0.981498
1.230544
0.874138
-1.187836
0.904996
0.676789
0.000000
0.000000
0.000000
0.000000
0.000000
0.000000
-0.851536
1.373775
0.595494
-1.077768
1.002507
0.704434
0.000000
0.000000
0.000000
0.000000
0.000000
0.000000
-1.414880
0.665797
0.815355
-1.517496
0.584458
0.877535
0.000000
0.000000
0.000000
0.000000
0.000000
0.000000
-1.233692
1.018907
0.704929
-1.337756
1.049271
0.683961
0.000000
0.000000
0.000000
0.000000
0.000000
0.000000
0.000000
0.000000
0.000000
-1.214916
0.586896
0.893303
0.000000
0.000000
0.000000
0.000000
0.000000
0.000000
-1.224126
0.434952
0.850607
-1.233873
0.609571
0.825406
-1.182181
0.825901
0.709653
-1.047307
0.807225
0.782352
-1.124978
0.842215
0.693968
-0.969114
0.822674
0.766058
0.000000
0.000000
0.000000
0.000000
0.000000
0.000000
0.000000
0.000000
0.000000
-1.366123
0.583398
0.734952
0.000000
0.000000
0.000000
0.000000
0.000000
0.000000
-1.461637
0.577783
0.799054
-1.446702
0.712648
0.801603
0.000000
0.000000
0.000000
0.000000
0.000000
0.000000
-1.258146
0.985002
0.639683
-1.304750
1.025413
0.626684
0.000000
0.000000
0.000000
0.000000
0.000000
0.000000
-0.895668
1.246070
0.704498
-1.015933
1.126899
0.650562
-1.163740
0.905927
0.828308
-1.188072
0.871902
0.858876
-1.143690
0.828325
0.835217
-1.164400
0.845729
0.867404
0.000000
0.000000
0.000000
0.000000
0.000000
0.000000
-1.464060
0.414408
1.051729
-1.580310
0.421762
0.935986
0.000000
0.000000
0.000000
0.000000
0.000000
0.000000
0.000000
0.000000
0.000000
-1.043567
1.124540
0.676773
0.000000
0.000000
0.000000
0.000000
0.000000
0.000000
-1.207638
0.542832
0.816787
-1.346171
0.483564
0.886935
0.000000
0.000000
0.000000
0.000000
0.000000
0.000000
-1.352705
0.518209
0.823694
-1.364887
0.431875
0.832354
0.000000
0.000000
0.000000
0.000000
0.000000
0.000000
-1.141426
1.183387
0.612783
-1.168184
1.058583
0.694974
0.000000
0.000000
0.000000
0.000000
0.000000
0.000000
-1.360988
0.351537
0.830094
-1.371966
0.438357
0.844039
-1.070712
0.705011
0.731970
-1.060020
0.782998
0.722729
-1.037948
0.705294
0.732078
-1.027136
0.773009
0.722789
0.000000
0.000000
0.000000
0.000000
0.000000
0.000000
0.000000
0.000000
0.000000
-1.471113
0.842509
0.747862
0.000000
0.000000
0.000000
0.000000
0.000000
0.000000
-1.293301
0.757616
0.672739
-1.397342
0.756198
0.719772
0.000000
0.000000
0.000000
0.000000
0.000000
0.000000
-1.401849
1.077169
0.631749
-1.434799
1.064302
0.645842
0.000000
0.000000
0.000000
0.000000
0.000000
0.000000
-0.876215
2.126791
0.685984
-1.111827
1.124482
0.571437
0.000000
0.000000
0.000000
0.000000
0.000000
0.000000
-1.261818
1.092943
0.628844
-1.295580
1.064324
0.585380
0.000000
0.000000
0.000000
0.000000
0.000000
0.000000
-1.485569
0.616238
0.764832
-1.503282
0.472109
0.827537
0.000000
0.000000
0.000000
0.000000
0.000000
0.000000
0.000000
0.000000
0.000000
-1.333602
0.459826
0.899042
0.000000
0.000000
0.000000
0.000000
0.000000
0.000000
-1.181282
0.438279
1.028014
-1.197217
0.405502
0.850542
0.000000
0.000000
0.000000
0.000000
0.000000
0.000000
-1.354274
1.132660
0.637365
-1.378309
1.381275
0.597828
-1.273063
0.989297
0.764351
-1.285857
0.912903
0.636958
-1.246089
1.011445
0.744717
-1.247066
0.905667
0.634715
0.000000
0.000000
0.000000
0.000000
0.000000
0.000000
0.000000
0.000000
0.000000
-1.165719
0.460630
0.814258
0.000000
0.000000
0.000000
0.000000
0.000000
0.000000
-1.258975
0.466938
0.713466
-1.462838
0.453114
0.923913
0.000000
0.000000
0.000000
0.000000
0.000000
0.000000
-1.744109
0.362598
0.896571
-1.770712
0.380088
0.886084
0.000000
0.000000
0.000000
0.000000
0.000000
0.000000
-1.358599
0.468663
0.858803
-1.395679
0.480884
0.858483
0.000000
0.000000
0.000000
0.000000
0.000000
0.000000
0.000000
0.000000
0.000000
-1.288813
0.540703
0.665061
0.000000
0.000000
0.000000
0.000000
0.000000
0.000000
-1.273926
0.883374
0.691337
-1.278078
1.099875
0.653597
0.000000
0.000000
0.000000
0.000000
0.000000
0.000000
-1.317922
0.504412
0.833450
-1.338988
0.525332
0.843835
0.000000
0.000000
0.000000
0.000000
0.000000
0.000000
-1.388374
0.693877
0.654233
-1.260862
1.089688
0.737499
0.000000
0.000000
0.000000
0.000000
0.000000
0.000000
0.000000
0.000000
0.000000
-1.395284
0.836047
0.803182
0.000000
0.000000
0.000000
0.000000
0.000000
0.000000
-0.887697
1.090939
0.725192
-1.075273
0.994738
0.696573
0.000000
0.000000
0.000000
0.000000
0.000000
0.000000
-1.268065
0.858083
1.005645
-1.441331
0.639827
0.847182
0.000000
0.000000
0.000000
0.000000
0.000000
0.000000
-1.056773
0.890220
0.591186
-1.049474
1.230754
0.566426
0.000000
0.000000
0.000000
0.000000
0.000000
0.000000
-1.410741
0.397392
0.692493
-1.408957
0.347577
0.998040
-1.465383
0.568827
0.743052
-1.511727
0.586806
0.913090
-1.463885
0.569021
0.743052
-1.503880
0.586871
0.913090
0.000000
0.000000
0.000000
0.000000
0.000000
0.000000
0.000000
0.000000
0.000000
-1.041680
0.979381
0.776260
0.000000
0.000000
0.000000
0.000000
0.000000
0.000000
-1.113652
0.969322
0.705527
-1.134437
1.161934
0.660907
0.000000
0.000000
0.000000
0.000000
0.000000
0.000000
-1.108144
0.942084
0.714487
-1.169566
0.901297
0.685117
0.000000
0.000000
0.000000
0.000000
0.000000
0.000000
-1.441895
0.424131
0.927938
-1.489999
0.376452
0.884440
0.000000
0.000000
0.000000
0.000000
0.000000
0.000000
-1.352284
0.867319
0.846401
-1.396399
0.967188
0.692561
0.000000
0.000000
0.000000
0.000000
0.000000
0.000000
-1.421691
0.782599
0.766284
-1.428616
0.822218
0.758543
0.000000
0.000000
0.000000
0.000000
0.000000
0.000000
-1.234990
0.720270
0.779860
-1.338793
0.546889
0.845852
0.000000
0.000000
0.000000
0.000000
0.000000
0.000000
0.000000
0.000000
0.000000
-1.016278
0.770297
0.629699
0.000000
0.000000
0.000000
0.000000
0.000000
0.000000
-1.279181
0.829475
0.629372
-1.351371
0.773634
0.841659
-1.407700
0.485648
0.837145
-1.295450
0.605482
0.861250
-1.389217
0.487475
0.837977
-1.276179
0.592806
0.866970
0.000000
0.000000
0.000000
0.000000
0.000000
0.000000
-1.189493
0.524271
0.897570
-1.255150
0.570491
0.847739
0.000000
0.000000
0.000000
0.000000
0.000000
0.000000
0.000000
0.000000
0.000000
-0.983204
1.192381
0.746490
0.000000
0.000000
0.000000
0.000000
0.000000
0.000000
-1.464677
0.634642
0.726916
-1.457639
0.818631
0.821124
0.000000
0.000000
0.000000
0.000000
0.000000
0.000000
0.000000
0.000000
0.000000
-1.251234
0.638309
0.869182
0.000000
0.000000
0.000000
0.000000
0.000000
0.000000
-1.567965
0.698574
0.846987
-1.577891
0.717656
0.825286
0.000000
0.000000
0.000000
0.000000
0.000000
0.000000
-1.203543
0.741142
0.696319
-1.290465
0.751927
0.647005
0.000000
0.000000
0.000000
0.000000
0.000000
0.000000
0.000000
0.000000
0.000000
-1.091228
1.624052
0.588057
0.000000
0.000000
0.000000
0.000000
0.000000
0.000000
-1.256105
0.583882
0.710612
-1.364297
0.673246
0.722884
0.000000
0.000000
0.000000
0.000000
0.000000
0.000000
-1.138651
0.884208
0.715474
-1.275642
0.668716
0.685482
-1.152780
1.034282
0.641279
-1.180535
0.979522
0.656540
-1.151102
1.032228
0.640627
-1.175462
0.977119
0.657196
0.000000
0.000000
0.000000
0.000000
0.000000
0.000000
-1.137733
0.823995
0.916265
-1.299175
0.594076
0.847115
0.000000
0.000000
0.000000
0.000000
0.000000
0.000000
-1.637964
0.277629
0.892599
-1.736842
0.256055
0.899921
0.000000
0.000000
0.000000
0.000000
0.000000
0.000000
-1.376062
0.709689
0.809132
-1.442648
0.775755
0.795743
0.000000
0.000000
0.000000
0.000000
0.000000
0.000000
-1.174337
0.944370
0.747802
-1.179886
1.007211
0.612655
0.000000
0.000000
0.000000
0.000000
0.000000
0.000000
-1.262004
0.835479
0.758378
-1.151346
1.049384
0.711329
0.000000
0.000000
0.000000
0.000000
0.000000
0.000000
-1.327190
0.563136
0.740089
-1.439985
0.426368
0.955174
0.000000
0.000000
0.000000
0.000000
0.000000
0.000000
-1.459709
0.607755
0.820919
-1.465186
0.622097
0.833869
0.000000
0.000000
0.000000
0.000000
0.000000
0.000000
-1.235968
1.411243
0.749535
-1.315976
1.343224
0.613088
0.000000
0.000000
0.000000
0.000000
0.000000
0.000000
-1.609087
0.327624
0.893961
-1.632759
0.323323
0.896951
0.000000
0.000000
0.000000
0.000000
0.000000
0.000000
-1.218342
0.681258
1.078533
-1.303955
0.628829
0.973269
0.000000
0.000000
0.000000
0.000000
0.000000
0.000000
0.000000
0.000000
0.000000
-1.041473
0.831136
0.598208
0.000000
0.000000
0.000000
0.000000
0.000000
0.000000
-1.079601
0.591914
0.820150
-1.119106
0.786238
0.696800
0.000000
0.000000
0.000000
0.000000
0.000000
0.000000
-1.378134
0.868918
0.758800
-1.431920
0.842265
0.768021
0.000000
0.000000
0.000000
0.000000
0.000000
0.000000
-1.409724
0.847059
0.749696
-1.436611
0.854671
0.750519
0.000000
0.000000
0.000000
0.000000
0.000000
0.000000
-1.228431
0.704826
0.745063
-1.315634
0.751360
0.738254
0.000000
0.000000
0.000000
0.000000
0.000000
0.000000
-1.152036
0.558841
0.809296
-1.195624
0.559238
0.841773
0.000000
0.000000
0.000000
0.000000
0.000000
0.000000
-1.488018
0.469803
0.910128
-1.507242
0.464296
0.877600
0.000000
0.000000
0.000000
0.000000
0.000000
0.000000
-1.093467
0.771939
0.837624
-1.021176
0.917848
0.770694
0.000000
0.000000
0.000000
0.000000
0.000000
0.000000
-1.593823
0.594708
0.767173
-1.618528
0.653252
0.971934
0.000000
0.000000
0.000000
0.000000
0.000000
0.000000
-1.303477
0.749776
0.778062
-1.395879
0.604377
0.836808
0.000000
0.000000
0.000000
0.000000
0.000000
0.000000
-1.059778
0.806675
0.708480
-1.084821
0.814831
0.697698
-1.229485
0.589984
0.840934
-1.265899
0.561028
0.826096
-1.178936
0.806545
0.769593
-1.164278
0.877494
0.733587
0.000000
0.000000
0.000000
0.000000
0.000000
0.000000
-1.407881
0.679054
0.809364
-1.420517
0.743532
0.786981
0.000000
0.000000
0.000000
0.000000
0.000000
0.000000
-1.267906
0.614311
0.842380
-1.416373
0.519092
0.829255
0.000000
0.000000
0.000000
0.000000
0.000000
0.000000
-1.281586
0.533396
0.898162
-1.316345
0.587806
0.864325
0.000000
0.000000
0.000000
0.000000
0.000000
0.000000
-1.102803
0.699624
0.691887
-1.061102
0.814147
0.693073
0.000000
0.000000
0.000000
0.000000
0.000000
0.000000
-1.564446
1.011722
0.789549
-1.619412
0.883813
0.771678
0.000000
0.000000
0.000000
0.000000
0.000000
0.000000
0.000000
0.000000
0.000000
-1.078423
0.807241
0.600776
0.000000
0.000000
0.000000
0.000000
0.000000
0.000000
0.000000
0.000000
0.000000
-1.214380
1.089591
0.666503
0.000000
0.000000
0.000000
0.000000
0.000000
0.000000
-1.130010
0.846483
0.631136
-1.254199
0.806579
0.664178
0.000000
0.000000
0.000000
0.000000
0.000000
0.000000
0.000000
0.000000
0.000000
-0.775464
1.186951
0.739992
0.000000
0.000000
0.000000
0.000000
0.000000
0.000000
-1.239129
1.140687
0.753682
-1.340070
0.841915
0.696617
0.000000
0.000000
0.000000
0.000000
0.000000
0.000000
-1.306706
0.452534
0.890894
-1.291356
0.443172
0.859793
0.000000
0.000000
0.000000
0.000000
0.000000
0.000000
0.000000
0.000000
0.000000
-0.908666
1.145195
0.887908
0.000000
0.000000
0.000000
0.000000
0.000000
0.000000
-1.425413
0.499066
0.840861
-1.336678
0.837986
0.816283
0.000000
0.000000
0.000000
0.000000
0.000000
0.000000
-1.192012
0.880870
0.689753
-1.188773
0.882036
0.681573
0.000000
0.000000
0.000000
0.000000
0.000000
0.000000
-1.275531
0.684702
0.823932
-1.306149
0.701803
0.825099
0.000000
0.000000
0.000000
0.000000
0.000000
0.000000
-1.030224
0.926607
0.746616
-1.111012
0.747452
0.733279
0.000000
0.000000
0.000000
0.000000
0.000000
0.000000
-1.400110
0.589187
0.823878
-1.354468
0.671062
0.812108
0.000000
0.000000
0.000000
0.000000
0.000000
0.000000
0.000000
0.000000
0.000000
-1.159093
0.592034
0.660292
0.000000
0.000000
0.000000
0.000000
0.000000
0.000000
-1.053543
0.845293
0.860229
-1.196209
0.699136
0.770818
0.000000
0.000000
0.000000
0.000000
0.000000
0.000000
0.000000
0.000000
0.000000
-1.262774
0.969568
0.849585
0.000000
0.000000
0.000000
0.000000
0.000000
0.000000
-1.255320
0.990450
0.669821
-1.320063
0.987736
0.658026
0.000000
0.000000
0.000000
0.000000
0.000000
0.000000
-1.368444
0.921612
0.703386
-1.395315
0.948412
0.702978
0.000000
0.000000
0.000000
0.000000
0.000000
0.000000
-1.536034
0.736828
0.792743
-1.591816
0.808263
0.755833
0.000000
0.000000
0.000000
0.000000
0.000000
0.000000
-1.400320
0.553822
0.832143
-1.421036
0.567489
0.822798
0.000000
0.000000
0.000000
0.000000
0.000000
0.000000
-0.925913
1.327534
0.754038
-0.973328
1.211370
0.612447
0.000000
0.000000
0.000000
0.000000
0.000000
0.000000
0.000000
0.000000
0.000000
-1.329697
0.628075
0.905766
0.000000
0.000000
0.000000
0.000000
0.000000
0.000000
-1.326364
1.483805
0.444779
-1.399658
1.258646
0.545967
0.000000
0.000000
0.000000
0.000000
0.000000
0.000000
-1.526030
0.802500
0.782897
-1.531666
0.816937
0.768722
0.000000
0.000000
0.000000
0.000000
0.000000
0.000000
-1.284092
0.750643
0.708181
-1.214595
0.879930
0.721613
0.000000
0.000000
0.000000
0.000000
0.000000
0.000000
-1.184187
2.271029
0.782479
-1.357861
1.484913
0.807901
0.000000
0.000000
0.000000
0.000000
0.000000
0.000000
-1.043571
1.377916
0.713917
-1.182641
1.044875
0.653415
0.000000
0.000000
0.000000
0.000000
0.000000
0.000000
-1.082049
0.816439
0.764048
-1.020863
1.382307
0.720922
0.000000
0.000000
0.000000
0.000000
0.000000
0.000000
-1.295327
1.003954
0.738171
-1.420485
0.845974
0.726042
0.000000
0.000000
0.000000
0.000000
0.000000
0.000000
-1.272113
0.519396
0.987221
-1.344172
0.476135
0.906261
0.000000
0.000000
0.000000
0.000000
0.000000
0.000000
-1.197090
0.756244
0.717576
-1.223083
0.786274
0.683590
0.000000
0.000000
0.000000
0.000000
0.000000
0.000000
-1.434514
0.860243
0.645509
-1.477853
1.027770
0.645899
0.000000
0.000000
0.000000
0.000000
0.000000
0.000000
-1.409620
0.820848
0.728080
-1.467437
0.719343
0.786099
-0.951501
0.632051
0.872467
-1.083733
0.546521
0.821562
-0.919091
0.627290
0.851633
-1.043035
0.543623
0.821209
0.000000
0.000000
0.000000
0.000000
0.000000
0.000000
-1.200122
0.634213
0.778928
-1.241484
0.872297
0.816470
0.000000
0.000000
0.000000
0.000000
0.000000
0.000000
0.000000
0.000000
0.000000
-1.047280
1.667957
0.691804
-1.242711
0.499888
0.799010
-1.174294
0.593881
0.826093
-1.211024
0.509828
0.799010
-1.143054
0.576553
0.838218
0.000000
0.000000
0.000000
0.000000
0.000000
0.000000
-1.227888
0.809706
0.753939
-1.315977
0.682095
0.803553
0.000000
0.000000
0.000000
0.000000
0.000000
0.000000
-1.454902
1.216729
0.525115
-1.501714
1.114266
0.567887
0.000000
0.000000
0.000000
0.000000
0.000000
0.000000
-1.251099
1.068092
0.682577
-1.265875
1.118226
0.708841
0.000000
0.000000
0.000000
0.000000
0.000000
0.000000
-1.362540
0.457833
0.869597
-1.435845
0.501453
0.939019
0.000000
0.000000
0.000000
0.000000
0.000000
0.000000
-1.181112
1.272940
0.716049
-1.143639
1.339359
0.663729
-1.225577
0.571114
0.775187
-1.165112
0.913413
0.775579
-1.181559
0.610461
0.764029
-1.140569
0.828516
0.806256
0.000000
0.000000
0.000000
0.000000
0.000000
0.000000
-1.260364
0.632707
0.786193
-1.376040
0.476181
0.763198
0.000000
0.000000
0.000000
0.000000
0.000000
0.000000
-1.331301
0.942088
0.724256
-1.395659
0.909033
0.710563
0.000000
0.000000
0.000000
0.000000
0.000000
0.000000
-1.450497
0.788388
0.806405
-1.451250
0.761437
0.734545
0.000000
0.000000
0.000000
0.000000
0.000000
0.000000
-1.340468
0.823629
0.800856
-1.384990
0.830999
0.788196
0.000000
0.000000
0.000000
0.000000
0.000000
0.000000
-1.176495
2.200074
0.782825
-1.365098
1.296086
0.769847
0.000000
0.000000
0.000000
0.000000
0.000000
0.000000
-1.347141
1.256542
0.592839
-1.408191
1.124836
0.564495
-1.096905
0.913202
0.747167
-1.191738
0.771601
0.708813
-1.022007
1.042433
0.739644
-1.033222
1.052436
0.620502
0.000000
0.000000
0.000000
0.000000
0.000000
0.000000
-1.352764
0.517096
0.810077
-1.352806
0.491658
0.900185
0.000000
0.000000
0.000000
0.000000
0.000000
0.000000
-1.352228
0.467969
0.851968
-1.268470
0.558741
0.845352
0.000000
0.000000
0.000000
0.000000
0.000000
0.000000
0.000000
0.000000
0.000000
-1.012732
2.032776
0.756106
0.000000
0.000000
0.000000
0.000000
0.000000
0.000000
-1.076284
0.961912
0.777513
-1.180101
0.836548
0.712688
0.000000
0.000000
0.000000
0.000000
0.000000
0.000000
-1.274745
0.799638
0.795700
-1.334955
0.518201
0.846866
0.000000
0.000000
0.000000
0.000000
0.000000
0.000000
-1.269196
0.631684
0.746444
-1.339371
0.547171
0.860592
0.000000
0.000000
0.000000
0.000000
0.000000
0.000000
-1.290457
0.683484
0.766259
-1.187313
0.858425
0.856335
0.000000
0.000000
0.000000
0.000000
0.000000
0.000000
-1.302832
0.613064
0.666949
-1.237634
0.687220
0.909998
0.000000
0.000000
0.000000
0.000000
0.000000
0.000000
-1.327765
1.059429
0.593991
-1.366693
1.146489
0.536671
0.000000
0.000000
0.000000
0.000000
0.000000
0.000000
-1.167062
0.917855
0.583417
-1.139801
0.975873
0.534923
0.000000
0.000000
0.000000
0.000000
0.000000
0.000000
-1.372978
0.733343
0.773321
-1.376879
0.701976
0.813668
0.000000
0.000000
0.000000
0.000000
0.000000
0.000000
-1.290592
1.136660
0.599001
-1.316438
1.060188
0.636296
0.000000
0.000000
0.000000
0.000000
0.000000
0.000000
-1.246751
1.048277
0.634241
-1.358503
0.935701
0.691137
0.000000
0.000000
0.000000
0.000000
0.000000
0.000000
-1.331055
0.740875
0.888246
-1.372913
0.800785
0.797930
0.000000
0.000000
0.000000
0.000000
0.000000
0.000000
-1.166867
0.943427
0.755858
-1.191774
0.903669
0.709000
0.000000
0.000000
0.000000
0.000000
0.000000
0.000000
0.000000
0.000000
0.000000
-1.239214
0.646932
0.871557
0.000000
0.000000
0.000000
0.000000
0.000000
0.000000
0.000000
0.000000
0.000000
-1.040506
0.731223
0.754982
0.000000
0.000000
0.000000
0.000000
0.000000
0.000000
0.000000
0.000000
0.000000
-1.245618
1.342951
0.736389
0.000000
0.000000
0.000000
0.000000
0.000000
0.000000
-1.550205
0.321520
0.896909
-1.589914
0.320167
0.895265
0.000000
0.000000
0.000000
0.000000
0.000000
0.000000
-1.545293
0.529017
0.907392
-1.618612
0.580559
0.848379
0.000000
0.000000
0.000000
0.000000
0.000000
0.000000
-1.300809
0.654067
0.675258
-1.222099
0.703713
0.886722
0.000000
0.000000
0.000000
0.000000
0.000000
0.000000
-1.129846
1.146006
0.643112
-1.190508
1.041875
0.508695
-1.381820
0.769705
0.741886
-1.306949
0.943605
0.758711
-1.386606
0.720281
0.741649
-1.331258
0.883260
0.777648
0.000000
0.000000
0.000000
0.000000
0.000000
0.000000
-1.456412
0.542672
0.858687
-1.494542
0.535462
0.855037
0.000000
0.000000
0.000000
0.000000
0.000000
0.000000
-1.046451
0.969198
0.636242
-1.139630
0.753820
0.758831
-0.853723
0.953755
0.570836
-0.907811
0.996731
0.618537
-0.854593
0.953934
0.570836
-0.906910
0.996033
0.618668
0.000000
0.000000
0.000000
0.000000
0.000000
0.000000
-1.409660
0.525842
0.877791
-1.469205
0.503130
0.816723
0.000000
0.000000
0.000000
0.000000
0.000000
0.000000
-1.198423
1.177935
0.496930
-1.216718
1.213036
0.537335
0.000000
0.000000
0.000000
0.000000
0.000000
0.000000
-1.316253
0.513255
0.700048
-1.359658
0.504959
1.027085
0.000000
0.000000
0.000000
0.000000
0.000000
0.000000
-1.268420
0.788042
0.739757
-1.261276
0.908301
0.773899
0.000000
0.000000
0.000000
0.000000
0.000000
0.000000
-1.658467
0.303893
0.900002
-1.676578
0.303009
0.897836
0.000000
0.000000
0.000000
0.000000
0.000000
0.000000
0.000000
0.000000
0.000000
-1.209101
1.185872
0.669932
0.000000
0.000000
0.000000
0.000000
0.000000
0.000000
0.000000
0.000000
0.000000
-1.087957
0.800690
0.672471
0.000000
0.000000
0.000000
0.000000
0.000000
0.000000
-1.395263
0.820114
0.770792
-1.443707
0.804332
0.783434
0.000000
0.000000
0.000000
0.000000
0.000000
0.000000
-1.311770
0.774960
0.701543
-1.088243
1.783869
0.585367
0.000000
0.000000
0.000000
0.000000
0.000000
0.000000
-1.304697
0.686008
0.898164
-1.374080
0.606792
0.839344
0.000000
0.000000
0.000000
0.000000
0.000000
0.000000
-1.150794
1.013903
0.767889
-1.292988
0.764882
0.712563
0.000000
0.000000
0.000000
0.000000
0.000000
0.000000
-1.098670
0.605443
0.996729
-1.212770
0.445150
0.923474
0.000000
0.000000
0.000000
0.000000
0.000000
0.000000
-1.478265
0.884777
0.765823
-1.498998
1.020632
0.737245
0.000000
0.000000
0.000000
0.000000
0.000000
0.000000
-1.497446
0.596970
0.841209
-1.535187
0.582275
0.837361
0.000000
0.000000
0.000000
0.000000
0.000000
0.000000
-1.370267
0.621029
0.863174
-1.457451
0.579340
0.856884
0.000000
0.000000
0.000000
0.000000
0.000000
0.000000
-1.698235
0.291658
0.895897
-1.743676
0.309529
0.901496
0.000000
0.000000
0.000000
0.000000
0.000000
0.000000
-1.726381
0.338503
0.948685
-1.748447
0.355935
0.901877
0.000000
0.000000
0.000000
0.000000
0.000000
0.000000
-0.879497
0.694351
0.777611
-0.966884
0.590827
0.888739
0.000000
0.000000
0.000000
0.000000
0.000000
0.000000
-1.385643
0.606945
0.849170
-1.431143
0.601643
0.843909
0.000000
0.000000
0.000000
0.000000
0.000000
0.000000
-1.094000
0.647121
0.911334
-1.288127
0.579971
0.765032
-1.293070
0.907811
0.692420
-1.201884
1.166603
0.644931
-1.274244
0.905901
0.691824
-1.174252
1.159711
0.644713
0.000000
0.000000
0.000000
0.000000
0.000000
0.000000
-0.946203
0.567286
0.859214
-0.894042
0.522248
0.821459
-1.277742
0.725675
0.610701
-1.345550
0.713130
0.786847
-1.274955
0.743865
0.610701
-1.331289
0.712293
0.786920
0.000000
0.000000
0.000000
0.000000
0.000000
0.000000
-1.078761
0.595004
0.862078
-1.287777
0.505460
0.833265
0.000000
0.000000
0.000000
0.000000
0.000000
0.000000
-1.115478
0.764027
0.772511
-1.116223
0.950599
0.732207
0.000000
0.000000
0.000000
0.000000
0.000000
0.000000
-1.081603
1.133964
0.708432
-1.214367
0.858408
0.807640
0.000000
0.000000
0.000000
0.000000
0.000000
0.000000
-1.164224
0.783826
0.772974
-1.225029
0.686059
0.654722
0.000000
0.000000
0.000000
0.000000
0.000000
0.000000
-1.517249
0.384792
0.954664
-1.659684
0.298722
0.918421
0.000000
0.000000
0.000000
0.000000
0.000000
0.000000
-1.115477
1.288802
0.388521
-1.209848
1.249536
0.493207
0.000000
0.000000
0.000000
0.000000
0.000000
0.000000
0.000000
0.000000
0.000000
-1.255496
1.117924
0.791435
0.000000
0.000000
0.000000
0.000000
0.000000
0.000000
-1.200344
0.591083
1.043241
-1.262401
0.441404
0.857815
0.000000
0.000000
0.000000
0.000000
0.000000
0.000000
0.000000
0.000000
0.000000
-1.343934
0.603810
0.777470
0.000000
0.000000
0.000000
0.000000
0.000000
0.000000
0.000000
0.000000
0.000000
-1.476938
0.640524
0.776047
0.000000
0.000000
0.000000
0.000000
0.000000
0.000000
-1.536992
0.639065
0.945448
-1.474082
0.800868
0.855703
0.000000
0.000000
0.000000
0.000000
0.000000
0.000000
-1.131510
0.374327
0.855022
-1.197393
0.379702
0.864479
0.000000
0.000000
0.000000
0.000000
0.000000
0.000000
-1.138250
0.583549
0.843222
-1.243094
0.480272
0.842339
0.000000
0.000000
0.000000
0.000000
0.000000
0.000000
-1.510199
0.767697
1.016978
-1.626595
0.609268
0.923898
0.000000
0.000000
0.000000
0.000000
0.000000
0.000000
0.000000
0.000000
0.000000
-0.996668
0.894871
0.640844
0.000000
0.000000
0.000000
0.000000
0.000000
0.000000
-1.142639
0.536529
0.642999
-1.153957
0.616728
0.915904
0.000000
0.000000
0.000000
0.000000
0.000000
0.000000
-1.192277
0.995427
0.602992
-1.281511
0.817548
0.614954
0.000000
0.000000
0.000000
0.000000
0.000000
0.000000
-1.344932
0.430741
0.665947
-1.309109
0.469046
0.950811
0.000000
0.000000
0.000000
0.000000
0.000000
0.000000
-1.263733
0.872238
0.763324
-1.296401
0.787082
0.778955
0.000000
0.000000
0.000000
0.000000
0.000000
0.000000
0.000000
0.000000
0.000000
-1.173751
0.890723
0.648585
0.000000
0.000000
0.000000
-1.167501
0.548469
0.817697
0.000000
0.000000
0.000000
-1.191267
0.557416
0.817697
0.000000
0.000000
0.000000
0.000000
0.000000
0.000000
-1.290810
0.784691
0.686906
-1.216969
1.342079
0.643003
0.000000
0.000000
0.000000
0.000000
0.000000
0.000000
-1.253980
0.971843
0.715070
-1.354166
0.875943
0.695893
0.000000
0.000000
0.000000
0.000000
0.000000
0.000000
0.000000
0.000000
0.000000
-1.261827
0.479836
0.692971
0.000000
0.000000
0.000000
0.000000
0.000000
0.000000
-1.481842
0.777591
0.993739
-1.467946
0.626572
0.879400
0.000000
0.000000
0.000000
0.000000
0.000000
0.000000
0.000000
0.000000
0.000000
-1.070421
0.715407
0.718320
0.000000
0.000000
0.000000
0.000000
0.000000
0.000000
-1.354460
0.501371
0.940468
-1.347299
0.520492
0.863898
0.000000
0.000000
0.000000
0.000000
0.000000
0.000000
-1.198644
0.981602
0.783212
-1.274350
0.960558
0.777310
0.000000
0.000000
0.000000
0.000000
0.000000
0.000000
-1.244715
0.990111
0.674923
-1.342755
0.901666
0.715461
0.000000
0.000000
0.000000
0.000000
0.000000
0.000000
-1.278441
0.789704
0.672647
-1.263519
0.748768
0.723613
0.000000
0.000000
0.000000
0.000000
0.000000
0.000000
-1.004670
0.761459
0.783482
-1.173649
0.581360
0.821544
0.000000
0.000000
0.000000
0.000000
0.000000
0.000000
-1.314407
0.817591
0.724467
-1.355530
0.886827
0.759605
0.000000
0.000000
0.000000
0.000000
0.000000
0.000000
-1.291360
1.004343
0.703466
-1.282677
0.968379
0.669667
0.000000
0.000000
0.000000
0.000000
0.000000
0.000000
-1.323592
0.548103
0.844909
-1.462641
0.491253
0.886168
0.000000
0.000000
0.000000
0.000000
0.000000
0.000000
-1.134765
0.656986
0.835685
-1.093055
0.921828
0.786090
0.000000
0.000000
0.000000
0.000000
0.000000
0.000000
-0.854381
1.403250
0.685684
-0.949013
1.042804
0.567730
0.000000
0.000000
0.000000
0.000000
0.000000
0.000000
-1.126584
0.499750
0.871280
-1.159374
0.559039
0.792991
0.000000
0.000000
0.000000
0.000000
0.000000
0.000000
-1.043544
0.907029
0.744930
-1.150417
0.972760
0.730938
0.000000
0.000000
0.000000
0.000000
0.000000
0.000000
-1.187189
0.815362
0.692279
-1.164253
0.816440
0.743820
0.000000
0.000000
0.000000
0.000000
0.000000
0.000000
-1.721406
0.361622
0.898474
-1.797209
0.326095
0.895706
0.000000
0.000000
0.000000
0.000000
0.000000
0.000000
-1.482827
0.723644
0.812640
-1.474617
0.745812
0.797338
0.000000
0.000000
0.000000
0.000000
0.000000
0.000000
-1.441752
0.600766
0.804113
-1.452991
0.742630
0.813968
0.000000
0.000000
0.000000
0.000000
0.000000
0.000000
-1.233512
0.777269
0.781347
-1.293362
0.784474
0.739712
0.000000
0.000000
0.000000
0.000000
0.000000
0.000000
-1.214385
1.477427
0.624084
-1.325606
1.264225
0.512188
0.000000
0.000000
0.000000
0.000000
0.000000
0.000000
-1.363527
0.859210
0.689011
-1.405429
0.810323
0.748685
0.000000
0.000000
0.000000
-1.124247
0.486509
0.566308
0.000000
0.000000
0.000000
-1.123525
0.490082
0.566308
0.000000
0.000000
0.000000
0.000000
0.000000
0.000000
-1.448485
0.655132
0.590373
-1.368471
0.905951
0.722940
0.000000
0.000000
0.000000
0.000000
0.000000
0.000000
0.000000
0.000000
0.000000
-1.176431
0.946669
0.833021
0.000000
0.000000
0.000000
0.000000
0.000000
0.000000
0.000000
0.000000
0.000000
-1.137224
0.541265
0.813714
0.000000
0.000000
0.000000
0.000000
0.000000
0.000000
-1.166210
0.735860
0.670339
-1.088197
1.122871
0.692812
0.000000
0.000000
0.000000
0.000000
0.000000
0.000000
-1.257376
0.877877
0.827938
-1.302875
1.003806
0.793072
0.000000
0.000000
0.000000
0.000000
0.000000
0.000000
-1.720463
0.706297
0.829449
-1.735319
0.718768
0.824266
0.000000
0.000000
0.000000
0.000000
0.000000
0.000000
-1.040365
1.144006
0.612769
-1.065116
1.165794
0.613405
0.000000
0.000000
0.000000
0.000000
0.000000
0.000000
-1.361128
0.569758
0.821004
-1.406926
0.566678
0.833517
0.000000
0.000000
0.000000
0.000000
0.000000
0.000000
0.000000
0.000000
0.000000
-1.319209
0.595532
1.040872
0.000000
0.000000
0.000000
0.000000
0.000000
0.000000
-1.318345
0.910047
0.687122
-1.381607
0.889886
0.708813
-1.301963
0.734850
0.771837
-1.238737
0.818470
0.743186
-1.217212
0.778815
0.774565
-1.168564
0.783209
0.744694
0.000000
0.000000
0.000000
0.000000
0.000000
0.000000
-1.256768
0.799121
0.708028
-1.278892
0.814184
0.745049
0.000000
0.000000
0.000000
0.000000
0.000000
0.000000
-1.187772
0.503993
0.823449
-1.229021
0.635979
0.871209
0.000000
0.000000
0.000000
0.000000
0.000000
0.000000
-1.364704
0.728120
0.862019
-1.309939
0.800953
0.781930
0.000000
0.000000
0.000000
0.000000
0.000000
0.000000
-1.219089
0.849218
0.760728
-1.306196
0.795003
0.739241
0.000000
0.000000
0.000000
0.000000
0.000000
0.000000
-1.014281
0.666740
0.732581
-1.099445
0.747118
0.788078
0.000000
0.000000
0.000000
0.000000
0.000000
0.000000
-1.536996
0.557078
0.848948
-1.538035
0.601029
0.864707
-0.895461
0.962128
0.593116
-0.979175
1.017352
0.627793
-0.736577
0.911869
0.598977
-0.901783
0.813555
0.693845
0.000000
0.000000
0.000000
0.000000
0.000000
0.000000
-1.106285
0.752257
0.784291
-1.138131
0.772453
0.763492
0.000000
0.000000
0.000000
0.000000
0.000000
0.000000
0.000000
0.000000
0.000000
-1.326788
0.565075
1.053347
0.000000
0.000000
0.000000
0.000000
0.000000
0.000000
-1.293142
0.678245
0.800544
-1.321761
0.708076
0.828380
0.000000
0.000000
0.000000
0.000000
0.000000
0.000000
-1.303630
1.069943
0.634017
-1.362612
1.049422
0.647809
-1.136283
0.681433
0.719954
-1.201310
0.737689
0.777662
-1.095509
0.693347
0.719954
-1.057787
0.847679
0.726567
0.000000
0.000000
0.000000
0.000000
0.000000
0.000000
0.000000
0.000000
0.000000
-1.372050
0.828027
0.711603
0.000000
0.000000
0.000000
0.000000
0.000000
0.000000
-1.389756
0.620749
0.814737
-1.405965
0.664883
0.816104
0.000000
0.000000
0.000000
0.000000
0.000000
0.000000
0.000000
0.000000
0.000000
-0.919299
1.121952
0.669728
0.000000
0.000000
0.000000
0.000000
0.000000
0.000000
0.000000
0.000000
0.000000
-1.359660
0.699087
0.993496
0.000000
0.000000
0.000000
0.000000
0.000000
0.000000
-1.377954
1.299544
0.575825
-1.460361
1.102936
0.677756
0.000000
0.000000
0.000000
0.000000
0.000000
0.000000
0.000000
0.000000
0.000000
-1.353590
0.613801
0.763147
0.000000
0.000000
0.000000
0.000000
0.000000
0.000000
-1.350183
0.792368
0.891976
-1.335210
0.849927
0.782945
0.000000
0.000000
0.000000
0.000000
0.000000
0.000000
-1.396161
0.971399
0.724835
-1.494704
0.787170
0.795414
0.000000
0.000000
0.000000
0.000000
0.000000
0.000000
-1.043146
0.824041
0.896254
-1.022731
0.802739
0.756577
0.000000
0.000000
0.000000
0.000000
0.000000
0.000000
-1.142880
0.944671
0.671466
-1.257132
0.805133
0.620008
0.000000
0.000000
0.000000
0.000000
0.000000
0.000000
-1.568797
0.526125
0.849496
-1.564762
0.486227
0.843485
0.000000
0.000000
0.000000
0.000000
0.000000
0.000000
-1.231010
0.518099
0.863582
-1.306566
0.613922
0.843838
0.000000
0.000000
0.000000
0.000000
0.000000
0.000000
-1.127593
1.174768
0.591932
-1.169859
1.127577
0.571217
0.000000
0.000000
0.000000
0.000000
0.000000
0.000000
0.000000
0.000000
0.000000
-1.475628
0.773544
0.629175
0.000000
0.000000
0.000000
0.000000
0.000000
0.000000
-1.327692
0.963020
0.685144
-1.364225
0.920629
0.710016
-1.248783
0.424637
0.708374
-1.219615
0.439267
0.886782
-1.277354
0.433744
0.708374
-1.226960
0.445655
0.886782
0.000000
0.000000
0.000000
0.000000
0.000000
0.000000
-1.148908
0.964107
0.692787
-1.178929
1.008959
0.651057
0.000000
0.000000
0.000000
0.000000
0.000000
0.000000
-1.188834
0.700974
0.642713
-1.168487
0.822008
0.639449
0.000000
0.000000
0.000000
0.000000
0.000000
0.000000
-1.191734
0.621349
0.858455
-1.367684
0.532887
0.827243
0.000000
0.000000
0.000000
0.000000
0.000000
0.000000
-1.236615
0.877880
0.693494
-1.185385
0.908920
0.684715
0.000000
0.000000
0.000000
0.000000
0.000000
0.000000
-1.657912
0.331697
0.892116
-1.629871
0.356510
0.894047
0.000000
0.000000
0.000000
0.000000
0.000000
0.000000
0.000000
0.000000
0.000000
-1.329528
1.167743
0.757783
0.000000
0.000000
0.000000
0.000000
0.000000
0.000000
-1.356305
0.396574
0.916671
-1.339760
0.425520
0.861535
0.000000
0.000000
0.000000
0.000000
0.000000
0.000000
-1.544963
0.566685
0.854150
-1.601937
0.547896
0.870205
0.000000
0.000000
0.000000
0.000000
0.000000
0.000000
-1.217751
0.965621
0.700296
-1.246231
1.160318
0.556690
0.000000
0.000000
0.000000
0.000000
0.000000
0.000000
-1.371315
0.607617
0.820989
-1.480964
0.563924
0.843559
0.000000
0.000000
0.000000
0.000000
0.000000
0.000000
-0.897203
1.326207
0.682902
-1.045961
1.083783
0.537133
-1.152908
0.968426
0.750828
-1.214164
0.858726
0.687135
-1.123504
0.953965
0.742464
-1.180096
0.863583
0.684019
0.000000
0.000000
0.000000
0.000000
0.000000
0.000000
-0.986494
1.013771
0.760244
-1.187581
0.934699
0.663765
0.000000
0.000000
0.000000
0.000000
0.000000
0.000000
-0.654167
2.224260
0.666562
-0.994126
1.120955
0.608263
0.000000
0.000000
0.000000
0.000000
0.000000
0.000000
-0.930537
0.790208
0.634700
-1.028533
0.740394
0.605425
0.000000
0.000000
0.000000
0.000000
0.000000
0.000000
-1.129429
0.842941
0.729084
-1.233641
0.790749
0.723642
0.000000
0.000000
0.000000
0.000000
0.000000
0.000000
0.000000
0.000000
0.000000
-1.191347
0.626814
0.816072
0.000000
0.000000
0.000000
0.000000
0.000000
0.000000
-1.358319
0.729723
0.818700
-1.386992
0.745067
0.790668
0.000000
0.000000
0.000000
0.000000
0.000000
0.000000
-1.062566
1.372377
0.782797
-1.209546
0.928760
0.698321
0.000000
0.000000
0.000000
0.000000
0.000000
0.000000
-1.187187
0.773740
0.824701
-1.233539
0.673280
0.771894
0.000000
0.000000
0.000000
0.000000
0.000000
0.000000
-1.189217
0.811107
0.788933
-1.246812
0.579104
0.816862
0.000000
0.000000
0.000000
0.000000
0.000000
0.000000
-1.164532
0.830687
0.913501
-1.294231
0.591884
0.816392
0.000000
0.000000
0.000000
0.000000
0.000000
0.000000
0.000000
0.000000
0.000000
-1.221439
0.573853
0.707259
0.000000
0.000000
0.000000
0.000000
0.000000
0.000000
-1.092232
0.853765
0.745752
-1.143884
0.659891
0.686031
0.000000
0.000000
0.000000
0.000000
0.000000
0.000000
-1.548705
1.325381
0.525560
-1.588382
1.321462
0.525256
0.000000
0.000000
0.000000
0.000000
0.000000
0.000000
0.000000
0.000000
0.000000
-1.018798
0.720032
0.753335
0.000000
0.000000
0.000000
0.000000
0.000000
0.000000
-1.433078
0.444031
0.835388
-1.482286
0.411294
0.864934
0.000000
0.000000
0.000000
0.000000
0.000000
0.000000
-1.258210
0.855244
0.658083
-1.331283
0.828761
0.714275
0.000000
0.000000
0.000000
0.000000
0.000000
0.000000
0.000000
0.000000
0.000000
-1.148916
1.239911
0.683909
0.000000
0.000000
0.000000
0.000000
0.000000
0.000000
-1.274638
0.801164
0.685285
-1.317376
0.891099
0.703357
0.000000
0.000000
0.000000
0.000000
0.000000
0.000000
-1.578616
0.388167
0.890411
-1.605009
0.432060
0.875718
0.000000
0.000000
0.000000
0.000000
0.000000
0.000000
-1.370418
0.866316
0.752440
-1.413341
0.868851
0.755986
-1.181422
0.478552
0.665224
-1.160290
0.866352
0.857991
-1.184205
0.480233
0.665224
-1.138580
0.871911
0.864444
0.000000
0.000000
0.000000
0.000000
0.000000
0.000000
-1.074783
1.131035
0.648433
-1.124303
0.952916
0.815815
0.000000
0.000000
0.000000
0.000000
0.000000
0.000000
-1.232770
0.843152
0.793474
-1.278595
0.873947
0.730186
0.000000
0.000000
0.000000
0.000000
0.000000
0.000000
-1.375620
0.970317
0.856914
-1.481798
0.815138
0.833630
0.000000
0.000000
0.000000
0.000000
0.000000
0.000000
-1.238650
0.797132
0.775088
-1.283144
0.703871
0.798322
0.000000
0.000000
0.000000
0.000000
0.000000
0.000000
-0.850823
1.306625
0.735985
-1.004307
0.877539
0.610327
0.000000
0.000000
0.000000
0.000000
0.000000
0.000000
-1.437258
1.073652
0.670332
-1.475747
1.160239
0.595220
0.000000
0.000000
0.000000
0.000000
0.000000
0.000000
-1.176886
0.632064
0.756773
-1.235585
0.631501
0.863824
0.000000
0.000000
0.000000
0.000000
0.000000
0.000000
-1.441402
1.210990
0.605970
-1.475547
1.255295
0.575611
0.000000
0.000000
0.000000
0.000000
0.000000
0.000000
-1.392338
0.491090
0.815987
-1.515829
0.476645
0.906197
0.000000
0.000000
0.000000
0.000000
0.000000
0.000000
-1.218647
0.470249
0.595901
-1.225115
0.609057
1.048755
0.000000
0.000000
0.000000
0.000000
0.000000
0.000000
-1.358481
0.847137
0.671365
-1.365923
1.229263
0.679267
0.000000
0.000000
0.000000
0.000000
0.000000
0.000000
-1.340710
0.481483
0.845064
-1.429199
0.490790
0.872743
0.000000
0.000000
0.000000
0.000000
0.000000
0.000000
-1.302302
0.897136
0.805412
-1.361372
0.819690
0.785798
0.000000
0.000000
0.000000
0.000000
0.000000
0.000000
0.000000
0.000000
0.000000
-1.207733
0.740425
0.773915
0.000000
0.000000
0.000000
0.000000
0.000000
0.000000
-0.933791
1.330746
0.616388
-1.099820
1.141311
0.508659
0.000000
0.000000
0.000000
0.000000
0.000000
0.000000
-1.297088
0.931859
0.661327
-1.287593
0.926522
0.670106
0.000000
0.000000
0.000000
0.000000
0.000000
0.000000
-1.359452
0.834363
0.756754
-1.461873
0.703598
0.823231
0.000000
0.000000
0.000000
0.000000
0.000000
0.000000
-1.418194
0.502800
0.791319
-1.269904
1.005408
0.695867
0.000000
0.000000
0.000000
0.000000
0.000000
0.000000
-1.293543
0.929513
0.897204
-1.414133
0.822566
0.823474
-1.210532
0.916282
0.668013
-1.253013
0.920618
0.682843
-1.242967
0.848412
0.722770
-1.273384
0.833456
0.739292
0.000000
0.000000
0.000000
0.000000
0.000000
0.000000
-1.510699
0.429876
0.941685
-1.551046
0.502919
0.903065
0.000000
0.000000
0.000000
0.000000
0.000000
0.000000
-1.415740
0.884626
0.793465
-1.460951
0.986042
0.714592
0.000000
0.000000
0.000000
0.000000
0.000000
0.000000
-1.159532
0.446496
0.610395
-1.047854
0.586462
0.915811
0.000000
0.000000
0.000000
0.000000
0.000000
0.000000
-1.195992
0.470331
0.849376
-1.346620
0.520748
0.791042
0.000000
0.000000
0.000000
0.000000
0.000000
0.000000
-1.798540
0.225589
0.905803
-1.771397
0.249055
0.901751
0.000000
0.000000
0.000000
0.000000
0.000000
0.000000
-1.777533
0.366414
0.933985
-1.821052
0.389637
0.887932
0.000000
0.000000
0.000000
0.000000
0.000000
0.000000
-1.188468
0.551286
0.844418
-1.220058
0.473424
0.873195
0.000000
0.000000
0.000000
0.000000
0.000000
0.000000
-1.311072
0.566770
0.566845
-1.426154
0.543297
1.109598
0.000000
0.000000
0.000000
0.000000
0.000000
0.000000
0.000000
0.000000
0.000000
-1.264619
1.276147
0.786518
0.000000
0.000000
0.000000
0.000000
0.000000
0.000000
-1.544423
0.470385
0.744748
-1.502260
0.660299
0.869073
0.000000
0.000000
0.000000
0.000000
0.000000
0.000000
-1.116795
0.747209
0.801842
-1.099834
0.750499
0.662052
0.000000
0.000000
0.000000
0.000000
0.000000
0.000000
0.000000
0.000000
0.000000
-1.436711
0.895210
0.653731
0.000000
0.000000
0.000000
0.000000
0.000000
0.000000
-1.172391
0.931530
0.685842
-1.225183
0.775330
0.744980
0.000000
0.000000
0.000000
0.000000
0.000000
0.000000
-1.356223
0.677551
0.793022
-1.376770
0.703467
0.799260
0.000000
0.000000
0.000000
0.000000
0.000000
0.000000
-1.268975
0.629976
0.781155
-1.338065
0.588312
0.807900
0.000000
0.000000
0.000000
0.000000
0.000000
0.000000
0.000000
0.000000
0.000000
-1.207348
0.684294
0.831185
0.000000
0.000000
0.000000
0.000000
0.000000
0.000000
-1.641380
0.332394
0.885059
-1.662169
0.317365
0.893345
0.000000
0.000000
0.000000
0.000000
0.000000
0.000000
-1.277135
1.186342
0.522871
-1.313500
1.316591
0.479225
0.000000
0.000000
0.000000
0.000000
0.000000
0.000000
0.000000
0.000000
0.000000
-1.224876
0.594599
0.865629
0.000000
0.000000
0.000000
0.000000
0.000000
0.000000
-1.228457
0.534249
0.813714
-1.296472
0.551524
0.790567
0.000000
0.000000
0.000000
0.000000
0.000000
0.000000
-1.343194
0.661715
0.726307
-1.305191
1.178567
0.780082
0.000000
0.000000
0.000000
0.000000
0.000000
0.000000
-1.422428
0.485809
0.691913
-1.548450
0.413330
1.023914
0.000000
0.000000
0.000000
0.000000
0.000000
0.000000
-1.303559
0.719836
0.818042
-1.396522
0.743623
0.784271
0.000000
0.000000
0.000000
0.000000
0.000000
0.000000
-1.334339
0.561393
0.849981
-1.343296
0.558935
0.826867
-1.291849
0.725352
0.736630
-1.347523
0.681703
0.864275
-1.226744
0.777870
0.708162
-1.312679
0.750854
0.835618
0.000000
0.000000
0.000000
0.000000
0.000000
0.000000
-1.419321
0.706968
0.755100
-1.429242
0.741610
0.782974
0.000000
0.000000
0.000000
0.000000
0.000000
0.000000
0.000000
0.000000
0.000000
-1.283116
0.511917
0.824667
0.000000
0.000000
0.000000
0.000000
0.000000
0.000000
0.000000
0.000000
0.000000
-1.082486
0.837871
0.707895
0.000000
0.000000
0.000000
0.000000
0.000000
0.000000
0.000000
0.000000
0.000000
-1.010362
0.879214
0.987230
0.000000
0.000000
0.000000
0.000000
0.000000
0.000000
-1.448993
0.866684
1.037446
-1.439331
0.866156
0.814762
0.000000
0.000000
0.000000
0.000000
0.000000
0.000000
-1.472935
1.027997
0.675971
-1.501021
1.029987
0.680749
0.000000
0.000000
0.000000
0.000000
0.000000
0.000000
-1.331112
0.626276
0.773280
-1.363233
0.638833
0.774969
0.000000
0.000000
0.000000
0.000000
0.000000
0.000000
-1.283532
0.964656
0.742620
-1.358280
0.843074
0.723881
0.000000
0.000000
0.000000
0.000000
0.000000
0.000000
-1.296335
1.254563
0.479986
-1.350667
1.228982
0.507585
0.000000
0.000000
0.000000
0.000000
0.000000
0.000000
-1.401334
0.689491
0.741369
-1.342609
0.872248
0.719323
0.000000
0.000000
0.000000
0.000000
0.000000
0.000000
-1.421952
0.621814
0.825484
-1.481919
0.671597
0.816004
0.000000
0.000000
0.000000
0.000000
0.000000
0.000000
-1.377934
0.490381
0.811311
-1.476666
0.382150
0.858651
-1.499253
0.481514
0.853514
-1.551543
0.459454
0.918453
-1.437509
0.513727
0.881111
-1.504603
0.497418
0.951861
0.000000
0.000000
0.000000
0.000000
0.000000
0.000000
0.000000
0.000000
0.000000
-1.354435
0.751158
0.670961
0.000000
0.000000
0.000000
0.000000
0.000000
0.000000
-1.340865
0.633229
0.795386
-1.430761
0.527709
0.838666
0.000000
0.000000
0.000000
0.000000
0.000000
0.000000
-1.102850
0.862514
0.759386
-1.058229
0.997811
0.784897
0.000000
0.000000
0.000000
0.000000
0.000000
0.000000
-1.627081
1.245412
0.641389
-1.645185
1.226940
0.642345
0.000000
0.000000
0.000000
0.000000
0.000000
0.000000
0.000000
0.000000
0.000000
-1.239002
0.758758
0.738171
0.000000
0.000000
0.000000
0.000000
0.000000
0.000000
-1.455737
0.684086
0.762595
-1.446086
0.700829
0.776483
0.000000
0.000000
0.000000
0.000000
0.000000
0.000000
-1.179577
0.899570
0.773879
-1.224532
0.712879
0.765963
0.000000
0.000000
0.000000
0.000000
0.000000
0.000000
-1.197210
0.620064
0.806285
-1.252740
0.602295
0.809924
0.000000
0.000000
0.000000
0.000000
0.000000
0.000000
0.000000
0.000000
0.000000
-1.301187
0.770924
0.946358
0.000000
0.000000
0.000000
0.000000
0.000000
0.000000
-1.297681
1.294532
0.304260
-1.338374
1.367903
0.333305
0.000000
0.000000
0.000000
0.000000
0.000000
0.000000
0.000000
0.000000
0.000000
-1.094185
0.551709
0.619179
0.000000
0.000000
0.000000
0.000000
0.000000
0.000000
-1.290931
0.615108
0.836183
-1.296939
0.709321
0.842793
0.000000
0.000000
0.000000
0.000000
0.000000
0.000000
-1.251016
0.621436
0.693928
-1.223752
0.724388
0.832380
0.000000
0.000000
0.000000
0.000000
0.000000
0.000000
-1.377650
0.637154
0.835090
-1.371175
0.621640
0.851340
-1.215800
0.882441
0.667754
-1.228585
0.827316
0.719515
-1.180244
0.851972
0.667754
-1.186635
0.851296
0.709493
0.000000
0.000000
0.000000
0.000000
0.000000
0.000000
-1.283078
0.701044
0.846194
-1.358521
0.763617
0.753134
0.000000
0.000000
0.000000
0.000000
0.000000
0.000000
-1.112515
0.980790
0.641056
-1.158036
1.211999
0.492856
-1.350328
0.969231
0.698806
-1.382548
0.916801
0.707542
-1.300286
0.962045
0.686617
-1.328487
0.909298
0.695190
0.000000
0.000000
0.000000
0.000000
0.000000
0.000000
-1.291667
0.898210
0.659270
-1.336293
0.818468
0.734052
0.000000
0.000000
0.000000
0.000000
0.000000
0.000000
-1.374519
0.807151
0.702082
-1.348478
0.898786
0.725373
0.000000
0.000000
0.000000
0.000000
0.000000
0.000000
-1.394185
0.702123
0.810460
-1.440017
0.853281
0.803391
0.000000
0.000000
0.000000
0.000000
0.000000
0.000000
0.000000
0.000000
0.000000
-1.057562
0.903031
0.717691
0.000000
0.000000
0.000000
0.000000
0.000000
0.000000
-1.425572
0.514529
0.849802
-1.451788
0.518449
0.851723
0.000000
0.000000
0.000000
0.000000
0.000000
0.000000
0.000000
0.000000
0.000000
-1.223990
0.749453
0.622809
0.000000
0.000000
0.000000
0.000000
0.000000
0.000000
-1.406454
1.035166
0.669125
-1.446311
1.111072
0.684060
0.000000
0.000000
0.000000
0.000000
0.000000
0.000000
0.000000
0.000000
0.000000
-1.419671
0.626300
0.725954
-1.348431
0.553110
0.883080
-1.427695
0.561275
0.846981
-1.387053
0.565276
0.862050
-1.436634
0.566930
0.841299
0.000000
0.000000
0.000000
-1.116705
0.766808
0.666114
0.000000
0.000000
0.000000
-1.131893
0.785140
0.666114
0.000000
0.000000
0.000000
0.000000
0.000000
0.000000
-1.263728
0.542996
0.652624
-1.194483
0.694334
0.745320
0.000000
0.000000
0.000000
0.000000
0.000000
0.000000
-1.175421
0.480683
0.895209
-1.148408
0.497770
0.852656
0.000000
0.000000
0.000000
0.000000
0.000000
0.000000
-1.236561
0.995454
0.788569
-1.274656
1.175806
0.686600
0.000000
0.000000
0.000000
0.000000
0.000000
0.000000
-1.345727
0.590813
0.828531
-1.374092
0.603651
0.820418
0.000000
0.000000
0.000000
0.000000
0.000000
0.000000
0.000000
0.000000
0.000000
-1.016709
1.468725
0.797053
0.000000
0.000000
0.000000
0.000000
0.000000
0.000000
-1.336905
1.007811
0.642215
-1.350437
1.004463
0.676425
0.000000
0.000000
0.000000
0.000000
0.000000
0.000000
-1.247584
0.694478
0.774855
-1.253536
0.701683
0.807523
0.000000
0.000000
0.000000
0.000000
0.000000
0.000000
-1.136391
1.073841
0.609215
-1.187378
1.040860
0.604644
0.000000
0.000000
0.000000
0.000000
0.000000
0.000000
0.000000
0.000000
0.000000
-1.399584
0.754925
0.753876
0.000000
0.000000
0.000000
0.000000
0.000000
0.000000
-1.604159
0.668132
0.827149
-1.624490
0.673144
0.827438
0.000000
0.000000
0.000000
0.000000
0.000000
0.000000
0.000000
0.000000
0.000000
-0.981063
0.682384
0.613513
0.000000
0.000000
0.000000
-1.318200
0.690666
0.767648
0.000000
0.000000
0.000000
-1.299128
0.693775
0.767648
0.000000
0.000000
0.000000
0.000000
0.000000
0.000000
-1.645064
0.602859
0.846879
-1.664575
0.612039
0.848006
0.000000
0.000000
0.000000
0.000000
0.000000
0.000000
-1.279943
0.640182
0.670993
-1.155221
1.078263
0.712762
0.000000
0.000000
0.000000
0.000000
0.000000
0.000000
-1.153641
0.717596
0.694011
-1.205324
0.859975
0.676762
0.000000
0.000000
0.000000
0.000000
0.000000
0.000000
-1.255909
0.536652
0.821670
-1.379569
0.452060
0.869747
-1.252085
0.935341
0.681397
-1.290060
0.931706
0.695293
-1.218103
0.892203
0.695098
-1.269458
0.839769
0.723944
0.000000
0.000000
0.000000
0.000000
0.000000
0.000000
0.000000
0.000000
0.000000
-1.070663
1.597143
0.592583
0.000000
0.000000
0.000000
0.000000
0.000000
0.000000
0.000000
0.000000
0.000000
-1.426625
0.528892
0.962868
0.000000
0.000000
0.000000
0.000000
0.000000
0.000000
-1.482357
0.727428
0.742035
-1.402280
1.219998
0.824094
0.000000
0.000000
0.000000
0.000000
0.000000
0.000000
-1.349174
0.493969
0.794984
-1.412953
0.472599
0.885696
0.000000
0.000000
0.000000
0.000000
0.000000
0.000000
0.000000
0.000000
0.000000
-1.293318
0.464320
0.825767
0.000000
0.000000
0.000000
0.000000
0.000000
0.000000
-1.491690
0.695979
0.814403
-1.457661
0.781512
0.769210
0.000000
0.000000
0.000000
0.000000
0.000000
0.000000
-1.174772
0.904519
0.718265
-1.209159
0.947903
0.723765
0.000000
0.000000
0.000000
0.000000
0.000000
0.000000
-1.147046
0.850634
0.788822
-1.143743
1.045572
0.646300
0.000000
0.000000
0.000000
0.000000
0.000000
0.000000
0.000000
0.000000
0.000000
-0.954336
1.079318
0.637190
0.000000
0.000000
0.000000
0.000000
0.000000
0.000000
-1.060423
0.945036
0.685505
-1.105245
0.703074
0.739170
0.000000
0.000000
0.000000
0.000000
0.000000
0.000000
-1.043805
0.821598
0.626527
-1.031790
0.875772
0.662940
0.000000
0.000000
0.000000
0.000000
0.000000
0.000000
-1.550458
0.813578
0.808528
-1.553575
0.931820
0.745006
0.000000
0.000000
0.000000
0.000000
0.000000
0.000000
-1.629600
0.464212
0.870420
-1.657884
0.443529
0.872876
0.000000
0.000000
0.000000
0.000000
0.000000
0.000000
-1.513295
0.728706
0.902070
-1.527843
0.974704
0.821845
0.000000
0.000000
0.000000
0.000000
0.000000
0.000000
-1.551176
0.567362
0.843046
-1.587040
0.537109
0.847564
0.000000
0.000000
0.000000
0.000000
0.000000
0.000000
0.000000
0.000000
0.000000
-1.255263
0.497321
0.651712
0.000000
0.000000
0.000000
0.000000
0.000000
0.000000
0.000000
0.000000
0.000000
-1.128191
0.943856
0.706543
0.000000
0.000000
0.000000
0.000000
0.000000
0.000000
0.000000
0.000000
0.000000
-1.146904
0.675457
0.751481
0.000000
0.000000
0.000000
0.000000
0.000000
0.000000
-1.162656
0.552070
0.720338
-1.219722
0.517668
0.832200
0.000000
0.000000
0.000000
-1.271787
0.571862
0.654865
0.000000
0.000000
0.000000
-1.249623
0.576146
0.654865
0.000000
0.000000
0.000000
0.000000
0.000000
0.000000
-1.334267
0.724212
0.868267
-1.394768
0.656573
0.870221
-1.144509
0.567879
0.861057
-1.108739
0.637683
0.813399
-1.145552
0.545385
0.860354
-1.132098
0.611224
0.829822
0.000000
0.000000
0.000000
0.000000
0.000000
0.000000
-1.203234
0.620449
0.729822
-1.262519
0.953946
0.616850
0.000000
0.000000
0.000000
0.000000
0.000000
0.000000
-1.477149
0.580504
0.815514
-1.479844
0.536651
0.842832
0.000000
0.000000
0.000000
0.000000
0.000000
0.000000
-1.228220
1.083225
0.651330
-1.289383
0.880234
0.865907
-1.426402
0.612178
0.837082
-1.385010
0.689240
0.816259
-1.452977
0.618721
0.848181
-1.390809
0.713054
0.821904
0.000000
0.000000
0.000000
0.000000
0.000000
0.000000
0.000000
0.000000
0.000000
-1.108638
0.741371
0.771077
0.000000
0.000000
0.000000
0.000000
0.000000
0.000000
-1.391839
0.631874
0.824436
-1.428673
0.619015
0.823377
0.000000
0.000000
0.000000
0.000000
0.000000
0.000000
0.000000
0.000000
0.000000
-1.016449
0.806286
0.576244
0.000000
0.000000
0.000000
0.000000
0.000000
0.000000
-1.162545
0.964361
0.678250
-1.284898
0.909438
0.652214
0.000000
0.000000
0.000000
0.000000
0.000000
0.000000
-1.482602
0.763142
0.795278
-1.500403
0.765793
0.795047
0.000000
0.000000
0.000000
0.000000
0.000000
0.000000
-1.138794
1.066407
0.635277
-1.246245
0.950878
0.644211
0.000000
0.000000
0.000000
0.000000
0.000000
0.000000
-1.292680
0.885154
0.689307
-1.332228
0.894476
0.729189
0.000000
0.000000
0.000000
0.000000
0.000000
0.000000
-1.161468
0.638619
0.781784
-1.162294
0.682914
0.810564
0.000000
0.000000
0.000000
0.000000
0.000000
0.000000
-1.089420
1.175914
0.773834
-1.113776
0.956883
0.668076
0.000000
0.000000
0.000000
0.000000
0.000000
0.000000
-1.226686
0.621896
0.776479
-1.279821
0.915137
0.825706
0.000000
0.000000
0.000000
0.000000
0.000000
0.000000
-1.084404
0.796367
0.708769
-1.069099
1.281952
0.788832
0.000000
0.000000
0.000000
0.000000
0.000000
0.000000
-0.975498
0.787351
0.740065
-1.138664
0.671992
0.722961
0.000000
0.000000
0.000000
0.000000
0.000000
0.000000
-1.273850
1.081533
0.676234
-1.273756
1.123887
0.655436
0.000000
0.000000
0.000000
0.000000
0.000000
0.000000
-1.362073
0.518611
0.834848
-1.264612
0.527833
0.890676
0.000000
0.000000
0.000000
0.000000
0.000000
0.000000
-1.251288
0.584826
0.826359
-1.350714
0.487829
0.809693
0.000000
0.000000
0.000000
0.000000
0.000000
0.000000
-1.137599
0.962287
0.663084
-1.201530
1.097224
0.643915
0.000000
0.000000
0.000000
0.000000
0.000000
0.000000
-1.331308
1.283730
0.778858
-1.410399
0.918638
0.856341
-1.531395
0.446610
0.873726
-1.546594
0.449369
0.875000
-1.413246
0.435982
0.869822
-1.419804
0.439239
0.871741
0.000000
0.000000
0.000000
0.000000
0.000000
0.000000
-1.361496
0.887856
0.886705
-1.374093
0.680627
0.798169
0.000000
0.000000
0.000000
0.000000
0.000000
0.000000
-1.542033
0.601348
0.836106
-1.563799
0.606583
0.839182
-1.426037
0.543164
0.829046
-1.358495
0.702999
0.816522
-1.349845
0.524621
0.853092
-1.261926
0.730274
0.804734
0.000000
0.000000
0.000000
0.000000
0.000000
0.000000
0.000000
0.000000
0.000000
-1.276629
1.084485
0.652784
0.000000
0.000000
0.000000
0.000000
0.000000
0.000000
-1.088389
0.954606
0.754468
-1.063396
0.866707
0.635028
0.000000
0.000000
0.000000
0.000000
0.000000
0.000000
0.000000
0.000000
0.000000
-1.001548
0.960488
0.638266
-1.491713
0.631218
0.837483
-1.472129
0.695080
0.819723
-1.399063
0.605849
0.840230
-1.370884
0.668692
0.822314
0.000000
0.000000
0.000000
0.000000
0.000000
0.000000
-1.061102
0.968598
0.783642
-1.205760
0.709750
0.741008
0.000000
0.000000
0.000000
0.000000
0.000000
0.000000
-1.233804
0.616177
0.815060
-1.273885
0.609683
0.848383
0.000000
0.000000
0.000000
0.000000
0.000000
0.000000
-1.306294
0.681224
0.840224
-1.373453
0.617126
0.862340
0.000000
0.000000
0.000000
0.000000
0.000000
0.000000
-1.164752
0.817327
0.796500
-1.300752
0.608961
0.833036
0.000000
0.000000
0.000000
0.000000
0.000000
0.000000
-1.463251
0.460399
0.872777
-1.439111
0.471566
0.862744
0.000000
0.000000
0.000000
0.000000
0.000000
0.000000
-1.248816
0.482428
0.689818
-1.274931
0.578238
0.989137
0.000000
0.000000
0.000000
0.000000
0.000000
0.000000
-1.231978
0.906982
0.842375
-1.236474
0.878035
0.792577
-1.113896
0.682208
0.669041
-1.128084
0.618170
0.926257
-1.124133
0.622006
0.661418
-1.136971
0.605801
0.967623
0.000000
0.000000
0.000000
0.000000
0.000000
0.000000
-1.291110
0.690497
0.652819
-1.368961
0.617086
0.847298
0.000000
0.000000
0.000000
0.000000
0.000000
0.000000
-1.259673
0.633633
0.854886
-1.291370
0.480510
0.874285
0.000000
0.000000
0.000000
0.000000
0.000000
0.000000
0.000000
0.000000
0.000000
-1.212307
1.511055
0.614915
0.000000
0.000000
0.000000
0.000000
0.000000
0.000000
0.000000
0.000000
0.000000
-1.122141
1.008280
0.749233
-1.021799
0.816969
0.712862
-1.048459
0.812089
0.724230
-1.014995
0.841629
0.700848
-1.038820
0.837277
0.710204
0.000000
0.000000
0.000000
0.000000
0.000000
0.000000
-1.313830
0.621078
0.771692
-1.243100
0.999289
0.670757
0.000000
0.000000
0.000000
0.000000
0.000000
0.000000
-1.152281
0.725851
0.781983
-1.316499
0.706510
0.815625
0.000000
0.000000
0.000000
0.000000
0.000000
0.000000
-1.469932
0.758854
0.799457
-1.505112
0.761148
0.795150
0.000000
0.000000
0.000000
0.000000
0.000000
0.000000
-1.399896
0.757277
0.892666
-1.459020
0.788627
0.812215
0.000000
0.000000
0.000000
0.000000
0.000000
0.000000
-1.388391
0.741604
0.774738
-1.452961
0.727065
0.815395
0.000000
0.000000
0.000000
0.000000
0.000000
0.000000
-1.487064
0.544517
0.873754
-1.533764
0.527997
0.869142
0.000000
0.000000
0.000000
0.000000
0.000000
0.000000
0.000000
0.000000
0.000000
-1.342999
0.662835
0.845241
0.000000
0.000000
0.000000
0.000000
0.000000
0.000000
-1.458270
0.526440
0.847059
-1.476324
0.472712
0.877501
0.000000
0.000000
0.000000
0.000000
0.000000
0.000000
0.000000
0.000000
0.000000
-1.660833
0.394396
0.715681
0.000000
0.000000
0.000000
0.000000
0.000000
0.000000
-1.057184
0.641944
0.809536
-1.092727
0.614521
0.810021
0.000000
0.000000
0.000000
0.000000
0.000000
0.000000
-1.590037
0.490916
0.847512
-1.593958
0.504557
0.875034
0.000000
0.000000
0.000000
0.000000
0.000000
0.000000
-1.354537
0.432157
0.851518
-1.324899
0.495277
0.847090
0.000000
0.000000
0.000000
0.000000
0.000000
0.000000
-1.553596
0.538546
0.791713
-1.531396
0.682701
0.826615
0.000000
0.000000
0.000000
0.000000
0.000000
0.000000
-0.980201
0.875073
0.698856
-1.051276
0.876779
0.639924
0.000000
0.000000
0.000000
0.000000
0.000000
0.000000
0.000000
0.000000
0.000000
-1.302809
0.561573
0.682195
0.000000
0.000000
0.000000
0.000000
0.000000
0.000000
-1.181130
0.844251
0.758302
-1.234633
0.862105
0.739250
0.000000
0.000000
0.000000
0.000000
0.000000
0.000000
-1.317228
0.517535
0.719151
-1.367343
0.570878
0.831468
0.000000
0.000000
0.000000
0.000000
0.000000
0.000000
-1.255038
0.950403
0.652922
-1.266474
1.021722
0.662724
0.000000
0.000000
0.000000
0.000000
0.000000
0.000000
-0.974366
0.830846
0.706382
-1.117643
0.800858
0.779816
0.000000
0.000000
0.000000
0.000000
0.000000
0.000000
-1.613322
0.346997
0.894944
-1.684256
0.317821
0.887554
0.000000
0.000000
0.000000
0.000000
0.000000
0.000000
-1.108428
0.912982
0.750699
-1.251607
0.736102
0.765974
0.000000
0.000000
0.000000
0.000000
0.000000
0.000000
-1.379415
0.526087
0.800993
-1.245219
0.754685
0.769294
0.000000
0.000000
0.000000
0.000000
0.000000
0.000000
-1.226508
0.736638
0.758126
-1.256487
0.631276
0.685779
0.000000
0.000000
0.000000
0.000000
0.000000
0.000000
0.000000
0.000000
0.000000
-1.244444
1.061103
0.674356
0.000000
0.000000
0.000000
0.000000
0.000000
0.000000
-1.396080
0.572547
0.948877
-1.410899
0.598391
0.855140
0.000000
0.000000
0.000000
0.000000
0.000000
0.000000
-1.275124
1.102547
0.646394
-1.319127
1.020974
0.642152
0.000000
0.000000
0.000000
0.000000
0.000000
0.000000
-1.338468
0.665005
0.843117
-1.367791
0.740663
0.834287
0.000000
0.000000
0.000000
0.000000
0.000000
0.000000
-1.476148
0.321294
0.890835
-1.497343
0.317954
0.890680
0.000000
0.000000
0.000000
0.000000
0.000000
0.000000
-1.483063
1.081932
0.666584
-1.514288
1.082206
0.664337
0.000000
0.000000
0.000000
0.000000
0.000000
0.000000
-1.361814
0.423825
0.889620
-1.493173
0.470999
0.866999
0.000000
0.000000
0.000000
0.000000
0.000000
0.000000
-1.026359
1.174126
0.841979
-1.064485
1.065254
0.677193
0.000000
0.000000
0.000000
0.000000
0.000000
0.000000
-1.454840
0.701225
0.791140
-1.507545
0.654440
0.820988
0.000000
0.000000
0.000000
0.000000
0.000000
0.000000
0.000000
0.000000
0.000000
-1.260034
0.565060
0.665429
0.000000
0.000000
0.000000
0.000000
0.000000
0.000000
-1.401911
0.873696
0.728722
-1.449825
0.868683
0.740496
0.000000
0.000000
0.000000
0.000000
0.000000
0.000000
-1.493628
0.675950
0.805907
-1.557213
0.628543
0.853833
0.000000
0.000000
0.000000
0.000000
0.000000
0.000000
-1.449960
0.857514
0.727381
-1.458500
0.920859
0.718537
0.000000
0.000000
0.000000
0.000000
0.000000
0.000000
-1.300413
0.889940
0.660488
-1.369549
1.097094
0.651116
0.000000
0.000000
0.000000
0.000000
0.000000
0.000000
0.000000
0.000000
0.000000
-1.550609
0.599707
0.784884
0.000000
0.000000
0.000000
0.000000
0.000000
0.000000
0.000000
0.000000
0.000000
-1.139538
1.131635
0.735165
-1.282768
0.484262
0.857450
-1.403034
0.372202
0.926367
-1.282088
0.488748
0.857450
-1.411587
0.358581
0.928196
0.000000
0.000000
0.000000
0.000000
0.000000
0.000000
-1.408073
0.512910
0.893997
-1.388963
0.589724
0.830691
0.000000
0.000000
0.000000
0.000000
0.000000
0.000000
-1.601671
0.717939
0.627964
-1.619671
0.743234
0.850335
0.000000
0.000000
0.000000
0.000000
0.000000
0.000000
-1.188524
0.680441
0.780128
-1.083117
0.839832
0.838388
0.000000
0.000000
0.000000
0.000000
0.000000
0.000000
-1.103221
0.810860
0.769972
-1.193446
0.803653
0.724140
0.000000
0.000000
0.000000
0.000000
0.000000
0.000000
0.000000
0.000000
0.000000
-1.166112
0.838924
0.748416
0.000000
0.000000
0.000000
0.000000
0.000000
0.000000
-1.500040
0.674861
0.759143
-1.552289
0.559742
0.752962
0.000000
0.000000
0.000000
0.000000
0.000000
0.000000
-1.181030
1.076310
0.589243
-1.204024
1.041614
0.634456
0.000000
0.000000
0.000000
0.000000
0.000000
0.000000
0.000000
0.000000
0.000000
-0.987810
1.367816
0.639015
0.000000
0.000000
0.000000
0.000000
0.000000
0.000000
-1.559776
0.395995
0.872303
-1.523424
0.427373
0.878483
0.000000
0.000000
0.000000
0.000000
0.000000
0.000000
-1.183498
0.735380
0.866442
-1.055773
1.150982
0.748161
-0.958839
1.541326
0.697997
-1.093582
1.075868
0.523076
-0.911343
1.565441
0.697997
-1.052199
1.056939
0.523268
0.000000
0.000000
0.000000
0.000000
0.000000
0.000000
-1.234135
1.148684
0.571586
-1.283518
1.136981
0.559195
0.000000
0.000000
0.000000
0.000000
0.000000
0.000000
-1.291301
0.746013
0.719610
-1.443840
0.523098
0.898973
0.000000
0.000000
0.000000
0.000000
0.000000
0.000000
-1.166724
0.890001
0.870843
-1.167548
0.948349
0.765689
0.000000
0.000000
0.000000
0.000000
0.000000
0.000000
-1.473871
0.677334
0.824319
-1.526791
0.647448
0.817820
0.000000
0.000000
0.000000
0.000000
0.000000
0.000000
-1.237170
0.712846
0.845958
-1.254811
0.749184
0.851680
0.000000
0.000000
0.000000
0.000000
0.000000
0.000000
-1.506284
0.857077
0.753126
-1.531074
0.871666
0.754391
0.000000
0.000000
0.000000
0.000000
0.000000
0.000000
-1.144105
0.730815
0.708906
-1.115742
0.914376
0.634458
0.000000
0.000000
0.000000
0.000000
0.000000
0.000000
-1.441351
1.116948
0.528078
-1.512499
1.014234
0.641331
0.000000
0.000000
0.000000
0.000000
0.000000
0.000000
-1.646666
0.645949
0.823226
-1.659906
0.645958
0.831081
-1.227695
0.714414
0.745471
-1.297501
0.758962
0.807764
-1.214915
0.710007
0.755977
-1.256395
0.738718
0.821160
0.000000
0.000000
0.000000
0.000000
0.000000
0.000000
-1.262055
0.732382
0.722266
-1.168347
1.101176
0.698896
0.000000
0.000000
0.000000
0.000000
0.000000
0.000000
-1.364298
0.827161
0.746492
-1.366045
0.800004
0.752485
0.000000
0.000000
0.000000
0.000000
0.000000
0.000000
-1.388846
0.378442
0.863755
-1.449543
0.368254
0.893078
0.000000
0.000000
0.000000
0.000000
0.000000
0.000000
-1.165650
0.807334
0.643308
-1.010860
1.183536
0.587675
0.000000
0.000000
0.000000
0.000000
0.000000
0.000000
-1.432322
1.008486
0.714854
-1.458285
1.106142
0.720121
0.000000
0.000000
0.000000
0.000000
0.000000
0.000000
-1.282526
0.759266
0.735249
-1.383320
0.706148
0.782427
0.000000
0.000000
0.000000
0.000000
0.000000
0.000000
-1.360833
0.666104
0.925460
-1.407493
0.685414
0.888001
0.000000
0.000000
0.000000
0.000000
0.000000
0.000000
-1.481000
0.613428
0.723734
-1.405315
0.772513
1.000685
0.000000
0.000000
0.000000
0.000000
0.000000
0.000000
-1.516869
0.777545
0.780869
-1.497247
0.976193
0.722471
0.000000
0.000000
0.000000
0.000000
0.000000
0.000000
-1.376370
0.509468
0.852956
-1.378888
0.537259
0.845914
0.000000
0.000000
0.000000
0.000000
0.000000
0.000000
-1.109822
1.021204
0.653689
-1.191161
1.039792
0.650511
0.000000
0.000000
0.000000
0.000000
0.000000
0.000000
-1.359499
0.470622
0.860075
-1.420363
0.463159
0.867058
0.000000
0.000000
0.000000
0.000000
0.000000
0.000000
-1.459517
0.450361
0.731348
-1.287051
0.694338
0.861802
0.000000
0.000000
0.000000
0.000000
0.000000
0.000000
0.000000
0.000000
0.000000
-1.548446
0.677261
0.710210
0.000000
0.000000
0.000000
0.000000
0.000000
0.000000
0.000000
0.000000
0.000000
-1.077013
0.753315
0.907589
0.000000
0.000000
0.000000
0.000000
0.000000
0.000000
-1.361794
1.253669
0.519712
-1.414355
1.217983
0.552749
0.000000
0.000000
0.000000
0.000000
0.000000
0.000000
-1.423811
0.522120
0.754562
-1.412928
0.646593
0.770747
-1.320453
0.634522
0.822746
-1.353865
0.601286
0.834383
-1.269251
0.630773
0.820704
-1.294489
0.600092
0.831244
0.000000
0.000000
0.000000
0.000000
0.000000
0.000000
-1.331146
0.958136
0.703610
-1.381039
0.926194
0.708804
0.000000
0.000000
0.000000
0.000000
0.000000
0.000000
-1.111612
0.445308
0.898339
-1.195335
0.452683
0.873205
0.000000
0.000000
0.000000
0.000000
0.000000
0.000000
-1.216522
0.765178
0.888532
-1.231846
0.631335
0.881435
0.000000
0.000000
0.000000
0.000000
0.000000
0.000000
0.000000
0.000000
0.000000
-0.991966
1.347049
0.603631
0.000000
0.000000
0.000000
0.000000
0.000000
0.000000
0.000000
0.000000
0.000000
-1.040062
0.840816
0.670975
0.000000
0.000000
0.000000
0.000000
0.000000
0.000000
-1.511927
0.701766
0.812641
-1.537481
0.705047
0.814120
0.000000
0.000000
0.000000
0.000000
0.000000
0.000000
-1.175184
0.625284
0.795132
-1.118699
0.698117
0.769279
0.000000
0.000000
0.000000
0.000000
0.000000
0.000000
-1.165738
1.321451
0.405094
-1.300863
1.075801
0.520619
0.000000
0.000000
0.000000
0.000000
0.000000
0.000000
-1.198896
0.924138
0.648732
-1.230295
0.937309
0.654821
0.000000
0.000000
0.000000
0.000000
0.000000
0.000000
-1.431653
0.691966
0.794215
-1.452618
0.780745
0.811308
0.000000
0.000000
0.000000
0.000000
0.000000
0.000000
-1.530395
0.471930
0.891722
-1.586201
0.521339
0.928615
-1.243972
0.721397
0.971630
-1.305275
0.606710
0.823147
-1.213919
0.682373
1.061799
-1.242613
0.667450
0.896251
0.000000
0.000000
0.000000
0.000000
0.000000
0.000000
-1.403496
0.553422
0.826618
-1.498576
0.441603
0.849102
0.000000
0.000000
0.000000
0.000000
0.000000
0.000000
-0.987922
1.194748
0.780987
-1.045119
0.968075
0.677083
0.000000
0.000000
0.000000
0.000000
0.000000
0.000000
-1.300479
1.225883
0.508139
-1.368537
1.289467
0.517912
0.000000
0.000000
0.000000
0.000000
0.000000
0.000000
-1.299692
0.697108
0.642369
-1.373656
0.694559
1.021664
0.000000
0.000000
0.000000
0.000000
0.000000
0.000000
-1.295557
0.598930
0.770655
-1.277714
1.127492
0.702208
0.000000
0.000000
0.000000
0.000000
0.000000
0.000000
0.000000
0.000000
0.000000
-1.048912
0.755884
0.660809
0.000000
0.000000
0.000000
0.000000
0.000000
0.000000
0.000000
0.000000
0.000000
-1.494961
0.445539
0.646905
0.000000
0.000000
0.000000
0.000000
0.000000
0.000000
-1.521359
0.462148
0.788451
-1.543715
0.430235
0.805413
0.000000
0.000000
0.000000
0.000000
0.000000
0.000000
-1.256203
0.730337
0.780123
-1.391342
0.762260
0.771806
0.000000
0.000000
0.000000
0.000000
0.000000
0.000000
-1.276570
0.737336
0.825528
-1.378683
0.632920
0.769303
0.000000
0.000000
0.000000
0.000000
0.000000
0.000000
-1.194158
0.697929
0.702371
-1.338909
0.717994
0.721290
0.000000
0.000000
0.000000
0.000000
0.000000
0.000000
-1.508325
0.821032
0.757642
-1.522223
0.856817
0.757597
0.000000
0.000000
0.000000
0.000000
0.000000
0.000000
0.000000
0.000000
0.000000
-1.010839
1.162565
0.806685
0.000000
0.000000
0.000000
0.000000
0.000000
0.000000
-1.377925
0.565306
0.773970
-1.396128
0.532240
0.877833
0.000000
0.000000
0.000000
0.000000
0.000000
0.000000
-1.573432
0.777328
0.780782
-1.611118
0.802268
0.791983
0.000000
0.000000
0.000000
0.000000
0.000000
0.000000
-1.383270
0.638747
0.832617
-1.434537
0.626955
0.855676
0.000000
0.000000
0.000000
0.000000
0.000000
0.000000
-1.264852
0.950533
0.708996
-1.287473
0.906992
0.678642
0.000000
0.000000
0.000000
0.000000
0.000000
0.000000
-1.172028
0.718698
0.729203
-1.245499
0.841389
0.753733
0.000000
0.000000
0.000000
0.000000
0.000000
0.000000
0.000000
0.000000
0.000000
-1.300616
0.845670
0.672896
0.000000
0.000000
0.000000
0.000000
0.000000
0.000000
-1.371971
0.749848
0.804795
-1.393107
0.819437
0.804339
0.000000
0.000000
0.000000
0.000000
0.000000
0.000000
-1.388542
0.715769
0.743521
-1.370181
0.576601
0.749126
0.000000
0.000000
0.000000
0.000000
0.000000
0.000000
-1.135520
0.707380
0.717905
-1.201601
0.682215
0.933527
0.000000
0.000000
0.000000
0.000000
0.000000
0.000000
0.000000
0.000000
0.000000
-1.191239
0.593747
0.670959
0.000000
0.000000
0.000000
0.000000
0.000000
0.000000
-1.198351
0.899928
0.705580
-1.226195
0.938272
0.626382
0.000000
0.000000
0.000000
0.000000
0.000000
0.000000
-1.277674
0.877027
0.749723
-1.323146
0.858945
0.741384
0.000000
0.000000
0.000000
0.000000
0.000000
0.000000
-1.241421
0.516950
0.796111
-1.410892
0.576184
0.820793
0.000000
0.000000
0.000000
0.000000
0.000000
0.000000
-1.385933
0.623853
0.842406
-1.376604
0.712611
0.811896
0.000000
0.000000
0.000000
0.000000
0.000000
0.000000
0.000000
0.000000
0.000000
-1.065913
1.320036
0.988205
0.000000
0.000000
0.000000
0.000000
0.000000
0.000000
-1.208167
0.696356
0.927383
-1.392918
0.668056
0.747502
-1.069552
0.963684
0.591729
-1.100949
0.961300
0.671920
-1.072756
0.958622
0.595149
-1.116480
0.915666
0.675642
0.000000
0.000000
0.000000
0.000000
0.000000
0.000000
-1.264132
0.676359
0.817282
-1.323744
0.626709
0.837653
0.000000
0.000000
0.000000
0.000000
0.000000
0.000000
-1.039056
0.928005
0.725865
-1.085225
0.862916
0.653940
0.000000
0.000000
0.000000
0.000000
0.000000
0.000000
-1.080748
0.624013
0.683358
-1.203485
0.524877
0.807734
0.000000
0.000000
0.000000
0.000000
0.000000
0.000000
0.000000
0.000000
0.000000
-1.253837
0.997888
0.695902
0.000000
0.000000
0.000000
0.000000
0.000000
0.000000
-1.241261
0.592168
0.834553
-1.174079
0.721310
0.841223
0.000000
0.000000
0.000000
0.000000
0.000000
0.000000
-1.325539
0.710655
0.707836
-1.431230
0.613645
0.734863
0.000000
0.000000
0.000000
0.000000
0.000000
0.000000
-1.535742
0.862351
0.799200
-1.559109
0.830701
0.746615
0.000000
0.000000
0.000000
0.000000
0.000000
0.000000
-1.195257
1.108661
0.522514
-1.212151
0.978386
0.589343
0.000000
0.000000
0.000000
0.000000
0.000000
0.000000
-1.209514
0.983172
0.742900
-1.157581
1.136608
0.715004
-1.382894
0.557273
0.691784
-1.432365
0.617478
0.946513
-1.393108
0.556610
0.691784
-1.433079
0.622808
0.946513
0.000000
0.000000
0.000000
0.000000
0.000000
0.000000
0.000000
0.000000
0.000000
-1.198996
0.743203
0.749945
0.000000
0.000000
0.000000
0.000000
0.000000
0.000000
-1.150635
0.585865
0.799991
-1.230695
0.611861
0.823402
0.000000
0.000000
0.000000
0.000000
0.000000
0.000000
-1.024426
1.071390
0.504577
-1.051432
1.028061
0.574577
0.000000
0.000000
0.000000
0.000000
0.000000
0.000000
-1.095851
0.913333
0.676550
-1.160616
0.877107
0.638926
0.000000
0.000000
0.000000
0.000000
0.000000
0.000000
-1.398726
0.625535
0.846861
-1.402542
0.665561
0.803907
0.000000
0.000000
0.000000
0.000000
0.000000
0.000000
0.000000
0.000000
0.000000
-1.255283
0.628321
0.646577
0.000000
0.000000
0.000000
0.000000
0.000000
0.000000
-0.978356
1.694564
0.748608
-1.156889
1.332003
0.596420
0.000000
0.000000
0.000000
0.000000
0.000000
0.000000
0.000000
0.000000
0.000000
-1.117748
0.558579
0.815352
0.000000
0.000000
0.000000
0.000000
0.000000
0.000000
0.000000
0.000000
0.000000
-1.140002
0.956004
0.654919
0.000000
0.000000
0.000000
0.000000
0.000000
0.000000
-1.514286
0.544797
0.841722
-1.526640
0.677228
0.831735
0.000000
0.000000
0.000000
0.000000
0.000000
0.000000
-1.316535
0.509599
0.806444
-1.438895
0.437014
0.912098
0.000000
0.000000
0.000000
0.000000
0.000000
0.000000
-1.324697
0.566468
0.806987
-1.220298
0.769273
0.828966
0.000000
0.000000
0.000000
0.000000
0.000000
0.000000
-1.286214
0.721554
0.566231
-1.262188
0.890754
0.873396
0.000000
0.000000
0.000000
0.000000
0.000000
0.000000
-1.371416
0.855370
0.810436
-1.379209
0.730934
0.817422
0.000000
0.000000
0.000000
0.000000
0.000000
0.000000
-1.603487
1.028412
0.708060
-1.628937
1.012042
0.706877
0.000000
0.000000
0.000000
0.000000
0.000000
0.000000
0.000000
0.000000
0.000000
-1.186049
0.703516
0.732472
0.000000
0.000000
0.000000
0.000000
0.000000
0.000000
-1.266420
0.956935
0.657046
-1.318596
1.055539
0.672940
0.000000
0.000000
0.000000
0.000000
0.000000
0.000000
0.000000
0.000000
0.000000
-1.168059
0.997445
0.768286
-1.233305
0.550420
0.794281
-1.242517
0.627692
0.817667
-1.229024
0.550207
0.796285
-1.255687
0.630611
0.822011
-1.151475
0.945340
0.741138
-1.154172
0.970694
0.649806
-1.133483
0.935926
0.741138
-1.211314
0.812639
0.699802
0.000000
0.000000
0.000000
0.000000
0.000000
0.000000
-1.218236
0.518384
0.785472
-1.274421
0.561362
0.820601
0.000000
0.000000
0.000000
0.000000
0.000000
0.000000
0.000000
0.000000
0.000000
-1.342645
0.641898
0.971571
0.000000
0.000000
0.000000
0.000000
0.000000
0.000000
-1.747669
0.594346
0.853801
-1.777385
0.576299
0.860184
0.000000
0.000000
0.000000
0.000000
0.000000
0.000000
0.000000
0.000000
0.000000
-1.077617
0.964245
0.795576
0.000000
0.000000
0.000000
0.000000
0.000000
0.000000
-1.596481
0.510282
0.859491
-1.631022
0.512632
0.862171
0.000000
0.000000
0.000000
0.000000
0.000000
0.000000
-1.584920
0.860110
0.851393
-1.682365
0.780944
0.862622
0.000000
0.000000
0.000000
0.000000
0.000000
0.000000
0.000000
0.000000
0.000000
-1.312740
0.363494
0.732804
0.000000
0.000000
0.000000
0.000000
0.000000
0.000000
-1.624857
0.392966
0.931862
-1.680380
0.401900
0.868238
-1.328764
0.637949
0.788697
-1.283655
0.797855
0.776737
-1.379679
0.628461
0.802014
-1.318857
0.684066
0.810484
0.000000
0.000000
0.000000
0.000000
0.000000
0.000000
-1.439257
0.485908
1.045532
-1.560519
0.347861
0.936529
0.000000
0.000000
0.000000
0.000000
0.000000
0.000000
0.000000
0.000000
0.000000
-1.269663
0.843423
0.680264
0.000000
0.000000
0.000000
0.000000
0.000000
0.000000
-1.328894
0.975106
0.751870
-1.362288
1.038733
0.734076
0.000000
0.000000
0.000000
0.000000
0.000000
0.000000
-0.890464
0.758792
0.846301
-0.970285
0.622587
0.722708
0.000000
0.000000
0.000000
0.000000
0.000000
0.000000
-1.316481
0.597701
0.856159
-1.336530
0.513443
0.792608
0.000000
0.000000
0.000000
0.000000
0.000000
0.000000
-1.415817
0.837346
0.737856
-1.500103
0.647541
0.845741
0.000000
0.000000
0.000000
0.000000
0.000000
0.000000
-1.430105
1.157191
0.561048
-1.465521
1.236433
0.587756
-1.166645
0.725270
0.641328
-1.297721
0.613189
0.805642
-1.136692
0.735867
0.641328
-1.253948
0.661235
0.764111
0.000000
0.000000
0.000000
0.000000
0.000000
0.000000
-1.456310
0.802721
0.782294
-1.465294
0.898998
0.733597
0.000000
0.000000
0.000000
0.000000
0.000000
0.000000
-1.805245
0.334853
0.898676
-1.815652
0.344007
0.896670
0.000000
0.000000
0.000000
-1.288056
0.576002
0.635538
0.000000
0.000000
0.000000
-1.281577
0.577061
0.635538
0.000000
0.000000
0.000000
0.000000
0.000000
0.000000
-1.205871
1.027654
0.623654
-1.234890
0.995549
0.635308
0.000000
0.000000
0.000000
0.000000
0.000000
0.000000
0.000000
0.000000
0.000000
-1.212619
0.611821
0.699400
0.000000
0.000000
0.000000
0.000000
0.000000
0.000000
-1.293729
0.821661
0.767009
-1.380578
0.780603
0.855995
0.000000
0.000000
0.000000
0.000000
0.000000
0.000000
0.000000
0.000000
0.000000
-1.464920
0.623716
0.765184
0.000000
0.000000
0.000000
0.000000
0.000000
0.000000
-1.333583
1.037470
0.708366
-1.355055
0.928733
0.726912
0.000000
0.000000
0.000000
0.000000
0.000000
0.000000
-1.304956
0.530180
0.885935
-1.295708
0.567692
0.839340
0.000000
0.000000
0.000000
0.000000
0.000000
0.000000
0.000000
0.000000
0.000000
-1.139420
0.588736
0.607221
0.000000
0.000000
0.000000
0.000000
0.000000
0.000000
-1.343865
0.741658
0.773846
-1.352007
0.809757
0.745393
0.000000
0.000000
0.000000
0.000000
0.000000
0.000000
-1.173647
0.972198
0.545961
-1.160289
1.152943
0.532936
0.000000
0.000000
0.000000
0.000000
0.000000
0.000000
-1.156048
0.905295
0.668793
-1.197329
0.919651
0.709353
0.000000
0.000000
0.000000
0.000000
0.000000
0.000000
-1.455685
0.400916
0.695322
-1.363128
0.561400
0.898182
0.000000
0.000000
0.000000
0.000000
0.000000
0.000000
-1.265099
0.694647
1.245934
-1.302213
0.696390
1.001323
0.000000
0.000000
0.000000
0.000000
0.000000
0.000000
-1.342613
0.669009
0.808538
-1.359962
0.714880
0.792629
0.000000
0.000000
0.000000
0.000000
0.000000
0.000000
-1.284051
0.974368
0.673689
-1.330982
0.926966
0.596024
0.000000
0.000000
0.000000
0.000000
0.000000
0.000000
0.000000
0.000000
0.000000
-1.398059
0.716652
0.663361
0.000000
0.000000
0.000000
0.000000
0.000000
0.000000
-1.039480
1.286745
0.723921
-1.181685
1.328668
0.622492
0.000000
0.000000
0.000000
0.000000
0.000000
0.000000
-1.280883
0.879382
0.638118
-1.330443
0.930906
0.666361
0.000000
0.000000
0.000000
0.000000
0.000000
0.000000
0.000000
0.000000
0.000000
-1.395069
0.789833
0.747763
0.000000
0.000000
0.000000
0.000000
0.000000
0.000000
-1.165109
0.474486
0.684160
-1.264891
0.436644
0.898150
0.000000
0.000000
0.000000
0.000000
0.000000
0.000000
-1.190225
0.618471
0.731619
-1.298161
0.661876
0.789041
0.000000
0.000000
0.000000
0.000000
0.000000
0.000000
0.000000
0.000000
0.000000
-1.493365
0.561635
0.738691
0.000000
0.000000
0.000000
0.000000
0.000000
0.000000
0.000000
0.000000
0.000000
-1.334832
0.513918
0.727149
0.000000
0.000000
0.000000
0.000000
0.000000
0.000000
-1.208103
0.863031
0.703028
-1.202775
1.127234
0.657774
-1.140099
1.158134
0.689743
-1.214219
0.934765
0.690627
-1.175694
1.277361
0.695438
-1.259487
0.987234
0.681120
0.000000
0.000000
0.000000
0.000000
0.000000
0.000000
0.000000
0.000000
0.000000
-1.182163
0.581582
0.912179
0.000000
0.000000
0.000000
0.000000
0.000000
0.000000
-1.285825
1.076798
0.581980
-1.421914
0.862632
0.646257
0.000000
0.000000
0.000000
0.000000
0.000000
0.000000
-1.151867
0.632665
0.830656
-1.143970
0.845521
0.781212
0.000000
0.000000
0.000000
0.000000
0.000000
0.000000
-1.433980
0.450311
0.869162
-1.423519
0.422899
0.896057
0.000000
0.000000
0.000000
0.000000
0.000000
0.000000
-1.323780
0.771680
0.734408
-1.378640
0.794262
0.764368
0.000000
0.000000
0.000000
0.000000
0.000000
0.000000
-1.379326
0.701450
0.823256
-1.362753
0.727365
0.786480
0.000000
0.000000
0.000000
0.000000
0.000000
0.000000
0.000000
0.000000
0.000000
-0.948623
0.995558
0.605332
0.000000
0.000000
0.000000
0.000000
0.000000
0.000000
-1.322974
0.996961
0.872256
-1.411486
0.794489
0.912533
0.000000
0.000000
0.000000
0.000000
0.000000
0.000000
-1.234071
0.871208
1.021681
-1.184045
0.906679
0.848090
0.000000
0.000000
0.000000
0.000000
0.000000
0.000000
-1.167985
0.800531
0.718919
-1.165812
0.877649
0.736025
0.000000
0.000000
0.000000
0.000000
0.000000
0.000000
0.000000
0.000000
0.000000
-1.153765
0.582797
0.779142
0.000000
0.000000
0.000000
0.000000
0.000000
0.000000
-1.331480
0.550146
0.810256
-1.337445
0.517182
0.832747
0.000000
0.000000
0.000000
0.000000
0.000000
0.000000
-1.203440
0.986462
0.691768
-1.202242
1.179859
0.666979
0.000000
0.000000
0.000000
0.000000
0.000000
0.000000
-1.219191
1.357544
0.636404
-1.285155
1.232273
0.587128
0.000000
0.000000
0.000000
0.000000
0.000000
0.000000
-1.431544
0.574140
0.689318
-1.465747
0.943407
0.842106
0.000000
0.000000
0.000000
0.000000
0.000000
0.000000
-1.321105
0.861467
0.745017
-1.335155
0.950553
0.813952
0.000000
0.000000
0.000000
0.000000
0.000000
0.000000
0.000000
0.000000
0.000000
-1.351579
0.942726
0.675356
0.000000
0.000000
0.000000
0.000000
0.000000
0.000000
-1.543905
0.698419
0.813659
-1.571360
0.742401
0.807919
0.000000
0.000000
0.000000
-1.050161
0.800404
0.762453
0.000000
0.000000
0.000000
-1.042996
0.811179
0.762453
-1.426166
0.576392
0.850902
-1.415409
0.597648
0.832462
-1.431095
0.568565
0.850400
-1.407775
0.579657
0.837230
0.000000
0.000000
0.000000
0.000000
0.000000
0.000000
-0.990856
1.795069
0.620560
-1.196261
1.088906
0.479569
0.000000
0.000000
0.000000
0.000000
0.000000
0.000000
-1.332462
0.832066
0.756953
-1.455890
0.803599
0.812851
0.000000
0.000000
0.000000
0.000000
0.000000
0.000000
-1.271663
1.213325
0.791736
-1.210342
1.335537
0.701264
0.000000
0.000000
0.000000
0.000000
0.000000
0.000000
-1.427101
0.584110
0.834329
-1.402691
0.694510
0.818038
0.000000
0.000000
0.000000
0.000000
0.000000
0.000000
-1.318829
1.042027
0.605151
-1.381715
1.038561
0.537516
0.000000
0.000000
0.000000
0.000000
0.000000
0.000000
-1.312859
0.484701
0.813003
-1.243504
0.435662
0.811918
0.000000
0.000000
0.000000
0.000000
0.000000
0.000000
-1.299099
0.820154
0.780280
-1.346380
0.736930
0.742131
0.000000
0.000000
0.000000
0.000000
0.000000
0.000000
-1.293729
0.381496
0.763557
-1.210110
0.525124
0.927706
0.000000
0.000000
0.000000
0.000000
0.000000
0.000000
-1.454680
0.441269
0.868902
-1.487684
0.442493
0.870507
0.000000
0.000000
0.000000
0.000000
0.000000
0.000000
-1.191494
1.068867
0.591170
-1.243102
1.056584
0.654871
0.000000
0.000000
0.000000
0.000000
0.000000
0.000000
-1.180839
0.966407
0.777958
-1.316613
0.838134
0.765741
0.000000
0.000000
0.000000
0.000000
0.000000
0.000000
-1.346144
0.536735
0.829298
-1.355149
0.552605
0.827161
0.000000
0.000000
0.000000
0.000000
0.000000
0.000000
-1.145948
1.020533
0.678202
-1.200878
0.822472
0.650366
0.000000
0.000000
0.000000
0.000000
0.000000
0.000000
-1.309955
0.935637
0.702245
-1.379713
0.797653
0.697972
0.000000
0.000000
0.000000
0.000000
0.000000
0.000000
0.000000
0.000000
0.000000
-1.019983
1.089279
0.783974
0.000000
0.000000
0.000000
0.000000
0.000000
0.000000
-1.215815
0.751432
0.911288
-1.343516
0.635291
0.869713
0.000000
0.000000
0.000000
0.000000
0.000000
0.000000
-1.313884
0.752554
0.773837
-1.332391
0.805948
0.781146
0.000000
0.000000
0.000000
0.000000
0.000000
0.000000
0.000000
0.000000
0.000000
-1.224235
0.702209
0.746731
0.000000
0.000000
0.000000
0.000000
0.000000
0.000000
-1.030464
1.102838
0.728149
-1.037475
0.931537
0.611560
0.000000
0.000000
0.000000
0.000000
0.000000
0.000000
-1.097863
0.761891
0.803764
-1.142760
0.657003
0.851510
0.000000
0.000000
0.000000
0.000000
0.000000
0.000000
-1.364385
0.524670
0.882916
-1.401339
0.511934
0.859742
0.000000
0.000000
0.000000
0.000000
0.000000
0.000000
-1.247758
1.335154
0.432726
-1.347673
1.194971
0.468424
0.000000
0.000000
0.000000
0.000000
0.000000
0.000000
-1.083804
0.701463
0.798587
-1.066709
1.046271
0.765121
0.000000
0.000000
0.000000
0.000000
0.000000
0.000000
-1.180913
1.301713
0.896793
-1.295342
0.951478
0.783051
0.000000
0.000000
0.000000
0.000000
0.000000
0.000000
-1.621950
0.658862
0.830558
-1.646911
0.662728
0.829381
-1.133738
0.729696
0.844941
-1.116513
0.697758
0.780201
-1.182393
0.632689
0.808891
-1.116902
0.679200
0.795276
0.000000
0.000000
0.000000
0.000000
0.000000
0.000000
0.000000
0.000000
0.000000
-1.224538
0.737016
0.717111
0.000000
0.000000
0.000000
0.000000
0.000000
0.000000
-1.120208
0.823979
0.678662
-1.145135
0.818512
0.679297
0.000000
0.000000
0.000000
0.000000
0.000000
0.000000
0.000000
0.000000
0.000000
-1.198742
0.895777
0.734132
0.000000
0.000000
0.000000
0.000000
0.000000
0.000000
-1.317808
1.184334
0.609012
-1.326138
1.315262
0.503476
0.000000
0.000000
0.000000
0.000000
0.000000
0.000000
-1.454908
1.152916
0.559039
-1.507561
1.184240
0.597814
0.000000
0.000000
0.000000
0.000000
0.000000
0.000000
-1.208022
0.596402
0.600520
-1.080113
0.671482
0.686658
0.000000
0.000000
0.000000
0.000000
0.000000
0.000000
-1.483585
0.580574
0.664167
-1.484940
0.617330
0.912246
0.000000
0.000000
0.000000
0.000000
0.000000
0.000000
-1.479480
0.441988
0.922330
-1.432211
0.445824
0.867557
0.000000
0.000000
0.000000
0.000000
0.000000
0.000000
-1.669907
0.891933
0.765916
-1.694126
0.885770
0.772627
0.000000
0.000000
0.000000
0.000000
0.000000
0.000000
-1.174527
0.936206
0.784274
-1.240686
0.851790
0.860643
0.000000
0.000000
0.000000
0.000000
0.000000
0.000000
0.000000
0.000000
0.000000
-1.105900
0.663724
0.588520
0.000000
0.000000
0.000000
0.000000
0.000000
0.000000
-1.696915
0.419227
0.911463
-1.669851
0.541761
0.886595
0.000000
0.000000
0.000000
0.000000
0.000000
0.000000
-1.142474
0.674685
0.759010
-1.201015
0.601303
0.718499
0.000000
0.000000
0.000000
0.000000
0.000000
0.000000
-1.271502
0.610139
0.807955
-1.297635
0.561592
0.823750
0.000000
0.000000
0.000000
0.000000
0.000000
0.000000
-1.334740
0.978670
0.712744
-1.382728
0.992319
0.693816
0.000000
0.000000
0.000000
0.000000
0.000000
0.000000
-1.434022
0.698999
0.781515
-1.485945
0.672014
0.800724
0.000000
0.000000
0.000000
0.000000
0.000000
0.000000
-1.105519
1.056372
0.549123
-1.150928
1.130789
0.548802
0.000000
0.000000
0.000000
0.000000
0.000000
0.000000
-1.482488
0.938195
0.714680
-1.518065
0.955128
0.723723
0.000000
0.000000
0.000000
0.000000
0.000000
0.000000
-1.555160
0.311991
0.888867
-1.565582
0.313457
0.889092
0.000000
0.000000
0.000000
0.000000
0.000000
0.000000
-1.308560
0.625561
0.691453
-1.459973
0.536573
1.167868
0.000000
0.000000
0.000000
0.000000
0.000000
0.000000
-1.312768
0.475561
0.846078
-1.370169
0.498030
0.858605
0.000000
0.000000
0.000000
0.000000
0.000000
0.000000
-1.213057
0.651369
0.748829
-1.179487
0.670057
0.765542
0.000000
0.000000
0.000000
0.000000
0.000000
0.000000
-1.321909
0.408570
0.863237
-1.372877
0.370845
0.880612
0.000000
0.000000
0.000000
0.000000
0.000000
0.000000
-1.415455
1.202761
0.538212
-1.449804
1.238868
0.531359
0.000000
0.000000
0.000000
0.000000
0.000000
0.000000
-1.221221
0.710334
0.627480
-1.342021
0.658936
0.882852
0.000000
0.000000
0.000000
0.000000
0.000000
0.000000
0.000000
0.000000
0.000000
-1.456115
0.491489
0.807156
0.000000
0.000000
0.000000
0.000000
0.000000
0.000000
-1.191244
0.835320
0.813399
-1.270930
0.707879
0.861393
0.000000
0.000000
0.000000
0.000000
0.000000
0.000000
-1.239131
1.095527
0.694161
-1.290955
1.032160
0.768627
0.000000
0.000000
0.000000
0.000000
0.000000
0.000000
-1.576123
0.779677
0.783320
-1.600209
0.774530
0.796499
0.000000
0.000000
0.000000
-1.281126
0.872882
0.773415
0.000000
0.000000
0.000000
-1.260088
0.884311
0.773415
0.000000
0.000000
0.000000
0.000000
0.000000
0.000000
-1.375227
0.702950
0.827351
-1.383266
0.858809
0.834815
0.000000
0.000000
0.000000
0.000000
0.000000
0.000000
-0.755639
1.861786
0.690501
-0.989515
0.998839
0.550864
0.000000
0.000000
0.000000
0.000000
0.000000
0.000000
-0.970565
0.700547
0.705802
-0.927181
0.720463
0.693465
0.000000
0.000000
0.000000
0.000000
0.000000
0.000000
-1.324960
1.123686
0.624787
-1.365902
1.144771
0.565267
0.000000
0.000000
0.000000
0.000000
0.000000
0.000000
-1.449953
0.253368
0.903965
-1.500807
0.275984
0.903535
0.000000
0.000000
0.000000
0.000000
0.000000
0.000000
0.000000
0.000000
0.000000
-1.309159
0.781420
0.752082
0.000000
0.000000
0.000000
0.000000
0.000000
0.000000
0.000000
0.000000
0.000000
-1.484451
0.573442
0.660396
0.000000
0.000000
0.000000
0.000000
0.000000
0.000000
-1.274590
0.874861
0.702041
-1.253976
1.041136
0.691364
0.000000
0.000000
0.000000
0.000000
0.000000
0.000000
-1.191485
0.643329
0.784747
-1.238902
0.605180
0.820583
0.000000
0.000000
0.000000
0.000000
0.000000
0.000000
-1.033916
0.517383
0.743815
-1.111858
0.513043
0.826126
0.000000
0.000000
0.000000
0.000000
0.000000
0.000000
-1.216823
1.097594
0.775502
-1.308054
1.098831
0.676814
0.000000
0.000000
0.000000
0.000000
0.000000
0.000000
-1.188796
0.377267
0.917457
-1.254814
0.519101
0.884797
-1.286831
0.710426
0.963655
-1.308445
0.647311
0.823133
-1.283904
0.777440
0.906725
-1.274337
0.678120
0.815001
0.000000
0.000000
0.000000
0.000000
0.000000
0.000000
-1.270617
0.681706
0.657946
-1.224928
0.713719
0.747521
0.000000
0.000000
0.000000
0.000000
0.000000
0.000000
-1.413909
0.567231
0.999690
-1.445297
0.522370
0.885527
0.000000
0.000000
0.000000
0.000000
0.000000
0.000000
-1.218708
0.511508
0.915846
-1.258564
0.588192
0.915317
0.000000
0.000000
0.000000
0.000000
0.000000
0.000000
-1.248563
1.040941
0.577145
-1.308325
1.131600
0.632576
0.000000
0.000000
0.000000
0.000000
0.000000
0.000000
-1.229364
0.411031
0.895498
-1.332663
0.509101
0.878295
0.000000
0.000000
0.000000
-1.335560
0.426004
0.803547
0.000000
0.000000
0.000000
-1.297114
0.441767
0.798507
0.000000
0.000000
0.000000
0.000000
0.000000
0.000000
-1.239547
0.855063
0.580604
-1.185796
1.073704
0.563832
0.000000
0.000000
0.000000
0.000000
0.000000
0.000000
-1.161031
0.782922
0.707642
-1.201115
0.938299
0.763007
0.000000
0.000000
0.000000
0.000000
0.000000
0.000000
-1.103999
0.936124
0.690090
-1.225873
0.968971
0.615598
0.000000
0.000000
0.000000
-1.288674
0.625664
0.833987
0.000000
0.000000
0.000000
-1.281250
0.626815
0.833987
0.000000
0.000000
0.000000
0.000000
0.000000
0.000000
0.000000
0.000000
0.000000
-1.216485
0.610702
0.762541
0.000000
0.000000
0.000000
0.000000
0.000000
0.000000
-1.364733
0.800828
0.724140
-1.376880
1.245216
0.757723
0.000000
0.000000
0.000000
0.000000
0.000000
0.000000
0.000000
0.000000
0.000000
-1.230812
0.628934
0.715597
0.000000
0.000000
0.000000
0.000000
0.000000
0.000000
-1.261447
1.200696
0.638215
-1.349402
1.381608
0.628952
0.000000
0.000000
0.000000
0.000000
0.000000
0.000000
0.000000
0.000000
0.000000
-1.236216
0.711865
0.914005
0.000000
0.000000
0.000000
0.000000
0.000000
0.000000
-1.345046
0.751981
0.726782
-1.395391
0.890315
0.836166
0.000000
0.000000
0.000000
0.000000
0.000000
0.000000
-1.180666
0.748515
0.819948
-1.270728
0.630292
0.799731
0.000000
0.000000
0.000000
0.000000
0.000000
0.000000
-1.320916
0.809393
0.741657
-1.373335
0.781903
0.758690
0.000000
0.000000
0.000000
0.000000
0.000000
0.000000
-1.833828
0.400372
0.905002
-1.826853
0.464688
0.886136
0.000000
0.000000
0.000000
0.000000
0.000000
0.000000
-1.289261
0.453401
0.919607
-1.322283
0.542843
0.915196
0.000000
0.000000
0.000000
0.000000
0.000000
0.000000
-1.046691
0.984010
0.722146
-1.212909
0.895821
0.589602
0.000000
0.000000
0.000000
0.000000
0.000000
0.000000
0.000000
0.000000
0.000000
-1.330697
0.467783
0.676699
0.000000
0.000000
0.000000
0.000000
0.000000
0.000000
-1.324009
0.804787
0.781986
-1.354730
0.804302
0.823048
0.000000
0.000000
0.000000
0.000000
0.000000
0.000000
-1.321314
1.193917
0.752945
-1.350403
1.067921
0.788744
0.000000
0.000000
0.000000
0.000000
0.000000
0.000000
-1.651869
0.279134
1.305773
-1.725105
0.299214
1.058179
0.000000
0.000000
0.000000
0.000000
0.000000
0.000000
-1.177378
0.545191
0.872971
-1.313434
0.527458
0.859207
0.000000
0.000000
0.000000
0.000000
0.000000
0.000000
-1.367715
0.659741
0.617226
-1.417090
0.646783
0.979954
0.000000
0.000000
0.000000
0.000000
0.000000
0.000000
0.000000
0.000000
0.000000
-1.070312
0.778128
0.697871
0.000000
0.000000
0.000000
0.000000
0.000000
0.000000
-1.384631
0.671884
0.765640
-1.391043
0.769343
0.732481
0.000000
0.000000
0.000000
0.000000
0.000000
0.000000
-1.079852
1.404183
0.697420
-1.162289
1.061595
0.671548
0.000000
0.000000
0.000000
0.000000
0.000000
0.000000
0.000000
0.000000
0.000000
-1.178478
0.525463
0.774833
0.000000
0.000000
0.000000
0.000000
0.000000
0.000000
-1.019547
0.970540
0.691227
-1.209037
0.753062
0.744163
0.000000
0.000000
0.000000
0.000000
0.000000
0.000000
-1.253757
1.151656
0.743874
-1.326191
1.167616
0.573467
0.000000
0.000000
0.000000
0.000000
0.000000
0.000000
-1.444233
0.760539
0.786392
-1.470216
0.764394
0.786316
0.000000
0.000000
0.000000
0.000000
0.000000
0.000000
-1.237235
0.888990
0.705944
-1.268156
1.134688
0.804396
0.000000
0.000000
0.000000
0.000000
0.000000
0.000000
0.000000
0.000000
0.000000
-1.225109
0.589968
0.722590
0.000000
0.000000
0.000000
0.000000
0.000000
0.000000
-1.120470
0.828679
0.686046
-1.152218
0.798887
0.663680
0.000000
0.000000
0.000000
0.000000
0.000000
0.000000
0.000000
0.000000
0.000000
-0.932301
1.071524
0.549690
0.000000
0.000000
0.000000
0.000000
0.000000
0.000000
-1.067721
0.614706
0.638092
-1.126434
0.768211
0.767729
-1.591320
0.320114
0.881369
-1.598869
0.293980
0.892059
-1.560340
0.313262
0.887501
-1.555899
0.290010
0.893084
0.000000
0.000000
0.000000
0.000000
0.000000
0.000000
-1.207392
0.602994
0.735170
-1.280394
0.617757
0.730202
0.000000
0.000000
0.000000
0.000000
0.000000
0.000000
-1.122047
0.839822
0.754683
-1.160359
0.933392
0.790408
0.000000
0.000000
0.000000
0.000000
0.000000
0.000000
-1.374922
0.869156
0.740289
-1.415310
0.828771
0.736811
0.000000
0.000000
0.000000
0.000000
0.000000
0.000000
-1.471821
0.474669
0.916407
-1.445954
0.721226
0.834762
0.000000
0.000000
0.000000
0.000000
0.000000
0.000000
-1.307703
0.935386
0.745385
-1.351567
1.090261
0.696378
0.000000
0.000000
0.000000
0.000000
0.000000
0.000000
-1.083987
1.163689
0.511748
-1.226847
1.157978
0.579519
-1.600935
0.344856
0.925427
-1.606402
0.484500
0.906474
-1.595349
0.341968
0.925427
-1.576816
0.491017
0.908693
0.000000
0.000000
0.000000
-1.411268
0.499550
0.831203
0.000000
0.000000
0.000000
-1.368630
0.506757
0.831203
0.000000
0.000000
0.000000
0.000000
0.000000
0.000000
-1.522516
0.478402
0.677980
-1.444958
0.678928
0.935714
0.000000
0.000000
0.000000
0.000000
0.000000
0.000000
-1.117163
0.717238
0.760787
-1.150409
0.640015
0.769048
0.000000
0.000000
0.000000
0.000000
0.000000
0.000000
-1.182307
0.786594
0.739425
-1.264213
0.864403
0.769692
0.000000
0.000000
0.000000
0.000000
0.000000
0.000000
-1.183062
0.788049
0.756722
-1.197115
0.787255
0.693302
0.000000
0.000000
0.000000
0.000000
0.000000
0.000000
-1.272168
1.028365
0.633495
-1.286759
1.073124
0.673660
0.000000
0.000000
0.000000
0.000000
0.000000
0.000000
-1.319659
0.861364
0.608095
-1.393844
0.773405
0.743438
0.000000
0.000000
0.000000
0.000000
0.000000
0.000000
-1.369736
0.830410
0.816725
-1.483904
0.804262
0.731675
0.000000
0.000000
0.000000
0.000000
0.000000
0.000000
-1.217892
0.958211
0.682571
-1.270513
0.924365
0.672008
0.000000
0.000000
0.000000
0.000000
0.000000
0.000000
0.000000
0.000000
0.000000
-1.039772
0.840285
0.750002
0.000000
0.000000
0.000000
0.000000
0.000000
0.000000
-1.697321
0.669609
0.820881
-1.746277
0.650296
0.845106
0.000000
0.000000
0.000000
0.000000
0.000000
0.000000
-1.456700
1.008581
0.679454
-1.453008
1.081983
0.673810
0.000000
0.000000
0.000000
-0.937882
1.288000
0.662321
0.000000
0.000000
0.000000
-0.976949
0.919769
0.684773
0.000000
0.000000
0.000000
0.000000
0.000000
0.000000
-1.527013
0.712983
0.820540
-1.546980
0.753736
0.807381
0.000000
0.000000
0.000000
0.000000
0.000000
0.000000
0.000000
0.000000
0.000000
-1.012513
0.791117
0.856985
0.000000
0.000000
0.000000
0.000000
0.000000
0.000000
-1.076349
0.748555
0.684144
-1.181871
0.607478
0.790258
0.000000
0.000000
0.000000
0.000000
0.000000
0.000000
-1.368721
0.869236
0.713406
-1.425038
0.874590
0.712553
0.000000
0.000000
0.000000
0.000000
0.000000
0.000000
0.000000
0.000000
0.000000
-1.561155
0.457135
0.894940
0.000000
0.000000
0.000000
0.000000
0.000000
0.000000
0.000000
0.000000
0.000000
-1.432248
1.012332
0.709600
0.000000
0.000000
0.000000
0.000000
0.000000
0.000000
-1.177097
0.964090
0.608711
-1.193697
1.099979
0.557862
0.000000
0.000000
0.000000
0.000000
0.000000
0.000000
-1.200876
0.964292
0.648120
-1.246852
0.961933
0.670831
-1.213085
0.691222
0.714635
-1.268093
0.602919
0.662295
-1.205986
0.698751
0.714635
-1.279288
0.583854
0.676136
0.000000
0.000000
0.000000
0.000000
0.000000
0.000000
0.000000
0.000000
0.000000
-1.303825
0.674187
0.714580
0.000000
0.000000
0.000000
0.000000
0.000000
0.000000
-1.559842
0.996077
0.702790
-1.589657
1.032955
0.709743
0.000000
0.000000
0.000000
0.000000
0.000000
0.000000
-1.353561
0.522994
0.885387
-1.407817
0.532463
0.880869
0.000000
0.000000
0.000000
0.000000
0.000000
0.000000
0.000000
0.000000
0.000000
-1.217285
0.602800
0.672918
0.000000
0.000000
0.000000
0.000000
0.000000
0.000000
-1.274732
1.171922
0.493380
-1.347117
1.045375
0.544227
0.000000
0.000000
0.000000
0.000000
0.000000
0.000000
-1.159545
1.024907
0.598665
-1.219648
1.021252
0.598681
-1.310839
0.836507
0.863402
-1.428482
0.584082
0.795252
-1.244747
0.855022
0.863402
-1.365285
0.578990
0.795923
0.000000
0.000000
0.000000
0.000000
0.000000
0.000000
-1.498700
0.868427
0.684200
-1.520678
0.732181
0.815213
0.000000
0.000000
0.000000
0.000000
0.000000
0.000000
-1.187299
1.227479
0.543496
-1.288435
1.130906
0.578738
0.000000
0.000000
0.000000
0.000000
0.000000
0.000000
-1.379714
0.680249
0.795929
-1.357669
0.827368
0.778437
0.000000
0.000000
0.000000
0.000000
0.000000
0.000000
-1.457928
0.536040
0.840175
-1.531013
0.502616
0.845081
0.000000
0.000000
0.000000
0.000000
0.000000
0.000000
-1.312415
0.668978
0.844894
-1.328403
0.721889
0.806962
0.000000
0.000000
0.000000
0.000000
0.000000
0.000000
0.000000
0.000000
0.000000
-1.250203
0.667267
0.614387
0.000000
0.000000
0.000000
-0.971379
0.959701
0.889765
0.000000
0.000000
0.000000
-0.948202
0.965757
0.889765
0.000000
0.000000
0.000000
0.000000
0.000000
0.000000
-1.472402
0.820422
0.792128
-1.513202
0.772471
0.795755
0.000000
0.000000
0.000000
0.000000
0.000000
0.000000
-1.627614
0.488985
0.822246
-1.621431
0.577138
0.827656
0.000000
0.000000
0.000000
0.000000
0.000000
0.000000
-1.424995
0.651787
0.768413
-1.495512
0.576522
0.803258
-1.046601
1.023762
0.787610
-1.188312
0.990777
0.698409
-1.051933
1.033864
0.787610
-1.213588
0.992981
0.698834
0.000000
0.000000
0.000000
0.000000
0.000000
0.000000
-1.520865
0.839823
0.741027
-1.527939
0.924575
0.764675
-1.199073
0.717595
0.676272
-1.250126
0.556289
0.772254
-1.197907
0.717734
0.676272
-1.245846
0.556316
0.772254
-1.287843
0.389074
0.875641
-1.178437
0.513743
0.858415
-1.269565
0.401805
0.870854
-1.160277
0.507315
0.860961
0.000000
0.000000
0.000000
0.000000
0.000000
0.000000
-1.131428
1.071432
0.626375
-1.131112
1.030752
0.671177
-1.291321
0.539673
0.644947
-1.203481
0.704130
0.834486
-1.235492
0.582441
0.622290
-1.106063
0.850455
0.809771
0.000000
0.000000
0.000000
0.000000
0.000000
0.000000
0.000000
0.000000
0.000000
-1.207111
0.708395
0.774254
0.000000
0.000000
0.000000
0.000000
0.000000
0.000000
-1.168392
0.810193
0.693510
-1.213307
0.779205
0.669478
0.000000
0.000000
0.000000
0.000000
0.000000
0.000000
-1.443750
0.737334
0.777975
-1.543623
0.562629
0.786115
0.000000
0.000000
0.000000
0.000000
0.000000
0.000000
-1.360481
0.723403
0.821714
-1.389966
0.711857
0.819515
-1.370813
0.659431
0.925630
-1.248510
0.800098
0.812941
-1.360533
0.659966
0.925630
-1.229043
0.796275
0.812941
0.000000
0.000000
0.000000
0.000000
0.000000
0.000000
-1.178899
1.244145
0.796802
-1.295824
0.936110
0.808062
0.000000
0.000000
0.000000
0.000000
0.000000
0.000000
0.000000
0.000000
0.000000
-1.259967
0.502504
0.620387
0.000000
0.000000
0.000000
0.000000
0.000000
0.000000
0.000000
0.000000
0.000000
-0.938543
1.436286
0.713031
0.000000
0.000000
0.000000
0.000000
0.000000
0.000000
-1.014568
0.887077
0.902518
-1.113213
0.582912
0.781726
0.000000
0.000000
0.000000
0.000000
0.000000
0.000000
-1.353013
0.517901
0.817842
-1.336640
0.490472
0.825688
0.000000
0.000000
0.000000
0.000000
0.000000
0.000000
-1.425848
1.153282
0.601975
-1.466766
1.099057
0.612665
0.000000
0.000000
0.000000
0.000000
0.000000
0.000000
-0.922386
1.140002
0.858827
-0.931288
1.102482
0.753412
0.000000
0.000000
0.000000
0.000000
0.000000
0.000000
-1.263473
0.945857
0.742275
-1.412810
0.653565
0.808880
0.000000
0.000000
0.000000
0.000000
0.000000
0.000000
0.000000
0.000000
0.000000
-1.499096
0.397053
0.711042
-1.199994
0.929062
0.660015
-1.266973
0.776982
0.785871
-1.093077
1.027862
0.665885
-1.105025
1.038759
0.606163
0.000000
0.000000
0.000000
0.000000
0.000000
0.000000
-1.499481
0.594597
0.873563
-1.475093
0.665682
0.829846
0.000000
0.000000
0.000000
0.000000
0.000000
0.000000
-1.039129
0.823587
0.635949
-1.165973
0.668014
0.746508
0.000000
0.000000
0.000000
0.000000
0.000000
0.000000
-1.212121
0.896568
0.669349
-1.159225
0.986297
0.740081
0.000000
0.000000
0.000000
0.000000
0.000000
0.000000
-1.311537
0.595909
0.850150
-1.333871
0.672234
0.822762
0.000000
0.000000
0.000000
0.000000
0.000000
0.000000
-1.321642
0.829420
0.698689
-1.346475
0.969968
0.713819
0.000000
0.000000
0.000000
0.000000
0.000000
0.000000
0.000000
0.000000
0.000000
-1.180381
0.826451
0.726352
0.000000
0.000000
0.000000
0.000000
0.000000
0.000000
-1.153411
0.481892
0.913509
-1.174960
0.452355
0.835377
-1.223529
0.631102
0.682273
-1.292093
0.462636
0.944941
-1.191133
0.640951
0.682273
-1.287173
0.463360
0.953268
0.000000
0.000000
0.000000
0.000000
0.000000
0.000000
-1.542172
0.447762
0.872802
-1.539618
0.425522
0.879894
0.000000
0.000000
0.000000
0.000000
0.000000
0.000000
0.000000
0.000000
0.000000
-1.210062
0.646861
0.809302
0.000000
0.000000
0.000000
0.000000
0.000000
0.000000
-1.138131
1.123264
0.463436
-1.227966
1.100068
0.489232
-1.158749
0.762406
0.875071
-1.190202
0.749632
0.834245
-1.146902
0.710455
0.884786
-1.169264
0.696071
0.843121
0.000000
0.000000
0.000000
0.000000
0.000000
0.000000
0.000000
0.000000
0.000000
-1.147611
0.731318
0.881523
-1.436095
0.449893
0.701412
-1.356117
0.530020
0.993111
-1.435912
0.452029
0.701412
-1.352042
0.528935
0.993111
0.000000
0.000000
0.000000
0.000000
0.000000
0.000000
-0.968490
1.379458
0.705425
-1.121256
1.260968
0.655919
0.000000
0.000000
0.000000
0.000000
0.000000
0.000000
-1.628034
0.588798
0.847324
-1.656378
0.595469
0.844566
0.000000
0.000000
0.000000
0.000000
0.000000
0.000000
-1.277622
1.011919
0.593409
-1.314529
0.962068
0.632103
0.000000
0.000000
0.000000
0.000000
0.000000
0.000000
-1.079835
0.977959
0.565728
-1.125031
0.977064
0.643802
0.000000
0.000000
0.000000
0.000000
0.000000
0.000000
-1.413629
0.661533
0.682144
-1.463882
0.679340
0.800375
0.000000
0.000000
0.000000
0.000000
0.000000
0.000000
-1.572587
0.349290
0.914144
-1.583936
0.348945
0.897268
0.000000
0.000000
0.000000
0.000000
0.000000
0.000000
0.000000
0.000000
0.000000
-1.090548
0.762264
0.661748
0.000000
0.000000
0.000000
0.000000
0.000000
0.000000
-1.181488
0.737749
0.783533
-1.322885
0.521961
0.830813
0.000000
0.000000
0.000000
0.000000
0.000000
0.000000
-1.318636
0.510373
0.752626
-1.216470
0.540001
0.707941
0.000000
0.000000
0.000000
0.000000
0.000000
0.000000
-1.228012
0.833765
0.748055
-1.228798
0.938406
0.701559
0.000000
0.000000
0.000000
0.000000
0.000000
0.000000
-1.089818
0.686008
0.779615
-1.158610
0.720356
0.788884
0.000000
0.000000
0.000000
0.000000
0.000000
0.000000
-1.399497
0.753904
0.788772
-1.465383
0.750498
0.823401
0.000000
0.000000
0.000000
0.000000
0.000000
0.000000
0.000000
0.000000
0.000000
-1.339680
0.690274
0.722712
-1.223286
0.520516
0.860102
-1.239280
0.516388
0.842194
-1.239521
0.518439
0.851548
-1.251843
0.518725
0.840240
0.000000
0.000000
0.000000
0.000000
0.000000
0.000000
-1.407011
0.481614
0.796003
-1.489039
0.442629
0.864246
0.000000
0.000000
0.000000
0.000000
0.000000
0.000000
-1.037455
0.564119
0.795372
-1.033176
0.575196
0.888693
0.000000
0.000000
0.000000
0.000000
0.000000
0.000000
-1.136658
0.622957
0.848869
-1.242936
0.533293
1.012953
-1.164186
1.013131
0.607586
-1.189386
0.998169
0.574778
-1.235715
0.901751
0.681757
-1.268944
0.949338
0.645914
0.000000
0.000000
0.000000
0.000000
0.000000
0.000000
-1.140334
0.583237
0.736891
-1.122195
0.687734
0.873883
0.000000
0.000000
0.000000
0.000000
0.000000
0.000000
0.000000
0.000000
0.000000
-1.299531
0.636460
0.587140
0.000000
0.000000
0.000000
0.000000
0.000000
0.000000
-1.412527
0.430312
0.979581
-1.539395
0.380243
0.921135
0.000000
0.000000
0.000000
0.000000
0.000000
0.000000
-1.329251
0.689651
0.758139
-1.265326
0.766938
0.783923
0.000000
0.000000
0.000000
0.000000
0.000000
0.000000
-1.284009
0.762535
0.685392
-1.319732
0.931397
0.663566
0.000000
0.000000
0.000000
0.000000
0.000000
0.000000
-1.334530
0.620242
0.820622
-1.385506
0.603341
0.819574
0.000000
0.000000
0.000000
0.000000
0.000000
0.000000
-1.071682
1.182758
0.759939
-1.205926
0.992838
0.690610
0.000000
0.000000
0.000000
0.000000
0.000000
0.000000
-1.359158
0.397925
0.881226
-1.378465
0.434437
0.865640
0.000000
0.000000
0.000000
0.000000
0.000000
0.000000
0.000000
0.000000
0.000000
-1.293023
0.667583
0.807924
0.000000
0.000000
0.000000
0.000000
0.000000
0.000000
-1.145460
0.630550
0.832612
-1.166372
0.730738
0.776824
0.000000
0.000000
0.000000
0.000000
0.000000
0.000000
-1.305575
0.911848
0.712907
-1.353023
0.945864
0.714126
0.000000
0.000000
0.000000
0.000000
0.000000
0.000000
0.000000
0.000000
0.000000
-1.299328
0.643965
0.763124
-1.438431
0.623504
0.836347
-1.459780
0.636706
0.844242
-1.388641
0.623074
0.832902
-1.376298
0.652981
0.835277
0.000000
0.000000
0.000000
0.000000
0.000000
0.000000
-1.236173
0.873960
0.734752
-1.290595
0.742472
0.791267
0.000000
0.000000
0.000000
0.000000
0.000000
0.000000
-1.414986
1.097511
0.636224
-1.480338
1.009645
0.676270
0.000000
0.000000
0.000000
0.000000
0.000000
0.000000
-1.569807
0.447347
0.878372
-1.580907
0.438226
0.856723
0.000000
0.000000
0.000000
0.000000
0.000000
0.000000
-1.162168
0.823695
0.671001
-1.168329
1.070270
0.669478
0.000000
0.000000
0.000000
0.000000
0.000000
0.000000
0.000000
0.000000
0.000000
-1.193630
0.877328
0.783303
0.000000
0.000000
0.000000
0.000000
0.000000
0.000000
-1.070289
1.165073
0.813169
-1.227518
0.929467
0.758822
0.000000
0.000000
0.000000
0.000000
0.000000
0.000000
-1.224929
0.912167
0.634531
-1.372455
0.740322
0.824329
0.000000
0.000000
0.000000
0.000000
0.000000
0.000000
-1.548068
0.479017
0.861569
-1.600360
0.521034
0.858123
0.000000
0.000000
0.000000
0.000000
0.000000
0.000000
-1.483379
0.456783
0.869574
-1.515650
0.446285
0.864735
0.000000
0.000000
0.000000
0.000000
0.000000
0.000000
-1.145343
1.052622
0.696716
-1.270870
0.812578
0.720581
0.000000
0.000000
0.000000
0.000000
0.000000
0.000000
-1.352578
0.352599
0.879895
-1.484045
0.338218
0.889959
0.000000
0.000000
0.000000
0.000000
0.000000
0.000000
-1.492888
0.942918
0.728183
-1.514008
0.938737
0.725598
0.000000
0.000000
0.000000
0.000000
0.000000
0.000000
-1.351873
1.061403
0.741313
-1.371277
0.937716
0.742115
0.000000
0.000000
0.000000
0.000000
0.000000
0.000000
-1.432595
0.995520
0.723306
-1.476381
0.987064
0.725560
0.000000
0.000000
0.000000
0.000000
0.000000
0.000000
-1.275946
1.011470
0.677114
-1.337878
0.936070
0.684963
0.000000
0.000000
0.000000
0.000000
0.000000
0.000000
-1.248268
0.830024
0.711621
-1.257063
0.830104
0.859423
0.000000
0.000000
0.000000
0.000000
0.000000
0.000000
-1.442050
0.649168
0.753794
-1.479442
0.802024
0.816731
0.000000
0.000000
0.000000
0.000000
0.000000
0.000000
-1.223560
0.645610
0.638491
-1.340498
0.570012
0.862724
0.000000
0.000000
0.000000
0.000000
0.000000
0.000000
-1.130528
0.907011
0.830012
-1.194617
0.884638
0.709190
0.000000
0.000000
0.000000
0.000000
0.000000
0.000000
0.000000
0.000000
0.000000
-1.170046
0.637257
0.747414
0.000000
0.000000
0.000000
0.000000
0.000000
0.000000
-1.512275
0.766916
0.713405
-1.552527
0.917751
0.841582
0.000000
0.000000
0.000000
0.000000
0.000000
0.000000
-1.471898
0.738102
0.809115
-1.493105
0.762446
0.801033
0.000000
0.000000
0.000000
0.000000
0.000000
0.000000
-1.630482
0.366523
1.037664
-1.649845
0.423103
0.916495
0.000000
0.000000
0.000000
0.000000
0.000000
0.000000
-1.454700
0.542646
0.896103
-1.495130
0.561032
0.880203
0.000000
0.000000
0.000000
0.000000
0.000000
0.000000
0.000000
0.000000
0.000000
-1.084811
0.735541
0.691949
0.000000
0.000000
0.000000
0.000000
0.000000
0.000000
-1.309842
0.720086
0.740333
-1.302592
0.658076
0.776485
0.000000
0.000000
0.000000
0.000000
0.000000
0.000000
-1.463702
1.105082
0.674275
-1.502394
1.100919
0.661584
0.000000
0.000000
0.000000
0.000000
0.000000
0.000000
-1.056875
0.719906
0.707541
-1.150801
0.585846
0.665491
0.000000
0.000000
0.000000
0.000000
0.000000
0.000000
-1.147950
0.840965
0.767663
-1.149605
1.009191
0.609456
0.000000
0.000000
0.000000
0.000000
0.000000
0.000000
0.000000
0.000000
0.000000
-1.156006
0.699012
0.770436
-1.247701
1.199795
0.711406
-1.384614
0.814306
0.779400
-1.239316
1.188115
0.711406
-1.350001
0.812080
0.779400
0.000000
0.000000
0.000000
0.000000
0.000000
0.000000
-1.161619
0.508086
1.005777
-1.200578
0.396011
0.887216
0.000000
0.000000
0.000000
0.000000
0.000000
0.000000
-1.363618
0.683185
0.824051
-1.436049
0.644816
0.823557
0.000000
0.000000
0.000000
0.000000
0.000000
0.000000
0.000000
0.000000
0.000000
-1.184818
0.571653
0.675738
0.000000
0.000000
0.000000
0.000000
0.000000
0.000000
0.000000
0.000000
0.000000
-0.984932
0.800229
0.724466
-1.319818
0.495600
0.936076
-1.421416
0.494541
0.857784
-1.311927
0.508160
0.936076
-1.420220
0.491103
0.855510
0.000000
0.000000
0.000000
0.000000
0.000000
0.000000
0.000000
0.000000
0.000000
-1.134806
0.647791
0.660129
0.000000
0.000000
0.000000
0.000000
0.000000
0.000000
-1.457913
1.015192
0.765682
-1.565293
0.838677
0.762509
0.000000
0.000000
0.000000
0.000000
0.000000
0.000000
-1.267013
0.628646
0.752133
-1.267463
0.734280
0.737695
0.000000
0.000000
0.000000
0.000000
0.000000
0.000000
-1.255518
0.823642
0.743126
-1.249917
0.992729
0.775474
0.000000
0.000000
0.000000
0.000000
0.000000
0.000000
-1.159424
0.900289
0.726350
-1.202226
0.693975
0.762787
0.000000
0.000000
0.000000
0.000000
0.000000
0.000000
-1.448682
0.602589
0.832220
-1.450253
0.845362
0.825709
0.000000
0.000000
0.000000
0.000000
0.000000
0.000000
-1.343656
1.052356
0.642307
-1.377555
1.101665
0.634323
0.000000
0.000000
0.000000
0.000000
0.000000
0.000000
0.000000
0.000000
0.000000
-1.176358
1.160432
0.711074
0.000000
0.000000
0.000000
0.000000
0.000000
0.000000
-1.450771
0.833558
0.770643
-1.474090
0.746493
0.765578
0.000000
0.000000
0.000000
0.000000
0.000000
0.000000
-1.367357
0.525253
0.879636
-1.327879
0.687605
0.826142
0.000000
0.000000
0.000000
0.000000
0.000000
0.000000
-1.590618
0.512682
0.892557
-1.622607
0.536293
0.870770
0.000000
0.000000
0.000000
0.000000
0.000000
0.000000
0.000000
0.000000
0.000000
-1.147946
0.564950
0.787277
0.000000
0.000000
0.000000
0.000000
0.000000
0.000000
-1.126317
1.012953
0.759470
-1.291168
0.864643
0.707520
0.000000
0.000000
0.000000
0.000000
0.000000
0.000000
-1.325400
0.994534
0.691486
-1.354816
1.012962
0.688780
0.000000
0.000000
0.000000
0.000000
0.000000
0.000000
-0.620974
2.029959
0.723615
-1.060865
1.183891
0.813442
0.000000
0.000000
0.000000
0.000000
0.000000
0.000000
-1.213616
0.854088
0.695312
-1.194555
0.923330
0.695728
0.000000
0.000000
0.000000
0.000000
0.000000
0.000000
-1.075846
1.408308
0.932540
-1.255222
0.892691
0.830920
0.000000
0.000000
0.000000
0.000000
0.000000
0.000000
-1.492099
0.803195
0.748287
-1.550538
0.793811
0.763705
0.000000
0.000000
0.000000
0.000000
0.000000
0.000000
-1.176387
0.695529
0.751004
-1.161269
0.949795
0.764106
0.000000
0.000000
0.000000
0.000000
0.000000
0.000000
-1.632001
0.936189
0.744975
-1.625474
1.105326
0.691942
0.000000
0.000000
0.000000
0.000000
0.000000
0.000000
-1.251145
0.945139
0.663439
-1.279206
0.942760
0.650261
0.000000
0.000000
0.000000
0.000000
0.000000
0.000000
-1.109336
1.247222
0.601512
-1.221138
0.978375
0.644469
0.000000
0.000000
0.000000
0.000000
0.000000
0.000000
-1.250457
0.440940
0.875235
-1.358537
0.445256
0.854340
0.000000
0.000000
0.000000
0.000000
0.000000
0.000000
-1.272638
0.842214
0.738203
-1.321851
0.804462
0.749537
0.000000
0.000000
0.000000
0.000000
0.000000
0.000000
-1.067863
1.348328
0.760033
-1.272872
0.854220
0.721419
0.000000
0.000000
0.000000
0.000000
0.000000
0.000000
0.000000
0.000000
0.000000
-1.186349
0.729245
0.604281
0.000000
0.000000
0.000000
0.000000
0.000000
0.000000
-1.418567
0.442531
0.885571
-1.412399
0.525402
0.848761
0.000000
0.000000
0.000000
0.000000
0.000000
0.000000
-1.296587
1.304376
0.549083
-1.386481
1.167892
0.550955
0.000000
0.000000
0.000000
0.000000
0.000000
0.000000
0.000000
0.000000
0.000000
-1.091130
0.840484
0.677553
0.000000
0.000000
0.000000
0.000000
0.000000
0.000000
-1.065799
0.925021
0.814473
-1.209485
0.838189
0.685635
0.000000
0.000000
0.000000
0.000000
0.000000
0.000000
-1.322541
0.629884
0.766451
-1.325907
0.692765
0.765303
0.000000
0.000000
0.000000
0.000000
0.000000
0.000000
-1.452764
1.108796
0.624458
-1.486614
1.109001
0.625594
0.000000
0.000000
0.000000
0.000000
0.000000
0.000000
-1.213512
0.992135
0.685195
-1.289016
0.808028
0.763166
0.000000
0.000000
0.000000
0.000000
0.000000
0.000000
0.000000
0.000000
0.000000
-0.991187
1.014796
0.687200
0.000000
0.000000
0.000000
0.000000
0.000000
0.000000
-1.381896
0.519010
0.860050
-1.386910
0.528233
0.846790
-1.372426
0.584060
0.821813
-1.344678
0.612594
0.819406
-1.365782
0.587621
0.817844
-1.325198
0.613053
0.820494
0.000000
0.000000
0.000000
0.000000
0.000000
0.000000
0.000000
0.000000
0.000000
-1.173497
0.932875
0.659352
0.000000
0.000000
0.000000
0.000000
0.000000
0.000000
-1.351387
0.483423
0.643971
-1.422324
1.218413
0.935910
0.000000
0.000000
0.000000
0.000000
0.000000
0.000000
-1.163811
1.075157
0.692994
-1.294940
0.914759
0.627727
0.000000
0.000000
0.000000
0.000000
0.000000
0.000000
-1.002329
0.937816
0.675287
-0.963135
1.151869
0.639769
0.000000
0.000000
0.000000
0.000000
0.000000
0.000000
-1.368082
0.804309
0.774361
-1.433291
0.839526
0.741243
0.000000
0.000000
0.000000
0.000000
0.000000
0.000000
0.000000
0.000000
0.000000
-1.416125
0.653294
0.828466
0.000000
0.000000
0.000000
0.000000
0.000000
0.000000
-1.253688
0.787231
0.904059
-1.239753
0.783178
0.813250
0.000000
0.000000
0.000000
0.000000
0.000000
0.000000
0.000000
0.000000
0.000000
-1.317131
0.733122
0.850200
0.000000
0.000000
0.000000
0.000000
0.000000
0.000000
-1.232348
0.660888
0.810282
-1.372873
0.550117
0.810781
0.000000
0.000000
0.000000
0.000000
0.000000
0.000000
-1.103875
0.739361
0.874451
-1.173961
0.605078
0.869594
0.000000
0.000000
0.000000
0.000000
0.000000
0.000000
-1.314951
0.917119
0.657562
-1.337846
0.982439
0.669817
0.000000
0.000000
0.000000
0.000000
0.000000
0.000000
-1.321241
0.790230
0.593554
-1.326761
0.777817
0.632098
0.000000
0.000000
0.000000
0.000000
0.000000
0.000000
-1.096303
1.213657
0.724646
-1.193963
1.151211
0.701773
0.000000
0.000000
0.000000
0.000000
0.000000
0.000000
-1.346311
0.722240
0.757385
-1.343793
0.815527
0.705396
0.000000
0.000000
0.000000
0.000000
0.000000
0.000000
-1.189316
1.027742
0.643121
-1.280884
1.003960
0.685996
0.000000
0.000000
0.000000
0.000000
0.000000
0.000000
-1.512853
0.388595
0.926737
-1.562019
0.322110
0.873559
0.000000
0.000000
0.000000
0.000000
0.000000
0.000000
0.000000
0.000000
0.000000
-1.277525
0.757461
0.758638
0.000000
0.000000
0.000000
0.000000
0.000000
0.000000
0.000000
0.000000
0.000000
-1.307100
0.633089
0.930234
0.000000
0.000000
0.000000
0.000000
0.000000
0.000000
0.000000
0.000000
0.000000
-1.359954
0.495759
0.826773
0.000000
0.000000
0.000000
0.000000
0.000000
0.000000
-1.094920
0.896758
0.736096
-1.128018
0.946382
0.644017
0.000000
0.000000
0.000000
0.000000
0.000000
0.000000
-1.451434
0.387121
0.877684
-1.496300
0.389121
0.875228
0.000000
0.000000
0.000000
0.000000
0.000000
0.000000
-1.193228
0.891879
0.711953
-1.235716
0.968346
0.661602
0.000000
0.000000
0.000000
0.000000
0.000000
0.000000
-1.084074
0.500246
1.015262
-1.071064
0.544988
0.906476
0.000000
0.000000
0.000000
0.000000
0.000000
0.000000
-1.375083
0.621358
0.871217
-1.488514
0.482410
0.829687
0.000000
0.000000
0.000000
0.000000
0.000000
0.000000
-1.161154
0.854681
0.652907
-1.127571
0.925463
0.641093
0.000000
0.000000
0.000000
0.000000
0.000000
0.000000
-1.112778
1.077654
0.713557
-1.217124
1.060281
0.618220
0.000000
0.000000
0.000000
0.000000
0.000000
0.000000
0.000000
0.000000
0.000000
-1.202251
0.685158
0.779385
0.000000
0.000000
0.000000
0.000000
0.000000
0.000000
-1.476994
0.443947
0.969716
-1.475923
0.419240
0.868896
0.000000
0.000000
0.000000
0.000000
0.000000
0.000000
-1.345974
0.798796
0.723710
-1.315388
0.949296
0.736011
0.000000
0.000000
0.000000
0.000000
0.000000
0.000000
-1.398492
1.018729
0.652726
-1.410338
1.053480
0.649807
0.000000
0.000000
0.000000
0.000000
0.000000
0.000000
0.000000
0.000000
0.000000
-1.280624
0.640887
0.926699
0.000000
0.000000
0.000000
0.000000
0.000000
0.000000
-1.282950
0.547026
0.757503
-1.064894
0.864907
0.749604
0.000000
0.000000
0.000000
0.000000
0.000000
0.000000
-1.240932
0.811602
0.726544
-1.253327
0.913200
0.709790
0.000000
0.000000
0.000000
0.000000
0.000000
0.000000
-1.455227
0.693222
0.844704
-1.479778
0.735550
0.829448
0.000000
0.000000
0.000000
0.000000
0.000000
0.000000
-1.267583
0.749920
0.898009
-1.166466
0.816189
0.692842
0.000000
0.000000
0.000000
0.000000
0.000000
0.000000
0.000000
0.000000
0.000000
-1.437414
0.782435
0.927355
0.000000
0.000000
0.000000
0.000000
0.000000
0.000000
-1.287927
1.204124
0.753121
-1.393276
0.838804
0.722611
0.000000
0.000000
0.000000
0.000000
0.000000
0.000000
-1.214654
1.071033
0.648792
-1.298898
0.975697
0.678974
0.000000
0.000000
0.000000
-1.117581
0.825253
0.716241
0.000000
0.000000
0.000000
-1.100638
0.831601
0.716241
0.000000
0.000000
0.000000
0.000000
0.000000
0.000000
-1.168119
0.998834
0.635973
-1.336042
0.862108
0.719212
0.000000
0.000000
0.000000
0.000000
0.000000
0.000000
0.000000
0.000000
0.000000
-1.388023
0.437622
0.619925
0.000000
0.000000
0.000000
0.000000
0.000000
0.000000
-1.447987
1.031097
0.765437
-1.503216
0.915115
0.745118
-1.228266
0.765226
0.640775
-1.196736
0.636390
0.924761
-1.183973
0.774519
0.640775
-1.141925
0.627900
0.965166
-1.198166
0.844252
0.859917
-1.165918
0.707167
0.854164
-1.187427
0.847095
0.859917
-1.148399
0.740419
0.840093
0.000000
0.000000
0.000000
0.000000
0.000000
0.000000
-1.293176
0.526213
0.799560
-1.342225
0.532366
0.838616
0.000000
0.000000
0.000000
0.000000
0.000000
0.000000
-1.247811
1.089987
0.644834
-1.329186
0.975648
0.712554
0.000000
0.000000
0.000000
0.000000
0.000000
0.000000
-1.414368
0.378099
0.895422
-1.498847
0.401464
0.879652
0.000000
0.000000
0.000000
0.000000
0.000000
0.000000
-1.138121
1.033510
0.838285
-1.376356
0.832499
0.862278
0.000000
0.000000
0.000000
0.000000
0.000000
0.000000
-1.465545
0.424443
0.928969
-1.463125
0.453339
0.900616
0.000000
0.000000
0.000000
0.000000
0.000000
0.000000
-1.465675
1.152256
0.586642
-1.476379
1.241072
0.568106
0.000000
0.000000
0.000000
0.000000
0.000000
0.000000
-1.351962
0.925920
0.691762
-1.381897
0.917890
0.729100
0.000000
0.000000
0.000000
0.000000
0.000000
0.000000
-1.197113
0.677707
0.732890
-1.249849
0.559069
0.777814
0.000000
0.000000
0.000000
0.000000
0.000000
0.000000
0.000000
0.000000
0.000000
-1.287049
0.716075
0.786723
0.000000
0.000000
0.000000
0.000000
0.000000
0.000000
-1.314764
0.728463
0.795409
-1.390766
0.648518
0.806296
0.000000
0.000000
0.000000
0.000000
0.000000
0.000000
-1.330890
0.521983
0.831411
-1.305322
0.612190
0.797271
-1.216759
0.718138
0.864726
-1.115416
0.989352
0.744951
-1.156872
0.733251
0.864726
-1.086113
0.937995
0.736362
0.000000
0.000000
0.000000
0.000000
0.000000
0.000000
-1.368194
1.172345
0.550738
-1.414513
1.193581
0.552095
0.000000
0.000000
0.000000
0.000000
0.000000
0.000000
-1.561515
0.518724
0.866673
-1.591755
0.527909
0.843095
0.000000
0.000000
0.000000
0.000000
0.000000
0.000000
-1.359082
0.638300
0.706663
-1.356901
0.764339
0.904629
0.000000
0.000000
0.000000
0.000000
0.000000
0.000000
-1.542460
0.419275
0.889394
-1.585330
0.434285
0.877087
0.000000
0.000000
0.000000
0.000000
0.000000
0.000000
-1.208094
0.817498
0.760209
-1.286728
0.955918
0.829330
0.000000
0.000000
0.000000
0.000000
0.000000
0.000000
0.000000
0.000000
0.000000
-1.352210
0.678407
0.792914
0.000000
0.000000
0.000000
0.000000
0.000000
0.000000
-1.315462
0.483522
0.858293
-1.358696
0.500529
0.852578
0.000000
0.000000
0.000000
0.000000
0.000000
0.000000
-1.251239
0.699778
0.936063
-1.419906
0.522333
0.865213
0.000000
0.000000
0.000000
0.000000
0.000000
0.000000
-1.337045
1.024947
0.636117
-1.368464
0.917783
0.637830
-1.146290
1.004689
0.691198
-1.250974
0.868077
0.564283
-1.165444
1.110603
0.615201
-1.286923
1.038913
0.581169
0.000000
0.000000
0.000000
0.000000
0.000000
0.000000
-1.458554
0.808269
0.585127
-1.493669
0.872477
0.638402
0.000000
0.000000
0.000000
0.000000
0.000000
0.000000
-1.414125
0.518963
0.832276
-1.490330
0.485080
0.870632
0.000000
0.000000
0.000000
0.000000
0.000000
0.000000
-1.587853
0.408259
0.992915
-1.544873
0.438052
0.913940
0.000000
0.000000
0.000000
0.000000
0.000000
0.000000
0.000000
0.000000
0.000000
-1.141506
0.909068
0.696095
0.000000
0.000000
0.000000
0.000000
0.000000
0.000000
-1.098737
0.796649
0.723225
-1.216049
0.750606
0.826232
0.000000
0.000000
0.000000
0.000000
0.000000
0.000000
-1.125354
1.385410
0.814672
-1.190652
1.245554
0.715061
0.000000
0.000000
0.000000
0.000000
0.000000
0.000000
-1.484075
0.531520
0.815618
-1.514704
0.554571
0.836581
0.000000
0.000000
0.000000
0.000000
0.000000
0.000000
-1.199977
1.352825
0.775848
-1.307473
1.061850
0.728433
0.000000
0.000000
0.000000
0.000000
0.000000
0.000000
-1.271723
0.384188
0.853498
-1.162271
0.526904
0.872268
0.000000
0.000000
0.000000
0.000000
0.000000
0.000000
0.000000
0.000000
0.000000
-1.221740
0.593790
0.777523
0.000000
0.000000
0.000000
0.000000
0.000000
0.000000
0.000000
0.000000
0.000000
-1.193467
0.866287
0.677352
0.000000
0.000000
0.000000
0.000000
0.000000
0.000000
-1.226709
0.830248
0.628547
-1.258066
0.729487
0.930320
0.000000
0.000000
0.000000
0.000000
0.000000
0.000000
-1.217740
0.818963
0.778492
-1.335285
0.820344
0.753661
0.000000
0.000000
0.000000
0.000000
0.000000
0.000000
-1.430071
0.517044
0.840759
-1.455963
0.544797
0.851701
0.000000
0.000000
0.000000
0.000000
0.000000
0.000000
-1.340006
0.577869
0.896772
-1.265098
0.754211
0.739322
0.000000
0.000000
0.000000
0.000000
0.000000
0.000000
-1.106014
1.248833
0.839837
-1.280888
1.004046
0.840717
0.000000
0.000000
0.000000
0.000000
0.000000
0.000000
-1.243728
0.719052
0.655084
-1.206255
0.763592
0.766153
0.000000
0.000000
0.000000
0.000000
0.000000
0.000000
-1.084984
0.910196
0.707350
-1.207893
0.760070
0.824983
0.000000
0.000000
0.000000
0.000000
0.000000
0.000000
-1.259412
0.581838
0.675549
-1.340081
0.560655
0.784774
0.000000
0.000000
0.000000
0.000000
0.000000
0.000000
-1.231193
0.802892
0.752356
-1.279730
0.815646
0.758756
-0.844839
0.679558
0.832209
-0.742232
0.900012
0.743980
-0.819533
0.684115
0.832209
-0.748251
0.892425
0.727215
0.000000
0.000000
0.000000
0.000000
0.000000
0.000000
-1.357004
0.571012
0.834922
-1.401134
0.555747
0.833271
0.000000
0.000000
0.000000
0.000000
0.000000
0.000000
-1.183973
0.798134
0.860628
-1.284021
0.646649
0.804511
-1.258903
1.045171
0.688504
-1.248112
1.000633
0.545551
-1.215883
0.991767
0.706156
-1.220558
0.901142
0.579577
0.000000
0.000000
0.000000
0.000000
0.000000
0.000000
-1.375755
1.022356
0.609130
-1.362961
0.949093
0.667183
0.000000
0.000000
0.000000
0.000000
0.000000
0.000000
0.000000
0.000000
0.000000
-1.104276
1.011808
0.685492
0.000000
0.000000
0.000000
0.000000
0.000000
0.000000
-1.172633
1.170026
0.730423
-1.282697
1.182879
0.705517
0.000000
0.000000
0.000000
0.000000
0.000000
0.000000
-1.405430
0.888264
0.763998
-1.464782
0.859473
0.753562
0.000000
0.000000
0.000000
0.000000
0.000000
0.000000
-1.408348
0.689237
0.825008
-1.486671
0.651331
0.821261
0.000000
0.000000
0.000000
0.000000
0.000000
0.000000
-1.435452
0.573494
1.086828
-1.504908
0.682101
0.979923
0.000000
0.000000
0.000000
0.000000
0.000000
0.000000
-0.970560
1.181054
0.730935
-1.262357
0.878560
0.639675
0.000000
0.000000
0.000000
0.000000
0.000000
0.000000
-1.168018
0.849280
0.684451
-1.253207
0.799447
0.735016
0.000000
0.000000
0.000000
0.000000
0.000000
0.000000
-1.697116
0.345984
0.881517
-1.786520
0.374851
0.911415
0.000000
0.000000
0.000000
0.000000
0.000000
0.000000
-1.220546
0.812995
0.712718
-1.394398
1.022931
0.687832
0.000000
0.000000
0.000000
0.000000
0.000000
0.000000
-1.349659
0.453692
0.786278
-1.312693
0.427039
0.965575
0.000000
0.000000
0.000000
0.000000
0.000000
0.000000
-1.332934
0.546102
0.934452
-1.435036
0.448445
0.903997
0.000000
0.000000
0.000000
0.000000
0.000000
0.000000
-1.634238
0.931710
0.788474
-1.661808
0.948139
0.774868
0.000000
0.000000
0.000000
0.000000
0.000000
0.000000
0.000000
0.000000
0.000000
-1.237750
0.589365
0.580469
0.000000
0.000000
0.000000
0.000000
0.000000
0.000000
-1.357339
0.611832
0.846253
-1.383704
0.634308
0.884776
0.000000
0.000000
0.000000
0.000000
0.000000
0.000000
0.000000
0.000000
0.000000
-1.023334
0.743154
0.636393
0.000000
0.000000
0.000000
0.000000
0.000000
0.000000
-1.207759
0.542592
0.802095
-1.233259
0.432078
0.774470
0.000000
0.000000
0.000000
0.000000
0.000000
0.000000
0.000000
0.000000
0.000000
-0.883234
1.458471
0.739717
0.000000
0.000000
0.000000
0.000000
0.000000
0.000000
0.000000
0.000000
0.000000
-1.063426
1.459327
0.730374
0.000000
0.000000
0.000000
0.000000
0.000000
0.000000
-1.119556
0.652729
0.844755
-1.175977
0.615649
0.817760
0.000000
0.000000
0.000000
0.000000
0.000000
0.000000
-1.570726
0.645360
0.863318
-1.579389
0.602293
0.842606
0.000000
0.000000
0.000000
0.000000
0.000000
0.000000
0.000000
0.000000
0.000000
-1.245326
0.787504
0.712787
0.000000
0.000000
0.000000
0.000000
0.000000
0.000000
-1.057499
0.794189
0.776646
-1.147720
0.808644
0.766116
0.000000
0.000000
0.000000
0.000000
0.000000
0.000000
-1.261180
0.885486
0.743714
-1.288609
0.936872
0.681335
-1.173344
1.072844
0.632217
-1.190708
1.126540
0.572346
-1.225460
1.016016
0.687774
-1.222410
1.020527
0.650212
0.000000
0.000000
0.000000
0.000000
0.000000
0.000000
-1.092492
1.406644
0.901725
-1.217118
1.005771
0.805954
0.000000
0.000000
0.000000
0.000000
0.000000
0.000000
-1.395056
0.804805
0.808960
-1.470229
0.802801
0.754044
0.000000
0.000000
0.000000
0.000000
0.000000
0.000000
-1.390477
0.690748
0.712702
-1.244704
0.982080
0.787407
0.000000
0.000000
0.000000
0.000000
0.000000
0.000000
-1.349966
1.005538
0.651694
-1.414605
1.026668
0.665935
-1.484302
0.986536
0.707599
-1.513244
0.984013
0.709839
-1.450516
0.981763
0.718400
-1.463020
0.972960
0.711256
0.000000
0.000000
0.000000
0.000000
0.000000
0.000000
-1.595316
0.308832
0.893575
-1.522967
0.364855
0.893474
0.000000
0.000000
0.000000
0.000000
0.000000
0.000000
-1.127688
0.865821
0.722085
-1.067071
0.923985
0.608488
0.000000
0.000000
0.000000
0.000000
0.000000
0.000000
-1.211186
0.907040
0.643754
-1.238119
0.811877
0.756835
0.000000
0.000000
0.000000
0.000000
0.000000
0.000000
-1.645307
0.549528
0.863992
-1.647024
0.596362
0.853005
0.000000
0.000000
0.000000
0.000000
0.000000
0.000000
-1.619424
0.858183
0.766364
-1.619170
0.937033
0.775997
0.000000
0.000000
0.000000
0.000000
0.000000
0.000000
-1.074191
0.542826
0.730160
-1.141179
0.626562
0.772280
0.000000
0.000000
0.000000
0.000000
0.000000
0.000000
-1.289801
0.987219
0.599909
-1.306816
0.973209
0.574756
0.000000
0.000000
0.000000
0.000000
0.000000
0.000000
-1.452930
1.004708
0.725645
-1.493122
0.983865
0.726924
0.000000
0.000000
0.000000
0.000000
0.000000
0.000000
-1.377671
0.854779
0.681936
-1.328053
0.891580
0.711728
0.000000
0.000000
0.000000
0.000000
0.000000
0.000000
-1.528999
0.800169
0.788326
-1.550472
0.737536
0.820528
-1.329198
0.603362
1.219972
-1.526933
0.448523
1.007923
-1.407473
0.469493
1.585728
-1.442111
0.474898
1.245612
0.000000
0.000000
0.000000
0.000000
0.000000
0.000000
-1.511785
0.567979
0.798371
-1.563381
0.535397
0.837462
0.000000
0.000000
0.000000
0.000000
0.000000
0.000000
-1.360787
0.460132
0.882788
-1.385339
0.485543
0.871110
0.000000
0.000000
0.000000
0.000000
0.000000
0.000000
0.000000
0.000000
0.000000
-1.188040
1.090439
0.669078
0.000000
0.000000
0.000000
0.000000
0.000000
0.000000
-1.177045
0.897726
0.777677
-1.278559
0.957654
0.763568
0.000000
0.000000
0.000000
0.000000
0.000000
0.000000
-1.131155
0.967217
0.654383
-1.178990
0.879624
0.676098
0.000000
0.000000
0.000000
0.000000
0.000000
0.000000
-1.205206
1.053703
0.712710
-1.255586
1.026401
0.728968
0.000000
0.000000
0.000000
0.000000
0.000000
0.000000
-1.365218
0.702675
0.750765
-1.461609
0.546787
0.782310
0.000000
0.000000
0.000000
0.000000
0.000000
0.000000
-1.287928
0.661729
0.766885
-1.311613
0.543159
0.818789
0.000000
0.000000
0.000000
0.000000
0.000000
0.000000
-1.404479
1.151614
0.581225
-1.438001
1.156556
0.585641
0.000000
0.000000
0.000000
0.000000
0.000000
0.000000
-1.150377
0.987369
0.904209
-1.340727
0.746845
0.881205
0.000000
0.000000
0.000000
0.000000
0.000000
0.000000
-1.329475
0.934236
0.689126
-1.370453
1.021690
0.726164
0.000000
0.000000
0.000000
0.000000
0.000000
0.000000
-1.164008
0.877215
0.714996
-1.182110
0.935911
0.728599
0.000000
0.000000
0.000000
0.000000
0.000000
0.000000
-1.319544
0.968964
0.671286
-1.368806
0.910857
0.683406
0.000000
0.000000
0.000000
0.000000
0.000000
0.000000
-1.221627
0.901428
0.768576
-1.225237
0.698245
0.774056
0.000000
0.000000
0.000000
0.000000
0.000000
0.000000
-1.240368
1.101779
0.615619
-1.296283
0.941219
0.699567
0.000000
0.000000
0.000000
0.000000
0.000000
0.000000
-1.248538
0.873760
0.704971
-1.417603
0.614354
0.890649
0.000000
0.000000
0.000000
0.000000
0.000000
0.000000
-1.332341
0.940541
0.772002
-1.413420
0.910278
0.777854
0.000000
0.000000
0.000000
0.000000
0.000000
0.000000
-1.162272
0.919592
0.664280
-1.150437
0.904151
0.596130
0.000000
0.000000
0.000000
0.000000
0.000000
0.000000
-1.077380
1.235554
0.673900
-1.205789
1.150083
0.552717
0.000000
0.000000
0.000000
0.000000
0.000000
0.000000
-1.374767
0.919254
0.717563
-1.468520
0.816006
0.757736
0.000000
0.000000
0.000000
0.000000
0.000000
0.000000
-1.309816
1.059613
0.800211
-1.361037
0.848434
0.703056
0.000000
0.000000
0.000000
0.000000
0.000000
0.000000
-1.214865
1.051993
0.764234
-1.274595
1.103768
0.647437
0.000000
0.000000
0.000000
0.000000
0.000000
0.000000
-1.238135
1.055561
0.607957
-1.291714
1.043791
0.625036
0.000000
0.000000
0.000000
0.000000
0.000000
0.000000
-1.431805
0.860642
0.748179
-1.421409
0.949607
0.738683
0.000000
0.000000
0.000000
0.000000
0.000000
0.000000
0.000000
0.000000
0.000000
-1.194233
0.711533
0.765350
0.000000
0.000000
0.000000
0.000000
0.000000
0.000000
0.000000
0.000000
0.000000
-1.160782
0.983368
0.920120
0.000000
0.000000
0.000000
0.000000
0.000000
0.000000
-1.258570
0.568864
0.581307
-1.386434
0.802471
1.316363
0.000000
0.000000
0.000000
0.000000
0.000000
0.000000
-1.508508
0.769766
0.785087
-1.533633
0.770525
0.792483
0.000000
0.000000
0.000000
0.000000
0.000000
0.000000
-1.104531
0.943040
0.725538
-1.211552
0.812724
0.748198
0.000000
0.000000
0.000000
0.000000
0.000000
0.000000
-1.297923
0.494971
0.724997
-1.366661
0.641663
0.847016
0.000000
0.000000
0.000000
0.000000
0.000000
0.000000
-1.325820
1.212996
0.577880
-1.369051
1.235186
0.532058
0.000000
0.000000
0.000000
0.000000
0.000000
0.000000
-1.436622
0.725053
0.799149
-1.449818
0.764265
0.768383
0.000000
0.000000
0.000000
0.000000
0.000000
0.000000
-1.318302
0.890988
0.772447
-1.373067
1.019762
0.733171
0.000000
0.000000
0.000000
0.000000
0.000000
0.000000
-1.126880
0.576069
0.789464
-1.256837
0.490858
0.849159
0.000000
0.000000
0.000000
0.000000
0.000000
0.000000
-1.114041
0.994755
0.653944
-1.183989
0.942988
0.606937
0.000000
0.000000
0.000000
0.000000
0.000000
0.000000
-1.150399
1.063807
0.522249
-1.156096
1.167822
0.489959
0.000000
0.000000
0.000000
0.000000
0.000000
0.000000
-1.303942
0.901576
0.689402
-1.385687
0.815329
0.736217
0.000000
0.000000
0.000000
-1.295333
0.451279
0.770962
0.000000
0.000000
0.000000
-1.288057
0.451955
0.770962
0.000000
0.000000
0.000000
0.000000
0.000000
0.000000
-1.263501
0.627159
0.856440
-1.335130
0.557642
0.825965
0.000000
0.000000
0.000000
0.000000
0.000000
0.000000
-1.504889
0.466961
0.885209
-1.532452
0.429084
0.880225
0.000000
0.000000
0.000000
0.000000
0.000000
0.000000
-1.289693
0.813594
0.772465
-1.326451
0.833419
0.759170
0.000000
0.000000
0.000000
0.000000
0.000000
0.000000
-1.095020
0.730641
0.717792
-1.227324
0.640895
0.870465
0.000000
0.000000
0.000000
0.000000
0.000000
0.000000
-1.413505
0.362693
0.932718
-1.415074
0.410801
0.857005
0.000000
0.000000
0.000000
0.000000
0.000000
0.000000
0.000000
0.000000
0.000000
-0.906515
1.505862
0.772347
0.000000
0.000000
0.000000
0.000000
0.000000
0.000000
-1.087404
1.239770
0.797283
-1.132624
1.137747
0.699343
0.000000
0.000000
0.000000
0.000000
0.000000
0.000000
-1.249873
1.023028
0.652119
-1.312342
0.872385
0.667446
-1.043447
0.596490
0.715564
-1.000542
0.727988
0.796764
-1.047052
0.602321
0.715564
-0.903833
0.907694
0.780200
-1.271405
1.088537
0.632985
-1.284512
1.077197
0.663010
-1.198075
1.028750
0.633554
-1.218375
0.996741
0.649655
-1.266626
0.584388
0.694348
-1.177809
0.791537
0.848632
-1.238199
0.588324
0.694348
-1.156801
0.768621
0.848632
0.000000
0.000000
0.000000
0.000000
0.000000
0.000000
0.000000
0.000000
0.000000
-1.092674
0.974488
0.902843
0.000000
0.000000
0.000000
0.000000
0.000000
0.000000
-1.513805
0.616389
0.880555
-1.342122
0.845205
0.813755
0.000000
0.000000
0.000000
0.000000
0.000000
0.000000
-0.922100
1.021080
0.936529
-0.972887
1.095627
0.732955
0.000000
0.000000
0.000000
0.000000
0.000000
0.000000
-1.475802
0.597573
0.823070
-1.499754
0.620933
0.821669
0.000000
0.000000
0.000000
0.000000
0.000000
0.000000
-1.344290
0.681906
0.826074
-1.237957
0.721108
0.678617
0.000000
0.000000
0.000000
0.000000
0.000000
0.000000
-1.010654
0.784941
0.943591
-1.037980
0.636107
0.811588
0.000000
0.000000
0.000000
0.000000
0.000000
0.000000
-1.196471
0.688811
0.644026
-1.117601
0.971260
0.721915
0.000000
0.000000
0.000000
0.000000
0.000000
0.000000
-1.157902
1.063722
0.554406
-1.191022
1.157189
0.492907
0.000000
0.000000
0.000000
0.000000
0.000000
0.000000
-1.482766
0.619406
0.845529
-1.520920
0.608416
0.828457
-1.179113
0.950221
0.859973
-1.285000
1.060502
0.730955
-1.205392
0.970961
0.859973
-1.292417
1.038918
0.739501
0.000000
0.000000
0.000000
0.000000
0.000000
0.000000
0.000000
0.000000
0.000000
-1.346012
0.504375
0.632800
0.000000
0.000000
0.000000
0.000000
0.000000
0.000000
-1.370502
0.580347
0.617752
-1.245399
1.296989
1.014301
0.000000
0.000000
0.000000
0.000000
0.000000
0.000000
-1.169996
1.085090
0.593351
-1.165899
1.342261
0.498420
0.000000
0.000000
0.000000
0.000000
0.000000
0.000000
-0.946628
1.067443
0.734514
-1.078799
0.980828
0.710474
0.000000
0.000000
0.000000
0.000000
0.000000
0.000000
-1.427808
0.486225
1.092984
-1.563607
0.450106
0.945396
-1.030300
0.667879
0.696055
-1.122535
0.683404
0.788944
-1.016382
0.646309
0.696055
-1.103843
0.670049
0.800658
-1.466948
0.703431
0.790022
-1.479970
0.711987
0.801581
-1.365908
0.807135
0.733773
-1.401955
0.770232
0.777213
0.000000
0.000000
0.000000
0.000000
0.000000
0.000000
-1.460834
0.565145
0.822493
-1.505827
0.585208
0.822563
0.000000
0.000000
0.000000
0.000000
0.000000
0.000000
-1.547693
0.457607
0.846613
-1.506529
0.515630
0.870247
0.000000
0.000000
0.000000
0.000000
0.000000
0.000000
-1.634953
0.720445
0.815863
-1.657793
0.725601
0.815987
0.000000
0.000000
0.000000
0.000000
0.000000
0.000000
-1.105883
1.348151
0.709315
-1.238608
1.162964
0.601337
0.000000
0.000000
0.000000
0.000000
0.000000
0.000000
-1.444478
0.453118
0.889506
-1.475917
0.344775
0.885040
0.000000
0.000000
0.000000
0.000000
0.000000
0.000000
-1.301162
0.421960
0.706265
-1.290500
0.415130
0.903470
0.000000
0.000000
0.000000
0.000000
0.000000
0.000000
0.000000
0.000000
0.000000
-1.281399
0.942840
0.658147
0.000000
0.000000
0.000000
0.000000
0.000000
0.000000
-1.214224
1.232167
0.940066
-1.234981
1.180607
0.751673
0.000000
0.000000
0.000000
0.000000
0.000000
0.000000
-1.275139
0.737225
0.759599
-1.299384
0.749113
0.779455
0.000000
0.000000
0.000000
0.000000
0.000000
0.000000
-1.096770
1.125662
0.548542
-1.194936
1.074714
0.549148
0.000000
0.000000
0.000000
0.000000
0.000000
0.000000
-1.179325
0.808211
0.839670
-1.232535
0.795460
0.737333
0.000000
0.000000
0.000000
0.000000
0.000000
0.000000
-1.404784
0.679507
0.845736
-1.313450
0.801482
0.809675
0.000000
0.000000
0.000000
0.000000
0.000000
0.000000
0.000000
0.000000
0.000000
-1.358737
0.541508
0.792588
0.000000
0.000000
0.000000
0.000000
0.000000
0.000000
-1.179072
1.092409
0.769756
-1.232287
0.829876
0.714651
0.000000
0.000000
0.000000
0.000000
0.000000
0.000000
-1.422746
0.810469
0.782862
-1.424613
0.825355
0.770898
0.000000
0.000000
0.000000
0.000000
0.000000
0.000000
-1.268142
0.713955
0.815572
-1.330362
0.614928
0.812173
0.000000
0.000000
0.000000
0.000000
0.000000
0.000000
-1.365314
0.694841
0.808878
-1.372685
0.749487
0.807265
0.000000
0.000000
0.000000
0.000000
0.000000
0.000000
-1.340954
0.937979
0.734471
-1.397846
0.879213
0.755820
0.000000
0.000000
0.000000
0.000000
0.000000
0.000000
-1.194082
0.573436
0.816012
-1.231839
0.539428
0.811671
0.000000
0.000000
0.000000
0.000000
0.000000
0.000000
-1.471854
0.489635
0.891421
-1.507361
0.444832
0.885531
0.000000
0.000000
0.000000
0.000000
0.000000
0.000000
-1.469303
0.234829
0.903298
-1.601921
0.168710
0.909413
0.000000
0.000000
0.000000
0.000000
0.000000
0.000000
-1.253970
0.710982
0.880352
-1.263743
0.725831
0.824292
0.000000
0.000000
0.000000
0.000000
0.000000
0.000000
-0.869152
2.547640
0.694185
-1.191169
1.400551
0.689193
0.000000
0.000000
0.000000
0.000000
0.000000
0.000000
-1.212256
0.653479
0.869320
-1.263352
0.624612
0.841025
0.000000
0.000000
0.000000
0.000000
0.000000
0.000000
-1.384724
1.142008
0.594225
-1.421978
0.997306
0.704560
0.000000
0.000000
0.000000
0.000000
0.000000
0.000000
-1.335731
0.858373
0.757275
-1.404975
0.834267
0.752963
0.000000
0.000000
0.000000
0.000000
0.000000
0.000000
-1.174464
0.922185
0.987642
-1.318037
0.783752
0.868730
0.000000
0.000000
0.000000
0.000000
0.000000
0.000000
0.000000
0.000000
0.000000
-1.284379
0.539227
0.674914
0.000000
0.000000
0.000000
0.000000
0.000000
0.000000
-1.346665
0.635543
0.837419
-1.360674
0.656746
0.803372
0.000000
0.000000
0.000000
0.000000
0.000000
0.000000
-1.299102
0.845523
0.706905
-1.353424
0.873248
0.714955
0.000000
0.000000
0.000000
0.000000
0.000000
0.000000
-1.575518
0.920840
0.732410
-1.599467
0.935605
0.737734
0.000000
0.000000
0.000000
0.000000
0.000000
0.000000
-1.354522
0.947531
0.706347
-1.390670
0.968027
0.679920
0.000000
0.000000
0.000000
0.000000
0.000000
0.000000
-1.431008
0.577694
0.810185
-1.485916
0.585863
0.819933
0.000000
0.000000
0.000000
0.000000
0.000000
0.000000
-1.156402
0.617536
0.745382
-1.111895
0.833676
0.714114
0.000000
0.000000
0.000000
0.000000
0.000000
0.000000
-1.310580
0.802848
0.698126
-1.331538
0.851366
0.772297
0.000000
0.000000
0.000000
0.000000
0.000000
0.000000
0.000000
0.000000
0.000000
-1.273731
1.169642
0.725654
0.000000
0.000000
0.000000
0.000000
0.000000
0.000000
-1.175382
0.845762
0.717002
-1.223265
0.889066
0.691619
0.000000
0.000000
0.000000
0.000000
0.000000
0.000000
-1.440894
0.638596
0.822481
-1.477407
0.669632
0.823341
0.000000
0.000000
0.000000
0.000000
0.000000
0.000000
-1.253663
0.761943
0.624440
-1.231069
0.897920
0.676909
0.000000
0.000000
0.000000
0.000000
0.000000
0.000000
-1.135771
0.836210
0.680567
-1.129275
0.622367
0.805863
0.000000
0.000000
0.000000
0.000000
0.000000
0.000000
-1.414938
0.582409
0.888159
-1.427116
0.633214
0.815535
0.000000
0.000000
0.000000
0.000000
0.000000
0.000000
0.000000
0.000000
0.000000
-1.269649
0.679704
0.930025
0.000000
0.000000
0.000000
0.000000
0.000000
0.000000
-1.346348
0.926833
0.711749
-1.404560
1.193094
0.674220
0.000000
0.000000
0.000000
-1.320047
0.822424
0.901349
0.000000
0.000000
0.000000
-1.309383
0.825298
0.901349
0.000000
0.000000
0.000000
0.000000
0.000000
0.000000
-1.321640
0.741480
0.771588
-1.283068
0.905042
0.753604
0.000000
0.000000
0.000000
0.000000
0.000000
0.000000
-1.274127
1.096343
0.567473
-1.325555
0.989668
0.611899
0.000000
0.000000
0.000000
0.000000
0.000000
0.000000
-1.439016
0.786802
0.863198
-1.463872
0.841258
0.794509
0.000000
0.000000
0.000000
0.000000
0.000000
0.000000
-1.606276
0.407868
0.888722
-1.669619
0.358133
0.899906
0.000000
0.000000
0.000000
0.000000
0.000000
0.000000
-1.294006
0.651806
0.871540
-1.368428
0.713213
0.860273
0.000000
0.000000
0.000000
0.000000
0.000000
0.000000
-1.278721
1.233842
0.521558
-1.366675
1.243849
0.458590
0.000000
0.000000
0.000000
0.000000
0.000000
0.000000
-1.115781
1.166991
0.838757
-1.184953
0.911902
0.713576
0.000000
0.000000
0.000000
0.000000
0.000000
0.000000
0.000000
0.000000
0.000000
-1.379681
0.534946
0.856629
0.000000
0.000000
0.000000
0.000000
0.000000
0.000000
0.000000
0.000000
0.000000
-1.431081
0.903193
0.786539
0.000000
0.000000
0.000000
0.000000
0.000000
0.000000
-1.622785
0.425860
1.037824
-1.616007
0.485362
0.894626
0.000000
0.000000
0.000000
0.000000
0.000000
0.000000
-1.495035
0.508752
0.882066
-1.513438
0.556616
0.846979
0.000000
0.000000
0.000000
0.000000
0.000000
0.000000
-1.624428
0.556957
0.857991
-1.634971
0.564993
0.851036
0.000000
0.000000
0.000000
0.000000
0.000000
0.000000
-1.070256
0.569855
0.972188
-1.062813
0.614766
0.897060
0.000000
0.000000
0.000000
0.000000
0.000000
0.000000
-1.254302
1.024564
0.737736
-1.302860
1.072075
0.761481
0.000000
0.000000
0.000000
0.000000
0.000000
0.000000
-1.204913
0.745769
0.747711
-1.236794
0.753728
0.752319
0.000000
0.000000
0.000000
0.000000
0.000000
0.000000
-1.240650
0.475999
0.749234
-1.255013
0.566361
0.781686
0.000000
0.000000
0.000000
0.000000
0.000000
0.000000
-1.115470
0.655026
0.819379
-1.197333
0.543539
0.834861
0.000000
0.000000
0.000000
0.000000
0.000000
0.000000
0.000000
0.000000
0.000000
-1.273043
0.698071
0.704378
0.000000
0.000000
0.000000
0.000000
0.000000
0.000000
-1.060903
0.690620
0.665115
-1.098743
0.641213
0.719120
0.000000
0.000000
0.000000
0.000000
0.000000
0.000000
-1.219637
0.743338
0.788253
-1.231013
0.766630
0.768972
0.000000
0.000000
0.000000
0.000000
0.000000
0.000000
-1.253368
0.598810
0.667345
-1.244597
0.992829
0.746826
0.000000
0.000000
0.000000
0.000000
0.000000
0.000000
-0.983249
0.723167
0.599574
-1.007012
0.712181
0.715588
0.000000
0.000000
0.000000
0.000000
0.000000
0.000000
0.000000
0.000000
0.000000
-0.891595
1.385431
0.774999
0.000000
0.000000
0.000000
0.000000
0.000000
0.000000
-1.414029
0.413575
0.658572
-1.231375
0.958384
0.802535
0.000000
0.000000
0.000000
0.000000
0.000000
0.000000
-1.505016
0.586502
0.851196
-1.542886
0.485655
0.828591
0.000000
0.000000
0.000000
0.000000
0.000000
0.000000
-1.354957
0.937526
0.714417
-1.307861
1.313385
0.636847
0.000000
0.000000
0.000000
0.000000
0.000000
0.000000
0.000000
0.000000
0.000000
-1.154870
0.887074
0.685903
0.000000
0.000000
0.000000
0.000000
0.000000
0.000000
-1.354859
0.841302
0.723553
-1.371187
0.873648
0.723570
-1.120701
0.692840
0.790409
-1.079711
0.692347
0.781753
-1.036727
0.776616
0.744901
-1.004068
0.783363
0.732860
0.000000
0.000000
0.000000
0.000000
0.000000
0.000000
-1.586996
0.466238
0.937544
-1.709653
0.468325
0.888707
0.000000
0.000000
0.000000
0.000000
0.000000
0.000000
-1.418495
1.067529
0.703426
-1.469907
1.216760
0.628970
0.000000
0.000000
0.000000
0.000000
0.000000
0.000000
-1.251819
0.655471
0.770735
-1.350010
0.621853
0.787815
0.000000
0.000000
0.000000
0.000000
0.000000
0.000000
-1.253312
0.712592
0.755066
-1.227436
0.735521
0.803438
0.000000
0.000000
0.000000
0.000000
0.000000
0.000000
-1.568899
0.994305
0.860107
-1.582070
0.996143
0.783854
0.000000
0.000000
0.000000
0.000000
0.000000
0.000000
0.000000
0.000000
0.000000
-1.288636
0.487238
0.673017
0.000000
0.000000
0.000000
0.000000
0.000000
0.000000
-1.557168
0.965472
0.696646
-1.579016
1.096162
0.641150
0.000000
0.000000
0.000000
0.000000
0.000000
0.000000
0.000000
0.000000
0.000000
-1.210993
0.764438
0.638196
0.000000
0.000000
0.000000
0.000000
0.000000
0.000000
-1.281434
0.968849
0.687583
-1.293422
1.019542
0.626067
0.000000
0.000000
0.000000
0.000000
0.000000
0.000000
-1.057347
1.457104
0.632057
-1.181585
1.075535
0.569547
0.000000
0.000000
0.000000
0.000000
0.000000
0.000000
-1.316009
0.595506
0.834311
-1.198621
0.771485
0.769305
0.000000
0.000000
0.000000
0.000000
0.000000
0.000000
-1.660683
0.334628
0.928249
-1.691539
0.341893
0.914227
0.000000
0.000000
0.000000
0.000000
0.000000
0.000000
-1.431995
0.600097
0.858486
-1.500159
0.572008
0.819981
0.000000
0.000000
0.000000
0.000000
0.000000
0.000000
0.000000
0.000000
0.000000
-1.334415
0.893100
0.647664
-1.521594
0.643777
0.829411
-1.541365
0.554328
0.866867
-1.516532
0.651967
0.829411
-1.514305
0.654064
0.859582
0.000000
0.000000
0.000000
0.000000
0.000000
0.000000
0.000000
0.000000
0.000000
-1.048051
0.989880
0.650988
0.000000
0.000000
0.000000
0.000000
0.000000
0.000000
0.000000
0.000000
0.000000
-1.145237
0.939001
0.684784
0.000000
0.000000
0.000000
0.000000
0.000000
0.000000
0.000000
0.000000
0.000000
-1.359423
0.760459
0.787468
0.000000
0.000000
0.000000
0.000000
0.000000
0.000000
-1.509309
0.460850
0.833130
-1.473583
0.499072
0.877349
0.000000
0.000000
0.000000
0.000000
0.000000
0.000000
-1.020680
1.489667
0.753510
-1.127765
0.978921
0.736794
0.000000
0.000000
0.000000
0.000000
0.000000
0.000000
0.000000
0.000000
0.000000
-1.215056
0.466155
0.909456
0.000000
0.000000
0.000000
0.000000
0.000000
0.000000
0.000000
0.000000
0.000000
-0.979371
1.762012
0.646889
0.000000
0.000000
0.000000
0.000000
0.000000
0.000000
-1.223066
0.787077
0.793459
-1.228016
0.681048
0.759244
0.000000
0.000000
0.000000
0.000000
0.000000
0.000000
-1.400027
1.226972
0.599526
-1.435815
1.316052
0.538389
0.000000
0.000000
0.000000
0.000000
0.000000
0.000000
-1.066882
0.580674
0.871185
-1.104111
0.541144
0.860814
0.000000
0.000000
0.000000
0.000000
0.000000
0.000000
0.000000
0.000000
0.000000
-1.084188
1.335966
0.841707
0.000000
0.000000
0.000000
0.000000
0.000000
0.000000
-1.087745
1.312797
0.864552
-1.242622
1.014395
0.729171
0.000000
0.000000
0.000000
0.000000
0.000000
0.000000
-1.330101
0.892751
0.788577
-1.367313
0.828856
0.759657
0.000000
0.000000
0.000000
0.000000
0.000000
0.000000
-1.273923
0.644958
0.803106
-1.302803
0.787974
0.780330
0.000000
0.000000
0.000000
0.000000
0.000000
0.000000
0.000000
0.000000
0.000000
-1.378812
0.564111
0.664702
0.000000
0.000000
0.000000
0.000000
0.000000
0.000000
-1.501771
0.606459
0.645383
-1.514805
0.575074
0.912677
0.000000
0.000000
0.000000
0.000000
0.000000
0.000000
-1.276057
0.841458
0.643332
-1.385121
0.753910
0.845852
0.000000
0.000000
0.000000
0.000000
0.000000
0.000000
-1.230552
0.591938
0.692663
-1.214921
0.656497
1.015048
0.000000
0.000000
0.000000
0.000000
0.000000
0.000000
-1.010048
0.767564
0.793527
-0.903073
0.968216
0.819743
0.000000
0.000000
0.000000
0.000000
0.000000
0.000000
0.000000
0.000000
0.000000
-1.272704
1.320409
0.775125
0.000000
0.000000
0.000000
0.000000
0.000000
0.000000
-1.243949
0.447875
0.676876
-1.184868
0.520389
0.893136
0.000000
0.000000
0.000000
0.000000
0.000000
0.000000
-1.181849
0.742733
0.758238
-1.167683
0.988371
0.741934
0.000000
0.000000
0.000000
0.000000
0.000000
0.000000
-1.593454
1.118739
0.641712
-1.616909
1.114895
0.654107
0.000000
0.000000
0.000000
0.000000
0.000000
0.000000
-1.255476
0.759574
0.784063
-1.305886
0.770375
0.772387
0.000000
0.000000
0.000000
0.000000
0.000000
0.000000
-1.072165
0.968103
0.745745
-1.158223
0.767172
0.694448
0.000000
0.000000
0.000000
0.000000
0.000000
0.000000
0.000000
0.000000
0.000000
-1.212431
0.814777
0.863851
-1.216289
0.692194
0.714063
-1.237527
1.085998
0.758310
-1.223336
0.691269
0.714063
-1.238700
1.096797
0.758310
0.000000
0.000000
0.000000
0.000000
0.000000
0.000000
-1.486910
1.258391
0.577825
-1.507871
1.232037
0.615865
0.000000
0.000000
0.000000
0.000000
0.000000
0.000000
-1.131309
0.692742
0.829539
-1.225052
0.659020
0.830885
0.000000
0.000000
0.000000
0.000000
0.000000
0.000000
-1.287518
0.436602
0.746696
-1.273422
0.567143
0.928251
0.000000
0.000000
0.000000
0.000000
0.000000
0.000000
-1.664071
0.411546
0.885061
-1.692759
0.408392
0.884429
0.000000
0.000000
0.000000
0.000000
0.000000
0.000000
-1.291320
1.275935
0.559036
-1.378607
1.139252
0.521999
0.000000
0.000000
0.000000
0.000000
0.000000
0.000000
0.000000
0.000000
0.000000
-1.340174
0.813497
0.832923
0.000000
0.000000
0.000000
-1.189829
0.517727
0.789952
0.000000
0.000000
0.000000
-1.169289
0.523262
0.789952
0.000000
0.000000
0.000000
0.000000
0.000000
0.000000
-1.269077
0.849417
0.743387
-1.343982
0.900546
0.707376
0.000000
0.000000
0.000000
0.000000
0.000000
0.000000
-1.176221
0.931474
0.651469
-1.236300
0.832592
0.699926
0.000000
0.000000
0.000000
0.000000
0.000000
0.000000
-1.243238
0.830111
0.759643
-1.296985
0.807428
0.756629
0.000000
0.000000
0.000000
0.000000
0.000000
0.000000
-1.386926
0.600823
0.867730
-1.420217
0.649510
0.868889
0.000000
0.000000
0.000000
-1.041612
1.160510
0.623274
0.000000
0.000000
0.000000
-1.011992
1.193513
0.623274
0.000000
0.000000
0.000000
0.000000
0.000000
0.000000
-1.225890
1.121660
0.592812
-1.286894
1.144440
0.558273
0.000000
0.000000
0.000000
0.000000
0.000000
0.000000
-1.123727
1.178150
0.577970
-1.268349
0.858199
0.627159
0.000000
0.000000
0.000000
0.000000
0.000000
0.000000
-1.358088
0.479658
0.732404
-1.407502
0.584937
0.829529
-1.087478
1.040697
0.610739
-1.112486
1.112490
0.675609
-1.155492
0.888308
0.612939
-1.198672
0.888253
0.720810
0.000000
0.000000
0.000000
0.000000
0.000000
0.000000
-1.454953
1.020667
0.721232
-1.484893
1.046655
0.690631
0.000000
0.000000
0.000000
0.000000
0.000000
0.000000
0.000000
0.000000
0.000000
-1.217574
0.837604
0.662137
0.000000
0.000000
0.000000
0.000000
0.000000
0.000000
-1.319875
0.516680
0.812187
-1.340130
0.498861
0.850093
0.000000
0.000000
0.000000
0.000000
0.000000
0.000000
-1.227720
0.695466
0.837917
-1.281481
0.711716
0.782289
0.000000
0.000000
0.000000
0.000000
0.000000
0.000000
-1.186761
1.013566
0.646179
-1.243410
0.944432
0.672214
0.000000
0.000000
0.000000
0.000000
0.000000
0.000000
-1.325112
0.638712
0.790066
-1.394563
0.583759
0.804222
0.000000
0.000000
0.000000
0.000000
0.000000
0.000000
-1.072322
0.888560
0.709745
-1.126563
0.827348
0.739291
-1.192662
0.603866
0.855156
-1.089940
0.775198
0.766962
-1.190528
0.601977
0.855156
-1.088554
0.774451
0.766962
0.000000
0.000000
0.000000
0.000000
0.000000
0.000000
-1.456826
1.104559
0.734813
-1.456959
1.085523
0.681947
0.000000
0.000000
0.000000
0.000000
0.000000
0.000000
0.000000
0.000000
0.000000
-1.134303
2.188708
0.692176
0.000000
0.000000
0.000000
0.000000
0.000000
0.000000
-1.157583
0.579223
0.701201
-1.151652
0.656240
0.858224
0.000000
0.000000
0.000000
0.000000
0.000000
0.000000
-1.268062
0.810669
0.715642
-1.362861
0.819553
0.754270
0.000000
0.000000
0.000000
0.000000
0.000000
0.000000
-1.109924
0.547795
0.608563
-1.005677
0.650644
1.035681
0.000000
0.000000
0.000000
0.000000
0.000000
0.000000
-1.224579
0.683712
0.629462
-1.252880
0.859291
0.845873
0.000000
0.000000
0.000000
0.000000
0.000000
0.000000
-1.465431
1.079390
0.742445
-1.517331
0.898221
0.673871
0.000000
0.000000
0.000000
0.000000
0.000000
0.000000
-1.138993
0.941417
0.745512
-1.251096
0.877995
0.685769
0.000000
0.000000
0.000000
0.000000
0.000000
0.000000
-1.434799
0.553381
0.762066
-1.403641
0.660718
0.815086
0.000000
0.000000
0.000000
0.000000
0.000000
0.000000
-1.083043
0.800506
0.691685
-1.075673
0.770964
0.771174
0.000000
0.000000
0.000000
0.000000
0.000000
0.000000
-1.601077
0.381810
0.885524
-1.594183
0.411665
0.877127
0.000000
0.000000
0.000000
0.000000
0.000000
0.000000
-1.241685
1.036753
0.657516
-1.337526
0.978838
0.674034
0.000000
0.000000
0.000000
0.000000
0.000000
0.000000
-1.418605
0.604264
0.820893
-1.446354
0.574000
0.837599
0.000000
0.000000
0.000000
0.000000
0.000000
0.000000
-1.502319
0.536501
0.882492
-1.468184
0.591167
0.838697
0.000000
0.000000
0.000000
0.000000
0.000000
0.000000
0.000000
0.000000
0.000000
-1.164610
0.825856
0.765132
0.000000
0.000000
0.000000
0.000000
0.000000
0.000000
-1.012871
1.085770
0.782572
-1.207793
0.714910
0.660215
0.000000
0.000000
0.000000
0.000000
0.000000
0.000000
0.000000
0.000000
0.000000
-1.222907
0.621478
0.792941
0.000000
0.000000
0.000000
0.000000
0.000000
0.000000
0.000000
0.000000
0.000000
-1.131261
0.553201
0.612498
0.000000
0.000000
0.000000
0.000000
0.000000
0.000000
-1.287166
0.820897
0.714632
-1.316788
0.899055
0.695683
0.000000
0.000000
0.000000
0.000000
0.000000
0.000000
0.000000
0.000000
0.000000
-1.020293
0.925633
0.836612
0.000000
0.000000
0.000000
0.000000
0.000000
0.000000
-1.117215
0.727507
0.787663
-1.154933
0.944201
0.857819
0.000000
0.000000
0.000000
0.000000
0.000000
0.000000
-1.547964
0.948855
0.739206
-1.571767
0.958636
0.731478
0.000000
0.000000
0.000000
0.000000
0.000000
0.000000
-1.178309
0.910050
0.720382
-1.197712
0.756774
0.807182
0.000000
0.000000
0.000000
0.000000
0.000000
0.000000
-1.235795
1.241558
0.596195
-1.357266
1.047625
0.652773
0.000000
0.000000
0.000000
0.000000
0.000000
0.000000
-1.147970
0.948932
0.552073
-1.170838
1.051081
0.548733
0.000000
0.000000
0.000000
0.000000
0.000000
0.000000
-1.273339
0.953019
0.652286
-1.298579
0.941920
0.835807
0.000000
0.000000
0.000000
0.000000
0.000000
0.000000
0.000000
0.000000
0.000000
-1.046635
0.756151
0.888987
0.000000
0.000000
0.000000
0.000000
0.000000
0.000000
-1.096327
0.990071
0.712691
-1.160225
1.093127
0.677292
0.000000
0.000000
0.000000
0.000000
0.000000
0.000000
-0.992529
1.214000
0.693732
-1.099580
1.165459
0.569069
0.000000
0.000000
0.000000
0.000000
0.000000
0.000000
0.000000
0.000000
0.000000
-1.124688
0.470944
0.763028
0.000000
0.000000
0.000000
0.000000
0.000000
0.000000
-1.429576
0.973695
0.672141
-1.458778
0.963352
0.693296
-1.426632
0.402630
0.891654
-1.476592
0.339739
0.890194
-1.406176
0.445155
0.895385
-1.407912
0.494470
0.858678
0.000000
0.000000
0.000000
0.000000
0.000000
0.000000
-1.138663
0.837983
0.720842
-1.147765
0.787405
0.716445
0.000000
0.000000
0.000000
0.000000
0.000000
0.000000
-1.206592
1.335840
0.643726
-1.331807
1.171848
0.655694
0.000000
0.000000
0.000000
0.000000
0.000000
0.000000
-1.270557
0.572450
0.852098
-1.339116
0.516156
0.862270
0.000000
0.000000
0.000000
0.000000
0.000000
0.000000
-1.211089
1.119001
0.578337
-1.252165
1.201296
0.597958
0.000000
0.000000
0.000000
0.000000
0.000000
0.000000
-1.520699
0.409265
0.883024
-1.531395
0.417995
0.879596
0.000000
0.000000
0.000000
0.000000
0.000000
0.000000
-1.363418
0.709649
0.868286
-1.436482
0.663967
0.816508
0.000000
0.000000
0.000000
0.000000
0.000000
0.000000
-1.258571
0.600259
0.653741
-1.299502
0.705878
0.747872
0.000000
0.000000
0.000000
0.000000
0.000000
0.000000
0.000000
0.000000
0.000000
-1.193911
0.993741
0.821174
0.000000
0.000000
0.000000
0.000000
0.000000
0.000000
-1.261848
0.618924
0.671458
-1.124607
1.080070
0.588959
0.000000
0.000000
0.000000
0.000000
0.000000
0.000000
-1.216784
1.058236
0.658794
-1.274169
1.109299
0.585704
-1.160014
0.964457
0.718646
-1.201355
0.909609
0.721461
-1.126075
0.972374
0.718646
-1.193511
0.907451
0.716403
0.000000
0.000000
0.000000
0.000000
0.000000
0.000000
-1.515701
0.501979
0.842005
-1.561751
0.534736
0.841769
0.000000
0.000000
0.000000
0.000000
0.000000
0.000000
0.000000
0.000000
0.000000
-1.283480
0.762214
0.769194
-1.309074
0.536975
0.822083
-1.312899
0.563272
0.842234
-1.217427
0.607548
0.816091
-1.165236
0.702555
0.818330
0.000000
0.000000
0.000000
0.000000
0.000000
0.000000
0.000000
0.000000
0.000000
-1.220270
0.894327
0.574619
-1.352892
0.414666
0.761653
-1.296333
0.579549
0.849544
-1.348883
0.422828
0.761653
-1.270907
0.571719
0.849544
-1.383365
0.476621
0.762439
-1.324656
0.552303
0.708154
-1.324974
0.489450
0.762439
-1.263176
0.574168
0.688987
0.000000
0.000000
0.000000
0.000000
0.000000
0.000000
-1.172192
1.294535
0.677059
-1.233527
1.053504
0.667136
0.000000
0.000000
0.000000
0.000000
0.000000
0.000000
-1.007132
0.747392
0.759044
-1.056529
0.903920
0.647775
0.000000
0.000000
0.000000
0.000000
0.000000
0.000000
-1.298535
0.420004
0.915940
-1.237278
0.532111
0.869747
0.000000
0.000000
0.000000
0.000000
0.000000
0.000000
-1.419608
0.756527
0.770493
-1.429910
0.817930
0.744094
0.000000
0.000000
0.000000
0.000000
0.000000
0.000000
-1.411692
1.031500
0.767508
-1.458020
1.015496
0.711601
0.000000
0.000000
0.000000
0.000000
0.000000
0.000000
0.000000
0.000000
0.000000
-1.179547
1.585276
0.692224
0.000000
0.000000
0.000000
0.000000
0.000000
0.000000
-1.264531
0.787133
0.754253
-1.195326
1.029096
0.761770
0.000000
0.000000
0.000000
0.000000
0.000000
0.000000
-0.968642
1.251503
0.901267
-1.132130
1.112492
0.711478
0.000000
0.000000
0.000000
0.000000
0.000000
0.000000
-1.121054
0.888882
0.683359
-1.256564
0.608286
0.733241
0.000000
0.000000
0.000000
0.000000
0.000000
0.000000
-1.385994
0.485997
0.906373
-1.521540
0.421450
0.879725
0.000000
0.000000
0.000000
0.000000
0.000000
0.000000
0.000000
0.000000
0.000000
-1.261428
0.452100
0.817722
0.000000
0.000000
0.000000
0.000000
0.000000
0.000000
-1.444954
0.487898
0.714602
-1.499301
0.439921
0.870890
0.000000
0.000000
0.000000
0.000000
0.000000
0.000000
-1.133103
0.854068
0.774590
-1.112488
0.780344
0.660541
0.000000
0.000000
0.000000
0.000000
0.000000
0.000000
-1.205916
0.879850
0.743387
-1.247596
0.909546
0.679424
0.000000
0.000000
0.000000
0.000000
0.000000
0.000000
-1.269829
1.113628
0.745626
-1.314090
1.395786
0.754731
0.000000
0.000000
0.000000
0.000000
0.000000
0.000000
-1.194404
0.823720
0.858227
-1.230164
0.721263
0.771843
0.000000
0.000000
0.000000
0.000000
0.000000
0.000000
-1.306114
0.551395
0.951778
-1.346594
0.668613
0.834215
0.000000
0.000000
0.000000
0.000000
0.000000
0.000000
-1.368012
0.601240
0.836648
-1.501920
0.488838
0.873355
0.000000
0.000000
0.000000
0.000000
0.000000
0.000000
-1.418081
0.439925
0.841205
-1.468835
0.421753
0.863887
0.000000
0.000000
0.000000
-1.102086
0.573895
0.873127
0.000000
0.000000
0.000000
-1.077123
0.578585
0.873127
0.000000
0.000000
0.000000
0.000000
0.000000
0.000000
-1.234886
0.935492
0.602812
-1.269709
0.982534
0.713816
0.000000
0.000000
0.000000
0.000000
0.000000
0.000000
-1.123151
0.586517
0.851101
-1.177162
0.600245
0.808222
0.000000
0.000000
0.000000
0.000000
0.000000
0.000000
-1.324835
0.523912
0.837772
-1.359951
0.560249
0.863070
0.000000
0.000000
0.000000
0.000000
0.000000
0.000000
0.000000
0.000000
0.000000
-1.243290
0.816018
0.690908
0.000000
0.000000
0.000000
0.000000
0.000000
0.000000
-1.163005
0.783501
0.719794
-1.196102
0.642931
0.714080
0.000000
0.000000
0.000000
0.000000
0.000000
0.000000
-1.448523
0.333579
0.998190
-1.532607
0.283682
0.888801
0.000000
0.000000
0.000000
0.000000
0.000000
0.000000
-1.326661
0.793536
0.863373
-1.444474
0.694736
0.845402
0.000000
0.000000
0.000000
0.000000
0.000000
0.000000
-1.071658
1.204932
0.437888
-1.178882
1.240398
0.526354
0.000000
0.000000
0.000000
0.000000
0.000000
0.000000
0.000000
0.000000
0.000000
-1.293920
0.598159
0.668938
0.000000
0.000000
0.000000
0.000000
0.000000
0.000000
-1.293600
0.667757
0.659921
-1.282652
0.918076
0.648711
-1.245574
0.937750
0.692650
-1.264608
0.879130
0.703770
-1.183069
0.822889
0.719974
-1.184138
0.821592
0.724660
-1.229674
1.322764
0.747184
-1.279205
1.043174
0.749064
-1.221804
1.329170
0.747184
-1.275831
1.039111
0.749064
0.000000
0.000000
0.000000
0.000000
0.000000
0.000000
-1.284278
0.541534
0.697144
-1.166365
0.866832
0.776182
0.000000
0.000000
0.000000
0.000000
0.000000
0.000000
-1.369263
0.850481
0.741468
-1.399001
0.850215
0.744559
0.000000
0.000000
0.000000
0.000000
0.000000
0.000000
-1.513407
0.535923
0.827537
-1.475216
0.713883
0.795393
0.000000
0.000000
0.000000
0.000000
0.000000
0.000000
0.000000
0.000000
0.000000
-1.299522
1.052332
0.841231
0.000000
0.000000
0.000000
0.000000
0.000000
0.000000
-1.388774
0.997657
0.670496
-1.416023
0.938369
0.691476
0.000000
0.000000
0.000000
0.000000
0.000000
0.000000
0.000000
0.000000
0.000000
-1.089114
0.566848
0.784155
0.000000
0.000000
0.000000
0.000000
0.000000
0.000000
0.000000
0.000000
0.000000
-1.213851
1.099266
0.786438
0.000000
0.000000
0.000000
0.000000
0.000000
0.000000
-1.483903
0.685246
0.787209
-1.533333
0.761067
0.811036
0.000000
0.000000
0.000000
0.000000
0.000000
0.000000
-1.421813
0.570321
0.844973
-1.434527
0.599253
0.835983
0.000000
0.000000
0.000000
0.000000
0.000000
0.000000
-1.418651
0.951093
0.707693
-1.426932
0.846819
0.653948
0.000000
0.000000
0.000000
0.000000
0.000000
0.000000
0.000000
0.000000
0.000000
-1.109315
0.727067
0.628103
0.000000
0.000000
0.000000
0.000000
0.000000
0.000000
-1.120312
1.170582
0.481738
-1.170945
1.240137
0.454948
0.000000
0.000000
0.000000
0.000000
0.000000
0.000000
-1.255004
0.635934
0.782659
-1.351919
0.552740
0.889330
0.000000
0.000000
0.000000
0.000000
0.000000
0.000000
-1.389590
0.693923
0.811619
-1.508281
0.578022
0.917687
0.000000
0.000000
0.000000
0.000000
0.000000
0.000000
0.000000
0.000000
0.000000
-1.252598
0.820960
0.678138
-1.211833
0.536416
0.792310
-1.133854
0.833001
0.725773
-1.104501
0.624785
0.766326
-1.064789
0.816408
0.693464
0.000000
0.000000
0.000000
0.000000
0.000000
0.000000
0.000000
0.000000
0.000000
-1.377529
1.221142
0.678103
0.000000
0.000000
0.000000
0.000000
0.000000
0.000000
-1.193589
1.099116
0.664423
-1.206456
1.022928
0.651601
0.000000
0.000000
0.000000
0.000000
0.000000
0.000000
0.000000
0.000000
0.000000
-1.085450
0.891847
0.601542
0.000000
0.000000
0.000000
-1.006027
1.539145
0.734294
0.000000
0.000000
0.000000
-0.972442
1.558049
0.734294
0.000000
0.000000
0.000000
0.000000
0.000000
0.000000
-1.322766
1.074246
0.621547
-1.360112
1.052263
0.637722
0.000000
0.000000
0.000000
0.000000
0.000000
0.000000
0.000000
0.000000
0.000000
-1.267887
0.589126
0.798338
0.000000
0.000000
0.000000
0.000000
0.000000
0.000000
-1.001709
0.917454
0.606381
-1.085964
0.898950
0.673338
0.000000
0.000000
0.000000
0.000000
0.000000
0.000000
-1.062012
0.939019
0.803352
-1.298594
0.863357
0.739428
0.000000
0.000000
0.000000
0.000000
0.000000
0.000000
-1.279810
1.044150
0.618429
-1.352963
0.813836
0.691934
-1.414663
0.458150
1.083576
-1.492928
0.463900
0.973933
-1.388941
0.470547
1.067461
-1.457674
0.462179
0.967783
0.000000
0.000000
0.000000
0.000000
0.000000
0.000000
-1.242909
0.712127
0.757480
-1.262191
0.816972
0.782548
0.000000
0.000000
0.000000
0.000000
0.000000
0.000000
-1.093378
1.184479
1.004172
-1.116818
1.050760
0.866537
0.000000
0.000000
0.000000
0.000000
0.000000
0.000000
-1.207291
0.698979
0.807462
-1.266036
0.633256
0.777767
0.000000
0.000000
0.000000
0.000000
0.000000
0.000000
-1.257154
0.655389
0.756791
-1.350097
0.510771
0.763832
0.000000
0.000000
0.000000
0.000000
0.000000
0.000000
-0.972803
0.805557
0.738137
-1.066855
0.725588
0.638926
0.000000
0.000000
0.000000
0.000000
0.000000
0.000000
0.000000
0.000000
0.000000
-1.207271
0.530103
0.605641
0.000000
0.000000
0.000000
0.000000
0.000000
0.000000
0.000000
0.000000
0.000000
-1.335140
0.552085
0.635111
-1.329644
0.822066
0.782113
-1.312641
0.802112
0.786072
-1.318243
0.842936
0.772928
-1.299947
0.806648
0.780519
-0.978199
0.965117
0.750267
-1.007715
1.118680
0.595335
-0.965353
0.992166
0.750267
-1.045517
1.115099
0.615063
0.000000
0.000000
0.000000
0.000000
0.000000
0.000000
-1.158449
0.597117
0.972011
-1.312612
0.651206
0.883557
0.000000
0.000000
0.000000
0.000000
0.000000
0.000000
-1.059901
0.891657
0.640679
-1.117332
0.989161
0.656434
0.000000
0.000000
0.000000
0.000000
0.000000
0.000000
-1.246529
0.800281
0.669756
-1.341216
0.853680
0.655337
0.000000
0.000000
0.000000
0.000000
0.000000
0.000000
-1.285582
0.634697
0.730115
-1.391911
0.575147
0.795594
0.000000
0.000000
0.000000
0.000000
0.000000
0.000000
-1.103795
1.019624
0.698790
-1.142337
1.077085
0.788769
0.000000
0.000000
0.000000
0.000000
0.000000
0.000000
-1.158099
0.954210
0.627234
-1.332873
0.847512
0.740499
0.000000
0.000000
0.000000
0.000000
0.000000
0.000000
-1.260064
0.641231
0.759515
-1.318371
0.645927
0.776779
0.000000
0.000000
0.000000
0.000000
0.000000
0.000000
-1.264440
0.521940
0.843116
-1.356727
0.531821
0.881221
0.000000
0.000000
0.000000
0.000000
0.000000
0.000000
-1.411947
1.169481
0.604097
-1.431382
1.176747
0.591846
0.000000
0.000000
0.000000
0.000000
0.000000
0.000000
-1.234958
0.548476
0.832418
-1.203660
0.518249
0.843462
0.000000
0.000000
0.000000
0.000000
0.000000
0.000000
0.000000
0.000000
0.000000
-1.319395
0.488431
0.775863
0.000000
0.000000
0.000000
0.000000
0.000000
0.000000
-1.345675
0.795035
0.754808
-1.372023
0.794156
0.752058
0.000000
0.000000
0.000000
0.000000
0.000000
0.000000
-1.237313
0.441345
0.820445
-1.117335
0.572225
0.908897
0.000000
0.000000
0.000000
0.000000
0.000000
0.000000
-1.372887
0.738056
0.815222
-1.364173
0.797812
0.803356
0.000000
0.000000
0.000000
0.000000
0.000000
0.000000
-0.713306
2.883047
0.934803
-0.935557
1.531467
0.758141
0.000000
0.000000
0.000000
0.000000
0.000000
0.000000
-1.496668
0.931226
0.706460
-1.512771
0.957655
0.701766
0.000000
0.000000
0.000000
0.000000
0.000000
0.000000
0.000000
0.000000
0.000000
-1.554949
0.508943
0.666232
0.000000
0.000000
0.000000
-1.351732
0.671425
1.034266
0.000000
0.000000
0.000000
-1.328687
0.681435
1.034266
0.000000
0.000000
0.000000
0.000000
0.000000
0.000000
0.000000
0.000000
0.000000
-1.142197
0.906423
0.656891
0.000000
0.000000
0.000000
0.000000
0.000000
0.000000
-1.431863
1.004307
0.657244
-1.465192
0.956036
0.760801
0.000000
0.000000
0.000000
0.000000
0.000000
0.000000
-1.618783
0.639807
0.833293
-1.640329
0.653360
0.839368
0.000000
0.000000
0.000000
0.000000
0.000000
0.000000
-1.217293
0.706395
0.738542
-1.309146
0.610903
0.986411
0.000000
0.000000
0.000000
0.000000
0.000000
0.000000
0.000000
0.000000
0.000000
-0.855405
1.523450
0.877860
-1.105183
0.899070
0.722466
-1.134484
0.882129
0.708436
-1.140555
0.855200
0.723251
-1.153994
0.871706
0.710873
0.000000
0.000000
0.000000
0.000000
0.000000
0.000000
-1.304955
0.643744
0.860236
-1.297711
0.710525
0.791692
0.000000
0.000000
0.000000
0.000000
0.000000
0.000000
-1.498464
0.303367
0.682412
-1.573342
0.265108
1.086679
0.000000
0.000000
0.000000
0.000000
0.000000
0.000000
-1.456986
0.647181
0.781045
-1.454463
0.653038
0.803501
0.000000
0.000000
0.000000
0.000000
0.000000
0.000000
-1.362870
1.144692
0.781233
-1.382964
1.240243
0.756434
0.000000
0.000000
0.000000
0.000000
0.000000
0.000000
-1.198024
0.683631
0.845557
-1.266488
0.619632
0.814040
0.000000
0.000000
0.000000
0.000000
0.000000
0.000000
-1.293242
0.745232
0.733533
-1.327572
0.746241
0.748391
0.000000
0.000000
0.000000
0.000000
0.000000
0.000000
-1.237147
0.894759
0.728716
-1.275122
0.943461
0.720059
0.000000
0.000000
0.000000
0.000000
0.000000
0.000000
-1.341417
0.765382
0.787150
-1.403803
0.742216
0.819699
0.000000
0.000000
0.000000
0.000000
0.000000
0.000000
0.000000
0.000000
0.000000
-0.967274
1.042808
0.765205
0.000000
0.000000
0.000000
0.000000
0.000000
0.000000
-1.119106
0.787448
0.816883
-1.217552
0.522687
0.896096
0.000000
0.000000
0.000000
0.000000
0.000000
0.000000
-1.727316
0.552483
0.913355
-1.698855
0.538924
0.869065
0.000000
0.000000
0.000000
0.000000
0.000000
0.000000
-1.416547
0.534821
0.808838
-1.478282
0.415897
0.824706
0.000000
0.000000
0.000000
0.000000
0.000000
0.000000
-0.917292
0.876192
0.748359
-0.966265
0.836065
0.738195
0.000000
0.000000
0.000000
0.000000
0.000000
0.000000
-1.151876
1.034738
0.500387
-1.232776
1.064957
0.513471
0.000000
0.000000
0.000000
0.000000
0.000000
0.000000
-1.100880
0.672157
0.804149
-1.131267
0.775311
0.770613
-0.991059
1.315204
0.690902
-1.085933
1.089751
0.643199
-0.905623
1.353490
0.690902
-1.032695
1.184674
0.669983
0.000000
0.000000
0.000000
0.000000
0.000000
0.000000
-1.422736
0.761724
0.619460
-1.408680
1.082000
0.734670
0.000000
0.000000
0.000000
0.000000
0.000000
0.000000
-1.319386
0.561130
0.706201
-1.356511
0.816444
0.924761
0.000000
0.000000
0.000000
0.000000
0.000000
0.000000
-1.350127
0.510278
0.654126
-1.366396
0.523456
0.921001
0.000000
0.000000
0.000000
0.000000
0.000000
0.000000
-1.464645
0.403463
0.876884
-1.502392
0.388807
0.879114
0.000000
0.000000
0.000000
0.000000
0.000000
0.000000
-1.414549
0.784722
0.738465
-1.464300
0.768441
0.752068
0.000000
0.000000
0.000000
0.000000
0.000000
0.000000
0.000000
0.000000
0.000000
-1.017875
1.057555
0.702023
0.000000
0.000000
0.000000
0.000000
0.000000
0.000000
0.000000
0.000000
0.000000
-1.477590
0.442851
0.916775
0.000000
0.000000
0.000000
0.000000
0.000000
0.000000
-1.489169
0.682239
0.766152
-1.605231
0.570668
0.847588
0.000000
0.000000
0.000000
0.000000
0.000000
0.000000
-1.206208
0.784694
0.694768
-1.260069
0.763608
0.740230
0.000000
0.000000
0.000000
0.000000
0.000000
0.000000
-1.391547
0.381566
0.874243
-1.420888
0.379306
0.875370
0.000000
0.000000
0.000000
0.000000
0.000000
0.000000
0.000000
0.000000
0.000000
-1.418944
0.534161
0.971029
0.000000
0.000000
0.000000
0.000000
0.000000
0.000000
-1.146304
0.549977
0.781616
-1.100892
0.738942
0.739917
0.000000
0.000000
0.000000
0.000000
0.000000
0.000000
-1.386900
0.705430
0.744264
-1.367793
0.767556
0.761172
0.000000
0.000000
0.000000
0.000000
0.000000
0.000000
-1.136207
0.950381
0.662548
-1.203643
0.919658
0.678463
0.000000
0.000000
0.000000
0.000000
0.000000
0.000000
-1.390208
0.849129
0.723216
-1.373872
0.987341
0.691182
0.000000
0.000000
0.000000
0.000000
0.000000
0.000000
0.000000
0.000000
0.000000
-1.255716
0.774268
0.812380
0.000000
0.000000
0.000000
0.000000
0.000000
0.000000
-1.311091
0.905426
1.020476
-1.373040
0.851658
0.795819
0.000000
0.000000
0.000000
0.000000
0.000000
0.000000
-1.172267
0.657861
0.833213
-1.162116
0.759194
0.788398
0.000000
0.000000
0.000000
0.000000
0.000000
0.000000
0.000000
0.000000
0.000000
-0.928633
0.723626
0.717236
0.000000
0.000000
0.000000
0.000000
0.000000
0.000000
-1.310225
0.941934
0.849060
-1.285797
1.137137
0.851189
0.000000
0.000000
0.000000
0.000000
0.000000
0.000000
-1.266062
0.581865
0.773047
-1.275160
0.630069
0.802816
0.000000
0.000000
0.000000
0.000000
0.000000
0.000000
0.000000
0.000000
0.000000
-1.212716
0.747116
0.729201
0.000000
0.000000
0.000000
0.000000
0.000000
0.000000
0.000000
0.000000
0.000000
-1.150735
0.982071
0.706517
0.000000
0.000000
0.000000
0.000000
0.000000
0.000000
-1.249854
0.617256
0.718772
-1.167098
1.040927
0.725023
0.000000
0.000000
0.000000
0.000000
0.000000
0.000000
-1.558495
0.586965
0.847600
-1.588817
0.576183
0.846134
0.000000
0.000000
0.000000
0.000000
0.000000
0.000000
-1.175973
0.521034
0.783171
-1.158555
0.511740
0.814511
0.000000
0.000000
0.000000
0.000000
0.000000
0.000000
-1.363148
0.531737
0.804124
-1.463899
0.546558
0.906984
0.000000
0.000000
0.000000
0.000000
0.000000
0.000000
0.000000
0.000000
0.000000
-1.327150
0.833055
0.661831
0.000000
0.000000
0.000000
0.000000
0.000000
0.000000
-1.376710
0.559148
0.792029
-1.344546
0.603076
0.807864
0.000000
0.000000
0.000000
0.000000
0.000000
0.000000
-1.339179
0.987622
0.511602
-1.337951
1.166146
0.512498
0.000000
0.000000
0.000000
0.000000
0.000000
0.000000
-1.367850
0.667651
0.869783
-1.224615
0.815267
0.805327
0.000000
0.000000
0.000000
0.000000
0.000000
0.000000
-1.189972
0.725993
0.818213
-1.164426
0.669356
0.771864
0.000000
0.000000
0.000000
0.000000
0.000000
0.000000
-1.260713
0.824024
0.692349
-1.263622
0.949774
0.700735
0.000000
0.000000
0.000000
0.000000
0.000000
0.000000
-1.203024
0.647375
0.884804
-1.210416
0.803373
0.815630
0.000000
0.000000
0.000000
0.000000
0.000000
0.000000
-1.262305
0.832465
0.699135
-1.282866
0.810708
0.757183
-1.219837
0.554790
0.822141
-1.301507
0.481367
0.860367
-1.180957
0.573806
0.822141
-1.274627
0.477716
0.861072
0.000000
0.000000
0.000000
0.000000
0.000000
0.000000
-1.152191
0.693113
0.720620
-1.152613
0.879092
0.675801
0.000000
0.000000
0.000000
0.000000
0.000000
0.000000
-1.515462
0.536456
0.721940
-1.518417
0.504040
0.943863
0.000000
0.000000
0.000000
0.000000
0.000000
0.000000
-1.350167
0.896012
0.670712
-1.353148
1.043437
0.653329
0.000000
0.000000
0.000000
0.000000
0.000000
0.000000
-1.395099
0.897841
0.688893
-1.402151
0.971892
0.683749
0.000000
0.000000
0.000000
0.000000
0.000000
0.000000
-1.078837
0.800650
0.805223
-1.165755
0.630108
0.772441
0.000000
0.000000
0.000000
0.000000
0.000000
0.000000
-1.209099
1.056907
0.773269
-1.215934
1.197797
0.743971
0.000000
0.000000
0.000000
0.000000
0.000000
0.000000
-1.340335
0.564157
0.792973
-1.217613
0.876401
0.781115
0.000000
0.000000
0.000000
0.000000
0.000000
0.000000
-1.246731
0.938864
0.734780
-1.270425
0.923379
0.736560
0.000000
0.000000
0.000000
0.000000
0.000000
0.000000
-1.108259
0.997685
0.654509
-1.254158
0.867438
0.710535
0.000000
0.000000
0.000000
0.000000
0.000000
0.000000
0.000000
0.000000
0.000000
-1.291581
0.563057
0.715036
-1.346042
0.464142
0.884600
-1.454664
0.503756
0.816489
-1.355007
0.472075
0.884600
-1.447061
0.510474
0.815938
0.000000
0.000000
0.000000
0.000000
0.000000
0.000000
0.000000
0.000000
0.000000
-1.341957
0.555087
0.606367
0.000000
0.000000
0.000000
0.000000
0.000000
0.000000
-1.142035
0.834045
0.699289
-1.196523
0.773972
0.713997
0.000000
0.000000
0.000000
0.000000
0.000000
0.000000
-1.143362
0.826927
0.782858
-1.138168
0.779187
0.869923
0.000000
0.000000
0.000000
-1.209879
0.715007
0.803063
0.000000
0.000000
0.000000
-1.176023
0.720290
0.803063
0.000000
0.000000
0.000000
0.000000
0.000000
0.000000
0.000000
0.000000
0.000000
-1.059097
0.781638
0.709391
0.000000
0.000000
0.000000
0.000000
0.000000
0.000000
-1.475800
0.475360
0.938291
-1.592336
0.417687
0.895144
0.000000
0.000000
0.000000
0.000000
0.000000
0.000000
-1.180434
0.674892
0.833431
-1.244534
0.646555
0.865448
0.000000
0.000000
0.000000
0.000000
0.000000
0.000000
-1.456171
1.134332
0.613952
-1.485615
1.118289
0.619010
0.000000
0.000000
0.000000
0.000000
0.000000
0.000000
-1.121115
0.854243
0.706762
-1.192052
0.817979
0.748961
0.000000
0.000000
0.000000
0.000000
0.000000
0.000000
-1.436451
0.788731
0.790918
-1.462326
0.812019
0.738797
0.000000
0.000000
0.000000
0.000000
0.000000
0.000000
-1.354643
0.587243
0.843556
-1.427616
0.413238
0.844381
0.000000
0.000000
0.000000
0.000000
0.000000
0.000000
-1.294765
0.565364
0.735029
-1.247203
0.761129
0.724215
0.000000
0.000000
0.000000
0.000000
0.000000
0.000000
-1.015854
1.017032
0.768192
-1.111117
0.906684
0.754908
0.000000
0.000000
0.000000
0.000000
0.000000
0.000000
0.000000
0.000000
0.000000
-1.360683
0.471750
0.793008
0.000000
0.000000
0.000000
0.000000
0.000000
0.000000
0.000000
0.000000
0.000000
-1.348310
0.725337
0.791481
0.000000
0.000000
0.000000
0.000000
0.000000
0.000000
-1.240292
0.865683
0.726615
-1.265261
0.841310
0.720243
0.000000
0.000000
0.000000
0.000000
0.000000
0.000000
-1.284666
0.893672
0.723662
-1.350220
0.827806
0.706771
0.000000
0.000000
0.000000
0.000000
0.000000
0.000000
-1.286389
0.985858
0.628469
-1.321296
1.013072
0.618285
0.000000
0.000000
0.000000
0.000000
0.000000
0.000000
-1.158115
0.683922
0.696683
-1.185396
0.709565
0.768187
0.000000
0.000000
0.000000
0.000000
0.000000
0.000000
-1.240854
1.145078
0.817771
-1.304093
1.104689
0.651613
0.000000
0.000000
0.000000
0.000000
0.000000
0.000000
-0.897479
1.235122
0.872801
-1.128370
0.852145
0.744924
0.000000
0.000000
0.000000
0.000000
0.000000
0.000000
-1.277934
0.504440
0.867240
-1.411327
0.431069
0.889839
0.000000
0.000000
0.000000
0.000000
0.000000
0.000000
-1.412345
0.715977
0.853855
-1.490157
0.733896
0.846723
0.000000
0.000000
0.000000
0.000000
0.000000
0.000000
0.000000
0.000000
0.000000
-0.963344
0.892211
0.574382
0.000000
0.000000
0.000000
0.000000
0.000000
0.000000
-1.088199
0.909939
0.756813
-1.202076
0.729705
0.767948
0.000000
0.000000
0.000000
0.000000
0.000000
0.000000
-1.446028
0.853739
0.655026
-1.509498
0.721185
0.765392
0.000000
0.000000
0.000000
0.000000
0.000000
0.000000
-1.381911
0.586754
0.707596
-1.355866
0.862333
0.834431
0.000000
0.000000
0.000000
-1.392747
0.944441
0.856535
0.000000
0.000000
0.000000
-1.392911
0.945054
0.856535
0.000000
0.000000
0.000000
0.000000
0.000000
0.000000
-1.342686
0.792586
0.743066
-1.346718
0.817142
0.727067
0.000000
0.000000
0.000000
0.000000
0.000000
0.000000
-1.353688
0.616824
0.796438
-1.370126
0.642088
0.801872
0.000000
0.000000
0.000000
0.000000
0.000000
0.000000
-1.316981
0.559398
0.898429
-1.201586
0.738803
0.815464
0.000000
0.000000
0.000000
0.000000
0.000000
0.000000
-1.282668
1.007369
0.623810
-1.283973
1.014497
0.617699
0.000000
0.000000
0.000000
0.000000
0.000000
0.000000
-1.062071
1.321578
0.760072
-1.205659
0.884366
0.596702
0.000000
0.000000
0.000000
0.000000
0.000000
0.000000
-1.281612
0.599196
0.822358
-1.324880
0.587603
0.817811
0.000000
0.000000
0.000000
0.000000
0.000000
0.000000
-1.581870
0.693515
0.823685
-1.597447
0.723849
0.811417
0.000000
0.000000
0.000000
0.000000
0.000000
0.000000
-1.432338
1.213674
0.681098
-1.440402
1.315777
0.724183
0.000000
0.000000
0.000000
0.000000
0.000000
0.000000
-1.325951
1.102530
0.956204
-1.411915
0.812740
0.814349
0.000000
0.000000
0.000000
0.000000
0.000000
0.000000
-1.347206
0.824533
0.674508
-1.357708
0.983375
0.569915
0.000000
0.000000
0.000000
0.000000
0.000000
0.000000
0.000000
0.000000
0.000000
-1.018088
0.754044
0.606005
0.000000
0.000000
0.000000
0.000000
0.000000
0.000000
-1.122513
0.749891
0.754285
-1.206784
0.660612
0.779367
0.000000
0.000000
0.000000
0.000000
0.000000
0.000000
0.000000
0.000000
0.000000
-1.394732
0.441159
0.887668
0.000000
0.000000
0.000000
0.000000
0.000000
0.000000
-1.248937
0.757609
0.789420
-1.276815
0.600290
0.762465
0.000000
0.000000
0.000000
0.000000
0.000000
0.000000
-1.510344
0.532079
0.815223
-1.538043
0.497499
0.827686
0.000000
0.000000
0.000000
0.000000
0.000000
0.000000
0.000000
0.000000
0.000000
-1.502602
0.492836
0.683071
0.000000
0.000000
0.000000
0.000000
0.000000
0.000000
-1.392775
1.060513
0.759979
-1.495999
1.091142
0.729508
-1.312169
0.790965
0.779456
-1.393191
0.975551
0.874688
-1.286646
0.798674
0.779456
-1.369802
0.949650
0.871470
0.000000
0.000000
0.000000
0.000000
0.000000
0.000000
-1.186943
0.554149
0.627330
-1.065672
0.756533
0.942717
0.000000
0.000000
0.000000
0.000000
0.000000
0.000000
-1.172470
0.826922
0.751342
-1.201443
0.885681
0.748972
0.000000
0.000000
0.000000
0.000000
0.000000
0.000000
-1.300095
0.846259
0.662328
-1.300438
0.862639
0.713510
0.000000
0.000000
0.000000
0.000000
0.000000
0.000000
-1.286137
0.655347
0.815861
-1.229917
0.812885
0.786998
0.000000
0.000000
0.000000
0.000000
0.000000
0.000000
-0.968962
1.049957
0.648477
-0.896903
1.108078
0.596299
0.000000
0.000000
0.000000
0.000000
0.000000
0.000000
-1.090232
0.905324
0.793527
-1.326581
0.707018
0.820420
0.000000
0.000000
0.000000
0.000000
0.000000
0.000000
-1.106064
0.879685
0.604437
-1.240804
0.909527
0.628720
0.000000
0.000000
0.000000
0.000000
0.000000
0.000000
-1.220570
0.628299
0.864454
-1.156232
0.768578
0.906652
0.000000
0.000000
0.000000
0.000000
0.000000
0.000000
-1.289596
0.996076
0.663981
-1.325997
1.001067
0.659410
0.000000
0.000000
0.000000
0.000000
0.000000
0.000000
-1.310732
0.577909
0.858483
-1.340543
0.639498
0.853498
0.000000
0.000000
0.000000
0.000000
0.000000
0.000000
-1.268679
0.673231
0.720753
-1.202694
0.691220
0.762003
0.000000
0.000000
0.000000
0.000000
0.000000
0.000000
-1.298455
0.803236
0.754107
-1.214831
0.979593
0.722588
0.000000
0.000000
0.000000
0.000000
0.000000
0.000000
0.000000
0.000000
0.000000
-1.001255
0.876479
0.801668
0.000000
0.000000
0.000000
0.000000
0.000000
0.000000
-1.211853
0.582246
0.908848
-1.288350
0.578688
0.893367
0.000000
0.000000
0.000000
0.000000
0.000000
0.000000
-1.285429
1.425438
0.631725
-1.303777
1.292232
0.521559
0.000000
0.000000
0.000000
0.000000
0.000000
0.000000
-1.315325
0.710612
0.862441
-1.377533
0.625174
0.863527
0.000000
0.000000
0.000000
0.000000
0.000000
0.000000
-1.275638
0.884820
0.782076
-1.332973
0.730893
0.768408
0.000000
0.000000
0.000000
0.000000
0.000000
0.000000
-1.256727
0.815276
0.739101
-1.228455
1.064763
0.743385
0.000000
0.000000
0.000000
0.000000
0.000000
0.000000
-1.186048
0.971944
0.662387
-1.223693
0.951496
0.677244
0.000000
0.000000
0.000000
0.000000
0.000000
0.000000
-1.764826
0.559047
0.846752
-1.771347
0.648617
0.862837
0.000000
0.000000
0.000000
0.000000
0.000000
0.000000
-1.282334
0.486935
0.673252
-1.346569
0.400806
0.968462
0.000000
0.000000
0.000000
0.000000
0.000000
0.000000
-1.113827
1.062826
0.681725
-1.243139
0.883544
0.687686
0.000000
0.000000
0.000000
0.000000
0.000000
0.000000
-1.226615
0.987221
0.807611
-1.246676
0.982795
0.761106
0.000000
0.000000
0.000000
0.000000
0.000000
0.000000
-1.398591
0.600818
0.902322
-1.498866
0.608704
0.844911
0.000000
0.000000
0.000000
0.000000
0.000000
0.000000
-1.119380
0.789144
0.653295
-1.165425
0.928732
0.700335
0.000000
0.000000
0.000000
0.000000
0.000000
0.000000
-0.969492
0.945228
0.690037
-1.029260
0.988262
0.706643
0.000000
0.000000
0.000000
0.000000
0.000000
0.000000
-1.516957
0.801414
0.778819
-1.543997
0.808229
0.780133
0.000000
0.000000
0.000000
0.000000
0.000000
0.000000
-1.405103
0.893425
0.737011
-1.434764
0.897615
0.709733
0.000000
0.000000
0.000000
0.000000
0.000000
0.000000
-1.060834
0.954401
0.692907
-1.079886
1.092230
0.619881
0.000000
0.000000
0.000000
0.000000
0.000000
0.000000
0.000000
0.000000
0.000000
-1.239360
0.398252
0.751657
0.000000
0.000000
0.000000
0.000000
0.000000
0.000000
0.000000
0.000000
0.000000
-1.091280
0.814487
0.658204
0.000000
0.000000
0.000000
0.000000
0.000000
0.000000
-1.214658
0.975634
0.764836
-1.249940
0.932540
0.693846
0.000000
0.000000
0.000000
0.000000
0.000000
0.000000
-1.200993
0.780772
0.804054
-1.222699
0.725307
0.759041
0.000000
0.000000
0.000000
0.000000
0.000000
0.000000
-1.398950
0.743777
0.896335
-1.413221
0.636491
0.897377
0.000000
0.000000
0.000000
0.000000
0.000000
0.000000
-0.924336
0.883287
0.808477
-1.122209
0.700799
0.787062
0.000000
0.000000
0.000000
0.000000
0.000000
0.000000
-0.920144
1.048448
0.492506
-1.036283
0.899791
0.598686
0.000000
0.000000
0.000000
0.000000
0.000000
0.000000
-1.086982
1.028288
0.889347
-1.109709
1.328377
0.750186
0.000000
0.000000
0.000000
0.000000
0.000000
0.000000
-1.533394
0.493323
0.854229
-1.556778
0.466151
0.864447
-1.420684
0.601702
0.871125
-1.412300
0.607895
0.815214
-1.304657
0.677560
0.865152
-1.262249
0.676210
0.785481
0.000000
0.000000
0.000000
0.000000
0.000000
0.000000
-1.499919
1.164659
0.600383
-1.533261
1.173814
0.605975
-1.309454
0.282539
0.865442
-1.348750
0.286614
0.878745
-1.303761
0.302483
0.866753
-1.354342
0.302396
0.883233
0.000000
0.000000
0.000000
0.000000
0.000000
0.000000
-0.983920
1.016355
0.688969
-0.976132
1.016620
0.554628
0.000000
0.000000
0.000000
0.000000
0.000000
0.000000
-1.376979
0.920343
0.734315
-1.400285
0.766119
0.659638
0.000000
0.000000
0.000000
0.000000
0.000000
0.000000
-1.332376
0.714964
0.709903
-1.355300
0.897862
0.695805
0.000000
0.000000
0.000000
0.000000
0.000000
0.000000
-1.415611
1.082226
0.627904
-1.452499
1.078004
0.641174
0.000000
0.000000
0.000000
0.000000
0.000000
0.000000
-1.189652
1.233742
0.859738
-1.314859
0.824282
0.763491
0.000000
0.000000
0.000000
0.000000
0.000000
0.000000
-1.238253
0.856231
0.676262
-1.278934
0.834194
0.695361
0.000000
0.000000
0.000000
0.000000
0.000000
0.000000
-1.218209
0.832498
0.844316
-1.190002
1.051150
0.661568
0.000000
0.000000
0.000000
0.000000
0.000000
0.000000
-1.527248
0.339052
0.971372
-1.607201
0.348126
0.894885
0.000000
0.000000
0.000000
0.000000
0.000000
0.000000
-1.110823
1.137230
0.433875
-1.173875
1.138943
0.447281
0.000000
0.000000
0.000000
0.000000
0.000000
0.000000
-1.305136
0.746556
0.746999
-1.370490
0.770706
0.791999
0.000000
0.000000
0.000000
0.000000
0.000000
0.000000
-1.697796
0.587864
1.005691
-1.682550
0.580796
0.896102
0.000000
0.000000
0.000000
0.000000
0.000000
0.000000
-1.232240
0.631435
0.758669
-1.294958
0.651203
0.784201
0.000000
0.000000
0.000000
0.000000
0.000000
0.000000
-1.016286
0.722683
0.743545
-1.114273
0.867582
0.803351
0.000000
0.000000
0.000000
0.000000
0.000000
0.000000
0.000000
0.000000
0.000000
-1.025409
0.963457
0.854478
-1.474185
0.640285
0.828273
-1.497530
0.641598
0.829910
-1.270398
0.620348
0.819452
-1.287322
0.625195
0.821521
0.000000
0.000000
0.000000
0.000000
0.000000
0.000000
-1.408202
0.668230
0.897231
-1.453624
0.712456
0.852552
0.000000
0.000000
0.000000
0.000000
0.000000
0.000000
-1.310396
1.109558
0.720251
-1.364831
1.157592
0.796139
-1.456435
0.581546
0.935958
-1.447103
0.692461
0.878271
-1.370202
0.580337
0.957995
-1.485855
0.477399
0.872537
0.000000
0.000000
0.000000
0.000000
0.000000
0.000000
0.000000
0.000000
0.000000
-1.281729
0.420420
0.739887
0.000000
0.000000
0.000000
0.000000
0.000000
0.000000
0.000000
0.000000
0.000000
-1.249396
0.902497
0.831877
0.000000
0.000000
0.000000
0.000000
0.000000
0.000000
-1.205478
0.721855
0.616793
-1.189793
0.945239
0.819509
0.000000
0.000000
0.000000
0.000000
0.000000
0.000000
-1.466027
0.525004
0.797218
-1.566922
0.511856
0.800353
0.000000
0.000000
0.000000
0.000000
0.000000
0.000000
-1.372612
1.019349
0.647017
-1.382025
1.092605
0.634511
0.000000
0.000000
0.000000
0.000000
0.000000
0.000000
0.000000
0.000000
0.000000
-1.612578
0.674131
0.681652
0.000000
0.000000
0.000000
0.000000
0.000000
0.000000
-0.956443
1.464618
0.771789
-1.154714
1.008450
0.662643
0.000000
0.000000
0.000000
0.000000
0.000000
0.000000
0.000000
0.000000
0.000000
-1.095423
0.756844
0.713041
0.000000
0.000000
0.000000
0.000000
0.000000
0.000000
-1.503558
0.733418
0.796314
-1.533655
0.745582
0.800825
0.000000
0.000000
0.000000
0.000000
0.000000
0.000000
-1.067538
0.834599
0.682455
-1.096678
0.735956
0.666209
0.000000
0.000000
0.000000
0.000000
0.000000
0.000000
-1.355578
0.787228
0.772913
-1.356481
0.861727
0.752613
0.000000
0.000000
0.000000
0.000000
0.000000
0.000000
-0.995080
0.818453
0.792370
-1.087762
0.672646
0.763480
0.000000
0.000000
0.000000
0.000000
0.000000
0.000000
-1.395794
1.149507
0.759327
-1.384390
1.190634
0.614567
0.000000
0.000000
0.000000
0.000000
0.000000
0.000000
-1.180367
0.784326
0.834629
-1.324008
0.785137
0.744265
-1.333122
0.774610
0.751954
-1.384240
0.738867
0.782883
-1.494179
0.353129
0.900900
-1.519975
0.372162
0.887804
0.000000
0.000000
0.000000
0.000000
0.000000
0.000000
-1.157334
0.700734
0.726435
-1.218740
0.771134
0.738698
-1.235746
0.565698
0.614316
-1.167433
0.500344
0.819616
-1.230970
0.566291
0.614316
-1.091766
0.596671
0.794302
0.000000
0.000000
0.000000
0.000000
0.000000
0.000000
-1.424171
0.634973
0.820046
-1.448534
0.674414
0.816993
0.000000
0.000000
0.000000
0.000000
0.000000
0.000000
-1.164157
0.495553
0.851176
-1.138371
0.630232
0.815698
0.000000
0.000000
0.000000
0.000000
0.000000
0.000000
0.000000
0.000000
0.000000
-1.235155
0.711573
0.699190
0.000000
0.000000
0.000000
0.000000
0.000000
0.000000
-1.287373
0.401751
0.703792
-1.332183
0.350836
0.976771
0.000000
0.000000
0.000000
0.000000
0.000000
0.000000
-1.161282
0.747701
0.661916
-1.126645
0.867894
0.592072
0.000000
0.000000
0.000000
0.000000
0.000000
0.000000
-1.178569
0.777137
0.774477
-1.163464
1.013222
0.681476
0.000000
0.000000
0.000000
0.000000
0.000000
0.000000
0.000000
0.000000
0.000000
-1.092843
0.734905
0.870315
0.000000
0.000000
0.000000
0.000000
0.000000
0.000000
-1.183159
0.671416
0.781322
-1.134748
0.895279
0.834855
0.000000
0.000000
0.000000
0.000000
0.000000
0.000000
-1.337183
0.840555
0.701613
-1.422861
0.748578
0.766208
0.000000
0.000000
0.000000
0.000000
0.000000
0.000000
-1.334157
0.516619
0.857009
-1.416796
0.484103
0.882585
0.000000
0.000000
0.000000
0.000000
0.000000
0.000000
-1.227288
1.070171
0.497656
-1.229198
1.259310
0.507738
0.000000
0.000000
0.000000
0.000000
0.000000
0.000000
-1.363344
0.670901
0.826537
-1.404647
0.692721
0.827785
0.000000
0.000000
0.000000
0.000000
0.000000
0.000000
-1.121842
0.731273
0.796562
-1.172214
0.824848
0.756336
0.000000
0.000000
0.000000
0.000000
0.000000
0.000000
-1.327568
0.807823
0.801801
-1.412718
0.705241
0.814550
0.000000
0.000000
0.000000
0.000000
0.000000
0.000000
-1.053587
0.880342
0.935790
-0.977751
0.940793
0.780729
0.000000
0.000000
0.000000
0.000000
0.000000
0.000000
0.000000
0.000000
0.000000
-1.423175
0.634207
0.795337
0.000000
0.000000
0.000000
0.000000
0.000000
0.000000
-1.126863
1.611497
0.726670
-1.258357
1.448349
0.627417
0.000000
0.000000
0.000000
0.000000
0.000000
0.000000
-1.262223
0.571655
0.849375
-1.373684
0.515519
0.865102
0.000000
0.000000
0.000000
0.000000
0.000000
0.000000
-1.255061
1.051981
0.990020
-1.382711
0.777571
0.772435
0.000000
0.000000
0.000000
0.000000
0.000000
0.000000
0.000000
0.000000
0.000000
-1.272990
0.609955
0.739432
0.000000
0.000000
0.000000
0.000000
0.000000
0.000000
-1.313914
0.845637
0.857597
-1.317503
0.903575
0.781217
0.000000
0.000000
0.000000
0.000000
0.000000
0.000000
-1.116641
0.787983
0.561248
-1.050262
1.248971
0.641375
0.000000
0.000000
0.000000
0.000000
0.000000
0.000000
-1.248183
1.090065
0.753929
-1.293248
0.959499
0.719146
0.000000
0.000000
0.000000
0.000000
0.000000
0.000000
-1.190958
0.558354
0.557524
-1.254011
0.718428
1.100654
0.000000
0.000000
0.000000
0.000000
0.000000
0.000000
0.000000
0.000000
0.000000
-1.233954
0.826468
0.812992
0.000000
0.000000
0.000000
0.000000
0.000000
0.000000
-1.146646
0.703809
0.805963
-1.206663
0.705496
0.770884
0.000000
0.000000
0.000000
0.000000
0.000000
0.000000
-1.436033
0.535709
0.923758
-1.447403
0.599123
0.847583
0.000000
0.000000
0.000000
0.000000
0.000000
0.000000
-1.247699
0.977315
0.664036
-1.301806
0.948593
0.691824
0.000000
0.000000
0.000000
0.000000
0.000000
0.000000
-1.273395
1.031482
0.660099
-1.352764
0.906332
0.721966
0.000000
0.000000
0.000000
0.000000
0.000000
0.000000
0.000000
0.000000
0.000000
-1.268035
0.819135
0.706135
0.000000
0.000000
0.000000
0.000000
0.000000
0.000000
-1.367644
0.684065
0.786962
-1.386113
0.648446
0.798048
0.000000
0.000000
0.000000
0.000000
0.000000
0.000000
-0.942094
1.453990
0.774869
-1.132880
1.289039
0.702576
0.000000
0.000000
0.000000
0.000000
0.000000
0.000000
-1.339058
1.083457
0.610646
-1.395420
1.077642
0.605405
0.000000
0.000000
0.000000
0.000000
0.000000
0.000000
-1.211513
0.776995
0.796306
-1.186558
0.935892
0.765990
0.000000
0.000000
0.000000
0.000000
0.000000
0.000000
-1.139391
0.834713
0.763949
-1.272860
0.740320
0.717564
0.000000
0.000000
0.000000
0.000000
0.000000
0.000000
-1.620390
1.504631
0.518550
-1.705037
1.286160
0.486491
0.000000
0.000000
0.000000
0.000000
0.000000
0.000000
-1.637531
0.555561
0.856496
-1.686233
0.523011
0.857758
0.000000
0.000000
0.000000
0.000000
0.000000
0.000000
0.000000
0.000000
0.000000
-1.286030
0.568299
0.697741
0.000000
0.000000
0.000000
0.000000
0.000000
0.000000
-1.245243
0.817172
0.713969
-1.268279
0.878649
0.712678
0.000000
0.000000
0.000000
0.000000
0.000000
0.000000
-1.309136
0.505095
0.726816
-1.275462
0.506480
0.915208
0.000000
0.000000
0.000000
0.000000
0.000000
0.000000
-1.437248
0.544480
0.877991
-1.506721
0.383179
0.871865
0.000000
0.000000
0.000000
0.000000
0.000000
0.000000
0.000000
0.000000
0.000000
-1.442434
0.535911
0.898669
0.000000
0.000000
0.000000
0.000000
0.000000
0.000000
-1.763180
0.325959
0.896346
-1.773822
0.336912
0.896969
0.000000
0.000000
0.000000
0.000000
0.000000
0.000000
-1.238799
0.992208
0.705888
-1.268731
1.079372
0.640016
0.000000
0.000000
0.000000
0.000000
0.000000
0.000000
-1.355447
1.194598
0.525045
-1.346570
1.293096
0.508849
0.000000
0.000000
0.000000
0.000000
0.000000
0.000000
-1.229204
0.859843
0.610639
-1.359981
1.087458
0.593590
0.000000
0.000000
0.000000
0.000000
0.000000
0.000000
-1.278026
0.648818
0.791543
-1.338906
0.617588
0.827239
0.000000
0.000000
0.000000
0.000000
0.000000
0.000000
-1.222872
0.769622
0.831455
-1.241524
0.762104
0.763368
0.000000
0.000000
0.000000
0.000000
0.000000
0.000000
-1.069416
0.823511
0.693568
-1.133749
0.861586
0.712364
0.000000
0.000000
0.000000
0.000000
0.000000
0.000000
-1.316067
0.580945
0.825083
-1.455105
0.496873
0.876107
0.000000
0.000000
0.000000
0.000000
0.000000
0.000000
-1.404092
1.063172
0.649993
-1.429095
1.113042
0.633116
0.000000
0.000000
0.000000
0.000000
0.000000
0.000000
-0.859766
1.131452
0.698707
-1.034563
0.877879
0.659797
0.000000
0.000000
0.000000
0.000000
0.000000
0.000000
-1.519336
0.311253
0.887002
-1.560679
0.303988
0.897876
0.000000
0.000000
0.000000
0.000000
0.000000
0.000000
-1.474105
0.526672
0.683947
-1.432106
0.547373
0.959420
0.000000
0.000000
0.000000
0.000000
0.000000
0.000000
-1.261812
0.452056
0.712892
-1.161305
0.635653
0.843426
0.000000
0.000000
0.000000
0.000000
0.000000
0.000000
-1.453869
0.545760
0.865159
-1.436299
0.597514
0.828669
0.000000
0.000000
0.000000
0.000000
0.000000
0.000000
-1.165099
0.687405
0.686036
-1.114876
0.684511
0.811822
0.000000
0.000000
0.000000
0.000000
0.000000
0.000000
-1.167243
0.543474
0.802177
-1.129453
0.650168
0.796316
0.000000
0.000000
0.000000
0.000000
0.000000
0.000000
0.000000
0.000000
0.000000
-1.233640
0.540460
0.707606
0.000000
0.000000
0.000000
0.000000
0.000000
0.000000
-1.347099
0.662957
0.699339
-1.284291
1.099752
0.871477
0.000000
0.000000
0.000000
0.000000
0.000000
0.000000
-1.000131
0.822204
0.713872
-1.080533
0.979717
0.634747
0.000000
0.000000
0.000000
0.000000
0.000000
0.000000
0.000000
0.000000
0.000000
-1.387372
0.729983
0.704617
0.000000
0.000000
0.000000
0.000000
0.000000
0.000000
-1.250143
0.522022
0.792833
-1.308949
0.562034
0.805585
0.000000
0.000000
0.000000
0.000000
0.000000
0.000000
-1.476191
0.934243
0.775422
-1.558139
0.851725
0.787476
0.000000
0.000000
0.000000
0.000000
0.000000
0.000000
-1.215264
0.674240
0.667209
-1.150212
0.833569
0.763975
0.000000
0.000000
0.000000
0.000000
0.000000
0.000000
0.000000
0.000000
0.000000
-1.189254
0.727384
0.795077
0.000000
0.000000
0.000000
0.000000
0.000000
0.000000
-1.415322
0.403159
0.872477
-1.482994
0.379476
0.883125
0.000000
0.000000
0.000000
0.000000
0.000000
0.000000
-1.148813
0.781727
0.650277
-1.083686
0.952569
0.644913
0.000000
0.000000
0.000000
0.000000
0.000000
0.000000
-1.319885
0.531800
0.812624
-1.408170
0.531960
0.841016
0.000000
0.000000
0.000000
0.000000
0.000000
0.000000
-1.452033
0.443433
0.871996
-1.476159
0.459330
0.871053
0.000000
0.000000
0.000000
0.000000
0.000000
0.000000
-1.502730
0.309871
0.885517
-1.538084
0.332124
0.911464
0.000000
0.000000
0.000000
0.000000
0.000000
0.000000
-1.633653
0.669380
0.818774
-1.665851
0.686426
0.832157
0.000000
0.000000
0.000000
0.000000
0.000000
0.000000
0.000000
0.000000
0.000000
-1.305002
0.867494
0.667198
0.000000
0.000000
0.000000
0.000000
0.000000
0.000000
-1.655815
0.779596
0.809993
-1.675599
0.770292
0.808396
0.000000
0.000000
0.000000
0.000000
0.000000
0.000000
-0.974367
1.471759
0.598200
-1.040507
1.150878
0.512092
0.000000
0.000000
0.000000
0.000000
0.000000
0.000000
-0.909804
0.958355
0.671017
-1.071920
0.873164
0.713995
0.000000
0.000000
0.000000
0.000000
0.000000
0.000000
-1.405889
1.105532
0.671165
-1.426553
1.103960
0.654230
0.000000
0.000000
0.000000
0.000000
0.000000
0.000000
-1.244869
0.623201
0.700495
-1.327091
0.520943
0.765315
0.000000
0.000000
0.000000
0.000000
0.000000
0.000000
-1.319895
0.676546
0.714923
-1.370222
0.618047
0.783835
0.000000
0.000000
0.000000
0.000000
0.000000
0.000000
-1.343851
0.803210
0.815841
-1.322217
0.870672
0.717632
0.000000
0.000000
0.000000
0.000000
0.000000
0.000000
-1.301455
1.488323
0.675001
-1.393262
1.355536
0.598986
0.000000
0.000000
0.000000
0.000000
0.000000
0.000000
-1.499452
0.535556
0.750212
-1.595151
0.449853
0.872021
-1.329228
0.627619
0.852199
-1.301972
0.704606
0.833408
-1.317244
0.625204
0.852199
-1.307387
0.706766
0.833721
0.000000
0.000000
0.000000
0.000000
0.000000
0.000000
-1.272292
0.624520
0.854513
-1.219443
0.669655
0.829332
0.000000
0.000000
0.000000
0.000000
0.000000
0.000000
-1.013658
1.039163
0.529954
-0.986144
0.982493
0.536326
0.000000
0.000000
0.000000
0.000000
0.000000
0.000000
-1.216175
1.068469
0.733598
-1.251060
1.163652
0.720234
0.000000
0.000000
0.000000
0.000000
0.000000
0.000000
0.000000
0.000000
0.000000
-1.179879
0.677944
0.738408
0.000000
0.000000
0.000000
0.000000
0.000000
0.000000
-1.265744
0.404899
0.844798
-1.297905
0.452602
0.833657
0.000000
0.000000
0.000000
0.000000
0.000000
0.000000
-1.323017
0.577383
0.762627
-1.370862
0.566684
0.844212
-1.308255
0.908994
0.711861
-1.300339
0.903472
0.711486
-1.227551
0.920033
0.690745
-1.218151
0.910711
0.693681
0.000000
0.000000
0.000000
0.000000
0.000000
0.000000
0.000000
0.000000
0.000000
-1.106800
1.546415
0.632097
0.000000
0.000000
0.000000
0.000000
0.000000
0.000000
0.000000
0.000000
0.000000
-1.294495
0.559877
0.786941
0.000000
0.000000
0.000000
0.000000
0.000000
0.000000
-1.108637
0.926170
0.709637
-1.030935
0.978614
0.650638
0.000000
0.000000
0.000000
0.000000
0.000000
0.000000
0.000000
0.000000
0.000000
-1.452424
0.640078
0.798020
0.000000
0.000000
0.000000
0.000000
0.000000
0.000000
-1.255143
0.382473
0.966608
-1.253926
0.415011
0.881135
0.000000
0.000000
0.000000
0.000000
0.000000
0.000000
-1.312763
0.754931
0.660405
-1.347384
0.778966
0.682471
0.000000
0.000000
0.000000
0.000000
0.000000
0.000000
0.000000
0.000000
0.000000
-1.189901
0.682564
0.581588
0.000000
0.000000
0.000000
0.000000
0.000000
0.000000
0.000000
0.000000
0.000000
-1.170866
0.909122
0.722832
-1.304005
0.512556
0.728567
-1.187435
0.666220
0.843543
-1.300691
0.526449
0.728567
-1.107567
0.734892
0.840010
0.000000
0.000000
0.000000
0.000000
0.000000
0.000000
0.000000
0.000000
0.000000
-0.998474
0.823202
0.690468
0.000000
0.000000
0.000000
0.000000
0.000000
0.000000
-1.341076
0.732206
0.763170
-1.263922
0.974665
0.685269
0.000000
0.000000
0.000000
0.000000
0.000000
0.000000
-1.331046
0.877905
0.963329
-1.369046
0.777867
0.761548
0.000000
0.000000
0.000000
0.000000
0.000000
0.000000
-1.211189
0.975919
0.687369
-1.270177
0.926381
0.672481
0.000000
0.000000
0.000000
0.000000
0.000000
0.000000
-0.987892
1.017838
1.051113
-1.087576
0.814781
0.913060
0.000000
0.000000
0.000000
0.000000
0.000000
0.000000
-1.247896
0.691968
0.604315
-1.246643
0.776654
0.773967
0.000000
0.000000
0.000000
0.000000
0.000000
0.000000
-1.020635
1.309835
0.963183
-1.086300
1.381364
0.923798
0.000000
0.000000
0.000000
0.000000
0.000000
0.000000
0.000000
0.000000
0.000000
-1.293705
0.520843
0.739328
0.000000
0.000000
0.000000
0.000000
0.000000
0.000000
0.000000
0.000000
0.000000
-1.387729
0.586963
0.624188
0.000000
0.000000
0.000000
0.000000
0.000000
0.000000
-1.189276
0.911416
0.736205
-1.248611
0.875863
0.742606
0.000000
0.000000
0.000000
0.000000
0.000000
0.000000
-1.419901
0.516060
0.659612
-1.319495
0.561506
0.894695
0.000000
0.000000
0.000000
0.000000
0.000000
0.000000
-1.432471
1.623171
0.764414
-1.517848
1.224708
0.733160
0.000000
0.000000
0.000000
0.000000
0.000000
0.000000
-1.393463
0.555173
0.845425
-1.421745
0.609085
0.831894
0.000000
0.000000
0.000000
0.000000
0.000000
0.000000
-1.529514
0.529750
0.856105
-1.555818
0.530645
0.858012
0.000000
0.000000
0.000000
0.000000
0.000000
0.000000
-1.122380
0.939194
0.591636
-1.155797
1.010363
0.736065
0.000000
0.000000
0.000000
0.000000
0.000000
0.000000
-1.056664
0.951428
0.676024
-1.204306
0.901450
0.590691
0.000000
0.000000
0.000000
0.000000
0.000000
0.000000
-0.905384
0.890527
0.627825
-1.057401
0.705004
0.581125
0.000000
0.000000
0.000000
0.000000
0.000000
0.000000
-1.477528
1.018981
0.693369
-1.499469
1.007005
0.689248
0.000000
0.000000
0.000000
0.000000
0.000000
0.000000
-1.307764
0.731172
0.699383
-1.496548
0.609276
0.896311
0.000000
0.000000
0.000000
0.000000
0.000000
0.000000
-1.286892
0.845727
0.667457
-1.182180
1.374695
0.732608
0.000000
0.000000
0.000000
0.000000
0.000000
0.000000
-1.047634
0.981488
0.954709
-1.235185
0.729321
0.839594
0.000000
0.000000
0.000000
0.000000
0.000000
0.000000
-1.059471
1.025213
0.616193
-1.080408
1.047964
0.678130
0.000000
0.000000
0.000000
0.000000
0.000000
0.000000
0.000000
0.000000
0.000000
-0.996426
1.062035
0.652525
0.000000
0.000000
0.000000
0.000000
0.000000
0.000000
-1.230360
0.611620
0.751850
-1.275432
0.559267
0.826603
0.000000
0.000000
0.000000
0.000000
0.000000
0.000000
-1.069275
0.905502
0.665545
-1.182697
0.795922
0.729870
-1.221730
0.846993
0.761939
-1.221136
0.842594
0.729682
-1.123517
0.847883
0.743537
-1.119163
0.841390
0.718887
0.000000
0.000000
0.000000
0.000000
0.000000
0.000000
-1.809177
0.452217
0.968948
-1.848984
0.443139
0.881146
0.000000
0.000000
0.000000
0.000000
0.000000
0.000000
-1.291318
0.540588
0.820110
-1.352533
0.574043
0.847240
0.000000
0.000000
0.000000
0.000000
0.000000
0.000000
0.000000
0.000000
0.000000
-1.285792
0.866868
0.743031
-1.121939
1.073232
0.650687
-1.185658
1.138237
0.612465
-1.090914
1.103464
0.651141
-1.091981
1.196894
0.610054
0.000000
0.000000
0.000000
0.000000
0.000000
0.000000
-1.126725
1.101627
0.715749
-1.210610
0.940073
0.638173
0.000000
0.000000
0.000000
0.000000
0.000000
0.000000
0.000000
0.000000
0.000000
-1.225139
0.897423
0.688277
0.000000
0.000000
0.000000
0.000000
0.000000
0.000000
-1.205258
0.842929
0.793130
-1.320175
0.693471
0.841590
0.000000
0.000000
0.000000
0.000000
0.000000
0.000000
-0.819766
1.731656
1.041096
-1.100199
0.967314
0.849514
0.000000
0.000000
0.000000
0.000000
0.000000
0.000000
-1.333951
0.763353
0.768603
-1.431285
0.810693
0.841431
0.000000
0.000000
0.000000
0.000000
0.000000
0.000000
-1.173027
0.791821
0.684728
-1.220314
0.880369
0.738257
0.000000
0.000000
0.000000
0.000000
0.000000
0.000000
0.000000
0.000000
0.000000
-1.157719
0.813100
0.662459
-1.215471
0.941385
0.787331
-1.263501
0.936066
0.757432
-1.170343
0.911565
0.772436
-1.205931
0.934967
0.753535
0.000000
0.000000
0.000000
0.000000
0.000000
0.000000
-1.470074
0.861810
0.776663
-1.442669
0.911534
0.730934
0.000000
0.000000
0.000000
0.000000
0.000000
0.000000
-1.474090
0.414104
0.868326
-1.623476
0.345914
0.926888
0.000000
0.000000
0.000000
0.000000
0.000000
0.000000
-1.450851
0.637288
0.823638
-1.481606
0.676073
0.818025
0.000000
0.000000
0.000000
0.000000
0.000000
0.000000
-1.097797
0.861878
0.723824
-1.288985
0.553957
0.718970
0.000000
0.000000
0.000000
0.000000
0.000000
0.000000
-1.273155
0.670460
0.827350
-1.299659
0.722542
0.825403
0.000000
0.000000
0.000000
0.000000
0.000000
0.000000
-0.961814
1.165493
0.657475
-1.185705
1.059153
0.579178
0.000000
0.000000
0.000000
0.000000
0.000000
0.000000
-0.939377
0.731357
0.816921
-0.993414
0.942762
0.731475
0.000000
0.000000
0.000000
0.000000
0.000000
0.000000
-1.117682
0.846138
0.740407
-1.170471
0.774487
0.756031
0.000000
0.000000
0.000000
0.000000
0.000000
0.000000
-1.542804
0.546803
0.937312
-1.538925
0.510470
0.841466
0.000000
0.000000
0.000000
0.000000
0.000000
0.000000
-1.393454
0.792160
0.685558
-1.406232
0.926068
0.790676
0.000000
0.000000
0.000000
0.000000
0.000000
0.000000
-1.155761
1.014651
0.731201
-1.293680
0.863904
0.681878
0.000000
0.000000
0.000000
0.000000
0.000000
0.000000
-1.406496
0.529978
0.845112
-1.389852
0.621848
0.805789
-1.367722
0.436198
0.714707
-1.358039
0.406416
0.968753
-1.361083
0.413654
0.719792
-1.340066
0.413810
0.960200
-1.197972
0.808732
0.728893
-1.348539
0.741581
0.704436
-1.134136
0.827973
0.725758
-1.216321
0.877580
0.777750
0.000000
0.000000
0.000000
0.000000
0.000000
0.000000
-1.330143
0.485330
0.737665
-1.318517
0.454207
0.812623
0.000000
0.000000
0.000000
0.000000
0.000000
0.000000
-1.247308
0.863074
0.684137
-1.337581
0.909256
0.701106
0.000000
0.000000
0.000000
0.000000
0.000000
0.000000
-1.390031
1.028484
0.655920
-1.418350
1.055583
0.661638
0.000000
0.000000
0.000000
0.000000
0.000000
0.000000
-1.532876
0.571407
0.828205
-1.559812
0.577385
0.851842
0.000000
0.000000
0.000000
0.000000
0.000000
0.000000
-1.004189
0.973324
0.710661
-1.000402
0.860557
0.576727
0.000000
0.000000
0.000000
0.000000
0.000000
0.000000
-1.316675
0.741886
0.750802
-1.338446
0.749794
0.795946
0.000000
0.000000
0.000000
0.000000
0.000000
0.000000
-1.204035
0.461879
0.844774
-1.303032
0.434198
0.877296
0.000000
0.000000
0.000000
0.000000
0.000000
0.000000
-1.516252
0.335341
0.889262
-1.605486
0.310219
0.899353
0.000000
0.000000
0.000000
0.000000
0.000000
0.000000
-1.157791
0.988619
1.011249
-1.345021
0.756927
0.860524
0.000000
0.000000
0.000000
0.000000
0.000000
0.000000
-1.265869
0.748813
0.710364
-1.304294
0.771986
0.741332
0.000000
0.000000
0.000000
0.000000
0.000000
0.000000
-1.117893
0.386125
0.912576
-1.257211
0.405903
0.884169
0.000000
0.000000
0.000000
0.000000
0.000000
0.000000
-1.229748
0.915467
0.699993
-1.318863
0.939099
0.675013
0.000000
0.000000
0.000000
0.000000
0.000000
0.000000
-1.129743
0.639858
0.777696
-1.197519
0.662254
0.756643
0.000000
0.000000
0.000000
0.000000
0.000000
0.000000
0.000000
0.000000
0.000000
-0.939785
1.429658
1.091951
0.000000
0.000000
0.000000
0.000000
0.000000
0.000000
-1.033147
0.881518
0.791981
-1.031136
1.067740
0.675194
0.000000
0.000000
0.000000
0.000000
0.000000
0.000000
-1.301177
0.574249
0.819445
-1.299693
0.512522
0.785368
0.000000
0.000000
0.000000
0.000000
0.000000
0.000000
-1.204570
0.803161
0.907984
-1.221266
0.803011
0.729446
0.000000
0.000000
0.000000
0.000000
0.000000
0.000000
-1.283564
0.845609
0.736767
-1.232356
0.902512
1.000438
0.000000
0.000000
0.000000
0.000000
0.000000
0.000000
-1.383550
0.435952
0.853078
-1.447991
0.353792
0.907453
0.000000
0.000000
0.000000
0.000000
0.000000
0.000000
-1.568730
0.456152
0.861303
-1.597369
0.464375
0.847844
0.000000
0.000000
0.000000
0.000000
0.000000
0.000000
-1.027352
1.118818
0.468031
-1.157645
0.964561
0.440982
0.000000
0.000000
0.000000
0.000000
0.000000
0.000000
-1.018358
2.086260
0.929721
-1.244172
1.130114
0.877684
0.000000
0.000000
0.000000
0.000000
0.000000
0.000000
-1.316000
0.832185
0.641945
-1.271557
0.836126
0.682242
0.000000
0.000000
0.000000
0.000000
0.000000
0.000000
0.000000
0.000000
0.000000
-1.202279
0.780415
0.803812
0.000000
0.000000
0.000000
0.000000
0.000000
0.000000
-0.971962
0.672508
0.639281
-0.898034
0.711086
0.763690
0.000000
0.000000
0.000000
-1.436391
0.572979
0.796461
0.000000
0.000000
0.000000
-1.409640
0.577273
0.796461
0.000000
0.000000
0.000000
0.000000
0.000000
0.000000
0.000000
0.000000
0.000000
-1.228318
0.532709
0.781171
0.000000
0.000000
0.000000
0.000000
0.000000
0.000000
-1.398617
0.843722
0.761148
-1.376923
0.872019
0.724057
0.000000
0.000000
0.000000
0.000000
0.000000
0.000000
-1.174834
1.017252
0.631596
-1.266940
0.860661
0.607729
-1.055518
0.596337
0.818212
-1.086615
0.586266
0.807418
-1.058901
0.603641
0.815214
-1.087573
0.590751
0.805924
0.000000
0.000000
0.000000
0.000000
0.000000
0.000000
-1.398912
1.017876
0.657569
-1.419709
1.075804
0.648411
0.000000
0.000000
0.000000
0.000000
0.000000
0.000000
0.000000
0.000000
0.000000
-1.327722
0.429593
0.636417
-1.361555
0.439713
0.860146
-1.414214
0.441989
0.862405
-1.307632
0.450081
0.854372
-1.357608
0.445343
0.860579
0.000000
0.000000
0.000000
0.000000
0.000000
0.000000
-1.415566
1.253026
0.520629
-1.463569
1.236563
0.529738
0.000000
0.000000
0.000000
0.000000
0.000000
0.000000
-1.430456
0.919495
0.708703
-1.503348
0.806770
0.788890
0.000000
0.000000
0.000000
0.000000
0.000000
0.000000
-0.901576
0.874925
0.813633
-0.931722
1.015023
0.695875
0.000000
0.000000
0.000000
0.000000
0.000000
0.000000
-1.188874
0.560289
0.660756
-1.273547
0.593821
1.089787
0.000000
0.000000
0.000000
0.000000
0.000000
0.000000
0.000000
0.000000
0.000000
-1.374603
0.726370
0.805261
0.000000
0.000000
0.000000
0.000000
0.000000
0.000000
0.000000
0.000000
0.000000
-1.206539
0.506562
0.781301
0.000000
0.000000
0.000000
0.000000
0.000000
0.000000
-1.190102
0.665825
0.872716
-1.244920
0.627337
0.733411
0.000000
0.000000
0.000000
0.000000
0.000000
0.000000
-1.674891
0.550195
0.862375
-1.696560
0.548701
0.860145
0.000000
0.000000
0.000000
0.000000
0.000000
0.000000
0.000000
0.000000
0.000000
-1.166881
0.767383
0.714370
0.000000
0.000000
0.000000
0.000000
0.000000
0.000000
-1.354497
0.910370
0.707436
-1.381772
0.914715
0.682776
0.000000
0.000000
0.000000
0.000000
0.000000
0.000000
0.000000
0.000000
0.000000
-0.993712
1.293187
0.565749
0.000000
0.000000
0.000000
0.000000
0.000000
0.000000
-1.311085
1.208782
0.542740
-1.301682
1.209540
0.471467
0.000000
0.000000
0.000000
0.000000
0.000000
0.000000
-1.247628
0.614563
0.725634
-1.329930
0.601159
0.810830
0.000000
0.000000
0.000000
0.000000
0.000000
0.000000
-1.278017
0.784690
0.719822
-1.206331
1.098330
0.601165
0.000000
0.000000
0.000000
0.000000
0.000000
0.000000
-1.273269
1.096406
0.614250
-1.281172
1.065879
0.678688
0.000000
0.000000
0.000000
0.000000
0.000000
0.000000
-1.244213
0.815735
0.892394
-1.374066
0.863589
0.831656
0.000000
0.000000
0.000000
0.000000
0.000000
0.000000
-1.437701
0.590620
0.634193
-1.551839
0.428304
1.087858
0.000000
0.000000
0.000000
0.000000
0.000000
0.000000
0.000000
0.000000
0.000000
-0.973094
0.718625
0.596329
-1.324731
0.604412
0.824854
-1.358253
0.618636
0.827313
-1.273457
0.605282
0.824200
-1.292504
0.620411
0.824402
0.000000
0.000000
0.000000
0.000000
0.000000
0.000000
-1.343788
1.136538
0.539141
-1.414539
0.999689
0.709765
0.000000
0.000000
0.000000
0.000000
0.000000
0.000000
-1.274807
0.671325
0.800514
-1.255254
0.734868
0.800845
0.000000
0.000000
0.000000
0.000000
0.000000
0.000000
-1.166801
0.771554
0.703440
-1.162989
1.042355
0.660458
0.000000
0.000000
0.000000
0.000000
0.000000
0.000000
0.000000
0.000000
0.000000
-1.162327
0.770627
0.685470
0.000000
0.000000
0.000000
0.000000
0.000000
0.000000
-1.245590
0.490174
0.749682
-1.251988
0.536591
0.914614
0.000000
0.000000
0.000000
0.000000
0.000000
0.000000
-1.289969
0.682774
0.908390
-1.260761
0.710333
0.808844
0.000000
0.000000
0.000000
0.000000
0.000000
0.000000
-1.380281
1.159598
0.591511
-1.410029
1.174326
0.571760
0.000000
0.000000
0.000000
0.000000
0.000000
0.000000
-1.193144
0.795418
0.650081
-1.181128
0.808420
0.732901
0.000000
0.000000
0.000000
0.000000
0.000000
0.000000
-1.083759
0.739497
0.755300
-1.033883
0.902779
0.789836
0.000000
0.000000
0.000000
0.000000
0.000000
0.000000
-1.151686
0.577538
0.844222
-1.232609
0.584654
0.812752
0.000000
0.000000
0.000000
0.000000
0.000000
0.000000
-1.492850
1.069007
0.723323
-1.405594
1.410819
0.714013
0.000000
0.000000
0.000000
0.000000
0.000000
0.000000
-1.278944
0.884822
0.757726
-1.322054
0.722734
0.742214
0.000000
0.000000
0.000000
0.000000
0.000000
0.000000
-1.425668
0.842477
0.807654
-1.504231
0.823879
0.788455
-1.180667
0.968177
0.780945
-1.226087
1.029091
0.681800
-1.117138
0.990791
0.780945
-1.137794
0.993188
0.694463
0.000000
0.000000
0.000000
0.000000
0.000000
0.000000
-1.135011
0.763104
0.718366
-1.027123
0.941633
0.720329
0.000000
0.000000
0.000000
0.000000
0.000000
0.000000
-1.090319
0.926473
0.609419
-1.091619
0.896441
0.698354
0.000000
0.000000
0.000000
0.000000
0.000000
0.000000
-1.384300
0.411807
0.982821
-1.441957
0.354694
0.903031
0.000000
0.000000
0.000000
0.000000
0.000000
0.000000
-1.605023
0.309278
0.894635
-1.654893
0.283583
0.895165
0.000000
0.000000
0.000000
0.000000
0.000000
0.000000
-1.358365
1.090752
0.669223
-1.413513
1.027102
0.611136
0.000000
0.000000
0.000000
0.000000
0.000000
0.000000
-1.553560
0.683657
0.812016
-1.559908
0.718233
0.821158
0.000000
0.000000
0.000000
0.000000
0.000000
0.000000
-1.467006
0.546462
0.852885
-1.512617
0.569162
0.844781
0.000000
0.000000
0.000000
0.000000
0.000000
0.000000
-1.376971
0.916007
0.741352
-1.409179
0.922164
0.718689
-1.320422
0.501154
0.768344
-1.290889
0.416785
0.785604
-1.229431
0.621795
0.729119
-1.213028
0.624867
0.690369
0.000000
0.000000
0.000000
0.000000
0.000000
0.000000
-1.301896
1.048157
0.670402
-1.327136
1.034182
0.673277
0.000000
0.000000
0.000000
0.000000
0.000000
0.000000
-1.347975
0.683031
0.793282
-1.393892
0.730033
0.787366
0.000000
0.000000
0.000000
0.000000
0.000000
0.000000
0.000000
0.000000
0.000000
-1.321314
0.461838
0.689179
0.000000
0.000000
0.000000
0.000000
0.000000
0.000000
-1.408878
1.095544
0.606720
-1.439598
1.147526
0.602820
0.000000
0.000000
0.000000
0.000000
0.000000
0.000000
-1.275427
0.870508
0.764247
-1.356751
0.883810
0.710619
0.000000
0.000000
0.000000
0.000000
0.000000
0.000000
-1.398671
0.587215
0.790277
-1.185671
0.903450
0.760297
0.000000
0.000000
0.000000
0.000000
0.000000
0.000000
-1.228561
1.004054
0.824917
-1.191643
1.186474
0.667272
0.000000
0.000000
0.000000
0.000000
0.000000
0.000000
-0.994351
0.921311
0.806149
-1.105211
0.633467
0.833376
0.000000
0.000000
0.000000
0.000000
0.000000
0.000000
-1.077303
0.709978
0.698289
-1.077915
0.714751
0.839993
0.000000
0.000000
0.000000
0.000000
0.000000
0.000000
-1.123773
0.574092
0.800694
-1.193053
0.620271
0.825456
0.000000
0.000000
0.000000
0.000000
0.000000
0.000000
-1.166110
0.825140
0.701656
-1.161660
0.684510
0.669876
0.000000
0.000000
0.000000
0.000000
0.000000
0.000000
-1.396638
0.370040
0.860989
-1.491805
0.360591
0.882776
0.000000
0.000000
0.000000
0.000000
0.000000
0.000000
0.000000
0.000000
0.000000
-1.201722
0.631444
0.816761
0.000000
0.000000
0.000000
0.000000
0.000000
0.000000
-1.410140
0.658721
0.821709
-1.250954
0.920422
0.818789
0.000000
0.000000
0.000000
0.000000
0.000000
0.000000
-1.228378
0.681755
0.783630
-1.260409
0.617780
0.818984
0.000000
0.000000
0.000000
0.000000
0.000000
0.000000
0.000000
0.000000
0.000000
-1.288713
1.150272
0.884471
0.000000
0.000000
0.000000
0.000000
0.000000
0.000000
-1.159163
0.608886
0.759123
-1.141117
0.675950
0.886855
0.000000
0.000000
0.000000
0.000000
0.000000
0.000000
-1.540835
0.548779
0.808359
-1.691212
0.456537
0.960263
0.000000
0.000000
0.000000
0.000000
0.000000
0.000000
-1.556645
0.374985
0.890711
-1.583262
0.385023
0.888038
-1.220840
0.722337
0.798175
-1.224153
0.722482
0.786008
-1.224009
0.719606
0.798279
-1.225894
0.721210
0.786294
-1.334037
0.503800
0.761101
-1.355736
0.445035
0.838496
-1.330835
0.503361
0.761101
-1.351852
0.444415
0.838496
0.000000
0.000000
0.000000
0.000000
0.000000
0.000000
-1.367882
0.840953
0.762425
-1.397370
0.827835
0.747808
0.000000
0.000000
0.000000
0.000000
0.000000
0.000000
0.000000
0.000000
0.000000
-1.095683
0.818935
0.593716
0.000000
0.000000
0.000000
0.000000
0.000000
0.000000
-1.059569
0.828327
0.744247
-1.033690
0.716492
0.791402
0.000000
0.000000
0.000000
0.000000
0.000000
0.000000
-1.239160
0.723079
0.615558
-1.240571
0.936105
0.633946
0.000000
0.000000
0.000000
0.000000
0.000000
0.000000
-1.711435
0.435948
0.882667
-1.733550
0.434492
0.884071
0.000000
0.000000
0.000000
0.000000
0.000000
0.000000
-1.142685
0.833391
0.671083
-1.187393
0.992266
0.642007
0.000000
0.000000
0.000000
0.000000
0.000000
0.000000
0.000000
0.000000
0.000000
-0.950341
1.044026
0.845189
0.000000
0.000000
0.000000
0.000000
0.000000
0.000000
-1.254290
0.701589
0.832475
-1.350716
0.669607
0.851293
0.000000
0.000000
0.000000
0.000000
0.000000
0.000000
-0.939635
1.597338
0.629855
-1.124715
1.176379
0.544719
0.000000
0.000000
0.000000
0.000000
0.000000
0.000000
-1.392096
0.417625
0.737182
-1.402737
0.477388
0.895288
0.000000
0.000000
0.000000
0.000000
0.000000
0.000000
-1.368628
1.281712
0.496048
-1.409801
1.245210
0.568348
0.000000
0.000000
0.000000
0.000000
0.000000
0.000000
-1.368202
0.586719
0.816226
-1.373984
0.585592
0.804882
0.000000
0.000000
0.000000
0.000000
0.000000
0.000000
0.000000
0.000000
0.000000
-1.204324
0.462595
0.670575
0.000000
0.000000
0.000000
0.000000
0.000000
0.000000
-1.221463
0.756033
0.782746
-1.273220
0.720373
0.783989
0.000000
0.000000
0.000000
0.000000
0.000000
0.000000
-1.235996
0.700224
0.805175
-1.289446
0.654674
0.801637
0.000000
0.000000
0.000000
0.000000
0.000000
0.000000
-1.243565
0.418248
0.845581
-1.278969
0.380499
0.852011
0.000000
0.000000
0.000000
0.000000
0.000000
0.000000
-1.128200
0.765865
0.820719
-1.159651
0.763784
0.755075
0.000000
0.000000
0.000000
0.000000
0.000000
0.000000
-1.205047
0.590460
0.718657
-1.303238
0.602715
0.738740
0.000000
0.000000
0.000000
0.000000
0.000000
0.000000
-1.183940
1.095446
0.524692
-1.247406
1.130488
0.540653
0.000000
0.000000
0.000000
-1.208839
0.621903
0.697856
0.000000
0.000000
0.000000
-1.141265
0.637023
0.715209
0.000000
0.000000
0.000000
0.000000
0.000000
0.000000
-1.502065
0.658423
0.769475
-1.543472
0.647436
0.797814
0.000000
0.000000
0.000000
0.000000
0.000000
0.000000
0.000000
0.000000
0.000000
-1.177123
0.887651
0.709572
0.000000
0.000000
0.000000
0.000000
0.000000
0.000000
-1.191346
0.861656
0.761141
-1.304411
0.670597
0.882483
-1.386727
0.433684
0.861146
-1.386687
0.448967
0.863455
-1.349923
0.518779
0.837472
-1.350602
0.547726
0.842198
0.000000
0.000000
0.000000
0.000000
0.000000
0.000000
-1.388409
0.693023
0.818946
-1.420749
0.715790
0.793798
0.000000
0.000000
0.000000
0.000000
0.000000
0.000000
-1.329478
0.479388
0.830907
-1.305417
0.562130
0.846977
0.000000
0.000000
0.000000
0.000000
0.000000
0.000000
-1.146569
1.105799
0.441169
-1.221198
1.195055
0.453712
0.000000
0.000000
0.000000
0.000000
0.000000
0.000000
-1.225910
0.968249
0.702108
-1.246723
0.789813
0.700988
0.000000
0.000000
0.000000
0.000000
0.000000
0.000000
-1.450947
0.751069
0.845323
-1.391234
0.915591
0.776908
0.000000
0.000000
0.000000
0.000000
0.000000
0.000000
-1.238346
0.623208
0.812145
-1.288777
0.671320
0.808692
0.000000
0.000000
0.000000
-1.291150
0.795645
0.763744
0.000000
0.000000
0.000000
-1.300951
0.805095
0.763744
0.000000
0.000000
0.000000
0.000000
0.000000
0.000000
-1.147755
1.076631
0.883485
-1.280415
0.820879
0.785583
-1.405641
0.562397
0.723865
-1.449742
0.506655
0.904697
-1.417178
0.565630
0.723865
-1.445772
0.511623
0.904697
0.000000
0.000000
0.000000
0.000000
0.000000
0.000000
-1.298859
0.817525
0.783345
-1.428055
0.796713
0.839296
0.000000
0.000000
0.000000
0.000000
0.000000
0.000000
-1.407096
0.570069
0.825400
-1.422485
0.589467
0.835451
0.000000
0.000000
0.000000
0.000000
0.000000
0.000000
-1.366294
0.670061
0.800170
-1.430147
0.600172
0.831743
0.000000
0.000000
0.000000
0.000000
0.000000
0.000000
-1.572172
0.985729
0.714659
-1.598957
0.987208
0.717290
0.000000
0.000000
0.000000
0.000000
0.000000
0.000000
-1.026087
0.819711
0.812188
-1.110154
0.816764
0.814657
0.000000
0.000000
0.000000
0.000000
0.000000
0.000000
-1.366842
0.852473
0.782960
-1.365940
0.817666
0.688294
0.000000
0.000000
0.000000
0.000000
0.000000
0.000000
-1.459241
0.787328
0.757926
-1.553447
0.699301
0.884416
0.000000
0.000000
0.000000
0.000000
0.000000
0.000000
-1.537020
0.619606
0.850755
-1.561276
0.736698
0.845073
0.000000
0.000000
0.000000
0.000000
0.000000
0.000000
-1.617829
0.405546
0.890392
-1.674562
0.409789
0.888534
0.000000
0.000000
0.000000
0.000000
0.000000
0.000000
-1.229284
0.915574
0.688879
-1.299048
0.738368
0.746199
0.000000
0.000000
0.000000
0.000000
0.000000
0.000000
-1.400745
0.502573
0.905651
-1.464455
0.388107
0.887866
0.000000
0.000000
0.000000
0.000000
0.000000
0.000000
-1.140444
0.743193
0.701778
-1.174559
0.760635
0.741692
-1.338741
0.524495
0.816808
-1.324726
0.559514
0.868436
-1.336512
0.524000
0.816808
-1.327713
0.560148
0.870097
0.000000
0.000000
0.000000
0.000000
0.000000
0.000000
-1.246181
0.580699
0.822879
-1.253730
0.609702
0.803284
0.000000
0.000000
0.000000
0.000000
0.000000
0.000000
-1.094987
0.752535
0.715980
-1.123002
0.659394
0.806769
0.000000
0.000000
0.000000
0.000000
0.000000
0.000000
-1.404930
1.001035
0.659389
-1.346983
1.331226
0.507287
0.000000
0.000000
0.000000
0.000000
0.000000
0.000000
0.000000
0.000000
0.000000
-1.100021
1.059171
0.640345
0.000000
0.000000
0.000000
0.000000
0.000000
0.000000
-1.220296
0.957696
0.701652
-1.241024
0.875581
0.722025
0.000000
0.000000
0.000000
0.000000
0.000000
0.000000
-1.453853
0.623572
0.834388
-1.473562
0.664003
0.817963
0.000000
0.000000
0.000000
0.000000
0.000000
0.000000
-1.234521
0.598719
0.837863
-1.409270
0.399223
0.859754
0.000000
0.000000
0.000000
0.000000
0.000000
0.000000
-1.120386
1.126443
0.542449
-1.175143
1.126790
0.546311
0.000000
0.000000
0.000000
0.000000
0.000000
0.000000
-1.395657
0.685994
0.698803
-1.290212
1.052280
0.764592
0.000000
0.000000
0.000000
0.000000
0.000000
0.000000
-1.572382
0.673824
0.815446
-1.585730
0.678175
0.825493
0.000000
0.000000
0.000000
0.000000
0.000000
0.000000
0.000000
0.000000
0.000000
-1.190174
0.899975
0.706313
0.000000
0.000000
0.000000
0.000000
0.000000
0.000000
0.000000
0.000000
0.000000
-1.128653
0.780644
0.777516
0.000000
0.000000
0.000000
0.000000
0.000000
0.000000
0.000000
0.000000
0.000000
-1.146917
0.888474
0.676813
0.000000
0.000000
0.000000
0.000000
0.000000
0.000000
-1.150008
1.071528
0.547193
-1.197932
1.114943
0.557412
0.000000
0.000000
0.000000
0.000000
0.000000
0.000000
-1.124823
1.024305
0.751549
-1.200376
0.940802
0.665165
0.000000
0.000000
0.000000
0.000000
0.000000
0.000000
0.000000
0.000000
0.000000
-1.235249
0.614259
0.653703
0.000000
0.000000
0.000000
0.000000
0.000000
0.000000
0.000000
0.000000
0.000000
-1.330169
0.762348
0.799465
0.000000
0.000000
0.000000
0.000000
0.000000
0.000000
-1.061924
0.691438
0.674701
-1.212466
0.585578
0.741820
0.000000
0.000000
0.000000
0.000000
0.000000
0.000000
0.000000
0.000000
0.000000
-1.111127
0.605762
0.682469
0.000000
0.000000
0.000000
0.000000
0.000000
0.000000
-1.047083
1.017456
0.862109
-1.036543
1.465807
0.745827
0.000000
0.000000
0.000000
0.000000
0.000000
0.000000
-1.485275
0.614678
0.870774
-1.477975
0.857610
0.821521
0.000000
0.000000
0.000000
-1.254424
0.482297
0.789703
0.000000
0.000000
0.000000
-1.267055
0.486344
0.789703
0.000000
0.000000
0.000000
0.000000
0.000000
0.000000
-1.176782
0.829141
0.651502
-1.190274
0.912376
0.658267
0.000000
0.000000
0.000000
0.000000
0.000000
0.000000
-1.096186
0.753879
0.694906
-1.154403
0.644180
0.811751
0.000000
0.000000
0.000000
0.000000
0.000000
0.000000
-1.328911
1.162231
0.602322
-1.360561
1.491042
0.526588
0.000000
0.000000
0.000000
0.000000
0.000000
0.000000
-1.361076
0.563132
0.806185
-1.379091
0.549737
0.808408
0.000000
0.000000
0.000000
0.000000
0.000000
0.000000
-1.208252
0.522879
0.801748
-1.185269
0.602685
0.795105
-1.349327
0.833167
0.706248
-1.526025
0.661551
0.790251
-1.287300
0.853706
0.665492
-1.364298
0.740601
0.679447
0.000000
0.000000
0.000000
0.000000
0.000000
0.000000
-1.103524
1.009238
0.491549
-1.134750
0.982976
0.547407
0.000000
0.000000
0.000000
0.000000
0.000000
0.000000
0.000000
0.000000
0.000000
-1.292360
0.423602
0.760223
0.000000
0.000000
0.000000
0.000000
0.000000
0.000000
-1.347012
1.221710
0.553186
-1.387217
1.223568
0.508245
0.000000
0.000000
0.000000
0.000000
0.000000
0.000000
-1.280374
0.550243
0.836213
-1.257430
0.620271
0.822000
0.000000
0.000000
0.000000
0.000000
0.000000
0.000000
-1.066868
0.806496
0.725223
-1.089501
0.788455
0.627245
0.000000
0.000000
0.000000
0.000000
0.000000
0.000000
-0.999872
1.169475
0.739487
-1.189251
0.844122
0.680316
0.000000
0.000000
0.000000
0.000000
0.000000
0.000000
-1.153822
0.658803
0.790279
-1.323925
0.578690
0.841389
0.000000
0.000000
0.000000
0.000000
0.000000
0.000000
-1.109259
0.770853
0.807337
-1.159506
0.728399
0.751196
0.000000
0.000000
0.000000
0.000000
0.000000
0.000000
0.000000
0.000000
0.000000
-1.154121
0.694380
0.721211
0.000000
0.000000
0.000000
0.000000
0.000000
0.000000
-1.238592
1.363652
0.766560
-1.313894
0.992912
0.719677
0.000000
0.000000
0.000000
0.000000
0.000000
0.000000
-1.315072
0.862365
0.710194
-1.340196
0.923954
0.700774
0.000000
0.000000
0.000000
0.000000
0.000000
0.000000
-1.508179
0.636007
0.806124
-1.538860
0.644733
0.828471
-1.262286
0.629656
0.897517
-1.211154
0.695990
0.796775
-1.237611
0.659163
0.908581
-1.245789
0.651615
0.800552
0.000000
0.000000
0.000000
0.000000
0.000000
0.000000
-1.255222
0.664010
0.895419
-1.321544
0.572600
0.906811
0.000000
0.000000
0.000000
0.000000
0.000000
0.000000
-1.449280
0.691913
0.761511
-1.452355
0.797014
0.783836
0.000000
0.000000
0.000000
0.000000
0.000000
0.000000
-0.909539
0.765659
0.841943
-1.057309
0.702429
0.830927
0.000000
0.000000
0.000000
0.000000
0.000000
0.000000
-1.163340
0.470899
0.748279
-1.251799
0.593453
0.862491
0.000000
0.000000
0.000000
0.000000
0.000000
0.000000
-1.410025
1.160732
0.502017
-1.410135
1.101278
0.570209
0.000000
0.000000
0.000000
0.000000
0.000000
0.000000
0.000000
0.000000
0.000000
-0.989558
0.994306
0.826254
0.000000
0.000000
0.000000
0.000000
0.000000
0.000000
-1.519003
0.422954
0.906306
-1.613118
0.410672
0.889930
0.000000
0.000000
0.000000
0.000000
0.000000
0.000000
-1.600550
0.544511
0.879940
-1.650334
0.596016
0.863133
0.000000
0.000000
0.000000
0.000000
0.000000
0.000000
-1.231951
0.744308
0.648024
-1.136928
0.990744
0.773305
0.000000
0.000000
0.000000
0.000000
0.000000
0.000000
-1.238054
0.804120
0.756666
-1.275804
0.795369
0.768473
0.000000
0.000000
0.000000
0.000000
0.000000
0.000000
-1.218506
1.257767
0.498604
-1.307279
1.229114
0.481436
0.000000
0.000000
0.000000
0.000000
0.000000
0.000000
-1.369947
1.259133
0.548569
-1.432845
1.254486
0.523823
0.000000
0.000000
0.000000
0.000000
0.000000
0.000000
0.000000
0.000000
0.000000
-1.229351
0.551688
0.681898
0.000000
0.000000
0.000000
0.000000
0.000000
0.000000
-1.291780
0.828923
0.769856
-1.322695
0.886598
0.753224
0.000000
0.000000
0.000000
0.000000
0.000000
0.000000
-1.219900
0.544501
0.646476
-1.242608
0.589823
0.888361
0.000000
0.000000
0.000000
0.000000
0.000000
0.000000
-1.317682
0.789935
0.757890
-1.334778
0.752137
0.765995
0.000000
0.000000
0.000000
0.000000
0.000000
0.000000
-1.494443
0.443502
0.861174
-1.532543
0.420596
0.874187
0.000000
0.000000
0.000000
0.000000
0.000000
0.000000
-1.342404
0.715810
0.791442
-1.366747
0.758802
0.739499
0.000000
0.000000
0.000000
0.000000
0.000000
0.000000
-1.522113
0.433653
0.891519
-1.538951
0.444510
0.888345
0.000000
0.000000
0.000000
0.000000
0.000000
0.000000
-1.265792
0.925878
0.696965
-1.270819
0.976912
0.681282
0.000000
0.000000
0.000000
0.000000
0.000000
0.000000
-1.358551
0.721536
0.789757
-1.343694
0.789861
0.776212
0.000000
0.000000
0.000000
0.000000
0.000000
0.000000
-1.227433
1.033010
0.682140
-1.299032
0.970879
0.712836
0.000000
0.000000
0.000000
0.000000
0.000000
0.000000
-1.123554
0.884658
0.630463
-1.057017
1.110113
0.545455
0.000000
0.000000
0.000000
0.000000
0.000000
0.000000
-1.251008
0.600659
0.908785
-1.210505
0.911665
0.838587
0.000000
0.000000
0.000000
0.000000
0.000000
0.000000
0.000000
0.000000
0.000000
-1.625668
0.414438
0.611557
0.000000
0.000000
0.000000
0.000000
0.000000
0.000000
-1.177745
1.371416
0.798536
-1.345339
1.003634
0.722170
0.000000
0.000000
0.000000
0.000000
0.000000
0.000000
0.000000
0.000000
0.000000
-1.187718
0.666909
0.653048
0.000000
0.000000
0.000000
0.000000
0.000000
0.000000
-1.174671
0.921604
0.636834
-1.240086
0.956806
0.787336
0.000000
0.000000
0.000000
0.000000
0.000000
0.000000
-1.639618
0.353496
0.891996
-1.645618
0.356694
0.890047
0.000000
0.000000
0.000000
0.000000
0.000000
0.000000
-1.352032
1.106326
0.716309
-1.412191
1.028977
0.646369
0.000000
0.000000
0.000000
0.000000
0.000000
0.000000
-1.178381
0.861786
0.829114
-1.187206
1.058943
0.756688
0.000000
0.000000
0.000000
0.000000
0.000000
0.000000
-1.374534
0.646521
0.741296
-1.408970
0.583251
0.941960
0.000000
0.000000
0.000000
0.000000
0.000000
0.000000
-1.215909
0.947015
0.577115
-1.312097
0.910923
0.618604
0.000000
0.000000
0.000000
0.000000
0.000000
0.000000
-1.146181
0.606010
0.755961
-1.119916
0.638932
0.680886
0.000000
0.000000
0.000000
0.000000
0.000000
0.000000
-1.115859
0.831169
0.721743
-1.199906
0.608463
0.657885
0.000000
0.000000
0.000000
0.000000
0.000000
0.000000
-1.527466
0.417048
0.883358
-1.547885
0.404878
0.893679
0.000000
0.000000
0.000000
0.000000
0.000000
0.000000
0.000000
0.000000
0.000000
-1.300164
0.519274
0.911109
0.000000
0.000000
0.000000
0.000000
0.000000
0.000000
0.000000
0.000000
0.000000
-1.489248
0.413152
0.701829
-1.539373
0.322563
0.634692
-1.440014
0.346318
0.992308
-1.578470
0.328142
0.620630
-1.469467
0.346475
1.045725
0.000000
0.000000
0.000000
0.000000
0.000000
0.000000
0.000000
0.000000
0.000000
-1.328841
0.478034
0.658545
0.000000
0.000000
0.000000
0.000000
0.000000
0.000000
-1.331933
0.813936
0.742021
-1.354939
0.824320
0.748373
0.000000
0.000000
0.000000
0.000000
0.000000
0.000000
-1.394893
0.718894
0.890612
-1.540588
0.483524
0.855785
0.000000
0.000000
0.000000
0.000000
0.000000
0.000000
-1.139562
0.741402
0.711014
-1.197469
0.766062
0.714950
0.000000
0.000000
0.000000
0.000000
0.000000
0.000000
0.000000
0.000000
0.000000
-1.101936
0.538161
0.618877
0.000000
0.000000
0.000000
0.000000
0.000000
0.000000
-1.078905
0.543064
0.635909
-0.883257
0.724771
0.776713
0.000000
0.000000
0.000000
0.000000
0.000000
0.000000
-1.455424
0.710733
0.801233
-1.472160
0.750031
0.793046
0.000000
0.000000
0.000000
0.000000
0.000000
0.000000
-1.323745
0.741222
0.662981
-1.369902
0.639852
0.800031
0.000000
0.000000
0.000000
0.000000
0.000000
0.000000
-1.248099
1.095564
0.692017
-1.275138
1.133152
0.605406
0.000000
0.000000
0.000000
0.000000
0.000000
0.000000
-1.141438
0.753614
0.781113
-1.224627
0.766773
0.791178
0.000000
0.000000
0.000000
0.000000
0.000000
0.000000
0.000000
0.000000
0.000000
-1.355664
0.812134
0.864154
0.000000
0.000000
0.000000
0.000000
0.000000
0.000000
-1.151369
0.941742
0.694058
-1.183158
1.016805
0.712440
0.000000
0.000000
0.000000
0.000000
0.000000
0.000000
-1.382949
0.582600
0.877528
-1.421152
0.652690
0.831059
0.000000
0.000000
0.000000
0.000000
0.000000
0.000000
-1.400577
0.697955
0.831177
-1.469729
0.761116
0.831271
0.000000
0.000000
0.000000
0.000000
0.000000
0.000000
-1.212876
0.858916
0.724071
-1.256271
0.807982
0.804967
0.000000
0.000000
0.000000
0.000000
0.000000
0.000000
-1.048643
0.703928
0.824329
-1.073424
0.764727
0.698377
0.000000
0.000000
0.000000
0.000000
0.000000
0.000000
-1.341152
0.819029
0.741154
-1.344150
0.845756
0.732624
0.000000
0.000000
0.000000
0.000000
0.000000
0.000000
0.000000
0.000000
0.000000
-1.241067
0.612424
0.752784
0.000000
0.000000
0.000000
0.000000
0.000000
0.000000
0.000000
0.000000
0.000000
-1.298831
0.959517
0.906487
0.000000
0.000000
0.000000
0.000000
0.000000
0.000000
-1.226034
0.788530
0.816681
-1.269491
0.797009
0.817013
0.000000
0.000000
0.000000
0.000000
0.000000
0.000000
-1.512572
0.748364
0.746017
-1.517433
1.003869
0.747357
0.000000
0.000000
0.000000
0.000000
0.000000
0.000000
-1.248081
0.745260
0.779962
-1.251394
0.787689
0.789130
-1.224768
0.940040
0.616566
-1.131272
0.920408
0.704638
-1.221138
0.946685
0.616566
-1.106333
0.875243
0.716743
0.000000
0.000000
0.000000
0.000000
0.000000
0.000000
-1.293404
0.971815
0.727478
-1.361765
0.956228
0.729590
0.000000
0.000000
0.000000
0.000000
0.000000
0.000000
-1.231516
0.608492
0.774706
-1.305436
0.681284
0.819483
0.000000
0.000000
0.000000
0.000000
0.000000
0.000000
0.000000
0.000000
0.000000
-1.037711
0.982742
0.773538
0.000000
0.000000
0.000000
0.000000
0.000000
0.000000
-1.052459
0.839000
0.702736
-1.136393
0.865922
0.664639
0.000000
0.000000
0.000000
-1.417075
0.812182
0.796050
0.000000
0.000000
0.000000
-1.413790
0.812924
0.796050
0.000000
0.000000
0.000000
0.000000
0.000000
0.000000
-1.303360
0.765539
0.569377
-1.209804
1.042824
0.685500
0.000000
0.000000
0.000000
0.000000
0.000000
0.000000
0.000000
0.000000
0.000000
-1.196057
0.650260
0.760226
0.000000
0.000000
0.000000
0.000000
0.000000
0.000000
-1.137927
0.647735
0.739465
-1.133599
0.726274
0.697565
0.000000
0.000000
0.000000
0.000000
0.000000
0.000000
-1.421801
0.529197
0.889250
-1.454457
0.462269
0.841505
0.000000
0.000000
0.000000
0.000000
0.000000
0.000000
0.000000
0.000000
0.000000
-1.209786
2.151196
0.654797
0.000000
0.000000
0.000000
0.000000
0.000000
0.000000
-1.179458
1.013584
0.577895
-1.250486
0.928807
0.638562
0.000000
0.000000
0.000000
0.000000
0.000000
0.000000
-1.126078
0.953912
0.650460
-1.040645
1.167873
0.600723
0.000000
0.000000
0.000000
0.000000
0.000000
0.000000
-1.373021
0.537597
0.796526
-1.397795
0.578188
0.784454
0.000000
0.000000
0.000000
0.000000
0.000000
0.000000
-1.220645
0.526554
0.623066
-1.185979
0.552616
0.883047
0.000000
0.000000
0.000000
0.000000
0.000000
0.000000
-1.128319
1.002742
0.815296
-1.242455
0.800908
0.703373
0.000000
0.000000
0.000000
0.000000
0.000000
0.000000
-1.295099
1.221814
0.639336
-1.409656
1.146895
0.623542
0.000000
0.000000
0.000000
0.000000
0.000000
0.000000
0.000000
0.000000
0.000000
-1.143365
0.611663
1.094205
0.000000
0.000000
0.000000
0.000000
0.000000
0.000000
0.000000
0.000000
0.000000
-1.071512
0.967981
0.677280
0.000000
0.000000
0.000000
0.000000
0.000000
0.000000
-1.214888
0.692545
0.901976
-1.307466
0.507752
0.840426
0.000000
0.000000
0.000000
0.000000
0.000000
0.000000
-1.249051
1.287941
0.424241
-1.303944
1.373942
0.407750
0.000000
0.000000
0.000000
0.000000
0.000000
0.000000
-1.126079
0.862639
0.738620
-1.146464
0.964535
0.691857
0.000000
0.000000
0.000000
0.000000
0.000000
0.000000
-1.365540
0.908926
0.817235
-1.492880
0.775346
0.753157
0.000000
0.000000
0.000000
0.000000
0.000000
0.000000
-1.265804
0.842058
0.608015
-1.228569
0.947282
0.708691
0.000000
0.000000
0.000000
0.000000
0.000000
0.000000
-1.570616
0.346612
0.888598
-1.595654
0.346312
0.888973
0.000000
0.000000
0.000000
0.000000
0.000000
0.000000
-1.301911
0.416821
0.834857
-1.398398
0.362851
0.856328
0.000000
0.000000
0.000000
-1.119449
0.677884
0.721528
0.000000
0.000000
0.000000
-1.090479
0.682143
0.721528
0.000000
0.000000
0.000000
0.000000
0.000000
0.000000
-1.349979
0.477533
0.928762
-1.309134
0.629652
0.843583
0.000000
0.000000
0.000000
0.000000
0.000000
0.000000
-1.523213
0.404082
0.869243
-1.577836
0.371793
0.884674
0.000000
0.000000
0.000000
0.000000
0.000000
0.000000
0.000000
0.000000
0.000000
-1.183424
0.868883
0.732583
0.000000
0.000000
0.000000
0.000000
0.000000
0.000000
0.000000
0.000000
0.000000
-1.373632
0.408591
0.851532
0.000000
0.000000
0.000000
0.000000
0.000000
0.000000
-1.637961
0.330617
0.896102
-1.638858
0.352686
0.886912
0.000000
0.000000
0.000000
0.000000
0.000000
0.000000
-1.200527
0.802556
0.680997
-1.215337
1.137411
0.619252
0.000000
0.000000
0.000000
0.000000
0.000000
0.000000
-1.224372
0.833760
0.643341
-1.256661
0.869963
0.690223
0.000000
0.000000
0.000000
0.000000
0.000000
0.000000
0.000000
0.000000
0.000000
-1.140364
1.139747
0.656356
-1.360998
0.884883
0.574424
-1.300526
1.180982
0.613599
-1.350627
0.889944
0.574424
-1.284836
1.166112
0.613599
0.000000
0.000000
0.000000
0.000000
0.000000
0.000000
-1.207084
0.788318
0.749966
-1.241473
0.793723
0.768911
0.000000
0.000000
0.000000
0.000000
0.000000
0.000000
0.000000
0.000000
0.000000
-1.344598
0.528803
0.784941
0.000000
0.000000
0.000000
0.000000
0.000000
0.000000
0.000000
0.000000
0.000000
-1.314522
0.827883
0.919126
0.000000
0.000000
0.000000
0.000000
0.000000
0.000000
0.000000
0.000000
0.000000
-1.205739
0.615156
0.585626
0.000000
0.000000
0.000000
0.000000
0.000000
0.000000
0.000000
0.000000
0.000000
-1.276148
0.682054
0.674325
0.000000
0.000000
0.000000
0.000000
0.000000
0.000000
-1.569126
0.825009
1.110995
-1.630596
0.664954
0.937776
0.000000
0.000000
0.000000
0.000000
0.000000
0.000000
-1.356592
0.768650
0.732849
-1.301080
0.922204
0.684273
0.000000
0.000000
0.000000
0.000000
0.000000
0.000000
-1.269257
1.204480
0.519094
-1.326818
1.107022
0.530166
0.000000
0.000000
0.000000
0.000000
0.000000
0.000000
-1.326336
1.043596
0.819398
-1.389712
0.846219
0.770659
0.000000
0.000000
0.000000
0.000000
0.000000
0.000000
-1.271364
0.448950
0.682899
-1.371000
0.356003
0.927095
0.000000
0.000000
0.000000
0.000000
0.000000
0.000000
0.000000
0.000000
0.000000
-1.069722
0.873757
0.719841
-1.474079
0.359220
0.727358
-1.421468
0.303950
0.999310
-1.457089
0.366058
0.727358
-1.362962
0.336291
0.972629
0.000000
0.000000
0.000000
0.000000
0.000000
0.000000
-1.221693
0.578012
0.808220
-1.287599
0.520169
0.819143
0.000000
0.000000
0.000000
0.000000
0.000000
0.000000
-1.006516
1.160240
0.769378
-1.240038
0.659671
0.762072
0.000000
0.000000
0.000000
0.000000
0.000000
0.000000
-1.452929
0.980241
0.625447
-1.447092
1.037214
0.568437
0.000000
0.000000
0.000000
0.000000
0.000000
0.000000
0.000000
0.000000
0.000000
-1.171422
0.779780
0.798676
0.000000
0.000000
0.000000
0.000000
0.000000
0.000000
-1.111361
0.551718
0.752759
-1.145042
0.430304
0.849228
0.000000
0.000000
0.000000
0.000000
0.000000
0.000000
-1.335172
0.460035
0.842699
-1.240291
0.545985
0.870228
0.000000
0.000000
0.000000
0.000000
0.000000
0.000000
-1.164332
0.582486
0.879485
-1.265368
0.517856
0.842176
0.000000
0.000000
0.000000
0.000000
0.000000
0.000000
-1.073111
0.788436
0.719732
-1.130845
0.852334
0.713123
0.000000
0.000000
0.000000
0.000000
0.000000
0.000000
0.000000
0.000000
0.000000
-1.242953
0.896921
0.759340
0.000000
0.000000
0.000000
0.000000
0.000000
0.000000
-1.505092
0.685371
0.824265
-1.575424
0.646480
0.848010
0.000000
0.000000
0.000000
0.000000
0.000000
0.000000
0.000000
0.000000
0.000000
-1.186822
0.575509
0.783902
-1.078303
0.806960
0.674562
-1.036761
0.784230
0.718356
-1.072133
0.807057
0.674562
-1.031865
0.783991
0.718356
0.000000
0.000000
0.000000
0.000000
0.000000
0.000000
-1.365244
1.060305
0.524829
-1.362964
1.366274
0.525736
0.000000
0.000000
0.000000
0.000000
0.000000
0.000000
-1.103294
0.994742
0.688905
-1.247309
0.752328
0.757466
0.000000
0.000000
0.000000
0.000000
0.000000
0.000000
-1.635538
0.465822
0.871478
-1.657244
0.452430
0.875352
0.000000
0.000000
0.000000
0.000000
0.000000
0.000000
-1.076537
0.858363
0.833126
-1.270635
0.666335
0.918401
0.000000
0.000000
0.000000
0.000000
0.000000
0.000000
-1.412081
0.801138
0.817805
-1.429458
0.749740
0.767153
0.000000
0.000000
0.000000
-1.178270
0.553718
0.671590
0.000000
0.000000
0.000000
-1.245520
0.825945
0.632410
0.000000
0.000000
0.000000
0.000000
0.000000
0.000000
-1.160541
0.371913
0.852476
-1.257872
0.392279
0.878862
0.000000
0.000000
0.000000
0.000000
0.000000
0.000000
0.000000
0.000000
0.000000
-1.225996
0.756368
0.797061
0.000000
0.000000
0.000000
0.000000
0.000000
0.000000
-1.309176
1.091772
0.597030
-1.363654
1.052696
0.657199
0.000000
0.000000
0.000000
0.000000
0.000000
0.000000
0.000000
0.000000
0.000000
-1.188283
0.759873
0.807748
0.000000
0.000000
0.000000
0.000000
0.000000
0.000000
-1.255385
0.993229
0.719572
-1.300989
1.006854
0.701114
0.000000
0.000000
0.000000
0.000000
0.000000
0.000000
-1.258341
0.770567
0.776301
-1.290791
0.807315
0.771578
0.000000
0.000000
0.000000
0.000000
0.000000
0.000000
-1.152642
1.046820
0.675019
-1.297518
0.931483
0.686861
0.000000
0.000000
0.000000
0.000000
0.000000
0.000000
-1.254611
0.536702
0.757137
-1.196851
0.712270
0.796675
0.000000
0.000000
0.000000
0.000000
0.000000
0.000000
-1.127835
0.757810
0.739290
-1.165005
0.840662
0.727705
0.000000
0.000000
0.000000
0.000000
0.000000
0.000000
0.000000
0.000000
0.000000
-1.506572
0.492110
0.712030
0.000000
0.000000
0.000000
0.000000
0.000000
0.000000
-1.201708
0.748794
0.712648
-1.235913
0.619554
0.844361
0.000000
0.000000
0.000000
0.000000
0.000000
0.000000
-1.261715
0.817164
0.683977
-1.226035
0.899201
0.721656
0.000000
0.000000
0.000000
0.000000
0.000000
0.000000
-1.607972
0.996138
0.769745
-1.625505
0.966684
0.737210
0.000000
0.000000
0.000000
0.000000
0.000000
0.000000
-1.150020
0.928807
0.885489
-1.149014
0.884964
0.887237
0.000000
0.000000
0.000000
0.000000
0.000000
0.000000
-1.216713
0.976367
0.636726
-1.265415
1.037285
0.605566
0.000000
0.000000
0.000000
0.000000
0.000000
0.000000
-1.036690
0.904187
0.650958
-1.119123
0.748897
0.677448
0.000000
0.000000
0.000000
0.000000
0.000000
0.000000
-1.489329
0.447305
0.873126
-1.531305
0.437709
0.870143
0.000000
0.000000
0.000000
0.000000
0.000000
0.000000
-0.874241
0.848539
0.683980
-0.837861
0.887914
0.728308
0.000000
0.000000
0.000000
0.000000
0.000000
0.000000
-0.873099
0.841504
0.675386
-1.032703
0.676956
0.718847
0.000000
0.000000
0.000000
0.000000
0.000000
0.000000
-1.207408
1.029298
0.687403
-1.324180
0.768542
0.748420
0.000000
0.000000
0.000000
0.000000
0.000000
0.000000
-1.018638
1.200891
0.556940
-1.099714
0.952039
0.611800
0.000000
0.000000
0.000000
0.000000
0.000000
0.000000
-1.637560
0.846568
0.804296
-1.655833
0.832072
0.765247
0.000000
0.000000
0.000000
0.000000
0.000000
0.000000
-1.171620
0.549468
0.826544
-1.285431
0.424962
0.880346
0.000000
0.000000
0.000000
0.000000
0.000000
0.000000
-1.482965
0.804638
0.801536
-1.507568
0.889697
0.783543
0.000000
0.000000
0.000000
0.000000
0.000000
0.000000
0.000000
0.000000
0.000000
-1.091936
0.991188
0.799618
0.000000
0.000000
0.000000
0.000000
0.000000
0.000000
-1.004516
0.862535
0.662879
-1.091485
0.745061
0.736822
0.000000
0.000000
0.000000
0.000000
0.000000
0.000000
-1.367085
0.834872
0.865660
-1.490019
0.699814
0.842473
0.000000
0.000000
0.000000
0.000000
0.000000
0.000000
-1.275851
1.201745
0.594939
-1.349807
1.105320
0.553271
0.000000
0.000000
0.000000
0.000000
0.000000
0.000000
-0.952223
0.754080
0.787181
-1.135130
0.742973
0.642834
0.000000
0.000000
0.000000
0.000000
0.000000
0.000000
0.000000
0.000000
0.000000
-1.450196
0.696499
0.849861
0.000000
0.000000
0.000000
0.000000
0.000000
0.000000
-1.449032
0.531754
0.831067
-1.471404
0.638641
0.868605
0.000000
0.000000
0.000000
0.000000
0.000000
0.000000
-1.254130
0.899403
0.705348
-1.250541
0.947296
0.726015
0.000000
0.000000
0.000000
0.000000
0.000000
0.000000
-1.297790
0.651509
0.606024
-1.327795
0.698036
0.966680
0.000000
0.000000
0.000000
0.000000
0.000000
0.000000
-1.247544
1.247782
0.512031
-1.319451
1.217104
0.503828
0.000000
0.000000
0.000000
0.000000
0.000000
0.000000
-1.284691
0.728183
0.830101
-1.327802
0.691133
0.812998
0.000000
0.000000
0.000000
0.000000
0.000000
0.000000
-1.452657
0.367312
0.900882
-1.526663
0.358220
0.912752
0.000000
0.000000
0.000000
0.000000
0.000000
0.000000
-1.137136
0.974805
0.668103
-1.056424
0.973203
0.721003
-1.065769
0.466693
0.829857
-1.005702
0.494885
0.829288
-1.011988
0.559479
0.794400
-0.941061
0.620208
0.791765
0.000000
0.000000
0.000000
0.000000
0.000000
0.000000
-1.509262
0.743630
0.800176
-1.465668
0.916141
0.824363
0.000000
0.000000
0.000000
0.000000
0.000000
0.000000
-1.388138
0.601677
0.841620
-1.353988
0.625991
0.817294
0.000000
0.000000
0.000000
0.000000
0.000000
0.000000
-1.257195
0.746249
0.764395
-1.404217
0.680344
0.836327
0.000000
0.000000
0.000000
0.000000
0.000000
0.000000
-1.417227
0.500303
0.857570
-1.522590
0.456077
0.867578
0.000000
0.000000
0.000000
0.000000
0.000000
0.000000
-1.290346
0.815526
0.883887
-1.369129
0.822231
0.852303
-1.082778
0.785633
0.761052
-1.112441
0.778634
0.749669
-1.106615
0.988611
0.662547
-1.107126
1.002759
0.630427
0.000000
0.000000
0.000000
0.000000
0.000000
0.000000
-1.355114
0.933946
0.657562
-1.370805
0.969589
0.693758
0.000000
0.000000
0.000000
0.000000
0.000000
0.000000
-1.201879
0.493141
0.653002
-1.109057
0.648760
1.016361
0.000000
0.000000
0.000000
0.000000
0.000000
0.000000
-1.450157
0.900892
0.784570
-1.461476
0.911528
0.723415
-1.115066
0.767579
0.821238
-1.136594
0.708392
0.803149
-1.113148
0.766904
0.821238
-1.138240
0.700370
0.809974
0.000000
0.000000
0.000000
0.000000
0.000000
0.000000
-1.338068
0.784787
0.733361
-1.371124
0.770018
0.783784
0.000000
0.000000
0.000000
0.000000
0.000000
0.000000
-1.143656
1.025230
0.599638
-1.182909
1.139166
0.687256
0.000000
0.000000
0.000000
0.000000
0.000000
0.000000
-1.477310
0.791648
0.788842
-1.516788
0.817252
0.762475
0.000000
0.000000
0.000000
0.000000
0.000000
0.000000
0.000000
0.000000
0.000000
-1.226035
0.575949
0.775686
0.000000
0.000000
0.000000
0.000000
0.000000
0.000000
-1.085221
0.999693
0.706757
-1.292543
0.845147
0.794942
0.000000
0.000000
0.000000
0.000000
0.000000
0.000000
-1.277841
0.758896
0.704372
-1.294717
0.674468
0.731249
0.000000
0.000000
0.000000
0.000000
0.000000
0.000000
-1.258179
0.560069
0.862136
-1.351805
0.505083
0.857177
0.000000
0.000000
0.000000
0.000000
0.000000
0.000000
-1.165730
1.328389
0.707122
-1.317134
1.031537
0.627634
0.000000
0.000000
0.000000
0.000000
0.000000
0.000000
-1.050606
1.005846
0.627602
-1.141932
0.767706
0.653051
-1.710720
0.249037
0.905359
-1.707099
0.262226
0.907474
-1.681423
0.251265
0.905552
-1.676584
0.260136
0.908442
0.000000
0.000000
0.000000
0.000000
0.000000
0.000000
-1.231759
0.483334
0.736005
-1.406013
0.469306
0.978158
0.000000
0.000000
0.000000
0.000000
0.000000
0.000000
-1.592605
0.470249
0.873178
-1.613827
0.462119
0.874874
0.000000
0.000000
0.000000
0.000000
0.000000
0.000000
-1.340959
0.486245
0.827427
-1.382265
0.497060
0.859582
0.000000
0.000000
0.000000
0.000000
0.000000
0.000000
-1.574685
0.633762
0.814909
-1.573517
0.664627
0.825061
0.000000
0.000000
0.000000
0.000000
0.000000
0.000000
-1.428084
0.867965
0.736674
-1.430732
0.942326
0.737536
0.000000
0.000000
0.000000
-0.980116
0.712684
0.798304
0.000000
0.000000
0.000000
-1.000122
0.712113
0.842420
0.000000
0.000000
0.000000
0.000000
0.000000
0.000000
-1.169770
1.029168
0.646311
-1.204436
1.043016
0.676307
0.000000
0.000000
0.000000
0.000000
0.000000
0.000000
-1.211618
0.994429
0.597145
-1.236041
1.054024
0.626623
0.000000
0.000000
0.000000
0.000000
0.000000
0.000000
-1.421220
0.611035
0.841012
-1.443714
0.633033
0.828203
0.000000
0.000000
0.000000
0.000000
0.000000
0.000000
-1.153163
1.019625
0.636455
-1.209962
1.029029
0.629016
0.000000
0.000000
0.000000
0.000000
0.000000
0.000000
-1.347579
0.663534
0.645997
-1.279171
0.804810
0.806745
0.000000
0.000000
0.000000
0.000000
0.000000
0.000000
-1.416407
0.701326
0.669375
-1.418588
0.757412
0.816826
0.000000
0.000000
0.000000
0.000000
0.000000
0.000000
-1.222981
0.417707
0.809787
-1.185266
0.405982
0.862273
0.000000
0.000000
0.000000
0.000000
0.000000
0.000000
-1.352647
0.606327
0.645294
-1.228213
0.941812
0.825415
0.000000
0.000000
0.000000
0.000000
0.000000
0.000000
-1.313582
0.701912
0.796278
-1.235249
0.840255
0.829239
0.000000
0.000000
0.000000
0.000000
0.000000
0.000000
-0.966681
0.899975
0.520850
-0.989689
1.091601
0.450074
0.000000
0.000000
0.000000
0.000000
0.000000
0.000000
-1.266460
0.574898
0.782678
-1.254975
0.617196
0.836266
0.000000
0.000000
0.000000
0.000000
0.000000
0.000000
-1.212414
0.615771
0.824388
-1.194181
0.724429
0.885878
-1.186857
0.839728
0.657501
-1.209985
0.844223
0.696269
-1.167998
0.852953
0.627633
-1.200703
0.806497
0.710487
0.000000
0.000000
0.000000
0.000000
0.000000
0.000000
-1.308244
0.504449
0.750037
-1.344599
0.516772
0.823102
0.000000
0.000000
0.000000
0.000000
0.000000
0.000000
-1.278893
0.917863
0.748753
-1.341017
0.757509
0.743608
0.000000
0.000000
0.000000
0.000000
0.000000
0.000000
-1.193593
0.919881
0.567139
-1.348796
0.687951
0.791539
0.000000
0.000000
0.000000
0.000000
0.000000
0.000000
-1.314304
0.841378
0.702869
-1.328631
0.923866
0.748545
-0.982485
0.641987
0.713215
-1.037188
0.640927
0.632286
-0.974804
0.657082
0.713215
-1.038865
0.620963
0.614856
0.000000
0.000000
0.000000
0.000000
0.000000
0.000000
0.000000
0.000000
0.000000
-1.544589
0.441350
0.755807
0.000000
0.000000
0.000000
0.000000
0.000000
0.000000
-1.417107
0.322948
0.882919
-1.568496
0.229324
0.897152
0.000000
0.000000
0.000000
0.000000
0.000000
0.000000
-1.434937
0.419175
0.849490
-1.449856
0.419664
0.855615
0.000000
0.000000
0.000000
0.000000
0.000000
0.000000
-1.218124
0.827166
0.826761
-1.278204
1.077339
0.789224
0.000000
0.000000
0.000000
0.000000
0.000000
0.000000
-1.417027
0.492933
0.926868
-1.413211
0.579153
0.853575
0.000000
0.000000
0.000000
0.000000
0.000000
0.000000
-0.966059
0.908301
0.620727
-1.128707
0.796029
0.691606
0.000000
0.000000
0.000000
0.000000
0.000000
0.000000
-1.112743
1.012050
0.769788
-1.120127
0.923277
0.760654
0.000000
0.000000
0.000000
0.000000
0.000000
0.000000
-1.234292
1.126100
0.624002
-1.289970
1.177341
0.632221
0.000000
0.000000
0.000000
0.000000
0.000000
0.000000
-1.371707
1.048834
0.660815
-1.428676
1.141512
0.620996
0.000000
0.000000
0.000000
0.000000
0.000000
0.000000
-1.265581
0.673663
0.704405
-1.249545
0.801473
0.659710
0.000000
0.000000
0.000000
0.000000
0.000000
0.000000
-1.256916
0.718427
0.717761
-1.300850
0.718756
0.695071
0.000000
0.000000
0.000000
0.000000
0.000000
0.000000
-1.468683
0.576792
0.850124
-1.516140
0.582162
0.843536
0.000000
0.000000
0.000000
0.000000
0.000000
0.000000
0.000000
0.000000
0.000000
-0.976921
1.558254
0.554952
0.000000
0.000000
0.000000
-1.131273
0.658638
0.744303
0.000000
0.000000
0.000000
-1.087018
0.669694
0.744303
0.000000
0.000000
0.000000
0.000000
0.000000
0.000000
-1.110478
0.835943
0.837011
-1.201202
0.769955
0.747440
0.000000
0.000000
0.000000
0.000000
0.000000
0.000000
-1.399762
0.936864
0.712485
-1.434427
0.932596
0.719606
0.000000
0.000000
0.000000
0.000000
0.000000
0.000000
-1.576050
0.321868
0.886638
-1.605600
0.330256
0.892527
0.000000
0.000000
0.000000
0.000000
0.000000
0.000000
-1.171249
1.031095
0.719565
-1.229045
0.882633
0.735888
0.000000
0.000000
0.000000
0.000000
0.000000
0.000000
-1.133392
0.533440
0.920242
-1.228612
0.554284
0.832732
0.000000
0.000000
0.000000
0.000000
0.000000
0.000000
-1.280423
0.654360
0.881074
-1.382176
0.581342
0.826003
0.000000
0.000000
0.000000
0.000000
0.000000
0.000000
-1.118076
1.141517
0.569283
-1.168168
1.263759
0.566582
0.000000
0.000000
0.000000
0.000000
0.000000
0.000000
-1.356139
0.851787
0.606691
-1.367916
0.967373
0.576012
0.000000
0.000000
0.000000
0.000000
0.000000
0.000000
0.000000
0.000000
0.000000
-0.995796
1.624519
0.733646
0.000000
0.000000
0.000000
0.000000
0.000000
0.000000
-1.271159
0.530274
0.691287
-1.217978
0.750506
0.815272
0.000000
0.000000
0.000000
0.000000
0.000000
0.000000
-1.539970
0.503801
0.778014
-1.649547
0.487012
0.858407
0.000000
0.000000
0.000000
0.000000
0.000000
0.000000
-1.129594
1.157046
0.551106
-1.159575
1.191555
0.507928
0.000000
0.000000
0.000000
0.000000
0.000000
0.000000
-1.540366
0.479943
0.867280
-1.574683
0.509659
0.875610
0.000000
0.000000
0.000000
0.000000
0.000000
0.000000
-1.216151
0.809772
0.792789
-1.218392
0.615508
0.817967
0.000000
0.000000
0.000000
0.000000
0.000000
0.000000
-1.056473
1.007358
0.721191
-1.125217
0.779386
0.781794
0.000000
0.000000
0.000000
0.000000
0.000000
0.000000
-1.523174
0.711958
0.793968
-1.560106
0.766261
0.801483
0.000000
0.000000
0.000000
0.000000
0.000000
0.000000
0.000000
0.000000
0.000000
-1.197686
0.758713
0.585334
0.000000
0.000000
0.000000
0.000000
0.000000
0.000000
-1.343399
0.518070
1.157325
-1.312365
0.631365
1.010609
0.000000
0.000000
0.000000
0.000000
0.000000
0.000000
-1.179825
0.935075
0.866331
-1.241250
0.991001
0.802530
0.000000
0.000000
0.000000
0.000000
0.000000
0.000000
-1.442896
0.663139
0.639625
-1.434689
0.775796
0.843488
0.000000
0.000000
0.000000
0.000000
0.000000
0.000000
-1.119581
0.973230
0.708575
-1.140908
1.221545
0.527144
0.000000
0.000000
0.000000
0.000000
0.000000
0.000000
0.000000
0.000000
0.000000
-1.100033
0.613938
0.614335
0.000000
0.000000
0.000000
0.000000
0.000000
0.000000
-1.282610
0.506472
0.766366
-1.281765
0.586092
0.809450
-1.376380
1.125836
0.616678
-1.403029
1.095716
0.648121
-1.307254
1.097523
0.603537
-1.317877
1.098052
0.638381
0.000000
0.000000
0.000000
0.000000
0.000000
0.000000
-1.335482
0.597937
0.779551
-1.216841
1.172935
0.716341
0.000000
0.000000
0.000000
0.000000
0.000000
0.000000
0.000000
0.000000
0.000000
-1.344363
0.512372
0.727921
0.000000
0.000000
0.000000
0.000000
0.000000
0.000000
0.000000
0.000000
0.000000
-1.406610
0.764557
0.811238
0.000000
0.000000
0.000000
0.000000
0.000000
0.000000
-1.466469
0.509459
0.856642
-1.507008
0.520867
0.855300
0.000000
0.000000
0.000000
0.000000
0.000000
0.000000
-1.388664
0.577247
0.813039
-1.370658
0.524840
0.784429
0.000000
0.000000
0.000000
0.000000
0.000000
0.000000
-1.515151
0.655184
0.875319
-1.559058
0.547760
0.814649
0.000000
0.000000
0.000000
0.000000
0.000000
0.000000
-1.472308
0.803939
0.767502
-1.435945
0.886837
0.672434
0.000000
0.000000
0.000000
0.000000
0.000000
0.000000
-1.277706
1.166042
0.509001
-1.284825
1.173982
0.486586
0.000000
0.000000
0.000000
0.000000
0.000000
0.000000
-1.309521
1.225087
0.625123
-1.395687
1.150462
0.622498
0.000000
0.000000
0.000000
0.000000
0.000000
0.000000
-1.132852
0.482308
0.654262
-1.220211
0.449023
0.838391
0.000000
0.000000
0.000000
0.000000
0.000000
0.000000
0.000000
0.000000
0.000000
-0.998914
0.839263
0.700423
0.000000
0.000000
0.000000
0.000000
0.000000
0.000000
-1.053970
0.996126
0.634563
-1.091762
1.089703
0.467291
0.000000
0.000000
0.000000
0.000000
0.000000
0.000000
0.000000
0.000000
0.000000
-1.261281
0.504542
0.786238
0.000000
0.000000
0.000000
0.000000
0.000000
0.000000
0.000000
0.000000
0.000000
-1.054398
0.717659
0.625038
0.000000
0.000000
0.000000
0.000000
0.000000
0.000000
-1.384962
0.923728
0.700723
-1.353877
0.944217
0.698750
0.000000
0.000000
0.000000
0.000000
0.000000
0.000000
0.000000
0.000000
0.000000
-0.912125
1.155271
0.813949
0.000000
0.000000
0.000000
0.000000
0.000000
0.000000
0.000000
0.000000
0.000000
-1.285785
0.489818
0.764129
0.000000
0.000000
0.000000
0.000000
0.000000
0.000000
-1.249083
0.570991
0.816044
-1.275672
0.559494
0.830963
0.000000
0.000000
0.000000
0.000000
0.000000
0.000000
-1.250778
0.794687
0.817883
-1.251377
0.886921
0.795096
0.000000
0.000000
0.000000
0.000000
0.000000
0.000000
-1.234629
0.721024
0.699402
-1.319722
0.573031
0.762429
0.000000
0.000000
0.000000
0.000000
0.000000
0.000000
-1.169625
1.150970
0.630142
-1.276002
0.946406
0.695405
0.000000
0.000000
0.000000
0.000000
0.000000
0.000000
0.000000
0.000000
0.000000
-1.393346
0.487615
0.939832
0.000000
0.000000
0.000000
0.000000
0.000000
0.000000
-1.361571
0.441142
0.817186
-1.478303
0.405647
0.853513
0.000000
0.000000
0.000000
0.000000
0.000000
0.000000
-1.266086
0.920613
0.669925
-1.347618
0.947809
0.643836
0.000000
0.000000
0.000000
0.000000
0.000000
0.000000
-1.425833
1.235936
0.569536
-1.469077
1.299975
0.571691
0.000000
0.000000
0.000000
0.000000
0.000000
0.000000
-1.260330
0.450162
0.740843
-1.208943
0.741432
0.713669
0.000000
0.000000
0.000000
0.000000
0.000000
0.000000
-1.390428
0.585425
0.832523
-1.429440
0.563506
0.837789
0.000000
0.000000
0.000000
0.000000
0.000000
0.000000
-1.478267
0.479341
0.857623
-1.580681
0.395438
0.872519
0.000000
0.000000
0.000000
0.000000
0.000000
0.000000
-1.455854
0.808080
0.777295
-1.482548
0.799783
0.775514
0.000000
0.000000
0.000000
0.000000
0.000000
0.000000
-1.204227
0.857102
0.598474
-1.209086
1.115893
0.705048
0.000000
0.000000
0.000000
0.000000
0.000000
0.000000
-1.114321
0.537960
0.829068
-1.380247
0.477070
0.927395
0.000000
0.000000
0.000000
0.000000
0.000000
0.000000
-1.319893
0.768147
0.808529
-1.248664
0.851432
0.896275
0.000000
0.000000
0.000000
0.000000
0.000000
0.000000
-1.190698
0.779611
0.751973
-1.202965
0.772397
0.801101
0.000000
0.000000
0.000000
0.000000
0.000000
0.000000
0.000000
0.000000
0.000000
-1.043822
1.233611
0.882411
-1.456494
0.720925
0.828707
-1.500244
0.675480
0.804334
-1.412767
0.862680
0.726560
-1.452321
0.788861
0.780009
-1.083765
0.550307
0.810739
-1.148764
0.444642
0.822436
-1.079399
0.576418
0.787025
-1.133049
0.465991
0.814358
0.000000
0.000000
0.000000
0.000000
0.000000
0.000000
-1.397316
1.056612
0.644293
-1.418856
1.082625
0.653472
0.000000
0.000000
0.000000
0.000000
0.000000
0.000000
-1.371040
0.294842
0.923332
-1.434045
0.283102
0.896177
0.000000
0.000000
0.000000
0.000000
0.000000
0.000000
-1.042243
0.758495
0.829092
-1.089001
0.767168
0.801368
0.000000
0.000000
0.000000
0.000000
0.000000
0.000000
-1.514514
0.467646
0.856365
-1.500893
0.592662
0.811434
0.000000
0.000000
0.000000
0.000000
0.000000
0.000000
0.000000
0.000000
0.000000
-0.959954
1.382098
0.665548
0.000000
0.000000
0.000000
0.000000
0.000000
0.000000
0.000000
0.000000
0.000000
-1.271774
0.885617
0.778771
0.000000
0.000000
0.000000
0.000000
0.000000
0.000000
-1.425952
0.603553
0.675741
-1.331480
0.937637
0.722173
0.000000
0.000000
0.000000
0.000000
0.000000
0.000000
0.000000
0.000000
0.000000
-0.945187
1.128781
0.752572
0.000000
0.000000
0.000000
0.000000
0.000000
0.000000
-1.071672
1.080556
0.666251
-1.130722
0.907505
0.790685
0.000000
0.000000
0.000000
0.000000
0.000000
0.000000
-1.303410
0.846493
0.759459
-1.327050
0.914255
0.713219
0.000000
0.000000
0.000000
0.000000
0.000000
0.000000
-1.229433
0.597951
0.701116
-1.246062
0.667851
0.858119
0.000000
0.000000
0.000000
0.000000
0.000000
0.000000
-1.233422
0.911974
0.774971
-1.279768
0.783863
0.748000
0.000000
0.000000
0.000000
0.000000
0.000000
0.000000
0.000000
0.000000
0.000000
-1.175973
0.858798
0.665102
0.000000
0.000000
0.000000
0.000000
0.000000
0.000000
-1.420598
1.113072
0.698214
-1.473625
1.080885
0.695160
0.000000
0.000000
0.000000
0.000000
0.000000
0.000000
-1.252749
1.086131
0.572712
-1.265163
1.129867
0.559783
0.000000
0.000000
0.000000
0.000000
0.000000
0.000000
-1.394272
0.771718
0.799630
-1.423441
0.796641
0.800749
0.000000
0.000000
0.000000
0.000000
0.000000
0.000000
0.000000
0.000000
0.000000
-1.418185
0.542161
0.783103
0.000000
0.000000
0.000000
0.000000
0.000000
0.000000
-1.278826
0.861875
0.699835
-1.389416
0.785561
0.704324
0.000000
0.000000
0.000000
0.000000
0.000000
0.000000
-1.356443
0.614327
0.818670
-1.228234
0.844028
0.741537
0.000000
0.000000
0.000000
-1.130374
0.460134
0.759617
0.000000
0.000000
0.000000
-1.101403
0.464541
0.759617
0.000000
0.000000
0.000000
0.000000
0.000000
0.000000
-1.484009
0.667013
0.917322
-1.603969
0.518709
0.864670
0.000000
0.000000
0.000000
0.000000
0.000000
0.000000
-1.304819
0.813719
0.772184
-1.338660
0.852237
0.737913
0.000000
0.000000
0.000000
0.000000
0.000000
0.000000
-0.947397
1.119010
0.864870
-1.140733
1.121002
0.824224
0.000000
0.000000
0.000000
0.000000
0.000000
0.000000
0.000000
0.000000
0.000000
-1.271065
1.150856
0.881355
0.000000
0.000000
0.000000
0.000000
0.000000
0.000000
-1.490204
0.552974
1.085603
-1.451425
0.661853
0.940674
0.000000
0.000000
0.000000
0.000000
0.000000
0.000000
-1.241168
1.079797
0.608890
-1.275161
1.089593
0.602988
0.000000
0.000000
0.000000
0.000000
0.000000
0.000000
-1.336618
0.859937
0.739215
-1.366323
0.830698
0.741146
0.000000
0.000000
0.000000
0.000000
0.000000
0.000000
0.000000
0.000000
0.000000
-1.310006
1.542746
0.609967
0.000000
0.000000
0.000000
0.000000
0.000000
0.000000
-1.287396
1.213694
0.601375
-1.316074
1.171984
0.563868
0.000000
0.000000
0.000000
0.000000
0.000000
0.000000
-1.308720
0.794961
0.802718
-1.429695
0.689890
0.850536
0.000000
0.000000
0.000000
0.000000
0.000000
0.000000
-0.936404
1.118999
0.751042
-0.977114
1.018467
0.749320
0.000000
0.000000
0.000000
0.000000
0.000000
0.000000
-1.111100
0.534343
0.850285
-1.232962
0.411193
0.834829
0.000000
0.000000
0.000000
0.000000
0.000000
0.000000
-1.312998
0.723489
0.860418
-1.458492
0.589087
0.802898
0.000000
0.000000
0.000000
0.000000
0.000000
0.000000
-1.287219
1.029226
0.593871
-1.315118
1.016811
0.620627
0.000000
0.000000
0.000000
0.000000
0.000000
0.000000
-1.543125
0.555970
0.829875
-1.514569
0.504742
0.857744
0.000000
0.000000
0.000000
0.000000
0.000000
0.000000
-1.399352
0.510876
0.875664
-1.424518
0.471862
0.869697
0.000000
0.000000
0.000000
0.000000
0.000000
0.000000
-1.457555
0.841770
0.766364
-1.489008
0.798919
0.769854
0.000000
0.000000
0.000000
0.000000
0.000000
0.000000
-1.334291
0.841736
0.747021
-1.353076
0.873919
0.730938
0.000000
0.000000
0.000000
0.000000
0.000000
0.000000
-1.496011
1.056189
0.659814
-1.522745
1.070275
0.668050
0.000000
0.000000
0.000000
0.000000
0.000000
0.000000
-1.273856
0.474258
0.948096
-1.359700
0.469427
0.897851
0.000000
0.000000
0.000000
0.000000
0.000000
0.000000
-1.569631
0.888744
0.737626
-1.574087
0.912659
0.735925
-1.176627
0.928605
0.654990
-1.235117
0.977119
0.658503
-1.129730
0.962558
0.656241
-1.204087
0.973482
0.647566
0.000000
0.000000
0.000000
0.000000
0.000000
0.000000
-1.313120
0.705401
0.729732
-1.354023
0.680498
0.737017
0.000000
0.000000
0.000000
0.000000
0.000000
0.000000
-1.171703
0.656907
0.581860
-1.077923
0.937427
0.856382
0.000000
0.000000
0.000000
0.000000
0.000000
0.000000
-1.417513
0.944788
0.683000
-1.429588
0.939313
0.698761
0.000000
0.000000
0.000000
0.000000
0.000000
0.000000
-1.482600
0.403084
0.900520
-1.508337
0.399132
0.895786
0.000000
0.000000
0.000000
0.000000
0.000000
0.000000
-1.563745
0.811761
0.793998
-1.577071
0.774176
0.792458
0.000000
0.000000
0.000000
0.000000
0.000000
0.000000
-1.439348
0.647654
0.795472
-1.402037
0.833238
0.779110
0.000000
0.000000
0.000000
0.000000
0.000000
0.000000
-1.110006
0.891468
0.812078
-1.144714
0.678209
0.784741
0.000000
0.000000
0.000000
0.000000
0.000000
0.000000
-1.267855
0.978395
0.728320
-1.304690
1.023197
0.731874
0.000000
0.000000
0.000000
0.000000
0.000000
0.000000
-1.108038
1.016859
0.666951
-1.203229
1.015584
0.638627
0.000000
0.000000
0.000000
0.000000
0.000000
0.000000
-1.247287
0.869981
0.678634
-1.281423
0.762316
0.734342
0.000000
0.000000
0.000000
0.000000
0.000000
0.000000
-1.292792
0.618161
0.846888
-1.349544
0.615551
0.839705
0.000000
0.000000
0.000000
0.000000
0.000000
0.000000
-1.282483
1.075229
0.645086
-1.351771
1.074349
0.634557
0.000000
0.000000
0.000000
0.000000
0.000000
0.000000
-1.432485
0.339971
0.716279
-1.418818
0.412413
0.984258
0.000000
0.000000
0.000000
0.000000
0.000000
0.000000
-1.442510
0.561178
0.810083
-1.418270
0.598374
0.817085
0.000000
0.000000
0.000000
0.000000
0.000000
0.000000
0.000000
0.000000
0.000000
-1.258888
0.892765
0.670183
0.000000
0.000000
0.000000
0.000000
0.000000
0.000000
-1.274691
0.570740
0.700063
-1.346898
0.465688
0.821131
0.000000
0.000000
0.000000
0.000000
0.000000
0.000000
-1.193629
1.120520
0.628951
-1.258301
1.169359
0.619409
0.000000
0.000000
0.000000
0.000000
0.000000
0.000000
-1.167844
0.767070
0.684999
-1.235315
0.640653
0.756520
0.000000
0.000000
0.000000
0.000000
0.000000
0.000000
-1.433119
0.519010
0.653992
-1.441311
0.492476
0.852509
0.000000
0.000000
0.000000
0.000000
0.000000
0.000000
0.000000
0.000000
0.000000
-0.945187
1.277697
0.754514
0.000000
0.000000
0.000000
0.000000
0.000000
0.000000
0.000000
0.000000
0.000000
-1.192987
0.731384
0.699697
0.000000
0.000000
0.000000
0.000000
0.000000
0.000000
0.000000
0.000000
0.000000
-1.472773
0.816062
0.717840
0.000000
0.000000
0.000000
0.000000
0.000000
0.000000
0.000000
0.000000
0.000000
-1.243459
0.478272
0.707146
0.000000
0.000000
0.000000
0.000000
0.000000
0.000000
-1.308272
1.151219
0.559833
-1.371979
1.127098
0.599111
0.000000
0.000000
0.000000
0.000000
0.000000
0.000000
-1.124366
1.116782
0.659609
-1.180976
1.028537
0.655622
0.000000
0.000000
0.000000
0.000000
0.000000
0.000000
-1.176215
0.575420
0.893529
-0.972429
0.920653
0.779904
-1.104200
0.704166
0.733713
-1.116391
0.833891
0.665622
-1.143845
0.654186
0.745847
-1.159296
0.900533
0.675303
0.000000
0.000000
0.000000
0.000000
0.000000
0.000000
-1.400585
0.545968
0.843266
-1.438532
0.555192
0.846591
0.000000
0.000000
0.000000
0.000000
0.000000
0.000000
-1.411359
0.667889
0.652785
-1.439427
0.635277
0.799237
0.000000
0.000000
0.000000
0.000000
0.000000
0.000000
-1.225572
0.598158
0.827061
-1.400580
0.429021
0.893625
0.000000
0.000000
0.000000
0.000000
0.000000
0.000000
-1.575960
0.463559
0.909251
-1.620362
0.437168
0.895315
0.000000
0.000000
0.000000
0.000000
0.000000
0.000000
-1.173218
0.529486
0.708131
-1.363803
0.402785
0.886272
0.000000
0.000000
0.000000
0.000000
0.000000
0.000000
-1.406889
0.704240
0.930649
-1.429032
0.675243
0.822865
0.000000
0.000000
0.000000
0.000000
0.000000
0.000000
-1.107678
0.949297
0.756145
-1.173956
0.928753
0.697555
0.000000
0.000000
0.000000
0.000000
0.000000
0.000000
-1.302626
0.883673
0.745118
-1.300387
0.764358
0.832636
0.000000
0.000000
0.000000
0.000000
0.000000
0.000000
-1.550590
0.419945
0.874327
-1.581617
0.408661
0.876586
0.000000
0.000000
0.000000
0.000000
0.000000
0.000000
-1.305327
0.568009
0.836035
-1.409159
0.505528
0.885081
0.000000
0.000000
0.000000
0.000000
0.000000
0.000000
-1.299748
1.172867
0.743426
-1.448949
0.979267
0.784846
0.000000
0.000000
0.000000
0.000000
0.000000
0.000000
-1.303942
0.785125
0.918144
-1.420914
0.675099
0.889615
-1.434901
0.441012
0.865751
-1.464016
0.419414
0.862510
-1.375252
0.437686
0.867391
-1.381208
0.431284
0.861739
0.000000
0.000000
0.000000
0.000000
0.000000
0.000000
-1.406841
0.639499
0.810764
-1.440442
0.636012
0.813647
0.000000
0.000000
0.000000
0.000000
0.000000
0.000000
-1.421031
0.651399
0.783233
-1.408207
0.816740
0.806489
0.000000
0.000000
0.000000
0.000000
0.000000
0.000000
-1.447603
0.977657
0.692154
-1.475380
0.974920
0.697408
0.000000
0.000000
0.000000
0.000000
0.000000
0.000000
-1.244517
0.852293
0.649793
-1.125792
1.475318
0.704472
0.000000
0.000000
0.000000
0.000000
0.000000
0.000000
-1.256013
0.827294
0.725286
-1.320980
0.796157
0.843576
-1.216603
0.588613
0.788887
-1.256658
0.542754
0.863301
-1.184545
0.606876
0.788887
-1.252590
0.610806
0.880145
0.000000
0.000000
0.000000
0.000000
0.000000
0.000000
-1.248218
0.725620
0.767770
-1.247383
0.783978
0.751496
0.000000
0.000000
0.000000
0.000000
0.000000
0.000000
-1.221576
0.806807
0.756611
-1.248053
0.767363
0.710993
0.000000
0.000000
0.000000
0.000000
0.000000
0.000000
-1.289289
0.543161
0.789034
-1.321464
0.494366
0.914431
0.000000
0.000000
0.000000
0.000000
0.000000
0.000000
-1.133287
0.967944
0.628060
-1.149008
1.043788
0.592885
0.000000
0.000000
0.000000
0.000000
0.000000
0.000000
-1.186350
0.635434
0.769753
-1.160565
0.800977
0.839551
0.000000
0.000000
0.000000
0.000000
0.000000
0.000000
-1.283652
0.890298
0.686210
-1.292329
0.864537
0.610638
0.000000
0.000000
0.000000
0.000000
0.000000
0.000000
-0.909526
1.038403
0.669954
-1.066564
0.792263
0.611120
0.000000
0.000000
0.000000
0.000000
0.000000
0.000000
-1.544093
0.816312
0.775708
-1.565094
0.818621
0.777804
0.000000
0.000000
0.000000
0.000000
0.000000
0.000000
0.000000
0.000000
0.000000
-1.145659
1.168451
0.764531
0.000000
0.000000
0.000000
0.000000
0.000000
0.000000
-1.122952
0.851848
0.629061
-1.219457
0.810592
0.720166
0.000000
0.000000
0.000000
0.000000
0.000000
0.000000
-1.202328
1.071073
0.688113
-1.230570
1.314847
0.621203
0.000000
0.000000
0.000000
0.000000
0.000000
0.000000
-1.193504
1.286384
0.738516
-1.332531
0.996265
0.666344
0.000000
0.000000
0.000000
0.000000
0.000000
0.000000
-1.386457
0.729878
0.745627
-1.349446
0.800533
0.734841
0.000000
0.000000
0.000000
0.000000
0.000000
0.000000
0.000000
0.000000
0.000000
-1.265737
0.742051
0.700212
0.000000
0.000000
0.000000
0.000000
0.000000
0.000000
-1.145178
0.603292
0.799003
-1.305010
0.473275
0.794916
0.000000
0.000000
0.000000
0.000000
0.000000
0.000000
-1.225328
0.776788
0.728264
-1.222457
0.790842
0.754134
0.000000
0.000000
0.000000
0.000000
0.000000
0.000000
-1.130663
1.012228
0.643617
-1.190210
0.928582
0.694565
0.000000
0.000000
0.000000
0.000000
0.000000
0.000000
-1.412289
0.683437
0.854460
-1.387766
0.769346
0.774264
0.000000
0.000000
0.000000
-0.992218
0.756611
0.719505
0.000000
0.000000
0.000000
-0.951493
0.766457
0.719505
0.000000
0.000000
0.000000
0.000000
0.000000
0.000000
-1.319935
0.791999
0.760850
-1.438157
0.751113
0.780168
-1.479130
0.489307
0.924383
-1.456355
0.474452
0.882406
-1.514848
0.490343
0.924383
-1.488781
0.485989
0.882406
0.000000
0.000000
0.000000
0.000000
0.000000
0.000000
-1.400026
0.496849
0.879154
-1.422615
0.453234
0.833138
0.000000
0.000000
0.000000
0.000000
0.000000
0.000000
-1.258282
0.927817
0.627320
-1.312574
1.007216
0.591118
0.000000
0.000000
0.000000
0.000000
0.000000
0.000000
0.000000
0.000000
0.000000
-1.279120
0.574034
0.670787
0.000000
0.000000
0.000000
0.000000
0.000000
0.000000
-1.202443
0.734828
0.750160
-1.260328
0.708333
0.778764
0.000000
0.000000
0.000000
0.000000
0.000000
0.000000
-1.429415
0.581886
0.847642
-1.500047
0.801771
0.912061
0.000000
0.000000
0.000000
0.000000
0.000000
0.000000
-1.265343
0.820748
0.726806
-1.222322
1.105011
0.753671
0.000000
0.000000
0.000000
0.000000
0.000000
0.000000
-1.526601
0.433758
0.872685
-1.567648
0.435605
0.878014
0.000000
0.000000
0.000000
0.000000
0.000000
0.000000
-1.413161
0.661688
0.902260
-1.429971
0.928849
0.814747
-1.599430
0.386027
0.847415
-1.753246
0.297366
0.919868
-1.359701
0.687541
0.770444
-1.425418
0.730708
0.865748
0.000000
0.000000
0.000000
0.000000
0.000000
0.000000
-1.694781
0.594059
0.853314
-1.717669
0.604239
0.852234
0.000000
0.000000
0.000000
0.000000
0.000000
0.000000
-1.671661
0.400687
0.884078
-1.703430
0.419507
0.900417
0.000000
0.000000
0.000000
0.000000
0.000000
0.000000
-1.381195
0.513239
0.779619
-1.435371
0.510315
0.867702
0.000000
0.000000
0.000000
0.000000
0.000000
0.000000
-0.979725
1.253136
0.595121
-1.073879
1.055874
0.612201
0.000000
0.000000
0.000000
0.000000
0.000000
0.000000
0.000000
0.000000
0.000000
-1.117289
1.455955
0.655370
0.000000
0.000000
0.000000
0.000000
0.000000
0.000000
0.000000
0.000000
0.000000
-1.049656
0.669706
0.807678
0.000000
0.000000
0.000000
0.000000
0.000000
0.000000
-1.318572
1.152232
0.654473
-1.410781
1.149671
0.717475
0.000000
0.000000
0.000000
0.000000
0.000000
0.000000
-1.292721
1.135474
0.609610
-1.337190
1.053744
0.629303
0.000000
0.000000
0.000000
0.000000
0.000000
0.000000
-1.246907
0.413475
0.739891
-1.150789
0.519439
0.746401
0.000000
0.000000
0.000000
0.000000
0.000000
0.000000
-1.012919
0.935331
0.634892
-1.097687
0.912092
0.673692
0.000000
0.000000
0.000000
0.000000
0.000000
0.000000
0.000000
0.000000
0.000000
-1.013423
0.786747
0.942382
0.000000
0.000000
0.000000
0.000000
0.000000
0.000000
-1.375176
0.479944
0.685809
-1.350215
0.520580
1.027369
0.000000
0.000000
0.000000
0.000000
0.000000
0.000000
0.000000
0.000000
0.000000
-0.989129
0.783363
0.734772
0.000000
0.000000
0.000000
0.000000
0.000000
0.000000
0.000000
0.000000
0.000000
-1.297019
0.856008
0.740513
0.000000
0.000000
0.000000
0.000000
0.000000
0.000000
-1.461218
0.469376
0.872365
-1.553707
0.411781
0.859885
0.000000
0.000000
0.000000
0.000000
0.000000
0.000000
0.000000
0.000000
0.000000
-1.149872
0.974095
0.828530
0.000000
0.000000
0.000000
0.000000
0.000000
0.000000
0.000000
0.000000
0.000000
-1.255198
0.524533
0.687564
0.000000
0.000000
0.000000
0.000000
0.000000
0.000000
0.000000
0.000000
0.000000
-1.260239
1.138166
0.978755
0.000000
0.000000
0.000000
0.000000
0.000000
0.000000
-1.490316
0.448417
0.778101
-1.547724
0.370702
0.834229
0.000000
0.000000
0.000000
0.000000
0.000000
0.000000
-1.576566
0.970613
0.749383
-1.604530
0.950285
0.739028
0.000000
0.000000
0.000000
0.000000
0.000000
0.000000
-1.370645
1.089586
0.582806
-1.331627
1.246679
0.580559
-1.437972
0.443837
0.992843
-1.530261
0.437502
0.883619
-1.461933
0.453974
0.992843
-1.531104
0.432901
0.884755
0.000000
0.000000
0.000000
0.000000
0.000000
0.000000
-1.379288
0.508876
0.860520
-1.444191
0.526888
0.875841
0.000000
0.000000
0.000000
0.000000
0.000000
0.000000
-1.416878
0.586211
1.000836
-1.534913
0.483556
0.894821
0.000000
0.000000
0.000000
0.000000
0.000000
0.000000
-1.169527
0.762251
0.768571
-1.190217
0.714929
0.767177
0.000000
0.000000
0.000000
0.000000
0.000000
0.000000
-1.257911
0.653677
0.740644
-1.263035
0.587551
0.801945
0.000000
0.000000
0.000000
0.000000
0.000000
0.000000
-1.829990
0.478984
0.882089
-1.858928
0.477594
0.880964
0.000000
0.000000
0.000000
0.000000
0.000000
0.000000
-1.134437
0.839897
0.785855
-1.072174
1.018076
0.729434
0.000000
0.000000
0.000000
0.000000
0.000000
0.000000
-1.006330
0.614649
0.607458
-0.935492
0.999409
0.750711
0.000000
0.000000
0.000000
0.000000
0.000000
0.000000
-1.049979
0.790723
0.855414
-1.014963
0.869821
0.756477
0.000000
0.000000
0.000000
0.000000
0.000000
0.000000
-0.984017
1.459399
0.709387
-1.047757
1.206150
0.624292
0.000000
0.000000
0.000000
0.000000
0.000000
0.000000
-1.174934
0.535755
0.799085
-1.309300
0.429707
0.736372
0.000000
0.000000
0.000000
0.000000
0.000000
0.000000
-1.265771
0.737902
0.761970
-1.355478
0.706958
0.857019
0.000000
0.000000
0.000000
0.000000
0.000000
0.000000
-1.303307
0.594155
0.912536
-1.387769
0.593288
0.835585
0.000000
0.000000
0.000000
0.000000
0.000000
0.000000
-1.220043
1.123254
0.503341
-1.267761
1.193681
0.507219
0.000000
0.000000
0.000000
0.000000
0.000000
0.000000
-1.214119
0.899695
0.716903
-1.332344
0.762088
0.632196
0.000000
0.000000
0.000000
0.000000
0.000000
0.000000
-1.136481
0.794966
0.726551
-1.215237
0.838226
0.840329
0.000000
0.000000
0.000000
0.000000
0.000000
0.000000
-1.243171
1.048297
0.770666
-1.193632
1.164202
0.802382
0.000000
0.000000
0.000000
0.000000
0.000000
0.000000
-1.323423
1.213424
0.458162
-1.354943
1.326076
0.471945
0.000000
0.000000
0.000000
0.000000
0.000000
0.000000
-1.273662
0.881572
0.727024
-1.299210
0.810684
0.767266
0.000000
0.000000
0.000000
0.000000
0.000000
0.000000
-0.904836
1.416227
0.689398
-1.038735
0.938345
0.576642
0.000000
0.000000
0.000000
0.000000
0.000000
0.000000
-1.236219
0.568220
0.778948
-1.305653
0.533682
0.830563
0.000000
0.000000
0.000000
-1.167542
1.493902
0.928330
0.000000
0.000000
0.000000
-1.139697
1.517881
0.928330
0.000000
0.000000
0.000000
0.000000
0.000000
0.000000
-1.279163
0.762267
0.734790
-1.401633
0.765359
0.745801
0.000000
0.000000
0.000000
0.000000
0.000000
0.000000
0.000000
0.000000
0.000000
-0.912490
1.240614
0.602768
0.000000
0.000000
0.000000
0.000000
0.000000
0.000000
-1.143348
0.810253
0.658907
-1.265143
0.799585
0.883768
0.000000
0.000000
0.000000
0.000000
0.000000
0.000000
0.000000
0.000000
0.000000
-0.899066
1.280478
0.692246
0.000000
0.000000
0.000000
0.000000
0.000000
0.000000
-1.377421
0.623569
0.819991
-1.415135
0.646910
0.809408
0.000000
0.000000
0.000000
0.000000
0.000000
0.000000
-1.324569
0.580098
0.792082
-1.255660
0.551441
0.795934
0.000000
0.000000
0.000000
0.000000
0.000000
0.000000
-1.408595
0.699839
0.721990
-1.400278
0.940746
0.721912
0.000000
0.000000
0.000000
0.000000
0.000000
0.000000
-1.415205
1.182002
0.563587
-1.457445
1.223607
0.607952
0.000000
0.000000
0.000000
0.000000
0.000000
0.000000
-1.225547
1.160788
0.588369
-1.244596
1.058536
0.522991
0.000000
0.000000
0.000000
0.000000
0.000000
0.000000
-1.319997
0.485174
0.945277
-1.450696
0.410160
0.852756
0.000000
0.000000
0.000000
0.000000
0.000000
0.000000
0.000000
0.000000
0.000000
-1.162738
1.131313
0.769055
0.000000
0.000000
0.000000
0.000000
0.000000
0.000000
-0.878221
1.122995
0.692739
-1.095380
0.813268
0.679099
0.000000
0.000000
0.000000
0.000000
0.000000
0.000000
-1.293776
0.902544
0.811879
-1.366835
0.773543
0.734202
0.000000
0.000000
0.000000
0.000000
0.000000
0.000000
-1.552187
0.411414
0.882450
-1.572616
0.465433
0.898976
0.000000
0.000000
0.000000
0.000000
0.000000
0.000000
-1.082316
0.761581
0.717411
-1.116285
0.766344
0.713240
0.000000
0.000000
0.000000
0.000000
0.000000
0.000000
0.000000
0.000000
0.000000
-1.156003
1.162911
0.816281
0.000000
0.000000
0.000000
0.000000
0.000000
0.000000
-1.141814
1.065732
0.603021
-1.295002
0.720399
0.590134
0.000000
0.000000
0.000000
0.000000
0.000000
0.000000
-1.085560
0.975191
0.676321
-1.114523
1.048391
0.653802
0.000000
0.000000
0.000000
0.000000
0.000000
0.000000
-1.462660
0.754779
0.847682
-1.506236
0.625805
0.845866
0.000000
0.000000
0.000000
0.000000
0.000000
0.000000
-1.128641
0.848223
0.739101
-1.011615
1.125261
0.642667
0.000000
0.000000
0.000000
0.000000
0.000000
0.000000
0.000000
0.000000
0.000000
-1.274672
0.763099
0.824323
0.000000
0.000000
0.000000
0.000000
0.000000
0.000000
-1.536668
0.434583
0.864914
-1.528238
0.479935
0.855682
0.000000
0.000000
0.000000
0.000000
0.000000
0.000000
-1.556833
0.528996
0.859207
-1.596090
0.499458
0.871249
0.000000
0.000000
0.000000
0.000000
0.000000
0.000000
-1.338974
0.656005
0.639538
-1.469933
0.548296
0.842956
0.000000
0.000000
0.000000
0.000000
0.000000
0.000000
-1.239821
0.505525
0.866285
-1.354851
0.432432
0.869958
0.000000
0.000000
0.000000
0.000000
0.000000
0.000000
-1.380378
0.799000
0.656376
-1.318378
0.896916
0.710143
0.000000
0.000000
0.000000
0.000000
0.000000
0.000000
-1.003245
0.813875
0.857355
-0.957913
0.977275
0.751772
0.000000
0.000000
0.000000
0.000000
0.000000
0.000000
0.000000
0.000000
0.000000
-1.362491
0.759948
0.694783
0.000000
0.000000
0.000000
0.000000
0.000000
0.000000
-0.993550
1.666205
0.708402
-1.120411
1.046247
0.850071
0.000000
0.000000
0.000000
-1.427568
0.713699
0.779632
0.000000
0.000000
0.000000
-1.388836
0.724929
0.779632
0.000000
0.000000
0.000000
0.000000
0.000000
0.000000
-1.147391
0.940475
0.771235
-1.170065
0.983981
0.705550
0.000000
0.000000
0.000000
0.000000
0.000000
0.000000
-1.398666
0.834916
0.746055
-1.432184
0.800447
0.760251
-1.352546
0.859607
0.742899
-1.411706
0.857313
0.754387
-1.176838
0.961766
0.691574
-1.254456
0.886638
0.701105
0.000000
0.000000
0.000000
0.000000
0.000000
0.000000
-1.248877
0.773286
0.697432
-1.386839
0.559439
0.804996
0.000000
0.000000
0.000000
0.000000
0.000000
0.000000
-1.505230
0.617259
0.809916
-1.599698
0.483909
0.865519
0.000000
0.000000
0.000000
0.000000
0.000000
0.000000
-1.500841
0.816091
0.797398
-1.546774
0.811496
0.801934
0.000000
0.000000
0.000000
0.000000
0.000000
0.000000
-1.445760
0.847619
0.792059
-1.444801
0.799948
0.735385
0.000000
0.000000
0.000000
0.000000
0.000000
0.000000
0.000000
0.000000
0.000000
-1.226892
0.604679
0.672763
0.000000
0.000000
0.000000
0.000000
0.000000
0.000000
-1.348791
0.876765
0.646402
-1.391036
1.031867
0.735928
0.000000
0.000000
0.000000
0.000000
0.000000
0.000000
-1.055955
0.884109
0.625057
-1.149990
0.732247
0.816524
0.000000
0.000000
0.000000
0.000000
0.000000
0.000000
-1.532580
0.349807
0.891845
-1.548713
0.334320
0.895091
0.000000
0.000000
0.000000
0.000000
0.000000
0.000000
-1.617285
0.805942
0.783313
-1.629687
0.858581
0.777110
0.000000
0.000000
0.000000
0.000000
0.000000
0.000000
-1.037591
1.208561
0.630229
-1.118401
0.975505
0.625844
0.000000
0.000000
0.000000
0.000000
0.000000
0.000000
0.000000
0.000000
0.000000
-1.277121
1.477671
0.646318
0.000000
0.000000
0.000000
0.000000
0.000000
0.000000
-1.426479
0.893587
0.752452
-1.485586
0.734817
0.766736
0.000000
0.000000
0.000000
0.000000
0.000000
0.000000
-1.441234
0.752324
0.796712
-1.451444
0.774459
0.765349
0.000000
0.000000
0.000000
0.000000
0.000000
0.000000
-1.099550
0.985658
0.799270
-1.172855
0.722012
0.646274
0.000000
0.000000
0.000000
0.000000
0.000000
0.000000
-1.261116
0.818805
0.943327
-1.337916
0.801030
0.872846
-1.019730
0.898546
0.646754
-1.052572
0.925052
0.657549
-0.962631
0.884130
0.664487
-1.010392
0.852610
0.708700
0.000000
0.000000
0.000000
0.000000
0.000000
0.000000
-1.322142
0.770459
0.822852
-1.387479
0.789541
0.820626
0.000000
0.000000
0.000000
0.000000
0.000000
0.000000
-1.171333
0.860692
0.673392
-1.274092
0.876354
0.693784
0.000000
0.000000
0.000000
0.000000
0.000000
0.000000
-1.317149
1.162754
0.634522
-1.366224
1.088764
0.622366
0.000000
0.000000
0.000000
0.000000
0.000000
0.000000
0.000000
0.000000
0.000000
-1.337940
0.804930
0.785573
0.000000
0.000000
0.000000
0.000000
0.000000
0.000000
-1.221559
0.609277
0.828431
-1.303097
0.536001
0.855010
-1.555108
1.231724
0.620244
-1.585651
1.287263
0.542347
-1.519933
1.254785
0.642612
-1.546034
1.279567
0.548252
0.000000
0.000000
0.000000
0.000000
0.000000
0.000000
-1.229881
0.709683
0.859224
-1.274975
0.662743
0.824839
0.000000
0.000000
0.000000
0.000000
0.000000
0.000000
-1.142851
0.835675
0.713756
-1.197021
0.824292
0.709133
0.000000
0.000000
0.000000
0.000000
0.000000
0.000000
-1.380615
0.474048
0.870669
-1.397608
0.498492
0.854866
0.000000
0.000000
0.000000
0.000000
0.000000
0.000000
-1.053596
0.603681
0.874654
-1.092181
0.687178
0.862131
-1.257229
0.949862
0.705455
-1.253004
0.943352
0.686852
-1.332180
0.695054
0.818995
-1.303325
0.717671
0.791886
0.000000
0.000000
0.000000
0.000000
0.000000
0.000000
-1.107870
1.173732
0.683317
-1.206236
0.908841
0.629586
0.000000
0.000000
0.000000
0.000000
0.000000
0.000000
-1.432592
0.445821
0.868123
-1.479654
0.424077
0.883051
0.000000
0.000000
0.000000
0.000000
0.000000
0.000000
-1.136493
0.569718
0.722849
-1.020727
0.488628
1.000664
0.000000
0.000000
0.000000
0.000000
0.000000
0.000000
-1.258032
0.620116
0.812931
-1.297558
0.603663
0.780364
0.000000
0.000000
0.000000
0.000000
0.000000
0.000000
-1.003734
0.499644
0.883572
-1.061730
0.567047
0.828750
0.000000
0.000000
0.000000
0.000000
0.000000
0.000000
-1.094066
1.398995
0.784208
-1.289473
0.918010
0.736345
0.000000
0.000000
0.000000
0.000000
0.000000
0.000000
-1.272700
0.463932
0.687397
-1.389887
0.419829
0.948581
0.000000
0.000000
0.000000
0.000000
0.000000
0.000000
-1.429622
0.676157
0.838444
-1.319176
0.745521
0.744020
0.000000
0.000000
0.000000
0.000000
0.000000
0.000000
-1.237172
1.095810
0.830563
-1.251156
1.211244
0.803740
0.000000
0.000000
0.000000
0.000000
0.000000
0.000000
-1.357500
0.856287
0.801721
-1.390753
0.801595
0.785988
0.000000
0.000000
0.000000
0.000000
0.000000
0.000000
-1.160549
1.084840
0.707284
-1.227309
1.092108
0.622356
0.000000
0.000000
0.000000
0.000000
0.000000
0.000000
-1.249610
0.788849
0.760058
-1.237302
0.872830
0.770538
0.000000
0.000000
0.000000
0.000000
0.000000
0.000000
-1.456652
0.960690
0.717066
-1.488203
0.990819
0.720209
-1.194829
0.783050
0.755375
-1.192558
0.778143
0.759582
-1.152716
0.782154
0.747341
-1.153195
0.761903
0.760187
0.000000
0.000000
0.000000
0.000000
0.000000
0.000000
-1.195573
0.910723
0.680900
-1.242688
1.008243
0.665498
0.000000
0.000000
0.000000
0.000000
0.000000
0.000000
-1.394655
0.642112
0.838459
-1.429506
0.657521
0.831333
0.000000
0.000000
0.000000
0.000000
0.000000
0.000000
-1.400110
0.404378
0.880635
-1.422243
0.411028
0.876566
-1.270450
0.832917
0.626877
-1.262021
0.879405
0.684724
-1.212377
0.815789
0.630528
-1.190143
0.866707
0.683977
0.000000
0.000000
0.000000
0.000000
0.000000
0.000000
0.000000
0.000000
0.000000
-1.160816
0.665584
0.591360
0.000000
0.000000
0.000000
0.000000
0.000000
0.000000
-1.517258
0.561736
0.843833
-1.541369
0.563551
0.846203
0.000000
0.000000
0.000000
0.000000
0.000000
0.000000
-1.308231
0.640338
0.793699
-1.324937
0.662483
0.798502
0.000000
0.000000
0.000000
0.000000
0.000000
0.000000
-1.067769
1.125196
0.657932
-1.052845
1.320855
0.652881
0.000000
0.000000
0.000000
0.000000
0.000000
0.000000
-1.193704
1.123152
0.641655
-1.270695
0.977872
0.739280
0.000000
0.000000
0.000000
0.000000
0.000000
0.000000
0.000000
0.000000
0.000000
-0.801400
0.971596
0.645889
0.000000
0.000000
0.000000
0.000000
0.000000
0.000000
-1.527997
0.511918
0.822577
-1.560652
0.544153
0.837219
0.000000
0.000000
0.000000
-1.391683
0.749398
0.855373
0.000000
0.000000
0.000000
-1.354323
0.771662
0.855373
0.000000
0.000000
0.000000
0.000000
0.000000
0.000000
-1.291193
0.649449
0.843164
-1.364802
0.541402
0.815025
0.000000
0.000000
0.000000
0.000000
0.000000
0.000000
-1.349688
0.678021
0.664748
-1.264581
1.172143
0.701092
0.000000
0.000000
0.000000
0.000000
0.000000
0.000000
-1.022047
1.000333
0.800362
-1.171815
0.649111
0.847191
0.000000
0.000000
0.000000
0.000000
0.000000
0.000000
-1.581846
0.822448
0.714540
-1.642621
0.788624
0.762166
0.000000
0.000000
0.000000
0.000000
0.000000
0.000000
-1.299606
0.616038
0.682527
-1.159215
0.950185
0.756275
0.000000
0.000000
0.000000
0.000000
0.000000
0.000000
-1.251774
0.608000
0.810869
-1.374798
0.396374
0.775655
0.000000
0.000000
0.000000
0.000000
0.000000
0.000000
-1.362705
0.483380
0.906830
-1.421151
0.423531
0.897149
0.000000
0.000000
0.000000
0.000000
0.000000
0.000000
-1.561809
0.686206
0.836440
-1.560638
0.727342
0.820520
0.000000
0.000000
0.000000
0.000000
0.000000
0.000000
-1.450294
0.437468
0.815851
-1.480419
0.415145
0.877144
-1.366221
0.843698
0.713453
-1.322710
1.017720
0.803108
-1.364582
0.844056
0.713453
-1.312672
1.018187
0.803108
0.000000
0.000000
0.000000
0.000000
0.000000
0.000000
-1.300290
0.484715
0.842256
-1.377289
0.458647
0.857439
0.000000
0.000000
0.000000
0.000000
0.000000
0.000000
-1.221247
0.994971
0.896919
-1.366623
0.899419
0.781934
0.000000
0.000000
0.000000
0.000000
0.000000
0.000000
-1.191297
0.438937
0.729015
-1.232930
0.535000
0.864478
0.000000
0.000000
0.000000
0.000000
0.000000
0.000000
-1.220486
0.824940
0.676266
-1.159788
0.956973
0.695746
0.000000
0.000000
0.000000
0.000000
0.000000
0.000000
-1.207994
1.110902
0.706584
-1.180379
1.121259
0.644733
0.000000
0.000000
0.000000
0.000000
0.000000
0.000000
-1.200499
1.010722
0.806821
-1.307753
0.933054
0.755527
0.000000
0.000000
0.000000
0.000000
0.000000
0.000000
-1.285896
0.743633
0.771852
-1.337624
0.771911
0.826970
0.000000
0.000000
0.000000
0.000000
0.000000
0.000000
-1.347289
1.189780
0.683855
-1.286515
1.237835
0.683723
0.000000
0.000000
0.000000
0.000000
0.000000
0.000000
-1.519478
0.627271
0.811362
-1.433855
0.740629
0.848737
0.000000
0.000000
0.000000
0.000000
0.000000
0.000000
-1.455223
1.311324
0.938682
-1.477753
1.169736
0.807978
0.000000
0.000000
0.000000
0.000000
0.000000
0.000000
-1.371803
0.632583
0.797686
-1.409435
0.668398
0.812701
0.000000
0.000000
0.000000
0.000000
0.000000
0.000000
-1.370199
1.099976
0.548420
-1.390792
1.111151
0.502373
0.000000
0.000000
0.000000
0.000000
0.000000
0.000000
-1.210363
0.576616
0.826569
-1.247820
0.617250
0.790926
0.000000
0.000000
0.000000
0.000000
0.000000
0.000000
-1.238096
1.027475
0.752663
-1.424652
1.053412
0.659155
0.000000
0.000000
0.000000
0.000000
0.000000
0.000000
-1.535922
0.489353
0.914161
-1.512090
0.490030
0.881684
0.000000
0.000000
0.000000
0.000000
0.000000
0.000000
0.000000
0.000000
0.000000
-1.484502
0.621360
0.573318
0.000000
0.000000
0.000000
0.000000
0.000000
0.000000
-1.394676
0.306402
0.887738
-1.429718
0.300495
0.890166
0.000000
0.000000
0.000000
0.000000
0.000000
0.000000
-1.290587
0.757003
0.664218
-1.242956
1.055576
0.645339
0.000000
0.000000
0.000000
0.000000
0.000000
0.000000
-1.172738
0.498134
0.671617
-1.179014
0.554978
0.813377
0.000000
0.000000
0.000000
0.000000
0.000000
0.000000
-1.234286
0.429322
0.677721
-1.135645
0.882942
0.730465
0.000000
0.000000
0.000000
0.000000
0.000000
0.000000
0.000000
0.000000
0.000000
-1.059277
0.696671
0.669472
0.000000
0.000000
0.000000
0.000000
0.000000
0.000000
-1.137763
0.692308
0.787376
-1.004770
1.204852
0.705281
0.000000
0.000000
0.000000
0.000000
0.000000
0.000000
-1.458024
0.500418
0.883694
-1.509339
0.478276
0.864552
0.000000
0.000000
0.000000
0.000000
0.000000
0.000000
-0.980079
0.754098
0.722958
-1.176171
0.587839
0.889161
0.000000
0.000000
0.000000
0.000000
0.000000
0.000000
-1.223705
0.686778
0.811702
-1.320425
0.575869
0.801628
0.000000
0.000000
0.000000
0.000000
0.000000
0.000000
-1.545959
0.456668
0.824797
-1.481354
0.687249
0.845722
0.000000
0.000000
0.000000
0.000000
0.000000
0.000000
-1.295753
0.788563
0.712471
-1.336794
0.696856
0.732144
0.000000
0.000000
0.000000
-1.406980
0.400360
0.805019
0.000000
0.000000
0.000000
-1.447841
0.405948
0.805019
0.000000
0.000000
0.000000
0.000000
0.000000
0.000000
-1.228900
0.723345
0.837877
-1.324403
0.706036
0.808702
-1.374426
0.455459
0.869106
-1.464177
0.416454
0.889421
-1.335333
0.454230
0.876767
-1.393967
0.431750
0.892821
0.000000
0.000000
0.000000
0.000000
0.000000
0.000000
-1.143786
0.998782
0.694157
-1.243192
1.095090
0.653689
0.000000
0.000000
0.000000
0.000000
0.000000
0.000000
-1.156602
1.069038
0.637951
-1.346471
1.072035
0.458710
0.000000
0.000000
0.000000
0.000000
0.000000
0.000000
0.000000
0.000000
0.000000
-1.259955
1.070172
0.692141
0.000000
0.000000
0.000000
0.000000
0.000000
0.000000
-1.135577
1.016322
0.564167
-1.115469
1.226336
0.462343
0.000000
0.000000
0.000000
0.000000
0.000000
0.000000
-1.339927
0.831322
0.785161
-1.369919
0.717378
0.754831
0.000000
0.000000
0.000000
0.000000
0.000000
0.000000
0.000000
0.000000
0.000000
-1.293194
0.870483
0.845950
0.000000
0.000000
0.000000
0.000000
0.000000
0.000000
-1.283422
0.948192
0.676061
-1.377526
0.890274
0.728357
0.000000
0.000000
0.000000
0.000000
0.000000
0.000000
-1.335036
0.568679
0.717843
-1.395386
0.770716
0.712928
0.000000
0.000000
0.000000
0.000000
0.000000
0.000000
-1.338290
0.788397
0.824668
-1.376698
0.790302
0.841096
0.000000
0.000000
0.000000
0.000000
0.000000
0.000000
-1.167992
0.478511
0.568376
-1.080951
0.677816
0.813661
0.000000
0.000000
0.000000
0.000000
0.000000
0.000000
-0.997531
0.626015
0.682487
-0.992467
0.539205
0.861549
0.000000
0.000000
0.000000
0.000000
0.000000
0.000000
-1.046347
1.327273
0.608098
-1.149600
1.160316
0.588726
0.000000
0.000000
0.000000
0.000000
0.000000
0.000000
-1.276600
0.961779
0.722049
-1.330187
0.892431
0.699806
0.000000
0.000000
0.000000
0.000000
0.000000
0.000000
-1.229760
1.094060
0.575745
-1.291085
1.014859
0.597125
0.000000
0.000000
0.000000
0.000000
0.000000
0.000000
-1.251769
0.477048
0.707605
-1.204665
0.450870
0.806968
0.000000
0.000000
0.000000
-1.431586
0.476451
0.835619
0.000000
0.000000
0.000000
-1.435577
0.476118
0.835619
0.000000
0.000000
0.000000
0.000000
0.000000
0.000000
-1.486307
0.921409
0.714694
-1.519858
0.839430
0.707420
0.000000
0.000000
0.000000
0.000000
0.000000
0.000000
-1.464131
0.452866
0.867542
-1.516775
0.426258
0.876484
0.000000
0.000000
0.000000
0.000000
0.000000
0.000000
-1.334451
0.781361
0.909453
-1.341983
0.708923
0.777783
0.000000
0.000000
0.000000
0.000000
0.000000
0.000000
0.000000
0.000000
0.000000
-1.513968
0.939908
0.562554
0.000000
0.000000
0.000000
0.000000
0.000000
0.000000
-1.270792
0.926093
0.730791
-1.308432
0.932625
0.703673
0.000000
0.000000
0.000000
0.000000
0.000000
0.000000
-1.082857
0.952763
0.675793
-1.123000
0.969561
0.651619
0.000000
0.000000
0.000000
0.000000
0.000000
0.000000
-1.333883
0.449958
0.852068
-1.405496
0.380235
0.842175
0.000000
0.000000
0.000000
0.000000
0.000000
0.000000
-1.595629
0.407250
0.925938
-1.639485
0.373411
0.894852
0.000000
0.000000
0.000000
0.000000
0.000000
0.000000
-1.306756
0.432266
0.844034
-1.351113
0.424597
0.863098
0.000000
0.000000
0.000000
0.000000
0.000000
0.000000
-1.140972
0.700106
0.596612
-1.264323
0.803818
0.679887
0.000000
0.000000
0.000000
0.000000
0.000000
0.000000
0.000000
0.000000
0.000000
-0.902093
0.734493
0.762029
0.000000
0.000000
0.000000
0.000000
0.000000
0.000000
0.000000
0.000000
0.000000
-1.141560
1.038034
0.606950
0.000000
0.000000
0.000000
0.000000
0.000000
0.000000
-1.434371
0.755789
0.838928
-1.472274
0.920532
0.794751
0.000000
0.000000
0.000000
0.000000
0.000000
0.000000
-1.152692
0.746232
0.785069
-1.335548
0.577029
0.873191
0.000000
0.000000
0.000000
0.000000
0.000000
0.000000
-1.393478
0.787897
0.688597
-1.335558
1.007153
0.652914
0.000000
0.000000
0.000000
0.000000
0.000000
0.000000
-1.272738
0.718392
0.779334
-1.276706
0.864740
0.824110
0.000000
0.000000
0.000000
0.000000
0.000000
0.000000
-1.365456
1.115325
0.765183
-1.455541
0.886980
0.768806
0.000000
0.000000
0.000000
0.000000
0.000000
0.000000
0.000000
0.000000
0.000000
-1.480742
0.428703
0.900904
0.000000
0.000000
0.000000
0.000000
0.000000
0.000000
-1.269851
0.748198
0.772194
-1.255350
0.795482
0.738484
0.000000
0.000000
0.000000
0.000000
0.000000
0.000000
-1.160008
1.043904
0.615294
-1.204288
1.020995
0.583223
0.000000
0.000000
0.000000
0.000000
0.000000
0.000000
-1.295231
0.532851
0.700690
-1.315116
0.521082
0.897376
0.000000
0.000000
0.000000
0.000000
0.000000
0.000000
-1.593168
0.500921
0.865341
-1.415849
0.772387
0.867967
0.000000
0.000000
0.000000
0.000000
0.000000
0.000000
-0.922957
0.894689
0.945941
-0.954793
1.151700
0.800362
0.000000
0.000000
0.000000
0.000000
0.000000
0.000000
-1.309349
0.467442
0.969201
-1.363537
0.481215
0.908540
0.000000
0.000000
0.000000
0.000000
0.000000
0.000000
-1.296380
1.313594
0.482680
-1.374851
1.214924
0.486439
0.000000
0.000000
0.000000
0.000000
0.000000
0.000000
-1.277918
0.907203
0.716117
-1.359909
0.845165
0.728068
0.000000
0.000000
0.000000
0.000000
0.000000
0.000000
-1.167209
0.655417
0.813989
-1.270123
0.425272
0.812363
0.000000
0.000000
0.000000
0.000000
0.000000
0.000000
-1.060503
1.305794
0.818919
-1.195303
0.885682
0.733583
0.000000
0.000000
0.000000
0.000000
0.000000
0.000000
-1.293755
0.895729
0.704301
-1.331551
0.893076
0.704497
0.000000
0.000000
0.000000
0.000000
0.000000
0.000000
0.000000
0.000000
0.000000
-1.319520
0.780321
0.636020
-1.180730
0.904293
0.688310
-1.241142
0.707913
0.764682
-1.108549
0.936468
0.688310
-1.107893
0.861081
0.761029
0.000000
0.000000
0.000000
0.000000
0.000000
0.000000
-1.308176
0.856866
0.617207
-1.433502
0.732878
0.680578
0.000000
0.000000
0.000000
0.000000
0.000000
0.000000
-1.227603
0.567457
0.805413
-1.345236
0.428640
0.809697
0.000000
0.000000
0.000000
0.000000
0.000000
0.000000
-1.210067
0.891323
0.731662
-1.266650
0.729625
0.840230
0.000000
0.000000
0.000000
0.000000
0.000000
0.000000
-1.240513
0.894523
0.713006
-1.189682
1.133205
0.694980
0.000000
0.000000
0.000000
0.000000
0.000000
0.000000
-1.277097
0.885662
0.651462
-1.300038
0.847749
0.716633
0.000000
0.000000
0.000000
0.000000
0.000000
0.000000
-0.965336
0.822150
1.019647
-1.172981
0.551707
0.897859
0.000000
0.000000
0.000000
0.000000
0.000000
0.000000
-1.506676
0.901497
0.730420
-1.536788
0.892652
0.739197
0.000000
0.000000
0.000000
0.000000
0.000000
0.000000
-1.457650
0.899956
0.779835
-1.515302
0.832732
0.775349
0.000000
0.000000
0.000000
0.000000
0.000000
0.000000
-1.272090
0.981840
0.738233
-1.221131
1.107510
0.654387
0.000000
0.000000
0.000000
0.000000
0.000000
0.000000
0.000000
0.000000
0.000000
-1.340882
0.900644
0.837695
0.000000
0.000000
0.000000
0.000000
0.000000
0.000000
-1.571452
0.840939
0.759928
-1.605030
0.820461
0.783867
-1.342468
0.553585
0.830319
-1.333880
0.539476
0.841221
-1.324355
0.563526
0.824258
-1.316552
0.550513
0.836043
0.000000
0.000000
0.000000
0.000000
0.000000
0.000000
0.000000
0.000000
0.000000
-1.173376
0.735236
0.716249
-1.205249
0.641036
0.784533
-1.233700
0.657813
0.802727
-1.068662
0.654631
0.766875
-1.111617
0.670012
0.784932
0.000000
0.000000
0.000000
0.000000
0.000000
0.000000
-1.232562
0.658440
0.670867
-1.222203
0.740649
0.783067
0.000000
0.000000
0.000000
0.000000
0.000000
0.000000
-1.346484
0.741041
0.715518
-1.351887
0.806422
0.731197
-1.295529
0.531583
0.890896
-1.343439
0.519818
0.865593
-1.249335
0.564505
0.889395
-1.300682
0.513740
0.865267
0.000000
0.000000
0.000000
0.000000
0.000000
0.000000
0.000000
0.000000
0.000000
-1.371511
0.425261
0.629401
0.000000
0.000000
0.000000
0.000000
0.000000
0.000000
-1.401664
0.574421
0.763570
-1.469643
0.648411
0.822603
0.000000
0.000000
0.000000
0.000000
0.000000
0.000000
-1.162712
0.854060
0.831803
-1.268265
0.654532
0.715032
-1.278947
0.604190
0.806661
-1.298616
0.598137
0.828437
-1.233206
0.584275
0.812398
-1.250059
0.578123
0.829234
0.000000
0.000000
0.000000
0.000000
0.000000
0.000000
-1.516970
1.013932
0.703795
-1.545684
1.028315
0.686966
0.000000
0.000000
0.000000
0.000000
0.000000
0.000000
0.000000
0.000000
0.000000
-1.325845
0.636290
0.683071
0.000000
0.000000
0.000000
0.000000
0.000000
0.000000
-1.151604
1.063064
0.762610
-1.272590
1.159456
0.719051
0.000000
0.000000
0.000000
0.000000
0.000000
0.000000
-1.489338
1.089249
0.670159
-1.529684
1.066752
0.666846
0.000000
0.000000
0.000000
0.000000
0.000000
0.000000
-1.594365
0.403976
0.891728
-1.591309
0.410314
0.902633
0.000000
0.000000
0.000000
0.000000
0.000000
0.000000
-1.517683
0.702187
0.829489
-1.535005
0.722000
0.811437
0.000000
0.000000
0.000000
0.000000
0.000000
0.000000
-1.118434
1.151259
0.706022
-1.232622
1.068199
0.620412
0.000000
0.000000
0.000000
0.000000
0.000000
0.000000
-1.443258
0.522348
0.837142
-1.517270
0.455359
0.868301
0.000000
0.000000
0.000000
0.000000
0.000000
0.000000
0.000000
0.000000
0.000000
-1.426703
0.465426
0.759491
-1.485387
0.600793
0.815372
-1.540344
0.480926
0.835206
-1.460794
0.602490
0.816868
-1.511614
0.470221
0.835890
0.000000
0.000000
0.000000
0.000000
0.000000
0.000000
-1.205247
0.699836
0.893360
-1.126765
0.847298
0.801528
0.000000
0.000000
0.000000
0.000000
0.000000
0.000000
-1.176732
0.719958
0.755115
-1.210097
0.705316
0.809361
0.000000
0.000000
0.000000
-1.306998
0.882627
0.650029
0.000000
0.000000
0.000000
-1.239696
0.912093
0.650029
0.000000
0.000000
0.000000
0.000000
0.000000
0.000000
-1.501927
0.558572
0.726743
-1.397661
0.559973
0.898237
0.000000
0.000000
0.000000
0.000000
0.000000
0.000000
-1.387495
0.867382
0.782911
-1.439840
0.763119
0.800930
0.000000
0.000000
0.000000
0.000000
0.000000
0.000000
-1.457744
0.467787
0.856161
-1.559894
0.351854
0.834433
0.000000
0.000000
0.000000
0.000000
0.000000
0.000000
-1.395354
0.567533
0.725059
-1.383169
0.698968
0.838850
0.000000
0.000000
0.000000
0.000000
0.000000
0.000000
-1.329705
0.702833
0.642847
-1.417846
0.670307
1.020005
0.000000
0.000000
0.000000
0.000000
0.000000
0.000000
-1.672332
0.372335
0.902797
-1.669285
0.349387
0.896158
0.000000
0.000000
0.000000
0.000000
0.000000
0.000000
-1.157846
0.740483
0.693052
-1.146158
0.855958
0.714922
0.000000
0.000000
0.000000
0.000000
0.000000
0.000000
-1.090983
1.100321
0.566542
-1.087842
1.265213
0.450731
0.000000
0.000000
0.000000
0.000000
0.000000
0.000000
-1.347366
0.806100
0.760804
-1.331013
0.941805
0.734402
0.000000
0.000000
0.000000
0.000000
0.000000
0.000000
-1.235133
0.386131
0.866301
-1.342736
0.411286
0.891776
0.000000
0.000000
0.000000
0.000000
0.000000
0.000000
-1.250874
0.681774
0.906515
-1.398128
0.580406
0.876589
0.000000
0.000000
0.000000
0.000000
0.000000
0.000000
-1.429730
0.942215
0.736076
-1.469243
0.895174
0.725734
0.000000
0.000000
0.000000
0.000000
0.000000
0.000000
-1.403325
0.977566
0.774817
-1.412794
0.969353
0.767395
0.000000
0.000000
0.000000
0.000000
0.000000
0.000000
-1.117348
0.495072
0.767980
-1.203114
0.451686
0.810074
0.000000
0.000000
0.000000
0.000000
0.000000
0.000000
-1.204751
0.934181
0.753608
-1.218973
0.787720
0.733051
0.000000
0.000000
0.000000
0.000000
0.000000
0.000000
-1.745535
0.858045
0.771200
-1.767273
0.828014
0.786273
0.000000
0.000000
0.000000
0.000000
0.000000
0.000000
-1.248519
1.069553
0.686780
-1.275614
0.927942
0.629182
0.000000
0.000000
0.000000
0.000000
0.000000
0.000000
-1.375447
1.089651
0.647880
-1.419694
1.072946
0.665951
0.000000
0.000000
0.000000
0.000000
0.000000
0.000000
-1.271812
0.804225
0.697268
-1.253437
0.776795
0.747873
0.000000
0.000000
0.000000
0.000000
0.000000
0.000000
-1.207321
0.740617
0.775855
-1.259726
0.762148
0.781655
0.000000
0.000000
0.000000
0.000000
0.000000
0.000000
-1.245901
0.938525
0.813608
-1.287202
0.911560
0.794121
0.000000
0.000000
0.000000
0.000000
0.000000
0.000000
-1.603260
0.588643
0.835918
-1.613554
0.596513
0.841446
0.000000
0.000000
0.000000
0.000000
0.000000
0.000000
-1.221350
1.179449
0.643700
-1.239133
1.086161
0.705717
0.000000
0.000000
0.000000
0.000000
0.000000
0.000000
-1.383675
0.787033
0.776152
-1.399097
0.820522
0.756095
0.000000
0.000000
0.000000
0.000000
0.000000
0.000000
-1.236283
0.789921
0.718733
-1.304731
0.729860
0.779355
0.000000
0.000000
0.000000
0.000000
0.000000
0.000000
0.000000
0.000000
0.000000
-1.026127
1.400358
0.671868
0.000000
0.000000
0.000000
0.000000
0.000000
0.000000
-1.198743
0.658452
0.760089
-1.270795
0.590496
0.817621
0.000000
0.000000
0.000000
0.000000
0.000000
0.000000
-1.441736
0.897291
0.733230
-1.492224
0.836220
0.752549
0.000000
0.000000
0.000000
0.000000
0.000000
0.000000
-1.246225
0.565155
0.815412
-1.288669
0.495070
0.844630
0.000000
0.000000
0.000000
0.000000
0.000000
0.000000
-1.480774
0.480521
0.879862
-1.528772
0.475279
0.888227
0.000000
0.000000
0.000000
0.000000
0.000000
0.000000
-1.189091
0.650387
0.801584
-1.161411
0.756113
0.731178
0.000000
0.000000
0.000000
0.000000
0.000000
0.000000
0.000000
0.000000
0.000000
-1.076195
0.740389
0.637251
0.000000
0.000000
0.000000
0.000000
0.000000
0.000000
-1.268423
1.217703
0.662257
-1.357181
0.933381
0.692645
-1.236787
0.905298
0.814748
-1.207968
0.958013
0.731836
-1.222318
0.901046
0.814748
-1.171749
0.874354
0.735799
0.000000
0.000000
0.000000
0.000000
0.000000
0.000000
-1.315554
0.464374
0.832094
-1.273855
0.560927
0.825273
0.000000
0.000000
0.000000
0.000000
0.000000
0.000000
-1.169076
0.748853
0.707844
-1.264368
0.643095
0.606730
0.000000
0.000000
0.000000
0.000000
0.000000
0.000000
-1.517557
0.665673
0.791607
-1.641113
0.590903
0.834734
0.000000
0.000000
0.000000
0.000000
0.000000
0.000000
-1.385545
0.610744
0.911874
-1.449458
0.627062
0.840065
0.000000
0.000000
0.000000
0.000000
0.000000
0.000000
0.000000
0.000000
0.000000
-1.236007
0.781991
0.692858
0.000000
0.000000
0.000000
0.000000
0.000000
0.000000
-1.306503
0.718501
0.841057
-1.271989
0.916213
0.808776
0.000000
0.000000
0.000000
0.000000
0.000000
0.000000
-1.174262
1.077064
0.711582
-1.264743
0.947969
0.692891
0.000000
0.000000
0.000000
0.000000
0.000000
0.000000
-1.210347
0.542737
0.720250
-1.262841
0.604823
0.826413
0.000000
0.000000
0.000000
0.000000
0.000000
0.000000
-1.270825
0.545085
0.693253
-1.234808
0.623412
1.095408
0.000000
0.000000
0.000000
0.000000
0.000000
0.000000
-1.402500
0.774550
0.769159
-1.431808
0.805471
0.763698
0.000000
0.000000
0.000000
0.000000
0.000000
0.000000
-1.111741
0.813771
0.725514
-1.154131
1.007558
1.000351
0.000000
0.000000
0.000000
0.000000
0.000000
0.000000
-1.274331
0.888965
0.738815
-1.231243
1.146347
0.770503
-1.010033
1.162720
0.750659
-1.117961
1.004787
0.686711
-0.930523
1.115206
0.752419
-1.029370
0.975371
0.689130
0.000000
0.000000
0.000000
0.000000
0.000000
0.000000
-1.509899
0.674975
0.826611
-1.537096
0.695875
0.846584
0.000000
0.000000
0.000000
0.000000
0.000000
0.000000
-1.351402
1.123658
0.674826
-1.375375
0.946058
0.768892
0.000000
0.000000
0.000000
0.000000
0.000000
0.000000
0.000000
0.000000
0.000000
-1.207481
0.755494
0.874753
0.000000
0.000000
0.000000
0.000000
0.000000
0.000000
-1.109763
0.774609
0.703794
-1.141452
0.688821
0.774155
0.000000
0.000000
0.000000
0.000000
0.000000
0.000000
-1.534828
0.280266
0.901333
-1.575057
0.307442
0.899276
0.000000
0.000000
0.000000
0.000000
0.000000
0.000000
0.000000
0.000000
0.000000
-1.386208
0.652003
0.804207
0.000000
0.000000
0.000000
0.000000
0.000000
0.000000
-1.255267
0.556080
0.922717
-1.412503
0.489478
0.887007
0.000000
0.000000
0.000000
0.000000
0.000000
0.000000
-1.329901
0.532099
0.697089
-1.390593
0.541275
0.811154
0.000000
0.000000
0.000000
0.000000
0.000000
0.000000
0.000000
0.000000
0.000000
-1.396548
0.502687
0.722073
0.000000
0.000000
0.000000
0.000000
0.000000
0.000000
0.000000
0.000000
0.000000
-1.347566
0.443595
0.746868
0.000000
0.000000
0.000000
0.000000
0.000000
0.000000
-1.356135
0.808559
0.738659
-1.399484
0.810953
0.761365
0.000000
0.000000
0.000000
0.000000
0.000000
0.000000
0.000000
0.000000
0.000000
-1.001356
1.108601
0.588584
0.000000
0.000000
0.000000
0.000000
0.000000
0.000000
-1.088334
0.576226
0.727367
-0.999982
0.694916
0.816627
0.000000
0.000000
0.000000
0.000000
0.000000
0.000000
-1.222871
0.741267
0.751027
-1.379838
0.630806
0.827388
0.000000
0.000000
0.000000
0.000000
0.000000
0.000000
-1.548379
0.750743
0.883073
-1.562678
0.701463
0.855140
