0.000000
0.000000
0.000000
0.000000
0.000000
0.000000
-1.290933
0.553619
0.774318
-1.197650
0.638801
0.807019
0.000000
0.000000
0.000000
0.000000
0.000000
0.000000
-1.048607
1.488582
0.763282
-1.300314
1.213361
0.591208
0.000000
0.000000
0.000000
0.000000
0.000000
0.000000
-1.386167
0.523004
0.772004
-1.469624
0.626994
0.880711
0.000000
0.000000
0.000000
0.000000
0.000000
0.000000
-1.126597
1.044381
0.624052
-1.197638
0.951649
0.601046
0.000000
0.000000
0.000000
0.000000
0.000000
0.000000
-1.196073
0.872227
0.680629
-1.200557
0.894721
0.668016
0.000000
0.000000
0.000000
0.000000
0.000000
0.000000
-1.317921
0.603726
0.833728
-1.342018
0.585104
0.820646
0.000000
0.000000
0.000000
0.000000
0.000000
0.000000
-0.947575
0.961473
0.891029
-1.029896
0.780543
0.792296
0.000000
0.000000
0.000000
0.000000
0.000000
0.000000
0.000000
0.000000
0.000000
-1.227656
0.796253
0.720500
0.000000
0.000000
0.000000
0.000000
0.000000
0.000000
-1.127302
1.211184
0.531995
-1.243304
1.033752
0.506341
0.000000
0.000000
0.000000
0.000000
0.000000
0.000000
-1.292077
0.753255
0.813323
-1.274387
0.916202
0.749905
0.000000
0.000000
0.000000
0.000000
0.000000
0.000000
0.000000
0.000000
0.000000
-1.162361
1.139348
0.694011
0.000000
0.000000
0.000000
0.000000
0.000000
0.000000
-1.381889
0.563755
0.847354
-1.505421
0.542639
0.845162
0.000000
0.000000
0.000000
0.000000
0.000000
0.000000
-1.688148
0.741656
0.802843
-1.727168
0.722804
0.822145
0.000000
0.000000
0.000000
0.000000
0.000000
0.000000
0.000000
0.000000
0.000000
-1.216676
0.462342
0.836686
0.000000
0.000000
0.000000
0.000000
0.000000
0.000000
0.000000
0.000000
0.000000
-0.968107
0.951390
0.789989
0.000000
0.000000
0.000000
0.000000
0.000000
0.000000
-0.931681
0.789824
0.722515
-1.020000
0.894445
0.756546
0.000000
0.000000
0.000000
0.000000
0.000000
0.000000
-1.218081
0.554355
0.921668
-1.245712
0.557740
0.830265
0.000000
0.000000
0.000000
0.000000
0.000000
0.000000
-1.540969
0.574879
0.712151
-1.594934
0.484424
0.807591
0.000000
0.000000
0.000000
0.000000
0.000000
0.000000
-1.065210
0.888719
0.719177
-1.146818
0.782852
0.759542
0.000000
0.000000
0.000000
0.000000
0.000000
0.000000
-1.367955
1.280025
0.679390
-1.473583
1.117258
0.621265
0.000000
0.000000
0.000000
0.000000
0.000000
0.000000
-1.134472
0.708187
0.748765
-1.125397
0.714302
0.677142
0.000000
0.000000
0.000000
0.000000
0.000000
0.000000
0.000000
0.000000
0.000000
-1.178297
0.595555
1.034295
0.000000
0.000000
0.000000
0.000000
0.000000
0.000000
-1.387433
1.133723
0.600651
-1.391789
1.100389
0.599842
0.000000
0.000000
0.000000
0.000000
0.000000
0.000000
-1.439082
0.559972
0.988881
-1.457629
0.641786
0.896452
0.000000
0.000000
0.000000
0.000000
0.000000
0.000000
-1.128028
0.714089
0.657304
-1.097441
0.872918
0.750341
0.000000
0.000000
0.000000
0.000000
0.000000
0.000000
-1.281756
0.674798
0.785511
-1.330352
0.781685
0.697314
0.000000
0.000000
0.000000
0.000000
0.000000
0.000000
-1.267086
0.968726
0.694933
-1.310591
0.984579
0.685432
0.000000
0.000000
0.000000
0.000000
0.000000
0.000000
-1.615112
0.835986
0.800484
-1.648615
0.796656
0.778517
0.000000
0.000000
0.000000
0.000000
0.000000
0.000000
0.000000
0.000000
0.000000
-0.942887
1.257630
0.862565
0.000000
0.000000
0.000000
0.000000
0.000000
0.000000
-1.189202
0.656809
0.686878
-1.374873
0.585805
0.945494
0.000000
0.000000
0.000000
0.000000
0.000000
0.000000
-1.148302
1.412582
0.575381
-1.290809
1.165476
0.577906
0.000000
0.000000
0.000000
0.000000
0.000000
0.000000
-1.281738
0.491935
0.846143
-1.344346
0.510495
0.826554
0.000000
0.000000
0.000000
0.000000
0.000000
0.000000
-1.229527
0.990627
0.686368
-1.195380
1.289283
0.597064
0.000000
0.000000
0.000000
0.000000
0.000000
0.000000
-1.526349
0.417763
0.876788
-1.584835
0.380678
0.881637
0.000000
0.000000
0.000000
0.000000
0.000000
0.000000
-1.136342
1.162627
0.845254
-1.115647
1.290525
0.720038
0.000000
0.000000
0.000000
0.000000
0.000000
0.000000
-1.385595
0.488752
0.848939
-1.376977
0.708058
0.843709
-1.180191
0.446668
0.878835
-1.184815
0.443883
0.862731
-1.145551
0.445800
0.878643
-1.199485
0.406239
0.876937
0.000000
0.000000
0.000000
0.000000
0.000000
0.000000
-1.115722
0.677571
0.647393
-1.054898
0.795951
0.636100
0.000000
0.000000
0.000000
0.000000
0.000000
0.000000
-1.280269
0.639120
0.744755
-1.382899
0.569294
0.792531
-1.247236
0.545547
0.740985
-1.318163
0.467443
0.875990
-1.232296
0.547332
0.740985
-1.308506
0.462764
0.875990
0.000000
0.000000
0.000000
0.000000
0.000000
0.000000
-1.209085
0.843505
0.749257
-1.234396
0.850149
0.733157
0.000000
0.000000
0.000000
0.000000
0.000000
0.000000
-1.257378
0.912883
0.614755
-1.380623
0.798643
0.712798
0.000000
0.000000
0.000000
0.000000
0.000000
0.000000
-1.110417
0.771054
0.641648
-1.076498
0.824304
0.767507
0.000000
0.000000
0.000000
0.000000
0.000000
0.000000
0.000000
0.000000
0.000000
-1.183457
0.970778
0.687485
0.000000
0.000000
0.000000
0.000000
0.000000
0.000000
-1.417356
0.493642
0.810606
-1.457278
0.443208
0.792490
0.000000
0.000000
0.000000
0.000000
0.000000
0.000000
-1.468822
0.746721
0.794208
-1.525068
0.810544
0.705540
0.000000
0.000000
0.000000
0.000000
0.000000
0.000000
-1.181990
1.755698
0.686029
-1.306658
1.268126
0.574898
0.000000
0.000000
0.000000
0.000000
0.000000
0.000000
-1.105363
0.943834
0.626328
-1.179010
0.922844
0.665129
0.000000
0.000000
0.000000
0.000000
0.000000
0.000000
0.000000
0.000000
0.000000
-0.852005
1.033088
0.621946
0.000000
0.000000
0.000000
0.000000
0.000000
0.000000
-1.534196
0.417316
0.859889
-1.543518
0.425228
0.864808
0.000000
0.000000
0.000000
0.000000
0.000000
0.000000
-1.309439
0.495298
0.830835
-1.343862
0.522567
0.830071
0.000000
0.000000
0.000000
0.000000
0.000000
0.000000
-0.860548
1.554523
0.666454
-1.078027
1.178525
0.645619
0.000000
0.000000
0.000000
0.000000
0.000000
0.000000
-1.219583
0.801053
0.761655
-1.289457
0.836643
0.742551
-1.456076
0.658492
0.726944
-1.433440
0.716066
0.710382
-1.436643
0.649415
0.726944
-1.380654
0.722542
0.702637
0.000000
0.000000
0.000000
0.000000
0.000000
0.000000
-1.125100
0.913575
0.724019
-0.981404
1.222599
0.612100
0.000000
0.000000
0.000000
0.000000
0.000000
0.000000
-1.167183
1.120605
0.689338
-1.252938
1.042022
0.624553
0.000000
0.000000
0.000000
0.000000
0.000000
0.000000
0.000000
0.000000
0.000000
-1.172767
0.768326
0.775054
0.000000
0.000000
0.000000
0.000000
0.000000
0.000000
0.000000
0.000000
0.000000
-1.488135
0.456830
0.848044
-1.277468
0.966274
0.748015
-1.227118
1.101800
0.836108
-1.282229
0.955393
0.744795
-1.234046
1.086935
0.848440
0.000000
0.000000
0.000000
0.000000
0.000000
0.000000
-1.316805
1.059912
0.595461
-1.367166
1.077876
0.610930
0.000000
0.000000
0.000000
0.000000
0.000000
0.000000
0.000000
0.000000
0.000000
-1.239240
0.898408
0.710143
0.000000
0.000000
0.000000
0.000000
0.000000
0.000000
0.000000
0.000000
0.000000
-1.077652
1.544819
0.695491
0.000000
0.000000
0.000000
0.000000
0.000000
0.000000
0.000000
0.000000
0.000000
-1.361820
0.675070
0.998272
-1.107253
0.450812
0.729782
-1.234441
0.325168
0.898365
-1.082362
0.457781
0.729782
-1.208217
0.321264
0.898365
0.000000
0.000000
0.000000
0.000000
0.000000
0.000000
-1.278438
0.572045
0.846305
-1.296685
0.521371
0.822928
0.000000
0.000000
0.000000
0.000000
0.000000
0.000000
0.000000
0.000000
0.000000
-1.178138
0.856258
0.673198
0.000000
0.000000
0.000000
0.000000
0.000000
0.000000
-1.340947
1.279121
0.506737
-1.354692
1.256428
0.483814
0.000000
0.000000
0.000000
0.000000
0.000000
0.000000
0.000000
0.000000
0.000000
-1.465365
0.540279
0.843163
0.000000
0.000000
0.000000
0.000000
0.000000
0.000000
-1.074895
1.279687
0.828670
-1.133036
1.083253
0.642363
0.000000
0.000000
0.000000
0.000000
0.000000
0.000000
-1.216889
0.596379
0.740558
-1.283866
0.696554
0.788400
-1.460771
0.691898
0.707673
-1.373651
1.007886
0.730772
-1.374171
0.685909
0.716068
-1.250353
0.960974
0.726691
0.000000
0.000000
0.000000
0.000000
0.000000
0.000000
-1.508218
0.584792
0.710602
-1.489410
0.672341
1.031942
0.000000
0.000000
0.000000
0.000000
0.000000
0.000000
-1.471980
0.436580
0.877665
-1.490529
0.445499
0.870124
0.000000
0.000000
0.000000
0.000000
0.000000
0.000000
-1.296928
0.567286
0.690799
-1.226278
0.736592
0.814483
0.000000
0.000000
0.000000
0.000000
0.000000
0.000000
-1.175462
0.833002
0.873386
-1.240980
0.712639
0.810707
0.000000
0.000000
0.000000
0.000000
0.000000
0.000000
-1.350543
1.076356
0.541099
-1.310132
1.153718
0.566169
0.000000
0.000000
0.000000
-0.961412
2.040669
0.635013
0.000000
0.000000
0.000000
-0.911274
2.089429
0.635013
0.000000
0.000000
0.000000
0.000000
0.000000
0.000000
-1.307606
0.451426
0.837419
-1.244298
0.522184
0.795197
0.000000
0.000000
0.000000
0.000000
0.000000
0.000000
0.000000
0.000000
0.000000
-1.029246
1.201000
0.726917
0.000000
0.000000
0.000000
0.000000
0.000000
0.000000
-1.335119
0.937870
0.768196
-1.403002
1.090529
0.703573
0.000000
0.000000
0.000000
0.000000
0.000000
0.000000
-1.610523
0.367766
0.937142
-1.624773
0.375221
0.888655
0.000000
0.000000
0.000000
0.000000
0.000000
0.000000
-1.359793
0.858911
0.770741
-1.367473
0.861424
0.748894
-1.119971
1.355170
0.633912
-1.268139
1.205820
0.555622
-1.071696
1.143807
0.640508
-1.167537
1.115019
0.610513
0.000000
0.000000
0.000000
0.000000
0.000000
0.000000
-1.324443
0.829025
0.833359
-1.401443
0.901806
0.760558
0.000000
0.000000
0.000000
0.000000
0.000000
0.000000
-1.402024
1.205642
0.675653
-1.494762
0.957390
0.658811
-1.068986
1.112156
0.824652
-0.952292
1.100070
0.736574
-1.051634
1.121133
0.824652
-0.946072
1.087694
0.732217
0.000000
0.000000
0.000000
0.000000
0.000000
0.000000
-1.067739
0.719237
0.702816
-1.114573
0.723122
0.735865
-1.276576
0.711639
0.812422
-1.259929
0.811854
0.774940
-1.263123
0.702496
0.811099
-1.224039
0.793600
0.779949
0.000000
0.000000
0.000000
0.000000
0.000000
0.000000
0.000000
0.000000
0.000000
-0.984112
1.152978
0.772950
0.000000
0.000000
0.000000
0.000000
0.000000
0.000000
-0.993695
0.944347
0.833063
-0.967391
0.963708
0.756564
0.000000
0.000000
0.000000
0.000000
0.000000
0.000000
-0.999199
1.102235
0.833039
-1.174133
0.851156
0.861470
0.000000
0.000000
0.000000
0.000000
0.000000
0.000000
-1.368528
0.642787
0.778687
-1.386607
0.684464
0.792571
0.000000
0.000000
0.000000
0.000000
0.000000
0.000000
-1.457054
0.974124
0.785250
-1.454850
1.026541
0.789542
0.000000
0.000000
0.000000
0.000000
0.000000
0.000000
0.000000
0.000000
0.000000
-1.207918
0.755966
0.663622
0.000000
0.000000
0.000000
0.000000
0.000000
0.000000
-1.217477
0.605370
0.726740
-1.133904
0.710139
0.838271
0.000000
0.000000
0.000000
0.000000
0.000000
0.000000
0.000000
0.000000
0.000000
-1.140613
1.203094
0.730627
0.000000
0.000000
0.000000
0.000000
0.000000
0.000000
-1.285071
0.636303
0.917630
-1.423240
0.637454
0.869684
0.000000
0.000000
0.000000
0.000000
0.000000
0.000000
-1.092182
0.927343
0.853348
-1.328282
0.724346
0.873810
0.000000
0.000000
0.000000
0.000000
0.000000
0.000000
-1.141721
0.870053
0.721594
-1.122374
1.046727
0.621842
0.000000
0.000000
0.000000
0.000000
0.000000
0.000000
-1.158182
0.731863
0.739517
-1.186100
0.923649
0.744775
0.000000
0.000000
0.000000
0.000000
0.000000
0.000000
-1.399151
0.460009
0.621771
-1.426667
0.537979
1.084266
0.000000
0.000000
0.000000
0.000000
0.000000
0.000000
0.000000
0.000000
0.000000
-0.963487
2.410986
0.679799
0.000000
0.000000
0.000000
0.000000
0.000000
0.000000
-1.078552
0.692457
0.776983
-1.015348
0.720813
0.751827
0.000000
0.000000
0.000000
0.000000
0.000000
0.000000
-1.169372
0.832079
0.561527
-1.090795
0.982367
0.574401
0.000000
0.000000
0.000000
0.000000
0.000000
0.000000
-1.302516
0.958597
0.759877
-1.375612
0.887943
0.739448
0.000000
0.000000
0.000000
0.000000
0.000000
0.000000
-1.263735
0.624429
0.852939
-1.348411
0.488636
0.856170
0.000000
0.000000
0.000000
0.000000
0.000000
0.000000
-1.184842
0.715681
0.704055
-1.185194
0.887108
0.682828
-1.326501
0.782022
0.804774
-1.343795
0.762177
0.757991
-1.317279
0.783126
0.805107
-1.323216
0.762575
0.760854
0.000000
0.000000
0.000000
0.000000
0.000000
0.000000
-1.268759
1.031287
0.574067
-1.379197
0.941108
0.705236
0.000000
0.000000
0.000000
0.000000
0.000000
0.000000
-1.320894
0.596776
0.677025
-1.341190
0.577748
0.871670
0.000000
0.000000
0.000000
0.000000
0.000000
0.000000
-1.211344
0.605765
0.811121
-1.246397
0.595228
0.810495
0.000000
0.000000
0.000000
0.000000
0.000000
0.000000
-1.182070
0.857009
0.764587
-1.293791
0.643180
0.838681
0.000000
0.000000
0.000000
0.000000
0.000000
0.000000
0.000000
0.000000
0.000000
-1.229135
0.515515
0.861937
0.000000
0.000000
0.000000
0.000000
0.000000
0.000000
-1.169513
0.717712
0.790026
-1.232565
0.763598
0.764803
0.000000
0.000000
0.000000
0.000000
0.000000
0.000000
0.000000
0.000000
0.000000
-0.982482
1.001154
0.733204
0.000000
0.000000
0.000000
0.000000
0.000000
0.000000
-1.500532
0.920237
0.726505
-1.517988
0.933768
0.734768
0.000000
0.000000
0.000000
0.000000
0.000000
0.000000
-1.092720
0.662683
0.651551
-1.078783
0.929072
0.789379
0.000000
0.000000
0.000000
0.000000
0.000000
0.000000
-1.089372
0.764396
0.794860
-1.263983
0.748552
0.775193
0.000000
0.000000
0.000000
0.000000
0.000000
0.000000
-1.325416
0.460306
0.855806
-1.375301
0.393496
0.864540
0.000000
0.000000
0.000000
0.000000
0.000000
0.000000
-1.457154
0.920917
0.783121
-1.469620
0.921829
0.742274
0.000000
0.000000
0.000000
0.000000
0.000000
0.000000
-0.997494
1.033423
0.560234
-1.101227
1.073767
0.539487
0.000000
0.000000
0.000000
0.000000
0.000000
0.000000
0.000000
0.000000
0.000000
-1.345262
0.608402
0.739637
0.000000
0.000000
0.000000
0.000000
0.000000
0.000000
-1.244150
0.591807
0.841161
-1.289893
0.581504
0.823359
0.000000
0.000000
0.000000
0.000000
0.000000
0.000000
-1.345363
0.651110
0.787587
-1.391707
0.611764
0.868136
0.000000
0.000000
0.000000
0.000000
0.000000
0.000000
-1.036373
0.502986
0.827418
-1.161815
0.465234
0.839771
0.000000
0.000000
0.000000
0.000000
0.000000
0.000000
-1.397132
0.839885
0.633015
-1.437691
0.866021
0.654524
0.000000
0.000000
0.000000
0.000000
0.000000
0.000000
-1.331127
0.687433
0.821564
-1.462468
0.559658
0.821925
0.000000
0.000000
0.000000
0.000000
0.000000
0.000000
0.000000
0.000000
0.000000
-1.377622
0.600273
0.733827
0.000000
0.000000
0.000000
0.000000
0.000000
0.000000
-1.209204
0.527334
0.714226
-1.342596
0.445507
0.895083
0.000000
0.000000
0.000000
0.000000
0.000000
0.000000
-1.043510
1.350283
0.800867
-1.120344
1.057602
0.707740
0.000000
0.000000
0.000000
0.000000
0.000000
0.000000
-1.216674
0.823309
0.698173
-1.278764
0.779711
0.762474
0.000000
0.000000
0.000000
0.000000
0.000000
0.000000
-1.235874
0.544526
0.813309
-1.245836
0.548823
0.808745
0.000000
0.000000
0.000000
0.000000
0.000000
0.000000
0.000000
0.000000
0.000000
-1.336509
0.865371
1.028535
0.000000
0.000000
0.000000
0.000000
0.000000
0.000000
0.000000
0.000000
0.000000
-1.210204
0.655143
0.768321
0.000000
0.000000
0.000000
0.000000
0.000000
0.000000
-1.562309
0.493276
0.845994
-1.598925
0.477097
0.872286
0.000000
0.000000
0.000000
0.000000
0.000000
0.000000
-1.126825
1.022925
0.745809
-1.105341
1.107721
0.830087
0.000000
0.000000
0.000000
0.000000
0.000000
0.000000
-1.292123
1.047628
0.842438
-1.333665
1.127304
0.743906
-0.998319
0.951193
0.778858
-1.114248
0.767410
0.748730
-1.055669
1.139172
0.807169
-1.046812
1.153570
0.706021
0.000000
0.000000
0.000000
0.000000
0.000000
0.000000
-1.016361
0.818522
0.832080
-1.182325
0.894465
0.777103
0.000000
0.000000
0.000000
0.000000
0.000000
0.000000
-1.300296
0.600558
1.081272
-1.217130
0.625093
0.904503
0.000000
0.000000
0.000000
0.000000
0.000000
0.000000
0.000000
0.000000
0.000000
-1.355897
0.482516
0.656796
0.000000
0.000000
0.000000
-0.852784
0.760319
0.703308
0.000000
0.000000
0.000000
-0.828172
0.766120
0.703308
0.000000
0.000000
0.000000
0.000000
0.000000
0.000000
-1.282295
0.521723
0.663398
-1.270249
0.696808
0.877970
0.000000
0.000000
0.000000
0.000000
0.000000
0.000000
-1.177033
0.781888
0.700784
-1.133910
0.914981
0.662523
0.000000
0.000000
0.000000
0.000000
0.000000
0.000000
-1.200275
1.148248
0.639639
-1.290664
1.060201
0.596884
0.000000
0.000000
0.000000
0.000000
0.000000
0.000000
0.000000
0.000000
0.000000
-1.149499
1.459076
0.771852
0.000000
0.000000
0.000000
0.000000
0.000000
0.000000
-1.276255
0.879318
0.789290
-1.374256
0.766105
0.736942
0.000000
0.000000
0.000000
0.000000
0.000000
0.000000
0.000000
0.000000
0.000000
-1.399484
0.920428
0.826530
0.000000
0.000000
0.000000
0.000000
0.000000
0.000000
-1.226273
0.547212
0.833227
-1.267889
0.536260
0.808646
0.000000
0.000000
0.000000
-1.578730
0.385919
0.805956
0.000000
0.000000
0.000000
-1.551691
0.388204
0.805956
0.000000
0.000000
0.000000
0.000000
0.000000
0.000000
-1.126755
0.730935
0.753149
-1.083734
0.678493
0.793255
0.000000
0.000000
0.000000
0.000000
0.000000
0.000000
-1.295422
0.558033
0.757089
-1.352901
0.430709
0.843698
0.000000
0.000000
0.000000
0.000000
0.000000
0.000000
-1.256009
0.627737
0.787242
-1.225253
0.547072
0.795134
0.000000
0.000000
0.000000
0.000000
0.000000
0.000000
-0.862007
2.242015
0.659845
-1.137148
1.236302
0.609769
0.000000
0.000000
0.000000
0.000000
0.000000
0.000000
0.000000
0.000000
0.000000
-1.267807
0.751633
0.833309
0.000000
0.000000
0.000000
0.000000
0.000000
0.000000
-1.098511
1.341041
0.572435
-1.146424
1.047359
0.606987
0.000000
0.000000
0.000000
0.000000
0.000000
0.000000
-1.145856
1.148368
0.726709
-1.224783
0.947585
0.746065
0.000000
0.000000
0.000000
0.000000
0.000000
0.000000
-1.236841
0.732510
0.787298
-1.187415
0.999124
0.760122
0.000000
0.000000
0.000000
0.000000
0.000000
0.000000
-1.135067
0.840634
0.736185
-1.223984
0.751151
0.746408
0.000000
0.000000
0.000000
0.000000
0.000000
0.000000
-1.429318
1.240422
0.779896
-1.517278
1.050142
0.826656
0.000000
0.000000
0.000000
0.000000
0.000000
0.000000
0.000000
0.000000
0.000000
-0.944142
0.850752
0.731239
0.000000
0.000000
0.000000
0.000000
0.000000
0.000000
-1.344710
0.509743
0.681924
-1.425692
0.508275
0.943244
0.000000
0.000000
0.000000
0.000000
0.000000
0.000000
-1.614267
0.869711
0.798293
-1.659434
0.835714
0.780643
0.000000
0.000000
0.000000
0.000000
0.000000
0.000000
-1.219540
0.924454
0.625904
-1.330146
0.879223
0.731282
0.000000
0.000000
0.000000
0.000000
0.000000
0.000000
-1.151379
0.913224
0.954597
-1.321340
0.894744
0.873291
0.000000
0.000000
0.000000
0.000000
0.000000
0.000000
-1.173688
0.573308
0.650606
-1.099788
0.652601
0.774801
0.000000
0.000000
0.000000
0.000000
0.000000
0.000000
-1.354811
0.450280
0.813388
-1.361202
0.418365
0.882017
0.000000
0.000000
0.000000
0.000000
0.000000
0.000000
-1.504179
0.548285
0.859550
-1.565490
0.540149
0.863016
0.000000
0.000000
0.000000
0.000000
0.000000
0.000000
-1.388422
0.609736
0.788805
-1.414667
0.647628
0.783524
0.000000
0.000000
0.000000
0.000000
0.000000
0.000000
-1.305205
1.105183
0.746238
-1.366109
1.033902
0.589962
0.000000
0.000000
0.000000
0.000000
0.000000
0.000000
-1.384707
0.717261
0.757304
-1.407495
0.713350
0.742147
0.000000
0.000000
0.000000
0.000000
0.000000
0.000000
-1.340063
0.539907
0.844282
-1.333274
0.641220
0.866114
0.000000
0.000000
0.000000
0.000000
0.000000
0.000000
-1.373122
0.787817
0.748352
-1.387792
0.882736
0.751447
0.000000
0.000000
0.000000
0.000000
0.000000
0.000000
0.000000
0.000000
0.000000
-1.098373
0.781978
0.704956
0.000000
0.000000
0.000000
0.000000
0.000000
0.000000
-1.401300
0.473111
0.844911
-1.451330
0.489700
0.866265
0.000000
0.000000
0.000000
0.000000
0.000000
0.000000
-1.447564
0.487594
0.815349
-1.500723
0.505407
0.824601
0.000000
0.000000
0.000000
0.000000
0.000000
0.000000
-1.129093
1.215235
0.480416
-1.194558
1.167138
0.479006
0.000000
0.000000
0.000000
0.000000
0.000000
0.000000
-1.357611
0.680354
0.900548
-1.419151
0.665587
0.911211
0.000000
0.000000
0.000000
0.000000
0.000000
0.000000
-1.103779
0.996845
0.989342
-1.301775
0.832194
0.742171
0.000000
0.000000
0.000000
0.000000
0.000000
0.000000
-1.428810
0.584198
0.823608
-1.421897
0.665447
0.824041
0.000000
0.000000
0.000000
0.000000
0.000000
0.000000
-1.233119
0.973350
0.544041
-1.262160
1.053012
0.568470
0.000000
0.000000
0.000000
0.000000
0.000000
0.000000
-1.342311
0.349643
0.983218
-1.438533
0.309921
0.880015
0.000000
0.000000
0.000000
0.000000
0.000000
0.000000
-1.062484
1.251594
0.809352
-1.117740
1.187211
0.652602
0.000000
0.000000
0.000000
0.000000
0.000000
0.000000
0.000000
0.000000
0.000000
-1.136894
0.627483
0.668272
0.000000
0.000000
0.000000
0.000000
0.000000
0.000000
0.000000
0.000000
0.000000
-1.329140
0.603904
0.706600
0.000000
0.000000
0.000000
0.000000
0.000000
0.000000
0.000000
0.000000
0.000000
-1.214396
0.605351
0.853353
0.000000
0.000000
0.000000
0.000000
0.000000
0.000000
-1.454578
0.805302
0.918403
-1.506662
0.787407
0.834215
0.000000
0.000000
0.000000
0.000000
0.000000
0.000000
-0.933662
0.937136
0.736356
-1.011503
0.834393
0.722130
-1.132104
0.501734
0.894454
-1.125498
0.589802
0.868443
-1.174128
0.473815
0.872613
-1.217545
0.441653
0.891483
0.000000
0.000000
0.000000
0.000000
0.000000
0.000000
-1.228279
0.670283
0.609973
-1.253072
0.734443
0.700679
0.000000
0.000000
0.000000
0.000000
0.000000
0.000000
-1.165870
0.686604
0.751480
-1.221840
0.687846
0.786962
0.000000
0.000000
0.000000
0.000000
0.000000
0.000000
-1.506821
0.768029
0.767354
-1.535700
0.767679
0.785855
0.000000
0.000000
0.000000
0.000000
0.000000
0.000000
0.000000
0.000000
0.000000
-1.224434
0.787395
0.698154
0.000000
0.000000
0.000000
0.000000
0.000000
0.000000
-1.211555
0.639064
0.635288
-1.219751
0.704952
0.928749
0.000000
0.000000
0.000000
0.000000
0.000000
0.000000
-1.306811
0.788285
0.775648
-1.386421
0.661074
0.842187
0.000000
0.000000
0.000000
0.000000
0.000000
0.000000
-1.359941
0.784398
0.786737
-1.370616
0.793511
0.746463
0.000000
0.000000
0.000000
0.000000
0.000000
0.000000
-1.141771
1.062579
0.645575
-1.160288
1.249544
0.588899
0.000000
0.000000
0.000000
0.000000
0.000000
0.000000
-1.368390
1.376727
0.573261
-1.458080
1.291036
0.563582
0.000000
0.000000
0.000000
0.000000
0.000000
0.000000
0.000000
0.000000
0.000000
-1.171850
0.845134
0.645401
0.000000
0.000000
0.000000
0.000000
0.000000
0.000000
-1.632528
0.359321
0.884245
-1.671347
0.347659
0.881967
0.000000
0.000000
0.000000
0.000000
0.000000
0.000000
-1.235213
0.516115
0.837290
-1.304724
0.527905
0.821200
0.000000
0.000000
0.000000
0.000000
0.000000
0.000000
0.000000
0.000000
0.000000
-0.993004
0.894612
0.788060
0.000000
0.000000
0.000000
0.000000
0.000000
0.000000
-1.126900
0.674439
0.802473
-1.159850
0.727894
0.757177
0.000000
0.000000
0.000000
0.000000
0.000000
0.000000
-1.472737
0.330594
0.773396
-1.583989
0.250718
0.869058
0.000000
0.000000
0.000000
0.000000
0.000000
0.000000
-1.087102
1.339446
0.618985
-1.170881
1.066770
0.626778
0.000000
0.000000
0.000000
0.000000
0.000000
0.000000
-1.556101
0.519296
0.875073
-1.606806
0.471475
0.873208
0.000000
0.000000
0.000000
0.000000
0.000000
0.000000
-1.557530
0.510583
0.835870
-1.585730
0.535818
0.871960
0.000000
0.000000
0.000000
0.000000
0.000000
0.000000
-1.600184
0.327473
1.011123
-1.558770
0.361691
0.907541
0.000000
0.000000
0.000000
0.000000
0.000000
0.000000
-0.959566
1.364645
0.681322
-1.124337
1.020792
0.694700
0.000000
0.000000
0.000000
0.000000
0.000000
0.000000
-1.355417
0.485830
0.724709
-1.393526
0.452888
0.904574
0.000000
0.000000
0.000000
0.000000
0.000000
0.000000
-1.295873
0.411097
0.944355
-1.366112
0.380852
0.874790
0.000000
0.000000
0.000000
0.000000
0.000000
0.000000
-1.345109
0.983100
0.602228
-1.365485
0.979567
0.694874
0.000000
0.000000
0.000000
0.000000
0.000000
0.000000
-1.173239
0.792675
0.726423
-1.069309
1.068236
0.653273
0.000000
0.000000
0.000000
0.000000
0.000000
0.000000
-1.239580
0.799638
0.870472
-1.280194
0.838059
0.777289
0.000000
0.000000
0.000000
0.000000
0.000000
0.000000
-1.187767
0.602984
0.785528
-1.265193
0.515677
0.818595
0.000000
0.000000
0.000000
0.000000
0.000000
0.000000
-0.906654
1.622160
0.646525
-1.105347
1.010071
0.493412
0.000000
0.000000
0.000000
0.000000
0.000000
0.000000
0.000000
0.000000
0.000000
-1.163489
1.205903
0.729752
0.000000
0.000000
0.000000
0.000000
0.000000
0.000000
-1.488233
0.488031
0.857111
-1.434329
0.600652
0.889703
0.000000
0.000000
0.000000
0.000000
0.000000
0.000000
-1.267347
0.648847
0.785643
-1.276825
0.726155
0.776760
0.000000
0.000000
0.000000
0.000000
0.000000
0.000000
-1.084261
0.796627
0.804204
-1.199819
0.682460
0.756382
0.000000
0.000000
0.000000
0.000000
0.000000
0.000000
-1.288981
0.594534
0.664761
-1.355830
0.470755
0.774464
0.000000
0.000000
0.000000
0.000000
0.000000
0.000000
-1.496167
0.940050
0.644318
-1.439287
1.233495
0.695688
0.000000
0.000000
0.000000
0.000000
0.000000
0.000000
-1.300777
0.947550
0.709729
-1.348076
0.947695
0.689212
-1.387433
0.700812
0.639413
-1.488396
0.568338
0.958170
-1.397309
0.713597
0.639413
-1.497153
0.572505
0.958170
0.000000
0.000000
0.000000
0.000000
0.000000
0.000000
-1.115294
0.834396
0.999496
-1.265840
0.703386
0.834166
0.000000
0.000000
0.000000
0.000000
0.000000
0.000000
-1.335518
0.913267
0.772758
-1.354851
0.920743
0.754500
0.000000
0.000000
0.000000
0.000000
0.000000
0.000000
-1.581225
0.881123
0.760460
-1.603437
0.883424
0.762964
0.000000
0.000000
0.000000
0.000000
0.000000
0.000000
-1.264197
0.631903
0.780229
-1.282371
0.639464
0.778068
0.000000
0.000000
0.000000
0.000000
0.000000
0.000000
-1.312973
0.744924
0.781259
-1.436319
0.558637
0.924153
0.000000
0.000000
0.000000
0.000000
0.000000
0.000000
-1.176507
0.730400
0.986269
-1.351872
0.587327
0.908743
0.000000
0.000000
0.000000
0.000000
0.000000
0.000000
-1.359441
0.824099
0.763755
-1.384388
0.879361
0.698997
0.000000
0.000000
0.000000
0.000000
0.000000
0.000000
0.000000
0.000000
0.000000
-1.130203
0.565726
0.790226
0.000000
0.000000
0.000000
0.000000
0.000000
0.000000
-1.182556
0.796572
0.732649
-1.191327
0.764021
0.634225
0.000000
0.000000
0.000000
0.000000
0.000000
0.000000
-1.485752
0.922774
0.772304
-1.456423
0.977114
0.744142
0.000000
0.000000
0.000000
0.000000
0.000000
0.000000
-1.592819
1.206650
0.584671
-1.584763
1.215671
0.569380
0.000000
0.000000
0.000000
0.000000
0.000000
0.000000
-1.138996
0.714050
0.761322
-1.201022
0.699385
0.777546
0.000000
0.000000
0.000000
0.000000
0.000000
0.000000
0.000000
0.000000
0.000000
-1.115444
0.514552
0.827710
0.000000
0.000000
0.000000
0.000000
0.000000
0.000000
-1.078830
1.293044
0.372442
-1.167861
1.323564
0.321381
0.000000
0.000000
0.000000
0.000000
0.000000
0.000000
-1.135693
0.751022
0.822960
-1.254990
0.651866
0.822385
0.000000
0.000000
0.000000
0.000000
0.000000
0.000000
0.000000
0.000000
0.000000
-1.142940
1.380203
0.833149
0.000000
0.000000
0.000000
0.000000
0.000000
0.000000
-1.124660
0.753327
0.733649
-1.221182
0.833663
0.674767
0.000000
0.000000
0.000000
0.000000
0.000000
0.000000
-1.481950
0.888004
0.751535
-1.511696
0.889092
0.757564
0.000000
0.000000
0.000000
0.000000
0.000000
0.000000
-1.427716
0.822845
0.832510
-1.485553
0.771328
0.815244
0.000000
0.000000
0.000000
0.000000
0.000000
0.000000
-1.277086
0.714621
0.764354
-1.312455
0.690130
0.789627
0.000000
0.000000
0.000000
0.000000
0.000000
0.000000
-1.323876
0.820032
0.811064
-1.381850
0.636753
0.810276
0.000000
0.000000
0.000000
0.000000
0.000000
0.000000
-1.348710
1.007244
0.660761
-1.431720
0.944501
0.682169
-1.228860
0.613688
0.782980
-1.301527
0.588234
0.798521
-1.213067
0.608203
0.784681
-1.284867
0.585229
0.798713
0.000000
0.000000
0.000000
0.000000
0.000000
0.000000
-1.303388
0.603228
0.819945
-1.330433
0.601154
0.803458
0.000000
0.000000
0.000000
0.000000
0.000000
0.000000
0.000000
0.000000
0.000000
-1.038409
0.704530
0.614841
0.000000
0.000000
0.000000
0.000000
0.000000
0.000000
0.000000
0.000000
0.000000
-1.166362
0.742550
0.695110
0.000000
0.000000
0.000000
0.000000
0.000000
0.000000
-1.430145
0.726596
0.774380
-1.446515
0.705259
0.852133
0.000000
0.000000
0.000000
0.000000
0.000000
0.000000
0.000000
0.000000
0.000000
-1.164289
0.834375
0.748985
0.000000
0.000000
0.000000
0.000000
0.000000
0.000000
-1.183657
0.966831
1.072343
-1.147913
1.067057
0.964767
0.000000
0.000000
0.000000
0.000000
0.000000
0.000000
-1.502782
0.498436
0.885517
-1.463913
0.558095
0.839408
0.000000
0.000000
0.000000
0.000000
0.000000
0.000000
-1.157736
0.568881
0.648190
-1.147612
0.882981
0.787046
0.000000
0.000000
0.000000
0.000000
0.000000
0.000000
0.000000
0.000000
0.000000
-1.348580
0.459482
0.763396
0.000000
0.000000
0.000000
0.000000
0.000000
0.000000
-1.176093
0.883638
0.841751
-1.192369
1.014849
0.780420
0.000000
0.000000
0.000000
0.000000
0.000000
0.000000
-1.205755
0.707196
0.664036
-1.236879
0.849558
0.921624
0.000000
0.000000
0.000000
0.000000
0.000000
0.000000
-1.559960
0.836917
0.783647
-1.575457
0.860269
0.757873
0.000000
0.000000
0.000000
0.000000
0.000000
0.000000
-1.338345
0.593311
0.645123
-1.342800
0.912053
0.745173
0.000000
0.000000
0.000000
0.000000
0.000000
0.000000
-1.282628
0.530542
0.704667
-1.344236
0.606119
0.901498
0.000000
0.000000
0.000000
0.000000
0.000000
0.000000
0.000000
0.000000
0.000000
-0.965472
0.726086
0.663412
0.000000
0.000000
0.000000
0.000000
0.000000
0.000000
-1.071407
0.847814
0.842172
-1.260072
0.782590
0.776349
0.000000
0.000000
0.000000
0.000000
0.000000
0.000000
-1.112186
1.046033
0.653364
-1.179813
1.041720
0.616866
0.000000
0.000000
0.000000
0.000000
0.000000
0.000000
-1.036731
1.181579
0.826440
-1.182115
0.831744
0.758843
0.000000
0.000000
0.000000
0.000000
0.000000
0.000000
-1.531309
0.751149
0.779514
-1.551749
0.760004
0.784879
0.000000
0.000000
0.000000
0.000000
0.000000
0.000000
0.000000
0.000000
0.000000
-1.014192
0.690151
0.735073
0.000000
0.000000
0.000000
0.000000
0.000000
0.000000
-1.275066
0.530209
0.676234
-1.124936
0.630509
0.754438
0.000000
0.000000
0.000000
0.000000
0.000000
0.000000
0.000000
0.000000
0.000000
-1.323404
0.364764
0.847147
0.000000
0.000000
0.000000
0.000000
0.000000
0.000000
-1.296803
0.750837
0.557213
-1.299612
0.849455
0.682104
0.000000
0.000000
0.000000
0.000000
0.000000
0.000000
-0.639102
2.139561
0.664217
-0.932019
1.244455
0.521079
0.000000
0.000000
0.000000
0.000000
0.000000
0.000000
-1.379618
0.696619
0.801717
-1.413785
0.657960
0.785972
0.000000
0.000000
0.000000
0.000000
0.000000
0.000000
-1.052885
0.825210
0.740538
-1.206618
0.631715
0.768880
0.000000
0.000000
0.000000
0.000000
0.000000
0.000000
0.000000
0.000000
0.000000
-1.049295
1.371417
0.700821
0.000000
0.000000
0.000000
0.000000
0.000000
0.000000
-1.254331
0.815723
0.755832
-1.315185
0.811982
0.727496
0.000000
0.000000
0.000000
0.000000
0.000000
0.000000
0.000000
0.000000
0.000000
-1.059982
1.008468
0.908999
0.000000
0.000000
0.000000
0.000000
0.000000
0.000000
-1.083701
0.719253
0.716896
-1.412587
0.544439
0.797536
0.000000
0.000000
0.000000
0.000000
0.000000
0.000000
0.000000
0.000000
0.000000
-1.161137
1.273815
0.744517
0.000000
0.000000
0.000000
0.000000
0.000000
0.000000
-1.223766
0.797812
0.766277
-1.286281
0.828565
0.768507
0.000000
0.000000
0.000000
-1.491971
0.372673
0.760056
0.000000
0.000000
0.000000
-1.464898
0.378925
0.760056
0.000000
0.000000
0.000000
0.000000
0.000000
0.000000
-0.808293
1.490557
0.691099
-0.986311
1.109107
0.903711
0.000000
0.000000
0.000000
0.000000
0.000000
0.000000
-1.031912
0.787128
0.777901
-1.125993
0.710368
0.796882
0.000000
0.000000
0.000000
0.000000
0.000000
0.000000
-1.239313
0.662334
0.917048
-1.239166
0.796367
0.810817
0.000000
0.000000
0.000000
0.000000
0.000000
0.000000
0.000000
0.000000
0.000000
-1.107418
0.968629
0.695853
0.000000
0.000000
0.000000
0.000000
0.000000
0.000000
-1.308096
0.674441
0.771926
-1.327266
0.656849
0.786633
0.000000
0.000000
0.000000
0.000000
0.000000
0.000000
0.000000
0.000000
0.000000
-1.228895
0.523410
0.778369
0.000000
0.000000
0.000000
0.000000
0.000000
0.000000
-1.334736
0.660641
0.805896
-1.341706
0.714207
0.800126
0.000000
0.000000
0.000000
0.000000
0.000000
0.000000
-1.331478
0.600943
0.806595
-1.344822
0.674692
0.817091
0.000000
0.000000
0.000000
0.000000
0.000000
0.000000
-1.112267
0.966397
0.734429
-1.372964
0.955982
0.559545
0.000000
0.000000
0.000000
0.000000
0.000000
0.000000
-1.498438
0.608650
0.832366
-1.493953
0.664720
0.838700
0.000000
0.000000
0.000000
0.000000
0.000000
0.000000
-1.552936
0.320558
0.895612
-1.560482
0.310310
0.891519
0.000000
0.000000
0.000000
0.000000
0.000000
0.000000
-1.030771
0.794877
0.759637
-1.141010
0.747506
0.708048
0.000000
0.000000
0.000000
0.000000
0.000000
0.000000
-1.209973
0.808773
0.633303
-1.185993
1.248500
0.596708
0.000000
0.000000
0.000000
0.000000
0.000000
0.000000
0.000000
0.000000
0.000000
-1.212195
0.874954
0.677352
0.000000
0.000000
0.000000
0.000000
0.000000
0.000000
-1.047423
0.973073
0.604594
-1.191305
0.808603
0.640961
0.000000
0.000000
0.000000
0.000000
0.000000
0.000000
-1.181631
0.715732
0.779534
-1.193669
0.791779
0.732988
0.000000
0.000000
0.000000
0.000000
0.000000
0.000000
-1.278437
0.915799
0.732033
-1.287345
1.016608
0.638580
0.000000
0.000000
0.000000
0.000000
0.000000
0.000000
-1.267154
0.675573
0.670773
-1.265451
0.645417
0.691660
-0.926466
1.509394
0.812757
-1.104609
1.104575
0.807748
-0.916132
1.486635
0.828408
-1.080644
1.111317
0.805189
0.000000
0.000000
0.000000
0.000000
0.000000
0.000000
-1.566790
1.187422
0.613608
-1.602973
1.168600
0.630422
0.000000
0.000000
0.000000
0.000000
0.000000
0.000000
-1.317177
0.486922
0.912542
-1.354451
0.463002
0.881357
0.000000
0.000000
0.000000
0.000000
0.000000
0.000000
-1.383706
0.466588
0.782634
-1.403702
0.396976
0.852012
0.000000
0.000000
0.000000
0.000000
0.000000
0.000000
0.000000
0.000000
0.000000
-1.308333
0.582490
0.805879
0.000000
0.000000
0.000000
0.000000
0.000000
0.000000
-1.205172
0.822220
0.710477
-1.351267
0.689005
0.627296
0.000000
0.000000
0.000000
0.000000
0.000000
0.000000
-1.336934
0.982579
0.692090
-1.282382
1.155970
0.614821
0.000000
0.000000
0.000000
0.000000
0.000000
0.000000
-1.137180
0.683201
0.759704
-1.212157
0.519397
0.796669
0.000000
0.000000
0.000000
0.000000
0.000000
0.000000
-1.299557
0.866086
0.756194
-1.362736
0.861852
0.756217
0.000000
0.000000
0.000000
0.000000
0.000000
0.000000
-1.277193
0.781640
0.801399
-1.406156
0.878780
0.728134
0.000000
0.000000
0.000000
0.000000
0.000000
0.000000
-1.251449
1.018045
0.559125
-1.267467
1.023546
0.658410
0.000000
0.000000
0.000000
0.000000
0.000000
0.000000
-1.512218
0.789758
0.775162
-1.533981
0.812417
0.776808
0.000000
0.000000
0.000000
0.000000
0.000000
0.000000
-1.158569
0.959411
0.718237
-1.190966
0.984038
0.615699
0.000000
0.000000
0.000000
0.000000
0.000000
0.000000
-1.190412
0.592724
0.816795
-1.270500
0.669718
0.848356
0.000000
0.000000
0.000000
0.000000
0.000000
0.000000
-1.482937
0.724563
0.846260
-1.519519
0.704975
0.806492
0.000000
0.000000
0.000000
0.000000
0.000000
0.000000
0.000000
0.000000
0.000000
-1.278576
0.543750
0.838807
0.000000
0.000000
0.000000
0.000000
0.000000
0.000000
0.000000
0.000000
0.000000
-1.102665
0.667985
0.936624
-0.961391
0.805420
0.694747
-1.022545
0.750529
0.746677
-1.002934
0.620664
0.796229
-1.048241
0.594127
0.796279
0.000000
0.000000
0.000000
0.000000
0.000000
0.000000
-1.294333
0.462273
0.843357
-1.289336
0.532821
0.845021
0.000000
0.000000
0.000000
0.000000
0.000000
0.000000
-1.347842
0.777375
0.632124
-1.381903
0.612279
0.741770
0.000000
0.000000
0.000000
-1.432810
0.676631
0.847262
0.000000
0.000000
0.000000
-1.440522
0.677117
0.847262
0.000000
0.000000
0.000000
0.000000
0.000000
0.000000
-1.322127
0.849414
0.670880
-1.355836
0.923801
0.651670
0.000000
0.000000
0.000000
0.000000
0.000000
0.000000
0.000000
0.000000
0.000000
-1.178861
0.764778
0.724477
0.000000
0.000000
0.000000
0.000000
0.000000
0.000000
-0.894954
1.196315
0.769740
-0.967029
1.122173
0.588245
0.000000
0.000000
0.000000
0.000000
0.000000
0.000000
0.000000
0.000000
0.000000
-1.211322
0.822840
0.603961
0.000000
0.000000
0.000000
0.000000
0.000000
0.000000
-1.501825
0.553316
0.875120
-1.546824
0.596677
0.852619
0.000000
0.000000
0.000000
0.000000
0.000000
0.000000
-1.449494
0.710537
0.785660
-1.472157
0.566433
0.814356
0.000000
0.000000
0.000000
0.000000
0.000000
0.000000
-1.193424
0.776118
0.821480
-1.265938
0.715347
0.757326
0.000000
0.000000
0.000000
0.000000
0.000000
0.000000
-1.160644
1.183090
0.684688
-1.152174
1.074358
0.674474
-1.388120
0.424702
0.846106
-1.472827
0.367530
0.862164
-1.470948
0.433175
0.847969
-1.540754
0.381341
0.862274
0.000000
0.000000
0.000000
0.000000
0.000000
0.000000
0.000000
0.000000
0.000000
-1.095213
0.878592
0.863617
0.000000
0.000000
0.000000
0.000000
0.000000
0.000000
-1.244713
0.981977
0.711240
-1.375571
0.988237
0.621898
0.000000
0.000000
0.000000
0.000000
0.000000
0.000000
0.000000
0.000000
0.000000
-1.028936
1.269348
0.613225
0.000000
0.000000
0.000000
0.000000
0.000000
0.000000
-1.217741
0.513970
0.684027
-1.255510
0.608066
0.877119
0.000000
0.000000
0.000000
0.000000
0.000000
0.000000
-1.369791
0.768490
0.774296
-1.396541
0.799955
0.756338
0.000000
0.000000
0.000000
0.000000
0.000000
0.000000
-1.195207
0.674540
0.617146
-1.417381
0.645873
0.835285
0.000000
0.000000
0.000000
0.000000
0.000000
0.000000
-1.402367
1.100632
0.669801
-1.417617
1.231034
0.581639
0.000000
0.000000
0.000000
0.000000
0.000000
0.000000
-1.232701
0.560345
0.915689
-1.369274
0.413519
0.896310
0.000000
0.000000
0.000000
0.000000
0.000000
0.000000
-1.390096
0.522579
0.884380
-1.394949
0.613504
0.852775
0.000000
0.000000
0.000000
0.000000
0.000000
0.000000
-1.346928
0.546916
0.859088
-1.373792
0.559645
0.831846
0.000000
0.000000
0.000000
0.000000
0.000000
0.000000
0.000000
0.000000
0.000000
-1.152890
0.658857
0.662489
0.000000
0.000000
0.000000
0.000000
0.000000
0.000000
-1.152271
0.524655
0.669862
-1.208793
0.504520
0.869619
-1.386800
0.541801
0.723171
-1.470006
0.447217
0.939200
-1.356862
0.556944
0.718050
-1.407501
0.557511
0.882059
0.000000
0.000000
0.000000
0.000000
0.000000
0.000000
0.000000
0.000000
0.000000
-1.293089
0.702141
0.791006
0.000000
0.000000
0.000000
0.000000
0.000000
0.000000
-1.354584
0.672577
0.703173
-1.466883
0.651221
0.921716
0.000000
0.000000
0.000000
0.000000
0.000000
0.000000
0.000000
0.000000
0.000000
-1.374933
0.641163
0.634003
0.000000
0.000000
0.000000
0.000000
0.000000
0.000000
-1.588205
0.514729
0.892094
-1.629705
0.474660
0.882783
0.000000
0.000000
0.000000
-0.627755
1.207496
0.695248
0.000000
0.000000
0.000000
-0.764653
1.046529
0.746771
-1.292980
0.557629
0.770447
-1.243140
0.583911
0.734065
-1.426958
0.466160
0.766423
-1.433303
0.425039
0.814810
0.000000
0.000000
0.000000
0.000000
0.000000
0.000000
-1.128513
0.971874
0.611114
-1.206358
0.913311
0.669673
0.000000
0.000000
0.000000
0.000000
0.000000
0.000000
-1.199420
0.745618
0.731539
-1.144380
1.072721
0.638125
0.000000
0.000000
0.000000
0.000000
0.000000
0.000000
-1.388016
0.559287
0.817735
-1.421618
0.504354
0.848870
0.000000
0.000000
0.000000
0.000000
0.000000
0.000000
-1.146236
0.789911
0.694928
-1.213717
0.652967
0.772847
0.000000
0.000000
0.000000
0.000000
0.000000
0.000000
0.000000
0.000000
0.000000
-1.003675
1.198093
0.781000
0.000000
0.000000
0.000000
0.000000
0.000000
0.000000
0.000000
0.000000
0.000000
-1.041587
0.585406
0.778617
0.000000
0.000000
0.000000
0.000000
0.000000
0.000000
-1.411405
0.533154
0.832489
-1.405744
0.564147
0.827742
0.000000
0.000000
0.000000
0.000000
0.000000
0.000000
-1.277307
0.457765
0.682633
-1.243383
0.559670
0.980212
0.000000
0.000000
0.000000
0.000000
0.000000
0.000000
-1.380749
0.655782
0.816692
-1.401807
0.694264
0.811375
0.000000
0.000000
0.000000
0.000000
0.000000
0.000000
-1.489582
0.837795
0.767141
-1.514031
0.827712
0.767793
-1.203106
0.728237
0.720573
-1.194678
0.663664
0.814448
-1.148083
0.732512
0.719944
-1.122553
0.684804
0.795300
0.000000
0.000000
0.000000
0.000000
0.000000
0.000000
-1.192910
1.068562
0.643525
-1.264366
0.980908
0.612902
0.000000
0.000000
0.000000
0.000000
0.000000
0.000000
-1.205924
0.479246
0.848536
-1.290600
0.501723
0.900499
0.000000
0.000000
0.000000
0.000000
0.000000
0.000000
0.000000
0.000000
0.000000
-1.292923
0.619875
0.730780
0.000000
0.000000
0.000000
0.000000
0.000000
0.000000
-1.393078
1.190869
0.594171
-1.419693
1.144212
0.579795
0.000000
0.000000
0.000000
0.000000
0.000000
0.000000
-1.258626
1.222580
0.525794
-1.286986
1.124349
0.606014
0.000000
0.000000
0.000000
0.000000
0.000000
0.000000
-1.368543
0.640771
0.771657
-1.345085
0.607877
0.928769
0.000000
0.000000
0.000000
0.000000
0.000000
0.000000
-1.348206
0.570893
0.919767
-1.316851
0.756680
0.846119
0.000000
0.000000
0.000000
0.000000
0.000000
0.000000
0.000000
0.000000
0.000000
-1.189950
1.017378
0.693411
0.000000
0.000000
0.000000
0.000000
0.000000
0.000000
-1.118960
1.089596
0.731765
-1.154470
0.993936
0.717286
0.000000
0.000000
0.000000
0.000000
0.000000
0.000000
-1.472940
1.314321
0.551776
-1.481363
1.234313
0.572796
0.000000
0.000000
0.000000
0.000000
0.000000
0.000000
-1.162310
1.179371
0.580670
-1.207368
1.176647
0.456466
0.000000
0.000000
0.000000
0.000000
0.000000
0.000000
-1.371834
0.667819
0.857986
-1.413838
0.644254
0.821776
0.000000
0.000000
0.000000
0.000000
0.000000
0.000000
-1.329107
0.576568
0.818542
-1.357552
0.669369
0.847683
0.000000
0.000000
0.000000
0.000000
0.000000
0.000000
-1.340787
0.550710
0.820746
-1.338041
0.552889
0.839069
0.000000
0.000000
0.000000
0.000000
0.000000
0.000000
-1.243049
0.731613
0.634899
-1.369478
0.677447
0.831193
0.000000
0.000000
0.000000
0.000000
0.000000
0.000000
-1.058007
0.666569
0.723626
-1.041844
0.651224
0.861384
0.000000
0.000000
0.000000
0.000000
0.000000
0.000000
-1.300433
1.109936
0.959125
-1.336738
0.796660
0.812265
0.000000
0.000000
0.000000
0.000000
0.000000
0.000000
-1.308036
0.859457
0.617160
-1.279904
0.870910
0.576610
0.000000
0.000000
0.000000
0.000000
0.000000
0.000000
-1.644894
0.641640
0.837040
-1.661884
0.644287
0.833519
0.000000
0.000000
0.000000
0.000000
0.000000
0.000000
-1.274154
0.616505
0.778199
-1.312966
0.656660
0.814544
0.000000
0.000000
0.000000
0.000000
0.000000
0.000000
-1.453230
0.957576
0.724854
-1.483837
0.996582
0.715634
0.000000
0.000000
0.000000
0.000000
0.000000
0.000000
0.000000
0.000000
0.000000
-1.316166
0.564460
0.576613
0.000000
0.000000
0.000000
0.000000
0.000000
0.000000
-1.277117
0.724397
0.693377
-1.213914
0.918384
0.657880
0.000000
0.000000
0.000000
0.000000
0.000000
0.000000
-1.336936
0.413780
0.854345
-1.387350
0.460091
0.886680
-1.641412
0.492564
0.892136
-1.719724
0.425343
0.873952
-1.601469
0.495826
0.892072
-1.686206
0.422209
0.873943
0.000000
0.000000
0.000000
0.000000
0.000000
0.000000
0.000000
0.000000
0.000000
-1.121448
1.001794
0.736834
-1.263285
0.534680
0.969873
-1.328927
0.491609
0.902164
-1.186200
0.529612
0.953130
-1.287205
0.490272
0.907699
0.000000
0.000000
0.000000
0.000000
0.000000
0.000000
-1.213164
0.919442
0.753829
-1.225298
0.934819
0.728367
0.000000
0.000000
0.000000
0.000000
0.000000
0.000000
0.000000
0.000000
0.000000
-1.100929
0.669792
0.780014
0.000000
0.000000
0.000000
0.000000
0.000000
0.000000
-0.877621
1.834658
0.748416
-0.957832
1.274711
0.595704
0.000000
0.000000
0.000000
0.000000
0.000000
0.000000
-1.106302
0.843711
0.639164
-1.055295
0.952949
0.485043
0.000000
0.000000
0.000000
0.000000
0.000000
0.000000
0.000000
0.000000
0.000000
-1.014278
1.329331
0.567748
0.000000
0.000000
0.000000
0.000000
0.000000
0.000000
-0.870964
0.911600
0.706524
-1.102187
0.856316
0.975020
0.000000
0.000000
0.000000
0.000000
0.000000
0.000000
-1.336160
0.974233
0.650431
-1.372832
0.869523
0.705845
0.000000
0.000000
0.000000
0.000000
0.000000
0.000000
-1.456755
0.821785
0.764055
-1.471883
0.869626
0.747283
0.000000
0.000000
0.000000
0.000000
0.000000
0.000000
-1.352124
0.899216
0.744212
-1.416710
0.864405
0.759785
0.000000
0.000000
0.000000
0.000000
0.000000
0.000000
-1.421608
0.944861
0.738063
-1.480298
0.908202
0.730155
0.000000
0.000000
0.000000
0.000000
0.000000
0.000000
0.000000
0.000000
0.000000
-1.295646
0.955146
0.709753
0.000000
0.000000
0.000000
0.000000
0.000000
0.000000
-1.478059
0.702960
0.854494
-1.343489
1.046695
0.802824
0.000000
0.000000
0.000000
0.000000
0.000000
0.000000
-1.281275
0.576657
0.831991
-1.349760
0.538291
0.845370
0.000000
0.000000
0.000000
0.000000
0.000000
0.000000
-1.227845
0.939038
0.629434
-1.268435
0.978530
0.661051
0.000000
0.000000
0.000000
0.000000
0.000000
0.000000
0.000000
0.000000
0.000000
-1.269619
0.885959
0.771408
0.000000
0.000000
0.000000
0.000000
0.000000
0.000000
-1.453252
0.696326
0.811235
-1.455372
0.733936
0.801936
0.000000
0.000000
0.000000
0.000000
0.000000
0.000000
-1.372280
0.802393
0.697223
-1.402690
0.822129
0.711244
0.000000
0.000000
0.000000
0.000000
0.000000
0.000000
-1.406869
0.770106
0.726898
-1.415897
0.788568
0.755817
0.000000
0.000000
0.000000
0.000000
0.000000
0.000000
-1.338941
0.605257
0.565025
-1.217103
0.758890
1.031389
0.000000
0.000000
0.000000
0.000000
0.000000
0.000000
-1.414884
0.901794
0.762619
-1.472499
0.879073
0.763941
0.000000
0.000000
0.000000
0.000000
0.000000
0.000000
-1.195338
0.736637
0.844581
-1.243211
0.710939
0.817996
0.000000
0.000000
0.000000
0.000000
0.000000
0.000000
-1.296813
1.097518
0.721705
-1.256637
1.128671
0.604379
0.000000
0.000000
0.000000
0.000000
0.000000
0.000000
-1.128428
1.197088
0.683068
-1.191834
1.251108
0.616036
0.000000
0.000000
0.000000
0.000000
0.000000
0.000000
-1.441410
0.768632
0.801028
-1.466251
0.765483
0.794007
0.000000
0.000000
0.000000
0.000000
0.000000
0.000000
-1.599526
0.930878
0.743875
-1.622650
0.932317
0.744355
0.000000
0.000000
0.000000
0.000000
0.000000
0.000000
-1.101048
0.891537
0.838614
-1.130494
0.775488
0.786627
-1.597382
0.816964
0.799871
-1.588641
0.859385
0.770868
-1.447228
1.082978
0.691990
-1.465132
1.032402
0.675726
0.000000
0.000000
0.000000
0.000000
0.000000
0.000000
-1.272238
0.485643
0.772615
-1.352478
0.426222
0.897460
0.000000
0.000000
0.000000
0.000000
0.000000
0.000000
-1.483670
0.959596
0.726374
-1.508653
0.963684
0.722975
0.000000
0.000000
0.000000
0.000000
0.000000
0.000000
-1.164774
0.960492
0.658763
-1.244293
1.131864
0.644863
-0.952991
0.932799
0.735058
-1.034601
0.937097
0.714120
-0.941889
0.925605
0.737844
-1.014961
0.934038
0.715806
0.000000
0.000000
0.000000
0.000000
0.000000
0.000000
-1.086804
0.817584
0.751523
-1.088526
0.950056
0.747046
0.000000
0.000000
0.000000
0.000000
0.000000
0.000000
0.000000
0.000000
0.000000
-1.291779
0.467311
0.725350
0.000000
0.000000
0.000000
0.000000
0.000000
0.000000
-1.286105
0.479309
0.900070
-1.362422
0.426222
0.847803
-1.284444
0.493927
0.751474
-1.349820
0.401394
0.843315
-1.335950
0.504010
0.751474
-1.373692
0.413482
0.835008
0.000000
0.000000
0.000000
0.000000
0.000000
0.000000
-1.057177
0.973902
0.667185
-1.117029
1.084241
0.713251
0.000000
0.000000
0.000000
0.000000
0.000000
0.000000
-1.680711
0.586990
0.841464
-1.708768
0.570442
0.852342
0.000000
0.000000
0.000000
0.000000
0.000000
0.000000
-1.434865
0.536882
0.871067
-1.436886
0.475793
0.940379
0.000000
0.000000
0.000000
0.000000
0.000000
0.000000
0.000000
0.000000
0.000000
-1.251240
0.846593
0.657475
-1.089763
0.534056
0.709833
-0.950378
0.613265
0.722776
-1.049659
0.542904
0.709833
-0.882485
0.565467
0.745166
0.000000
0.000000
0.000000
0.000000
0.000000
0.000000
0.000000
0.000000
0.000000
-1.295266
0.429039
0.740776
0.000000
0.000000
0.000000
0.000000
0.000000
0.000000
-1.365849
0.683434
0.797680
-1.361953
0.708504
0.800072
0.000000
0.000000
0.000000
0.000000
0.000000
0.000000
-1.151170
1.086814
0.679586
-1.261618
0.860032
0.664762
0.000000
0.000000
0.000000
0.000000
0.000000
0.000000
0.000000
0.000000
0.000000
-1.124050
1.141579
0.674662
0.000000
0.000000
0.000000
0.000000
0.000000
0.000000
-1.227985
0.763480
0.674223
-1.267028
0.959637
0.671010
0.000000
0.000000
0.000000
0.000000
0.000000
0.000000
-1.401909
0.555930
0.852526
-1.475284
0.470301
0.843404
0.000000
0.000000
0.000000
0.000000
0.000000
0.000000
0.000000
0.000000
0.000000
-1.054673
0.773615
0.769019
0.000000
0.000000
0.000000
0.000000
0.000000
0.000000
0.000000
0.000000
0.000000
-1.328828
0.635543
0.826498
0.000000
0.000000
0.000000
0.000000
0.000000
0.000000
-1.145873
1.042213
0.604155
-1.227132
1.037787
0.615013
0.000000
0.000000
0.000000
0.000000
0.000000
0.000000
-1.308692
0.784581
0.782071
-1.310971
0.909986
0.724892
0.000000
0.000000
0.000000
0.000000
0.000000
0.000000
-1.395258
0.559603
0.801788
-1.463669
0.596646
0.832986
0.000000
0.000000
0.000000
0.000000
0.000000
0.000000
-1.457142
0.570663
0.785639
-1.504716
0.534482
0.809096
0.000000
0.000000
0.000000
0.000000
0.000000
0.000000
-1.381959
0.748085
0.749419
-1.347707
0.808433
0.747703
0.000000
0.000000
0.000000
0.000000
0.000000
0.000000
-1.476649
0.502969
0.781592
-1.627291
0.443442
0.844021
-1.322325
0.590620
0.662086
-1.051664
1.141532
0.855630
-1.312714
0.591907
0.662086
-1.045486
1.124510
0.855630
0.000000
0.000000
0.000000
0.000000
0.000000
0.000000
0.000000
0.000000
0.000000
-1.293952
0.443575
0.835408
0.000000
0.000000
0.000000
0.000000
0.000000
0.000000
0.000000
0.000000
0.000000
-1.367934
0.426352
0.685340
0.000000
0.000000
0.000000
0.000000
0.000000
0.000000
0.000000
0.000000
0.000000
-1.285325
0.504115
0.655824
-1.382163
0.727091
0.788886
-1.365604
0.746767
0.781113
-1.310649
0.787978
0.768139
-1.286649
0.812304
0.750349
0.000000
0.000000
0.000000
0.000000
0.000000
0.000000
-1.495388
1.366345
0.439073
-1.532336
1.355047
0.467729
0.000000
0.000000
0.000000
0.000000
0.000000
0.000000
-1.207062
1.007304
0.736504
-1.328124
0.700747
0.789432
0.000000
0.000000
0.000000
0.000000
0.000000
0.000000
0.000000
0.000000
0.000000
-0.904765
1.388428
0.668423
0.000000
0.000000
0.000000
0.000000
0.000000
0.000000
0.000000
0.000000
0.000000
-1.179997
0.632648
0.742167
0.000000
0.000000
0.000000
0.000000
0.000000
0.000000
0.000000
0.000000
0.000000
-1.045412
0.871821
0.744739
0.000000
0.000000
0.000000
0.000000
0.000000
0.000000
0.000000
0.000000
0.000000
-1.430271
0.743173
0.660351
0.000000
0.000000
0.000000
0.000000
0.000000
0.000000
-1.034446
0.612394
0.852618
-1.139531
0.504442
0.800618
0.000000
0.000000
0.000000
0.000000
0.000000
0.000000
-1.301929
0.636597
0.806683
-1.412621
0.484191
0.737357
0.000000
0.000000
0.000000
0.000000
0.000000
0.000000
0.000000
0.000000
0.000000
-1.538375
0.414947
0.663591
0.000000
0.000000
0.000000
0.000000
0.000000
0.000000
-1.523308
0.331550
0.889147
-1.543266
0.336925
0.890990
0.000000
0.000000
0.000000
0.000000
0.000000
0.000000
0.000000
0.000000
0.000000
-1.009272
0.665260
0.818565
0.000000
0.000000
0.000000
0.000000
0.000000
0.000000
-1.207008
0.680163
0.800320
-1.243193
0.735854
0.770571
-1.182866
0.982112
0.683626
-1.259279
0.944927
0.747597
-1.203091
0.906350
0.700947
-1.235587
1.010808
0.732391
-0.908626
0.781118
0.714876
-0.838508
0.890623
0.694911
-0.889620
0.840963
0.692390
-0.868526
0.830422
0.688299
0.000000
0.000000
0.000000
0.000000
0.000000
0.000000
-1.200045
1.068016
0.769330
-1.257636
0.919951
0.702413
0.000000
0.000000
0.000000
0.000000
0.000000
0.000000
-1.459785
0.952079
0.773722
-1.524139
0.888613
0.751902
0.000000
0.000000
0.000000
0.000000
0.000000
0.000000
-1.280432
1.119608
0.600001
-1.311273
1.107168
0.598535
0.000000
0.000000
0.000000
0.000000
0.000000
0.000000
-1.349199
0.432804
0.883971
-1.425394
0.455943
0.857145
0.000000
0.000000
0.000000
0.000000
0.000000
0.000000
-1.604760
0.587165
0.796806
-1.653091
0.627998
0.846371
-1.276523
0.579373
0.828561
-1.300108
0.590414
0.823428
-1.218015
0.594290
0.814903
-1.222674
0.617191
0.810618
0.000000
0.000000
0.000000
0.000000
0.000000
0.000000
-1.223219
1.051159
0.847887
-1.304213
1.012998
0.746679
0.000000
0.000000
0.000000
0.000000
0.000000
0.000000
-1.045332
0.886932
0.589381
-0.986840
1.399212
0.505623
0.000000
0.000000
0.000000
0.000000
0.000000
0.000000
-1.446433
0.364201
0.909262
-1.523375
0.303762
0.896691
0.000000
0.000000
0.000000
0.000000
0.000000
0.000000
-1.459057
0.524916
0.982875
-1.402606
0.697499
0.871537
0.000000
0.000000
0.000000
0.000000
0.000000
0.000000
-1.287679
0.482865
0.808143
-1.278488
0.541779
0.822246
0.000000
0.000000
0.000000
0.000000
0.000000
0.000000
-1.402369
0.839440
0.714518
-1.407778
0.923126
0.695994
0.000000
0.000000
0.000000
0.000000
0.000000
0.000000
-1.297513
0.714001
0.641659
-1.304319
0.807648
0.688541
0.000000
0.000000
0.000000
0.000000
0.000000
0.000000
-1.354669
1.093802
0.663651
-1.392997
1.045383
0.662521
0.000000
0.000000
0.000000
0.000000
0.000000
0.000000
0.000000
0.000000
0.000000
-1.135222
1.086627
0.720596
0.000000
0.000000
0.000000
0.000000
0.000000
0.000000
-1.055233
0.730658
0.842041
-1.184278
0.629638
0.863325
0.000000
0.000000
0.000000
0.000000
0.000000
0.000000
-1.343041
0.812995
0.739626
-1.369863
0.779045
0.769140
0.000000
0.000000
0.000000
0.000000
0.000000
0.000000
-1.307512
0.557779
0.813820
-1.310811
0.545575
0.839184
0.000000
0.000000
0.000000
0.000000
0.000000
0.000000
-0.986471
1.636978
0.669053
-1.125060
1.093992
0.606675
-1.453625
0.919425
0.674323
-1.491639
0.864265
0.740774
-1.465833
0.824722
0.704351
-1.480691
0.784848
0.762969
0.000000
0.000000
0.000000
0.000000
0.000000
0.000000
-1.372231
0.831433
0.819179
-1.317427
1.033500
0.740223
0.000000
0.000000
0.000000
0.000000
0.000000
0.000000
-1.332692
0.945978
0.584732
-1.364477
1.144244
0.462786
0.000000
0.000000
0.000000
0.000000
0.000000
0.000000
-1.079052
1.050826
0.732338
-1.158683
0.938630
0.767260
0.000000
0.000000
0.000000
0.000000
0.000000
0.000000
0.000000
0.000000
0.000000
-1.180544
0.845340
0.749671
0.000000
0.000000
0.000000
0.000000
0.000000
0.000000
0.000000
0.000000
0.000000
-1.157725
0.640788
0.623678
0.000000
0.000000
0.000000
0.000000
0.000000
0.000000
-1.419562
0.805807
0.722337
-1.506667
0.678811
0.840262
0.000000
0.000000
0.000000
0.000000
0.000000
0.000000
-1.229044
1.341692
0.737896
-1.339565
1.137444
0.676282
0.000000
0.000000
0.000000
0.000000
0.000000
0.000000
-1.270036
0.840913
0.842229
-1.464855
0.724235
0.724637
0.000000
0.000000
0.000000
0.000000
0.000000
0.000000
-1.371996
0.653489
0.710238
-1.439892
0.514685
0.914074
0.000000
0.000000
0.000000
0.000000
0.000000
0.000000
-1.279443
0.337518
0.888606
-1.345996
0.356136
0.879142
0.000000
0.000000
0.000000
0.000000
0.000000
0.000000
-1.425123
0.537959
0.946294
-1.465917
0.657538
0.832558
0.000000
0.000000
0.000000
0.000000
0.000000
0.000000
-0.914933
1.609268
0.590743
-1.157407
1.051886
0.542127
0.000000
0.000000
0.000000
0.000000
0.000000
0.000000
-1.117746
0.886641
0.557012
-1.107765
1.016332
0.583435
0.000000
0.000000
0.000000
0.000000
0.000000
0.000000
-1.394204
0.829436
0.826496
-1.447882
0.806000
0.828044
0.000000
0.000000
0.000000
0.000000
0.000000
0.000000
-1.479778
0.638328
0.886582
-1.451527
0.563591
0.810332
0.000000
0.000000
0.000000
0.000000
0.000000
0.000000
-1.417134
0.435573
0.724879
-1.341151
0.681587
0.839692
0.000000
0.000000
0.000000
0.000000
0.000000
0.000000
-1.248039
0.555072
0.721744
-1.234890
0.478022
0.895215
0.000000
0.000000
0.000000
0.000000
0.000000
0.000000
-1.443219
0.745102
0.746796
-1.395608
1.019149
0.756866
0.000000
0.000000
0.000000
0.000000
0.000000
0.000000
0.000000
0.000000
0.000000
-1.234511
0.655114
0.723428
0.000000
0.000000
0.000000
0.000000
0.000000
0.000000
-1.286614
0.608757
0.647360
-1.153293
0.867006
0.709646
0.000000
0.000000
0.000000
0.000000
0.000000
0.000000
-1.458534
0.507813
0.715593
-1.386171
0.510949
0.935814
0.000000
0.000000
0.000000
0.000000
0.000000
0.000000
-1.323592
0.790345
0.816181
-1.424777
0.624097
0.802314
0.000000
0.000000
0.000000
0.000000
0.000000
0.000000
-1.249812
0.550475
0.870378
-1.230406
0.534506
0.854975
0.000000
0.000000
0.000000
0.000000
0.000000
0.000000
-0.939859
1.186171
0.606769
-0.905079
1.205408
0.479787
0.000000
0.000000
0.000000
0.000000
0.000000
0.000000
-1.023105
0.572338
0.841271
-1.069032
0.685318
0.779968
0.000000
0.000000
0.000000
0.000000
0.000000
0.000000
0.000000
0.000000
0.000000
-1.113082
0.568314
0.815034
0.000000
0.000000
0.000000
0.000000
0.000000
0.000000
-1.298672
0.678158
0.863486
-1.258402
0.720594
0.840557
0.000000
0.000000
0.000000
0.000000
0.000000
0.000000
-1.508060
0.532143
0.839126
-1.536897
0.518714
0.881299
-1.372864
0.642501
0.723491
-1.366395
0.724960
0.849099
-1.371400
0.646701
0.723491
-1.365416
0.723911
0.849099
0.000000
0.000000
0.000000
0.000000
0.000000
0.000000
-1.185571
0.458517
0.783808
-1.083961
0.620966
0.729305
0.000000
0.000000
0.000000
0.000000
0.000000
0.000000
-1.389822
0.902067
0.690387
-1.424828
0.945522
0.727243
0.000000
0.000000
0.000000
0.000000
0.000000
0.000000
0.000000
0.000000
0.000000
-1.232930
0.816253
0.702361
0.000000
0.000000
0.000000
0.000000
0.000000
0.000000
0.000000
0.000000
0.000000
-1.231188
0.843918
0.845081
0.000000
0.000000
0.000000
0.000000
0.000000
0.000000
-1.316552
1.074680
0.567429
-1.314425
1.138981
0.544060
0.000000
0.000000
0.000000
0.000000
0.000000
0.000000
-1.288271
0.955542
0.670682
-1.329465
0.961651
0.671086
0.000000
0.000000
0.000000
0.000000
0.000000
0.000000
-1.258632
0.962914
0.825335
-1.331396
0.765863
0.831290
0.000000
0.000000
0.000000
0.000000
0.000000
0.000000
0.000000
0.000000
0.000000
-1.171845
0.518433
0.736313
0.000000
0.000000
0.000000
0.000000
0.000000
0.000000
-1.107349
0.887843
0.813149
-1.114220
0.776999
0.779422
0.000000
0.000000
0.000000
-1.108481
0.771812
0.603691
0.000000
0.000000
0.000000
-1.099994
0.774268
0.603691
-1.160382
0.627754
0.816849
-1.184321
0.530778
0.827408
-1.152345
0.630657
0.816849
-1.193076
0.531162
0.825034
0.000000
0.000000
0.000000
0.000000
0.000000
0.000000
-1.183795
0.936302
0.581140
-1.222606
1.017585
0.603253
0.000000
0.000000
0.000000
0.000000
0.000000
0.000000
-1.092490
0.769881
0.756663
-1.174506
0.771661
0.782673
-1.259764
0.818519
0.739645
-1.283450
0.811726
0.740065
-1.157231
0.853057
0.688388
-1.136501
0.911739
0.674917
0.000000
0.000000
0.000000
0.000000
0.000000
0.000000
-1.272697
0.874293
0.713592
-1.254181
0.955790
0.731937
0.000000
0.000000
0.000000
0.000000
0.000000
0.000000
-1.295585
0.644155
0.701818
-1.375723
1.190127
0.967149
0.000000
0.000000
0.000000
0.000000
0.000000
0.000000
-1.112688
0.721745
0.633183
-1.013184
1.119994
0.739608
0.000000
0.000000
0.000000
0.000000
0.000000
0.000000
-1.432516
1.312529
0.986171
-1.460774
1.059382
0.856024
0.000000
0.000000
0.000000
0.000000
0.000000
0.000000
-1.286758
0.846662
0.722629
-1.275168
0.993442
0.761690
0.000000
0.000000
0.000000
0.000000
0.000000
0.000000
-1.547450
1.013597
0.823069
-1.598264
1.015852
0.760116
0.000000
0.000000
0.000000
0.000000
0.000000
0.000000
-1.221502
0.743080
0.753537
-1.256880
0.649907
0.737759
0.000000
0.000000
0.000000
0.000000
0.000000
0.000000
-1.352702
0.657142
0.619403
-1.309502
0.850688
0.754639
0.000000
0.000000
0.000000
0.000000
0.000000
0.000000
-1.405631
0.401867
0.999681
-1.374404
0.357197
0.906676
0.000000
0.000000
0.000000
0.000000
0.000000
0.000000
0.000000
0.000000
0.000000
-1.238781
0.815980
0.829604
0.000000
0.000000
0.000000
0.000000
0.000000
0.000000
-1.408332
0.325524
0.895992
-1.482954
0.356148
0.899177
0.000000
0.000000
0.000000
0.000000
0.000000
0.000000
-1.186254
1.243133
0.539870
-1.309352
1.073955
0.565869
0.000000
0.000000
0.000000
0.000000
0.000000
0.000000
0.000000
0.000000
0.000000
-1.032085
1.012467
0.774930
0.000000
0.000000
0.000000
0.000000
0.000000
0.000000
0.000000
0.000000
0.000000
-1.440623
0.597961
0.611637
0.000000
0.000000
0.000000
0.000000
0.000000
0.000000
0.000000
0.000000
0.000000
-1.176219
0.467200
0.743560
0.000000
0.000000
0.000000
0.000000
0.000000
0.000000
-1.282379
0.625712
0.764209
-1.344017
0.775721
0.837687
0.000000
0.000000
0.000000
0.000000
0.000000
0.000000
-1.539924
0.437877
0.867334
-1.582388
0.392420
0.856977
0.000000
0.000000
0.000000
0.000000
0.000000
0.000000
-1.080859
1.048809
0.605800
-1.108704
1.045063
0.564363
0.000000
0.000000
0.000000
0.000000
0.000000
0.000000
-1.389529
1.229919
0.554577
-1.441070
1.059493
0.738687
0.000000
0.000000
0.000000
0.000000
0.000000
0.000000
-0.992896
0.996396
0.799228
-1.230320
0.655255
0.745460
0.000000
0.000000
0.000000
0.000000
0.000000
0.000000
-1.408013
0.792954
0.753961
-1.437372
0.850098
0.754919
0.000000
0.000000
0.000000
0.000000
0.000000
0.000000
-1.379428
0.735846
0.583401
-1.378035
0.761716
0.759306
0.000000
0.000000
0.000000
0.000000
0.000000
0.000000
-1.286798
0.986322
0.673709
-1.353591
0.830351
0.720569
0.000000
0.000000
0.000000
0.000000
0.000000
0.000000
-1.295568
0.752735
0.661195
-1.278949
0.705722
0.674460
0.000000
0.000000
0.000000
0.000000
0.000000
0.000000
-1.284181
0.757850
0.709202
-1.274881
0.890321
0.738075
0.000000
0.000000
0.000000
0.000000
0.000000
0.000000
-1.509665
1.088222
0.645756
-1.538310
1.015212
0.696257
-1.081163
0.903974
0.616769
-1.085159
0.940066
0.622366
-1.048966
0.885173
0.634925
-1.045690
0.926931
0.636094
0.000000
0.000000
0.000000
0.000000
0.000000
0.000000
-0.902482
1.095306
0.894056
-0.891807
1.076684
0.828341
0.000000
0.000000
0.000000
0.000000
0.000000
0.000000
-1.349048
0.625748
0.837566
-1.331513
0.750805
0.816664
0.000000
0.000000
0.000000
0.000000
0.000000
0.000000
-1.538282
0.402810
0.880390
-1.588391
0.357135
0.881294
0.000000
0.000000
0.000000
0.000000
0.000000
0.000000
-1.262460
0.672297
0.703804
-1.451242
0.494198
0.766658
0.000000
0.000000
0.000000
0.000000
0.000000
0.000000
-1.311272
0.739625
0.800759
-1.326586
0.660250
0.793875
0.000000
0.000000
0.000000
0.000000
0.000000
0.000000
-1.218125
0.722210
0.593583
-1.250855
0.690362
0.858730
0.000000
0.000000
0.000000
0.000000
0.000000
0.000000
-1.264523
0.847992
0.784226
-1.322548
0.915536
0.742454
0.000000
0.000000
0.000000
0.000000
0.000000
0.000000
-1.333145
0.700712
0.774674
-1.406232
0.680986
0.773677
0.000000
0.000000
0.000000
0.000000
0.000000
0.000000
-1.506179
0.947405
0.720965
-1.532424
0.950436
0.724202
0.000000
0.000000
0.000000
0.000000
0.000000
0.000000
-1.266561
0.735688
0.600545
-1.218254
1.141044
0.724907
-1.159852
0.946504
0.670453
-1.081451
1.072669
0.548190
-1.141835
0.957276
0.670453
-1.093030
1.045698
0.546522
0.000000
0.000000
0.000000
0.000000
0.000000
0.000000
-1.187285
1.188698
0.670398
-1.335653
1.198437
0.676835
0.000000
0.000000
0.000000
0.000000
0.000000
0.000000
0.000000
0.000000
0.000000
-1.236866
0.771020
0.770657
0.000000
0.000000
0.000000
0.000000
0.000000
0.000000
0.000000
0.000000
0.000000
-1.233008
0.506239
0.723810
0.000000
0.000000
0.000000
0.000000
0.000000
0.000000
0.000000
0.000000
0.000000
-1.257036
0.581594
0.840674
0.000000
0.000000
0.000000
0.000000
0.000000
0.000000
-1.273009
1.233093
0.596411
-1.356805
1.133096
0.646403
0.000000
0.000000
0.000000
0.000000
0.000000
0.000000
0.000000
0.000000
0.000000
-1.131630
0.990083
0.611039
0.000000
0.000000
0.000000
0.000000
0.000000
0.000000
0.000000
0.000000
0.000000
-1.325004
0.653929
0.712751
0.000000
0.000000
0.000000
0.000000
0.000000
0.000000
-1.050167
0.606460
0.854296
-1.058998
0.609875
0.802104
0.000000
0.000000
0.000000
0.000000
0.000000
0.000000
0.000000
0.000000
0.000000
-1.416447
0.590901
0.727295
0.000000
0.000000
0.000000
0.000000
0.000000
0.000000
-1.680863
0.391109
0.891048
-1.704150
0.399394
0.888226
0.000000
0.000000
0.000000
0.000000
0.000000
0.000000
-1.283962
0.687019
0.764030
-1.286879
0.626817
0.806941
0.000000
0.000000
0.000000
0.000000
0.000000
0.000000
-1.243881
0.974612
0.655646
-1.270245
0.991841
0.629628
0.000000
0.000000
0.000000
0.000000
0.000000
0.000000
-1.090169
0.842282
0.779773
-1.069496
0.713955
0.741151
0.000000
0.000000
0.000000
0.000000
0.000000
0.000000
-1.679265
0.300262
0.919390
-1.604302
0.352689
0.900847
0.000000
0.000000
0.000000
0.000000
0.000000
0.000000
-1.118780
0.807328
0.700124
-1.114681
0.991405
0.702770
0.000000
0.000000
0.000000
0.000000
0.000000
0.000000
-1.310095
0.589464
0.870926
-1.427335
0.560611
0.858790
0.000000
0.000000
0.000000
0.000000
0.000000
0.000000
-1.107362
0.701990
0.775022
-1.174000
0.686669
0.761387
-1.063820
0.737001
0.757407
-1.016332
0.867208
0.686665
-1.128341
1.030735
0.698370
-1.112779
0.818030
0.671628
0.000000
0.000000
0.000000
0.000000
0.000000
0.000000
-1.381863
0.644894
0.799684
-1.411541
0.656207
0.803258
0.000000
0.000000
0.000000
0.000000
0.000000
0.000000
-1.423344
0.644587
0.825451
-1.416341
0.678450
0.811745
0.000000
0.000000
0.000000
0.000000
0.000000
0.000000
0.000000
0.000000
0.000000
-1.215010
1.002802
0.646583
0.000000
0.000000
0.000000
-1.102556
1.356180
0.699889
0.000000
0.000000
0.000000
-1.028430
1.407744
0.699889
0.000000
0.000000
0.000000
0.000000
0.000000
0.000000
-1.087100
1.098168
0.665533
-1.184124
0.908512
0.671947
0.000000
0.000000
0.000000
0.000000
0.000000
0.000000
-1.310307
1.328809
0.599040
-1.420739
1.308258
0.532778
0.000000
0.000000
0.000000
0.000000
0.000000
0.000000
-0.962640
0.954866
0.689922
-1.017174
1.159331
0.572407
-1.468774
0.451971
0.683428
-1.464957
0.374659
0.883227
-1.497041
0.458522
0.683428
-1.502780
0.380511
0.883227
0.000000
0.000000
0.000000
0.000000
0.000000
0.000000
-1.490050
0.300778
0.904419
-1.588586
0.269886
0.901357
0.000000
0.000000
0.000000
0.000000
0.000000
0.000000
-1.222338
1.325540
0.859499
-1.361938
0.942576
0.742642
0.000000
0.000000
0.000000
0.000000
0.000000
0.000000
-1.099654
1.261931
0.538004
-1.089422
1.345583
0.455417
0.000000
0.000000
0.000000
0.000000
0.000000
0.000000
-1.326911
0.591198
0.774770
-1.589213
0.485725
0.799503
0.000000
0.000000
0.000000
0.000000
0.000000
0.000000
-1.243214
0.788820
0.835852
-1.349285
0.730671
0.852350
0.000000
0.000000
0.000000
0.000000
0.000000
0.000000
0.000000
0.000000
0.000000
-1.442236
0.778726
0.829129
0.000000
0.000000
0.000000
0.000000
0.000000
0.000000
-1.201987
0.632378
0.708251
-1.225718
0.626616
0.865053
0.000000
0.000000
0.000000
0.000000
0.000000
0.000000
-1.375125
0.647614
0.864117
-1.448499
0.593269
0.842735
0.000000
0.000000
0.000000
0.000000
0.000000
0.000000
-1.186373
0.620465
0.689520
-1.166582
0.933374
0.672318
0.000000
0.000000
0.000000
0.000000
0.000000
0.000000
-1.318198
0.554788
0.829908
-1.321715
0.709316
0.748141
0.000000
0.000000
0.000000
0.000000
0.000000
0.000000
0.000000
0.000000
0.000000
-1.212002
0.492191
0.707188
0.000000
0.000000
0.000000
0.000000
0.000000
0.000000
-1.522489
0.804640
0.780185
-1.571777
0.765871
0.788797
0.000000
0.000000
0.000000
0.000000
0.000000
0.000000
-1.260774
0.637264
0.674544
-1.196193
0.873690
0.701377
0.000000
0.000000
0.000000
0.000000
0.000000
0.000000
-1.406481
0.720750
0.750486
-1.456667
0.690248
0.764926
0.000000
0.000000
0.000000
0.000000
0.000000
0.000000
-1.319651
0.920323
0.654777
-1.339698
0.973597
0.646711
0.000000
0.000000
0.000000
0.000000
0.000000
0.000000
0.000000
0.000000
0.000000
-1.208758
1.289790
0.745222
0.000000
0.000000
0.000000
0.000000
0.000000
0.000000
-1.364158
0.375017
0.842299
-1.359787
0.379226
0.880825
0.000000
0.000000
0.000000
0.000000
0.000000
0.000000
-1.279364
0.556248
0.772238
-1.342847
0.482362
0.860850
0.000000
0.000000
0.000000
0.000000
0.000000
0.000000
-1.279767
0.453871
0.864084
-1.290599
0.457744
0.850461
0.000000
0.000000
0.000000
0.000000
0.000000
0.000000
-1.128312
1.328362
0.592519
-1.190855
0.976298
0.651700
0.000000
0.000000
0.000000
0.000000
0.000000
0.000000
-1.245818
0.810028
0.753332
-1.269481
0.750842
0.766496
0.000000
0.000000
0.000000
0.000000
0.000000
0.000000
0.000000
0.000000
0.000000
-1.284833
0.684860
0.666096
0.000000
0.000000
0.000000
0.000000
0.000000
0.000000
0.000000
0.000000
0.000000
-1.095460
0.960377
0.717848
0.000000
0.000000
0.000000
0.000000
0.000000
0.000000
0.000000
0.000000
0.000000
-1.181139
0.963403
0.785636
0.000000
0.000000
0.000000
0.000000
0.000000
0.000000
0.000000
0.000000
0.000000
-1.287180
0.824464
0.822741
0.000000
0.000000
0.000000
0.000000
0.000000
0.000000
-1.226503
0.822221
0.706930
-1.221366
1.006939
0.731482
0.000000
0.000000
0.000000
0.000000
0.000000
0.000000
-1.405602
0.371341
0.876597
-1.424245
0.353031
0.875462
0.000000
0.000000
0.000000
0.000000
0.000000
0.000000
-1.200251
0.509495
0.859736
-1.262360
0.499275
0.848096
0.000000
0.000000
0.000000
0.000000
0.000000
0.000000
-1.203687
0.830571
0.731544
-1.252460
0.835375
0.739159
0.000000
0.000000
0.000000
0.000000
0.000000
0.000000
-1.190825
0.937458
0.755849
-1.201552
1.013344
0.866526
0.000000
0.000000
0.000000
0.000000
0.000000
0.000000
-1.348155
1.125771
0.582869
-1.412366
1.058018
0.596268
0.000000
0.000000
0.000000
0.000000
0.000000
0.000000
-1.470484
0.382448
0.885574
-1.502195
0.388242
0.883839
0.000000
0.000000
0.000000
0.000000
0.000000
0.000000
-1.162132
0.647274
0.674749
-1.182483
0.664097
0.743604
0.000000
0.000000
0.000000
0.000000
0.000000
0.000000
-1.392495
0.370801
0.890126
-1.361030
0.380626
0.891847
0.000000
0.000000
0.000000
0.000000
0.000000
0.000000
0.000000
0.000000
0.000000
-1.340675
0.699115
0.774884
0.000000
0.000000
0.000000
0.000000
0.000000
0.000000
-1.473311
0.625807
0.707096
-1.443882
0.645771
0.762740
0.000000
0.000000
0.000000
0.000000
0.000000
0.000000
-1.293861
0.741802
0.785244
-1.352448
0.729241
0.802095
0.000000
0.000000
0.000000
0.000000
0.000000
0.000000
-1.345475
0.455144
0.889724
-1.424223
0.498961
0.873978
0.000000
0.000000
0.000000
0.000000
0.000000
0.000000
-1.026144
0.847877
0.818898
-1.213321
0.731075
0.946619
0.000000
0.000000
0.000000
0.000000
0.000000
0.000000
-1.306607
0.898481
0.745128
-1.338484
0.869902
0.730370
0.000000
0.000000
0.000000
0.000000
0.000000
0.000000
-1.412750
0.499259
0.838622
-1.408864
0.581337
0.833315
0.000000
0.000000
0.000000
0.000000
0.000000
0.000000
-1.264466
1.055640
0.586224
-1.318317
1.209694
0.581072
0.000000
0.000000
0.000000
0.000000
0.000000
0.000000
-1.349951
0.764585
0.859471
-1.373142
0.822545
0.865274
0.000000
0.000000
0.000000
0.000000
0.000000
0.000000
-1.270232
1.197782
0.607702
-1.308302
1.195902
0.587715
0.000000
0.000000
0.000000
0.000000
0.000000
0.000000
-1.395072
1.252415
0.562320
-1.397483
1.320680
0.523013
0.000000
0.000000
0.000000
0.000000
0.000000
0.000000
-1.288683
1.014059
0.689863
-1.344340
0.936264
0.769878
0.000000
0.000000
0.000000
0.000000
0.000000
0.000000
-1.431052
0.801648
0.802291
-1.453676
0.741257
0.778408
-1.234980
0.774794
0.818507
-1.263448
0.855685
0.781220
-1.042438
1.058172
0.681964
-1.095700
1.017399
0.702767
0.000000
0.000000
0.000000
0.000000
0.000000
0.000000
-1.473829
0.430036
0.868619
-1.531728
0.372222
0.882784
-1.153228
0.571914
0.892148
-1.190060
0.674130
0.855478
-1.125604
0.561790
0.892148
-1.168059
0.606936
0.880959
0.000000
0.000000
0.000000
0.000000
0.000000
0.000000
-1.250430
0.732881
0.759243
-1.325595
0.856573
0.787130
0.000000
0.000000
0.000000
0.000000
0.000000
0.000000
0.000000
0.000000
0.000000
-1.163606
0.921155
0.703332
0.000000
0.000000
0.000000
0.000000
0.000000
0.000000
0.000000
0.000000
0.000000
-1.092498
0.777163
0.739077
0.000000
0.000000
0.000000
0.000000
0.000000
0.000000
-1.635174
0.324708
0.889055
-1.650457
0.323998
0.887531
0.000000
0.000000
0.000000
0.000000
0.000000
0.000000
-1.369059
0.949992
0.699824
-1.397189
0.972411
0.699772
0.000000
0.000000
0.000000
0.000000
0.000000
0.000000
0.000000
0.000000
0.000000
-0.949661
0.954265
0.677536
0.000000
0.000000
0.000000
0.000000
0.000000
0.000000
-1.478300
0.777116
0.814840
-1.487941
0.745508
0.805898
0.000000
0.000000
0.000000
0.000000
0.000000
0.000000
-1.337790
0.551195
0.843240
-1.446823
0.395813
0.832923
0.000000
0.000000
0.000000
0.000000
0.000000
0.000000
-1.285996
0.666753
0.738781
-1.260140
0.720062
0.896270
0.000000
0.000000
0.000000
0.000000
0.000000
0.000000
-1.232983
0.874977
0.930600
-1.380015
0.737270
0.843494
0.000000
0.000000
0.000000
0.000000
0.000000
0.000000
-1.156705
0.990774
0.616952
-1.260021
0.953533
0.536527
0.000000
0.000000
0.000000
0.000000
0.000000
0.000000
-1.260487
0.733814
0.860199
-1.293817
0.802585
0.785986
0.000000
0.000000
0.000000
0.000000
0.000000
0.000000
-1.259212
0.705711
0.834999
-1.296666
0.664089
0.784703
0.000000
0.000000
0.000000
0.000000
0.000000
0.000000
-1.307286
0.422826
0.803425
-1.458037
0.342068
0.830189
0.000000
0.000000
0.000000
0.000000
0.000000
0.000000
-1.362457
0.913471
0.800446
-1.470089
0.778116
0.776759
0.000000
0.000000
0.000000
0.000000
0.000000
0.000000
0.000000
0.000000
0.000000
-1.387051
0.437488
0.774240
0.000000
0.000000
0.000000
0.000000
0.000000
0.000000
-1.271634
0.669384
0.805552
-1.325958
0.620911
0.824466
0.000000
0.000000
0.000000
0.000000
0.000000
0.000000
0.000000
0.000000
0.000000
-1.218458
0.900695
0.817389
0.000000
0.000000
0.000000
0.000000
0.000000
0.000000
-1.031166
1.081363
0.710496
-1.177010
1.028949
0.641462
0.000000
0.000000
0.000000
0.000000
0.000000
0.000000
-1.187357
0.629409
0.824349
-1.273895
0.660715
0.787715
-1.567485
0.529885
0.850940
-1.591893
0.556622
0.856102
-1.491385
0.531565
0.847747
-1.511179
0.553088
0.851121
0.000000
0.000000
0.000000
0.000000
0.000000
0.000000
-1.240591
0.968056
0.609570
-1.253364
1.196165
0.664182
-1.417924
0.641801
0.713401
-1.389025
0.713831
0.904061
-1.346504
0.785762
0.662735
-1.200640
1.056671
0.677911
0.000000
0.000000
0.000000
0.000000
0.000000
0.000000
0.000000
0.000000
0.000000
-1.201020
0.900805
0.759036
0.000000
0.000000
0.000000
0.000000
0.000000
0.000000
-1.327741
0.736135
0.764973
-1.341555
1.002456
0.762449
-1.405142
0.365591
0.926237
-1.456284
0.420763
0.873333
-1.381704
0.419217
0.876531
-1.455258
0.410651
0.862097
0.000000
0.000000
0.000000
0.000000
0.000000
0.000000
-1.314422
0.755234
0.742112
-1.332640
0.729024
0.787429
0.000000
0.000000
0.000000
0.000000
0.000000
0.000000
-1.255096
0.909579
0.667135
-1.307656
0.914085
0.693855
-1.290342
0.547145
0.744471
-1.127979
0.794508
0.870462
-1.282024
0.547993
0.744471
-1.101231
0.773534
0.862322
0.000000
0.000000
0.000000
0.000000
0.000000
0.000000
-1.214575
0.947866
0.692339
-1.292416
0.897192
0.748111
0.000000
0.000000
0.000000
0.000000
0.000000
0.000000
-1.511870
0.929941
0.732900
-1.544375
0.906552
0.739463
0.000000
0.000000
0.000000
0.000000
0.000000
0.000000
-1.266674
0.996173
0.667958
-1.282497
1.010017
0.661037
0.000000
0.000000
0.000000
0.000000
0.000000
0.000000
-1.428863
0.605847
0.607621
-1.421798
0.657113
0.781945
0.000000
0.000000
0.000000
0.000000
0.000000
0.000000
-1.318492
0.578434
0.831358
-1.375927
0.619027
0.836814
0.000000
0.000000
0.000000
0.000000
0.000000
0.000000
-1.148798
1.381901
0.612341
-1.210836
1.231504
0.595566
0.000000
0.000000
0.000000
0.000000
0.000000
0.000000
-1.354176
0.509566
0.812273
-1.411033
0.432596
0.848991
0.000000
0.000000
0.000000
0.000000
0.000000
0.000000
-1.267534
0.638072
0.822366
-1.329543
0.682440
0.797669
0.000000
0.000000
0.000000
0.000000
0.000000
0.000000
-1.522672
0.579966
0.861828
-1.555646
0.565110
0.868301
0.000000
0.000000
0.000000
0.000000
0.000000
0.000000
-1.305675
0.986733
0.662927
-1.350911
0.953191
0.700282
-1.141619
1.220410
0.795564
-1.202695
1.173500
0.860061
-1.064408
1.140927
0.778041
-1.061109
1.207990
0.843790
0.000000
0.000000
0.000000
0.000000
0.000000
0.000000
-1.305157
0.568288
0.967102
-1.296555
0.686495
0.839780
0.000000
0.000000
0.000000
0.000000
0.000000
0.000000
-1.143103
0.783684
0.626253
-1.187299
0.765129
0.638187
0.000000
0.000000
0.000000
0.000000
0.000000
0.000000
-1.176956
1.058848
0.528537
-1.224159
1.104779
0.529916
0.000000
0.000000
0.000000
0.000000
0.000000
0.000000
-1.357031
0.763594
0.843111
-1.417408
0.641305
0.825630
0.000000
0.000000
0.000000
0.000000
0.000000
0.000000
-1.449534
0.317757
1.092081
-1.266726
0.338802
0.933655
0.000000
0.000000
0.000000
0.000000
0.000000
0.000000
-1.251185
1.015307
0.636484
-1.311527
1.022089
0.630259
0.000000
0.000000
0.000000
0.000000
0.000000
0.000000
-1.329157
0.479933
0.806455
-1.345890
0.616527
0.809815
0.000000
0.000000
0.000000
0.000000
0.000000
0.000000
0.000000
0.000000
0.000000
-1.397239
0.746833
0.756917
0.000000
0.000000
0.000000
0.000000
0.000000
0.000000
-1.359968
0.999437
0.677689
-1.403634
0.955145
0.696565
0.000000
0.000000
0.000000
0.000000
0.000000
0.000000
-1.552727
0.688571
0.795654
-1.589947
0.636587
0.851665
0.000000
0.000000
0.000000
0.000000
0.000000
0.000000
-1.229360
0.846326
0.707500
-1.296211
0.826879
0.728414
0.000000
0.000000
0.000000
0.000000
0.000000
0.000000
-1.603924
0.614721
0.834739
-1.641445
0.597127
0.837412
0.000000
0.000000
0.000000
0.000000
0.000000
0.000000
-1.325625
1.433954
0.740477
-1.390707
1.179605
0.620013
0.000000
0.000000
0.000000
0.000000
0.000000
0.000000
-1.046817
1.099266
0.816024
-1.136592
1.107660
0.803355
0.000000
0.000000
0.000000
0.000000
0.000000
0.000000
-0.820715
1.730866
0.706612
-1.028926
0.943123
0.561170
0.000000
0.000000
0.000000
0.000000
0.000000
0.000000
-1.378798
0.946051
0.698547
-1.418859
0.915035
0.712201
0.000000
0.000000
0.000000
0.000000
0.000000
0.000000
-1.486879
1.050930
0.676580
-1.522442
1.018980
0.671905
0.000000
0.000000
0.000000
0.000000
0.000000
0.000000
-1.494998
0.532890
0.822919
-1.457231
0.569754
0.869336
-1.423696
0.481314
0.836083
-1.516282
0.379692
0.861665
-1.399410
0.482906
0.829083
-1.460019
0.402870
0.858635
0.000000
0.000000
0.000000
0.000000
0.000000
0.000000
-1.174587
0.674083
0.721230
-1.232597
0.503054
0.932858
0.000000
0.000000
0.000000
-1.221055
0.772274
0.875547
0.000000
0.000000
0.000000
-1.193716
0.785697
0.875547
0.000000
0.000000
0.000000
0.000000
0.000000
0.000000
0.000000
0.000000
0.000000
-1.242431
1.417745
0.751955
0.000000
0.000000
0.000000
0.000000
0.000000
0.000000
0.000000
0.000000
0.000000
-1.255075
0.839124
0.819410
0.000000
0.000000
0.000000
0.000000
0.000000
0.000000
0.000000
0.000000
0.000000
-1.117680
0.722207
0.883771
0.000000
0.000000
0.000000
0.000000
0.000000
0.000000
0.000000
0.000000
0.000000
-1.285255
0.523505
0.742589
0.000000
0.000000
0.000000
0.000000
0.000000
0.000000
0.000000
0.000000
0.000000
-1.368950
0.539251
0.642350
0.000000
0.000000
0.000000
0.000000
0.000000
0.000000
-1.378300
0.639296
0.832680
-1.368387
0.676371
0.812657
0.000000
0.000000
0.000000
0.000000
0.000000
0.000000
-1.302627
0.575536
0.789229
-1.196307
0.872120
0.816663
0.000000
0.000000
0.000000
0.000000
0.000000
0.000000
-1.257141
0.777153
0.885703
-1.242539
0.846233
0.772702
0.000000
0.000000
0.000000
0.000000
0.000000
0.000000
-1.246640
0.837227
0.737322
-1.320927
0.781302
0.825722
0.000000
0.000000
0.000000
0.000000
0.000000
0.000000
-1.141513
1.003311
0.873679
-1.326073
0.751821
0.749593
0.000000
0.000000
0.000000
0.000000
0.000000
0.000000
-1.332985
0.843785
0.703347
-1.317575
0.788211
0.748986
0.000000
0.000000
0.000000
0.000000
0.000000
0.000000
-1.100248
0.887381
0.717959
-1.058219
1.053668
0.715102
0.000000
0.000000
0.000000
0.000000
0.000000
0.000000
0.000000
0.000000
0.000000
-1.070631
0.906785
0.735393
0.000000
0.000000
0.000000
0.000000
0.000000
0.000000
0.000000
0.000000
0.000000
-1.262618
0.917754
0.840969
0.000000
0.000000
0.000000
0.000000
0.000000
0.000000
-1.205673
0.483139
0.841622
-1.207628
0.518986
0.830963
0.000000
0.000000
0.000000
0.000000
0.000000
0.000000
-1.165020
0.643293
0.768186
-1.240276
0.597418
0.827032
0.000000
0.000000
0.000000
0.000000
0.000000
0.000000
-1.147223
0.693777
0.783771
-1.186476
0.739692
0.781398
0.000000
0.000000
0.000000
0.000000
0.000000
0.000000
-1.320723
0.887118
0.671855
-1.448739
0.754012
0.674049
0.000000
0.000000
0.000000
0.000000
0.000000
0.000000
0.000000
0.000000
0.000000
-1.184656
0.568508
0.735782
0.000000
0.000000
0.000000
0.000000
0.000000
0.000000
-1.056776
0.738739
0.916273
-1.069576
0.954310
0.784261
0.000000
0.000000
0.000000
0.000000
0.000000
0.000000
-1.049788
0.782203
0.742659
-1.204420
0.719775
0.711897
0.000000
0.000000
0.000000
0.000000
0.000000
0.000000
-1.490246
0.427486
0.879028
-1.511117
0.448101
0.870818
0.000000
0.000000
0.000000
0.000000
0.000000
0.000000
0.000000
0.000000
0.000000
-1.470155
0.420016
0.785603
0.000000
0.000000
0.000000
0.000000
0.000000
0.000000
-1.209327
0.896006
0.756982
-1.250066
0.938442
0.687326
0.000000
0.000000
0.000000
0.000000
0.000000
0.000000
-1.247494
1.378148
0.692374
-1.341655
1.255375
0.587790
0.000000
0.000000
0.000000
0.000000
0.000000
0.000000
-1.142914
0.815151
0.714593
-1.211012
0.708856
0.697599
0.000000
0.000000
0.000000
0.000000
0.000000
0.000000
0.000000
0.000000
0.000000
-1.413338
0.464753
0.738610
0.000000
0.000000
0.000000
0.000000
0.000000
0.000000
-1.250056
0.804547
0.726084
-1.335236
0.779379
0.807876
0.000000
0.000000
0.000000
0.000000
0.000000
0.000000
-1.073422
0.463319
0.717635
-1.021589
0.508498
0.787233
0.000000
0.000000
0.000000
0.000000
0.000000
0.000000
-1.144021
0.817190
0.694909
-1.168209
0.788047
0.739556
0.000000
0.000000
0.000000
0.000000
0.000000
0.000000
-1.731145
0.400253
0.888400
-1.749901
0.402515
0.890815
0.000000
0.000000
0.000000
0.000000
0.000000
0.000000
-1.331909
0.640472
0.654283
-1.305124
0.642061
0.765128
0.000000
0.000000
0.000000
0.000000
0.000000
0.000000
-1.538754
0.779573
0.789525
-1.563515
0.741518
0.799949
0.000000
0.000000
0.000000
0.000000
0.000000
0.000000
0.000000
0.000000
0.000000
-1.258955
0.648527
0.801090
0.000000
0.000000
0.000000
0.000000
0.000000
0.000000
-1.438107
0.611957
0.836719
-1.475980
0.584875
0.808616
0.000000
0.000000
0.000000
0.000000
0.000000
0.000000
-1.247902
0.729930
0.765229
-1.282384
0.719035
0.770567
0.000000
0.000000
0.000000
0.000000
0.000000
0.000000
-1.146483
1.107626
0.558275
-1.235215
1.209422
0.487495
-1.228200
1.065404
0.736055
-1.214226
1.045129
0.638859
-1.247071
0.941540
0.722356
-1.188091
1.032735
0.639976
0.000000
0.000000
0.000000
0.000000
0.000000
0.000000
0.000000
0.000000
0.000000
-1.216005
0.753342
0.798167
0.000000
0.000000
0.000000
0.000000
0.000000
0.000000
-1.369200
0.339141
0.875931
-1.424423
0.317090
0.897890
0.000000
0.000000
0.000000
0.000000
0.000000
0.000000
-1.320256
0.965631
0.929886
-1.447527
0.698415
0.770590
0.000000
0.000000
0.000000
0.000000
0.000000
0.000000
-0.945865
0.899455
0.708167
-0.991918
0.930322
0.679041
0.000000
0.000000
0.000000
0.000000
0.000000
0.000000
0.000000
0.000000
0.000000
-1.118902
0.685892
0.654414
0.000000
0.000000
0.000000
0.000000
0.000000
0.000000
-1.226508
0.815696
0.708851
-1.243658
0.899112
0.666105
0.000000
0.000000
0.000000
0.000000
0.000000
0.000000
0.000000
0.000000
0.000000
-1.446568
0.496831
0.748510
0.000000
0.000000
0.000000
0.000000
0.000000
0.000000
-1.210294
0.895190
0.688077
-1.286534
0.855231
0.662236
0.000000
0.000000
0.000000
0.000000
0.000000
0.000000
0.000000
0.000000
0.000000
-1.294375
0.675757
0.681683
0.000000
0.000000
0.000000
0.000000
0.000000
0.000000
-1.408925
0.389687
0.861987
-1.441812
0.385833
0.890291
0.000000
0.000000
0.000000
0.000000
0.000000
0.000000
-1.404540
0.800277
0.732323
-1.456418
0.729868
0.773740
0.000000
0.000000
0.000000
0.000000
0.000000
0.000000
-1.316570
0.507585
0.907223
-1.186346
0.487096
0.882488
0.000000
0.000000
0.000000
0.000000
0.000000
0.000000
0.000000
0.000000
0.000000
-1.251634
0.694889
0.948782
0.000000
0.000000
0.000000
0.000000
0.000000
0.000000
0.000000
0.000000
0.000000
-1.363426
0.744528
0.720449
0.000000
0.000000
0.000000
-1.332946
0.429221
0.652840
0.000000
0.000000
0.000000
-1.336205
0.428971
0.652840
0.000000
0.000000
0.000000
0.000000
0.000000
0.000000
-0.810283
1.904597
0.699503
-1.065243
1.131197
0.604061
0.000000
0.000000
0.000000
0.000000
0.000000
0.000000
-1.222435
0.769536
0.751144
-1.286987
0.697157
0.797373
0.000000
0.000000
0.000000
0.000000
0.000000
0.000000
-1.520083
0.306585
0.892890
-1.548158
0.312756
0.897098
0.000000
0.000000
0.000000
0.000000
0.000000
0.000000
-1.280644
0.704384
0.771997
-1.314976
0.708863
0.759717
0.000000
0.000000
0.000000
0.000000
0.000000
0.000000
-1.101809
0.636890
0.779543
-1.096858
0.633210
0.863792
-1.431846
0.575128
0.790492
-1.481915
0.531381
0.806279
-1.358567
0.601563
0.791174
-1.339884
0.657510
0.786293
-1.303570
0.431016
1.246527
-1.371535
0.472064
1.045801
-1.238500
0.421981
1.214627
-1.308272
0.464206
1.026193
0.000000
0.000000
0.000000
0.000000
0.000000
0.000000
-1.535891
0.442657
0.858684
-1.581443
0.391595
0.874448
0.000000
0.000000
0.000000
0.000000
0.000000
0.000000
0.000000
0.000000
0.000000
-1.140049
1.091853
0.675180
0.000000
0.000000
0.000000
0.000000
0.000000
0.000000
-1.207341
0.942525
0.631425
-1.290008
0.861953
0.674750
0.000000
0.000000
0.000000
0.000000
0.000000
0.000000
0.000000
0.000000
0.000000
-1.366678
0.911629
0.848691
0.000000
0.000000
0.000000
0.000000
0.000000
0.000000
-0.958634
0.733528
0.711246
-1.063344
0.543101
0.782586
0.000000
0.000000
0.000000
0.000000
0.000000
0.000000
-1.399416
0.322092
0.903385
-1.516109
0.311435
0.897224
0.000000
0.000000
0.000000
0.000000
0.000000
0.000000
-1.257112
0.801471
0.776956
-1.265452
0.830246
0.765478
0.000000
0.000000
0.000000
0.000000
0.000000
0.000000
-1.179510
0.952291
0.607825
-1.250079
0.925364
0.658126
0.000000
0.000000
0.000000
0.000000
0.000000
0.000000
-1.402979
1.010658
0.644005
-1.446043
0.999096
0.631877
0.000000
0.000000
0.000000
0.000000
0.000000
0.000000
-1.217176
1.015719
0.622039
-1.192017
1.283376
0.644138
0.000000
0.000000
0.000000
0.000000
0.000000
0.000000
-1.401177
0.613923
0.791242
-1.407620
0.590087
0.782416
0.000000
0.000000
0.000000
0.000000
0.000000
0.000000
-1.212861
0.529033
0.943144
-1.241970
0.536021
0.840415
0.000000
0.000000
0.000000
0.000000
0.000000
0.000000
-1.186832
0.556284
0.832905
-1.133737
0.680959
0.791851
0.000000
0.000000
0.000000
0.000000
0.000000
0.000000
0.000000
0.000000
0.000000
-1.276660
0.526678
0.692580
0.000000
0.000000
0.000000
0.000000
0.000000
0.000000
-1.195819
0.761090
0.658147
-1.208363
0.872957
0.704601
0.000000
0.000000
0.000000
0.000000
0.000000
0.000000
-1.178187
0.964922
0.659616
-1.318279
0.876001
0.612430
0.000000
0.000000
0.000000
0.000000
0.000000
0.000000
0.000000
0.000000
0.000000
-0.860525
1.136333
0.687372
0.000000
0.000000
0.000000
0.000000
0.000000
0.000000
-1.468602
0.668918
0.839771
-1.553252
0.670964
0.832239
0.000000
0.000000
0.000000
0.000000
0.000000
0.000000
-1.475462
0.712914
0.800540
-1.513412
0.697267
0.805116
0.000000
0.000000
0.000000
0.000000
0.000000
0.000000
-1.404027
0.605039
0.819384
-1.445494
0.554422
0.824084
0.000000
0.000000
0.000000
0.000000
0.000000
0.000000
-1.168127
1.007173
0.590078
-1.239920
0.939614
0.633105
0.000000
0.000000
0.000000
0.000000
0.000000
0.000000
-1.157851
0.916457
0.975956
-1.287525
0.694623
0.912971
0.000000
0.000000
0.000000
0.000000
0.000000
0.000000
-1.120237
1.260874
0.711671
-1.193926
1.124393
0.656954
0.000000
0.000000
0.000000
0.000000
0.000000
0.000000
-1.296875
0.885218
0.680702
-1.361510
0.851461
0.706126
0.000000
0.000000
0.000000
-1.372562
0.425584
0.629949
0.000000
0.000000
0.000000
-1.368894
0.425864
0.629949
0.000000
0.000000
0.000000
0.000000
0.000000
0.000000
-1.539860
0.681551
0.800663
-1.549069
0.646691
0.806555
0.000000
0.000000
0.000000
0.000000
0.000000
0.000000
-1.081928
0.966320
0.799754
-1.194852
0.930693
0.673397
0.000000
0.000000
0.000000
0.000000
0.000000
0.000000
0.000000
0.000000
0.000000
-1.333650
0.424932
0.696230
0.000000
0.000000
0.000000
0.000000
0.000000
0.000000
-1.105693
0.917563
0.753191
-1.220826
0.885123
0.686511
0.000000
0.000000
0.000000
0.000000
0.000000
0.000000
0.000000
0.000000
0.000000
-0.919449
1.117756
0.908692
0.000000
0.000000
0.000000
0.000000
0.000000
0.000000
-1.309211
0.498222
0.903135
-1.384025
0.412909
0.910428
0.000000
0.000000
0.000000
0.000000
0.000000
0.000000
-1.173087
0.622900
0.822272
-1.282993
0.569550
0.826288
0.000000
0.000000
0.000000
0.000000
0.000000
0.000000
-1.580548
0.620884
0.827392
-1.612936
0.595472
0.832698
0.000000
0.000000
0.000000
0.000000
0.000000
0.000000
-1.176724
1.240108
0.615336
-1.242534
1.167779
0.591167
0.000000
0.000000
0.000000
0.000000
0.000000
0.000000
-1.201996
0.841783
0.799893
-1.093674
1.110794
0.724467
0.000000
0.000000
0.000000
0.000000
0.000000
0.000000
-1.526357
0.531592
0.857128
-1.610824
0.430547
0.833363
0.000000
0.000000
0.000000
0.000000
0.000000
0.000000
-1.291318
0.836712
0.805763
-1.246922
1.015501
0.821058
0.000000
0.000000
0.000000
0.000000
0.000000
0.000000
0.000000
0.000000
0.000000
-1.172605
0.819793
0.779313
0.000000
0.000000
0.000000
0.000000
0.000000
0.000000
-1.473776
0.836159
0.768871
-1.491390
0.866412
0.752770
0.000000
0.000000
0.000000
0.000000
0.000000
0.000000
-1.391362
1.189981
0.563617
-1.408859
1.240910
0.578216
0.000000
0.000000
0.000000
0.000000
0.000000
0.000000
-1.112958
0.984288
0.694389
-1.161127
1.017321
0.621119
-1.152591
1.315189
0.697364
-1.259362
0.953062
0.722849
-1.141965
1.288261
0.697364
-1.234891
0.944297
0.708464
0.000000
0.000000
0.000000
0.000000
0.000000
0.000000
-1.249057
1.094005
0.732886
-1.309807
1.037317
0.721875
0.000000
0.000000
0.000000
0.000000
0.000000
0.000000
-1.333600
0.768638
0.666324
-1.350076
0.722831
0.757127
0.000000
0.000000
0.000000
0.000000
0.000000
0.000000
-1.356621
0.560122
0.849852
-1.393468
0.561397
0.837398
0.000000
0.000000
0.000000
0.000000
0.000000
0.000000
-1.087584
0.979311
0.785076
-1.174939
0.751233
0.875639
0.000000
0.000000
0.000000
0.000000
0.000000
0.000000
-1.399257
0.594127
0.788569
-1.394658
0.560415
0.893936
0.000000
0.000000
0.000000
0.000000
0.000000
0.000000
-1.083261
0.908177
0.682120
-1.099425
1.100975
0.565654
0.000000
0.000000
0.000000
0.000000
0.000000
0.000000
0.000000
0.000000
0.000000
-1.164267
0.521119
0.689310
0.000000
0.000000
0.000000
0.000000
0.000000
0.000000
-1.336995
0.649324
0.768869
-1.316971
0.793580
0.822948
0.000000
0.000000
0.000000
0.000000
0.000000
0.000000
-1.529186
0.718827
0.807237
-1.536570
0.734779
0.797962
0.000000
0.000000
0.000000
0.000000
0.000000
0.000000
-1.212883
0.467594
0.737803
-1.080787
0.828181
0.785209
0.000000
0.000000
0.000000
0.000000
0.000000
0.000000
-1.271146
0.778533
0.838085
-1.302013
0.756573
0.826526
0.000000
0.000000
0.000000
0.000000
0.000000
0.000000
-1.188760
1.171552
0.673657
-1.247808
1.119311
0.559215
0.000000
0.000000
0.000000
0.000000
0.000000
0.000000
-1.334000
0.720517
0.769668
-1.294031
0.896324
0.805155
0.000000
0.000000
0.000000
0.000000
0.000000
0.000000
0.000000
0.000000
0.000000
-1.208440
0.990475
0.916438
0.000000
0.000000
0.000000
0.000000
0.000000
0.000000
-1.103685
0.970883
0.675676
-1.095574
1.092882
0.607287
0.000000
0.000000
0.000000
0.000000
0.000000
0.000000
-1.001399
0.924325
0.852849
-1.081409
0.946805
0.766180
0.000000
0.000000
0.000000
0.000000
0.000000
0.000000
-0.996974
1.109116
0.764945
-1.036277
0.848747
0.636291
0.000000
0.000000
0.000000
0.000000
0.000000
0.000000
-1.260334
1.002530
0.803064
-1.330019
0.824850
0.662692
0.000000
0.000000
0.000000
0.000000
0.000000
0.000000
-0.959993
1.141262
0.715603
-1.027796
0.900447
0.741823
0.000000
0.000000
0.000000
0.000000
0.000000
0.000000
-1.308985
0.859322
0.821597
-1.348807
0.888174
0.751584
0.000000
0.000000
0.000000
0.000000
0.000000
0.000000
-1.139321
1.352036
0.704376
-1.253209
1.151579
0.547000
0.000000
0.000000
0.000000
0.000000
0.000000
0.000000
-1.284262
1.479508
0.562955
-1.394673
1.259322
0.602777
0.000000
0.000000
0.000000
0.000000
0.000000
0.000000
-1.682016
0.466502
0.880135
-1.719428
0.444262
0.882288
0.000000
0.000000
0.000000
0.000000
0.000000
0.000000
-1.400995
0.613749
0.808214
-1.403223
0.756459
0.799507
0.000000
0.000000
0.000000
0.000000
0.000000
0.000000
-1.459456
0.589071
0.836922
-1.439763
0.698387
0.854465
0.000000
0.000000
0.000000
0.000000
0.000000
0.000000
-1.269674
0.252516
0.890258
-1.338501
0.234840
0.902559
0.000000
0.000000
0.000000
0.000000
0.000000
0.000000
-1.151756
0.874096
0.669674
-1.243358
0.872754
0.737024
0.000000
0.000000
0.000000
0.000000
0.000000
0.000000
0.000000
0.000000
0.000000
-1.150934
0.638271
0.609292
0.000000
0.000000
0.000000
0.000000
0.000000
0.000000
-1.278312
1.143350
0.578943
-1.301120
1.145723
0.488171
0.000000
0.000000
0.000000
0.000000
0.000000
0.000000
-1.220170
1.171268
0.413619
-1.276160
1.339294
0.299848
-1.294757
0.520407
0.717107
-1.172765
0.817426
0.802571
-1.271117
0.536380
0.707991
-1.150905
0.814109
0.804536
0.000000
0.000000
0.000000
0.000000
0.000000
0.000000
-1.088138
0.830080
0.835516
-1.152444
0.769997
0.688585
0.000000
0.000000
0.000000
0.000000
0.000000
0.000000
-1.145171
0.999056
0.604094
-1.170898
1.149894
0.597157
0.000000
0.000000
0.000000
0.000000
0.000000
0.000000
-1.375597
0.307314
0.887087
-1.436962
0.349709
0.907230
0.000000
0.000000
0.000000
0.000000
0.000000
0.000000
0.000000
0.000000
0.000000
-1.154422
0.812904
0.738500
0.000000
0.000000
0.000000
0.000000
0.000000
0.000000
-1.033986
0.788534
0.988428
-1.191891
0.652984
0.860177
0.000000
0.000000
0.000000
0.000000
0.000000
0.000000
-1.192049
1.082078
0.856567
-1.335185
0.818158
0.794359
0.000000
0.000000
0.000000
0.000000
0.000000
0.000000
0.000000
0.000000
0.000000
-1.065977
0.811162
0.702607
0.000000
0.000000
0.000000
0.000000
0.000000
0.000000
-1.288073
0.705888
0.853564
-1.385355
0.657434
0.820163
0.000000
0.000000
0.000000
0.000000
0.000000
0.000000
-1.261514
1.090194
0.546341
-1.302887
1.132428
0.553873
0.000000
0.000000
0.000000
0.000000
0.000000
0.000000
-0.899043
1.075300
0.832397
-0.934607
1.686467
0.716688
-1.376563
0.698847
0.793668
-1.432867
0.730386
0.801685
-1.254696
0.906714
0.697469
-1.314733
0.850517
0.711092
0.000000
0.000000
0.000000
0.000000
0.000000
0.000000
-1.338284
0.689059
0.827874
-1.354528
0.682223
0.805441
0.000000
0.000000
0.000000
0.000000
0.000000
0.000000
-1.314957
0.658012
0.826493
-1.328523
0.663523
0.821278
0.000000
0.000000
0.000000
0.000000
0.000000
0.000000
-1.465628
0.743178
0.835217
-1.510985
0.885120
0.794366
0.000000
0.000000
0.000000
0.000000
0.000000
0.000000
-1.315344
1.018120
0.754840
-1.316796
0.927832
0.715285
0.000000
0.000000
0.000000
0.000000
0.000000
0.000000
-1.198843
0.581780
0.998371
-1.125564
0.835960
0.870413
0.000000
0.000000
0.000000
0.000000
0.000000
0.000000
0.000000
0.000000
0.000000
-1.274203
0.599625
0.651859
0.000000
0.000000
0.000000
0.000000
0.000000
0.000000
-1.451953
0.715763
0.703228
-1.352299
0.915180
0.908684
0.000000
0.000000
0.000000
0.000000
0.000000
0.000000
-1.495080
1.222758
0.723595
-1.506866
1.244898
0.643874
0.000000
0.000000
0.000000
0.000000
0.000000
0.000000
-0.898437
0.738447
0.689355
-0.967349
0.704598
0.661665
0.000000
0.000000
0.000000
0.000000
0.000000
0.000000
-1.497397
0.596588
0.872682
-1.508304
0.766273
0.843195
0.000000
0.000000
0.000000
0.000000
0.000000
0.000000
-1.444977
0.879603
0.694478
-1.465785
0.921734
0.713347
0.000000
0.000000
0.000000
0.000000
0.000000
0.000000
-1.621346
0.760655
0.820154
-1.642759
0.795429
0.801217
-1.398410
0.730144
0.968295
-1.497059
0.558017
0.865733
-1.390593
0.756737
0.948768
-1.488527
0.557638
0.860159
-1.294112
0.697649
0.643694
-1.163664
1.064411
0.709244
-1.281300
0.704924
0.643694
-1.152860
1.081558
0.681749
0.000000
0.000000
0.000000
0.000000
0.000000
0.000000
-1.378610
0.512585
0.861114
-1.329074
0.639148
0.808698
0.000000
0.000000
0.000000
-0.959836
0.906810
0.731510
0.000000
0.000000
0.000000
-0.940618
0.910827
0.731510
0.000000
0.000000
0.000000
0.000000
0.000000
0.000000
-1.353143
0.596590
0.801748
-1.342834
0.576877
0.824356
0.000000
0.000000
0.000000
0.000000
0.000000
0.000000
-1.239449
0.906939
0.672049
-1.201335
1.130317
0.613879
0.000000
0.000000
0.000000
0.000000
0.000000
0.000000
-1.508069
1.011207
0.660404
-1.527738
1.033199
0.670949
0.000000
0.000000
0.000000
0.000000
0.000000
0.000000
-1.305455
0.989281
0.687278
-1.352858
0.922612
0.668877
-1.031555
0.634596
0.736238
-0.997671
0.677214
0.752733
-1.027807
0.633134
0.736238
-0.991754
0.676004
0.752733
0.000000
0.000000
0.000000
0.000000
0.000000
0.000000
-1.388874
0.618705
0.843071
-1.428643
0.604449
0.834855
0.000000
0.000000
0.000000
0.000000
0.000000
0.000000
-1.071831
0.666772
0.728494
-1.054257
0.716434
0.725086
-0.995717
0.654332
0.781002
-0.969776
0.621406
0.861258
-0.975316
0.658804
0.781002
-0.963315
0.610091
0.861258
0.000000
0.000000
0.000000
0.000000
0.000000
0.000000
0.000000
0.000000
0.000000
-0.972859
1.092667
0.659456
0.000000
0.000000
0.000000
0.000000
0.000000
0.000000
0.000000
0.000000
0.000000
-1.090529
0.604220
0.836076
0.000000
0.000000
0.000000
0.000000
0.000000
0.000000
-1.062554
1.362934
0.724228
-1.181006
1.161827
0.572571
0.000000
0.000000
0.000000
0.000000
0.000000
0.000000
-1.489310
0.440569
0.903373
-1.537181
0.546368
0.899760
0.000000
0.000000
0.000000
0.000000
0.000000
0.000000
-1.252999
0.447053
0.667553
-1.146092
0.611125
0.817835
0.000000
0.000000
0.000000
0.000000
0.000000
0.000000
-1.189279
0.674385
0.769523
-1.225890
0.693628
0.799194
0.000000
0.000000
0.000000
0.000000
0.000000
0.000000
-1.196437
0.955818
0.590650
-1.213562
1.106037
0.613635
-1.318073
0.412313
0.699444
-1.199963
0.476233
0.984360
-1.305662
0.419995
0.699444
-1.153082
0.470997
0.984360
0.000000
0.000000
0.000000
0.000000
0.000000
0.000000
-1.377232
0.573232
0.740878
-1.505347
0.461930
0.889289
0.000000
0.000000
0.000000
0.000000
0.000000
0.000000
-1.239635
0.774165
0.748224
-1.142277
0.966112
0.804992
-1.266153
0.400516
0.874538
-1.307122
0.380072
0.860757
-1.243253
0.433249
0.855669
-1.272682
0.422201
0.859070
0.000000
0.000000
0.000000
0.000000
0.000000
0.000000
-1.381696
0.665171
0.808190
-1.430388
0.629731
0.834112
0.000000
0.000000
0.000000
0.000000
0.000000
0.000000
-1.702224
0.428192
0.902068
-1.720539
0.436892
0.900850
0.000000
0.000000
0.000000
0.000000
0.000000
0.000000
-1.227359
0.951775
0.752775
-1.270352
0.926351
0.698984
0.000000
0.000000
0.000000
0.000000
0.000000
0.000000
0.000000
0.000000
0.000000
-1.270242
0.598919
0.757480
0.000000
0.000000
0.000000
0.000000
0.000000
0.000000
-1.402469
0.669497
0.640086
-1.410839
0.662222
0.939012
0.000000
0.000000
0.000000
0.000000
0.000000
0.000000
0.000000
0.000000
0.000000
-1.160631
0.743675
0.797262
-1.136905
0.838234
0.703410
-1.066224
0.962239
0.615318
-1.142056
0.840077
0.699136
-1.097840
0.931273
0.605637
0.000000
0.000000
0.000000
0.000000
0.000000
0.000000
-1.073042
1.249805
0.789870
-1.136547
1.174673
0.659413
0.000000
0.000000
0.000000
0.000000
0.000000
0.000000
-1.027319
1.046311
0.582208
-1.115184
0.861439
0.677589
0.000000
0.000000
0.000000
0.000000
0.000000
0.000000
-1.275687
0.679582
0.774085
-1.244550
0.621746
0.771192
0.000000
0.000000
0.000000
0.000000
0.000000
0.000000
-1.613587
0.412372
0.880311
-1.616619
0.418918
0.893483
0.000000
0.000000
0.000000
0.000000
0.000000
0.000000
-1.291996
0.714994
0.786444
-1.341753
0.718760
0.790057
0.000000
0.000000
0.000000
0.000000
0.000000
0.000000
0.000000
0.000000
0.000000
-0.939118
1.201459
0.553954
0.000000
0.000000
0.000000
0.000000
0.000000
0.000000
0.000000
0.000000
0.000000
-1.316493
0.565154
0.731096
0.000000
0.000000
0.000000
0.000000
0.000000
0.000000
0.000000
0.000000
0.000000
-1.181243
0.562194
0.933295
0.000000
0.000000
0.000000
0.000000
0.000000
0.000000
-1.041822
0.846577
0.638098
-1.110561
0.715979
0.725365
0.000000
0.000000
0.000000
-1.507056
0.436867
0.748625
0.000000
0.000000
0.000000
-1.522420
0.440391
0.748625
0.000000
0.000000
0.000000
0.000000
0.000000
0.000000
-1.449309
0.975847
0.711439
-1.461689
1.020898
0.683902
0.000000
0.000000
0.000000
0.000000
0.000000
0.000000
0.000000
0.000000
0.000000
-0.943147
0.960348
0.771854
0.000000
0.000000
0.000000
0.000000
0.000000
0.000000
-1.251462
1.118166
0.964501
-1.304901
0.901318
0.883628
-1.132227
0.613154
0.725046
-1.059931
0.582793
0.836886
-1.105659
0.618135
0.724977
-1.022406
0.576683
0.836950
0.000000
0.000000
0.000000
0.000000
0.000000
0.000000
0.000000
0.000000
0.000000
-1.044295
0.731393
0.834403
0.000000
0.000000
0.000000
0.000000
0.000000
0.000000
0.000000
0.000000
0.000000
-1.083074
0.776678
0.721756
0.000000
0.000000
0.000000
0.000000
0.000000
0.000000
-1.426805
0.907682
0.685512
-1.497700
0.889693
0.754886
0.000000
0.000000
0.000000
0.000000
0.000000
0.000000
-1.352075
0.675109
0.750816
-1.422764
0.688183
0.821699
0.000000
0.000000
0.000000
0.000000
0.000000
0.000000
0.000000
0.000000
0.000000
-1.058063
0.610376
0.675101
0.000000
0.000000
0.000000
0.000000
0.000000
0.000000
0.000000
0.000000
0.000000
-1.274963
0.666354
0.669930
-1.328853
0.757230
0.790899
-1.309015
0.923853
0.671191
-1.321812
0.758016
0.788161
-1.285866
0.901401
0.691529
0.000000
0.000000
0.000000
0.000000
0.000000
0.000000
-1.148050
0.780016
0.727695
-1.151416
0.837519
0.651017
0.000000
0.000000
0.000000
0.000000
0.000000
0.000000
-1.204703
0.742215
0.744879
-1.292525
0.913418
0.780975
0.000000
0.000000
0.000000
0.000000
0.000000
0.000000
0.000000
0.000000
0.000000
-1.144424
0.931687
0.616572
0.000000
0.000000
0.000000
0.000000
0.000000
0.000000
-1.541660
0.617204
0.826101
-1.635104
0.524219
0.843323
0.000000
0.000000
0.000000
0.000000
0.000000
0.000000
-1.175680
0.876364
0.747260
-1.239548
0.813795
0.770715
0.000000
0.000000
0.000000
0.000000
0.000000
0.000000
-1.198696
0.734293
0.792661
-1.242951
0.729449
0.839815
0.000000
0.000000
0.000000
0.000000
0.000000
0.000000
-1.470314
0.558896
0.857334
-1.522514
0.549236
0.854593
0.000000
0.000000
0.000000
0.000000
0.000000
0.000000
-1.298908
0.984961
0.672655
-1.341894
0.964298
0.679792
0.000000
0.000000
0.000000
0.000000
0.000000
0.000000
-1.237673
0.459193
0.793528
-1.316664
0.423705
0.896464
-1.255852
1.373676
0.699519
-1.293379
0.907865
0.597733
-1.243761
1.379019
0.699519
-1.287958
0.902968
0.597733
0.000000
0.000000
0.000000
0.000000
0.000000
0.000000
-1.215434
0.652950
0.791934
-1.288135
0.700131
0.821213
0.000000
0.000000
0.000000
0.000000
0.000000
0.000000
0.000000
0.000000
0.000000
-1.392862
0.693365
0.728394
0.000000
0.000000
0.000000
0.000000
0.000000
0.000000
-1.142666
0.766067
0.593897
-1.120299
1.149908
0.604232
0.000000
0.000000
0.000000
0.000000
0.000000
0.000000
0.000000
0.000000
0.000000
-1.358013
0.484226
0.917235
0.000000
0.000000
0.000000
0.000000
0.000000
0.000000
-1.233956
0.653161
0.803546
-1.259092
0.920973
0.690209
0.000000
0.000000
0.000000
0.000000
0.000000
0.000000
-1.252946
0.670716
0.836945
-1.283066
0.685370
0.798570
0.000000
0.000000
0.000000
0.000000
0.000000
0.000000
0.000000
0.000000
0.000000
-1.245717
0.618408
0.864803
0.000000
0.000000
0.000000
0.000000
0.000000
0.000000
-1.322663
0.474432
0.632692
-1.301260
0.510405
0.993010
0.000000
0.000000
0.000000
0.000000
0.000000
0.000000
0.000000
0.000000
0.000000
-1.521360
0.872696
0.636133
0.000000
0.000000
0.000000
0.000000
0.000000
0.000000
-1.533035
0.508166
0.859541
-1.562284
0.500487
0.859758
0.000000
0.000000
0.000000
0.000000
0.000000
0.000000
-1.384252
0.716725
0.859278
-1.476328
0.685512
0.806171
0.000000
0.000000
0.000000
0.000000
0.000000
0.000000
0.000000
0.000000
0.000000
-1.179858
0.562354
0.779252
0.000000
0.000000
0.000000
0.000000
0.000000
0.000000
0.000000
0.000000
0.000000
-1.274326
0.738599
0.660689
0.000000
0.000000
0.000000
0.000000
0.000000
0.000000
-1.196998
0.489684
0.812030
-1.349169
0.416056
0.845503
0.000000
0.000000
0.000000
0.000000
0.000000
0.000000
-1.444881
0.836405
0.863442
-1.479330
0.841653
0.765695
-0.920347
0.912580
0.691930
-0.902946
0.996161
0.682473
-0.975526
0.816174
0.658495
-0.893425
1.099908
0.729763
0.000000
0.000000
0.000000
0.000000
0.000000
0.000000
-1.334222
0.838049
0.688891
-1.271541
0.922372
0.726527
0.000000
0.000000
0.000000
0.000000
0.000000
0.000000
-1.179252
0.617074
0.717326
-1.188098
0.885609
0.833418
0.000000
0.000000
0.000000
0.000000
0.000000
0.000000
0.000000
0.000000
0.000000
-1.320553
0.760618
0.718944
-1.433122
0.882625
0.760292
-1.506871
0.811532
0.863378
-1.454468
0.891303
0.760292
-1.513739
0.819910
0.863378
0.000000
0.000000
0.000000
0.000000
0.000000
0.000000
0.000000
0.000000
0.000000
-1.316285
0.637924
0.697566
0.000000
0.000000
0.000000
0.000000
0.000000
0.000000
-1.258912
1.091719
0.572273
-1.317968
1.095885
0.630614
0.000000
0.000000
0.000000
0.000000
0.000000
0.000000
-1.495752
0.343849
0.787552
-1.436283
0.356034
0.908734
0.000000
0.000000
0.000000
0.000000
0.000000
0.000000
-1.111580
0.615918
0.904379
-1.221004
0.588228
0.993626
-1.025911
0.906154
0.750939
-1.150412
0.864955
0.773735
-1.013475
0.890562
0.750939
-1.129757
0.864716
0.769426
0.000000
0.000000
0.000000
0.000000
0.000000
0.000000
-1.441763
0.597221
0.624439
-1.309165
1.123636
0.860552
0.000000
0.000000
0.000000
0.000000
0.000000
0.000000
-1.276874
0.959990
0.587122
-1.347540
0.859709
0.673365
0.000000
0.000000
0.000000
0.000000
0.000000
0.000000
0.000000
0.000000
0.000000
-0.913929
0.899772
0.553193
0.000000
0.000000
0.000000
0.000000
0.000000
0.000000
-1.421722
0.593584
0.794384
-1.484635
0.573102
0.844694
0.000000
0.000000
0.000000
0.000000
0.000000
0.000000
0.000000
0.000000
0.000000
-1.227778
0.670844
0.775230
0.000000
0.000000
0.000000
0.000000
0.000000
0.000000
0.000000
0.000000
0.000000
-1.137529
0.769272
0.807126
0.000000
0.000000
0.000000
0.000000
0.000000
0.000000
-1.155889
0.979611
0.679454
-1.261479
0.873127
0.660712
0.000000
0.000000
0.000000
0.000000
0.000000
0.000000
-1.086006
1.171008
0.649317
-1.128100
1.199038
0.634888
0.000000
0.000000
0.000000
0.000000
0.000000
0.000000
-1.152093
1.093000
0.703452
-1.209755
1.011390
0.721198
0.000000
0.000000
0.000000
0.000000
0.000000
0.000000
-1.334949
0.510766
0.809524
-1.403781
0.523108
0.830624
-1.288974
0.750746
0.777436
-1.307904
0.732704
0.789209
-1.178032
0.861684
0.755464
-1.187521
0.893834
0.725682
0.000000
0.000000
0.000000
0.000000
0.000000
0.000000
0.000000
0.000000
0.000000
-1.190918
1.082048
0.817430
0.000000
0.000000
0.000000
0.000000
0.000000
0.000000
-1.224309
0.553685
0.726137
-1.157102
0.768632
0.721778
0.000000
0.000000
0.000000
0.000000
0.000000
0.000000
-1.115823
0.778307
0.881520
-1.250765
0.657866
0.831767
0.000000
0.000000
0.000000
0.000000
0.000000
0.000000
0.000000
0.000000
0.000000
-1.345814
0.367073
0.697959
-1.308346
0.840190
0.757898
-1.357130
0.749447
0.795886
-1.273726
0.828021
0.771225
-1.323950
0.733575
0.800065
0.000000
0.000000
0.000000
0.000000
0.000000
0.000000
-1.438613
0.720031
0.794186
-1.456842
0.746604
0.796434
0.000000
0.000000
0.000000
0.000000
0.000000
0.000000
-1.538906
0.743537
0.822507
-1.582771
0.712678
0.821971
0.000000
0.000000
0.000000
0.000000
0.000000
0.000000
-1.319362
0.694563
0.875707
-1.395763
0.689608
0.829748
0.000000
0.000000
0.000000
0.000000
0.000000
0.000000
0.000000
0.000000
0.000000
-1.321901
0.857236
0.638305
0.000000
0.000000
0.000000
0.000000
0.000000
0.000000
-1.138051
0.858425
0.827588
-1.157163
1.215960
0.683285
0.000000
0.000000
0.000000
0.000000
0.000000
0.000000
-1.205759
1.053189
0.514587
-1.236211
1.157086
0.483556
0.000000
0.000000
0.000000
0.000000
0.000000
0.000000
-1.333306
0.535420
0.912987
-1.424973
0.624173
0.818755
0.000000
0.000000
0.000000
0.000000
0.000000
0.000000
0.000000
0.000000
0.000000
-0.951453
1.081400
0.737086
0.000000
0.000000
0.000000
0.000000
0.000000
0.000000
0.000000
0.000000
0.000000
-1.072122
0.660727
0.730687
0.000000
0.000000
0.000000
0.000000
0.000000
0.000000
0.000000
0.000000
0.000000
-1.007079
0.818553
0.799997
0.000000
0.000000
0.000000
0.000000
0.000000
0.000000
-1.310491
0.883634
0.709858
-1.357559
0.885131
0.727973
0.000000
0.000000
0.000000
0.000000
0.000000
0.000000
-1.335819
0.788132
0.933357
-1.369014
0.608872
0.840126
0.000000
0.000000
0.000000
0.000000
0.000000
0.000000
0.000000
0.000000
0.000000
-1.131712
1.256086
0.755624
0.000000
0.000000
0.000000
0.000000
0.000000
0.000000
0.000000
0.000000
0.000000
-1.577322
0.449492
0.709044
0.000000
0.000000
0.000000
0.000000
0.000000
0.000000
-1.315819
1.233014
0.532907
-1.341620
1.077058
0.576559
0.000000
0.000000
0.000000
0.000000
0.000000
0.000000
-1.166442
0.904757
1.048214
-1.224641
0.814347
0.918808
0.000000
0.000000
0.000000
0.000000
0.000000
0.000000
0.000000
0.000000
0.000000
-1.402907
0.752296
0.638715
0.000000
0.000000
0.000000
0.000000
0.000000
0.000000
-1.266371
0.685057
0.880933
-1.313175
0.623252
0.845991
0.000000
0.000000
0.000000
0.000000
0.000000
0.000000
-1.359530
0.806578
0.674928
-1.397117
0.729896
0.746373
0.000000
0.000000
0.000000
0.000000
0.000000
0.000000
-1.238618
0.778385
0.668353
-1.230778
0.779097
0.813922
0.000000
0.000000
0.000000
0.000000
0.000000
0.000000
-1.371884
0.726686
0.745210
-1.431834
0.716000
0.763402
0.000000
0.000000
0.000000
0.000000
0.000000
0.000000
-0.997642
0.997443
0.634125
-1.034273
1.001057
0.585712
0.000000
0.000000
0.000000
0.000000
0.000000
0.000000
-1.292540
0.896348
0.727852
-1.345114
0.835680
0.733368
0.000000
0.000000
0.000000
0.000000
0.000000
0.000000
-1.289018
0.679483
0.753292
-1.337722
0.697381
0.794149
-1.330317
0.740990
0.793061
-1.296259
0.780435
0.793905
-1.359889
0.751987
0.790470
-1.310104
0.790027
0.791928
0.000000
0.000000
0.000000
0.000000
0.000000
0.000000
0.000000
0.000000
0.000000
-0.822510
1.707668
0.686279
0.000000
0.000000
0.000000
0.000000
0.000000
0.000000
0.000000
0.000000
0.000000
-1.173813
0.983940
0.914175
0.000000
0.000000
0.000000
0.000000
0.000000
0.000000
-1.214232
0.750930
0.702160
-1.274240
0.781337
0.747877
0.000000
0.000000
0.000000
0.000000
0.000000
0.000000
-1.272290
0.884452
0.675348
-1.351891
0.867071
0.727019
0.000000
0.000000
0.000000
0.000000
0.000000
0.000000
-1.179020
0.855585
0.829322
-1.148354
0.924522
0.694232
0.000000
0.000000
0.000000
0.000000
0.000000
0.000000
-1.522523
0.495221
0.870293
-1.581371
0.478100
0.864392
0.000000
0.000000
0.000000
0.000000
0.000000
0.000000
-0.828721
1.453644
0.685714
-0.971985
0.984318
0.689038
0.000000
0.000000
0.000000
0.000000
0.000000
0.000000
-1.458068
0.761836
0.722755
-1.418221
0.894105
0.691902
0.000000
0.000000
0.000000
0.000000
0.000000
0.000000
-1.336870
1.009693
0.574441
-1.266008
1.068779
0.695225
0.000000
0.000000
0.000000
0.000000
0.000000
0.000000
-1.149273
0.879420
0.691137
-1.161273
0.958946
0.642794
0.000000
0.000000
0.000000
0.000000
0.000000
0.000000
0.000000
0.000000
0.000000
-1.093191
0.610808
0.767809
0.000000
0.000000
0.000000
0.000000
0.000000
0.000000
-1.270109
1.019293
0.849339
-1.310369
0.825763
0.799693
0.000000
0.000000
0.000000
0.000000
0.000000
0.000000
-0.858544
1.331061
0.779783
-1.012099
0.931726
0.786258
0.000000
0.000000
0.000000
0.000000
0.000000
0.000000
-1.521731
0.869797
0.754817
-1.549409
0.867725
0.758563
0.000000
0.000000
0.000000
0.000000
0.000000
0.000000
-1.301477
0.946853
0.693820
-1.375590
0.879931
0.757424
0.000000
0.000000
0.000000
0.000000
0.000000
0.000000
-1.308083
0.373408
0.926235
-1.270396
0.352993
0.908668
0.000000
0.000000
0.000000
0.000000
0.000000
0.000000
-1.311505
0.655071
0.825561
-1.331336
0.652164
0.819688
0.000000
0.000000
0.000000
0.000000
0.000000
0.000000
-1.293671
0.507768
0.801687
-1.258510
0.542757
0.791597
0.000000
0.000000
0.000000
0.000000
0.000000
0.000000
-1.417975
0.658946
0.750311
-1.381107
0.718487
0.802198
0.000000
0.000000
0.000000
0.000000
0.000000
0.000000
-0.931844
0.747721
0.811434
-1.064163
0.851700
0.772340
0.000000
0.000000
0.000000
0.000000
0.000000
0.000000
-1.460775
0.813075
0.850491
-1.522487
0.702708
0.826365
0.000000
0.000000
0.000000
0.000000
0.000000
0.000000
0.000000
0.000000
0.000000
-1.316238
0.398385
0.712638
0.000000
0.000000
0.000000
0.000000
0.000000
0.000000
-1.434865
0.782223
0.773666
-1.434966
0.851483
0.778239
0.000000
0.000000
0.000000
0.000000
0.000000
0.000000
0.000000
0.000000
0.000000
-1.083106
0.914160
0.650165
0.000000
0.000000
0.000000
0.000000
0.000000
0.000000
-1.434958
0.454377
0.870337
-1.363137
0.542936
0.841545
0.000000
0.000000
0.000000
0.000000
0.000000
0.000000
-1.421085
0.889163
0.711056
-1.465367
0.841091
0.755510
0.000000
0.000000
0.000000
0.000000
0.000000
0.000000
-1.562723
0.475365
0.755946
-1.569777
0.486769
0.925644
0.000000
0.000000
0.000000
0.000000
0.000000
0.000000
-1.281344
1.060351
0.646610
-1.326812
1.047877
0.638693
0.000000
0.000000
0.000000
0.000000
0.000000
0.000000
-1.199954
1.038277
0.727445
-1.186998
1.312178
0.591377
0.000000
0.000000
0.000000
0.000000
0.000000
0.000000
-1.470261
0.791476
0.768711
-1.490552
0.801926
0.778559
0.000000
0.000000
0.000000
0.000000
0.000000
0.000000
-1.544783
0.763067
0.749201
-1.557150
0.931896
0.737852
0.000000
0.000000
0.000000
0.000000
0.000000
0.000000
0.000000
0.000000
0.000000
-1.125642
0.800562
0.639439
0.000000
0.000000
0.000000
0.000000
0.000000
0.000000
-1.149647
0.654570
0.868312
-1.148879
0.638381
0.818447
0.000000
0.000000
0.000000
0.000000
0.000000
0.000000
-1.011829
0.844743
0.706963
-1.182415
0.887021
0.699903
0.000000
0.000000
0.000000
0.000000
0.000000
0.000000
-1.405788
1.084325
0.604234
-1.447293
1.113890
0.599033
0.000000
0.000000
0.000000
0.000000
0.000000
0.000000
-1.082086
0.817663
0.749252
-1.290855
0.751323
0.839349
0.000000
0.000000
0.000000
0.000000
0.000000
0.000000
-1.118453
0.841222
0.782274
-1.223888
0.776910
0.745571
0.000000
0.000000
0.000000
0.000000
0.000000
0.000000
-1.250605
0.771702
0.758642
-1.261039
0.783785
0.716614
0.000000
0.000000
0.000000
0.000000
0.000000
0.000000
-1.285577
0.469836
0.807185
-1.363975
0.433099
0.906129
0.000000
0.000000
0.000000
0.000000
0.000000
0.000000
-1.456720
0.635864
0.868681
-1.543957
0.502440
0.837035
0.000000
0.000000
0.000000
0.000000
0.000000
0.000000
-1.219203
0.518601
0.592795
-1.287174
0.946538
0.813048
0.000000
0.000000
0.000000
0.000000
0.000000
0.000000
-1.332665
0.816515
0.772410
-1.414111
0.742083
0.823313
0.000000
0.000000
0.000000
0.000000
0.000000
0.000000
-1.366058
1.044596
0.712495
-1.386206
0.973563
0.667604
0.000000
0.000000
0.000000
0.000000
0.000000
0.000000
-1.313203
0.587017
1.084988
-1.370601
0.532444
0.948197
0.000000
0.000000
0.000000
0.000000
0.000000
0.000000
0.000000
0.000000
0.000000
-1.342928
0.717354
0.748575
0.000000
0.000000
0.000000
0.000000
0.000000
0.000000
0.000000
0.000000
0.000000
-1.059929
0.876729
0.731704
0.000000
0.000000
0.000000
0.000000
0.000000
0.000000
-0.995331
0.720906
0.663202
-1.217669
0.676658
0.844222
0.000000
0.000000
0.000000
0.000000
0.000000
0.000000
-1.677938
0.405360
0.890758
-1.704995
0.381304
0.892861
0.000000
0.000000
0.000000
0.000000
0.000000
0.000000
-1.271883
0.666384
0.685813
-1.304401
0.663491
0.838154
-1.317931
0.754023
0.764779
-1.349478
0.786706
0.761128
-1.216018
0.771290
0.755134
-1.237399
0.793258
0.747752
0.000000
0.000000
0.000000
0.000000
0.000000
0.000000
-1.506398
1.203781
0.663744
-1.623004
1.205138
0.603380
0.000000
0.000000
0.000000
0.000000
0.000000
0.000000
-1.251316
0.745719
0.762763
-1.265977
0.730780
0.733476
0.000000
0.000000
0.000000
0.000000
0.000000
0.000000
0.000000
0.000000
0.000000
-1.129604
0.816115
0.740083
0.000000
0.000000
0.000000
0.000000
0.000000
0.000000
-1.167276
1.142574
0.671388
-1.156593
1.080838
0.654599
0.000000
0.000000
0.000000
0.000000
0.000000
0.000000
-1.073047
0.574427
0.897653
-1.151729
0.561178
0.780814
0.000000
0.000000
0.000000
0.000000
0.000000
0.000000
-1.033396
1.011115
0.700951
-1.243919
0.709806
0.654983
0.000000
0.000000
0.000000
0.000000
0.000000
0.000000
-1.366696
0.697874
0.663078
-1.424825
0.660436
0.823836
0.000000
0.000000
0.000000
0.000000
0.000000
0.000000
-1.467817
0.623106
0.819344
-1.460643
0.729459
0.835665
0.000000
0.000000
0.000000
0.000000
0.000000
0.000000
-0.893322
1.269535
0.575605
-0.998202
0.922869
0.592844
0.000000
0.000000
0.000000
0.000000
0.000000
0.000000
0.000000
0.000000
0.000000
-1.498710
0.445853
0.665071
0.000000
0.000000
0.000000
0.000000
0.000000
0.000000
-1.411242
0.769623
0.805318
-1.426751
0.808230
0.782444
0.000000
0.000000
0.000000
0.000000
0.000000
0.000000
-1.432502
0.658578
0.743741
-1.536198
0.509165
0.785858
0.000000
0.000000
0.000000
0.000000
0.000000
0.000000
-1.432925
0.646998
0.779453
-1.402182
0.715451
0.839632
0.000000
0.000000
0.000000
0.000000
0.000000
0.000000
-1.141889
0.856403
0.682953
-1.233196
0.811751
0.769053
0.000000
0.000000
0.000000
0.000000
0.000000
0.000000
0.000000
0.000000
0.000000
-1.092378
0.732555
0.680789
0.000000
0.000000
0.000000
0.000000
0.000000
0.000000
-1.203354
0.567064
0.832094
-1.063643
0.773306
0.756250
0.000000
0.000000
0.000000
0.000000
0.000000
0.000000
0.000000
0.000000
0.000000
-1.306035
0.574111
0.825036
0.000000
0.000000
0.000000
0.000000
0.000000
0.000000
-1.403648
0.855386
0.792848
-1.395863
1.113487
0.745358
0.000000
0.000000
0.000000
0.000000
0.000000
0.000000
-1.182618
0.943802
0.712446
-1.239069
0.851985
0.764420
0.000000
0.000000
0.000000
0.000000
0.000000
0.000000
-1.330709
0.960557
0.702879
-1.352192
0.908165
0.741574
0.000000
0.000000
0.000000
0.000000
0.000000
0.000000
0.000000
0.000000
0.000000
-1.162535
0.672873
0.727501
0.000000
0.000000
0.000000
0.000000
0.000000
0.000000
-1.182966
0.689929
0.779581
-1.184634
0.796747
0.765137
0.000000
0.000000
0.000000
0.000000
0.000000
0.000000
-1.223434
0.502614
0.636206
-1.204845
0.469107
0.873328
0.000000
0.000000
0.000000
0.000000
0.000000
0.000000
-1.374842
0.825629
0.753447
-1.402894
0.841253
0.715459
0.000000
0.000000
0.000000
0.000000
0.000000
0.000000
-1.264772
0.943760
0.788891
-1.250053
0.815422
0.636827
0.000000
0.000000
0.000000
0.000000
0.000000
0.000000
-1.194393
0.554154
0.690597
-1.272225
0.573479
0.792399
0.000000
0.000000
0.000000
0.000000
0.000000
0.000000
0.000000
0.000000
0.000000
-1.240548
0.800413
0.781696
0.000000
0.000000
0.000000
0.000000
0.000000
0.000000
-1.243271
0.701047
0.846739
-1.260654
0.659552
0.837631
0.000000
0.000000
0.000000
0.000000
0.000000
0.000000
0.000000
0.000000
0.000000
-1.086163
0.940756
0.728910
0.000000
0.000000
0.000000
0.000000
0.000000
0.000000
0.000000
0.000000
0.000000
-1.202275
0.528343
0.608753
0.000000
0.000000
0.000000
0.000000
0.000000
0.000000
-1.276618
0.733848
0.739805
-1.206753
0.991764
0.747704
0.000000
0.000000
0.000000
0.000000
0.000000
0.000000
-1.277225
0.817917
0.745085
-1.324052
0.872014
0.755784
0.000000
0.000000
0.000000
0.000000
0.000000
0.000000
-1.409059
0.446317
0.691092
-1.360632
0.369363
0.970440
0.000000
0.000000
0.000000
0.000000
0.000000
0.000000
0.000000
0.000000
0.000000
-1.324422
0.507930
0.623858
0.000000
0.000000
0.000000
0.000000
0.000000
0.000000
-1.410716
0.597399
0.816706
-1.437857
0.633438
0.831943
0.000000
0.000000
0.000000
0.000000
0.000000
0.000000
-1.291362
1.183237
0.627025
-1.356132
1.225510
0.549903
0.000000
0.000000
0.000000
-1.301886
0.679532
0.901065
0.000000
0.000000
0.000000
-1.272757
0.696513
0.901065
0.000000
0.000000
0.000000
0.000000
0.000000
0.000000
-1.481387
0.578832
0.826550
-1.424701
0.604532
0.808673
0.000000
0.000000
0.000000
0.000000
0.000000
0.000000
-1.140793
0.757021
0.807153
-1.151986
0.811980
0.669949
0.000000
0.000000
0.000000
0.000000
0.000000
0.000000
-1.131453
0.568915
0.727015
-1.205082
0.634825
0.863405
0.000000
0.000000
0.000000
0.000000
0.000000
0.000000
-1.211446
0.941921
0.883348
-1.300126
0.921446
0.799110
0.000000
0.000000
0.000000
0.000000
0.000000
0.000000
-1.574227
0.306966
0.892803
-1.636277
0.266547
0.899508
0.000000
0.000000
0.000000
0.000000
0.000000
0.000000
-1.430519
1.142888
0.630446
-1.459895
1.151842
0.633702
0.000000
0.000000
0.000000
0.000000
0.000000
0.000000
0.000000
0.000000
0.000000
-1.047920
0.705688
0.642349
0.000000
0.000000
0.000000
0.000000
0.000000
0.000000
-1.688583
0.662826
0.830872
-1.722162
0.649211
0.836154
0.000000
0.000000
0.000000
0.000000
0.000000
0.000000
-1.332628
0.650855
1.146178
-1.405356
0.495066
0.956954
0.000000
0.000000
0.000000
0.000000
0.000000
0.000000
-1.240586
0.995412
0.622922
-1.318712
0.893737
0.744478
0.000000
0.000000
0.000000
0.000000
0.000000
0.000000
-1.377755
0.897686
0.718070
-1.413955
0.882009
0.731144
0.000000
0.000000
0.000000
0.000000
0.000000
0.000000
-1.150594
0.929946
0.696932
-1.151239
1.054528
0.714926
0.000000
0.000000
0.000000
0.000000
0.000000
0.000000
-1.400010
0.666179
0.803706
-1.457994
0.635967
0.822405
0.000000
0.000000
0.000000
0.000000
0.000000
0.000000
0.000000
0.000000
0.000000
-1.527728
0.735500
0.699943
0.000000
0.000000
0.000000
0.000000
0.000000
0.000000
-1.179633
0.730735
0.632321
-1.162707
1.084320
0.626767
0.000000
0.000000
0.000000
0.000000
0.000000
0.000000
0.000000
0.000000
0.000000
-1.462380
0.698777
0.767482
0.000000
0.000000
0.000000
0.000000
0.000000
0.000000
-1.010012
1.083111
0.516071
-1.111513
1.398964
0.461348
0.000000
0.000000
0.000000
0.000000
0.000000
0.000000
-1.664440
0.426494
0.897895
-1.713541
0.384156
0.884606
0.000000
0.000000
0.000000
0.000000
0.000000
0.000000
0.000000
0.000000
0.000000
-1.004756
1.232907
0.639675
0.000000
0.000000
0.000000
0.000000
0.000000
0.000000
0.000000
0.000000
0.000000
-1.449097
0.699617
0.778347
0.000000
0.000000
0.000000
0.000000
0.000000
0.000000
-1.532105
0.808132
0.873491
-1.563658
0.715367
0.849537
0.000000
0.000000
0.000000
0.000000
0.000000
0.000000
-1.336688
1.092976
0.719125
-1.389689
1.094754
0.685519
0.000000
0.000000
0.000000
0.000000
0.000000
0.000000
-1.377166
0.928541
0.639354
-1.453379
0.787561
0.714808
0.000000
0.000000
0.000000
0.000000
0.000000
0.000000
-1.379755
0.769033
0.784264
-1.366638
0.814156
0.769785
-1.025137
0.673960
0.817834
-1.001791
0.811136
0.767272
-1.035848
0.681070
0.822045
-1.009643
0.814107
0.767946
0.000000
0.000000
0.000000
0.000000
0.000000
0.000000
-1.344999
0.766639
0.764253
-1.399467
0.764691
0.734937
0.000000
0.000000
0.000000
0.000000
0.000000
0.000000
-1.320134
0.414450
1.123160
-1.260299
0.437428
0.986296
0.000000
0.000000
0.000000
0.000000
0.000000
0.000000
-1.194184
0.830339
0.721510
-1.203551
0.890680
0.665766
0.000000
0.000000
0.000000
0.000000
0.000000
0.000000
-1.203185
0.988177
0.818330
-1.261890
0.840036
0.738300
0.000000
0.000000
0.000000
0.000000
0.000000
0.000000
-1.494810
1.013080
0.704866
-1.523068
1.069563
0.702800
0.000000
0.000000
0.000000
0.000000
0.000000
0.000000
0.000000
0.000000
0.000000
-1.217256
0.659642
0.707106
0.000000
0.000000
0.000000
-1.017234
0.592978
0.851054
0.000000
0.000000
0.000000
-0.973733
0.603714
0.851054
0.000000
0.000000
0.000000
0.000000
0.000000
0.000000
-1.453118
0.503264
0.854803
-1.461503
0.472505
0.838565
0.000000
0.000000
0.000000
0.000000
0.000000
0.000000
-1.301481
0.544399
0.903147
-1.448155
0.463697
0.883654
0.000000
0.000000
0.000000
0.000000
0.000000
0.000000
-1.351231
0.462088
0.839058
-1.287132
0.500953
0.838097
0.000000
0.000000
0.000000
0.000000
0.000000
0.000000
0.000000
0.000000
0.000000
-1.074387
0.894316
0.752557
0.000000
0.000000
0.000000
0.000000
0.000000
0.000000
-1.372159
0.383404
1.395270
-1.381872
0.342233
1.108436
0.000000
0.000000
0.000000
0.000000
0.000000
0.000000
-1.330688
0.638333
0.903126
-1.387090
0.735211
0.830195
0.000000
0.000000
0.000000
0.000000
0.000000
0.000000
0.000000
0.000000
0.000000
-1.107224
0.764291
0.881503
0.000000
0.000000
0.000000
0.000000
0.000000
0.000000
-1.190991
0.500817
0.983449
-1.333412
0.425247
0.875619
0.000000
0.000000
0.000000
0.000000
0.000000
0.000000
-1.417950
0.434786
0.841148
-1.547005
0.395634
0.843738
0.000000
0.000000
0.000000
0.000000
0.000000
0.000000
-0.944951
1.334152
0.589196
-1.046639
1.143439
0.575857
0.000000
0.000000
0.000000
0.000000
0.000000
0.000000
0.000000
0.000000
0.000000
-1.189069
0.938190
0.731392
0.000000
0.000000
0.000000
0.000000
0.000000
0.000000
-1.160676
0.719049
0.825864
-1.138840
0.910916
0.768800
0.000000
0.000000
0.000000
0.000000
0.000000
0.000000
-1.396813
0.494812
0.843478
-1.477491
0.482518
0.793695
0.000000
0.000000
0.000000
0.000000
0.000000
0.000000
0.000000
0.000000
0.000000
-1.080794
0.648411
0.728178
0.000000
0.000000
0.000000
0.000000
0.000000
0.000000
0.000000
0.000000
0.000000
-1.005408
0.948507
0.876564
0.000000
0.000000
0.000000
0.000000
0.000000
0.000000
-1.127338
0.729715
0.913876
-1.195824
0.641659
0.858739
0.000000
0.000000
0.000000
0.000000
0.000000
0.000000
0.000000
0.000000
0.000000
-0.960298
0.907459
0.699613
0.000000
0.000000
0.000000
0.000000
0.000000
0.000000
-1.341589
1.334933
0.950506
-1.389824
1.169724
0.777071
-1.226176
0.483911
0.853175
-1.203423
0.582666
0.859924
-1.206287
0.495054
0.848214
-1.173501
0.587718
0.857907
0.000000
0.000000
0.000000
0.000000
0.000000
0.000000
-1.414106
0.755012
0.873380
-1.440257
0.776768
0.801052
0.000000
0.000000
0.000000
0.000000
0.000000
0.000000
-1.232780
0.951400
0.572831
-1.279058
0.953698
0.653061
0.000000
0.000000
0.000000
0.000000
0.000000
0.000000
0.000000
0.000000
0.000000
-1.129901
0.801531
0.701506
0.000000
0.000000
0.000000
0.000000
0.000000
0.000000
-1.413861
0.598363
0.851591
-1.391490
0.702181
0.844331
0.000000
0.000000
0.000000
0.000000
0.000000
0.000000
-1.204065
0.662855
0.789238
-1.279283
0.629015
0.780581
-1.423986
0.431179
0.649560
-1.235336
0.597787
0.941232
-1.412263
0.435587
0.649560
-1.219207
0.586704
0.941232
0.000000
0.000000
0.000000
0.000000
0.000000
0.000000
-1.295279
0.887911
0.722554
-1.314119
0.791272
0.777542
0.000000
0.000000
0.000000
0.000000
0.000000
0.000000
-1.478782
0.564569
0.841169
-1.494108
0.562413
0.852690
0.000000
0.000000
0.000000
0.000000
0.000000
0.000000
-1.052077
0.713495
0.761263
-1.042960
1.103981
0.686476
0.000000
0.000000
0.000000
0.000000
0.000000
0.000000
-1.053799
1.237579
0.717525
-1.007040
1.207417
0.594723
0.000000
0.000000
0.000000
0.000000
0.000000
0.000000
-1.185653
0.944345
0.587393
-1.196802
1.169719
0.534679
-1.167001
0.707050
0.783544
-1.174371
0.718702
0.786623
-1.176713
0.695017
0.787710
-1.182619
0.708689
0.790724
0.000000
0.000000
0.000000
0.000000
0.000000
0.000000
0.000000
0.000000
0.000000
-1.350764
0.884508
0.864062
-1.362012
1.048628
0.652057
-1.382196
1.045407
0.658502
-1.280994
1.034444
0.644773
-1.292537
1.030311
0.649866
0.000000
0.000000
0.000000
0.000000
0.000000
0.000000
-1.170803
0.519550
0.816064
-1.193830
0.378028
0.865181
-1.107805
1.092698
0.650109
-1.100076
1.086639
0.714032
-1.040668
1.410456
0.649282
-1.150592
1.059646
0.723067
0.000000
0.000000
0.000000
0.000000
0.000000
0.000000
-1.133371
0.604391
0.785771
-1.152101
0.714500
0.763142
0.000000
0.000000
0.000000
0.000000
0.000000
0.000000
-1.445216
0.537953
0.991758
-1.543431
0.415806
0.929616
0.000000
0.000000
0.000000
0.000000
0.000000
0.000000
0.000000
0.000000
0.000000
-1.127461
0.677998
0.777595
0.000000
0.000000
0.000000
0.000000
0.000000
0.000000
0.000000
0.000000
0.000000
-1.306923
0.872931
0.716554
0.000000
0.000000
0.000000
0.000000
0.000000
0.000000
-1.393713
0.614608
0.757536
-1.309272
0.764672
0.821182
0.000000
0.000000
0.000000
0.000000
0.000000
0.000000
-1.098257
1.130908
0.657511
-1.191892
0.954301
0.626146
0.000000
0.000000
0.000000
0.000000
0.000000
0.000000
-1.109749
0.543987
0.785968
-1.149070
0.614622
0.772290
0.000000
0.000000
0.000000
0.000000
0.000000
0.000000
0.000000
0.000000
0.000000
-1.192837
1.030301
0.954009
0.000000
0.000000
0.000000
0.000000
0.000000
0.000000
-1.010455
0.893348
0.731593
-1.122251
0.717896
0.730238
0.000000
0.000000
0.000000
0.000000
0.000000
0.000000
-1.522060
0.447438
0.885234
-1.520445
0.463243
0.879385
0.000000
0.000000
0.000000
0.000000
0.000000
0.000000
-1.135880
0.737844
0.781492
-1.152084
0.689997
0.802092
0.000000
0.000000
0.000000
0.000000
0.000000
0.000000
-1.156717
0.754165
0.786789
-1.201308
0.710161
0.793322
0.000000
0.000000
0.000000
0.000000
0.000000
0.000000
-1.227615
0.602037
0.780907
-1.361349
0.458846
0.838712
0.000000
0.000000
0.000000
0.000000
0.000000
0.000000
-1.219685
0.917997
0.583257
-1.124832
1.320282
0.525361
0.000000
0.000000
0.000000
0.000000
0.000000
0.000000
0.000000
0.000000
0.000000
-1.447966
0.609173
0.831595
0.000000
0.000000
0.000000
0.000000
0.000000
0.000000
-1.127355
0.611329
0.727294
-1.186513
0.600052
0.755887
0.000000
0.000000
0.000000
0.000000
0.000000
0.000000
0.000000
0.000000
0.000000
-1.413642
0.791168
0.980469
0.000000
0.000000
0.000000
0.000000
0.000000
0.000000
-1.400884
0.867777
0.721670
-1.451562
0.851580
0.741276
0.000000
0.000000
0.000000
0.000000
0.000000
0.000000
-1.196044
0.651196
0.779154
-1.263115
0.562553
0.849789
0.000000
0.000000
0.000000
0.000000
0.000000
0.000000
-1.052505
1.066057
0.681536
-1.210201
0.880905
0.602385
0.000000
0.000000
0.000000
0.000000
0.000000
0.000000
-1.245879
0.892315
0.998277
-1.339779
0.674858
0.844341
0.000000
0.000000
0.000000
0.000000
0.000000
0.000000
0.000000
0.000000
0.000000
-1.291623
0.539733
0.614741
0.000000
0.000000
0.000000
0.000000
0.000000
0.000000
0.000000
0.000000
0.000000
-1.332515
0.872155
0.779875
0.000000
0.000000
0.000000
0.000000
0.000000
0.000000
-1.129208
1.000244
0.679299
-1.213469
1.034911
0.670514
0.000000
0.000000
0.000000
0.000000
0.000000
0.000000
-1.362334
0.958574
0.727264
-1.367894
1.097746
0.662598
0.000000
0.000000
0.000000
0.000000
0.000000
0.000000
-1.398453
0.918165
0.705427
-1.432888
0.933764
0.723632
0.000000
0.000000
0.000000
0.000000
0.000000
0.000000
0.000000
0.000000
0.000000
-1.321183
0.729998
0.873850
0.000000
0.000000
0.000000
0.000000
0.000000
0.000000
-1.482787
0.318297
0.891603
-1.503639
0.314219
0.889733
0.000000
0.000000
0.000000
0.000000
0.000000
0.000000
-1.210221
0.910887
0.686883
-1.262570
0.960746
0.719323
0.000000
0.000000
0.000000
0.000000
0.000000
0.000000
-1.203113
0.993978
0.606812
-1.252621
0.974620
0.632358
0.000000
0.000000
0.000000
0.000000
0.000000
0.000000
0.000000
0.000000
0.000000
-1.567817
0.898429
0.757946
0.000000
0.000000
0.000000
0.000000
0.000000
0.000000
-1.107569
0.828960
0.752016
-1.172314
0.751410
0.858162
0.000000
0.000000
0.000000
0.000000
0.000000
0.000000
-1.288355
0.420716
0.812967
-1.114787
0.658584
0.836258
0.000000
0.000000
0.000000
0.000000
0.000000
0.000000
-1.227794
1.043885
0.574912
-1.275354
0.977998
0.624218
0.000000
0.000000
0.000000
0.000000
0.000000
0.000000
0.000000
0.000000
0.000000
-0.947232
0.939562
0.795726
0.000000
0.000000
0.000000
0.000000
0.000000
0.000000
0.000000
0.000000
0.000000
-1.400229
0.540237
0.655569
0.000000
0.000000
0.000000
0.000000
0.000000
0.000000
-1.211714
0.885379
0.635716
-1.272586
1.051193
0.695638
0.000000
0.000000
0.000000
0.000000
0.000000
0.000000
0.000000
0.000000
0.000000
-1.268629
1.061058
0.707075
0.000000
0.000000
0.000000
0.000000
0.000000
0.000000
-1.431562
0.852011
0.822589
-1.448866
0.768446
0.828831
0.000000
0.000000
0.000000
0.000000
0.000000
0.000000
0.000000
0.000000
0.000000
-1.132645
0.532075
0.791547
-1.412812
0.637170
0.827379
-1.432192
0.628313
0.815126
-1.363485
0.613034
0.828069
-1.381576
0.591352
0.826717
0.000000
0.000000
0.000000
0.000000
0.000000
0.000000
-1.381106
0.795211
0.760056
-1.414228
0.808376
0.760333
0.000000
0.000000
0.000000
0.000000
0.000000
0.000000
-0.932928
1.250064
0.726391
-1.116861
0.933989
0.678389
0.000000
0.000000
0.000000
0.000000
0.000000
0.000000
-1.249844
0.423258
0.672731
-1.339246
0.368932
1.082859
0.000000
0.000000
0.000000
0.000000
0.000000
0.000000
-1.147697
0.919330
0.694668
-1.246199
0.798396
0.651406
0.000000
0.000000
0.000000
0.000000
0.000000
0.000000
-1.219637
0.669170
0.771323
-1.272185
0.641483
0.819286
0.000000
0.000000
0.000000
0.000000
0.000000
0.000000
0.000000
0.000000
0.000000
-1.418781
0.385874
0.864197
-1.277408
0.484395
0.724322
-1.254572
0.653785
0.828794
-1.270635
0.492441
0.724322
-1.201533
0.764000
0.855606
0.000000
0.000000
0.000000
0.000000
0.000000
0.000000
-1.330628
0.719876
0.640861
-1.386281
0.634121
0.860644
0.000000
0.000000
0.000000
0.000000
0.000000
0.000000
-1.105616
0.838095
0.681906
-1.233238
0.878900
0.707451
0.000000
0.000000
0.000000
0.000000
0.000000
0.000000
-1.161310
0.630036
0.648582
-1.307969
0.598223
0.847011
0.000000
0.000000
0.000000
0.000000
0.000000
0.000000
0.000000
0.000000
0.000000
-1.314005
0.668989
0.724608
0.000000
0.000000
0.000000
0.000000
0.000000
0.000000
0.000000
0.000000
0.000000
-1.328020
0.397487
0.709602
0.000000
0.000000
0.000000
0.000000
0.000000
0.000000
0.000000
0.000000
0.000000
-1.335307
0.785827
0.869311
0.000000
0.000000
0.000000
0.000000
0.000000
0.000000
-0.994493
1.038206
0.507040
-1.087023
0.975541
0.613659
0.000000
0.000000
0.000000
0.000000
0.000000
0.000000
-1.757191
0.521501
0.845924
-1.761127
0.538435
0.869725
0.000000
0.000000
0.000000
0.000000
0.000000
0.000000
-1.369632
0.468729
0.828588
-1.298830
0.701990
0.835427
0.000000
0.000000
0.000000
0.000000
0.000000
0.000000
-1.108858
0.769232
0.667128
-1.137111
0.714867
0.643811
0.000000
0.000000
0.000000
0.000000
0.000000
0.000000
-1.186030
0.692795
0.835346
-1.130296
0.683965
0.797804
-0.994886
0.932611
0.742827
-1.197419
0.648847
0.724247
-1.006038
0.918049
0.797786
-1.188263
0.649160
0.729401
0.000000
0.000000
0.000000
0.000000
0.000000
0.000000
0.000000
0.000000
0.000000
-0.991906
1.130306
0.621977
0.000000
0.000000
0.000000
0.000000
0.000000
0.000000
-1.109439
1.003777
0.617584
-1.109240
1.297460
0.433435
0.000000
0.000000
0.000000
0.000000
0.000000
0.000000
-1.239866
0.560628
0.787503
-1.347976
0.404029
0.845893
0.000000
0.000000
0.000000
0.000000
0.000000
0.000000
-1.581235
0.520381
0.885667
-1.512338
0.752547
0.826654
0.000000
0.000000
0.000000
0.000000
0.000000
0.000000
-1.334478
0.629224
0.692628
-1.276963
0.874818
0.739332
0.000000
0.000000
0.000000
0.000000
0.000000
0.000000
0.000000
0.000000
0.000000
-1.215492
0.938920
0.615197
0.000000
0.000000
0.000000
0.000000
0.000000
0.000000
-1.239184
0.858787
0.661840
-1.229740
1.206104
0.548161
0.000000
0.000000
0.000000
0.000000
0.000000
0.000000
-1.194119
0.734054
0.768849
-1.193011
0.836582
0.732424
0.000000
0.000000
0.000000
0.000000
0.000000
0.000000
-1.384620
0.505048
0.909844
-1.502344
0.370139
0.885992
0.000000
0.000000
0.000000
-1.141935
0.570676
0.702716
0.000000
0.000000
0.000000
-1.096044
0.581926
0.702716
0.000000
0.000000
0.000000
0.000000
0.000000
0.000000
0.000000
0.000000
0.000000
-1.274149
0.700381
0.815291
0.000000
0.000000
0.000000
0.000000
0.000000
0.000000
-1.431652
0.482994
0.736984
-1.514851
0.460938
0.921431
0.000000
0.000000
0.000000
0.000000
0.000000
0.000000
-1.433568
0.708324
0.798938
-1.456858
0.718061
0.800997
0.000000
0.000000
0.000000
0.000000
0.000000
0.000000
-1.081599
0.882657
0.698511
-1.206150
0.798890
0.749153
0.000000
0.000000
0.000000
0.000000
0.000000
0.000000
-1.134721
0.718991
0.738666
-1.211484
0.757384
0.765336
0.000000
0.000000
0.000000
0.000000
0.000000
0.000000
-1.310011
0.732360
0.805647
-1.319393
0.831905
0.765704
0.000000
0.000000
0.000000
0.000000
0.000000
0.000000
-1.186614
0.809443
0.888348
-1.197852
0.889794
0.843592
0.000000
0.000000
0.000000
0.000000
0.000000
0.000000
0.000000
0.000000
0.000000
-1.255729
0.591681
0.814228
0.000000
0.000000
0.000000
0.000000
0.000000
0.000000
-1.159719
0.713039
0.689906
-1.126747
0.756494
0.793048
0.000000
0.000000
0.000000
0.000000
0.000000
0.000000
-1.328952
0.966343
0.720731
-1.351774
0.947193
0.685497
0.000000
0.000000
0.000000
0.000000
0.000000
0.000000
-1.327428
0.796327
0.745261
-1.336660
0.793187
0.781048
0.000000
0.000000
0.000000
0.000000
0.000000
0.000000
-1.470135
0.540438
0.780148
-1.413436
0.690423
0.856443
0.000000
0.000000
0.000000
0.000000
0.000000
0.000000
0.000000
0.000000
0.000000
-0.922595
0.967494
0.634281
0.000000
0.000000
0.000000
0.000000
0.000000
0.000000
0.000000
0.000000
0.000000
-1.174829
0.647571
0.905951
0.000000
0.000000
0.000000
0.000000
0.000000
0.000000
0.000000
0.000000
0.000000
-1.050179
0.908201
0.782912
-1.302559
0.490569
0.706552
-1.356879
0.442933
0.865570
-1.300990
0.490691
0.706552
-1.359041
0.442262
0.865570
0.000000
0.000000
0.000000
0.000000
0.000000
0.000000
-1.147909
0.859633
0.755068
-1.242059
0.739046
0.728293
0.000000
0.000000
0.000000
0.000000
0.000000
0.000000
-1.205971
0.876675
0.625121
-1.203868
0.939280
0.707751
0.000000
0.000000
0.000000
0.000000
0.000000
0.000000
-1.360532
0.837305
0.797843
-1.441875
0.951716
0.725435
0.000000
0.000000
0.000000
0.000000
0.000000
0.000000
-1.178359
0.806743
0.686680
-1.235103
0.835698
0.716105
0.000000
0.000000
0.000000
0.000000
0.000000
0.000000
-1.347355
0.795406
0.798243
-1.376208
0.734374
0.816493
0.000000
0.000000
0.000000
0.000000
0.000000
0.000000
-1.184459
0.547068
1.071399
-1.311240
0.353624
0.928692
0.000000
0.000000
0.000000
0.000000
0.000000
0.000000
-1.330193
0.793492
0.728690
-1.256228
1.013216
0.688736
0.000000
0.000000
0.000000
0.000000
0.000000
0.000000
-1.311945
0.647177
0.783260
-1.358658
0.711915
0.805086
0.000000
0.000000
0.000000
0.000000
0.000000
0.000000
-1.154923
0.634574
0.818270
-1.197911
0.713668
0.748747
0.000000
0.000000
0.000000
-1.101895
0.660518
0.876354
0.000000
0.000000
0.000000
-1.099248
0.660910
0.876354
-1.287174
0.994958
0.647952
-1.330951
0.948173
0.684536
-1.263969
0.999606
0.645902
-1.283376
0.942043
0.682558
0.000000
0.000000
0.000000
0.000000
0.000000
0.000000
-1.112209
0.683166
0.709630
-1.120781
0.727697
0.760810
0.000000
0.000000
0.000000
0.000000
0.000000
0.000000
-1.304707
0.957588
0.664710
-1.340378
0.988966
0.737388
0.000000
0.000000
0.000000
0.000000
0.000000
0.000000
-1.258227
0.601359
0.818754
-1.336031
0.607577
0.832008
0.000000
0.000000
0.000000
0.000000
0.000000
0.000000
-1.828767
0.406744
0.894116
-1.845652
0.358633
0.899069
0.000000
0.000000
0.000000
0.000000
0.000000
0.000000
-1.521826
1.030355
0.670964
-1.546272
1.033345
0.678582
0.000000
0.000000
0.000000
0.000000
0.000000
0.000000
0.000000
0.000000
0.000000
-1.311093
0.494619
0.608194
0.000000
0.000000
0.000000
0.000000
0.000000
0.000000
-1.613859
0.523941
0.925487
-1.603066
0.490666
0.898508
0.000000
0.000000
0.000000
0.000000
0.000000
0.000000
-1.072736
0.888372
0.823955
-1.067404
0.736132
0.819860
0.000000
0.000000
0.000000
0.000000
0.000000
0.000000
-1.283655
0.652236
0.696790
-1.184695
0.839709
0.701418
0.000000
0.000000
0.000000
0.000000
0.000000
0.000000
-1.130330
1.073648
0.814607
-1.107742
1.077249
0.671248
0.000000
0.000000
0.000000
0.000000
0.000000
0.000000
0.000000
0.000000
0.000000
-1.113164
1.575180
0.804798
0.000000
0.000000
0.000000
0.000000
0.000000
0.000000
-1.476927
0.940773
0.689146
-1.521616
0.841637
0.708536
0.000000
0.000000
0.000000
0.000000
0.000000
0.000000
0.000000
0.000000
0.000000
-1.295431
0.951784
0.777081
0.000000
0.000000
0.000000
0.000000
0.000000
0.000000
-1.058093
1.680229
0.643078
-1.259142
0.980647
0.719263
0.000000
0.000000
0.000000
0.000000
0.000000
0.000000
-1.368746
0.510995
0.939558
-1.433428
0.426922
0.879259
0.000000
0.000000
0.000000
0.000000
0.000000
0.000000
0.000000
0.000000
0.000000
-1.287649
0.883445
0.673715
0.000000
0.000000
0.000000
0.000000
0.000000
0.000000
-1.150682
0.690499
1.051932
-1.244882
0.650823
0.912842
0.000000
0.000000
0.000000
0.000000
0.000000
0.000000
-1.189443
0.572419
0.747913
-1.249312
0.547093
0.758505
-0.887058
0.824381
0.732676
-0.984004
0.776218
0.788429
-0.865577
0.830972
0.732676
-0.958393
0.764542
0.788429
0.000000
0.000000
0.000000
0.000000
0.000000
0.000000
-1.400282
0.771860
0.845374
-1.441674
0.743736
0.796380
0.000000
0.000000
0.000000
0.000000
0.000000
0.000000
-1.324623
0.462880
0.861840
-1.285346
0.509939
0.830146
0.000000
0.000000
0.000000
0.000000
0.000000
0.000000
0.000000
0.000000
0.000000
-0.883231
0.772945
0.743259
0.000000
0.000000
0.000000
0.000000
0.000000
0.000000
-1.306644
0.502926
0.875954
-1.357046
0.447756
0.865547
0.000000
0.000000
0.000000
0.000000
0.000000
0.000000
-1.146603
0.688350
0.754937
-1.209115
0.626204
0.796095
0.000000
0.000000
0.000000
0.000000
0.000000
0.000000
-1.420081
0.653710
0.828439
-1.465348
0.700123
0.868231
0.000000
0.000000
0.000000
0.000000
0.000000
0.000000
-1.665818
0.638119
0.821866
-1.687585
0.560247
0.860820
0.000000
0.000000
0.000000
0.000000
0.000000
0.000000
-1.466166
0.738390
0.793230
-1.516129
0.782855
0.799710
0.000000
0.000000
0.000000
0.000000
0.000000
0.000000
0.000000
0.000000
0.000000
-1.171138
0.515974
0.749313
0.000000
0.000000
0.000000
0.000000
0.000000
0.000000
-1.345322
1.236862
0.540976
-1.399792
1.175350
0.593289
0.000000
0.000000
0.000000
0.000000
0.000000
0.000000
-1.179362
1.434788
0.823339
-1.284658
1.186153
0.653075
0.000000
0.000000
0.000000
0.000000
0.000000
0.000000
-1.116108
0.929214
0.793536
-1.150048
0.819964
0.760823
0.000000
0.000000
0.000000
0.000000
0.000000
0.000000
-1.114009
0.779262
0.783592
-1.154388
0.813287
0.759358
0.000000
0.000000
0.000000
0.000000
0.000000
0.000000
-1.128926
1.037773
0.619811
-1.134919
1.046810
0.651357
0.000000
0.000000
0.000000
0.000000
0.000000
0.000000
-1.155924
0.952792
0.660006
-1.251828
0.825309
0.728012
0.000000
0.000000
0.000000
0.000000
0.000000
0.000000
-1.013980
0.759240
0.771689
-1.061368
1.077364
0.757444
-1.713784
0.294253
0.902305
-1.738575
0.284942
0.902550
-1.685863
0.295264
0.901603
-1.700997
0.293796
0.901669
0.000000
0.000000
0.000000
0.000000
0.000000
0.000000
-1.179537
1.032720
0.723046
-1.145106
0.940378
0.710869
0.000000
0.000000
0.000000
0.000000
0.000000
0.000000
0.000000
0.000000
0.000000
-1.666478
0.486676
0.832606
0.000000
0.000000
0.000000
0.000000
0.000000
0.000000
-1.039706
1.153315
0.798883
-1.108387
0.931848
0.839636
0.000000
0.000000
0.000000
0.000000
0.000000
0.000000
-1.281896
1.089384
0.564020
-1.294232
1.167511
0.544325
-1.114372
0.814544
0.737674
-1.077347
0.940709
0.702742
-1.104805
0.836802
0.738150
-1.075487
0.961607
0.692831
0.000000
0.000000
0.000000
0.000000
0.000000
0.000000
-1.336082
0.876706
0.733506
-1.364695
0.924346
0.725420
0.000000
0.000000
0.000000
0.000000
0.000000
0.000000
-1.424044
0.541042
0.729581
-1.455380
0.518919
0.979614
0.000000
0.000000
0.000000
0.000000
0.000000
0.000000
0.000000
0.000000
0.000000
-1.287993
1.061246
0.596047
0.000000
0.000000
0.000000
0.000000
0.000000
0.000000
-0.869810
1.098075
0.683442
-0.990752
0.939568
0.718494
0.000000
0.000000
0.000000
0.000000
0.000000
0.000000
-1.231674
0.627101
0.843028
-1.285307
0.599126
0.827628
0.000000
0.000000
0.000000
0.000000
0.000000
0.000000
-1.279503
1.072212
0.579685
-1.320293
1.042717
0.605108
-1.342639
0.839471
0.810302
-1.307000
0.863512
0.775006
-1.307866
0.854486
0.807666
-1.252332
0.893099
0.777996
0.000000
0.000000
0.000000
0.000000
0.000000
0.000000
-1.403364
0.446524
0.898871
-1.424352
0.469642
0.915663
0.000000
0.000000
0.000000
0.000000
0.000000
0.000000
-1.296066
0.976531
0.841545
-1.428852
0.899027
0.715741
0.000000
0.000000
0.000000
0.000000
0.000000
0.000000
-1.077247
1.039146
0.652778
-1.105491
1.001310
0.542762
0.000000
0.000000
0.000000
0.000000
0.000000
0.000000
-1.018369
0.604825
0.642256
-1.253657
0.484657
0.840372
0.000000
0.000000
0.000000
0.000000
0.000000
0.000000
-1.299005
0.810593
0.704523
-1.229487
1.159156
0.726107
0.000000
0.000000
0.000000
0.000000
0.000000
0.000000
-1.350401
0.859148
0.725680
-1.374961
0.837424
0.748240
0.000000
0.000000
0.000000
0.000000
0.000000
0.000000
-1.463960
0.610763
0.831290
-1.462299
0.573914
0.809608
0.000000
0.000000
0.000000
0.000000
0.000000
0.000000
-1.164042
0.975519
0.626517
-1.184203
0.927051
0.673861
0.000000
0.000000
0.000000
0.000000
0.000000
0.000000
-1.185563
1.200266
0.764697
-1.324745
1.027420
0.631042
0.000000
0.000000
0.000000
0.000000
0.000000
0.000000
-1.165441
1.149297
0.587804
-1.211996
1.085344
0.598257
0.000000
0.000000
0.000000
0.000000
0.000000
0.000000
-1.056537
1.040442
0.732840
-1.027277
1.024593
0.823845
0.000000
0.000000
0.000000
0.000000
0.000000
0.000000
0.000000
0.000000
0.000000
-1.097625
0.483819
0.645847
0.000000
0.000000
0.000000
0.000000
0.000000
0.000000
-1.448337
0.634552
0.851697
-1.498177
0.517892
0.822575
0.000000
0.000000
0.000000
0.000000
0.000000
0.000000
-1.351154
1.029498
0.657647
-1.406091
0.964412
0.698698
0.000000
0.000000
0.000000
0.000000
0.000000
0.000000
-1.367843
0.476031
0.906320
-1.496016
0.486893
0.898347
0.000000
0.000000
0.000000
0.000000
0.000000
0.000000
-1.205640
0.942234
0.722507
-1.194900
0.861853
0.743416
0.000000
0.000000
0.000000
0.000000
0.000000
0.000000
-1.160457
0.566599
0.936601
-1.073947
0.577976
0.824724
0.000000
0.000000
0.000000
0.000000
0.000000
0.000000
-1.350909
0.690422
0.806382
-1.399928
0.645299
0.811936
0.000000
0.000000
0.000000
0.000000
0.000000
0.000000
-1.125257
0.967099
0.570731
-1.179402
0.908964
0.628442
-1.301711
0.556335
0.710011
-1.154748
0.865574
0.820513
-1.288223
0.558061
0.710011
-1.151231
0.847961
0.820513
0.000000
0.000000
0.000000
0.000000
0.000000
0.000000
0.000000
0.000000
0.000000
-1.124755
0.743277
0.670902
0.000000
0.000000
0.000000
0.000000
0.000000
0.000000
-1.398047
0.631183
0.902540
-1.439626
0.882427
0.836604
0.000000
0.000000
0.000000
0.000000
0.000000
0.000000
0.000000
0.000000
0.000000
-1.303910
0.928867
0.606126
0.000000
0.000000
0.000000
0.000000
0.000000
0.000000
0.000000
0.000000
0.000000
-1.276454
0.716362
0.819788
0.000000
0.000000
0.000000
0.000000
0.000000
0.000000
-1.085199
1.188823
0.773183
-1.290284
0.903391
0.657356
0.000000
0.000000
0.000000
0.000000
0.000000
0.000000
0.000000
0.000000
0.000000
-1.127010
1.034674
0.689243
0.000000
0.000000
0.000000
0.000000
0.000000
0.000000
-1.543491
0.937305
0.738025
-1.566870
0.931883
0.740918
0.000000
0.000000
0.000000
0.000000
0.000000
0.000000
0.000000
0.000000
0.000000
-1.285853
0.725256
0.690873
0.000000
0.000000
0.000000
0.000000
0.000000
0.000000
-1.160917
1.043064
0.541140
-1.089649
1.267801
0.533274
0.000000
0.000000
0.000000
0.000000
0.000000
0.000000
-1.197577
0.791323
0.828873
-1.299720
0.653529
0.788528
0.000000
0.000000
0.000000
0.000000
0.000000
0.000000
0.000000
0.000000
0.000000
-1.108353
1.097449
0.764640
0.000000
0.000000
0.000000
0.000000
0.000000
0.000000
0.000000
0.000000
0.000000
-1.429962
0.925122
0.787277
0.000000
0.000000
0.000000
0.000000
0.000000
0.000000
0.000000
0.000000
0.000000
-1.302957
0.593130
0.637519
0.000000
0.000000
0.000000
0.000000
0.000000
0.000000
-1.152829
0.730627
0.731677
-1.184565
0.776325
0.789890
0.000000
0.000000
0.000000
0.000000
0.000000
0.000000
0.000000
0.000000
0.000000
-1.115149
0.820122
0.711681
0.000000
0.000000
0.000000
0.000000
0.000000
0.000000
-1.502255
0.788543
0.772678
-1.514175
0.759413
0.792811
0.000000
0.000000
0.000000
0.000000
0.000000
0.000000
-1.264945
0.697530
0.737042
-1.260829
0.694444
0.741420
0.000000
0.000000
0.000000
0.000000
0.000000
0.000000
-0.759031
1.255835
0.886019
-0.869597
0.948723
0.776112
0.000000
0.000000
0.000000
0.000000
0.000000
0.000000
-1.258141
0.632399
0.798125
-1.266731
0.724662
0.759445
0.000000
0.000000
0.000000
0.000000
0.000000
0.000000
-1.132777
0.872347
0.674642
-1.090660
0.760819
0.799581
0.000000
0.000000
0.000000
0.000000
0.000000
0.000000
-1.085629
0.917417
0.568840
-1.257789
0.689341
0.738820
0.000000
0.000000
0.000000
0.000000
0.000000
0.000000
0.000000
0.000000
0.000000
-1.126246
0.817593
0.669969
-1.376511
0.784856
0.817000
-1.381439
0.825771
0.694653
-1.370934
0.794378
0.817000
-1.369736
0.825264
0.694653
0.000000
0.000000
0.000000
0.000000
0.000000
0.000000
0.000000
0.000000
0.000000
-1.329753
0.745276
0.725480
0.000000
0.000000
0.000000
0.000000
0.000000
0.000000
-1.238693
0.947216
0.677779
-1.305760
0.827703
0.725769
0.000000
0.000000
0.000000
0.000000
0.000000
0.000000
0.000000
0.000000
0.000000
-1.216358
0.841560
0.822142
0.000000
0.000000
0.000000
0.000000
0.000000
0.000000
-1.312166
0.668886
0.807203
-1.334880
0.656554
0.810467
0.000000
0.000000
0.000000
0.000000
0.000000
0.000000
-1.226640
0.507849
0.699154
-1.252441
0.526974
0.848793
-0.916400
1.265968
0.600585
-1.039275
1.063867
0.683690
-0.942671
1.192096
0.589526
-1.037285
1.101703
0.670805
0.000000
0.000000
0.000000
0.000000
0.000000
0.000000
-1.241652
0.986651
0.689658
-1.392754
0.773226
0.748345
0.000000
0.000000
0.000000
0.000000
0.000000
0.000000
-1.346530
0.733450
0.927253
-1.371811
0.720518
0.796438
0.000000
0.000000
0.000000
0.000000
0.000000
0.000000
0.000000
0.000000
0.000000
-1.467758
0.397723
0.789627
0.000000
0.000000
0.000000
0.000000
0.000000
0.000000
-1.261180
0.693927
0.786595
-1.294473
0.845994
0.676721
0.000000
0.000000
0.000000
0.000000
0.000000
0.000000
-1.328566
0.815729
0.629851
-1.348387
0.758392
0.777840
0.000000
0.000000
0.000000
0.000000
0.000000
0.000000
-1.193145
0.890609
0.656597
-1.233432
0.834717
0.640877
0.000000
0.000000
0.000000
0.000000
0.000000
0.000000
-1.103660
1.315731
0.738425
-1.228751
1.199295
0.827168
0.000000
0.000000
0.000000
0.000000
0.000000
0.000000
-1.052175
0.853524
0.685222
-1.251981
1.168145
0.683465
0.000000
0.000000
0.000000
0.000000
0.000000
0.000000
0.000000
0.000000
0.000000
-1.272257
0.371176
0.756295
0.000000
0.000000
0.000000
0.000000
0.000000
0.000000
0.000000
0.000000
0.000000
-1.424499
0.475207
0.790760
-1.124065
0.680151
0.607885
-1.074242
0.898142
0.667623
-1.092525
0.700051
0.607885
-1.091649
0.799532
0.663353
0.000000
0.000000
0.000000
0.000000
0.000000
0.000000
-1.463701
0.787602
0.760788
-1.493201
0.941764
0.759587
0.000000
0.000000
0.000000
0.000000
0.000000
0.000000
0.000000
0.000000
0.000000
-1.449772
0.617595
0.681597
0.000000
0.000000
0.000000
0.000000
0.000000
0.000000
-1.325369
0.583186
0.802207
-1.364552
0.644618
0.847498
0.000000
0.000000
0.000000
0.000000
0.000000
0.000000
-1.072160
0.740560
0.744990
-1.117718
0.686393
0.775467
0.000000
0.000000
0.000000
0.000000
0.000000
0.000000
-1.435073
0.736007
0.813545
-1.452961
0.697096
0.883467
0.000000
0.000000
0.000000
0.000000
0.000000
0.000000
-1.172068
0.543175
0.631229
-1.076076
0.964215
0.741903
0.000000
0.000000
0.000000
0.000000
0.000000
0.000000
-1.040161
1.091642
0.621205
-1.063796
1.159320
0.578996
0.000000
0.000000
0.000000
0.000000
0.000000
0.000000
-1.011238
1.175677
0.871125
-1.210436
0.888629
0.710116
0.000000
0.000000
0.000000
0.000000
0.000000
0.000000
-1.375961
1.076879
0.603592
-1.487354
1.162135
0.791317
0.000000
0.000000
0.000000
0.000000
0.000000
0.000000
-1.126633
0.610197
0.762071
-1.062565
0.703185
0.710433
0.000000
0.000000
0.000000
0.000000
0.000000
0.000000
-1.235429
1.184361
0.619880
-1.253873
0.985934
0.538187
0.000000
0.000000
0.000000
0.000000
0.000000
0.000000
-1.660389
0.502440
0.871462
-1.665361
0.501378
0.860068
0.000000
0.000000
0.000000
0.000000
0.000000
0.000000
0.000000
0.000000
0.000000
-1.166007
0.836517
0.784254
0.000000
0.000000
0.000000
0.000000
0.000000
0.000000
-1.520840
0.311965
0.889118
-1.527549
0.330932
0.889259
-1.294622
0.465956
0.750146
-1.266253
0.490176
0.968836
-1.306720
0.475503
0.750146
-1.264558
0.524479
0.965090
0.000000
0.000000
0.000000
0.000000
0.000000
0.000000
-1.253160
0.732291
0.774006
-1.267042
0.840555
0.749266
0.000000
0.000000
0.000000
0.000000
0.000000
0.000000
-0.870348
1.089141
0.807204
-0.933423
0.723300
0.821515
0.000000
0.000000
0.000000
0.000000
0.000000
0.000000
-0.906096
1.257923
0.715228
-0.997033
0.928348
0.549785
0.000000
0.000000
0.000000
0.000000
0.000000
0.000000
0.000000
0.000000
0.000000
-1.308859
0.521808
0.822982
-1.142837
0.736654
0.754746
-1.111892
0.751146
0.733921
-1.109058
0.687967
0.775816
-1.071662
0.714574
0.766749
0.000000
0.000000
0.000000
0.000000
0.000000
0.000000
0.000000
0.000000
0.000000
-1.114742
0.962890
0.781172
0.000000
0.000000
0.000000
0.000000
0.000000
0.000000
0.000000
0.000000
0.000000
-1.214422
1.190221
0.719784
0.000000
0.000000
0.000000
0.000000
0.000000
0.000000
-1.456043
0.454093
0.807488
-1.450666
0.412365
0.929268
0.000000
0.000000
0.000000
0.000000
0.000000
0.000000
-1.049116
0.830166
0.690052
-1.219847
0.603806
0.775113
0.000000
0.000000
0.000000
0.000000
0.000000
0.000000
-1.267752
0.928386
0.803474
-1.238790
0.955904
0.736772
0.000000
0.000000
0.000000
0.000000
0.000000
0.000000
-1.232741
0.856785
0.726824
-1.257034
0.806142
0.749888
0.000000
0.000000
0.000000
0.000000
0.000000
0.000000
-1.679268
0.992469
0.725275
-1.699939
0.999420
0.728278
0.000000
0.000000
0.000000
0.000000
0.000000
0.000000
-1.113546
0.892569
0.667213
-1.203724
0.776102
0.832363
0.000000
0.000000
0.000000
0.000000
0.000000
0.000000
-1.122963
0.673307
0.772133
-1.246810
0.481114
0.848336
0.000000
0.000000
0.000000
0.000000
0.000000
0.000000
-1.306824
0.744435
0.614633
-1.371014
0.929364
0.804328
0.000000
0.000000
0.000000
0.000000
0.000000
0.000000
0.000000
0.000000
0.000000
-1.073082
0.707034
0.835655
0.000000
0.000000
0.000000
-1.386483
0.672491
0.849923
0.000000
0.000000
0.000000
-1.399343
0.732938
0.858511
0.000000
0.000000
0.000000
0.000000
0.000000
0.000000
-1.260183
0.594670
0.743776
-1.351222
0.627572
0.725191
0.000000
0.000000
0.000000
0.000000
0.000000
0.000000
-1.290145
0.890956
0.707597
-1.352649
1.003084
0.761409
0.000000
0.000000
0.000000
0.000000
0.000000
0.000000
0.000000
0.000000
0.000000
-1.115552
0.572989
0.758319
0.000000
0.000000
0.000000
0.000000
0.000000
0.000000
-1.308852
0.526832
0.804320
-1.332588
0.590783
0.819367
-1.336852
0.575002
0.795095
-1.379845
0.576797
0.832479
-1.325202
0.615908
0.780807
-1.364184
0.593327
0.821077
0.000000
0.000000
0.000000
0.000000
0.000000
0.000000
-1.583774
0.764074
0.794522
-1.607395
0.758424
0.800880
0.000000
0.000000
0.000000
0.000000
0.000000
0.000000
-1.272429
1.011317
0.847144
-1.325678
0.927924
0.831151
0.000000
0.000000
0.000000
-1.093420
0.541890
0.710019
0.000000
0.000000
0.000000
-1.076534
0.552910
0.710019
0.000000
0.000000
0.000000
0.000000
0.000000
0.000000
-1.058327
0.671164
0.630456
-1.166049
0.548297
0.735300
0.000000
0.000000
0.000000
0.000000
0.000000
0.000000
-1.418248
0.676615
0.818818
-1.412529
0.765023
0.731538
0.000000
0.000000
0.000000
0.000000
0.000000
0.000000
0.000000
0.000000
0.000000
-1.166883
1.167822
0.749494
0.000000
0.000000
0.000000
0.000000
0.000000
0.000000
-1.145173
1.155303
0.612973
-1.229463
1.014944
0.528053
0.000000
0.000000
0.000000
0.000000
0.000000
0.000000
-1.151268
0.580579
0.610991
-1.042756
0.751950
0.785423
0.000000
0.000000
0.000000
0.000000
0.000000
0.000000
-1.746612
0.536484
0.766970
-1.765139
0.460955
0.929170
0.000000
0.000000
0.000000
0.000000
0.000000
0.000000
-1.030493
0.993780
0.616535
-1.142230
1.026949
0.585577
0.000000
0.000000
0.000000
0.000000
0.000000
0.000000
-1.071540
0.765461
0.715569
-1.161332
0.784049
0.714674
0.000000
0.000000
0.000000
0.000000
0.000000
0.000000
-1.338587
0.744134
0.741661
-1.363163
0.626894
0.911028
0.000000
0.000000
0.000000
0.000000
0.000000
0.000000
-1.163572
0.814228
0.785880
-1.211616
0.870228
0.721836
0.000000
0.000000
0.000000
0.000000
0.000000
0.000000
-1.239943
0.874985
0.759992
-1.152186
1.350121
0.616885
-1.123620
0.964350
0.771208
-1.139306
0.925428
0.677676
-1.065831
0.964551
0.764949
-1.074417
0.914726
0.667454
-0.889336
1.787295
0.868334
-1.153837
1.177134
0.856401
-0.799683
1.933485
0.820902
-1.151908
1.154802
0.835517
0.000000
0.000000
0.000000
0.000000
0.000000
0.000000
-1.513881
0.898621
0.714896
-1.538936
0.937348
0.730543
0.000000
0.000000
0.000000
0.000000
0.000000
0.000000
-1.135058
0.989158
0.690635
-1.149993
0.735437
0.745405
0.000000
0.000000
0.000000
0.000000
0.000000
0.000000
-1.390861
0.944309
0.684593
-1.392229
0.896634
0.664826
0.000000
0.000000
0.000000
0.000000
0.000000
0.000000
-1.361252
0.628481
0.715458
-1.403612
0.473819
0.929605
-1.258937
0.528917
0.905790
-1.233195
0.491721
0.876801
-1.242867
0.536607
0.905093
-1.164036
0.591394
0.855377
0.000000
0.000000
0.000000
0.000000
0.000000
0.000000
-1.159485
0.433307
0.721740
-1.283249
0.395846
0.962559
0.000000
0.000000
0.000000
0.000000
0.000000
0.000000
-1.251832
0.565789
0.993314
-1.206533
0.683789
0.847358
0.000000
0.000000
0.000000
0.000000
0.000000
0.000000
0.000000
0.000000
0.000000
-1.259451
0.801793
0.728592
0.000000
0.000000
0.000000
0.000000
0.000000
0.000000
-1.162294
0.809761
0.728385
-1.242137
0.987756
0.720636
-1.156592
0.965114
0.835613
-1.092431
1.129497
0.689299
-1.148296
0.968714
0.835613
-1.065778
1.123328
0.689299
0.000000
0.000000
0.000000
0.000000
0.000000
0.000000
0.000000
0.000000
0.000000
-1.086209
0.767831
0.712581
0.000000
0.000000
0.000000
0.000000
0.000000
0.000000
0.000000
0.000000
0.000000
-1.176332
0.394913
0.696271
0.000000
0.000000
0.000000
0.000000
0.000000
0.000000
-1.349277
0.747785
0.780556
-1.382458
0.714444
0.787599
0.000000
0.000000
0.000000
0.000000
0.000000
0.000000
-1.446371
1.057404
0.744627
-1.553037
0.870572
0.809623
0.000000
0.000000
0.000000
0.000000
0.000000
0.000000
-1.225999
0.665963
0.745294
-1.375316
0.592256
0.797211
0.000000
0.000000
0.000000
0.000000
0.000000
0.000000
-0.992202
0.974434
0.772153
-0.997478
0.962823
0.665609
0.000000
0.000000
0.000000
0.000000
0.000000
0.000000
-0.875131
1.887528
0.816177
-1.035553
1.164021
0.630627
0.000000
0.000000
0.000000
0.000000
0.000000
0.000000
0.000000
0.000000
0.000000
-1.296200
0.600715
0.627826
0.000000
0.000000
0.000000
0.000000
0.000000
0.000000
-0.922625
1.774780
0.761962
-1.146563
1.364274
0.639836
0.000000
0.000000
0.000000
0.000000
0.000000
0.000000
-1.407737
0.654230
0.883550
-1.426382
0.691057
0.820972
0.000000
0.000000
0.000000
0.000000
0.000000
0.000000
0.000000
0.000000
0.000000
-0.961833
0.946275
0.847944
0.000000
0.000000
0.000000
0.000000
0.000000
0.000000
-0.959436
0.755615
0.675902
-0.998728
0.672648
0.781437
-1.200094
0.517682
0.802798
-1.275544
0.420884
0.901757
-1.104333
0.457654
0.796731
-1.139015
0.390218
0.888162
0.000000
0.000000
0.000000
0.000000
0.000000
0.000000
0.000000
0.000000
0.000000
-1.075378
0.646065
0.609162
0.000000
0.000000
0.000000
0.000000
0.000000
0.000000
0.000000
0.000000
0.000000
-1.151529
0.891738
0.709255
0.000000
0.000000
0.000000
0.000000
0.000000
0.000000
-1.236663
0.870372
0.709951
-1.215771
0.996967
0.668439
0.000000
0.000000
0.000000
0.000000
0.000000
0.000000
-1.411636
0.512327
0.832888
-1.459931
0.456848
0.915060
0.000000
0.000000
0.000000
0.000000
0.000000
0.000000
-1.122371
1.084314
0.697417
-1.225862
1.109838
0.623014
0.000000
0.000000
0.000000
0.000000
0.000000
0.000000
-1.131112
1.152783
0.579071
-1.200162
1.129717
0.659206
0.000000
0.000000
0.000000
0.000000
0.000000
0.000000
-1.551096
0.414101
1.160815
-1.500670
0.545662
0.930909
0.000000
0.000000
0.000000
0.000000
0.000000
0.000000
-1.165896
0.936459
0.637652
-1.110046
1.018436
0.549865
0.000000
0.000000
0.000000
0.000000
0.000000
0.000000
-1.346002
0.718321
0.856492
-1.352460
0.710707
0.795658
0.000000
0.000000
0.000000
0.000000
0.000000
0.000000
-1.114193
1.200285
0.642969
-1.141595
1.289934
0.536577
0.000000
0.000000
0.000000
0.000000
0.000000
0.000000
-0.984186
0.853669
0.794260
-0.992583
0.815180
0.597174
0.000000
0.000000
0.000000
-1.271879
0.781705
0.670503
0.000000
0.000000
0.000000
-1.304032
0.858270
0.693949
0.000000
0.000000
0.000000
0.000000
0.000000
0.000000
-1.572895
0.602440
0.839618
-1.596456
0.606700
0.840513
0.000000
0.000000
0.000000
0.000000
0.000000
0.000000
0.000000
0.000000
0.000000
-1.320387
0.497791
0.628945
0.000000
0.000000
0.000000
0.000000
0.000000
0.000000
-1.463618
1.076372
0.657298
-1.495434
1.082448
0.661234
0.000000
0.000000
0.000000
0.000000
0.000000
0.000000
0.000000
0.000000
0.000000
-1.338567
0.506381
0.701279
-1.305383
0.547333
0.878267
-1.306591
0.597322
0.815852
-1.133718
0.635519
0.797550
-1.150673
0.630600
0.791365
0.000000
0.000000
0.000000
0.000000
0.000000
0.000000
-1.556551
0.565665
0.847278
-1.582694
0.586497
0.847327
0.000000
0.000000
0.000000
0.000000
0.000000
0.000000
-1.255529
0.821898
0.673089
-1.254504
1.043149
0.650464
0.000000
0.000000
0.000000
0.000000
0.000000
0.000000
-1.536034
0.879895
0.719231
-1.554789
0.865450
0.748356
0.000000
0.000000
0.000000
0.000000
0.000000
0.000000
-1.407909
0.391896
1.535854
-1.419347
0.414671
1.224426
0.000000
0.000000
0.000000
0.000000
0.000000
0.000000
-1.201434
0.776949
0.774375
-1.159909
0.973018
0.734846
0.000000
0.000000
0.000000
0.000000
0.000000
0.000000
-1.390077
0.618600
0.785267
-1.410279
0.685678
0.812795
0.000000
0.000000
0.000000
0.000000
0.000000
0.000000
-1.400276
1.072599
0.670768
-1.393858
1.088490
0.660707
0.000000
0.000000
0.000000
0.000000
0.000000
0.000000
0.000000
0.000000
0.000000
-1.223636
0.705219
0.781925
0.000000
0.000000
0.000000
0.000000
0.000000
0.000000
-1.159247
0.631811
0.779447
-1.231100
0.523846
0.856728
0.000000
0.000000
0.000000
0.000000
0.000000
0.000000
-0.994128
0.830282
0.704966
-1.132141
0.589616
0.886265
0.000000
0.000000
0.000000
0.000000
0.000000
0.000000
-1.305802
0.806035
0.812611
-1.275520
0.717573
0.865921
0.000000
0.000000
0.000000
0.000000
0.000000
0.000000
0.000000
0.000000
0.000000
-1.116860
0.872010
0.611946
0.000000
0.000000
0.000000
0.000000
0.000000
0.000000
-1.225619
0.971627
0.664248
-1.323950
0.929089
0.713406
0.000000
0.000000
0.000000
0.000000
0.000000
0.000000
-1.067656
0.703554
0.736242
-1.082955
0.792088
0.741546
-1.214482
0.912275
0.785642
-1.306941
0.659784
0.921699
-1.207493
0.913947
0.785642
-1.300332
0.657708
0.921699
0.000000
0.000000
0.000000
0.000000
0.000000
0.000000
0.000000
0.000000
0.000000
-0.765138
1.949958
0.666280
0.000000
0.000000
0.000000
0.000000
0.000000
0.000000
0.000000
0.000000
0.000000
-1.030008
1.047112
0.697013
0.000000
0.000000
0.000000
0.000000
0.000000
0.000000
-1.042074
0.847192
0.876411
-1.119042
0.947260
0.744216
0.000000
0.000000
0.000000
0.000000
0.000000
0.000000
-1.380192
0.576925
0.844447
-1.416366
0.534106
0.852338
0.000000
0.000000
0.000000
0.000000
0.000000
0.000000
-1.392811
0.836572
0.819943
-1.480766
0.810843
0.876177
0.000000
0.000000
0.000000
0.000000
0.000000
0.000000
-1.241855
0.542449
0.729329
-1.295966
0.430187
0.825934
0.000000
0.000000
0.000000
0.000000
0.000000
0.000000
-1.405992
0.731319
0.787315
-1.430081
0.739333
0.785695
0.000000
0.000000
0.000000
0.000000
0.000000
0.000000
0.000000
0.000000
0.000000
-1.136970
0.541449
0.893288
0.000000
0.000000
0.000000
0.000000
0.000000
0.000000
0.000000
0.000000
0.000000
-1.374809
0.935889
0.790328
0.000000
0.000000
0.000000
0.000000
0.000000
0.000000
-1.417022
0.832658
0.737610
-1.440496
0.776655
0.719078
-1.207345
0.505872
0.804258
-1.272039
0.474192
0.886552
-1.183007
0.470769
0.799449
-1.236742
0.494536
0.884188
0.000000
0.000000
0.000000
0.000000
0.000000
0.000000
-1.228224
0.965755
0.689191
-1.276434
1.085636
0.614551
0.000000
0.000000
0.000000
0.000000
0.000000
0.000000
0.000000
0.000000
0.000000
-1.168985
0.801233
0.612329
0.000000
0.000000
0.000000
0.000000
0.000000
0.000000
-1.371661
0.797172
0.725853
-1.386734
0.881450
0.724296
0.000000
0.000000
0.000000
0.000000
0.000000
0.000000
-1.209747
0.651307
0.862430
-1.289653
0.592711
0.887643
0.000000
0.000000
0.000000
0.000000
0.000000
0.000000
-1.277102
0.768121
0.703523
-1.203365
0.931501
0.875160
0.000000
0.000000
0.000000
0.000000
0.000000
0.000000
-1.307705
0.936468
0.746889
-1.338825
0.985627
0.673891
0.000000
0.000000
0.000000
0.000000
0.000000
0.000000
0.000000
0.000000
0.000000
-1.349562
0.474377
0.893837
0.000000
0.000000
0.000000
0.000000
0.000000
0.000000
-1.235457
0.801131
0.834230
-1.328845
0.767970
0.735642
0.000000
0.000000
0.000000
0.000000
0.000000
0.000000
-1.282708
0.852623
0.889734
-1.224214
1.072719
0.824538
0.000000
0.000000
0.000000
0.000000
0.000000
0.000000
-1.150583
0.826268
0.571984
-1.157648
0.791739
0.667569
0.000000
0.000000
0.000000
0.000000
0.000000
0.000000
-0.899346
1.029862
0.853595
-0.988034
0.879925
0.768284
0.000000
0.000000
0.000000
0.000000
0.000000
0.000000
-1.415002
0.431399
1.068095
-1.515776
0.400705
0.909132
0.000000
0.000000
0.000000
0.000000
0.000000
0.000000
0.000000
0.000000
0.000000
-1.623485
0.784597
0.689275
0.000000
0.000000
0.000000
0.000000
0.000000
0.000000
-1.427139
0.876833
0.760978
-1.466816
0.869952
0.753097
0.000000
0.000000
0.000000
0.000000
0.000000
0.000000
-1.091720
0.797306
0.758355
-1.229405
0.615670
0.757455
0.000000
0.000000
0.000000
0.000000
0.000000
0.000000
-1.057063
0.624648
0.764335
-1.081910
0.739236
0.745630
0.000000
0.000000
0.000000
0.000000
0.000000
0.000000
-0.976399
0.998863
0.754022
-1.032120
1.173757
0.670590
0.000000
0.000000
0.000000
0.000000
0.000000
0.000000
-1.324945
0.794371
0.842330
-1.422374
0.666183
0.819032
0.000000
0.000000
0.000000
0.000000
0.000000
0.000000
-1.133597
0.715351
0.698289
-1.098498
0.709574
0.750306
0.000000
0.000000
0.000000
-1.264977
0.583058
0.729267
0.000000
0.000000
0.000000
-1.209266
0.594250
0.729267
0.000000
0.000000
0.000000
0.000000
0.000000
0.000000
-1.410562
0.699470
0.801646
-1.581813
0.471313
0.859398
0.000000
0.000000
0.000000
0.000000
0.000000
0.000000
-1.388961
0.377405
0.727549
-1.281535
0.434764
0.999858
0.000000
0.000000
0.000000
0.000000
0.000000
0.000000
-1.297235
0.531687
0.796850
-1.277166
0.717004
0.733683
0.000000
0.000000
0.000000
0.000000
0.000000
0.000000
-1.228689
0.823011
0.812468
-1.320465
0.632553
0.723006
0.000000
0.000000
0.000000
0.000000
0.000000
0.000000
0.000000
0.000000
0.000000
-0.921066
1.461397
0.707564
0.000000
0.000000
0.000000
0.000000
0.000000
0.000000
0.000000
0.000000
0.000000
-1.124674
0.779010
0.763207
0.000000
0.000000
0.000000
0.000000
0.000000
0.000000
-1.397313
0.535173
0.769568
-1.402869
0.527275
0.876470
0.000000
0.000000
0.000000
0.000000
0.000000
0.000000
-1.308091
0.904750
0.786353
-1.247390
1.078757
0.732583
0.000000
0.000000
0.000000
0.000000
0.000000
0.000000
-1.270591
0.481458
0.794372
-1.223489
0.605862
0.844363
0.000000
0.000000
0.000000
0.000000
0.000000
0.000000
-1.493789
0.622116
0.854604
-1.481976
0.666976
0.856323
0.000000
0.000000
0.000000
0.000000
0.000000
0.000000
0.000000
0.000000
0.000000
-1.222244
0.682858
0.764520
0.000000
0.000000
0.000000
0.000000
0.000000
0.000000
-1.679532
0.777707
0.799929
-1.709487
0.767065
0.803641
0.000000
0.000000
0.000000
0.000000
0.000000
0.000000
-1.415683
0.648185
0.832211
-1.419777
0.769391
0.806219
0.000000
0.000000
0.000000
0.000000
0.000000
0.000000
-1.326877
0.560213
0.815399
-1.382411
0.424520
0.780826
-1.102262
0.704142
0.840455
-1.116476
0.734061
0.780683
-1.061440
0.709332
0.814949
-1.042611
0.725078
0.768635
0.000000
0.000000
0.000000
0.000000
0.000000
0.000000
-1.258406
0.814753
0.834465
-1.260674
0.820804
0.758865
0.000000
0.000000
0.000000
0.000000
0.000000
0.000000
-1.138220
0.755417
0.594815
-1.077976
1.013392
0.699758
0.000000
0.000000
0.000000
0.000000
0.000000
0.000000
-1.094961
1.147192
0.603749
-1.207836
1.135177
0.458262
-1.117708
0.934002
0.681715
-1.132574
0.891333
0.681283
-1.157186
0.944432
0.685003
-1.173866
0.873797
0.696035
0.000000
0.000000
0.000000
0.000000
0.000000
0.000000
-1.409462
0.601724
0.885727
-1.552785
0.477130
0.877998
0.000000
0.000000
0.000000
0.000000
0.000000
0.000000
-1.186780
0.894544
0.692843
-1.242434
0.867214
0.728136
0.000000
0.000000
0.000000
0.000000
0.000000
0.000000
-1.464833
0.895907
0.716085
-1.507883
0.916571
0.720785
-1.268981
0.706931
0.779589
-1.324791
0.662988
0.814338
-1.170615
0.689803
0.779889
-1.235951
0.650508
0.808282
0.000000
0.000000
0.000000
0.000000
0.000000
0.000000
-1.191825
0.843931
0.735128
-1.251136
0.767317
0.772426
0.000000
0.000000
0.000000
0.000000
0.000000
0.000000
-1.338591
0.409298
0.675442
-1.377992
0.370901
0.975266
0.000000
0.000000
0.000000
0.000000
0.000000
0.000000
-1.432670
0.894985
0.745381
-1.465382
0.828342
0.764773
0.000000
0.000000
0.000000
0.000000
0.000000
0.000000
-1.691752
0.422289
0.882140
-1.702710
0.426995
0.882328
0.000000
0.000000
0.000000
0.000000
0.000000
0.000000
-1.366165
0.442629
0.887660
-1.403823
0.351775
0.902880
0.000000
0.000000
0.000000
0.000000
0.000000
0.000000
-1.289948
0.658328
0.801216
-1.315025
0.636085
0.803290
-1.305526
0.662949
0.776942
-1.297312
0.647451
0.751667
-1.251295
0.631828
0.777804
-1.231171
0.632352
0.771479
-0.802073
0.889900
0.590566
-0.800939
0.885646
0.679849
-0.795532
0.880188
0.590566
-0.776555
0.879501
0.680822
0.000000
0.000000
0.000000
0.000000
0.000000
0.000000
-1.155951
0.853227
0.710093
-1.300867
0.667577
0.780241
0.000000
0.000000
0.000000
0.000000
0.000000
0.000000
-1.355246
0.611291
0.801712
-1.416731
0.681668
0.846683
0.000000
0.000000
0.000000
0.000000
0.000000
0.000000
0.000000
0.000000
0.000000
-1.419690
0.405368
0.761015
0.000000
0.000000
0.000000
0.000000
0.000000
0.000000
0.000000
0.000000
0.000000
-1.314052
0.726696
0.713008
0.000000
0.000000
0.000000
0.000000
0.000000
0.000000
-1.100701
0.722293
0.749899
-1.151775
0.800793
0.775012
0.000000
0.000000
0.000000
0.000000
0.000000
0.000000
-0.941091
1.580663
0.767865
-1.012219
1.436355
0.781779
0.000000
0.000000
0.000000
0.000000
0.000000
0.000000
0.000000
0.000000
0.000000
-1.183957
0.635758
0.792507
0.000000
0.000000
0.000000
0.000000
0.000000
0.000000
-1.210898
0.650673
0.812824
-1.290300
0.602112
0.822454
0.000000
0.000000
0.000000
0.000000
0.000000
0.000000
0.000000
0.000000
0.000000
-1.114915
0.571305
0.667788
0.000000
0.000000
0.000000
-1.283488
0.486349
0.729172
0.000000
0.000000
0.000000
-1.259386
0.492871
0.729172
0.000000
0.000000
0.000000
0.000000
0.000000
0.000000
-1.164848
0.610282
0.738993
-1.190468
0.625197
0.825445
0.000000
0.000000
0.000000
0.000000
0.000000
0.000000
-1.055632
1.368891
0.633976
-1.218267
1.111649
0.611919
0.000000
0.000000
0.000000
0.000000
0.000000
0.000000
-1.167545
0.692744
0.711722
-1.335605
0.707335
0.677856
0.000000
0.000000
0.000000
0.000000
0.000000
0.000000
-1.346520
1.128958
0.712668
-1.413989
1.151343
0.732128
0.000000
0.000000
0.000000
0.000000
0.000000
0.000000
-1.202448
0.556133
0.821335
-1.297960
0.419730
0.879297
0.000000
0.000000
0.000000
0.000000
0.000000
0.000000
-1.371473
0.668832
0.796383
-1.369567
0.579795
0.802179
0.000000
0.000000
0.000000
0.000000
0.000000
0.000000
-1.266516
0.302628
0.762311
-1.205606
0.259547
0.861001
0.000000
0.000000
0.000000
0.000000
0.000000
0.000000
0.000000
0.000000
0.000000
-1.133948
1.218855
0.580876
0.000000
0.000000
0.000000
0.000000
0.000000
0.000000
-1.323932
1.018752
0.655868
-1.373009
1.027669
0.662749
0.000000
0.000000
0.000000
0.000000
0.000000
0.000000
-1.382463
0.818088
0.725062
-1.431045
0.803539
0.737776
0.000000
0.000000
0.000000
0.000000
0.000000
0.000000
-1.218632
1.210911
0.591995
-1.264465
1.158830
0.517234
0.000000
0.000000
0.000000
0.000000
0.000000
0.000000
-1.251110
0.562059
0.897401
-1.264775
0.607978
0.832772
0.000000
0.000000
0.000000
0.000000
0.000000
0.000000
-1.421074
0.510645
0.674366
-1.425721
0.622661
0.930873
0.000000
0.000000
0.000000
0.000000
0.000000
0.000000
-1.422319
0.760477
0.780734
-1.461375
0.710135
0.805298
-1.237955
0.865046
0.731741
-1.231811
0.875579
0.709836
-1.244641
0.795837
0.746432
-1.251542
0.781384
0.747847
0.000000
0.000000
0.000000
0.000000
0.000000
0.000000
-1.671487
0.415348
0.866982
-1.721048
0.358336
0.889659
0.000000
0.000000
0.000000
0.000000
0.000000
0.000000
0.000000
0.000000
0.000000
-1.244073
1.257351
0.677324
0.000000
0.000000
0.000000
0.000000
0.000000
0.000000
-1.183028
0.664831
0.757402
-1.163224
0.761642
0.877475
0.000000
0.000000
0.000000
0.000000
0.000000
0.000000
-1.395729
0.458682
0.754150
-1.316451
0.578405
0.818756
0.000000
0.000000
0.000000
0.000000
0.000000
0.000000
-1.056140
0.810495
0.684540
-1.064135
0.663784
0.914734
0.000000
0.000000
0.000000
0.000000
0.000000
0.000000
0.000000
0.000000
0.000000
-1.203373
0.686490
0.614304
0.000000
0.000000
0.000000
0.000000
0.000000
0.000000
-1.186441
0.794780
0.711381
-1.262012
0.759831
0.731978
0.000000
0.000000
0.000000
-1.068970
1.210853
0.656775
0.000000
0.000000
0.000000
-1.036951
1.223972
0.656775
-1.337996
0.584188
0.833352
-1.382793
0.592659
0.825358
-1.282873
0.575303
0.833868
-1.319804
0.582962
0.827388
0.000000
0.000000
0.000000
0.000000
0.000000
0.000000
-1.298129
0.805476
0.719741
-1.290884
0.916878
0.679656
0.000000
0.000000
0.000000
0.000000
0.000000
0.000000
-1.185706
0.576166
0.665958
-1.189154
0.489836
1.059539
0.000000
0.000000
0.000000
0.000000
0.000000
0.000000
-1.456471
0.458669
1.043620
-1.525130
0.392367
0.920767
-0.995485
0.830868
0.691078
-1.179238
0.678629
0.773677
-1.086080
1.004904
0.680025
-1.179268
0.807941
0.766622
0.000000
0.000000
0.000000
0.000000
0.000000
0.000000
-1.292013
0.444433
0.914616
-1.222653
0.631502
0.841106
0.000000
0.000000
0.000000
0.000000
0.000000
0.000000
-1.330879
0.870462
0.712462
-1.362004
0.884753
0.724580
0.000000
0.000000
0.000000
0.000000
0.000000
0.000000
0.000000
0.000000
0.000000
-1.400450
0.506888
0.827838
0.000000
0.000000
0.000000
0.000000
0.000000
0.000000
-1.264786
0.609852
0.773886
-1.398005
0.565345
0.870291
0.000000
0.000000
0.000000
0.000000
0.000000
0.000000
-1.450878
0.539115
0.783155
-1.456612
0.535144
0.802597
0.000000
0.000000
0.000000
0.000000
0.000000
0.000000
-1.061944
0.787213
0.823912
-1.032411
0.798099
0.734425
0.000000
0.000000
0.000000
0.000000
0.000000
0.000000
-1.146785
0.421947
0.714480
-0.956410
0.840915
0.832455
0.000000
0.000000
0.000000
0.000000
0.000000
0.000000
-1.139179
0.728258
0.782698
-1.165526
0.717012
0.777059
0.000000
0.000000
0.000000
0.000000
0.000000
0.000000
-1.165690
0.739663
0.633629
-1.077269
1.144613
0.610061
0.000000
0.000000
0.000000
0.000000
0.000000
0.000000
0.000000
0.000000
0.000000
-1.196450
0.364599
0.804093
0.000000
0.000000
0.000000
0.000000
0.000000
0.000000
-1.408253
0.666585
0.803040
-1.420057
0.725348
0.799448
0.000000
0.000000
0.000000
0.000000
0.000000
0.000000
-0.996196
1.024152
0.834311
-1.049887
1.328754
0.703462
0.000000
0.000000
0.000000
0.000000
0.000000
0.000000
-1.223487
1.234822
0.564193
-1.238518
1.255121
0.559317
0.000000
0.000000
0.000000
0.000000
0.000000
0.000000
-1.128470
0.960303
0.750002
-1.112695
1.252470
0.601357
0.000000
0.000000
0.000000
0.000000
0.000000
0.000000
-1.320085
0.736438
0.827705
-1.258848
0.832787
0.762234
0.000000
0.000000
0.000000
0.000000
0.000000
0.000000
-1.351871
0.485129
0.875397
-1.327323
0.634326
0.831340
0.000000
0.000000
0.000000
0.000000
0.000000
0.000000
0.000000
0.000000
0.000000
-1.257485
0.772141
0.776307
0.000000
0.000000
0.000000
0.000000
0.000000
0.000000
-1.087307
0.650131
0.765168
-1.125371
0.607871
0.851008
0.000000
0.000000
0.000000
0.000000
0.000000
0.000000
-1.398402
1.083685
0.609217
-1.434428
1.104788
0.608022
0.000000
0.000000
0.000000
0.000000
0.000000
0.000000
-1.031080
1.086845
0.589305
-1.113222
1.050933
0.564159
0.000000
0.000000
0.000000
0.000000
0.000000
0.000000
-1.135415
0.854277
0.668431
-1.216026
0.763543
0.758711
0.000000
0.000000
0.000000
0.000000
0.000000
0.000000
0.000000
0.000000
0.000000
-1.278503
0.614590
0.675131
0.000000
0.000000
0.000000
0.000000
0.000000
0.000000
-1.202982
0.837935
0.790598
-1.222397
0.751959
0.692196
0.000000
0.000000
0.000000
0.000000
0.000000
0.000000
-1.464485
1.032621
0.704757
-1.489005
1.069704
0.681729
0.000000
0.000000
0.000000
0.000000
0.000000
0.000000
-1.136864
0.852514
0.704511
-1.157729
0.831282
0.699336
0.000000
0.000000
0.000000
0.000000
0.000000
0.000000
-1.097077
0.751443
0.685647
-1.086282
0.680292
0.702158
0.000000
0.000000
0.000000
0.000000
0.000000
0.000000
-1.402442
0.546409
0.793287
-1.213147
0.599181
0.811537
0.000000
0.000000
0.000000
0.000000
0.000000
0.000000
-1.026161
0.969686
0.742949
-1.142470
0.765979
0.722138
0.000000
0.000000
0.000000
0.000000
0.000000
0.000000
-1.231001
0.704024
0.765266
-1.241696
0.690016
0.812372
0.000000
0.000000
0.000000
0.000000
0.000000
0.000000
-1.395339
0.637749
0.812112
-1.411380
0.657154
0.824219
0.000000
0.000000
0.000000
0.000000
0.000000
0.000000
-1.313997
0.556709
0.657436
-1.194592
0.616688
0.830680
0.000000
0.000000
0.000000
0.000000
0.000000
0.000000
-1.272465
0.512562
0.623430
-1.170959
0.873432
0.782996
0.000000
0.000000
0.000000
0.000000
0.000000
0.000000
-1.236197
0.571318
0.782441
-1.275097
0.703190
0.813402
0.000000
0.000000
0.000000
0.000000
0.000000
0.000000
-1.433111
0.769671
0.763335
-1.465666
0.791968
0.772267
0.000000
0.000000
0.000000
0.000000
0.000000
0.000000
-1.293390
0.523176
0.679181
-1.187686
0.856354
0.759213
0.000000
0.000000
0.000000
0.000000
0.000000
0.000000
0.000000
0.000000
0.000000
-1.169435
0.401611
0.691702
0.000000
0.000000
0.000000
0.000000
0.000000
0.000000
-0.978126
1.083583
0.629444
-1.175588
1.068368
0.665019
0.000000
0.000000
0.000000
0.000000
0.000000
0.000000
-1.468693
0.595202
0.634066
-1.350588
1.138947
0.802112
0.000000
0.000000
0.000000
0.000000
0.000000
0.000000
-1.483978
0.448038
1.015738
-1.523031
0.412400
0.939481
0.000000
0.000000
0.000000
0.000000
0.000000
0.000000
-1.181468
0.756101
0.691373
-1.164642
0.867361
0.673658
0.000000
0.000000
0.000000
0.000000
0.000000
0.000000
-1.528638
0.453981
0.873798
-1.615912
0.347934
0.897716
0.000000
0.000000
0.000000
0.000000
0.000000
0.000000
-1.330625
1.037651
0.731621
-1.218261
1.383302
0.566733
0.000000
0.000000
0.000000
0.000000
0.000000
0.000000
-1.105078
1.428426
0.802353
-1.177485
1.069815
0.705761
0.000000
0.000000
0.000000
0.000000
0.000000
0.000000
-1.331162
0.555532
0.623974
-1.271165
0.789317
0.865981
0.000000
0.000000
0.000000
0.000000
0.000000
0.000000
-1.381918
0.699980
0.805494
-1.390391
0.756457
0.796083
0.000000
0.000000
0.000000
0.000000
0.000000
0.000000
-1.317268
0.620747
0.710551
-1.360008
0.601933
0.884403
0.000000
0.000000
0.000000
0.000000
0.000000
0.000000
-1.319195
0.724645
0.735079
-1.329972
0.880151
0.776457
0.000000
0.000000
0.000000
0.000000
0.000000
0.000000
-1.324479
1.054743
0.672538
-1.284198
0.974899
0.718649
0.000000
0.000000
0.000000
0.000000
0.000000
0.000000
0.000000
0.000000
0.000000
-1.129084
0.767087
0.837424
0.000000
0.000000
0.000000
0.000000
0.000000
0.000000
-1.169982
0.851668
0.818004
-1.210408
0.739452
0.811254
0.000000
0.000000
0.000000
0.000000
0.000000
0.000000
-1.091769
0.903623
0.689759
-1.094312
0.862596
0.590849
0.000000
0.000000
0.000000
0.000000
0.000000
0.000000
0.000000
0.000000
0.000000
-1.147593
0.714007
0.697279
0.000000
0.000000
0.000000
0.000000
0.000000
0.000000
-1.131674
0.780862
0.689249
-1.112192
1.022600
0.692605
0.000000
0.000000
0.000000
0.000000
0.000000
0.000000
-1.188791
1.020963
0.607792
-1.253624
0.923439
0.643935
0.000000
0.000000
0.000000
0.000000
0.000000
0.000000
-1.288900
1.123023
0.542465
-1.332213
1.043044
0.633295
0.000000
0.000000
0.000000
0.000000
0.000000
0.000000
-1.384895
0.594592
0.858677
-1.397495
0.583471
0.874217
0.000000
0.000000
0.000000
0.000000
0.000000
0.000000
-1.355453
0.552503
0.853938
-1.349114
0.634512
0.830860
0.000000
0.000000
0.000000
0.000000
0.000000
0.000000
0.000000
0.000000
0.000000
-1.143222
0.988314
0.891896
0.000000
0.000000
0.000000
0.000000
0.000000
0.000000
-1.346436
0.654012
0.804033
-1.425841
0.762671
0.827857
0.000000
0.000000
0.000000
0.000000
0.000000
0.000000
-1.621764
0.510748
0.867640
-1.642948
0.487209
0.863009
0.000000
0.000000
0.000000
0.000000
0.000000
0.000000
-1.406788
0.869307
0.734364
-1.429557
0.881834
0.739129
0.000000
0.000000
0.000000
0.000000
0.000000
0.000000
0.000000
0.000000
0.000000
-0.926373
0.815979
0.706352
0.000000
0.000000
0.000000
0.000000
0.000000
0.000000
-1.258398
0.856874
0.766068
-1.316694
0.827799
0.729035
0.000000
0.000000
0.000000
0.000000
0.000000
0.000000
-1.189338
1.249751
0.611223
-1.229312
1.209162
0.581502
0.000000
0.000000
0.000000
0.000000
0.000000
0.000000
-1.248696
0.541058
0.998723
-1.245992
0.559719
0.942323
-1.095849
1.104151
0.589568
-1.132205
1.115073
0.570691
-1.095189
1.065454
0.661212
-1.087118
1.058438
0.636960
0.000000
0.000000
0.000000
0.000000
0.000000
0.000000
-1.172938
0.879938
0.680279
-1.131443
0.859275
0.619480
0.000000
0.000000
0.000000
0.000000
0.000000
0.000000
-1.265631
0.425102
0.844317
-1.359822
0.430906
0.825113
-1.068621
1.602682
0.783850
-1.243314
1.061194
0.591298
-0.961988
1.655075
0.783850
-1.147126
1.074779
0.597716
0.000000
0.000000
0.000000
0.000000
0.000000
0.000000
-1.560990
0.549108
0.756174
-1.198606
1.529248
0.769965
-1.330354
0.805564
0.891059
-1.373762
0.777209
0.838513
-1.374139
0.711234
0.894536
-1.395598
0.760944
0.849008
0.000000
0.000000
0.000000
0.000000
0.000000
0.000000
-1.098434
0.899586
0.596635
-1.125223
0.929902
0.718461
0.000000
0.000000
0.000000
0.000000
0.000000
0.000000
0.000000
0.000000
0.000000
-1.231312
0.745800
0.693790
0.000000
0.000000
0.000000
0.000000
0.000000
0.000000
-1.366358
0.907090
0.696054
-1.375369
0.917325
0.717751
0.000000
0.000000
0.000000
0.000000
0.000000
0.000000
-1.177309
0.889454
0.778108
-1.352371
0.763351
0.668607
0.000000
0.000000
0.000000
0.000000
0.000000
0.000000
-1.278760
0.417112
0.678595
-1.190049
0.363476
1.103329
0.000000
0.000000
0.000000
0.000000
0.000000
0.000000
-1.373597
0.618298
0.821609
-1.292675
0.681571
0.809259
0.000000
0.000000
0.000000
0.000000
0.000000
0.000000
-1.327419
0.842559
0.745501
-1.358602
0.829750
0.749060
0.000000
0.000000
0.000000
0.000000
0.000000
0.000000
0.000000
0.000000
0.000000
-1.178813
0.647096
0.773210
0.000000
0.000000
0.000000
0.000000
0.000000
0.000000
-1.162264
0.668413
0.738733
-1.228307
0.600328
0.783080
0.000000
0.000000
0.000000
0.000000
0.000000
0.000000
-1.137420
0.487882
0.685875
-1.274146
0.390107
0.872628
0.000000
0.000000
0.000000
0.000000
0.000000
0.000000
-1.412999
0.459067
0.851938
-1.364312
0.447473
0.869752
0.000000
0.000000
0.000000
0.000000
0.000000
0.000000
-1.257897
0.574597
0.897502
-1.239819
0.562803
0.810466
0.000000
0.000000
0.000000
0.000000
0.000000
0.000000
-1.304690
1.052939
0.689776
-1.436691
1.060099
0.623736
0.000000
0.000000
0.000000
0.000000
0.000000
0.000000
-1.384326
0.959731
0.676553
-1.433475
0.885306
0.715057
-1.253626
0.972880
0.779519
-1.289323
0.799534
0.795892
-1.208131
0.870078
0.834478
-1.219804
0.690912
0.818565
0.000000
0.000000
0.000000
0.000000
0.000000
0.000000
-1.013034
1.198982
0.694904
-1.165525
0.888697
0.584908
0.000000
0.000000
0.000000
0.000000
0.000000
0.000000
-1.825488
0.390009
0.902876
-1.842621
0.376677
0.889916
0.000000
0.000000
0.000000
0.000000
0.000000
0.000000
0.000000
0.000000
0.000000
-1.163627
0.557201
0.662860
0.000000
0.000000
0.000000
0.000000
0.000000
0.000000
-1.285854
0.432538
0.935806
-1.332073
0.470969
0.889176
-1.418469
0.434445
0.860120
-1.441446
0.398268
0.854636
-1.375201
0.410158
0.880780
-1.392802
0.388843
0.858736
0.000000
0.000000
0.000000
0.000000
0.000000
0.000000
-1.201312
0.790413
0.827405
-1.288016
0.737417
0.733100
0.000000
0.000000
0.000000
0.000000
0.000000
0.000000
-1.563320
0.925096
0.810014
-1.634591
0.886241
0.786011
0.000000
0.000000
0.000000
0.000000
0.000000
0.000000
-1.458251
0.658316
0.597217
-1.366284
0.799398
0.884152
0.000000
0.000000
0.000000
0.000000
0.000000
0.000000
-1.191669
0.522278
0.780162
-1.274031
0.509146
0.899051
0.000000
0.000000
0.000000
0.000000
0.000000
0.000000
0.000000
0.000000
0.000000
-1.072348
0.900002
0.697315
-1.541084
0.557552
0.848522
-1.533596
0.527708
0.830088
-1.474835
0.568902
0.832818
-1.466302
0.521549
0.825957
0.000000
0.000000
0.000000
0.000000
0.000000
0.000000
-1.198580
0.978211
0.596857
-1.244143
1.097019
0.604897
0.000000
0.000000
0.000000
0.000000
0.000000
0.000000
-1.100627
1.068206
0.571719
-1.175347
1.114278
0.619448
0.000000
0.000000
0.000000
0.000000
0.000000
0.000000
-1.479656
0.660670
0.817952
-1.517197
0.626981
0.825381
0.000000
0.000000
0.000000
0.000000
0.000000
0.000000
-1.481736
0.534648
0.757109
-1.630315
0.501459
0.842904
0.000000
0.000000
0.000000
0.000000
0.000000
0.000000
0.000000
0.000000
0.000000
-1.330909
0.448922
0.691522
0.000000
0.000000
0.000000
0.000000
0.000000
0.000000
-1.257440
0.950864
0.676909
-1.309065
0.754657
0.696859
0.000000
0.000000
0.000000
0.000000
0.000000
0.000000
-1.628199
0.746269
0.874266
-1.754845
0.541705
0.880616
0.000000
0.000000
0.000000
0.000000
0.000000
0.000000
-1.167789
0.805617
0.765375
-1.110488
0.850497
0.686332
0.000000
0.000000
0.000000
0.000000
0.000000
0.000000
-1.287076
0.531240
0.713310
-1.359576
0.541384
0.773379
0.000000
0.000000
0.000000
0.000000
0.000000
0.000000
-1.346613
0.711538
0.766123
-1.369226
0.759758
0.773778
0.000000
0.000000
0.000000
0.000000
0.000000
0.000000
0.000000
0.000000
0.000000
-1.229283
0.889272
0.730083
0.000000
0.000000
0.000000
0.000000
0.000000
0.000000
-1.370258
0.600923
0.781924
-1.465155
0.495638
0.895512
0.000000
0.000000
0.000000
0.000000
0.000000
0.000000
-1.188359
0.786398
0.721763
-1.237229
0.713870
0.716941
0.000000
0.000000
0.000000
0.000000
0.000000
0.000000
-1.268085
0.431104
0.699724
-1.289309
0.513037
0.787153
0.000000
0.000000
0.000000
0.000000
0.000000
0.000000
0.000000
0.000000
0.000000
-1.279503
0.512267
0.863095
0.000000
0.000000
0.000000
0.000000
0.000000
0.000000
-1.106094
0.682946
0.877605
-1.130177
0.848561
0.847938
0.000000
0.000000
0.000000
0.000000
0.000000
0.000000
-1.417154
0.754613
0.823293
-1.430182
0.800627
0.771927
0.000000
0.000000
0.000000
0.000000
0.000000
0.000000
0.000000
0.000000
0.000000
-1.132172
0.623634
0.802337
0.000000
0.000000
0.000000
0.000000
0.000000
0.000000
-1.443062
0.453158
0.782957
-1.417545
0.984253
0.995988
0.000000
0.000000
0.000000
0.000000
0.000000
0.000000
-1.108620
0.652278
0.626860
-1.150822
0.877760
0.649065
0.000000
0.000000
0.000000
0.000000
0.000000
0.000000
-1.161735
0.943745
0.620426
-1.207767
0.845704
0.677862
0.000000
0.000000
0.000000
0.000000
0.000000
0.000000
-1.149843
0.666188
0.765004
-1.045130
0.725471
0.833605
0.000000
0.000000
0.000000
0.000000
0.000000
0.000000
-1.313231
0.891516
0.708625
-1.320944
0.931224
0.675873
0.000000
0.000000
0.000000
0.000000
0.000000
0.000000
-1.326497
0.694531
0.745517
-1.370360
0.772890
0.763254
0.000000
0.000000
0.000000
0.000000
0.000000
0.000000
-1.197781
0.856971
0.604869
-1.256382
0.825657
0.794483
-1.347333
0.675066
0.812816
-1.412277
0.530033
0.842339
-1.296702
0.610535
0.844963
-1.351558
0.503383
0.846251
0.000000
0.000000
0.000000
0.000000
0.000000
0.000000
-1.087433
1.365158
0.752462
-1.272015
0.973336
0.624202
0.000000
0.000000
0.000000
0.000000
0.000000
0.000000
-1.261497
0.793825
0.822161
-1.330792
0.755776
0.712966
0.000000
0.000000
0.000000
0.000000
0.000000
0.000000
-1.135976
0.654228
0.722473
-1.218733
0.661022
0.776633
0.000000
0.000000
0.000000
0.000000
0.000000
0.000000
-1.265699
0.554582
0.907070
-1.327676
0.558191
0.840960
0.000000
0.000000
0.000000
0.000000
0.000000
0.000000
-1.545092
0.450746
0.870983
-1.575140
0.470369
0.869758
0.000000
0.000000
0.000000
0.000000
0.000000
0.000000
-1.408354
0.407466
0.870647
-1.438875
0.436295
0.880059
0.000000
0.000000
0.000000
0.000000
0.000000
0.000000
0.000000
0.000000
0.000000
-1.293931
0.535018
0.756128
0.000000
0.000000
0.000000
0.000000
0.000000
0.000000
-1.164826
1.068668
0.528790
-1.187265
1.106063
0.553242
0.000000
0.000000
0.000000
0.000000
0.000000
0.000000
-1.144789
0.685787
0.668905
-1.082408
0.939732
0.786580
0.000000
0.000000
0.000000
0.000000
0.000000
0.000000
-1.019535
0.734091
0.749903
-1.096905
0.544308
0.738572
0.000000
0.000000
0.000000
0.000000
0.000000
0.000000
0.000000
0.000000
0.000000
-1.296538
0.578058
0.826873
0.000000
0.000000
0.000000
0.000000
0.000000
0.000000
-1.339717
0.796934
0.884427
-1.318261
0.897605
0.823163
0.000000
0.000000
0.000000
0.000000
0.000000
0.000000
-1.261026
0.678923
0.835857
-1.250929
0.766956
0.791603
0.000000
0.000000
0.000000
0.000000
0.000000
0.000000
-1.220369
0.935703
0.564806
-1.201136
1.208623
0.471019
0.000000
0.000000
0.000000
0.000000
0.000000
0.000000
0.000000
0.000000
0.000000
-1.276115
0.406832
0.761692
0.000000
0.000000
0.000000
0.000000
0.000000
0.000000
0.000000
0.000000
0.000000
-1.083149
1.750568
0.874134
-1.687888
0.266610
0.901363
-1.702750
0.277796
0.895935
-1.681948
0.290730
0.899612
-1.697711
0.303322
0.897292
0.000000
0.000000
0.000000
0.000000
0.000000
0.000000
-1.282999
0.677305
0.699939
-1.251890
0.651369
0.792098
0.000000
0.000000
0.000000
0.000000
0.000000
0.000000
-1.261787
0.662493
0.660573
-1.189261
0.784446
0.904382
0.000000
0.000000
0.000000
0.000000
0.000000
0.000000
-1.213072
0.762956
0.579700
-1.306078
0.835092
0.878651
0.000000
0.000000
0.000000
0.000000
0.000000
0.000000
-1.271786
1.033934
0.651033
-1.313530
1.014381
0.642582
0.000000
0.000000
0.000000
0.000000
0.000000
0.000000
-1.138331
0.873182
0.801887
-1.148192
1.026216
0.769272
0.000000
0.000000
0.000000
0.000000
0.000000
0.000000
-1.344334
1.161798
0.528634
-1.381050
1.215052
0.570304
0.000000
0.000000
0.000000
0.000000
0.000000
0.000000
0.000000
0.000000
0.000000
-1.100539
1.786989
0.597396
0.000000
0.000000
0.000000
0.000000
0.000000
0.000000
-1.016089
1.113081
0.624192
-1.134701
0.856066
0.615582
0.000000
0.000000
0.000000
0.000000
0.000000
0.000000
0.000000
0.000000
0.000000
-1.478061
0.443372
0.871992
-0.976874
1.112248
0.725333
-1.019186
0.861665
0.760941
-0.953604
1.102635
0.725333
-0.985525
0.856754
0.760853
0.000000
0.000000
0.000000
0.000000
0.000000
0.000000
0.000000
0.000000
0.000000
-1.142713
0.507897
0.737008
0.000000
0.000000
0.000000
0.000000
0.000000
0.000000
-1.238621
0.810978
0.727586
-1.276170
0.735488
0.703501
0.000000
0.000000
0.000000
0.000000
0.000000
0.000000
-1.234075
0.858611
0.710563
-1.315833
0.744103
0.770604
0.000000
0.000000
0.000000
0.000000
0.000000
0.000000
-1.369049
0.596808
0.785508
-1.468571
0.442784
0.820345
0.000000
0.000000
0.000000
0.000000
0.000000
0.000000
-1.164486
0.730544
0.805795
-1.255094
0.585009
0.741449
-1.261143
1.121948
0.632572
-1.303474
1.120419
0.584190
-1.248542
1.116222
0.636568
-1.299621
1.090907
0.598312
0.000000
0.000000
0.000000
0.000000
0.000000
0.000000
-1.103301
0.754263
0.827695
-1.107980
0.826105
0.769724
0.000000
0.000000
0.000000
0.000000
0.000000
0.000000
0.000000
0.000000
0.000000
-0.970356
1.478852
0.929015
0.000000
0.000000
0.000000
0.000000
0.000000
0.000000
-1.221454
1.135362
0.593596
-1.254902
1.100034
0.624308
0.000000
0.000000
0.000000
0.000000
0.000000
0.000000
-1.535665
0.667893
0.848436
-1.563706
0.690966
0.853932
0.000000
0.000000
0.000000
0.000000
0.000000
0.000000
-1.397812
0.581084
0.840976
-1.417098
0.624316
0.846579
0.000000
0.000000
0.000000
0.000000
0.000000
0.000000
-1.268019
1.019949
0.675134
-1.288549
1.043856
0.654237
0.000000
0.000000
0.000000
0.000000
0.000000
0.000000
-1.403993
1.033370
0.663823
-1.445507
0.986663
0.678545
0.000000
0.000000
0.000000
0.000000
0.000000
0.000000
0.000000
0.000000
0.000000
-1.129478
0.505262
0.762693
0.000000
0.000000
0.000000
0.000000
0.000000
0.000000
-1.188009
1.423832
0.684323
-1.334905
1.043142
0.616049
0.000000
0.000000
0.000000
0.000000
0.000000
0.000000
-1.571148
0.436636
0.914630
-1.563343
0.421917
0.883876
0.000000
0.000000
0.000000
0.000000
0.000000
0.000000
-1.263471
0.742391
0.740706
-1.328649
0.727821
0.770510
0.000000
0.000000
0.000000
0.000000
0.000000
0.000000
-1.208265
0.987004
0.627182
-1.264255
0.953837
0.629775
0.000000
0.000000
0.000000
0.000000
0.000000
0.000000
-1.351750
0.713289
0.825812
-1.398457
0.620973
0.793285
0.000000
0.000000
0.000000
0.000000
0.000000
0.000000
0.000000
0.000000
0.000000
-0.864169
1.406389
0.751976
0.000000
0.000000
0.000000
0.000000
0.000000
0.000000
0.000000
0.000000
0.000000
-1.231480
0.710781
0.699353
0.000000
0.000000
0.000000
0.000000
0.000000
0.000000
-1.183964
0.846299
0.871532
-1.314886
0.683539
0.796915
0.000000
0.000000
0.000000
0.000000
0.000000
0.000000
-1.275579
0.683346
0.620804
-1.278415
0.751657
0.997180
0.000000
0.000000
0.000000
0.000000
0.000000
0.000000
0.000000
0.000000
0.000000
-1.016731
1.339319
0.755344
-1.354607
0.535482
0.846921
-1.451293
0.359765
0.843994
-1.356395
0.606125
0.860225
-1.481163
0.379750
0.819438
0.000000
0.000000
0.000000
0.000000
0.000000
0.000000
-1.159131
0.487922
0.775341
-1.207329
0.449807
0.806702
0.000000
0.000000
0.000000
0.000000
0.000000
0.000000
-1.394995
0.473940
0.856582
-1.459427
0.461034
0.865596
0.000000
0.000000
0.000000
0.000000
0.000000
0.000000
-0.956351
0.696722
0.666324
-0.910653
0.827270
0.652461
0.000000
0.000000
0.000000
0.000000
0.000000
0.000000
-1.408045
0.702373
0.794886
-1.439384
0.704791
0.800886
0.000000
0.000000
0.000000
0.000000
0.000000
0.000000
-1.338523
0.483769
0.702123
-1.289998
0.520485
0.792864
0.000000
0.000000
0.000000
0.000000
0.000000
0.000000
-1.439914
0.426890
0.701023
-1.419821
0.520849
1.105296
0.000000
0.000000
0.000000
0.000000
0.000000
0.000000
-1.204874
1.140990
0.582990
-1.287658
1.073552
0.610080
0.000000
0.000000
0.000000
0.000000
0.000000
0.000000
-1.110000
1.466759
0.778560
-1.277357
0.933574
0.576035
0.000000
0.000000
0.000000
0.000000
0.000000
0.000000
-1.335417
0.847136
0.812941
-1.360353
0.742317
0.821901
-1.235785
0.776636
0.769164
-1.235436
0.763411
0.761354
-1.229450
0.777793
0.768911
-1.216688
0.767605
0.757805
0.000000
0.000000
0.000000
0.000000
0.000000
0.000000
0.000000
0.000000
0.000000
-1.012509
0.465995
0.697672
0.000000
0.000000
0.000000
0.000000
0.000000
0.000000
-1.135887
0.598291
0.699405
-1.383686
0.523993
0.816203
0.000000
0.000000
0.000000
0.000000
0.000000
0.000000
-1.283539
0.897899
0.743531
-1.323410
0.948621
0.724153
0.000000
0.000000
0.000000
0.000000
0.000000
0.000000
-1.278492
0.741661
0.660863
-1.397854
0.556608
0.801521
0.000000
0.000000
0.000000
0.000000
0.000000
0.000000
-1.300089
0.808223
0.714893
-1.248346
0.901502
0.777235
0.000000
0.000000
0.000000
0.000000
0.000000
0.000000
0.000000
0.000000
0.000000
-1.233113
0.693597
0.892677
0.000000
0.000000
0.000000
0.000000
0.000000
0.000000
-1.262262
0.840201
0.734661
-1.406329
0.673605
0.762900
0.000000
0.000000
0.000000
0.000000
0.000000
0.000000
-1.141874
0.890714
0.938502
-1.258087
0.656451
0.890332
0.000000
0.000000
0.000000
0.000000
0.000000
0.000000
-1.475901
0.814030
0.758773
-1.496458
0.837020
0.766721
0.000000
0.000000
0.000000
0.000000
0.000000
0.000000
-1.224844
0.623054
0.689255
-1.318527
0.469024
0.803450
0.000000
0.000000
0.000000
0.000000
0.000000
0.000000
0.000000
0.000000
0.000000
-0.975079
0.872717
0.642478
0.000000
0.000000
0.000000
0.000000
0.000000
0.000000
-1.144827
0.804646
0.743348
-1.192794
0.810793
0.748979
0.000000
0.000000
0.000000
0.000000
0.000000
0.000000
-1.271469
0.645085
0.824974
-1.255207
0.860414
0.877415
0.000000
0.000000
0.000000
0.000000
0.000000
0.000000
-1.405060
0.961994
0.720132
-1.423670
1.020062
0.705283
0.000000
0.000000
0.000000
0.000000
0.000000
0.000000
-1.355964
0.494989
0.835254
-1.432440
0.450486
0.855297
0.000000
0.000000
0.000000
0.000000
0.000000
0.000000
-1.079791
1.345183
0.751741
-1.240181
0.894813
0.746861
-1.140798
0.882368
0.676962
-1.107375
1.028403
0.698248
-1.120736
0.888017
0.676962
-1.070521
1.050176
0.681394
0.000000
0.000000
0.000000
0.000000
0.000000
0.000000
-1.316137
1.235714
0.523759
-1.363104
1.249542
0.539985
-1.186931
0.617322
0.825460
-1.133103
0.706505
0.784845
-1.072134
0.692198
0.806884
-1.002197
0.702361
0.753568
0.000000
0.000000
0.000000
0.000000
0.000000
0.000000
-1.407952
0.596414
0.875279
-1.414678
0.693055
0.804927
0.000000
0.000000
0.000000
0.000000
0.000000
0.000000
-1.320304
0.653932
0.857119
-1.373994
0.675601
0.827953
0.000000
0.000000
0.000000
0.000000
0.000000
0.000000
-1.542621
0.410585
0.791692
-1.458304
0.487369
0.853855
0.000000
0.000000
0.000000
0.000000
0.000000
0.000000
-1.232575
0.798998
0.718406
-1.277652
0.843691
0.707045
0.000000
0.000000
0.000000
0.000000
0.000000
0.000000
-1.146449
0.584429
0.771605
-1.128613
0.671966
0.766359
-1.217164
0.639778
0.962713
-1.343349
0.549748
0.906662
-1.207231
0.636676
0.962713
-1.312647
0.570801
0.913954
0.000000
0.000000
0.000000
0.000000
0.000000
0.000000
-1.070797
0.703796
0.583931
-1.099737
0.694650
0.717986
0.000000
0.000000
0.000000
0.000000
0.000000
0.000000
-0.858220
0.841506
0.864385
-1.146112
0.633462
0.766848
0.000000
0.000000
0.000000
0.000000
0.000000
0.000000
-0.934004
1.185424
0.863808
-1.083535
0.993387
0.779232
0.000000
0.000000
0.000000
0.000000
0.000000
0.000000
0.000000
0.000000
0.000000
-1.182516
0.667388
0.709634
0.000000
0.000000
0.000000
0.000000
0.000000
0.000000
-1.533941
0.331877
0.892160
-1.565445
0.323743
0.899077
-1.101672
1.097459
0.572637
-1.097625
1.050259
0.569647
-1.099578
1.096724
0.572637
-1.091180
1.045664
0.571808
0.000000
0.000000
0.000000
0.000000
0.000000
0.000000
-0.948380
0.994031
0.787168
-1.077516
0.917897
0.706191
0.000000
0.000000
0.000000
0.000000
0.000000
0.000000
-1.313161
1.158395
0.579637
-1.344623
1.230239
0.535423
0.000000
0.000000
0.000000
0.000000
0.000000
0.000000
-1.309828
0.697605
0.791673
-1.363340
0.717301
0.809490
0.000000
0.000000
0.000000
0.000000
0.000000
0.000000
-1.167389
1.345757
0.484122
-1.247500
1.289486
0.385252
0.000000
0.000000
0.000000
0.000000
0.000000
0.000000
0.000000
0.000000
0.000000
-1.100461
1.138765
0.678309
0.000000
0.000000
0.000000
0.000000
0.000000
0.000000
-0.954239
1.079546
0.693880
-1.136159
0.712102
0.837472
0.000000
0.000000
0.000000
0.000000
0.000000
0.000000
-1.760562
0.502692
0.873448
-1.782552
0.494526
0.874385
0.000000
0.000000
0.000000
0.000000
0.000000
0.000000
-1.339546
0.963283
0.852801
-1.423049
0.823067
0.822065
0.000000
0.000000
0.000000
0.000000
0.000000
0.000000
-1.224399
1.033280
0.616788
-1.269136
0.994357
0.609958
0.000000
0.000000
0.000000
-1.299367
0.727629
0.731645
0.000000
0.000000
0.000000
-1.327206
0.570984
0.812452
0.000000
0.000000
0.000000
0.000000
0.000000
0.000000
0.000000
0.000000
0.000000
-1.253496
0.478894
0.733022
0.000000
0.000000
0.000000
0.000000
0.000000
0.000000
-1.124263
0.820308
0.671206
-1.189686
1.017610
0.603743
0.000000
0.000000
0.000000
0.000000
0.000000
0.000000
-1.474910
0.516905
0.920698
-1.509775
0.482440
0.872619
0.000000
0.000000
0.000000
0.000000
0.000000
0.000000
-1.315626
0.862795
0.701353
-1.357319
0.872397
0.725602
0.000000
0.000000
0.000000
0.000000
0.000000
0.000000
-1.465503
0.386141
0.893531
-1.568041
0.366987
0.906964
0.000000
0.000000
0.000000
0.000000
0.000000
0.000000
0.000000
0.000000
0.000000
-1.258694
0.508832
0.753609
0.000000
0.000000
0.000000
0.000000
0.000000
0.000000
-1.251291
1.050966
0.621136
-1.304738
1.020968
0.621141
0.000000
0.000000
0.000000
0.000000
0.000000
0.000000
-1.430750
0.701455
0.664275
-1.401307
1.121095
0.736335
-1.270292
0.725612
0.801114
-1.304713
0.773175
0.733521
-1.273124
0.724630
0.794725
-1.300282
0.725489
0.759105
0.000000
0.000000
0.000000
0.000000
0.000000
0.000000
-1.157304
1.100398
0.565076
-1.184301
1.056090
0.573262
0.000000
0.000000
0.000000
0.000000
0.000000
0.000000
-1.266071
1.113913
0.608769
-1.345378
1.073326
0.642884
0.000000
0.000000
0.000000
0.000000
0.000000
0.000000
-1.417635
0.582521
0.873398
-1.483546
0.509801
0.851527
0.000000
0.000000
0.000000
0.000000
0.000000
0.000000
0.000000
0.000000
0.000000
-1.385564
0.562498
0.587678
0.000000
0.000000
0.000000
0.000000
0.000000
0.000000
0.000000
0.000000
0.000000
-1.243018
0.595710
0.745249
0.000000
0.000000
0.000000
0.000000
0.000000
0.000000
-1.374661
0.409245
0.881673
-1.340662
0.399085
0.908478
0.000000
0.000000
0.000000
0.000000
0.000000
0.000000
-1.216305
0.778087
0.825570
-1.180769
0.837207
0.784049
0.000000
0.000000
0.000000
0.000000
0.000000
0.000000
-1.298775
1.155974
0.670185
-1.472489
0.899262
0.700038
0.000000
0.000000
0.000000
0.000000
0.000000
0.000000
-1.201538
0.985717
0.570120
-1.267638
1.023706
0.707445
0.000000
0.000000
0.000000
0.000000
0.000000
0.000000
-1.099048
1.202890
0.733744
-1.101649
0.982388
0.800694
0.000000
0.000000
0.000000
0.000000
0.000000
0.000000
-1.288617
0.883503
0.692059
-1.329929
0.854343
0.771811
0.000000
0.000000
0.000000
0.000000
0.000000
0.000000
-1.235238
0.975573
0.685025
-1.243332
0.926190
0.647261
0.000000
0.000000
0.000000
0.000000
0.000000
0.000000
-1.016844
1.054488
0.764497
-1.195437
0.879124
0.672254
0.000000
0.000000
0.000000
0.000000
0.000000
0.000000
-1.270299
1.189057
0.534311
-1.292269
1.231728
0.545918
0.000000
0.000000
0.000000
0.000000
0.000000
0.000000
-1.428498
0.317103
0.870004
-1.495927
0.272780
0.870166
0.000000
0.000000
0.000000
0.000000
0.000000
0.000000
-1.231014
0.811412
0.809865
-1.299047
0.734086
0.831372
0.000000
0.000000
0.000000
-1.149849
0.548231
0.680209
0.000000
0.000000
0.000000
-1.139440
0.549366
0.680209
0.000000
0.000000
0.000000
0.000000
0.000000
0.000000
-1.059449
0.715861
0.759873
-1.084067
0.674482
0.722747
0.000000
0.000000
0.000000
0.000000
0.000000
0.000000
-1.471890
0.768289
0.860186
-1.525938
0.969052
0.878810
0.000000
0.000000
0.000000
0.000000
0.000000
0.000000
0.000000
0.000000
0.000000
-1.217161
0.655008
0.744286
0.000000
0.000000
0.000000
0.000000
0.000000
0.000000
-1.275249
0.568347
0.875678
-1.260822
0.629677
0.844662
0.000000
0.000000
0.000000
0.000000
0.000000
0.000000
-1.406060
1.313200
0.479592
-1.447458
1.294166
0.522010
0.000000
0.000000
0.000000
0.000000
0.000000
0.000000
0.000000
0.000000
0.000000
-1.266475
0.640611
0.656864
0.000000
0.000000
0.000000
0.000000
0.000000
0.000000
-1.493144
0.565531
0.866399
-1.531964
0.604526
0.861638
0.000000
0.000000
0.000000
0.000000
0.000000
0.000000
0.000000
0.000000
0.000000
-1.140548
0.945319
0.716028
0.000000
0.000000
0.000000
0.000000
0.000000
0.000000
-0.944264
0.948766
0.804042
-1.060627
0.788848
0.780885
0.000000
0.000000
0.000000
0.000000
0.000000
0.000000
-1.158071
0.406561
0.712350
-1.046001
0.421241
0.817315
0.000000
0.000000
0.000000
0.000000
0.000000
0.000000
-1.285842
0.780876
0.750325
-1.321728
0.818707
0.736955
0.000000
0.000000
0.000000
0.000000
0.000000
0.000000
-1.249542
0.742385
0.939784
-1.298973
0.803705
0.785986
0.000000
0.000000
0.000000
0.000000
0.000000
0.000000
-1.092943
0.883659
0.681217
-1.159355
0.989827
0.648575
0.000000
0.000000
0.000000
-1.397077
0.559045
0.821856
0.000000
0.000000
0.000000
-1.412707
0.557785
0.821856
0.000000
0.000000
0.000000
0.000000
0.000000
0.000000
-1.095620
0.810244
0.687667
-1.125942
0.783823
0.666709
0.000000
0.000000
0.000000
0.000000
0.000000
0.000000
-1.389919
0.930272
0.691589
-1.430846
0.913743
0.709313
0.000000
0.000000
0.000000
0.000000
0.000000
0.000000
-1.129380
0.824941
0.751496
-1.192293
0.746810
0.694722
0.000000
0.000000
0.000000
0.000000
0.000000
0.000000
0.000000
0.000000
0.000000
-1.284255
0.709718
0.791411
0.000000
0.000000
0.000000
0.000000
0.000000
0.000000
-1.408752
0.589428
0.854716
-1.404636
0.625688
0.814899
0.000000
0.000000
0.000000
0.000000
0.000000
0.000000
0.000000
0.000000
0.000000
-1.283590
0.840343
0.725488
0.000000
0.000000
0.000000
0.000000
0.000000
0.000000
0.000000
0.000000
0.000000
-1.209875
0.912335
0.873461
0.000000
0.000000
0.000000
0.000000
0.000000
0.000000
-1.253039
0.828972
0.731954
-1.297417
0.765336
0.741937
0.000000
0.000000
0.000000
0.000000
0.000000
0.000000
0.000000
0.000000
0.000000
-1.323424
0.781991
0.839297
0.000000
0.000000
0.000000
0.000000
0.000000
0.000000
-1.473819
0.841690
0.765077
-1.498788
0.870787
0.754290
0.000000
0.000000
0.000000
0.000000
0.000000
0.000000
0.000000
0.000000
0.000000
-1.141318
0.660721
0.710428
0.000000
0.000000
0.000000
0.000000
0.000000
0.000000
-1.516474
0.465713
0.870990
-1.580191
0.494206
0.863809
0.000000
0.000000
0.000000
0.000000
0.000000
0.000000
-1.503195
0.306915
0.896204
-1.495056
0.328683
0.895302
0.000000
0.000000
0.000000
0.000000
0.000000
0.000000
-1.210860
0.734011
0.807508
-1.307049
0.737580
0.847686
0.000000
0.000000
0.000000
0.000000
0.000000
0.000000
-1.358140
0.856111
0.805700
-1.422646
0.953873
0.706601
0.000000
0.000000
0.000000
0.000000
0.000000
0.000000
-1.364150
0.773172
0.748840
-1.415329
0.785261
0.762609
0.000000
0.000000
0.000000
0.000000
0.000000
0.000000
-1.196958
0.682103
0.766727
-1.202112
0.931552
0.729945
0.000000
0.000000
0.000000
0.000000
0.000000
0.000000
-1.269991
0.440443
0.814435
-1.246152
0.524742
0.852193
0.000000
0.000000
0.000000
0.000000
0.000000
0.000000
-1.386147
0.753011
0.799341
-1.390104
0.882301
0.753269
0.000000
0.000000
0.000000
0.000000
0.000000
0.000000
-1.285523
0.467988
0.781843
-1.184041
0.504615
0.828428
0.000000
0.000000
0.000000
0.000000
0.000000
0.000000
-1.040186
0.834230
0.704398
-1.191917
0.687417
0.717537
0.000000
0.000000
0.000000
0.000000
0.000000
0.000000
0.000000
0.000000
0.000000
-1.294456
0.478155
0.741457
0.000000
0.000000
0.000000
0.000000
0.000000
0.000000
-1.151255
1.100818
0.631939
-1.243593
1.053443
0.652110
0.000000
0.000000
0.000000
0.000000
0.000000
0.000000
-1.470986
0.617055
0.858397
-1.516526
0.626068
0.843293
-1.402115
0.658165
0.824780
-1.402479
0.636196
0.827704
-1.370430
0.652810
0.824811
-1.364583
0.629090
0.826725
0.000000
0.000000
0.000000
0.000000
0.000000
0.000000
-1.162998
0.843913
0.769058
-1.250048
0.884884
0.742665
0.000000
0.000000
0.000000
0.000000
0.000000
0.000000
0.000000
0.000000
0.000000
-1.025981
0.841685
0.651523
0.000000
0.000000
0.000000
0.000000
0.000000
0.000000
-1.315071
0.511968
0.845272
-1.429845
0.464961
0.858647
0.000000
0.000000
0.000000
0.000000
0.000000
0.000000
-1.280796
0.897339
0.695731
-1.134669
1.140727
0.680377
0.000000
0.000000
0.000000
0.000000
0.000000
0.000000
-1.308298
0.644464
0.994307
-1.436319
0.615335
0.869829
0.000000
0.000000
0.000000
0.000000
0.000000
0.000000
-1.188626
0.698974
0.770303
-1.186793
0.683370
0.730035
0.000000
0.000000
0.000000
0.000000
0.000000
0.000000
-1.330480
0.497429
0.977255
-1.226696
0.552467
0.916158
0.000000
0.000000
0.000000
0.000000
0.000000
0.000000
-1.136949
1.373362
0.704367
-1.215910
1.387215
0.784405
0.000000
0.000000
0.000000
0.000000
0.000000
0.000000
-1.281097
1.190061
0.647808
-1.383487
1.215095
0.541028
0.000000
0.000000
0.000000
0.000000
0.000000
0.000000
-1.210845
0.760884
0.977931
-1.150722
0.829304
0.862485
0.000000
0.000000
0.000000
0.000000
0.000000
0.000000
-1.005106
0.590512
0.917520
-1.085251
0.529425
0.857335
0.000000
0.000000
0.000000
0.000000
0.000000
0.000000
-1.340053
0.647353
0.855505
-1.373116
0.528273
0.855589
0.000000
0.000000
0.000000
0.000000
0.000000
0.000000
0.000000
0.000000
0.000000
-1.251869
0.392996
0.761791
0.000000
0.000000
0.000000
0.000000
0.000000
0.000000
0.000000
0.000000
0.000000
-1.188884
0.598924
0.833936
0.000000
0.000000
0.000000
0.000000
0.000000
0.000000
-1.073031
0.743110
0.707934
-1.187535
0.746581
0.743657
0.000000
0.000000
0.000000
0.000000
0.000000
0.000000
-1.090777
0.830288
0.672711
-1.086981
0.919399
0.656329
0.000000
0.000000
0.000000
0.000000
0.000000
0.000000
-1.190355
1.077413
0.879697
-1.233760
0.918487
0.821402
0.000000
0.000000
0.000000
0.000000
0.000000
0.000000
-1.343403
1.116240
0.603021
-1.364945
1.153845
0.545100
0.000000
0.000000
0.000000
0.000000
0.000000
0.000000
0.000000
0.000000
0.000000
-1.124394
0.496887
0.755570
0.000000
0.000000
0.000000
0.000000
0.000000
0.000000
-1.389279
0.496753
0.849622
-1.536936
0.432328
0.853791
0.000000
0.000000
0.000000
0.000000
0.000000
0.000000
-0.868090
1.576317
0.674215
-1.007144
1.131002
0.724088
0.000000
0.000000
0.000000
0.000000
0.000000
0.000000
0.000000
0.000000
0.000000
-0.838660
1.766977
0.612853
0.000000
0.000000
0.000000
0.000000
0.000000
0.000000
-1.108347
0.908761
0.625371
-1.129666
1.138319
0.516269
0.000000
0.000000
0.000000
0.000000
0.000000
0.000000
-1.329680
0.524122
1.082306
-1.336151
0.683959
0.931636
0.000000
0.000000
0.000000
0.000000
0.000000
0.000000
-1.308105
0.908225
0.689003
-1.301794
0.869599
0.695923
0.000000
0.000000
0.000000
0.000000
0.000000
0.000000
-0.970849
1.023835
0.636731
-1.061738
0.932539
0.607713
0.000000
0.000000
0.000000
0.000000
0.000000
0.000000
-1.416119
0.427763
0.882365
-1.457846
0.407373
0.878526
0.000000
0.000000
0.000000
0.000000
0.000000
0.000000
-1.026497
1.045517
0.752255
-1.096045
0.995964
0.745091
0.000000
0.000000
0.000000
0.000000
0.000000
0.000000
-1.323808
0.681137
0.752762
-1.369859
0.680784
0.803169
0.000000
0.000000
0.000000
0.000000
0.000000
0.000000
-1.244105
0.558691
0.699990
-1.080529
0.668424
0.763095
0.000000
0.000000
0.000000
0.000000
0.000000
0.000000
-1.164626
0.805922
0.700264
-1.189077
0.792021
0.726110
0.000000
0.000000
0.000000
0.000000
0.000000
0.000000
-1.305696
0.822243
0.769095
-1.349765
0.751070
0.792433
0.000000
0.000000
0.000000
0.000000
0.000000
0.000000
-1.084893
0.777356
0.825259
-1.131574
0.697891
0.860471
0.000000
0.000000
0.000000
0.000000
0.000000
0.000000
-1.241368
0.476962
0.871772
-1.211377
0.611709
0.806557
-1.261825
0.807190
0.786548
-1.422910
0.684677
0.773672
-1.242690
0.788814
0.786548
-1.402032
0.677153
0.779076
0.000000
0.000000
0.000000
0.000000
0.000000
0.000000
-1.233800
0.790943
0.737095
-1.273806
0.755690
0.754463
0.000000
0.000000
0.000000
0.000000
0.000000
0.000000
-1.051005
1.062356
0.589278
-1.135815
0.934400
0.621595
0.000000
0.000000
0.000000
0.000000
0.000000
0.000000
-1.019283
0.934555
0.554310
-1.000742
1.001137
0.605956
0.000000
0.000000
0.000000
0.000000
0.000000
0.000000
-1.332441
0.401618
0.803323
-1.228900
0.447840
0.838111
0.000000
0.000000
0.000000
0.000000
0.000000
0.000000
0.000000
0.000000
0.000000
-1.381859
0.659959
0.715433
0.000000
0.000000
0.000000
0.000000
0.000000
0.000000
-1.356034
0.597982
0.820749
-1.398972
0.580919
0.819911
0.000000
0.000000
0.000000
0.000000
0.000000
0.000000
-1.297650
0.720733
0.684328
-1.300881
0.853864
0.723573
0.000000
0.000000
0.000000
0.000000
0.000000
0.000000
-1.540636
0.622776
0.844342
-1.559133
0.626036
0.840163
0.000000
0.000000
0.000000
0.000000
0.000000
0.000000
-1.158673
0.930513
0.580162
-1.157838
0.876884
0.545447
0.000000
0.000000
0.000000
0.000000
0.000000
0.000000
0.000000
0.000000
0.000000
-1.307227
0.379105
0.643621
0.000000
0.000000
0.000000
0.000000
0.000000
0.000000
-1.120957
1.168727
0.609497
-1.166644
1.123654
0.609006
0.000000
0.000000
0.000000
0.000000
0.000000
0.000000
-0.996722
1.325477
0.716059
-1.103234
1.038188
0.627551
0.000000
0.000000
0.000000
0.000000
0.000000
0.000000
0.000000
0.000000
0.000000
-1.422168
0.512416
0.795802
0.000000
0.000000
0.000000
0.000000
0.000000
0.000000
-1.087720
0.662513
0.679934
-1.109323
0.538860
0.780514
0.000000
0.000000
0.000000
0.000000
0.000000
0.000000
-1.072703
1.393576
1.002696
-1.225509
1.044413
0.792065
0.000000
0.000000
0.000000
0.000000
0.000000
0.000000
-1.309778
0.697133
0.773995
-1.254578
0.782816
0.786767
0.000000
0.000000
0.000000
0.000000
0.000000
0.000000
-1.191862
0.788836
0.892581
-1.310692
0.615141
0.823484
0.000000
0.000000
0.000000
0.000000
0.000000
0.000000
-1.443116
0.536788
0.839322
-1.453525
0.525204
0.848340
0.000000
0.000000
0.000000
-1.039887
1.123527
0.842150
0.000000
0.000000
0.000000
-0.997762
1.080148
0.881183
-1.499643
1.224155
0.507055
-1.527423
1.268261
0.566414
-1.417343
1.238998
0.458867
-1.423637
1.295161
0.513558
0.000000
0.000000
0.000000
0.000000
0.000000
0.000000
-1.114876
0.813517
0.951170
-1.334246
0.836639
0.860215
0.000000
0.000000
0.000000
0.000000
0.000000
0.000000
-1.093542
0.754183
0.687548
-1.115008
0.850515
0.781924
0.000000
0.000000
0.000000
0.000000
0.000000
0.000000
-1.259440
0.860518
0.810930
-1.327040
0.768905
0.788871
0.000000
0.000000
0.000000
0.000000
0.000000
0.000000
-1.250343
0.754458
0.720296
-1.243285
0.778889
0.755869
0.000000
0.000000
0.000000
0.000000
0.000000
0.000000
-1.192254
1.080703
0.517093
-1.244506
1.038201
0.604512
0.000000
0.000000
0.000000
0.000000
0.000000
0.000000
-1.209810
0.625478
0.722164
-1.188432
0.751882
0.717133
0.000000
0.000000
0.000000
0.000000
0.000000
0.000000
-1.232390
0.845357
0.698706
-1.275382
0.706174
0.708130
-1.283772
0.777525
0.757732
-1.355369
0.713438
0.775830
-1.167212
0.903265
0.695298
-1.197839
0.882247
0.715060
0.000000
0.000000
0.000000
0.000000
0.000000
0.000000
-1.146840
0.885030
0.604827
-1.059999
1.212873
0.658943
0.000000
0.000000
0.000000
0.000000
0.000000
0.000000
-1.396325
0.980340
0.674404
-1.424219
1.029485
0.680299
0.000000
0.000000
0.000000
0.000000
0.000000
0.000000
-1.512968
0.721651
0.841599
-1.556595
0.763785
0.823573
0.000000
0.000000
0.000000
0.000000
0.000000
0.000000
-1.246203
0.869922
0.700757
-1.286818
0.863919
0.713508
0.000000
0.000000
0.000000
0.000000
0.000000
0.000000
-0.923372
1.383783
0.735676
-1.031334
1.268859
0.659674
0.000000
0.000000
0.000000
0.000000
0.000000
0.000000
-1.445066
0.440397
0.929770
-1.465973
0.419018
0.898010
0.000000
0.000000
0.000000
0.000000
0.000000
0.000000
0.000000
0.000000
0.000000
-1.129850
0.686413
0.601991
0.000000
0.000000
0.000000
0.000000
0.000000
0.000000
0.000000
0.000000
0.000000
-1.098840
0.527431
0.831847
0.000000
0.000000
0.000000
0.000000
0.000000
0.000000
-1.064658
0.824858
0.822128
-1.151781
0.673945
0.784909
0.000000
0.000000
0.000000
0.000000
0.000000
0.000000
-1.163136
0.773140
0.777876
-1.198885
0.835359
0.916405
0.000000
0.000000
0.000000
0.000000
0.000000
0.000000
-1.218918
0.665227
0.920338
-1.314568
0.604887
0.851301
0.000000
0.000000
0.000000
0.000000
0.000000
0.000000
-1.423279
0.427409
0.891483
-1.418905
0.559742
0.895034
0.000000
0.000000
0.000000
0.000000
0.000000
0.000000
-1.151684
0.982056
0.690949
-1.215316
0.780164
0.728441
0.000000
0.000000
0.000000
0.000000
0.000000
0.000000
-1.233003
0.995111
0.783737
-1.308060
0.902229
0.716358
0.000000
0.000000
0.000000
0.000000
0.000000
0.000000
0.000000
0.000000
0.000000
-1.174102
0.903596
0.741813
0.000000
0.000000
0.000000
0.000000
0.000000
0.000000
-1.515153
0.426924
0.896561
-1.522900
0.371275
0.888298
0.000000
0.000000
0.000000
0.000000
0.000000
0.000000
0.000000
0.000000
0.000000
-0.899921
1.228880
0.587776
0.000000
0.000000
0.000000
0.000000
0.000000
0.000000
-1.137624
1.025779
0.827703
-1.216935
0.705899
0.738553
0.000000
0.000000
0.000000
0.000000
0.000000
0.000000
-1.475209
0.456432
0.767111
-1.590591
0.363894
0.856294
0.000000
0.000000
0.000000
0.000000
0.000000
0.000000
-1.629039
0.819241
0.791118
-1.638569
0.849505
0.777527
0.000000
0.000000
0.000000
0.000000
0.000000
0.000000
-1.061359
0.848056
0.628372
-1.146897
0.728858
0.747151
0.000000
0.000000
0.000000
0.000000
0.000000
0.000000
-1.215974
0.849046
0.689531
-1.252461
0.864675
0.682445
0.000000
0.000000
0.000000
0.000000
0.000000
0.000000
-1.355600
0.966219
0.652390
-1.386533
0.975533
0.674391
0.000000
0.000000
0.000000
0.000000
0.000000
0.000000
-0.976272
1.453124
0.664388
-1.096990
1.213053
0.616160
0.000000
0.000000
0.000000
0.000000
0.000000
0.000000
0.000000
0.000000
0.000000
-1.174526
0.686634
0.721368
0.000000
0.000000
0.000000
0.000000
0.000000
0.000000
0.000000
0.000000
0.000000
-1.125278
0.802073
0.709673
0.000000
0.000000
0.000000
0.000000
0.000000
0.000000
0.000000
0.000000
0.000000
-1.286144
0.495843
0.862720
0.000000
0.000000
0.000000
0.000000
0.000000
0.000000
0.000000
0.000000
0.000000
-1.244329
0.676893
0.786539
0.000000
0.000000
0.000000
0.000000
0.000000
0.000000
-1.115689
0.856799
0.709887
-1.138251
0.879421
0.723933
0.000000
0.000000
0.000000
0.000000
0.000000
0.000000
-1.434709
0.406211
0.682680
-1.259797
0.468711
0.984504
0.000000
0.000000
0.000000
0.000000
0.000000
0.000000
-1.131704
0.844704
0.543443
-1.098968
0.900154
0.609644
0.000000
0.000000
0.000000
0.000000
0.000000
0.000000
-1.196014
0.810842
0.896677
-1.220456
0.664697
0.806514
0.000000
0.000000
0.000000
0.000000
0.000000
0.000000
-1.155206
0.822333
0.656191
-1.149236
1.128822
0.780687
0.000000
0.000000
0.000000
0.000000
0.000000
0.000000
-1.549571
0.805297
0.804021
-1.569420
0.811863
0.804069
0.000000
0.000000
0.000000
0.000000
0.000000
0.000000
0.000000
0.000000
0.000000
-1.527400
0.659857
0.712489
0.000000
0.000000
0.000000
0.000000
0.000000
0.000000
-1.255331
0.640410
0.684461
-1.301772
0.547599
0.910413
0.000000
0.000000
0.000000
0.000000
0.000000
0.000000
-1.272693
0.793785
0.791353
-1.411715
0.612607
0.818009
0.000000
0.000000
0.000000
0.000000
0.000000
0.000000
-0.991612
1.614750
0.761031
-1.150682
1.283271
0.629746
0.000000
0.000000
0.000000
0.000000
0.000000
0.000000
-1.502793
0.969442
0.643372
-1.508341
1.141966
0.737481
0.000000
0.000000
0.000000
0.000000
0.000000
0.000000
-1.354813
1.066051
0.700523
-1.385453
1.127153
0.699179
0.000000
0.000000
0.000000
0.000000
0.000000
0.000000
-1.074518
0.900781
0.578095
-1.202503
0.860352
0.737041
0.000000
0.000000
0.000000
0.000000
0.000000
0.000000
0.000000
0.000000
0.000000
-1.312037
0.919207
0.602920
0.000000
0.000000
0.000000
0.000000
0.000000
0.000000
-1.187663
0.940049
0.715348
-1.232263
1.052566
0.645761
0.000000
0.000000
0.000000
0.000000
0.000000
0.000000
-1.066427
0.881989
0.752381
-1.188712
0.779353
0.689809
0.000000
0.000000
0.000000
0.000000
0.000000
0.000000
-1.412768
1.072604
0.644152
-1.447395
1.057442
0.655254
-1.548648
0.525577
0.633443
-1.449660
0.572479
0.855005
-1.544800
0.526362
0.633443
-1.444035
0.570434
0.855005
0.000000
0.000000
0.000000
0.000000
0.000000
0.000000
-1.171686
0.734837
0.684276
-1.183726
0.901838
0.718927
0.000000
0.000000
0.000000
0.000000
0.000000
0.000000
0.000000
0.000000
0.000000
-1.252241
0.569456
0.757804
0.000000
0.000000
0.000000
0.000000
0.000000
0.000000
-1.207756
1.480860
0.982066
-1.267953
1.328484
0.811133
0.000000
0.000000
0.000000
0.000000
0.000000
0.000000
-1.481869
0.705536
0.936333
-1.538562
0.749645
0.948178
0.000000
0.000000
0.000000
0.000000
0.000000
0.000000
-1.226266
0.496129
0.696280
-1.097296
0.635133
0.751975
-1.142230
0.709649
0.674815
-1.167930
0.722472
0.695803
-1.083659
0.738585
0.674815
-1.033519
0.819604
0.638111
0.000000
0.000000
0.000000
0.000000
0.000000
0.000000
0.000000
0.000000
0.000000
-1.247721
0.622884
0.651886
0.000000
0.000000
0.000000
0.000000
0.000000
0.000000
-1.262367
0.721686
0.677917
-1.290520
0.682846
0.809927
0.000000
0.000000
0.000000
0.000000
0.000000
0.000000
-1.352878
0.661789
0.857949
-1.373147
0.720182
0.816072
0.000000
0.000000
0.000000
0.000000
0.000000
0.000000
-1.247108
0.476795
0.825264
-1.352790
0.403218
0.877935
0.000000
0.000000
0.000000
0.000000
0.000000
0.000000
-0.953701
0.985721
0.726122
-1.133047
0.918246
0.641267
0.000000
0.000000
0.000000
0.000000
0.000000
0.000000
-1.091196
0.479244
0.812623
-1.134156
0.594991
0.877353
0.000000
0.000000
0.000000
0.000000
0.000000
0.000000
-1.416942
0.788988
0.783496
-1.454301
0.715109
0.807603
0.000000
0.000000
0.000000
0.000000
0.000000
0.000000
-1.352793
0.933324
0.705702
-1.287408
0.839465
0.749299
0.000000
0.000000
0.000000
0.000000
0.000000
0.000000
-1.325600
0.329669
0.899780
-1.371587
0.293486
0.897905
0.000000
0.000000
0.000000
0.000000
0.000000
0.000000
-1.544168
0.491880
1.047580
-1.591697
0.505482
0.924812
0.000000
0.000000
0.000000
0.000000
0.000000
0.000000
-1.084020
1.108793
0.868317
-1.196410
0.957750
0.711010
0.000000
0.000000
0.000000
0.000000
0.000000
0.000000
-1.019323
0.997015
0.689834
-1.192896
0.928129
0.743522
0.000000
0.000000
0.000000
0.000000
0.000000
0.000000
-1.173946
0.964618
0.620290
-1.269716
0.887277
0.650771
0.000000
0.000000
0.000000
0.000000
0.000000
0.000000
-1.295961
0.710138
0.779150
-1.388323
0.524420
0.832104
0.000000
0.000000
0.000000
0.000000
0.000000
0.000000
-1.339778
0.731211
0.837717
-1.412949
0.599031
0.828418
0.000000
0.000000
0.000000
0.000000
0.000000
0.000000
-1.382429
1.004350
0.647744
-1.412146
0.878406
0.662197
0.000000
0.000000
0.000000
0.000000
0.000000
0.000000
-1.213988
0.752046
0.885549
-1.268306
0.793973
0.784293
0.000000
0.000000
0.000000
0.000000
0.000000
0.000000
-1.245820
0.729072
0.743216
-1.330736
0.832110
0.800898
-0.992345
1.399183
0.905587
-0.955497
1.263903
0.909676
-0.968740
1.408267
0.905587
-0.938639
1.241331
0.909676
0.000000
0.000000
0.000000
0.000000
0.000000
0.000000
0.000000
0.000000
0.000000
-1.173453
0.791183
0.848602
0.000000
0.000000
0.000000
0.000000
0.000000
0.000000
-1.224192
0.730543
0.690793
-1.323456
0.637414
0.661825
0.000000
0.000000
0.000000
0.000000
0.000000
0.000000
-1.494909
0.376033
0.879158
-1.536365
0.399589
0.884000
0.000000
0.000000
0.000000
0.000000
0.000000
0.000000
-1.372997
0.399138
0.878715
-1.398162
0.445941
0.857022
0.000000
0.000000
0.000000
0.000000
0.000000
0.000000
-1.445912
0.332100
1.222739
-1.589572
0.289643
1.019599
0.000000
0.000000
0.000000
0.000000
0.000000
0.000000
-1.346624
1.067798
0.630780
-1.384867
1.040539
0.659319
0.000000
0.000000
0.000000
0.000000
0.000000
0.000000
0.000000
0.000000
0.000000
-0.893335
0.993453
0.759888
0.000000
0.000000
0.000000
0.000000
0.000000
0.000000
0.000000
0.000000
0.000000
-1.096715
0.734056
0.767504
0.000000
0.000000
0.000000
0.000000
0.000000
0.000000
-1.336141
0.391992
0.881213
-1.341898
0.433759
0.870147
0.000000
0.000000
0.000000
0.000000
0.000000
0.000000
0.000000
0.000000
0.000000
-1.264373
0.482683
0.760529
0.000000
0.000000
0.000000
0.000000
0.000000
0.000000
-1.305055
0.817064
0.700383
-1.263241
1.029498
0.752748
0.000000
0.000000
0.000000
0.000000
0.000000
0.000000
-1.303809
0.709503
0.796615
-1.317430
0.749274
0.784726
0.000000
0.000000
0.000000
0.000000
0.000000
0.000000
-1.465177
0.335032
0.909447
-1.464984
0.325134
0.885586
0.000000
0.000000
0.000000
0.000000
0.000000
0.000000
0.000000
0.000000
0.000000
-1.175414
1.338410
0.701612
0.000000
0.000000
0.000000
0.000000
0.000000
0.000000
-1.229796
0.633826
0.815183
-1.205763
0.667715
0.854682
0.000000
0.000000
0.000000
0.000000
0.000000
0.000000
-1.431356
0.820266
0.783160
-1.510447
0.726836
0.790184
0.000000
0.000000
0.000000
0.000000
0.000000
0.000000
-1.391259
0.757862
0.764271
-1.423051
0.770799
0.772810
0.000000
0.000000
0.000000
0.000000
0.000000
0.000000
0.000000
0.000000
0.000000
-1.089866
0.840968
0.766284
0.000000
0.000000
0.000000
0.000000
0.000000
0.000000
-1.319708
0.551698
0.883167
-1.322989
0.619000
0.811596
0.000000
0.000000
0.000000
0.000000
0.000000
0.000000
0.000000
0.000000
0.000000
-1.347193
0.466334
0.852233
-1.323537
0.490832
0.804063
-1.365472
0.470642
0.860467
-1.286470
0.534721
0.786768
-1.296873
0.580293
0.839586
0.000000
0.000000
0.000000
0.000000
0.000000
0.000000
-1.146341
0.973921
0.763891
-1.201233
0.883650
0.742851
-1.070879
0.802263
0.670416
-1.150051
0.899228
0.703238
-1.061349
0.804942
0.670416
-1.089402
1.057026
0.704238
0.000000
0.000000
0.000000
0.000000
0.000000
0.000000
0.000000
0.000000
0.000000
-1.201034
0.785629
0.786994
0.000000
0.000000
0.000000
0.000000
0.000000
0.000000
0.000000
0.000000
0.000000
-1.189634
0.862329
0.743537
0.000000
0.000000
0.000000
0.000000
0.000000
0.000000
-1.313802
1.101988
0.630149
-1.355724
1.059854
0.642755
0.000000
0.000000
0.000000
0.000000
0.000000
0.000000
0.000000
0.000000
0.000000
-1.150341
0.927426
0.736377
0.000000
0.000000
0.000000
0.000000
0.000000
0.000000
0.000000
0.000000
0.000000
-1.282722
0.527782
0.718923
0.000000
0.000000
0.000000
0.000000
0.000000
0.000000
-1.308471
0.524624
0.800001
-1.347200
0.495388
0.859076
-1.566076
0.580800
0.847462
-1.592460
0.577614
0.849096
-1.460044
0.418552
0.875150
-1.474987
0.420115
0.875293
0.000000
0.000000
0.000000
0.000000
0.000000
0.000000
-1.333088
0.647008
0.824449
-1.349198
0.665865
0.829991
0.000000
0.000000
0.000000
0.000000
0.000000
0.000000
0.000000
0.000000
0.000000
-1.007702
0.768091
0.863105
0.000000
0.000000
0.000000
0.000000
0.000000
0.000000
-1.131367
0.914415
0.614101
-1.206304
0.899504
0.776961
0.000000
0.000000
0.000000
0.000000
0.000000
0.000000
-1.114307
1.047102
0.648151
-1.196801
0.981943
0.651114
0.000000
0.000000
0.000000
0.000000
0.000000
0.000000
-1.472003
0.403688
0.877804
-1.543015
0.363160
0.883062
0.000000
0.000000
0.000000
-1.289521
0.532722
0.598372
0.000000
0.000000
0.000000
-1.266000
0.560007
0.604454
0.000000
0.000000
0.000000
0.000000
0.000000
0.000000
-0.893368
0.958591
0.725179
-0.880704
1.012560
0.687884
0.000000
0.000000
0.000000
0.000000
0.000000
0.000000
0.000000
0.000000
0.000000
-0.913878
1.153586
0.605446
0.000000
0.000000
0.000000
0.000000
0.000000
0.000000
-1.342737
0.992892
0.645670
-1.394639
1.003158
0.665048
0.000000
0.000000
0.000000
0.000000
0.000000
0.000000
-1.270332
0.669933
0.718291
-1.045645
1.023878
0.772099
-1.322780
0.573745
0.754568
-1.120506
1.084530
0.760182
-1.251895
0.575771
0.753688
-1.064678
0.979367
0.746536
0.000000
0.000000
0.000000
0.000000
0.000000
0.000000
-0.918123
0.882027
0.600114
-0.964699
0.826948
0.670213
0.000000
0.000000
0.000000
0.000000
0.000000
0.000000
-0.986539
1.027432
0.769676
-1.107752
0.966396
0.646451
0.000000
0.000000
0.000000
0.000000
0.000000
0.000000
-1.335748
0.518893
0.793247
-1.202591
0.646919
0.843253
0.000000
0.000000
0.000000
0.000000
0.000000
0.000000
-1.429716
0.794700
0.748958
-1.452211
0.802428
0.766024
0.000000
0.000000
0.000000
0.000000
0.000000
0.000000
-1.174123
0.596096
0.864997
-1.218203
0.612655
0.888937
0.000000
0.000000
0.000000
0.000000
0.000000
0.000000
-1.185456
1.228713
0.572904
-1.244461
1.360666
0.596880
-1.256962
0.802347
0.773530
-1.257809
0.933486
0.740562
-1.100393
1.081577
0.605076
-1.125836
1.074742
0.575105
0.000000
0.000000
0.000000
0.000000
0.000000
0.000000
-1.373600
0.667347
0.785835
-1.371110
0.761872
0.789141
0.000000
0.000000
0.000000
0.000000
0.000000
0.000000
0.000000
0.000000
0.000000
-1.070378
0.975322
0.621296
0.000000
0.000000
0.000000
0.000000
0.000000
0.000000
-1.361129
0.563440
0.844151
-1.393415
0.598771
0.826381
0.000000
0.000000
0.000000
0.000000
0.000000
0.000000
-1.089184
0.685593
0.689616
-1.106581
0.806826
0.763417
0.000000
0.000000
0.000000
0.000000
0.000000
0.000000
-1.068079
0.831212
0.579785
-1.089796
0.826847
0.629996
0.000000
0.000000
0.000000
0.000000
0.000000
0.000000
0.000000
0.000000
0.000000
-1.046424
0.940729
0.635920
0.000000
0.000000
0.000000
0.000000
0.000000
0.000000
-1.512143
1.020877
0.716771
-1.560423
0.988305
0.703018
0.000000
0.000000
0.000000
0.000000
0.000000
0.000000
-1.474914
0.833791
0.786987
-1.511505
0.804659
0.792559
0.000000
0.000000
0.000000
0.000000
0.000000
0.000000
0.000000
0.000000
0.000000
-0.996531
1.127792
0.615530
0.000000
0.000000
0.000000
0.000000
0.000000
0.000000
-1.390102
0.642559
0.798356
-1.342203
0.781427
0.755107
0.000000
0.000000
0.000000
0.000000
0.000000
0.000000
-1.228238
0.423369
0.849205
-1.268485
0.452329
0.857498
0.000000
0.000000
0.000000
-1.072506
0.713664
0.838287
0.000000
0.000000
0.000000
-1.023352
0.723434
0.838287
0.000000
0.000000
0.000000
0.000000
0.000000
0.000000
-1.403947
0.871550
0.761159
-1.432921
0.841342
0.769193
0.000000
0.000000
0.000000
0.000000
0.000000
0.000000
-1.328552
0.678862
0.885807
-1.316191
0.850172
0.849258
0.000000
0.000000
0.000000
0.000000
0.000000
0.000000
-1.379733
1.022274
0.672311
-1.405114
1.091926
0.643795
0.000000
0.000000
0.000000
0.000000
0.000000
0.000000
0.000000
0.000000
0.000000
-1.417015
0.467618
0.823182
0.000000
0.000000
0.000000
0.000000
0.000000
0.000000
-1.103598
1.213781
0.595555
-1.133006
1.220492
0.486263
0.000000
0.000000
0.000000
0.000000
0.000000
0.000000
0.000000
0.000000
0.000000
-1.145752
0.850195
0.813930
0.000000
0.000000
0.000000
0.000000
0.000000
0.000000
-1.428091
0.618062
0.819572
-1.496303
0.597347
0.842869
0.000000
0.000000
0.000000
0.000000
0.000000
0.000000
-1.269200
0.558083
0.854194
-1.303615
0.473760
0.892683
0.000000
0.000000
0.000000
0.000000
0.000000
0.000000
-1.530128
0.525709
0.822642
-1.545241
0.554009
0.845063
0.000000
0.000000
0.000000
0.000000
0.000000
0.000000
-1.388253
0.700357
0.818067
-1.464172
0.618822
0.814152
0.000000
0.000000
0.000000
0.000000
0.000000
0.000000
0.000000
0.000000
0.000000
-1.332863
0.471516
0.759015
0.000000
0.000000
0.000000
0.000000
0.000000
0.000000
-1.434378
0.828113
0.756425
-1.463301
0.828508
0.758449
0.000000
0.000000
0.000000
0.000000
0.000000
0.000000
-1.191117
0.862886
0.756926
-1.283242
0.819839
0.753195
0.000000
0.000000
0.000000
0.000000
0.000000
0.000000
-1.297784
0.898415
0.759734
-1.333013
0.846671
0.758399
0.000000
0.000000
0.000000
0.000000
0.000000
0.000000
-1.326185
0.898378
0.714649
-1.361866
0.896670
0.726797
0.000000
0.000000
0.000000
0.000000
0.000000
0.000000
-1.237061
0.565875
0.642206
-1.107365
0.798306
0.680976
0.000000
0.000000
0.000000
0.000000
0.000000
0.000000
-1.021981
1.511463
0.679037
-1.165325
1.221850
0.553184
0.000000
0.000000
0.000000
0.000000
0.000000
0.000000
-1.174530
1.235551
0.784331
-1.230119
1.110600
0.682646
0.000000
0.000000
0.000000
0.000000
0.000000
0.000000
-1.318667
0.672338
0.787834
-1.314426
0.755590
0.772086
0.000000
0.000000
0.000000
0.000000
0.000000
0.000000
0.000000
0.000000
0.000000
-1.250993
0.793444
0.691319
0.000000
0.000000
0.000000
0.000000
0.000000
0.000000
-1.247166
0.671096
0.802913
-1.262722
0.700211
0.804464
0.000000
0.000000
0.000000
0.000000
0.000000
0.000000
0.000000
0.000000
0.000000
-1.189784
0.553824
0.756559
0.000000
0.000000
0.000000
0.000000
0.000000
0.000000
-1.162854
0.815433
0.832217
-1.208820
0.769516
0.898362
0.000000
0.000000
0.000000
0.000000
0.000000
0.000000
-1.276307
0.725197
0.809646
-1.221885
0.880604
0.761964
0.000000
0.000000
0.000000
0.000000
0.000000
0.000000
-1.525498
0.353171
0.929235
-1.413067
0.465732
0.863439
0.000000
0.000000
0.000000
0.000000
0.000000
0.000000
-1.171406
0.748426
0.961987
-1.286759
0.653512
0.812446
0.000000
0.000000
0.000000
0.000000
0.000000
0.000000
-1.239267
0.513055
0.816119
-1.295761
0.574639
0.808825
0.000000
0.000000
0.000000
0.000000
0.000000
0.000000
-1.189160
0.781121
0.683022
-1.167200
0.933596
0.778983
0.000000
0.000000
0.000000
0.000000
0.000000
0.000000
-1.473404
0.440284
0.873365
-1.501045
0.438757
0.871203
0.000000
0.000000
0.000000
0.000000
0.000000
0.000000
-1.370892
0.656623
0.639441
-1.223344
1.090372
0.796348
0.000000
0.000000
0.000000
0.000000
0.000000
0.000000
-1.167659
0.776862
0.883280
-1.116495
1.205848
0.860381
0.000000
0.000000
0.000000
0.000000
0.000000
0.000000
-1.018412
0.808641
0.676144
-1.088933
1.052918
0.770139
0.000000
0.000000
0.000000
0.000000
0.000000
0.000000
-1.237840
0.997384
0.675492
-1.256208
1.194006
0.561326
0.000000
0.000000
0.000000
0.000000
0.000000
0.000000
-1.196447
1.046640
0.794402
-1.271772
0.929267
0.794056
0.000000
0.000000
0.000000
0.000000
0.000000
0.000000
-1.072313
1.104804
0.545202
-1.157351
1.265407
0.563056
0.000000
0.000000
0.000000
0.000000
0.000000
0.000000
-1.082822
0.958349
0.643981
-1.064960
0.985911
0.549045
0.000000
0.000000
0.000000
0.000000
0.000000
0.000000
-1.133653
0.741696
0.723439
-1.215816
0.832087
0.823463
0.000000
0.000000
0.000000
0.000000
0.000000
0.000000
-1.373092
0.669784
0.797220
-1.476980
0.606100
0.873618
0.000000
0.000000
0.000000
0.000000
0.000000
0.000000
-1.249013
1.011113
0.731652
-1.260211
1.002939
0.738565
0.000000
0.000000
0.000000
0.000000
0.000000
0.000000
-1.460740
0.863941
0.759621
-1.499737
0.875488
0.756500
0.000000
0.000000
0.000000
0.000000
0.000000
0.000000
-1.151970
0.830446
0.657621
-1.144433
0.905641
0.589969
0.000000
0.000000
0.000000
0.000000
0.000000
0.000000
0.000000
0.000000
0.000000
-1.136896
0.602893
0.737789
0.000000
0.000000
0.000000
0.000000
0.000000
0.000000
-0.973669
1.285221
0.774587
-1.148329
1.007992
0.729022
0.000000
0.000000
0.000000
0.000000
0.000000
0.000000
-1.065046
0.873333
0.812354
-1.268143
0.728199
0.832103
0.000000
0.000000
0.000000
0.000000
0.000000
0.000000
0.000000
0.000000
0.000000
-1.229133
0.589080
0.626477
0.000000
0.000000
0.000000
0.000000
0.000000
0.000000
-1.487916
0.532153
0.835216
-1.494221
0.519058
0.809968
0.000000
0.000000
0.000000
0.000000
0.000000
0.000000
-1.239145
0.512683
0.842422
-1.210720
0.611299
0.859416
0.000000
0.000000
0.000000
0.000000
0.000000
0.000000
0.000000
0.000000
0.000000
-1.315148
0.777283
0.675709
0.000000
0.000000
0.000000
-1.288871
0.682401
0.796799
0.000000
0.000000
0.000000
-1.291941
0.688557
0.796799
0.000000
0.000000
0.000000
0.000000
0.000000
0.000000
-1.156688
0.706474
0.763858
-1.149131
1.039506
0.653397
0.000000
0.000000
0.000000
0.000000
0.000000
0.000000
-1.258930
0.803945
0.745115
-1.302240
0.741677
0.772005
0.000000
0.000000
0.000000
0.000000
0.000000
0.000000
-1.406718
0.654469
0.842981
-1.450649
0.626172
0.839231
0.000000
0.000000
0.000000
0.000000
0.000000
0.000000
-1.696878
0.396559
0.881662
-1.744810
0.387834
0.890188
0.000000
0.000000
0.000000
0.000000
0.000000
0.000000
-1.493611
0.630758
0.814221
-1.524873
0.622496
0.838120
0.000000
0.000000
0.000000
0.000000
0.000000
0.000000
-1.270295
0.522427
0.743288
-1.254567
0.659218
0.860740
0.000000
0.000000
0.000000
0.000000
0.000000
0.000000
0.000000
0.000000
0.000000
-1.411955
1.163312
0.660554
0.000000
0.000000
0.000000
0.000000
0.000000
0.000000
-1.414107
0.967683
0.889982
-1.470571
0.856614
0.845112
0.000000
0.000000
0.000000
0.000000
0.000000
0.000000
-1.488467
0.612941
0.815495
-1.521486
0.671088
0.815586
0.000000
0.000000
0.000000
0.000000
0.000000
0.000000
-1.044464
0.809886
0.693836
-0.990238
0.871346
0.644133
-1.310731
0.517310
0.645694
-1.402521
0.409162
1.155067
-1.273796
0.523688
0.645694
-1.390659
0.388999
1.146473
0.000000
0.000000
0.000000
0.000000
0.000000
0.000000
-1.181215
1.008609
0.824646
-1.150495
0.946951
0.734454
0.000000
0.000000
0.000000
0.000000
0.000000
0.000000
-1.294603
1.039307
0.581437
-1.342139
0.997161
0.668391
0.000000
0.000000
0.000000
0.000000
0.000000
0.000000
0.000000
0.000000
0.000000
-1.066103
1.131715
0.769488
0.000000
0.000000
0.000000
0.000000
0.000000
0.000000
0.000000
0.000000
0.000000
-1.114921
0.676442
0.697654
0.000000
0.000000
0.000000
0.000000
0.000000
0.000000
-1.406588
0.618381
0.668309
-1.467408
0.612323
0.860216
0.000000
0.000000
0.000000
0.000000
0.000000
0.000000
-1.339111
0.687384
0.803037
-1.317629
0.796755
0.745197
-1.252410
0.895702
0.701412
-1.299672
1.057397
0.779607
-1.218901
0.905034
0.701412
-1.261232
1.075339
0.799227
0.000000
0.000000
0.000000
0.000000
0.000000
0.000000
0.000000
0.000000
0.000000
-1.294816
0.593640
0.859523
0.000000
0.000000
0.000000
0.000000
0.000000
0.000000
-1.269098
1.124901
0.875088
-1.430151
0.783576
0.755108
0.000000
0.000000
0.000000
0.000000
0.000000
0.000000
-1.189894
0.532008
0.719758
-1.132910
0.623103
0.800942
0.000000
0.000000
0.000000
0.000000
0.000000
0.000000
0.000000
0.000000
0.000000
-1.312297
0.721561
0.644031
0.000000
0.000000
0.000000
0.000000
0.000000
0.000000
0.000000
0.000000
0.000000
-1.178867
0.697775
0.693112
0.000000
0.000000
0.000000
0.000000
0.000000
0.000000
-1.233314
0.824162
0.587363
-1.248979
0.910704
0.747365
0.000000
0.000000
0.000000
0.000000
0.000000
0.000000
-1.430787
0.724901
0.830816
-1.443045
0.727225
0.824948
0.000000
0.000000
0.000000
0.000000
0.000000
0.000000
-1.196326
0.845788
0.727168
-1.242930
0.797423
0.764193
0.000000
0.000000
0.000000
0.000000
0.000000
0.000000
-1.281393
0.731961
0.821586
-1.353974
0.671233
0.799479
0.000000
0.000000
0.000000
0.000000
0.000000
0.000000
-1.119135
0.728592
0.785843
-1.014185
0.742669
0.668351
0.000000
0.000000
0.000000
0.000000
0.000000
0.000000
-1.330150
0.726887
0.804848
-1.385221
0.740472
0.784705
0.000000
0.000000
0.000000
0.000000
0.000000
0.000000
-1.065099
0.816469
0.691729
-1.042412
0.646978
0.783525
0.000000
0.000000
0.000000
0.000000
0.000000
0.000000
-1.426684
0.426813
0.887631
-1.494578
0.438149
0.872364
0.000000
0.000000
0.000000
0.000000
0.000000
0.000000
-1.297876
0.621702
0.775635
-1.434760
0.658505
0.877663
0.000000
0.000000
0.000000
0.000000
0.000000
0.000000
-1.146682
0.610580
0.711531
-1.050219
0.859483
0.780980
0.000000
0.000000
0.000000
0.000000
0.000000
0.000000
0.000000
0.000000
0.000000
-0.788651
1.631063
0.783388
0.000000
0.000000
0.000000
0.000000
0.000000
0.000000
-0.973932
1.507344
0.686542
-1.151942
1.138332
0.513164
0.000000
0.000000
0.000000
0.000000
0.000000
0.000000
-1.047758
1.098796
0.600157
-1.113920
1.040399
0.590448
0.000000
0.000000
0.000000
0.000000
0.000000
0.000000
-1.421852
0.445280
0.845960
-1.438660
0.511765
0.861110
0.000000
0.000000
0.000000
0.000000
0.000000
0.000000
-1.021027
1.044875
0.679163
-1.085214
0.914483
0.629735
0.000000
0.000000
0.000000
0.000000
0.000000
0.000000
-1.231619
0.924981
0.791764
-1.328574
0.867210
0.674788
0.000000
0.000000
0.000000
0.000000
0.000000
0.000000
0.000000
0.000000
0.000000
-1.176093
1.059943
0.933936
0.000000
0.000000
0.000000
0.000000
0.000000
0.000000
-1.307315
0.674503
0.746526
-1.332258
0.608933
0.847255
0.000000
0.000000
0.000000
0.000000
0.000000
0.000000
-1.255825
1.244402
0.738659
-1.373477
1.031577
0.683510
0.000000
0.000000
0.000000
0.000000
0.000000
0.000000
-1.298519
0.516019
0.896929
-1.304674
0.614863
0.837403
0.000000
0.000000
0.000000
0.000000
0.000000
0.000000
-1.563624
0.512698
0.863408
-1.611855
0.510002
0.858794
0.000000
0.000000
0.000000
0.000000
0.000000
0.000000
-1.275136
0.334107
0.900279
-1.278030
0.327401
0.905220
0.000000
0.000000
0.000000
0.000000
0.000000
0.000000
-1.321105
0.809306
0.821240
-1.401394
0.624024
0.877158
0.000000
0.000000
0.000000
0.000000
0.000000
0.000000
0.000000
0.000000
0.000000
-0.938658
1.400984
0.773315
0.000000
0.000000
0.000000
0.000000
0.000000
0.000000
-1.111909
0.806862
0.782600
-1.144370
0.859986
0.710946
0.000000
0.000000
0.000000
0.000000
0.000000
0.000000
0.000000
0.000000
0.000000
-1.127221
1.198984
0.659057
0.000000
0.000000
0.000000
0.000000
0.000000
0.000000
0.000000
0.000000
0.000000
-0.936093
0.882736
0.750854
0.000000
0.000000
0.000000
0.000000
0.000000
0.000000
-1.398926
0.863186
0.754118
-1.484589
0.751149
0.805174
0.000000
0.000000
0.000000
0.000000
0.000000
0.000000
-1.469788
0.677636
0.840004
-1.494784
0.619047
0.812790
0.000000
0.000000
0.000000
0.000000
0.000000
0.000000
-1.189253
0.697954
0.680607
-1.245241
0.839064
0.765368
0.000000
0.000000
0.000000
0.000000
0.000000
0.000000
-1.360237
0.273053
0.949654
-1.305005
0.303156
0.893564
0.000000
0.000000
0.000000
0.000000
0.000000
0.000000
-1.388488
0.783213
0.758552
-1.489901
0.612084
0.837719
0.000000
0.000000
0.000000
0.000000
0.000000
0.000000
-1.353579
1.338580
0.435167
-1.381291
1.412617
0.362748
-1.360120
0.767319
0.813898
-1.459480
0.591562
0.830414
-1.249035
0.834743
0.835767
-1.387247
0.603197
0.829274
0.000000
0.000000
0.000000
0.000000
0.000000
0.000000
0.000000
0.000000
0.000000
-1.249938
0.559442
0.943508
0.000000
0.000000
0.000000
0.000000
0.000000
0.000000
-1.031690
0.981320
0.754914
-1.251834
0.823468
0.713928
0.000000
0.000000
0.000000
0.000000
0.000000
0.000000
0.000000
0.000000
0.000000
-1.287269
0.637930
0.791765
0.000000
0.000000
0.000000
0.000000
0.000000
0.000000
-1.261913
0.764152
0.725483
-1.313434
0.753571
0.796400
0.000000
0.000000
0.000000
0.000000
0.000000
0.000000
0.000000
0.000000
0.000000
-1.038229
1.211959
0.674678
0.000000
0.000000
0.000000
0.000000
0.000000
0.000000
-1.102892
0.912949
0.784165
-1.061181
0.988718
0.668292
0.000000
0.000000
0.000000
0.000000
0.000000
0.000000
-1.355749
0.834073
0.681204
-1.407166
0.660217
0.818174
0.000000
0.000000
0.000000
0.000000
0.000000
0.000000
-1.415220
0.581207
0.850651
-1.438197
0.616059
0.827023
0.000000
0.000000
0.000000
0.000000
0.000000
0.000000
-1.210233
0.949061
0.714533
-1.276406
1.011913
0.559548
0.000000
0.000000
0.000000
0.000000
0.000000
0.000000
-1.278593
0.831630
0.723485
-1.308144
0.868034
0.730240
0.000000
0.000000
0.000000
0.000000
0.000000
0.000000
-1.059760
1.104623
0.755064
-1.142134
1.024676
0.698102
0.000000
0.000000
0.000000
0.000000
0.000000
0.000000
-1.262701
0.564647
0.829864
-1.307976
0.575999
0.816247
0.000000
0.000000
0.000000
0.000000
0.000000
0.000000
0.000000
0.000000
0.000000
-1.195175
0.568871
0.825619
0.000000
0.000000
0.000000
0.000000
0.000000
0.000000
0.000000
0.000000
0.000000
-1.245964
0.464263
0.821308
0.000000
0.000000
0.000000
0.000000
0.000000
0.000000
-1.538461
0.919277
0.744220
-1.577001
0.922111
0.740426
0.000000
0.000000
0.000000
0.000000
0.000000
0.000000
-1.069871
0.823894
0.835228
-1.162284
0.649397
0.794522
0.000000
0.000000
0.000000
0.000000
0.000000
0.000000
-1.380796
0.712033
0.793538
-1.420866
0.701863
0.788541
0.000000
0.000000
0.000000
0.000000
0.000000
0.000000
-1.168966
0.991257
0.629250
-1.260626
1.043179
0.611849
-1.057262
0.830263
0.720696
-1.055917
0.843495
0.743971
-1.093052
0.994720
0.625807
-1.083257
1.083338
0.614410
0.000000
0.000000
0.000000
0.000000
0.000000
0.000000
0.000000
0.000000
0.000000
-1.064326
0.943717
0.720466
0.000000
0.000000
0.000000
0.000000
0.000000
0.000000
-1.173081
0.805631
0.738268
-1.198193
0.812211
0.767029
0.000000
0.000000
0.000000
0.000000
0.000000
0.000000
0.000000
0.000000
0.000000
-1.137073
0.688091
0.636014
0.000000
0.000000
0.000000
0.000000
0.000000
0.000000
-1.028425
1.461602
0.746983
-1.163999
1.106803
0.706192
0.000000
0.000000
0.000000
0.000000
0.000000
0.000000
0.000000
0.000000
0.000000
-1.226904
0.847132
0.690467
0.000000
0.000000
0.000000
0.000000
0.000000
0.000000
-1.150545
0.897232
0.636985
-1.295646
0.710276
0.778731
0.000000
0.000000
0.000000
0.000000
0.000000
0.000000
-0.785993
1.476901
0.752111
-0.952105
0.990773
0.620803
0.000000
0.000000
0.000000
0.000000
0.000000
0.000000
-1.275124
0.417421
0.903663
-1.338762
0.366350
0.843587
0.000000
0.000000
0.000000
0.000000
0.000000
0.000000
-1.448847
0.654267
0.789703
-1.444762
0.729949
0.737278
0.000000
0.000000
0.000000
0.000000
0.000000
0.000000
-1.414608
0.731955
0.792903
-1.465746
0.820786
0.779650
0.000000
0.000000
0.000000
0.000000
0.000000
0.000000
-1.280534
0.594410
0.825697
-1.318563
0.584178
0.827414
0.000000
0.000000
0.000000
0.000000
0.000000
0.000000
-1.352837
1.323443
0.443810
-1.405272
1.322989
0.436941
0.000000
0.000000
0.000000
0.000000
0.000000
0.000000
-1.100444
1.593744
0.690534
-1.139964
1.362649
0.627606
-1.362129
0.689118
0.836747
-1.392187
0.722139
0.836898
-1.342335
0.674334
0.875775
-1.365887
0.696067
0.860231
0.000000
0.000000
0.000000
0.000000
0.000000
0.000000
-1.408902
0.364281
0.889521
-1.470136
0.359220
0.892386
0.000000
0.000000
0.000000
0.000000
0.000000
0.000000
-1.281626
0.434394
0.942158
-1.361686
0.434972
0.869868
0.000000
0.000000
0.000000
0.000000
0.000000
0.000000
-1.317359
0.604468
0.823912
-1.293335
0.722922
0.777419
0.000000
0.000000
0.000000
0.000000
0.000000
0.000000
-1.199488
0.671740
0.797176
-1.253331
0.666691
0.814421
-1.357466
0.738815
0.827376
-1.386452
0.734533
0.807808
-1.084303
1.063255
0.721363
-1.149717
0.904922
0.762927
0.000000
0.000000
0.000000
0.000000
0.000000
0.000000
-1.243676
0.782085
0.746474
-1.278866
0.729639
0.773711
0.000000
0.000000
0.000000
0.000000
0.000000
0.000000
-1.092459
0.871963
0.683444
-1.233872
0.782281
0.701793
0.000000
0.000000
0.000000
0.000000
0.000000
0.000000
-1.373722
1.168306
0.596170
-1.415282
1.188682
0.564499
0.000000
0.000000
0.000000
0.000000
0.000000
0.000000
-1.359412
0.887984
0.730120
-1.337804
0.838955
0.680284
0.000000
0.000000
0.000000
0.000000
0.000000
0.000000
0.000000
0.000000
0.000000
-1.242993
0.509448
0.598001
0.000000
0.000000
0.000000
0.000000
0.000000
0.000000
-1.215246
0.815802
0.731777
-1.236325
0.800874
0.728997
0.000000
0.000000
0.000000
0.000000
0.000000
0.000000
-1.297706
1.442352
0.669511
-1.377642
1.143584
0.669345
0.000000
0.000000
0.000000
0.000000
0.000000
0.000000
-1.339402
0.642373
0.688765
-1.332019
0.954189
0.745597
0.000000
0.000000
0.000000
0.000000
0.000000
0.000000
-1.303552
0.871702
0.779176
-1.336919
0.781980
0.751916
0.000000
0.000000
0.000000
0.000000
0.000000
0.000000
-1.587253
0.362472
0.899726
-1.611738
0.358621
0.903965
0.000000
0.000000
0.000000
0.000000
0.000000
0.000000
-0.940003
0.859420
0.654513
-1.095726
0.886082
0.763100
0.000000
0.000000
0.000000
0.000000
0.000000
0.000000
-1.643237
0.554667
0.853814
-1.657288
0.570497
0.854432
-0.933549
0.898901
0.660356
-0.842145
0.936880
0.580051
-1.028121
0.821708
0.692318
-0.887875
1.034571
0.617733
0.000000
0.000000
0.000000
0.000000
0.000000
0.000000
-1.465826
0.274958
0.905058
-1.483068
0.293034
0.895491
0.000000
0.000000
0.000000
0.000000
0.000000
0.000000
-1.519190
0.531783
0.822251
-1.515073
0.484586
0.849731
0.000000
0.000000
0.000000
0.000000
0.000000
0.000000
-1.313761
0.585232
0.861030
-1.329482
0.647585
0.815807
0.000000
0.000000
0.000000
0.000000
0.000000
0.000000
-1.155982
0.736983
0.713345
-1.078355
0.842604
0.628276
0.000000
0.000000
0.000000
0.000000
0.000000
0.000000
-1.511013
0.822733
0.789360
-1.560698
0.764486
0.800923
0.000000
0.000000
0.000000
0.000000
0.000000
0.000000
-1.302121
0.858986
0.766137
-1.286699
0.853520
0.724902
0.000000
0.000000
0.000000
0.000000
0.000000
0.000000
-1.424541
0.643557
0.830370
-1.478944
0.593356
0.854949
0.000000
0.000000
0.000000
0.000000
0.000000
0.000000
-1.222513
0.712651
0.746785
-1.315988
0.654118
0.751887
0.000000
0.000000
0.000000
0.000000
0.000000
0.000000
-1.479119
0.478849
0.856280
-1.496426
0.490153
0.859079
0.000000
0.000000
0.000000
0.000000
0.000000
0.000000
-1.133965
1.085978
0.582844
-1.191908
1.160981
0.562974
-1.436328
0.956089
0.702492
-1.465101
0.938441
0.711950
-1.338507
1.078386
0.615726
-1.361029
1.083616
0.626478
0.000000
0.000000
0.000000
0.000000
0.000000
0.000000
-1.288480
0.576917
0.876456
-1.313578
0.535962
0.872083
0.000000
0.000000
0.000000
0.000000
0.000000
0.000000
0.000000
0.000000
0.000000
-0.967297
1.032615
1.004569
0.000000
0.000000
0.000000
0.000000
0.000000
0.000000
-1.203426
0.485020
0.674827
-1.294832
0.470663
0.917576
0.000000
0.000000
0.000000
0.000000
0.000000
0.000000
-1.096010
1.148098
0.578107
-1.179189
1.040475
0.570888
0.000000
0.000000
0.000000
0.000000
0.000000
0.000000
-1.172993
0.924021
0.634571
-1.224214
1.023461
0.612165
0.000000
0.000000
0.000000
0.000000
0.000000
0.000000
-1.359875
1.221242
0.557591
-1.423633
1.153195
0.601557
0.000000
0.000000
0.000000
0.000000
0.000000
0.000000
0.000000
0.000000
0.000000
-1.120455
0.717747
0.784656
0.000000
0.000000
0.000000
0.000000
0.000000
0.000000
-1.091788
0.896591
0.677200
-1.093196
0.844267
0.739331
-1.328235
0.863969
0.750955
-1.291310
0.817500
0.753975
-1.318636
0.865573
0.750955
-1.284913
0.811601
0.753975
0.000000
0.000000
0.000000
0.000000
0.000000
0.000000
-1.264375
0.489641
0.799097
-1.342951
0.448802
0.917101
-1.085065
0.660130
0.785532
-1.095598
0.673446
0.784396
-1.083214
0.659205
0.785773
-1.093836
0.675170
0.783371
0.000000
0.000000
0.000000
0.000000
0.000000
0.000000
-1.374663
1.186829
0.603064
-1.404505
1.124331
0.607173
0.000000
0.000000
0.000000
0.000000
0.000000
0.000000
-1.313027
0.442973
0.811865
-1.279825
0.668505
0.850217
0.000000
0.000000
0.000000
0.000000
0.000000
0.000000
-1.025261
1.074710
0.698036
-1.152116
1.160697
0.642508
0.000000
0.000000
0.000000
0.000000
0.000000
0.000000
-1.234481
0.748030
0.762214
-1.323635
0.659777
0.783901
0.000000
0.000000
0.000000
0.000000
0.000000
0.000000
-1.120283
0.818125
0.857043
-1.251659
0.796892
0.908767
0.000000
0.000000
0.000000
0.000000
0.000000
0.000000
0.000000
0.000000
0.000000
-0.944094
1.327739
0.704646
0.000000
0.000000
0.000000
0.000000
0.000000
0.000000
-1.278262
0.856534
0.755523
-1.324916
0.798140
0.762868
0.000000
0.000000
0.000000
0.000000
0.000000
0.000000
-1.384628
0.694050
0.898515
-1.453989
0.684441
0.860431
0.000000
0.000000
0.000000
0.000000
0.000000
0.000000
0.000000
0.000000
0.000000
-1.389875
0.839611
0.735195
0.000000
0.000000
0.000000
0.000000
0.000000
0.000000
-1.170620
1.101173
0.645110
-1.272314
0.846598
0.668677
0.000000
0.000000
0.000000
0.000000
0.000000
0.000000
-1.366842
0.925298
0.663104
-1.370586
0.937220
0.645036
0.000000
0.000000
0.000000
0.000000
0.000000
0.000000
-1.187501
1.091890
0.730274
-1.218904
0.984457
0.721453
0.000000
0.000000
0.000000
0.000000
0.000000
0.000000
-1.223359
0.666780
0.615440
-1.183547
1.186931
0.652971
0.000000
0.000000
0.000000
0.000000
0.000000
0.000000
-1.296890
0.545737
0.889205
-1.311060
0.527670
0.910106
0.000000
0.000000
0.000000
0.000000
0.000000
0.000000
-1.255277
0.401471
0.867847
-1.402843
0.519375
0.862659
0.000000
0.000000
0.000000
0.000000
0.000000
0.000000
0.000000
0.000000
0.000000
-1.335065
1.127917
0.634985
0.000000
0.000000
0.000000
0.000000
0.000000
0.000000
-1.587382
0.373774
0.864418
-1.656153
0.364284
0.895915
0.000000
0.000000
0.000000
0.000000
0.000000
0.000000
-1.494756
0.302565
0.889591
-1.463122
0.226582
0.919764
-1.415814
0.553144
0.852073
-1.432979
0.557371
0.842412
-1.289136
0.599575
0.836912
-1.299714
0.593149
0.827511
0.000000
0.000000
0.000000
0.000000
0.000000
0.000000
-1.456800
1.120344
0.674185
-1.453525
1.117063
0.643912
0.000000
0.000000
0.000000
0.000000
0.000000
0.000000
-1.369401
0.726506
0.782014
-1.403897
0.735942
0.783691
0.000000
0.000000
0.000000
0.000000
0.000000
0.000000
-1.151012
0.785563
0.706887
-1.158158
0.821733
0.802232
0.000000
0.000000
0.000000
0.000000
0.000000
0.000000
-1.160176
0.938234
0.612669
-1.123146
1.269056
0.709103
0.000000
0.000000
0.000000
0.000000
0.000000
0.000000
-1.453449
0.691034
0.841800
-1.565264
0.523662
0.860947
0.000000
0.000000
0.000000
0.000000
0.000000
0.000000
-1.214809
1.006073
0.821556
-1.163508
1.099423
0.681585
0.000000
0.000000
0.000000
0.000000
0.000000
0.000000
-1.170864
0.826505
0.649823
-1.201666
0.781916
0.783239
0.000000
0.000000
0.000000
0.000000
0.000000
0.000000
-1.398380
0.903697
0.741715
-1.443119
0.850389
0.739453
0.000000
0.000000
0.000000
0.000000
0.000000
0.000000
0.000000
0.000000
0.000000
-1.423960
0.637278
0.742461
-1.160339
0.678400
0.925070
-1.100679
0.770722
0.804517
-1.143715
0.667733
0.925070
-1.147591
0.659899
0.817636
0.000000
0.000000
0.000000
0.000000
0.000000
0.000000
-1.362235
0.965625
0.647601
-1.398011
0.972023
0.680639
0.000000
0.000000
0.000000
0.000000
0.000000
0.000000
-1.525796
0.526837
0.851108
-1.551300
0.532272
0.857849
0.000000
0.000000
0.000000
0.000000
0.000000
0.000000
-1.227805
0.821517
0.700142
-1.260412
0.770620
0.770468
0.000000
0.000000
0.000000
0.000000
0.000000
0.000000
0.000000
0.000000
0.000000
-1.186941
0.854332
0.702456
0.000000
0.000000
0.000000
0.000000
0.000000
0.000000
-0.956154
1.128039
0.932729
-1.110532
0.790000
0.912365
0.000000
0.000000
0.000000
0.000000
0.000000
0.000000
-1.117963
1.287545
0.731216
-1.262903
1.130680
0.567503
0.000000
0.000000
0.000000
0.000000
0.000000
0.000000
-1.545189
0.521785
0.849225
-1.611997
0.514274
0.847760
0.000000
0.000000
0.000000
0.000000
0.000000
0.000000
0.000000
0.000000
0.000000
-1.137764
1.008128
0.678143
0.000000
0.000000
0.000000
0.000000
0.000000
0.000000
-0.917758
0.638365
0.786657
-1.076603
0.624964
0.908999
0.000000
0.000000
0.000000
0.000000
0.000000
0.000000
-1.234190
0.901034
0.669070
-1.286778
0.894736
0.672911
0.000000
0.000000
0.000000
0.000000
0.000000
0.000000
-1.207849
1.326289
0.667008
-1.340574
1.174206
0.643646
0.000000
0.000000
0.000000
0.000000
0.000000
0.000000
-0.965675
0.875157
0.669765
-1.008429
1.004172
0.620802
0.000000
0.000000
0.000000
0.000000
0.000000
0.000000
-1.292514
0.810200
0.611748
-1.312647
0.721083
0.627174
0.000000
0.000000
0.000000
-1.097005
0.779192
0.725185
0.000000
0.000000
0.000000
-1.113037
0.795963
0.725185
0.000000
0.000000
0.000000
0.000000
0.000000
0.000000
-1.283396
1.002298
0.655403
-1.320174
0.954292
0.673882
0.000000
0.000000
0.000000
0.000000
0.000000
0.000000
-1.305420
1.102150
0.652537
-1.326410
1.066112
0.646920
0.000000
0.000000
0.000000
0.000000
0.000000
0.000000
-1.482388
0.493473
0.875167
-1.522295
0.415624
0.868986
-1.274186
0.775744
0.828491
-1.319420
0.642821
0.904397
-1.286801
0.787062
0.816363
-1.279305
0.728972
0.871027
0.000000
0.000000
0.000000
0.000000
0.000000
0.000000
-1.045302
0.973695
0.702989
-1.172207
0.849841
0.728386
0.000000
0.000000
0.000000
0.000000
0.000000
0.000000
-1.402100
0.547549
0.827227
-1.425682
0.571182
0.812055
0.000000
0.000000
0.000000
0.000000
0.000000
0.000000
0.000000
0.000000
0.000000
-1.178498
0.666283
0.829389
0.000000
0.000000
0.000000
0.000000
0.000000
0.000000
-1.264134
0.935601
0.707546
-1.302066
0.989306
0.676256
-1.228101
0.977391
0.741029
-1.203807
1.009478
0.684251
-1.176288
0.979031
0.731867
-1.149031
0.996634
0.675910
0.000000
0.000000
0.000000
0.000000
0.000000
0.000000
-1.311019
0.567526
0.820755
-1.299410
0.698204
0.809888
-1.347872
0.693319
0.758922
-1.355198
0.629906
0.789744
-1.321895
0.731710
0.723665
-1.223361
0.834739
0.797371
0.000000
0.000000
0.000000
0.000000
0.000000
0.000000
-1.354158
0.902400
0.709372
-1.442665
0.862531
0.772445
0.000000
0.000000
0.000000
0.000000
0.000000
0.000000
-1.469945
0.609904
0.831016
-1.483070
0.649534
0.840079
0.000000
0.000000
0.000000
0.000000
0.000000
0.000000
-1.058461
0.979614
0.932502
-1.201773
0.788713
0.838983
0.000000
0.000000
0.000000
0.000000
0.000000
0.000000
-1.193379
0.841226
0.698696
-1.220059
0.821226
0.718163
0.000000
0.000000
0.000000
0.000000
0.000000
0.000000
-1.225514
0.880480
0.696942
-1.217089
0.810095
0.707925
0.000000
0.000000
0.000000
0.000000
0.000000
0.000000
0.000000
0.000000
0.000000
-1.547439
0.495948
0.805343
0.000000
0.000000
0.000000
0.000000
0.000000
0.000000
-1.358930
0.715452
0.659152
-1.436598
0.616838
0.911723
0.000000
0.000000
0.000000
0.000000
0.000000
0.000000
-1.360958
1.106485
0.721822
-1.434845
1.113313
0.647369
0.000000
0.000000
0.000000
0.000000
0.000000
0.000000
-1.088797
0.999071
0.737784
-1.256688
0.693643
0.746648
0.000000
0.000000
0.000000
0.000000
0.000000
0.000000
-1.228730
0.853527
0.722501
-1.289534
0.690043
0.816222
0.000000
0.000000
0.000000
0.000000
0.000000
0.000000
-1.138868
0.546124
0.685640
-1.119989
0.581259
0.784529
0.000000
0.000000
0.000000
0.000000
0.000000
0.000000
-1.459596
0.606743
0.786812
-1.534245
0.418587
0.898185
0.000000
0.000000
0.000000
0.000000
0.000000
0.000000
-1.440453
0.606003
0.834209
-1.515965
0.787874
0.798944
0.000000
0.000000
0.000000
0.000000
0.000000
0.000000
-1.252818
0.899164
0.815095
-1.287190
0.914387
0.763067
0.000000
0.000000
0.000000
0.000000
0.000000
0.000000
0.000000
0.000000
0.000000
-1.108175
1.401424
0.844066
0.000000
0.000000
0.000000
0.000000
0.000000
0.000000
-0.985227
1.320189
0.711150
-1.135323
1.102917
0.660079
0.000000
0.000000
0.000000
0.000000
0.000000
0.000000
0.000000
0.000000
0.000000
-1.149677
1.183064
0.831386
0.000000
0.000000
0.000000
0.000000
0.000000
0.000000
-1.259453
0.806615
0.828280
-1.382917
0.693133
0.879544
-1.436095
0.472469
0.639921
-1.261817
0.994019
0.856474
-1.366084
0.493012
0.637620
-1.235477
0.850216
0.860970
0.000000
0.000000
0.000000
0.000000
0.000000
0.000000
-1.241080
0.386875
0.684100
-1.163602
0.483763
1.176369
0.000000
0.000000
0.000000
0.000000
0.000000
0.000000
-1.106521
0.695615
0.886985
-1.144188
0.635799
0.810209
0.000000
0.000000
0.000000
0.000000
0.000000
0.000000
-1.318019
1.052992
0.719637
-1.389468
0.942936
0.702987
0.000000
0.000000
0.000000
0.000000
0.000000
0.000000
-1.344745
0.607934
0.832289
-1.398206
0.540317
0.838636
0.000000
0.000000
0.000000
0.000000
0.000000
0.000000
-1.280896
0.627714
0.921976
-1.259793
0.576876
0.838821
0.000000
0.000000
0.000000
0.000000
0.000000
0.000000
-1.041596
1.295401
0.815551
-1.216357
1.004589
0.775443
0.000000
0.000000
0.000000
0.000000
0.000000
0.000000
-1.285825
0.702530
0.786108
-1.322780
0.711131
0.784390
0.000000
0.000000
0.000000
0.000000
0.000000
0.000000
-0.948953
0.948398
0.574392
-1.023674
1.121235
0.563868
0.000000
0.000000
0.000000
-1.305987
1.033043
0.760891
0.000000
0.000000
0.000000
-1.284886
1.041545
0.760891
0.000000
0.000000
0.000000
0.000000
0.000000
0.000000
-0.967624
1.055391
0.875283
-1.004436
1.025293
0.782332
0.000000
0.000000
0.000000
0.000000
0.000000
0.000000
-1.320992
0.606101
0.756996
-1.221931
0.620003
0.968905
0.000000
0.000000
0.000000
0.000000
0.000000
0.000000
-1.017120
1.046433
0.693078
-1.260940
0.648990
0.707370
0.000000
0.000000
0.000000
0.000000
0.000000
0.000000
-1.247957
0.575276
0.690456
-1.214570
0.766415
0.767032
0.000000
0.000000
0.000000
0.000000
0.000000
0.000000
-1.106046
1.062499
0.759521
-1.175712
1.007497
0.731090
0.000000
0.000000
0.000000
0.000000
0.000000
0.000000
-1.020450
0.842902
0.757808
-1.100415
1.135265
0.629253
0.000000
0.000000
0.000000
0.000000
0.000000
0.000000
0.000000
0.000000
0.000000
-1.101456
0.957129
0.935293
0.000000
0.000000
0.000000
0.000000
0.000000
0.000000
-1.282827
0.507984
0.831645
-1.411286
0.440739
0.810580
0.000000
0.000000
0.000000
0.000000
0.000000
0.000000
-1.098245
0.853851
0.826955
-1.266421
0.654124
0.757774
0.000000
0.000000
0.000000
0.000000
0.000000
0.000000
-1.337530
0.864321
0.878753
-1.339175
0.783858
0.804593
0.000000
0.000000
0.000000
0.000000
0.000000
0.000000
-1.313850
0.521676
0.835797
-1.214695
0.651048
0.790844
0.000000
0.000000
0.000000
0.000000
0.000000
0.000000
0.000000
0.000000
0.000000
-1.331667
0.896667
0.773108
0.000000
0.000000
0.000000
0.000000
0.000000
0.000000
-1.601491
0.727584
0.806264
-1.602114
0.741995
0.802263
0.000000
0.000000
0.000000
0.000000
0.000000
0.000000
0.000000
0.000000
0.000000
-1.298155
0.682729
0.799222
0.000000
0.000000
0.000000
0.000000
0.000000
0.000000
-1.146145
0.796649
0.759161
-1.185070
0.806561
0.710538
-1.326615
0.627244
0.923901
-1.355004
0.738954
0.849097
-1.294197
0.641882
0.923901
-1.217053
1.177436
0.869997
0.000000
0.000000
0.000000
0.000000
0.000000
0.000000
-1.229583
1.090461
0.598310
-1.302233
0.999361
0.550481
0.000000
0.000000
0.000000
0.000000
0.000000
0.000000
-1.075774
1.269413
0.664448
-1.167650
1.029116
0.645734
0.000000
0.000000
0.000000
0.000000
0.000000
0.000000
-1.317252
0.716073
0.804501
-1.332324
0.793707
0.747562
0.000000
0.000000
0.000000
0.000000
0.000000
0.000000
-1.424863
0.861285
0.776820
-1.437073
0.838192
0.743950
0.000000
0.000000
0.000000
0.000000
0.000000
0.000000
-0.904988
0.983383
0.540149
-0.985016
0.962624
0.619101
0.000000
0.000000
0.000000
0.000000
0.000000
0.000000
-1.289363
0.818586
0.735123
-1.324291
0.751963
0.776069
0.000000
0.000000
0.000000
0.000000
0.000000
0.000000
-1.390480
0.442497
0.759205
-1.113988
1.168363
0.820006
0.000000
0.000000
0.000000
0.000000
0.000000
0.000000
-1.313088
1.164918
0.687806
-1.368518
1.148271
0.658489
0.000000
0.000000
0.000000
0.000000
0.000000
0.000000
-1.214903
0.868412
0.592702
-1.190205
0.999094
0.537490
0.000000
0.000000
0.000000
0.000000
0.000000
0.000000
-1.153373
1.060810
0.656855
-1.150032
1.264397
0.519867
0.000000
0.000000
0.000000
0.000000
0.000000
0.000000
-1.306755
0.654425
0.823287
-1.260057
0.754814
0.893260
-1.204136
0.734846
0.778376
-1.219512
0.704422
0.759054
-1.193611
0.801445
0.786068
-1.215274
0.743283
0.736720
0.000000
0.000000
0.000000
0.000000
0.000000
0.000000
0.000000
0.000000
0.000000
-1.221684
0.637799
0.648829
0.000000
0.000000
0.000000
0.000000
0.000000
0.000000
-0.993486
0.789860
0.609588
-1.041534
0.874506
0.695902
0.000000
0.000000
0.000000
0.000000
0.000000
0.000000
-0.960986
1.127330
0.646749
-1.102354
0.971891
0.696187
0.000000
0.000000
0.000000
0.000000
0.000000
0.000000
-1.184926
0.632416
0.802226
-1.172517
0.651509
0.762437
0.000000
0.000000
0.000000
0.000000
0.000000
0.000000
-1.095757
0.702264
0.795626
-1.167466
0.664969
0.783827
0.000000
0.000000
0.000000
0.000000
0.000000
0.000000
-1.375838
0.642261
0.808809
-1.410874
0.620826
0.827234
0.000000
0.000000
0.000000
0.000000
0.000000
0.000000
-1.301104
0.570045
0.823481
-1.465081
0.535679
0.829796
0.000000
0.000000
0.000000
0.000000
0.000000
0.000000
0.000000
0.000000
0.000000
-1.111610
1.792333
0.613320
-1.252034
0.801698
0.646427
-1.299409
0.910565
0.676670
-1.200227
0.844451
0.638894
-1.257211
0.910216
0.677631
0.000000
0.000000
0.000000
0.000000
0.000000
0.000000
-1.326904
0.693322
0.858628
-1.282500
0.788257
0.835496
0.000000
0.000000
0.000000
0.000000
0.000000
0.000000
0.000000
0.000000
0.000000
-1.179561
0.940316
0.680672
0.000000
0.000000
0.000000
0.000000
0.000000
0.000000
-1.389727
1.058460
0.626528
-1.421347
1.005605
0.739199
0.000000
0.000000
0.000000
0.000000
0.000000
0.000000
-1.269749
1.012240
0.710839
-1.272860
1.066527
0.634630
0.000000
0.000000
0.000000
0.000000
0.000000
0.000000
-1.161699
0.799137
0.751546
-1.203047
0.754945
0.735924
0.000000
0.000000
0.000000
0.000000
0.000000
0.000000
-1.234499
0.474214
0.838713
-1.281004
0.364912
0.860136
0.000000
0.000000
0.000000
0.000000
0.000000
0.000000
-1.378105
0.478590
0.801220
-1.403441
0.406094
0.889435
0.000000
0.000000
0.000000
0.000000
0.000000
0.000000
0.000000
0.000000
0.000000
-1.229233
0.618315
0.661690
0.000000
0.000000
0.000000
0.000000
0.000000
0.000000
0.000000
0.000000
0.000000
-1.393499
0.758806
0.672983
0.000000
0.000000
0.000000
0.000000
0.000000
0.000000
-1.341207
0.506822
0.683801
-1.415584
0.491615
0.839264
0.000000
0.000000
0.000000
0.000000
0.000000
0.000000
-1.482876
0.367363
0.616928
-1.410816
0.331299
1.231212
0.000000
0.000000
0.000000
0.000000
0.000000
0.000000
-1.352996
0.384602
0.905943
-1.412092
0.382507
0.897212
0.000000
0.000000
0.000000
0.000000
0.000000
0.000000
-1.169147
0.815573
0.716969
-1.141656
0.899751
0.671222
0.000000
0.000000
0.000000
0.000000
0.000000
0.000000
0.000000
0.000000
0.000000
-1.264986
0.485209
0.753214
0.000000
0.000000
0.000000
0.000000
0.000000
0.000000
-1.422432
0.416651
0.705578
-1.225307
0.529534
0.849361
0.000000
0.000000
0.000000
0.000000
0.000000
0.000000
-1.297435
0.895973
0.723746
-1.361167
0.821001
0.724707
0.000000
0.000000
0.000000
0.000000
0.000000
0.000000
0.000000
0.000000
0.000000
-1.189608
0.486476
0.727294
0.000000
0.000000
0.000000
0.000000
0.000000
0.000000
-0.974094
1.085079
0.594447
-1.090680
0.938454
0.664327
0.000000
0.000000
0.000000
0.000000
0.000000
0.000000
-0.991682
1.246734
0.474975
-1.089586
1.069958
0.461231
0.000000
0.000000
0.000000
0.000000
0.000000
0.000000
-1.084875
0.781860
0.751823
-1.119640
0.833765
0.673923
0.000000
0.000000
0.000000
0.000000
0.000000
0.000000
0.000000
0.000000
0.000000
-1.497758
0.453832
0.687071
0.000000
0.000000
0.000000
0.000000
0.000000
0.000000
-1.328213
0.917879
0.644247
-1.372553
0.969229
0.620078
-1.457346
0.562916
0.817872
-1.418385
0.739308
0.789414
-1.436610
0.569586
0.817872
-1.426747
0.758215
0.800036
0.000000
0.000000
0.000000
0.000000
0.000000
0.000000
-1.296409
0.734101
0.674022
-1.267383
0.898377
0.837899
0.000000
0.000000
0.000000
0.000000
0.000000
0.000000
-1.188131
0.905869
0.699295
-1.215627
0.916929
0.667087
-1.242868
0.995326
0.666047
-1.249873
1.056057
0.630194
-1.297553
0.984239
0.660919
-1.277172
1.050878
0.638979
0.000000
0.000000
0.000000
0.000000
0.000000
0.000000
-1.267837
0.666887
0.817586
-1.373654
0.600206
0.816092
0.000000
0.000000
0.000000
0.000000
0.000000
0.000000
-1.185705
0.829448
0.701113
-1.216590
0.829936
0.673775
0.000000
0.000000
0.000000
0.000000
0.000000
0.000000
-1.476155
0.461503
0.848270
-1.520486
0.463912
0.873297
0.000000
0.000000
0.000000
0.000000
0.000000
0.000000
-1.505106
0.568002
0.823974
-1.555917
0.540439
0.835490
0.000000
0.000000
0.000000
0.000000
0.000000
0.000000
0.000000
0.000000
0.000000
-1.278655
0.733698
0.728754
0.000000
0.000000
0.000000
0.000000
0.000000
0.000000
-1.144830
0.642285
0.687413
-1.062515
1.244719
0.738806
0.000000
0.000000
0.000000
0.000000
0.000000
0.000000
-1.370032
0.822200
0.739243
-1.514460
0.632041
0.797368
0.000000
0.000000
0.000000
0.000000
0.000000
0.000000
-1.373429
1.011571
0.632941
-1.387741
1.023672
0.655761
0.000000
0.000000
0.000000
0.000000
0.000000
0.000000
-1.366979
0.697825
0.821159
-1.436099
0.636650
0.838210
0.000000
0.000000
0.000000
0.000000
0.000000
0.000000
-1.393987
0.520282
0.849318
-1.382866
0.524201
0.834419
0.000000
0.000000
0.000000
0.000000
0.000000
0.000000
-1.301656
0.540010
0.820324
-1.347100
0.537220
0.829020
0.000000
0.000000
0.000000
0.000000
0.000000
0.000000
-1.182114
0.944969
0.708384
-1.234176
0.788152
0.696670
0.000000
0.000000
0.000000
0.000000
0.000000
0.000000
-1.344009
0.869599
0.931749
-1.421402
0.721238
0.909661
0.000000
0.000000
0.000000
0.000000
0.000000
0.000000
-1.082969
0.606693
0.749125
-1.139428
0.728620
0.784430
0.000000
0.000000
0.000000
0.000000
0.000000
0.000000
-1.302727
0.527648
0.793069
-1.458676
0.445413
0.919309
0.000000
0.000000
0.000000
0.000000
0.000000
0.000000
-1.059002
0.974873
0.649840
-1.096132
1.167914
0.670137
0.000000
0.000000
0.000000
0.000000
0.000000
0.000000
-1.117772
1.158196
0.520715
-1.082512
1.195390
0.551267
0.000000
0.000000
0.000000
0.000000
0.000000
0.000000
0.000000
0.000000
0.000000
-1.182546
0.872940
0.722717
0.000000
0.000000
0.000000
0.000000
0.000000
0.000000
-1.291727
0.710226
0.688832
-1.313878
0.671382
0.766449
0.000000
0.000000
0.000000
0.000000
0.000000
0.000000
0.000000
0.000000
0.000000
-1.275969
0.722843
0.903128
0.000000
0.000000
0.000000
0.000000
0.000000
0.000000
-1.352196
0.438954
0.855110
-1.381683
0.459329
0.872220
0.000000
0.000000
0.000000
-1.232916
0.420540
0.690434
0.000000
0.000000
0.000000
-1.203610
0.430851
0.690434
0.000000
0.000000
0.000000
0.000000
0.000000
0.000000
-1.247152
0.442885
0.803769
-1.249569
0.366764
0.860814
0.000000
0.000000
0.000000
0.000000
0.000000
0.000000
-1.171124
0.841764
0.742324
-1.169488
0.949216
0.659194
0.000000
0.000000
0.000000
0.000000
0.000000
0.000000
-1.443815
0.656393
0.716167
-1.403651
0.889660
0.746195
0.000000
0.000000
0.000000
0.000000
0.000000
0.000000
-1.518931
0.580708
0.911893
-1.632206
0.446479
0.866227
0.000000
0.000000
0.000000
0.000000
0.000000
0.000000
-1.103109
0.839371
0.827639
-1.062756
0.789186
0.752259
0.000000
0.000000
0.000000
0.000000
0.000000
0.000000
0.000000
0.000000
0.000000
-1.303118
0.477495
0.629928
0.000000
0.000000
0.000000
0.000000
0.000000
0.000000
0.000000
0.000000
0.000000
-1.331731
0.446983
0.719307
-1.150101
0.795558
0.749376
-1.151613
0.813908
0.815126
-1.117338
0.756553
0.749376
-1.073208
0.777942
0.837862
0.000000
0.000000
0.000000
0.000000
0.000000
0.000000
-1.358775
0.582860
0.891908
-1.411223
0.589227
0.862630
0.000000
0.000000
0.000000
0.000000
0.000000
0.000000
0.000000
0.000000
0.000000
-1.078432
0.946259
0.673385
0.000000
0.000000
0.000000
0.000000
0.000000
0.000000
-1.088963
0.985542
0.609887
-1.009098
1.198836
0.624067
0.000000
0.000000
0.000000
0.000000
0.000000
0.000000
-1.600082
0.394562
0.895456
-1.597435
0.422991
0.862806
0.000000
0.000000
0.000000
0.000000
0.000000
0.000000
-1.200533
0.819818
0.823740
-1.352804
0.721080
0.759097
0.000000
0.000000
0.000000
0.000000
0.000000
0.000000
0.000000
0.000000
0.000000
-1.098328
0.672184
0.748400
0.000000
0.000000
0.000000
0.000000
0.000000
0.000000
-1.385571
0.571086
0.792511
-1.411864
0.536437
0.803609
0.000000
0.000000
0.000000
0.000000
0.000000
0.000000
-1.287541
0.765683
0.730173
-1.335505
0.605768
0.868972
-0.824964
1.067565
0.543116
-0.921824
0.822446
0.623572
-0.853093
0.986803
0.544745
-0.941575
0.815643
0.563824
0.000000
0.000000
0.000000
0.000000
0.000000
0.000000
-1.164640
1.182454
0.412454
-1.206569
1.399530
0.380423
0.000000
0.000000
0.000000
0.000000
0.000000
0.000000
-1.367724
0.748913
0.720679
-1.526301
0.639690
0.895699
0.000000
0.000000
0.000000
0.000000
0.000000
0.000000
-1.217058
1.006663
0.793912
-1.245606
1.069215
0.750462
0.000000
0.000000
0.000000
0.000000
0.000000
0.000000
-1.176989
1.344497
0.751399
-1.261972
1.249819
0.602163
0.000000
0.000000
0.000000
0.000000
0.000000
0.000000
-1.188947
0.521678
0.551577
-1.117260
0.986477
0.840764
0.000000
0.000000
0.000000
0.000000
0.000000
0.000000
-0.926183
1.316551
0.730560
-1.078218
1.143583
0.627412
0.000000
0.000000
0.000000
0.000000
0.000000
0.000000
-1.329608
0.715152
0.821184
-1.371173
0.669284
0.820599
0.000000
0.000000
0.000000
0.000000
0.000000
0.000000
-1.375375
0.722040
0.810518
-1.353223
0.804688
0.792097
0.000000
0.000000
0.000000
0.000000
0.000000
0.000000
-1.115970
0.548998
0.612971
-1.157136
0.620382
0.867109
0.000000
0.000000
0.000000
0.000000
0.000000
0.000000
-1.139198
0.815944
0.652165
-1.240699
0.676170
0.591723
0.000000
0.000000
0.000000
0.000000
0.000000
0.000000
-1.454050
1.183163
0.671636
-1.609793
0.992077
0.775381
0.000000
0.000000
0.000000
0.000000
0.000000
0.000000
-1.549107
0.552305
0.844418
-1.580915
0.554985
0.851566
0.000000
0.000000
0.000000
0.000000
0.000000
0.000000
-1.422910
0.452888
0.860089
-1.426371
0.402000
0.874514
0.000000
0.000000
0.000000
0.000000
0.000000
0.000000
-1.074380
0.777226
0.649894
-1.146198
0.683508
0.667801
0.000000
0.000000
0.000000
0.000000
0.000000
0.000000
-1.407185
0.764717
0.770422
-1.389399
0.753561
0.766509
0.000000
0.000000
0.000000
0.000000
0.000000
0.000000
-1.224319
0.662636
0.799503
-1.246420
0.725501
0.789190
0.000000
0.000000
0.000000
0.000000
0.000000
0.000000
-1.325177
1.160684
0.578449
-1.365962
1.140621
0.577155
0.000000
0.000000
0.000000
0.000000
0.000000
0.000000
-1.147656
0.751867
0.774212
-1.296797
0.640316
0.818699
0.000000
0.000000
0.000000
0.000000
0.000000
0.000000
-1.358920
0.377171
0.911842
-1.293948
0.429047
0.842670
0.000000
0.000000
0.000000
0.000000
0.000000
0.000000
-1.265030
1.152944
0.533240
-1.297404
1.195824
0.500705
0.000000
0.000000
0.000000
0.000000
0.000000
0.000000
-1.122720
1.201259
0.750141
-1.223861
0.996686
0.665226
0.000000
0.000000
0.000000
0.000000
0.000000
0.000000
-1.438728
0.422267
0.830556
-1.467147
0.502044
0.864059
0.000000
0.000000
0.000000
0.000000
0.000000
0.000000
-1.309177
0.828893
0.743497
-1.359468
0.842177
0.760699
0.000000
0.000000
0.000000
-1.202493
0.711327
0.717770
0.000000
0.000000
0.000000
-1.174744
0.716902
0.717770
0.000000
0.000000
0.000000
0.000000
0.000000
0.000000
-1.205859
0.906285
0.690167
-1.221506
0.978791
0.662261
0.000000
0.000000
0.000000
0.000000
0.000000
0.000000
-1.254719
0.787011
0.775427
-1.291706
0.897564
0.640022
0.000000
0.000000
0.000000
0.000000
0.000000
0.000000
-1.395736
0.410785
0.669474
-1.469031
0.328549
0.941959
0.000000
0.000000
0.000000
0.000000
0.000000
0.000000
-1.366348
0.840315
0.637611
-1.410818
1.008755
0.560771
0.000000
0.000000
0.000000
0.000000
0.000000
0.000000
-1.302914
0.547396
0.755178
-1.358927
0.716969
0.849121
0.000000
0.000000
0.000000
0.000000
0.000000
0.000000
-1.096763
1.106789
0.618566
-1.180298
1.024431
0.609766
0.000000
0.000000
0.000000
0.000000
0.000000
0.000000
0.000000
0.000000
0.000000
-1.191072
0.529611
0.664862
0.000000
0.000000
0.000000
0.000000
0.000000
0.000000
-1.395409
0.732398
0.811193
-1.412550
0.676614
0.885038
0.000000
0.000000
0.000000
0.000000
0.000000
0.000000
-1.405340
0.853121
0.678863
-1.417611
0.871375
0.704868
0.000000
0.000000
0.000000
0.000000
0.000000
0.000000
-0.952295
1.264220
0.579094
-1.023493
1.004007
0.470743
0.000000
0.000000
0.000000
0.000000
0.000000
0.000000
-1.008589
1.292983
0.847701
-1.103892
1.489640
0.765091
0.000000
0.000000
0.000000
0.000000
0.000000
0.000000
-1.106716
0.863174
0.604575
-1.122581
0.822936
0.603436
0.000000
0.000000
0.000000
-1.289688
0.605485
0.728503
0.000000
0.000000
0.000000
-1.351280
0.676627
0.720368
0.000000
0.000000
0.000000
0.000000
0.000000
0.000000
-1.317516
0.754745
0.749830
-1.265620
0.939088
0.761074
0.000000
0.000000
0.000000
0.000000
0.000000
0.000000
-1.153135
1.231996
0.804764
-1.233477
0.918402
0.708039
0.000000
0.000000
0.000000
0.000000
0.000000
0.000000
-1.274145
0.575711
0.838394
-1.367248
0.547393
0.838518
0.000000
0.000000
0.000000
0.000000
0.000000
0.000000
-1.479805
0.556352
0.851603
-1.533237
0.579060
0.853765
-1.546538
0.537519
0.861271
-1.639604
0.452309
0.851377
-1.545407
0.538001
0.857301
-1.629908
0.466369
0.852485
0.000000
0.000000
0.000000
0.000000
0.000000
0.000000
-1.191598
0.731167
0.611546
-1.165785
0.870218
0.933848
0.000000
0.000000
0.000000
0.000000
0.000000
0.000000
0.000000
0.000000
0.000000
-1.348069
0.687596
0.981575
0.000000
0.000000
0.000000
0.000000
0.000000
0.000000
-1.408148
0.875887
0.676737
-1.421057
0.746229
0.835019
0.000000
0.000000
0.000000
0.000000
0.000000
0.000000
-1.152573
1.213258
0.841486
-1.173761
1.137675
0.745765
-1.244088
0.958914
0.706590
-1.073017
1.052336
0.585661
-1.237761
0.960882
0.706590
-1.057215
1.048380
0.585661
0.000000
0.000000
0.000000
0.000000
0.000000
0.000000
-1.292953
0.888884
0.696387
-1.349653
0.843142
0.750006
0.000000
0.000000
0.000000
0.000000
0.000000
0.000000
0.000000
0.000000
0.000000
-0.942622
0.637160
0.828901
-1.074461
0.730455
0.637946
-1.239565
0.591315
0.821482
-0.926446
0.760150
0.688526
-1.138434
0.565793
0.813270
0.000000
0.000000
0.000000
0.000000
0.000000
0.000000
-1.438227
0.754965
0.753040
-1.409934
0.732573
0.755294
0.000000
0.000000
0.000000
0.000000
0.000000
0.000000
-1.134110
1.155813
0.715235
-1.190662
1.000908
0.703543
0.000000
0.000000
0.000000
0.000000
0.000000
0.000000
0.000000
0.000000
0.000000
-1.168479
1.271954
0.782099
0.000000
0.000000
0.000000
0.000000
0.000000
0.000000
-0.785785
1.399861
0.715793
-0.994448
0.975601
0.608154
0.000000
0.000000
0.000000
0.000000
0.000000
0.000000
-1.415715
0.363188
0.861535
-1.424836
0.380231
0.872485
0.000000
0.000000
0.000000
0.000000
0.000000
0.000000
-1.178664
0.525696
0.755652
-1.196211
0.560956
0.789044
0.000000
0.000000
0.000000
0.000000
0.000000
0.000000
-1.311641
0.523841
0.825601
-1.413303
0.420513
0.840514
0.000000
0.000000
0.000000
0.000000
0.000000
0.000000
-1.469898
0.694810
0.821208
-1.482161
0.700491
0.843742
0.000000
0.000000
0.000000
0.000000
0.000000
0.000000
0.000000
0.000000
0.000000
-1.265358
0.521063
0.761688
0.000000
0.000000
0.000000
0.000000
0.000000
0.000000
-1.536375
0.898949
0.747159
-1.559189
0.904360
0.747731
0.000000
0.000000
0.000000
0.000000
0.000000
0.000000
-1.221572
0.781828
0.790948
-1.392126
0.595612
0.793934
0.000000
0.000000
0.000000
0.000000
0.000000
0.000000
-1.458786
0.861487
0.773684
-1.489546
0.850626
0.750174
0.000000
0.000000
0.000000
0.000000
0.000000
0.000000
-1.396468
0.547816
0.835408
-1.362325
0.627200
0.803575
0.000000
0.000000
0.000000
0.000000
0.000000
0.000000
-1.217282
0.797850
0.713774
-1.208924
0.725584
0.758978
0.000000
0.000000
0.000000
0.000000
0.000000
0.000000
0.000000
0.000000
0.000000
-1.333134
0.956831
0.663069
0.000000
0.000000
0.000000
0.000000
0.000000
0.000000
-1.177072
1.134010
0.661567
-1.157244
1.372201
0.514487
0.000000
0.000000
0.000000
0.000000
0.000000
0.000000
-1.097091
0.805915
0.714763
-1.168960
0.622467
0.695483
0.000000
0.000000
0.000000
0.000000
0.000000
0.000000
-1.533394
0.658275
0.843205
-1.555133
0.661976
0.823680
0.000000
0.000000
0.000000
0.000000
0.000000
0.000000
-1.085018
0.983181
0.683272
-1.146222
1.031579
0.634597
0.000000
0.000000
0.000000
0.000000
0.000000
0.000000
-1.396683
0.699730
0.787156
-1.434359
0.683315
0.808619
0.000000
0.000000
0.000000
0.000000
0.000000
0.000000
-1.462141
1.088529
0.645435
-1.529241
0.990463
0.656740
0.000000
0.000000
0.000000
0.000000
0.000000
0.000000
-1.355225
0.562694
0.872586
-1.390938
0.814017
0.807582
0.000000
0.000000
0.000000
0.000000
0.000000
0.000000
-1.311039
1.005398
0.661178
-1.335724
0.975066
0.741824
0.000000
0.000000
0.000000
0.000000
0.000000
0.000000
0.000000
0.000000
0.000000
-1.025228
0.907892
0.902269
0.000000
0.000000
0.000000
0.000000
0.000000
0.000000
-1.559434
0.464759
0.869253
-1.584039
0.464797
0.870365
0.000000
0.000000
0.000000
0.000000
0.000000
0.000000
-1.578282
0.562260
0.850348
-1.601585
0.564522
0.851308
0.000000
0.000000
0.000000
0.000000
0.000000
0.000000
-1.195248
0.547307
0.739813
-1.262516
0.882262
0.844739
0.000000
0.000000
0.000000
0.000000
0.000000
0.000000
-1.390655
0.551472
0.832551
-1.435709
0.529622
0.846539
0.000000
0.000000
0.000000
0.000000
0.000000
0.000000
-1.103509
0.897605
0.721640
-1.244679
0.659586
0.725719
0.000000
0.000000
0.000000
0.000000
0.000000
0.000000
-1.191104
0.686879
0.709617
-1.330356
0.576147
0.893753
0.000000
0.000000
0.000000
0.000000
0.000000
0.000000
-1.086650
1.152449
0.530450
-1.176900
1.044028
0.581488
0.000000
0.000000
0.000000
0.000000
0.000000
0.000000
-1.354164
0.565211
0.929132
-1.396774
0.509408
0.884885
0.000000
0.000000
0.000000
0.000000
0.000000
0.000000
0.000000
0.000000
0.000000
-1.304572
1.017128
1.107653
0.000000
0.000000
0.000000
0.000000
0.000000
0.000000
-1.282248
1.330064
0.613268
-1.393120
0.930843
0.508285
0.000000
0.000000
0.000000
0.000000
0.000000
0.000000
-1.346582
1.032865
0.667014
-1.403788
1.029537
0.679975
0.000000
0.000000
0.000000
0.000000
0.000000
0.000000
-1.132849
0.785017
0.637534
-1.156529
1.019615
0.537087
0.000000
0.000000
0.000000
0.000000
0.000000
0.000000
-1.195365
0.963089
0.636385
-1.238223
1.018488
0.605832
0.000000
0.000000
0.000000
0.000000
0.000000
0.000000
0.000000
0.000000
0.000000
-1.415875
0.489761
0.707557
0.000000
0.000000
0.000000
0.000000
0.000000
0.000000
-1.404011
0.619094
0.743098
-1.345001
0.691567
0.843427
0.000000
0.000000
0.000000
0.000000
0.000000
0.000000
-1.062151
0.758007
0.801997
-1.080035
0.795563
0.792673
0.000000
0.000000
0.000000
0.000000
0.000000
0.000000
-1.400356
0.592442
0.837339
-1.492830
0.548699
0.867812
0.000000
0.000000
0.000000
0.000000
0.000000
0.000000
-1.334343
0.747906
0.743379
-1.271795
0.896635
0.734674
0.000000
0.000000
0.000000
0.000000
0.000000
0.000000
-1.473478
0.366644
0.636833
-1.523789
0.406520
1.051744
0.000000
0.000000
0.000000
0.000000
0.000000
0.000000
-1.262640
1.023099
0.710231
-1.223035
1.007122
0.698895
0.000000
0.000000
0.000000
0.000000
0.000000
0.000000
0.000000
0.000000
0.000000
-1.355056
0.537513
0.769545
0.000000
0.000000
0.000000
0.000000
0.000000
0.000000
-1.440465
0.486757
0.655011
-1.473156
0.448525
0.832906
0.000000
0.000000
0.000000
0.000000
0.000000
0.000000
0.000000
0.000000
0.000000
-1.349912
0.573432
0.762595
0.000000
0.000000
0.000000
0.000000
0.000000
0.000000
-1.165202
0.762739
0.914460
-1.257911
0.834020
0.831769
0.000000
0.000000
0.000000
0.000000
0.000000
0.000000
-1.414128
0.510417
0.859312
-1.471346
0.483601
0.844653
0.000000
0.000000
0.000000
0.000000
0.000000
0.000000
0.000000
0.000000
0.000000
-1.287581
0.613180
0.672360
-1.327446
0.369288
0.861142
-1.324259
0.414072
0.883924
-1.313176
0.370113
0.861447
-1.302407
0.424550
0.878155
0.000000
0.000000
0.000000
0.000000
0.000000
0.000000
-1.495803
0.583658
0.833420
-1.535329
0.576184
0.843352
0.000000
0.000000
0.000000
0.000000
0.000000
0.000000
0.000000
0.000000
0.000000
-1.236155
0.608046
0.788378
-1.284986
0.468036
0.830662
-1.224100
0.556298
0.840350
-1.284934
0.468030
0.830662
-1.220040
0.556810
0.840350
0.000000
0.000000
0.000000
0.000000
0.000000
0.000000
-1.387245
0.941958
0.707142
-1.417127
0.955651
0.720409
0.000000
0.000000
0.000000
0.000000
0.000000
0.000000
-1.458033
0.763962
0.815014
-1.497694
0.663596
0.810264
-1.171963
0.982139
0.706580
-1.208981
1.021611
0.717748
-1.152672
0.983551
0.705294
-1.198972
1.016877
0.717691
0.000000
0.000000
0.000000
-1.377187
0.441853
0.721438
0.000000
0.000000
0.000000
-1.403732
0.450719
0.721438
0.000000
0.000000
0.000000
0.000000
0.000000
0.000000
0.000000
0.000000
0.000000
-1.007119
0.994684
0.743126
0.000000
0.000000
0.000000
0.000000
0.000000
0.000000
-1.328602
1.382641
0.532284
-1.408938
1.313898
0.462784
0.000000
0.000000
0.000000
0.000000
0.000000
0.000000
0.000000
0.000000
0.000000
-0.930204
1.118863
0.704106
0.000000
0.000000
0.000000
0.000000
0.000000
0.000000
-1.401269
0.717445
0.822808
-1.428177
0.688239
0.816383
0.000000
0.000000
0.000000
0.000000
0.000000
0.000000
-1.389311
0.874161
0.732443
-1.420139
0.876553
0.736887
0.000000
0.000000
0.000000
0.000000
0.000000
0.000000
-1.430972
0.578608
0.865721
-1.447361
0.591428
0.812968
0.000000
0.000000
0.000000
0.000000
0.000000
0.000000
-1.344532
0.669908
0.728362
-1.391643
0.735814
0.809192
-1.187183
1.545241
0.792153
-1.283658
1.092076
0.805182
-1.150277
1.213142
0.794779
-1.261422
0.828903
0.819078
-1.089798
0.542812
0.849400
-0.929522
0.859517
0.782638
-1.026137
0.585935
0.796097
-0.881012
0.795887
0.754311
-1.220154
0.603912
0.849522
-1.253100
0.659561
0.848445
-1.140464
0.547221
0.858363
-1.170512
0.610684
0.853006
0.000000
0.000000
0.000000
0.000000
0.000000
0.000000
-1.188134
1.150072
0.595503
-1.202344
1.283007
0.517115
0.000000
0.000000
0.000000
0.000000
0.000000
0.000000
-1.154156
0.783153
0.802893
-1.223649
0.719510
0.756418
0.000000
0.000000
0.000000
0.000000
0.000000
0.000000
-1.242271
0.579936
0.791221
-1.119800
0.830794
0.677094
0.000000
0.000000
0.000000
0.000000
0.000000
0.000000
-1.027408
0.571397
0.761865
-1.141776
0.400198
0.909108
0.000000
0.000000
0.000000
0.000000
0.000000
0.000000
0.000000
0.000000
0.000000
-1.289472
0.660367
0.746652
0.000000
0.000000
0.000000
0.000000
0.000000
0.000000
-1.151623
0.600146
0.748006
-1.105372
0.665601
0.835240
0.000000
0.000000
0.000000
0.000000
0.000000
0.000000
-1.119464
0.806978
0.773779
-1.216083
0.588670
0.832633
0.000000
0.000000
0.000000
0.000000
0.000000
0.000000
-1.050055
0.738938
0.723119
-1.081921
0.632742
0.663709
-1.157976
1.042579
0.692863
-1.283796
0.963784
0.743544
-1.137808
1.260667
0.702145
-1.253924
1.120049
0.689149
0.000000
0.000000
0.000000
-1.100476
0.709185
0.762896
0.000000
0.000000
0.000000
-1.079384
0.713462
0.762896
0.000000
0.000000
0.000000
0.000000
0.000000
0.000000
-1.086032
1.020677
0.694812
-1.147524
1.080111
0.607914
0.000000
0.000000
0.000000
0.000000
0.000000
0.000000
-1.275692
0.275622
0.963804
-1.245036
0.252712
0.917301
0.000000
0.000000
0.000000
0.000000
0.000000
0.000000
0.000000
0.000000
0.000000
-1.173154
0.754922
0.791010
-1.428324
0.566828
0.868972
-1.457856
0.566595
0.851972
-1.344516
0.795756
0.816009
-1.352899
0.811136
0.796126
0.000000
0.000000
0.000000
0.000000
0.000000
0.000000
-1.376784
0.445493
0.913264
-1.468191
0.457697
0.876302
0.000000
0.000000
0.000000
0.000000
0.000000
0.000000
-1.316040
0.674887
0.791666
-1.331798
0.724759
0.792569
0.000000
0.000000
0.000000
0.000000
0.000000
0.000000
-0.941816
1.130664
0.752346
-1.012335
1.033198
0.692357
0.000000
0.000000
0.000000
0.000000
0.000000
0.000000
0.000000
0.000000
0.000000
-1.224644
0.677790
0.822435
0.000000
0.000000
0.000000
0.000000
0.000000
0.000000
-1.217686
0.664109
0.914346
-1.388602
0.582469
0.859354
0.000000
0.000000
0.000000
0.000000
0.000000
0.000000
0.000000
0.000000
0.000000
-1.239638
0.658098
0.893553
0.000000
0.000000
0.000000
0.000000
0.000000
0.000000
-1.431094
0.433884
0.872133
-1.457421
0.439058
0.867011
0.000000
0.000000
0.000000
0.000000
0.000000
0.000000
-1.444009
0.616750
0.869178
-1.565165
0.407926
0.871056
0.000000
0.000000
0.000000
0.000000
0.000000
0.000000
-0.997388
0.889330
0.689159
-1.021263
0.904894
0.599030
0.000000
0.000000
0.000000
0.000000
0.000000
0.000000
0.000000
0.000000
0.000000
-1.313703
0.906076
0.674005
0.000000
0.000000
0.000000
0.000000
0.000000
0.000000
-1.272000
0.546429
0.633215
-1.329136
0.516844
0.896621
0.000000
0.000000
0.000000
0.000000
0.000000
0.000000
-1.333534
0.814542
0.739025
-1.355080
0.806399
0.743217
0.000000
0.000000
0.000000
0.000000
0.000000
0.000000
-1.244273
0.544249
0.739563
-1.281359
0.590154
0.787562
0.000000
0.000000
0.000000
0.000000
0.000000
0.000000
-1.054196
1.217403
0.650420
-1.205115
0.980154
0.650377
0.000000
0.000000
0.000000
0.000000
0.000000
0.000000
-1.167555
0.462905
0.839420
-1.297858
0.399395
0.877835
0.000000
0.000000
0.000000
0.000000
0.000000
0.000000
-1.370916
0.869885
0.764045
-1.406864
0.848889
0.751909
0.000000
0.000000
0.000000
0.000000
0.000000
0.000000
-1.386942
0.827774
0.848594
-1.334628
0.910542
0.782699
0.000000
0.000000
0.000000
0.000000
0.000000
0.000000
-1.278837
0.818330
0.733540
-1.327531
0.791691
0.751780
0.000000
0.000000
0.000000
0.000000
0.000000
0.000000
0.000000
0.000000
0.000000
-1.012663
1.396670
0.602746
0.000000
0.000000
0.000000
0.000000
0.000000
0.000000
-1.568447
0.282319
1.058625
-1.596339
0.291421
0.928072
0.000000
0.000000
0.000000
0.000000
0.000000
0.000000
-1.211899
1.487530
0.770493
-1.251182
1.185336
0.899752
0.000000
0.000000
0.000000
0.000000
0.000000
0.000000
-1.273251
1.238704
0.619636
-1.346562
1.184555
0.605747
0.000000
0.000000
0.000000
0.000000
0.000000
0.000000
-1.310481
0.766984
0.824943
-1.374197
0.560416
0.798232
0.000000
0.000000
0.000000
0.000000
0.000000
0.000000
-1.242328
0.924737
0.573953
-1.225572
1.013254
0.602931
0.000000
0.000000
0.000000
0.000000
0.000000
0.000000
-1.150995
0.946574
0.801707
-1.213527
0.999718
0.721963
0.000000
0.000000
0.000000
0.000000
0.000000
0.000000
-1.311741
0.816114
0.711245
-1.397082
0.762195
0.779391
0.000000
0.000000
0.000000
0.000000
0.000000
0.000000
-1.157926
0.827886
0.668826
-1.192039
0.890886
0.690808
0.000000
0.000000
0.000000
0.000000
0.000000
0.000000
-1.261362
0.607383
0.810860
-1.340807
0.594678
0.820874
0.000000
0.000000
0.000000
0.000000
0.000000
0.000000
-1.540000
0.938872
0.715772
-1.570309
0.888453
0.743782
0.000000
0.000000
0.000000
0.000000
0.000000
0.000000
-1.176774
0.841465
0.718816
-1.148717
0.830425
0.725821
0.000000
0.000000
0.000000
0.000000
0.000000
0.000000
-1.096848
1.330670
0.781606
-1.332147
1.265757
0.712784
0.000000
0.000000
0.000000
0.000000
0.000000
0.000000
-1.228963
1.040862
0.646452
-1.298109
0.959970
0.673365
0.000000
0.000000
0.000000
0.000000
0.000000
0.000000
0.000000
0.000000
0.000000
-1.163786
1.050614
0.777567
-1.353045
0.449626
0.790838
-1.321125
0.566188
0.761528
-1.358843
0.451705
0.790838
-1.328088
0.568927
0.761528
0.000000
0.000000
0.000000
0.000000
0.000000
0.000000
-1.021730
0.884266
0.812933
-1.094614
0.714472
0.860605
-1.447462
0.506068
0.861958
-1.433778
0.523220
0.842228
-1.302009
0.873755
0.745539
-1.327142
0.822924
0.740538
0.000000
0.000000
0.000000
0.000000
0.000000
0.000000
-1.340395
0.760713
0.802393
-1.361778
0.844781
0.797624
0.000000
0.000000
0.000000
0.000000
0.000000
0.000000
-0.907678
1.346283
0.808071
-1.137831
0.779352
0.678813
0.000000
0.000000
0.000000
0.000000
0.000000
0.000000
0.000000
0.000000
0.000000
-1.193742
1.308553
0.645233
0.000000
0.000000
0.000000
0.000000
0.000000
0.000000
-1.137988
0.836042
0.649772
-1.192559
0.818925
0.726238
0.000000
0.000000
0.000000
0.000000
0.000000
0.000000
-1.344052
0.850133
0.669785
-1.394883
0.781383
0.817065
0.000000
0.000000
0.000000
0.000000
0.000000
0.000000
-1.182525
1.433062
0.679842
-1.277628
1.390749
0.585111
0.000000
0.000000
0.000000
0.000000
0.000000
0.000000
-1.300527
0.734605
0.706787
-1.290697
0.724286
0.828299
0.000000
0.000000
0.000000
0.000000
0.000000
0.000000
-1.468424
0.499590
0.679450
-1.389941
0.725567
0.821551
-1.232281
0.599305
0.804640
-1.316547
0.555860
0.838067
-1.108235
0.605392
0.800661
-1.183797
0.565747
0.833550
0.000000
0.000000
0.000000
0.000000
0.000000
0.000000
0.000000
0.000000
0.000000
-1.261558
1.366326
0.801617
0.000000
0.000000
0.000000
0.000000
0.000000
0.000000
-1.224097
0.707542
0.744539
-1.379635
0.739578
0.830146
0.000000
0.000000
0.000000
0.000000
0.000000
0.000000
-1.353766
0.962970
0.674572
-1.358983
1.045601
0.638404
0.000000
0.000000
0.000000
0.000000
0.000000
0.000000
-1.306196
0.803341
0.814507
-1.343066
0.703143
0.822977
0.000000
0.000000
0.000000
0.000000
0.000000
0.000000
-1.333406
0.736248
0.819338
-1.365133
0.570247
0.909687
0.000000
0.000000
0.000000
0.000000
0.000000
0.000000
-1.353933
0.492063
0.734608
-1.317546
0.654484
0.841088
-1.236003
0.811552
0.624850
-1.262527
0.883044
0.675513
-1.227236
0.808210
0.624850
-1.245054
0.876906
0.675243
0.000000
0.000000
0.000000
0.000000
0.000000
0.000000
-1.089419
1.222678
0.568820
-1.170627
1.203032
0.555910
0.000000
0.000000
0.000000
0.000000
0.000000
0.000000
-1.294803
0.983103
0.655652
-1.333564
0.985788
0.660054
0.000000
0.000000
0.000000
0.000000
0.000000
0.000000
0.000000
0.000000
0.000000
-1.216173
1.161040
0.855835
0.000000
0.000000
0.000000
0.000000
0.000000
0.000000
-1.300877
0.554576
0.955014
-1.362823
0.546736
0.841273
0.000000
0.000000
0.000000
0.000000
0.000000
0.000000
-1.185666
1.477937
0.470525
-1.288737
1.199136
0.574330
-1.098335
0.942439
0.650188
-1.082940
0.977545
0.647349
-1.103786
0.946147
0.648128
-1.085583
0.982396
0.646681
0.000000
0.000000
0.000000
0.000000
0.000000
0.000000
0.000000
0.000000
0.000000
-1.317889
0.720570
0.701823
0.000000
0.000000
0.000000
0.000000
0.000000
0.000000
0.000000
0.000000
0.000000
-1.000379
1.050813
0.587155
0.000000
0.000000
0.000000
0.000000
0.000000
0.000000
-1.387053
0.483113
0.866016
-1.424820
0.473647
0.865913
0.000000
0.000000
0.000000
0.000000
0.000000
0.000000
-1.235649
1.194905
0.848683
-1.246050
1.267667
0.747350
0.000000
0.000000
0.000000
0.000000
0.000000
0.000000
-1.375897
0.709037
0.796659
-1.423917
0.685372
0.773888
0.000000
0.000000
0.000000
0.000000
0.000000
0.000000
-1.349620
0.746630
0.657437
-1.245467
1.017094
0.781235
0.000000
0.000000
0.000000
0.000000
0.000000
0.000000
-0.819807
1.273178
0.697329
-0.916551
1.001499
0.643366
-1.293262
0.576990
0.713983
-1.280982
0.549997
0.809202
-1.264010
0.580933
0.713983
-1.262037
0.537198
0.809202
0.000000
0.000000
0.000000
0.000000
0.000000
0.000000
-1.026246
1.430731
0.825967
-1.100158
1.052655
0.794048
0.000000
0.000000
0.000000
0.000000
0.000000
0.000000
-1.150909
0.655441
0.703746
-1.214350
0.585363
0.787703
0.000000
0.000000
0.000000
0.000000
0.000000
0.000000
-1.185523
0.725433
0.765427
-1.229440
1.056258
0.674132
0.000000
0.000000
0.000000
0.000000
0.000000
0.000000
-1.236962
1.060558
0.607864
-1.257567
0.922092
0.645206
0.000000
0.000000
0.000000
0.000000
0.000000
0.000000
-1.175857
0.571660
0.724632
-1.175472
0.730442
0.862767
0.000000
0.000000
0.000000
0.000000
0.000000
0.000000
-1.241379
0.907622
0.850602
-1.307855
0.877089
0.725039
0.000000
0.000000
0.000000
0.000000
0.000000
0.000000
0.000000
0.000000
0.000000
-1.018562
0.575543
0.989157
0.000000
0.000000
0.000000
0.000000
0.000000
0.000000
-1.173275
0.591980
0.777735
-1.248106
0.585989
0.803781
0.000000
0.000000
0.000000
0.000000
0.000000
0.000000
-1.149204
0.579497
0.717219
-1.205482
0.486016
0.803604
0.000000
0.000000
0.000000
0.000000
0.000000
0.000000
-1.214581
0.675914
0.676808
-1.217132
0.686330
0.843645
0.000000
0.000000
0.000000
0.000000
0.000000
0.000000
-1.120318
0.924601
0.707377
-1.187405
0.735033
0.709457
0.000000
0.000000
0.000000
0.000000
0.000000
0.000000
-1.159776
0.836558
0.630674
-1.260593
0.882428
0.637527
0.000000
0.000000
0.000000
0.000000
0.000000
0.000000
-1.183370
0.736917
0.928007
-1.283685
0.623618
0.965900
0.000000
0.000000
0.000000
0.000000
0.000000
0.000000
-1.389936
0.531053
0.703706
-1.314934
0.703805
0.843840
0.000000
0.000000
0.000000
0.000000
0.000000
0.000000
-0.979279
0.770638
0.877767
-1.071865
0.714518
0.770449
0.000000
0.000000
0.000000
0.000000
0.000000
0.000000
-1.387595
0.704414
0.720419
-1.350849
0.751403
0.766164
0.000000
0.000000
0.000000
0.000000
0.000000
0.000000
-1.469810
0.532600
0.712469
-1.477623
0.530815
0.858650
0.000000
0.000000
0.000000
0.000000
0.000000
0.000000
-0.924858
1.457565
0.622483
-1.027656
1.193198
0.626433
0.000000
0.000000
0.000000
0.000000
0.000000
0.000000
0.000000
0.000000
0.000000
-1.003722
2.674421
0.701861
0.000000
0.000000
0.000000
0.000000
0.000000
0.000000
-1.555607
0.717800
0.831234
-1.567604
0.745052
0.792006
0.000000
0.000000
0.000000
0.000000
0.000000
0.000000
-1.088135
0.606275
1.013390
-1.191560
0.427494
0.885627
0.000000
0.000000
0.000000
0.000000
0.000000
0.000000
-1.358086
0.547988
0.721911
-1.265236
0.740009
0.764648
0.000000
0.000000
0.000000
0.000000
0.000000
0.000000
-1.096328
1.117755
0.657080
-1.140939
1.108395
0.626659
0.000000
0.000000
0.000000
0.000000
0.000000
0.000000
-1.137286
0.952456
0.793588
-1.209462
0.926241
0.855129
0.000000
0.000000
0.000000
0.000000
0.000000
0.000000
-1.523390
0.379560
0.883330
-1.547784
0.381061
0.883680
0.000000
0.000000
0.000000
0.000000
0.000000
0.000000
-0.882161
1.173483
0.816102
-1.095104
0.893967
0.741893
0.000000
0.000000
0.000000
0.000000
0.000000
0.000000
-1.186222
0.490990
0.856147
-1.231361
0.508538
0.832621
0.000000
0.000000
0.000000
0.000000
0.000000
0.000000
-1.367411
1.205131
0.563613
-1.404049
1.210932
0.558024
0.000000
0.000000
0.000000
0.000000
0.000000
0.000000
-1.233727
0.796244
0.738160
-1.284241
0.721034
0.746073
0.000000
0.000000
0.000000
0.000000
0.000000
0.000000
-1.286171
0.503255
0.767028
-1.314665
0.512080
0.822828
0.000000
0.000000
0.000000
0.000000
0.000000
0.000000
-1.071096
0.686063
0.628528
-1.155204
0.703725
0.717710
0.000000
0.000000
0.000000
0.000000
0.000000
0.000000
-1.356798
0.557074
0.623144
-1.312110
0.738061
0.994140
-1.302525
0.654945
0.843353
-1.376485
0.655710
0.795053
-1.254916
0.638431
0.841900
-1.306320
0.674718
0.787053
0.000000
0.000000
0.000000
0.000000
0.000000
0.000000
-1.267766
0.497831
0.863954
-1.260304
0.642140
0.804677
-1.415651
0.592978
0.810963
-1.452318
0.562417
0.847624
-1.392358
0.597713
0.813605
-1.414026
0.571127
0.841328
0.000000
0.000000
0.000000
0.000000
0.000000
0.000000
-1.341827
1.330593
0.499388
-1.401282
1.340455
0.482476
-1.222433
0.769913
0.728873
-1.184604
0.893340
0.685315
-1.175979
0.757208
0.720889
-1.136732
0.858128
0.677423
0.000000
0.000000
0.000000
0.000000
0.000000
0.000000
-1.297974
1.140747
0.623842
-1.315936
1.089605
0.546318
0.000000
0.000000
0.000000
0.000000
0.000000
0.000000
-0.899125
1.708913
0.710325
-1.198663
0.878729
0.610242
0.000000
0.000000
0.000000
0.000000
0.000000
0.000000
-1.584066
1.014216
0.708490
-1.608563
1.004145
0.710662
0.000000
0.000000
0.000000
0.000000
0.000000
0.000000
-1.394881
0.866398
0.896444
-1.435053
0.812414
0.810193
0.000000
0.000000
0.000000
0.000000
0.000000
0.000000
-1.202162
0.795137
0.759030
-1.234142
0.849384
0.717592
0.000000
0.000000
0.000000
0.000000
0.000000
0.000000
-0.854127
0.985085
0.762489
-1.076331
0.723031
0.635767
0.000000
0.000000
0.000000
0.000000
0.000000
0.000000
-1.159112
0.520098
0.821182
-1.162689
0.487563
0.844055
0.000000
0.000000
0.000000
0.000000
0.000000
0.000000
-1.458041
0.735942
0.774288
-1.500452
0.712185
0.817312
0.000000
0.000000
0.000000
0.000000
0.000000
0.000000
-1.250195
0.928468
0.721985
-1.186250
1.149672
0.717677
0.000000
0.000000
0.000000
0.000000
0.000000
0.000000
-1.457868
0.393042
0.886266
-1.511093
0.396878
0.884747
0.000000
0.000000
0.000000
0.000000
0.000000
0.000000
-1.279838
0.601760
0.895968
-1.415600
0.435634
0.895498
0.000000
0.000000
0.000000
0.000000
0.000000
0.000000
-1.213209
0.548962
0.815986
-1.226943
0.561760
0.852120
0.000000
0.000000
0.000000
0.000000
0.000000
0.000000
-1.463309
0.739130
0.814835
-1.482675
0.774982
0.788925
0.000000
0.000000
0.000000
0.000000
0.000000
0.000000
-1.358718
0.624711
0.792340
-1.437397
0.814760
0.855384
0.000000
0.000000
0.000000
0.000000
0.000000
0.000000
0.000000
0.000000
0.000000
-1.252128
0.561973
0.616653
0.000000
0.000000
0.000000
0.000000
0.000000
0.000000
-1.173556
0.902506
0.697656
-1.288816
0.816211
0.799866
0.000000
0.000000
0.000000
0.000000
0.000000
0.000000
-1.295000
0.875145
0.778663
-1.336729
0.709615
0.825697
0.000000
0.000000
0.000000
0.000000
0.000000
0.000000
-1.047276
0.660962
0.781155
-1.190359
0.593089
0.821047
0.000000
0.000000
0.000000
0.000000
0.000000
0.000000
-1.155423
0.974026
0.709058
-1.236689
0.846211
0.589047
0.000000
0.000000
0.000000
0.000000
0.000000
0.000000
-1.278798
0.644836
0.649478
-1.357772
0.671879
0.777818
0.000000
0.000000
0.000000
0.000000
0.000000
0.000000
0.000000
0.000000
0.000000
-1.444458
0.445204
0.710927
0.000000
0.000000
0.000000
0.000000
0.000000
0.000000
0.000000
0.000000
0.000000
-1.110372
1.379569
0.827771
0.000000
0.000000
0.000000
0.000000
0.000000
0.000000
-1.156486
0.456211
0.620319
-0.908616
0.928704
0.886273
0.000000
0.000000
0.000000
0.000000
0.000000
0.000000
0.000000
0.000000
0.000000
-1.218222
1.043657
0.730018
0.000000
0.000000
0.000000
0.000000
0.000000
0.000000
-1.001898
0.841070
0.658501
-0.984376
1.116357
0.677550
-1.075711
0.982858
0.717097
-1.094171
0.982625
0.682330
-1.065227
0.957427
0.711161
-1.089023
0.964013
0.680915
0.000000
0.000000
0.000000
0.000000
0.000000
0.000000
-1.443061
0.953795
0.736178
-1.473995
0.969448
0.722454
0.000000
0.000000
0.000000
0.000000
0.000000
0.000000
-1.445478
1.106841
0.700247
-1.439628
1.146503
0.673932
0.000000
0.000000
0.000000
0.000000
0.000000
0.000000
-1.444435
0.408658
0.702260
-1.385840
0.484344
0.871905
-1.332854
0.617835
0.722905
-1.347372
0.601980
0.842181
-1.339766
0.623814
0.722905
-1.333843
0.605591
0.842181
0.000000
0.000000
0.000000
0.000000
0.000000
0.000000
-1.395493
0.559487
0.839183
-1.395401
0.619528
0.835560
0.000000
0.000000
0.000000
0.000000
0.000000
0.000000
-1.140592
1.014768
0.611453
-1.182798
1.041831
0.591181
0.000000
0.000000
0.000000
0.000000
0.000000
0.000000
0.000000
0.000000
0.000000
-1.312722
1.184277
0.751491
0.000000
0.000000
0.000000
0.000000
0.000000
0.000000
-1.157425
0.615823
0.639753
-1.167626
0.797919
0.754844
0.000000
0.000000
0.000000
0.000000
0.000000
0.000000
-1.387691
0.613554
0.837968
-1.412894
0.589887
0.830092
-1.314113
0.709591
0.803124
-1.372722
0.662808
0.790623
-1.308362
0.647229
0.792247
-1.371204
0.566581
0.816422
0.000000
0.000000
0.000000
0.000000
0.000000
0.000000
-1.614700
0.322238
0.899919
-1.615961
0.313129
0.900676
0.000000
0.000000
0.000000
0.000000
0.000000
0.000000
-1.281082
0.855562
0.652032
-1.300306
0.790424
0.705804
0.000000
0.000000
0.000000
0.000000
0.000000
0.000000
-1.230591
0.770343
0.805873
-1.207438
0.765778
0.916743
0.000000
0.000000
0.000000
0.000000
0.000000
0.000000
-1.276635
0.656611
0.798045
-1.336367
0.634132
0.799140
0.000000
0.000000
0.000000
0.000000
0.000000
0.000000
-1.085365
0.787404
0.705560
-1.163416
0.762089
0.801382
0.000000
0.000000
0.000000
0.000000
0.000000
0.000000
0.000000
0.000000
0.000000
-1.214330
0.715839
0.702273
0.000000
0.000000
0.000000
0.000000
0.000000
0.000000
0.000000
0.000000
0.000000
-1.014395
0.924341
0.753293
0.000000
0.000000
0.000000
0.000000
0.000000
0.000000
-1.291686
1.340471
0.465375
-1.384063
1.302166
0.418530
0.000000
0.000000
0.000000
0.000000
0.000000
0.000000
-1.387952
0.578509
0.908247
-1.510893
0.522082
0.862818
-1.401554
0.793785
0.762096
-1.373056
0.827609
0.755958
-1.380778
0.788235
0.758965
-1.345624
0.812636
0.760274
0.000000
0.000000
0.000000
0.000000
0.000000
0.000000
-1.182714
0.642427
0.896409
-1.052952
0.671943
0.799484
0.000000
0.000000
0.000000
0.000000
0.000000
0.000000
0.000000
0.000000
0.000000
-1.335303
0.659842
0.970826
0.000000
0.000000
0.000000
0.000000
0.000000
0.000000
-1.258486
0.487181
0.843965
-1.150036
0.469751
0.814269
0.000000
0.000000
0.000000
0.000000
0.000000
0.000000
-1.141777
1.012429
0.721287
-1.095943
0.991001
0.645062
0.000000
0.000000
0.000000
0.000000
0.000000
0.000000
-1.488741
0.618382
0.844489
-1.464711
0.658548
0.839633
0.000000
0.000000
0.000000
0.000000
0.000000
0.000000
-1.379064
0.488537
0.912136
-1.456181
0.483370
0.863084
0.000000
0.000000
0.000000
0.000000
0.000000
0.000000
-1.236943
0.554683
0.712502
-1.115171
0.714001
0.854982
0.000000
0.000000
0.000000
0.000000
0.000000
0.000000
-1.145142
0.673888
0.648247
-1.149827
1.072164
0.660208
0.000000
0.000000
0.000000
0.000000
0.000000
0.000000
0.000000
0.000000
0.000000
-1.142402
1.031373
0.699416
0.000000
0.000000
0.000000
0.000000
0.000000
0.000000
-1.088161
1.051903
0.826156
-0.995830
1.178749
0.649712
0.000000
0.000000
0.000000
0.000000
0.000000
0.000000
-1.221458
0.649413
0.701207
-1.316830
0.633844
0.814171
0.000000
0.000000
0.000000
0.000000
0.000000
0.000000
-1.331257
0.546701
0.640452
-1.304078
0.604431
1.003709
0.000000
0.000000
0.000000
0.000000
0.000000
0.000000
-1.129359
0.671289
0.822977
-1.207161
0.617466
0.799357
0.000000
0.000000
0.000000
0.000000
0.000000
0.000000
-1.354982
0.737648
0.765648
-1.410059
0.676248
0.745482
0.000000
0.000000
0.000000
0.000000
0.000000
0.000000
-1.089428
1.243369
0.682566
-1.249339
0.942513
0.568518
0.000000
0.000000
0.000000
0.000000
0.000000
0.000000
-1.169453
0.489106
0.824673
-1.219251
0.571940
0.780093
-1.413402
0.583228
0.813193
-1.469011
0.537493
0.829759
-1.358438
0.617260
0.829496
-1.442484
0.553823
0.830328
0.000000
0.000000
0.000000
0.000000
0.000000
0.000000
-1.331694
0.895282
0.742402
-1.365120
0.835369
0.745311
0.000000
0.000000
0.000000
0.000000
0.000000
0.000000
-1.330632
0.617847
0.762907
-1.310716
0.738809
0.764458
0.000000
0.000000
0.000000
0.000000
0.000000
0.000000
-1.313565
1.296536
0.653156
-1.396522
1.162431
0.572155
0.000000
0.000000
0.000000
0.000000
0.000000
0.000000
-1.314570
0.476543
0.853585
-1.400357
0.422868
0.847243
-1.066581
0.514154
0.814499
-1.097499
0.484070
0.846312
-1.063957
0.513026
0.814029
-1.092309
0.482747
0.846636
0.000000
0.000000
0.000000
0.000000
0.000000
0.000000
0.000000
0.000000
0.000000
-1.152464
0.764813
0.671302
0.000000
0.000000
0.000000
0.000000
0.000000
0.000000
-1.242738
0.829432
0.725069
-1.266191
0.835811
0.712533
0.000000
0.000000
0.000000
0.000000
0.000000
0.000000
0.000000
0.000000
0.000000
-1.081692
1.625244
0.755901
0.000000
0.000000
0.000000
0.000000
0.000000
0.000000
-0.828013
1.891282
0.650687
-1.041464
1.098048
0.549955
0.000000
0.000000
0.000000
0.000000
0.000000
0.000000
-1.309470
0.758622
0.688273
-1.362401
0.834702
0.730160
0.000000
0.000000
0.000000
0.000000
0.000000
0.000000
0.000000
0.000000
0.000000
-1.134685
1.128865
0.623287
0.000000
0.000000
0.000000
0.000000
0.000000
0.000000
0.000000
0.000000
0.000000
-1.416144
0.512373
0.637022
0.000000
0.000000
0.000000
0.000000
0.000000
0.000000
-1.661712
0.822643
0.781570
-1.685119
0.799339
0.792115
0.000000
0.000000
0.000000
0.000000
0.000000
0.000000
-1.139518
1.666659
0.705704
-1.296440
1.468325
0.555275
-1.333372
0.377243
0.802924
-1.416759
0.376400
0.847374
-1.418650
0.378870
0.821284
-1.506766
0.393057
0.874011
0.000000
0.000000
0.000000
0.000000
0.000000
0.000000
0.000000
0.000000
0.000000
-0.926319
0.865006
0.659526
0.000000
0.000000
0.000000
0.000000
0.000000
0.000000
-1.170656
0.740021
0.741738
-1.243662
0.730209
0.750377
0.000000
0.000000
0.000000
0.000000
0.000000
0.000000
-1.118653
0.896788
0.691936
-1.131546
0.859788
0.673009
0.000000
0.000000
0.000000
0.000000
0.000000
0.000000
0.000000
0.000000
0.000000
-0.943626
0.855827
0.860064
0.000000
0.000000
0.000000
0.000000
0.000000
0.000000
-1.337365
0.710343
0.780897
-1.365914
1.026082
0.832874
0.000000
0.000000
0.000000
0.000000
0.000000
0.000000
-1.136863
1.178849
0.759515
-1.201881
0.987553
0.797925
0.000000
0.000000
0.000000
0.000000
0.000000
0.000000
-1.147355
0.800125
0.751098
-1.255583
0.619614
0.778907
0.000000
0.000000
0.000000
0.000000
0.000000
0.000000
-1.149356
1.383669
0.773665
-1.179752
1.441134
0.668518
0.000000
0.000000
0.000000
-1.316750
0.465291
0.760408
0.000000
0.000000
0.000000
-1.315796
0.465516
0.760408
0.000000
0.000000
0.000000
0.000000
0.000000
0.000000
-1.056838
0.808723
0.696290
-1.123262
0.712284
0.740778
0.000000
0.000000
0.000000
0.000000
0.000000
0.000000
-0.975927
0.937488
0.534549
-1.033776
1.053387
0.558135
0.000000
0.000000
0.000000
0.000000
0.000000
0.000000
-1.374011
0.887385
0.803135
-1.343826
0.921650
0.788977
0.000000
0.000000
0.000000
0.000000
0.000000
0.000000
-1.544274
0.810927
0.785368
-1.585461
0.778075
0.789211
0.000000
0.000000
0.000000
0.000000
0.000000
0.000000
-1.269140
0.510156
0.669598
-1.326593
0.579569
0.820596
0.000000
0.000000
0.000000
0.000000
0.000000
0.000000
-1.028035
1.371116
0.647700
-1.070252
1.288181
0.588472
0.000000
0.000000
0.000000
0.000000
0.000000
0.000000
-1.523588
0.835730
0.750273
-1.526670
0.876411
0.749322
0.000000
0.000000
0.000000
0.000000
0.000000
0.000000
-1.088140
1.280509
0.693926
-1.277230
0.905896
0.628528
0.000000
0.000000
0.000000
0.000000
0.000000
0.000000
-1.031072
0.806454
0.803986
-1.129700
0.655643
0.826256
0.000000
0.000000
0.000000
0.000000
0.000000
0.000000
-1.533867
0.431374
0.824581
-1.570294
0.450268
0.859653
0.000000
0.000000
0.000000
0.000000
0.000000
0.000000
0.000000
0.000000
0.000000
-1.297171
0.487675
0.837386
0.000000
0.000000
0.000000
0.000000
0.000000
0.000000
-1.420054
1.080972
0.636211
-1.460353
1.074533
0.639107
0.000000
0.000000
0.000000
0.000000
0.000000
0.000000
-1.085234
0.831052
0.695288
-1.198512
1.036017
0.625643
0.000000
0.000000
0.000000
0.000000
0.000000
0.000000
-1.059357
1.376982
0.545718
-1.120906
1.254325
0.359272
0.000000
0.000000
0.000000
0.000000
0.000000
0.000000
-1.604575
0.835183
0.762221
-1.632808
0.798489
0.795887
0.000000
0.000000
0.000000
0.000000
0.000000
0.000000
-1.289000
1.165807
0.486698
-1.321268
1.255235
0.473042
0.000000
0.000000
0.000000
0.000000
0.000000
0.000000
-1.330282
0.752653
0.732179
-1.349998
0.710218
0.769163
0.000000
0.000000
0.000000
0.000000
0.000000
0.000000
-1.239021
0.544895
0.614563
-1.172095
0.747507
0.828617
0.000000
0.000000
0.000000
0.000000
0.000000
0.000000
-1.080634
0.771766
0.596053
-1.042420
0.965961
0.692480
0.000000
0.000000
0.000000
0.000000
0.000000
0.000000
-1.332141
0.735518
0.887842
-1.397188
0.807701
0.789953
0.000000
0.000000
0.000000
0.000000
0.000000
0.000000
-1.246638
0.614983
0.837805
-1.290152
0.672766
0.831342
0.000000
0.000000
0.000000
0.000000
0.000000
0.000000
-1.271141
0.684036
0.779402
-1.306590
0.633358
0.846185
0.000000
0.000000
0.000000
0.000000
0.000000
0.000000
-1.179494
0.893090
0.825515
-1.234875
0.789715
0.812243
0.000000
0.000000
0.000000
0.000000
0.000000
0.000000
-1.137363
1.254909
0.533126
-1.287414
1.080054
0.552626
0.000000
0.000000
0.000000
0.000000
0.000000
0.000000
-1.034820
0.820922
0.679273
-1.134679
0.805312
0.703474
0.000000
0.000000
0.000000
0.000000
0.000000
0.000000
-1.347391
0.808220
0.785503
-1.485686
0.616167
0.866063
0.000000
0.000000
0.000000
0.000000
0.000000
0.000000
-1.271654
0.927698
0.682448
-1.296662
0.995618
0.673130
0.000000
0.000000
0.000000
0.000000
0.000000
0.000000
-1.309435
0.619512
0.803539
-1.349377
0.603338
0.816482
0.000000
0.000000
0.000000
0.000000
0.000000
0.000000
-1.394968
0.801784
0.882266
-1.430876
0.804021
0.765222
0.000000
0.000000
0.000000
0.000000
0.000000
0.000000
-1.109744
0.742586
0.775640
-1.182569
0.952240
0.754981
0.000000
0.000000
0.000000
0.000000
0.000000
0.000000
-1.156166
1.152466
0.487134
-1.199086
1.190560
0.508138
-1.296446
0.737121
0.749306
-1.292347
0.726396
0.777747
-1.267417
0.749065
0.751238
-1.261489
0.743743
0.771675
-1.203419
1.198000
0.715950
-1.294730
1.001266
0.708614
-1.193832
0.999183
0.710131
-1.228012
0.994398
0.704216
0.000000
0.000000
0.000000
0.000000
0.000000
0.000000
-1.273860
0.601803
0.712847
-1.394848
0.600749
0.850570
0.000000
0.000000
0.000000
0.000000
0.000000
0.000000
-1.233490
0.530214
0.650414
-1.248861
0.482019
0.844725
-1.239051
1.237327
0.762554
-1.341245
1.183153
0.711065
-1.190373
1.268280
0.755603
-1.306173
1.045845
0.767863
0.000000
0.000000
0.000000
0.000000
0.000000
0.000000
-1.065104
0.897714
0.709921
-1.154150
0.758650
0.727651
0.000000
0.000000
0.000000
0.000000
0.000000
0.000000
-1.199965
0.634247
0.897656
-1.248695
0.723675
0.767461
0.000000
0.000000
0.000000
0.000000
0.000000
0.000000
-1.500658
0.519952
0.856821
-1.524321
0.500202
0.852360
0.000000
0.000000
0.000000
0.000000
0.000000
0.000000
0.000000
0.000000
0.000000
-1.529143
0.484298
0.730952
0.000000
0.000000
0.000000
0.000000
0.000000
0.000000
-1.299192
0.461396
0.847137
-1.297000
0.460207
0.848034
0.000000
0.000000
0.000000
0.000000
0.000000
0.000000
-1.347270
1.221271
0.539613
-1.384797
1.170067
0.523829
0.000000
0.000000
0.000000
0.000000
0.000000
0.000000
-1.366106
0.553202
0.764731
-1.415812
0.560083
0.875351
0.000000
0.000000
0.000000
0.000000
0.000000
0.000000
-1.241654
0.590010
0.760115
-1.173342
0.693717
0.830926
0.000000
0.000000
0.000000
0.000000
0.000000
0.000000
0.000000
0.000000
0.000000
-1.077242
0.999046
0.730575
0.000000
0.000000
0.000000
0.000000
0.000000
0.000000
0.000000
0.000000
0.000000
-1.392320
0.781304
0.661002
0.000000
0.000000
0.000000
0.000000
0.000000
0.000000
-1.316438
0.723883
0.801050
-1.334517
0.703408
0.745221
0.000000
0.000000
0.000000
0.000000
0.000000
0.000000
-1.324776
0.732883
0.738764
-1.357094
0.706523
0.770603
0.000000
0.000000
0.000000
0.000000
0.000000
0.000000
0.000000
0.000000
0.000000
-1.078214
1.002658
0.663791
0.000000
0.000000
0.000000
0.000000
0.000000
0.000000
-1.360426
0.551783
0.810283
-1.394060
0.570330
0.804846
0.000000
0.000000
0.000000
0.000000
0.000000
0.000000
-1.303836
0.499518
0.842562
-1.336112
0.483165
0.873417
0.000000
0.000000
0.000000
0.000000
0.000000
0.000000
-1.391384
0.647257
0.818338
-1.430952
0.632205
0.824435
0.000000
0.000000
0.000000
0.000000
0.000000
0.000000
-1.230542
0.756032
0.697766
-1.212553
0.650593
0.792992
0.000000
0.000000
0.000000
0.000000
0.000000
0.000000
-1.058647
1.331128
0.749992
-1.194563
1.024287
0.573713
0.000000
0.000000
0.000000
0.000000
0.000000
0.000000
-1.288760
0.450255
0.799705
-1.276134
0.580152
0.814767
0.000000
0.000000
0.000000
0.000000
0.000000
0.000000
0.000000
0.000000
0.000000
-1.119113
0.652374
0.663172
0.000000
0.000000
0.000000
0.000000
0.000000
0.000000
-1.067286
0.668494
0.765047
-1.173651
0.519975
0.810715
-1.445593
0.743571
0.939231
-1.547858
0.767216
0.786378
-1.487577
0.696491
0.957801
-1.575853
0.553961
0.825038
0.000000
0.000000
0.000000
0.000000
0.000000
0.000000
0.000000
0.000000
0.000000
-1.033967
0.837794
0.868809
0.000000
0.000000
0.000000
0.000000
0.000000
0.000000
-1.022025
0.812649
0.642722
-0.982817
0.758254
0.664630
0.000000
0.000000
0.000000
0.000000
0.000000
0.000000
0.000000
0.000000
0.000000
-1.457084
0.722832
0.798351
0.000000
0.000000
0.000000
0.000000
0.000000
0.000000
-1.095505
0.942033
0.704477
-1.182121
0.764592
0.687219
0.000000
0.000000
0.000000
0.000000
0.000000
0.000000
0.000000
0.000000
0.000000
-1.240442
0.889308
0.648302
0.000000
0.000000
0.000000
0.000000
0.000000
0.000000
-1.299883
0.747454
0.624689
-1.324562
0.726068
0.819405
0.000000
0.000000
0.000000
0.000000
0.000000
0.000000
-1.192731
1.312680
0.520009
-1.233021
1.227934
0.476283
0.000000
0.000000
0.000000
0.000000
0.000000
0.000000
-1.349838
0.954252
0.755945
-1.396570
0.825005
0.735922
0.000000
0.000000
0.000000
0.000000
0.000000
0.000000
0.000000
0.000000
0.000000
-1.313813
0.673928
0.769533
0.000000
0.000000
0.000000
0.000000
0.000000
0.000000
0.000000
0.000000
0.000000
-1.296361
0.590418
0.736001
0.000000
0.000000
0.000000
0.000000
0.000000
0.000000
-1.205160
0.772276
0.705420
-1.263309
0.716937
0.772824
0.000000
0.000000
0.000000
0.000000
0.000000
0.000000
-1.328716
0.613835
0.810165
-1.327624
0.571011
0.858090
-1.036963
1.221924
0.724456
-1.131212
1.015756
0.660546
-0.928594
1.207521
0.757599
-1.068489
0.932988
0.670468
0.000000
0.000000
0.000000
0.000000
0.000000
0.000000
-1.264396
0.950894
0.665137
-1.214655
1.110790
0.691155
-0.803664
0.928800
0.936815
-0.926471
0.809133
0.836147
-0.761403
0.940946
0.936815
-0.876702
0.842326
0.836992
0.000000
0.000000
0.000000
0.000000
0.000000
0.000000
-1.254562
0.497355
0.824629
-1.305132
0.500539
0.843143
0.000000
0.000000
0.000000
0.000000
0.000000
0.000000
-1.181494
0.749135
0.811940
-1.152536
0.732342
0.769400
0.000000
0.000000
0.000000
0.000000
0.000000
0.000000
-1.124070
1.128982
0.592448
-1.200292
1.101236
0.545598
0.000000
0.000000
0.000000
0.000000
0.000000
0.000000
-1.272839
0.771042
0.906928
-1.348803
1.205154
0.886913
0.000000
0.000000
0.000000
0.000000
0.000000
0.000000
-1.257458
0.403872
0.872054
-1.261390
0.490373
0.863254
0.000000
0.000000
0.000000
0.000000
0.000000
0.000000
-1.201597
1.382907
0.818095
-1.307037
1.252587
0.642934
0.000000
0.000000
0.000000
0.000000
0.000000
0.000000
-1.057854
0.745616
0.686141
-0.989038
0.973134
0.665278
0.000000
0.000000
0.000000
0.000000
0.000000
0.000000
-1.200516
0.691293
0.774256
-1.232207
0.640418
0.809916
-1.540303
0.990841
0.742877
-1.585174
0.971395
0.737883
-1.484516
1.082137
0.687767
-1.506781
1.073066
0.679333
-1.426636
0.781184
0.766976
-1.468877
0.774077
0.783025
-1.359561
0.857873
0.747693
-1.395652
0.852102
0.762091
0.000000
0.000000
0.000000
0.000000
0.000000
0.000000
0.000000
0.000000
0.000000
-1.358881
0.510197
0.745470
0.000000
0.000000
0.000000
0.000000
0.000000
0.000000
-1.180165
1.268856
0.841215
-1.264116
1.265758
0.786326
0.000000
0.000000
0.000000
0.000000
0.000000
0.000000
-1.235874
0.696457
0.733144
-1.226568
0.910765
0.695702
0.000000
0.000000
0.000000
0.000000
0.000000
0.000000
-1.284866
0.681277
0.796763
-1.305051
0.668516
0.877413
0.000000
0.000000
0.000000
0.000000
0.000000
0.000000
-0.980900
1.402184
0.630900
-1.200945
1.030896
0.624790
0.000000
0.000000
0.000000
0.000000
0.000000
0.000000
-1.254162
1.089750
0.525477
-1.297657
1.178914
0.546320
0.000000
0.000000
0.000000
0.000000
0.000000
0.000000
-1.521405
0.353164
0.885379
-1.547688
0.346820
0.879098
0.000000
0.000000
0.000000
0.000000
0.000000
0.000000
-1.320730
0.531874
0.832797
-1.294088
0.610045
0.840663
0.000000
0.000000
0.000000
0.000000
0.000000
0.000000
0.000000
0.000000
0.000000
-1.094737
1.114999
0.724179
0.000000
0.000000
0.000000
0.000000
0.000000
0.000000
-1.286560
0.591990
0.729335
-1.349352
0.526873
0.757061
0.000000
0.000000
0.000000
0.000000
0.000000
0.000000
-1.312247
0.624082
0.783056
-1.343112
0.818722
0.711097
0.000000
0.000000
0.000000
0.000000
0.000000
0.000000
-1.035149
0.962805
0.709348
-1.103019
0.982733
0.696815
0.000000
0.000000
0.000000
0.000000
0.000000
0.000000
-1.381064
0.886175
0.736426
-1.433622
0.853815
0.741002
0.000000
0.000000
0.000000
0.000000
0.000000
0.000000
-1.102257
0.771437
0.687531
-1.114134
1.462185
0.740676
0.000000
0.000000
0.000000
0.000000
0.000000
0.000000
-1.534946
0.652523
0.818730
-1.604286
0.532405
0.851470
0.000000
0.000000
0.000000
0.000000
0.000000
0.000000
-1.405156
0.830807
0.957038
-1.426438
1.102996
0.796016
0.000000
0.000000
0.000000
0.000000
0.000000
0.000000
-1.261277
0.584931
0.816981
-1.251108
0.641022
0.818932
-1.162330
0.908207
0.606926
-1.180411
0.932931
0.637509
-1.124293
0.739485
0.730539
-1.123963
0.785997
0.746729
0.000000
0.000000
0.000000
0.000000
0.000000
0.000000
-1.494219
0.324580
0.902193
-1.510059
0.391034
0.887832
0.000000
0.000000
0.000000
0.000000
0.000000
0.000000
-1.194925
0.621081
0.720085
-1.248335
0.682715
0.975888
0.000000
0.000000
0.000000
0.000000
0.000000
0.000000
-1.116294
1.008505
0.669513
-1.185899
0.917794
0.708768
0.000000
0.000000
0.000000
0.000000
0.000000
0.000000
-1.327139
0.460254
0.692644
-1.378345
0.613221
0.763412
0.000000
0.000000
0.000000
0.000000
0.000000
0.000000
-1.268039
0.794448
0.715431
-1.345643
0.741389
0.764004
0.000000
0.000000
0.000000
0.000000
0.000000
0.000000
-1.147856
0.928040
0.633933
-1.211311
0.840235
0.689478
0.000000
0.000000
0.000000
0.000000
0.000000
0.000000
-1.225928
0.590229
0.675409
-1.286993
0.698524
0.884267
0.000000
0.000000
0.000000
0.000000
0.000000
0.000000
-1.118537
1.015482
0.759636
-1.133691
1.083474
0.670306
0.000000
0.000000
0.000000
0.000000
0.000000
0.000000
-1.539041
0.638137
0.746469
-1.473579
0.693041
0.892795
0.000000
0.000000
0.000000
0.000000
0.000000
0.000000
0.000000
0.000000
0.000000
-1.227822
0.964139
0.785340
0.000000
0.000000
0.000000
0.000000
0.000000
0.000000
-1.050291
0.829775
0.745390
-1.076949
0.973531
0.716558
0.000000
0.000000
0.000000
0.000000
0.000000
0.000000
0.000000
0.000000
0.000000
-1.357627
0.755201
0.724996
0.000000
0.000000
0.000000
0.000000
0.000000
0.000000
-1.441355
0.783522
0.823012
-1.465728
0.852577
0.745401
0.000000
0.000000
0.000000
0.000000
0.000000
0.000000
-1.394482
0.542859
0.688238
-1.403861
0.583191
0.797260
0.000000
0.000000
0.000000
0.000000
0.000000
0.000000
-1.273303
0.623521
0.813626
-1.324886
0.630964
0.814035
0.000000
0.000000
0.000000
0.000000
0.000000
0.000000
-1.270232
1.067538
0.650247
-1.309524
1.147402
0.619996
0.000000
0.000000
0.000000
0.000000
0.000000
0.000000
0.000000
0.000000
0.000000
-1.033165
0.688388
0.745053
0.000000
0.000000
0.000000
0.000000
0.000000
0.000000
-1.093410
0.902694
0.598475
-1.153793
0.910877
0.687856
0.000000
0.000000
0.000000
0.000000
0.000000
0.000000
-1.170627
1.008414
0.707899
-1.278149
0.874234
0.749591
0.000000
0.000000
0.000000
0.000000
0.000000
0.000000
-1.107091
0.815572
0.687032
-1.110275
0.798085
0.721293
0.000000
0.000000
0.000000
0.000000
0.000000
0.000000
-1.112388
1.086793
0.700031
-1.189117
0.884307
0.666576
0.000000
0.000000
0.000000
0.000000
0.000000
0.000000
-1.251625
0.715326
0.717578
-1.233250
0.794673
0.733299
0.000000
0.000000
0.000000
0.000000
0.000000
0.000000
-1.294873
0.926622
0.694701
-1.282784
0.985670
0.626666
-1.220453
0.892580
0.790746
-1.264329
0.889162
0.717775
-1.115198
0.925311
0.721538
-1.156989
0.913625
0.692557
0.000000
0.000000
0.000000
0.000000
0.000000
0.000000
-1.150096
0.727854
0.652985
-1.137972
0.771048
0.654323
0.000000
0.000000
0.000000
0.000000
0.000000
0.000000
-1.198477
0.698839
0.841417
-1.226454
0.710871
0.806727
0.000000
0.000000
0.000000
0.000000
0.000000
0.000000
-1.364832
0.604459
0.820736
-1.394225
0.642135
0.813048
0.000000
0.000000
0.000000
0.000000
0.000000
0.000000
-1.212845
1.097911
0.590577
-1.236959
1.055860
0.501188
0.000000
0.000000
0.000000
0.000000
0.000000
0.000000
0.000000
0.000000
0.000000
-1.316019
0.432065
0.716580
0.000000
0.000000
0.000000
0.000000
0.000000
0.000000
0.000000
0.000000
0.000000
-1.292646
0.567533
0.616639
0.000000
0.000000
0.000000
0.000000
0.000000
0.000000
0.000000
0.000000
0.000000
-1.207975
0.697206
0.651920
0.000000
0.000000
0.000000
0.000000
0.000000
0.000000
0.000000
0.000000
0.000000
-1.204456
0.745622
0.780046
0.000000
0.000000
0.000000
0.000000
0.000000
0.000000
-1.451364
0.563415
0.859404
-1.468818
0.549685
0.825086
0.000000
0.000000
0.000000
0.000000
0.000000
0.000000
-1.121837
0.648286
0.923093
-1.168162
0.620927
0.878774
0.000000
0.000000
0.000000
0.000000
0.000000
0.000000
-1.243782
0.652689
0.812880
-1.249917
0.666013
0.801863
0.000000
0.000000
0.000000
0.000000
0.000000
0.000000
-1.168981
0.921436
0.619385
-1.211439
1.052910
0.615007
0.000000
0.000000
0.000000
0.000000
0.000000
0.000000
-1.373547
0.407174
0.940544
-1.391337
0.364855
0.862853
0.000000
0.000000
0.000000
0.000000
0.000000
0.000000
-1.141393
0.787924
0.775642
-1.155815
0.917408
0.722551
0.000000
0.000000
0.000000
0.000000
0.000000
0.000000
-1.290964
0.379730
0.732643
-1.273875
0.326087
0.984727
0.000000
0.000000
0.000000
0.000000
0.000000
0.000000
-1.310997
0.331914
1.015188
-1.329396
0.357704
0.901773
-1.253639
0.671562
0.678814
-1.205391
0.635719
0.784985
-1.145857
0.834045
0.645133
-1.132464
0.740666
0.738512
0.000000
0.000000
0.000000
0.000000
0.000000
0.000000
-1.275451
0.680304
0.739793
-1.318874
0.665297
0.783473
0.000000
0.000000
0.000000
0.000000
0.000000
0.000000
-0.894453
0.866739
0.749894
-0.982633
0.826066
0.630716
0.000000
0.000000
0.000000
0.000000
0.000000
0.000000
-1.262493
1.070708
0.609593
-1.311260
1.054497
0.625813
0.000000
0.000000
0.000000
0.000000
0.000000
0.000000
-1.511765
0.739843
0.779246
-1.512085
0.742320
0.770817
0.000000
0.000000
0.000000
0.000000
0.000000
0.000000
-1.131903
0.732080
0.749740
-1.186403
0.619699
0.794099
0.000000
0.000000
0.000000
0.000000
0.000000
0.000000
-1.231574
1.090179
0.611323
-1.419760
0.729042
0.576106
0.000000
0.000000
0.000000
0.000000
0.000000
0.000000
-1.089477
0.958614
0.642364
-1.243830
0.889044
0.644757
0.000000
0.000000
0.000000
0.000000
0.000000
0.000000
0.000000
0.000000
0.000000
-1.174458
0.762254
0.617538
0.000000
0.000000
0.000000
0.000000
0.000000
0.000000
-1.174095
0.683993
0.793978
-1.286903
0.619428
0.788696
0.000000
0.000000
0.000000
0.000000
0.000000
0.000000
-0.933200
1.174430
0.782403
-1.044509
1.084065
0.674383
0.000000
0.000000
0.000000
0.000000
0.000000
0.000000
-1.220040
1.114139
0.690717
-1.286782
1.082086
0.690095
0.000000
0.000000
0.000000
0.000000
0.000000
0.000000
-1.319723
0.843978
0.758647
-1.377580
0.787221
0.724982
0.000000
0.000000
0.000000
0.000000
0.000000
0.000000
0.000000
0.000000
0.000000
-1.336915
0.434961
0.729152
0.000000
0.000000
0.000000
0.000000
0.000000
0.000000
-1.082339
1.331623
0.737877
-1.255291
1.143664
0.676903
-1.109755
0.721072
0.727631
-1.110177
0.785903
0.752711
-1.035336
0.738004
0.714278
-1.059974
0.775799
0.731889
0.000000
0.000000
0.000000
0.000000
0.000000
0.000000
-1.347520
0.773935
0.700174
-1.377444
0.844797
0.707226
0.000000
0.000000
0.000000
0.000000
0.000000
0.000000
-0.970009
0.825770
0.804270
-1.053034
0.789639
0.708938
0.000000
0.000000
0.000000
0.000000
0.000000
0.000000
-1.362079
0.840369
0.849296
-1.442822
0.832982
0.789152
0.000000
0.000000
0.000000
0.000000
0.000000
0.000000
-1.352377
1.004147
0.778429
-1.389065
0.956262
0.714150
0.000000
0.000000
0.000000
0.000000
0.000000
0.000000
-1.185374
1.078060
0.618956
-1.215887
1.148817
0.637762
0.000000
0.000000
0.000000
0.000000
0.000000
0.000000
-1.033861
1.364627
0.747284
-1.225386
0.965547
0.687726
0.000000
0.000000
0.000000
0.000000
0.000000
0.000000
-1.297104
1.191930
0.693021
-1.353735
0.918899
0.685341
0.000000
0.000000
0.000000
0.000000
0.000000
0.000000
0.000000
0.000000
0.000000
-1.222371
0.931569
0.781030
0.000000
0.000000
0.000000
0.000000
0.000000
0.000000
-0.975993
1.039667
0.916285
-1.017494
1.100025
0.784300
0.000000
0.000000
0.000000
0.000000
0.000000
0.000000
-1.192566
1.305395
0.820333
-1.270581
1.053164
0.667534
-1.259609
1.094450
0.662199
-1.321502
0.952420
0.661801
-1.186795
1.045647
0.682069
-1.244793
0.933263
0.666284
0.000000
0.000000
0.000000
0.000000
0.000000
0.000000
0.000000
0.000000
0.000000
-1.110045
0.912495
0.750010
0.000000
0.000000
0.000000
0.000000
0.000000
0.000000
0.000000
0.000000
0.000000
-1.332304
0.623206
0.759894
0.000000
0.000000
0.000000
0.000000
0.000000
0.000000
-1.338701
0.545370
0.884936
-1.380745
0.553260
0.852997
0.000000
0.000000
0.000000
0.000000
0.000000
0.000000
-1.355951
0.872685
0.724902
-1.353499
0.804393
0.679241
0.000000
0.000000
0.000000
0.000000
0.000000
0.000000
-1.418613
0.500056
0.872247
-1.469355
0.417964
0.863358
0.000000
0.000000
0.000000
0.000000
0.000000
0.000000
-1.283089
0.646634
0.902315
-1.301116
0.676663
0.811630
0.000000
0.000000
0.000000
0.000000
0.000000
0.000000
-0.803006
1.063173
0.710943
-0.986714
0.962583
0.607417
0.000000
0.000000
0.000000
0.000000
0.000000
0.000000
-1.512738
0.615767
0.841758
-1.539136
0.560551
0.844964
0.000000
0.000000
0.000000
0.000000
0.000000
0.000000
-1.246601
0.526309
0.810325
-1.200521
0.680480
0.734107
0.000000
0.000000
0.000000
-1.178898
0.955201
0.817780
0.000000
0.000000
0.000000
-1.224319
0.845951
0.849207
0.000000
0.000000
0.000000
0.000000
0.000000
0.000000
-1.267470
0.507008
0.735987
-1.356846
0.647764
0.847618
0.000000
0.000000
0.000000
0.000000
0.000000
0.000000
0.000000
0.000000
0.000000
-1.074992
0.867366
0.666181
0.000000
0.000000
0.000000
0.000000
0.000000
0.000000
-1.059506
1.271934
0.588419
-1.150383
1.186161
0.757185
0.000000
0.000000
0.000000
0.000000
0.000000
0.000000
-1.026929
0.965394
0.505171
-1.000281
1.158872
0.538520
0.000000
0.000000
0.000000
0.000000
0.000000
0.000000
-1.369553
0.768634
0.683534
-1.332399
0.800991
0.759573
0.000000
0.000000
0.000000
0.000000
0.000000
0.000000
-1.122342
0.808644
0.787114
-1.225816
0.718597
0.812730
0.000000
0.000000
0.000000
0.000000
0.000000
0.000000
-1.268196
0.621954
0.815734
-1.374246
0.502054
0.834868
0.000000
0.000000
0.000000
0.000000
0.000000
0.000000
-1.250671
0.574821
0.821101
-1.233834
0.691483
0.796678
0.000000
0.000000
0.000000
0.000000
0.000000
0.000000
-1.290177
0.841420
0.778568
-1.313835
0.744036
0.799796
0.000000
0.000000
0.000000
0.000000
0.000000
0.000000
-1.372857
0.452981
0.879704
-1.418793
0.360405
0.892385
0.000000
0.000000
0.000000
0.000000
0.000000
0.000000
-1.409187
0.513572
0.872245
-1.402359
0.536764
0.857461
0.000000
0.000000
0.000000
0.000000
0.000000
0.000000
0.000000
0.000000
0.000000
-1.376075
0.605102
0.712319
0.000000
0.000000
0.000000
0.000000
0.000000
0.000000
-1.393907
0.730408
1.024016
-1.502739
0.650207
0.830183
0.000000
0.000000
0.000000
0.000000
0.000000
0.000000
-1.277659
0.847543
0.680316
-1.208603
0.895766
0.628047
0.000000
0.000000
0.000000
0.000000
0.000000
0.000000
-1.408900
0.742599
0.770445
-1.458480
0.661958
0.757679
0.000000
0.000000
0.000000
0.000000
0.000000
0.000000
-1.204857
1.139840
0.604765
-1.226048
1.300439
0.496438
0.000000
0.000000
0.000000
0.000000
0.000000
0.000000
-1.142273
0.728229
0.892585
-1.274407
0.607467
0.844886
0.000000
0.000000
0.000000
0.000000
0.000000
0.000000
-1.306989
0.539493
0.835908
-1.316116
0.611165
0.818788
0.000000
0.000000
0.000000
0.000000
0.000000
0.000000
-1.347393
0.671860
0.819622
-1.360798
0.833160
0.789509
0.000000
0.000000
0.000000
0.000000
0.000000
0.000000
-1.078703
1.015795
0.676153
-1.197320
0.888722
0.646250
0.000000
0.000000
0.000000
0.000000
0.000000
0.000000
-1.298836
0.593154
0.711949
-1.425377
0.507794
0.812657
0.000000
0.000000
0.000000
0.000000
0.000000
0.000000
-1.442610
0.985613
0.696870
-1.471081
0.984867
0.705949
0.000000
0.000000
0.000000
0.000000
0.000000
0.000000
-1.302335
0.510226
0.748292
-1.212222
0.686405
0.943002
0.000000
0.000000
0.000000
0.000000
0.000000
0.000000
-1.354042
0.719725
0.785890
-1.360072
0.658764
0.872683
0.000000
0.000000
0.000000
0.000000
0.000000
0.000000
-1.154062
0.807657
0.816242
-1.113052
0.646810
0.727867
0.000000
0.000000
0.000000
0.000000
0.000000
0.000000
-1.318002
0.967656
0.838911
-1.404196
0.825321
0.803902
0.000000
0.000000
0.000000
0.000000
0.000000
0.000000
-1.167941
0.941218
0.660871
-1.174874
0.990265
0.639574
0.000000
0.000000
0.000000
0.000000
0.000000
0.000000
-1.097229
0.884619
0.703703
-1.184969
0.838294
0.697259
0.000000
0.000000
0.000000
0.000000
0.000000
0.000000
-1.373762
0.449125
0.881739
-1.373285
0.470144
0.889512
0.000000
0.000000
0.000000
0.000000
0.000000
0.000000
-1.150806
0.806708
0.697174
-1.159773
0.888382
0.668999
0.000000
0.000000
0.000000
0.000000
0.000000
0.000000
-1.328541
0.562735
0.869754
-1.366281
0.538528
0.817550
0.000000
0.000000
0.000000
0.000000
0.000000
0.000000
-1.073166
0.663768
0.667048
-1.076355
0.731905
0.774131
0.000000
0.000000
0.000000
0.000000
0.000000
0.000000
-1.424998
0.621001
0.853557
-1.502524
0.636597
0.819397
0.000000
0.000000
0.000000
0.000000
0.000000
0.000000
-1.399768
0.584151
0.786288
-1.391332
0.602411
0.828869
0.000000
0.000000
0.000000
0.000000
0.000000
0.000000
-1.309327
1.168417
0.555969
-1.383407
1.292464
0.539635
0.000000
0.000000
0.000000
0.000000
0.000000
0.000000
-1.065741
1.155284
0.594733
-1.160629
1.130420
0.784145
0.000000
0.000000
0.000000
0.000000
0.000000
0.000000
-1.008010
1.597707
0.678461
-1.202064
1.099831
0.620715
0.000000
0.000000
0.000000
0.000000
0.000000
0.000000
-1.238637
0.536518
1.032486
-1.335771
0.817443
0.952027
0.000000
0.000000
0.000000
0.000000
0.000000
0.000000
-1.328843
0.588728
0.857809
-1.311633
0.659476
0.846603
0.000000
0.000000
0.000000
0.000000
0.000000
0.000000
-1.025890
1.234495
0.975436
-1.131460
0.993890
0.847631
0.000000
0.000000
0.000000
0.000000
0.000000
0.000000
0.000000
0.000000
0.000000
-1.373642
0.679326
0.716029
0.000000
0.000000
0.000000
0.000000
0.000000
0.000000
-1.254947
0.779405
0.909105
-1.294039
0.604531
0.823850
0.000000
0.000000
0.000000
0.000000
0.000000
0.000000
0.000000
0.000000
0.000000
-1.454272
0.832837
0.800197
0.000000
0.000000
0.000000
0.000000
0.000000
0.000000
-1.296487
0.657071
0.682071
-1.189063
0.944984
0.707846
0.000000
0.000000
0.000000
0.000000
0.000000
0.000000
-1.194281
0.492823
0.862774
-1.238379
0.482939
0.827884
-1.133880
0.980123
0.698829
-1.146630
0.987866
0.637401
-1.139148
0.970121
0.698636
-1.131256
0.984729
0.638975
0.000000
0.000000
0.000000
0.000000
0.000000
0.000000
-1.097031
0.537106
0.885612
-1.175796
0.596101
0.740198
0.000000
0.000000
0.000000
0.000000
0.000000
0.000000
-1.050546
0.933694
0.639885
-1.047186
0.876092
0.613377
0.000000
0.000000
0.000000
0.000000
0.000000
0.000000
0.000000
0.000000
0.000000
-1.349406
0.988667
0.737319
-1.403400
0.382198
0.866672
-1.436243
0.326617
0.862083
-1.373725
0.413262
0.863942
-1.430447
0.340624
0.864158
0.000000
0.000000
0.000000
-1.188143
0.618961
0.664681
0.000000
0.000000
0.000000
-1.135476
0.600138
0.674536
0.000000
0.000000
0.000000
0.000000
0.000000
0.000000
-1.149165
0.677800
0.666462
-1.298208
0.684436
0.819711
0.000000
0.000000
0.000000
0.000000
0.000000
0.000000
0.000000
0.000000
0.000000
-1.128719
1.095793
0.592627
-1.327903
0.696161
0.723902
-1.291628
0.778177
0.681983
-1.328671
0.696707
0.723902
-1.290283
0.778552
0.681983
0.000000
0.000000
0.000000
0.000000
0.000000
0.000000
-1.243053
0.833086
0.712272
-1.202800
0.753608
0.698821
0.000000
0.000000
0.000000
0.000000
0.000000
0.000000
-1.409152
0.526474
0.849540
-1.439319
0.489865
0.783118
0.000000
0.000000
0.000000
0.000000
0.000000
0.000000
-1.233497
0.853691
0.725975
-1.202284
1.033077
0.685690
0.000000
0.000000
0.000000
0.000000
0.000000
0.000000
0.000000
0.000000
0.000000
-1.168082
0.835562
0.620408
0.000000
0.000000
0.000000
0.000000
0.000000
0.000000
-1.136814
0.960858
0.689357
-1.160045
0.883125
0.629022
0.000000
0.000000
0.000000
0.000000
0.000000
0.000000
0.000000
0.000000
0.000000
-1.030165
0.591719
0.696042
0.000000
0.000000
0.000000
0.000000
0.000000
0.000000
-1.280195
1.000238
0.810683
-1.316783
0.883886
0.794076
-1.172333
1.338620
0.865183
-1.342661
0.873376
0.712449
-1.113046
1.368756
0.865183
-1.292559
0.859838
0.712449
0.000000
0.000000
0.000000
-1.049083
1.785410
0.742353
0.000000
0.000000
0.000000
-0.996965
1.830665
0.742353
0.000000
0.000000
0.000000
0.000000
0.000000
0.000000
0.000000
0.000000
0.000000
-1.170729
0.985259
0.618921
0.000000
0.000000
0.000000
0.000000
0.000000
0.000000
-1.213218
0.904462
0.745145
-1.251175
0.964862
0.697723
0.000000
0.000000
0.000000
0.000000
0.000000
0.000000
-1.352621
0.691706
0.710878
-1.442103
0.656625
0.800405
0.000000
0.000000
0.000000
0.000000
0.000000
0.000000
-1.150495
0.907105
0.814642
-1.230064
0.937052
0.662947
0.000000
0.000000
0.000000
0.000000
0.000000
0.000000
-1.142149
0.898917
0.757822
-1.199221
1.099087
0.585839
0.000000
0.000000
0.000000
0.000000
0.000000
0.000000
-1.009720
0.917235
0.810680
-1.162199
0.929555
0.740841
0.000000
0.000000
0.000000
0.000000
0.000000
0.000000
-1.511885
0.600620
0.714125
-1.579559
0.688586
0.869289
0.000000
0.000000
0.000000
0.000000
0.000000
0.000000
0.000000
0.000000
0.000000
-1.245511
0.612394
0.800251
0.000000
0.000000
0.000000
0.000000
0.000000
0.000000
-1.310919
0.672254
0.734519
-1.239024
0.800937
0.725333
0.000000
0.000000
0.000000
0.000000
0.000000
0.000000
-1.100606
0.782931
0.689086
-1.182048
0.859157
0.716299
0.000000
0.000000
0.000000
0.000000
0.000000
0.000000
-1.281738
0.509682
0.883437
-1.306389
0.655111
0.844934
0.000000
0.000000
0.000000
0.000000
0.000000
0.000000
-1.149581
0.715442
0.610920
-1.113327
0.928308
0.810932
0.000000
0.000000
0.000000
0.000000
0.000000
0.000000
-0.867164
1.116982
0.846673
-1.004608
0.909089
0.782038
0.000000
0.000000
0.000000
0.000000
0.000000
0.000000
-1.413826
0.669814
0.730939
-1.452606
0.679378
0.762134
0.000000
0.000000
0.000000
0.000000
0.000000
0.000000
-0.995989
1.345256
0.812591
-1.222219
0.890406
0.712577
0.000000
0.000000
0.000000
0.000000
0.000000
0.000000
-1.241076
1.005005
0.630227
-1.285754
1.188272
0.639800
0.000000
0.000000
0.000000
0.000000
0.000000
0.000000
0.000000
0.000000
0.000000
-1.079988
0.752366
0.685451
0.000000
0.000000
0.000000
0.000000
0.000000
0.000000
-1.248257
1.298066
0.386311
-1.257258
1.284257
0.356466
0.000000
0.000000
0.000000
0.000000
0.000000
0.000000
-1.432230
0.786408
0.730087
-1.405417
0.792429
0.724394
0.000000
0.000000
0.000000
0.000000
0.000000
0.000000
-1.245644
0.642773
0.904781
-1.233315
0.480482
0.884406
0.000000
0.000000
0.000000
0.000000
0.000000
0.000000
-1.165772
0.565515
0.615832
-0.955581
1.422508
0.821686
0.000000
0.000000
0.000000
0.000000
0.000000
0.000000
0.000000
0.000000
0.000000
-1.193065
0.832407
0.684632
0.000000
0.000000
0.000000
0.000000
0.000000
0.000000
-1.170832
0.825905
0.704171
-1.192171
0.972831
0.616782
0.000000
0.000000
0.000000
0.000000
0.000000
0.000000
-1.511173
0.340443
0.876186
-1.554337
0.336553
0.878730
-1.166054
0.497809
0.840320
-1.182066
0.541247
0.845213
-1.224912
0.560920
0.816782
-1.260927
0.603639
0.841133
0.000000
0.000000
0.000000
0.000000
0.000000
0.000000
-0.854021
1.267730
0.744600
-1.029548
1.187125
0.713522
0.000000
0.000000
0.000000
0.000000
0.000000
0.000000
-1.137575
0.874335
0.635957
-1.178730
0.958346
0.605176
0.000000
0.000000
0.000000
0.000000
0.000000
0.000000
0.000000
0.000000
0.000000
-1.205963
0.840179
0.820979
0.000000
0.000000
0.000000
0.000000
0.000000
0.000000
0.000000
0.000000
0.000000
-1.066086
0.955649
0.893113
0.000000
0.000000
0.000000
0.000000
0.000000
0.000000
-1.297731
0.684272
0.751116
-1.278826
0.735929
0.798223
-1.469912
0.722524
0.655212
-1.475048
0.890697
0.723436
-1.490848
0.727382
0.654780
-1.469347
0.906027
0.723830
0.000000
0.000000
0.000000
0.000000
0.000000
0.000000
-1.018774
0.544191
0.702093
-0.974201
0.816962
0.781370
0.000000
0.000000
0.000000
0.000000
0.000000
0.000000
-1.539568
0.456689
1.210664
-1.465572
0.541275
0.993982
0.000000
0.000000
0.000000
0.000000
0.000000
0.000000
-1.232720
0.372132
0.883482
-1.241532
0.426886
0.867687
0.000000
0.000000
0.000000
0.000000
0.000000
0.000000
-1.183229
0.711131
0.784107
-1.171655
0.738779
0.791268
0.000000
0.000000
0.000000
0.000000
0.000000
0.000000
-1.291952
0.779762
0.715408
-1.223949
0.854069
0.725873
0.000000
0.000000
0.000000
0.000000
0.000000
0.000000
-1.393295
1.022092
0.697270
-1.425793
1.062123
0.630395
0.000000
0.000000
0.000000
0.000000
0.000000
0.000000
-1.256763
1.171077
0.561481
-1.329384
1.107835
0.575207
0.000000
0.000000
0.000000
0.000000
0.000000
0.000000
-1.310181
0.548874
0.660762
-1.393775
0.498581
1.108639
0.000000
0.000000
0.000000
0.000000
0.000000
0.000000
-1.476253
0.514252
0.956215
-1.449450
0.646920
0.851960
0.000000
0.000000
0.000000
0.000000
0.000000
0.000000
0.000000
0.000000
0.000000
-1.206337
0.821457
0.668666
0.000000
0.000000
0.000000
0.000000
0.000000
0.000000
-1.456985
0.785525
0.761066
-1.448897
0.622637
0.782336
-1.198973
0.584117
0.815224
-1.235159
0.578463
0.796474
-1.161300
0.597225
0.815224
-1.200329
0.637720
0.794718
