540.108712
534.815780
541.090598
537.766646
532.632941
528.390079
533.760572
529.421388
532.877726
541.503040
551.253362
552.032840
541.580826
534.416371
572.110997
558.178591
556.317143
556.552716
550.656351
541.360066
543.124280
548.573733
559.641436
561.755745
557.697243
535.674153
525.103780
522.560747
527.429431
527.559365
529.077541
537.524464
527.875675
528.466174
541.972579
556.373515
540.314882
545.049936
553.676786
541.572472
523.340012
535.205892
539.307825
555.531134
543.674817
533.734888
543.620759
542.262350
550.533379
561.809335
547.746590
549.092258
551.721736
544.191953
529.621574
539.147182
536.572438
549.223035
545.376976
540.241092
538.001083
531.822856
529.947155
518.784658
527.265760
541.234795
531.353731
541.457323
553.452464
565.376767
554.274301
559.100590
531.947640
531.856375
534.357526
525.885658
516.368926
515.060545
532.594339
547.340921
557.185209
540.781299
558.595633
558.074139
553.538808
559.078141
583.803795
566.491381
559.050477
550.986944
552.134219
557.069304
551.086233
553.138110
549.656845
554.814439
549.133785
541.874085
542.190072
549.572170
561.063638
563.183548
567.209947
532.460605
528.671859
521.864647
534.565881
523.909153
534.447623
534.226021
545.105698
535.566332
541.259794
544.077630
563.639458
544.939035
526.027571
549.348448
544.835766
539.271603
530.100302
535.026911
541.554882
542.507290
533.157894
539.523885
528.785535
522.141641
514.927229
511.623230
514.939918
526.671802
529.967024
546.074338
550.129118
549.957817
559.408976
539.767715
539.606798
536.438718
549.756445
546.032489
537.825426
535.347237
537.782670
529.318770
525.985720
537.067563
526.630790
517.318046
534.506585
548.262199
541.241706
551.107025
542.787281
537.486769
548.097609
555.859475
546.654174
549.600168
534.004444
537.401074
530.728991
548.329133
537.087102
532.438614
543.212921
539.495782
524.145332
525.502663
530.609707
531.092054
530.355025
532.870044
547.823502
544.552571
538.909823
531.574200
560.239604
547.294728
541.327059
562.863596
553.349012
538.094620
541.654897
526.919929
537.512110
550.080895
554.680533
532.847665
528.720994
527.258727
522.250122
516.008519
518.782688
533.390310
534.296281
533.964796
551.099321
555.386768
543.288119
564.888191
558.847205
536.738337
529.422273
535.205892
539.450913
555.768451
544.629341
535.549126
545.904554
537.193582
547.916668
560.864540
549.434573
554.746235
557.031815
543.516843
529.397389
545.523010
541.478167
546.674107
545.763497
538.631845
539.921953
534.769696
543.306107
532.738496
540.819557
545.779602
536.516626
555.280074
562.781234
571.019756
562.257529
552.793688
524.769535
528.696752
527.162734
527.549651
525.543826
520.961020
534.941072
542.870345
555.400585
540.808784
560.007455
559.500291
552.947332
557.586818
580.838559
563.495270
552.927076
547.176401
550.379180
550.009387
548.244798
547.428529
540.599885
543.434885
539.179234
536.027019
538.841369
550.627891
555.123874
555.117584
563.969141
537.270634
530.004302
519.759384
527.092247
519.525241
525.796717
533.722465
541.938557
536.821332
544.746753
550.435294
553.858598
542.106922
526.554441
548.406167
542.929099
538.373352
531.531550
534.181696
539.807111
542.507290
533.266423
537.411481
527.916498
520.660128
511.648470
508.097579
511.692876
526.136679
524.714137
544.720863
551.747814
548.279679
555.355692
534.951184
535.509305
531.223399
545.801757
534.430104
534.468996
527.674676
538.184727
535.611974
528.376290
538.915574
522.938728
514.016519
529.414524
540.919820
538.548634
545.504843
537.035783
530.373277
544.926048
555.896635
542.412783
544.798781
531.110063
539.644228
530.963717
546.431947
537.055039
532.625604
543.872205
535.271628
535.803859
552.530006
547.496722
528.509496
529.679332
553.434958
549.016810
536.697488
532.310613
535.846944
536.962901
544.686378
525.530066
521.650972
519.903708
534.476625
525.306148
552.111834
556.289103
554.848458
543.520318
547.984573
532.849549
529.230325
537.188355
536.156801
547.412165
549.959536
546.822933
534.077654
523.068661
535.231750
520.624104
538.053976
549.222307
543.651080
538.206273
551.642482
544.670003
550.629706
549.624246
548.324367
529.287437
556.544762
551.564533
551.668366
548.407760
532.957142
529.351643
521.551320
521.844116
544.254857
535.465029
535.183760
544.727039
544.732931
538.536696
550.327856
544.672219
553.148925
546.610375
541.492935
560.209593
548.942158
545.840781
544.352045
535.629851
539.016887
555.282416
531.098489
537.755131
537.501956
536.375690
539.626754
528.799337
538.274624
540.128034
530.072946
532.950303
562.403901
548.149247
536.155869
530.917083
534.399585
531.303784
530.060118
528.753580
545.722470
540.992964
534.226764
530.171673
532.337250
525.693254
536.148205
528.517089
541.249510
538.378540
530.814594
525.589222
536.136420
535.008838
543.405322
557.365989
552.223762
550.627987
551.959270
546.162304
548.636939
552.341082
556.590539
549.986159
540.832651
547.688519
527.172064
526.542442
518.850415
541.187757
530.615046
529.945139
543.886694
543.330340
520.583371
537.030186
524.383748
530.037749
545.183019
539.380435
544.497682
546.131734
559.168458
547.245386
558.606389
548.413118
545.029355
565.418163
552.458193
534.986556
540.037298
536.317471
532.997023
545.210115
533.604082
542.118501
541.795519
539.963717
533.699073
541.387580
523.478545
536.621267
539.261574
547.109347
551.200664
560.223763
559.258924
548.907007
553.695432
550.949826
550.940648
544.332221
539.337603
538.711636
534.781382
543.628282
529.359675
534.420229
558.196193
548.536915
533.129048
537.197602
544.232705
541.326528
526.850362
521.095265
534.253573
532.741754
543.179675
532.506605
534.329588
528.064088
539.938272
536.332160
554.090487
562.576793
556.357358
538.263143
547.342267
531.380185
525.035469
527.832664
528.646914
546.302930
540.494497
547.718669
534.884063
524.679301
546.921904
533.441695
543.953827
558.759176
544.476710
541.915255
552.476083
544.790921
553.031973
556.333420
552.252900
529.087170
555.082793
554.912016
546.571345
541.691500
527.803999
522.936233
513.619119
518.913159
538.135251
530.046007
539.161466
544.478479
543.806314
542.966593
556.072471
537.614514
541.016997
535.512228
537.133561
549.946431
542.178628
539.494548
541.873255
527.651151
524.723837
548.956709
535.840215
543.729539
537.679604
527.932270
531.714478
533.623181
538.713727
535.843872
521.433385
532.950303
562.334793
547.761577
536.159266
531.880230
533.350267
531.627942
527.862808
528.508526
540.095838
539.208036
533.701209
522.039102
533.293444
524.425356
535.759995
530.548381
540.221786
540.176837
537.000748
529.368207
537.129911
532.807511
537.533765
552.521946
553.941682
547.382169
556.607118
549.845711
558.794939
553.976186
556.239059
549.487607
551.369331
548.671746
530.452611
530.628516
524.228660
542.072572
533.849560
535.783330
543.886694
544.776227
521.865473
537.157810
523.787377
528.389666
542.894486
536.037806
546.200798
545.584692
554.983056
547.318739
557.246091
545.013768
541.962101
561.700434
557.016397
541.191246
547.872467
538.792508
537.115388
546.742218
533.364449
544.311683
539.200125
539.233455
537.739910
537.711525
526.269280
535.519311
538.100668
545.561179
550.160543
555.327702
562.046633
547.762442
551.944321
550.127468
553.216067
544.265153
537.895957
532.986941
540.987614
529.868123
535.020783
545.859163
551.473139
537.741943
520.926165
510.771284
534.863367
534.622830
539.581364
548.342594
546.518654
537.929957
538.399738
563.487335
580.326550
557.304726
540.897314
544.716158
539.658287
538.489421
535.946750
529.828710
537.245084
533.399178
527.862395
529.232751
544.799324
535.636167
539.859588
542.516599
540.020896
544.514577
549.858614
548.275789
541.835196
532.697096
529.892352
526.525079
542.438687
540.621707
555.685142
547.431000
554.911874
551.243598
546.782368
537.965847
531.089720
535.075541
551.715393
536.344002
530.340473
534.163390
544.845976
545.927073
554.696224
544.879089
564.347949
552.344607
529.027221
552.959757
539.535890
539.656010
546.353605
541.164415
545.882015
546.050645
550.463333
545.859221
546.720485
532.511465
542.590571
528.743591
536.635572
530.883567
532.116988
545.311041
554.838008
546.561637
544.574399
530.820606
534.798121
545.999205
545.800141
548.811841
534.301320
554.842149
550.145104
541.640383
540.366972
545.521566
542.644965
558.986353
548.802609
543.155744
542.177485
535.124909
543.444968
548.572183
545.171811
538.476365
546.562669
539.321267
554.422793
564.303378
562.746236
551.927770
548.502332
548.984756
550.330601
556.791114
569.268359
551.533294
536.652194
525.435898
527.396314
535.137866
526.489825
530.334596
532.174897
532.661387
549.581104
561.211266
550.793852
536.088002
540.811919
533.916043
523.634170
523.257683
527.938672
549.745767
550.623989
543.271732
547.266937
552.287021
556.226580
555.089383
545.944149
548.561389
528.325788
533.464268
530.200567
519.819120
514.631449
521.678420
520.945630
524.154525
536.930211
538.622348
549.118258
537.752413
528.206002
528.255147
527.778352
521.606993
525.155140
535.811068
538.018112
531.562142
544.953209
546.558956
545.964085
532.071622
539.063771
534.889269
539.576917
556.514018
565.590914
549.179128
524.635925
506.661275
527.655575
529.999269
535.574227
539.925580
538.574618
535.267194
542.220790
562.550258
572.630907
550.330512
536.684810
531.058865
532.554117
529.791679
527.578675
526.707875
538.484492
533.472440
521.467912
513.722554
536.433476
533.973764
539.997709
542.708987
539.487692
547.853259
558.537958
551.466351
552.446260
548.498109
553.525827
540.466750
540.128636
540.011355
558.396502
550.184791
554.686397
551.816499
551.915596
546.633906
536.461556
541.319708
555.388323
541.571556
535.278908
543.776219
557.351765
552.370447
552.389300
545.358620
562.889146
541.405651
523.535992
551.797238
537.609647
543.318172
549.444083
541.708785
542.788051
541.080060
547.376226
551.040636
547.882627
541.956402
547.888402
540.739086
538.636601
533.258335
536.773248
549.405900
563.328086
542.415976
544.815147
530.820606
535.874095
546.469474
544.982732
547.751800
530.542079
545.551215
536.740592
540.313852
534.400819
537.644491
547.109725
552.132548
551.580105
534.875962
535.121085
536.605071
544.382553
555.766408
552.302812
539.159166
554.988132
540.969299
551.147087
555.493195
557.884379
550.176494
534.181667
536.608621
544.197038
556.414192
564.837534
559.952302
538.882135
525.031660
526.405266
537.305965
531.054077
521.662886
522.483367
529.729924
549.035475
561.211266
551.986467
538.291656
543.638667
533.941543
525.375620
526.594199
530.498012
548.680097
554.176127
544.564108
543.731745
556.216492
558.008624
557.595308
548.009307
551.720410
531.074066
535.860796
527.746913
520.688501
514.233578
523.894305
523.214570
525.663669
534.601246
535.523982
549.037512
535.669853
531.779947
532.962523
528.812708
523.690547
523.558032
532.609739
534.262169
531.067524
544.785126
542.374139
547.352556
535.771327
544.027996
540.932604
546.619401
550.426448
559.458105
546.659954
545.048388
545.412006
533.810503
544.317737
533.348808
533.969061
538.034287
537.047898
544.722315
560.144304
528.722037
528.741619
520.284837
543.242350
557.862601
556.895895
554.730327
552.677240
545.246849
550.354295
545.834240
529.017732
531.002112
531.799345
515.968143
531.161865
528.822010
533.887143
540.628293
548.913371
542.857964
539.236686
543.028404
560.165396
540.115248
540.651049
536.961817
546.727020
542.307305
540.299419
537.789810
531.491960
539.705682
526.958289
527.196275
537.182563
538.568294
527.490556
551.512282
545.214302
553.419075
553.650973
532.767016
544.980756
542.322359
544.089282
535.686086
551.221954
551.121762
550.119897
547.891144
535.953572
563.420450
553.187090
543.612064
545.780666
547.327631
549.785678
558.003847
552.205630
540.502140
536.955630
551.061736
563.270500
558.824583
546.143847
540.300591
548.581381
542.509895
548.345405
535.644028
530.916552
527.456104
527.375997
529.586239
530.599173
528.849083
536.877361
538.348463
520.711060
524.940395
549.056981
541.831044
529.153888
540.593820
535.707153
550.787125
549.857633
543.050031
555.730133
541.590089
546.270744
541.212505
554.116250
555.204293
566.136063
550.549277
543.850218
539.107214
523.534533
535.080491
530.649949
528.989792
552.217053
551.103262
542.817494
542.349906
530.065291
536.019040
529.271429
525.831136
532.265621
547.450934
547.582783
524.937661
539.283850
546.130347
542.431636
543.875479
538.967265
531.821983
551.695878
528.665036
541.579610
531.995058
535.183689
536.912545
521.653638
519.584658
530.554598
541.283069
541.093531
554.635223
558.246225
534.124154
535.913867
533.570488
525.939923
540.852562
545.571025
561.066594
548.119395
543.549725
550.056708
558.345769
559.015659
562.201652
540.554829
546.511306
543.027932
545.127833
547.884306
558.964486
544.748449
544.020905
552.458478
538.875505
553.046596
537.155665
537.281268
544.670468
534.236915
544.140837
554.374573
530.042895
540.764687
542.835862
554.222953
566.255303
567.489126
571.340200
563.074558
559.084829
555.825154
552.670507
553.288789
543.272269
531.747546
519.847842
532.945645
521.265801
531.544150
548.034165
558.076783
547.500435
542.555957
538.044451
553.294210
538.087234
539.752830
534.191687
541.979804
536.731222
533.192930
534.029849
533.882974
537.967867
520.881401
518.800349
533.655104
536.808956
519.016602
544.488008
543.507891
551.517970
551.948796
538.434756
542.613677
541.756263
541.505862
531.899410
554.063159
552.560424
553.812896
547.200475
536.840133
558.302174
549.626089
543.449894
548.054383
550.490157
559.551101
550.326622
547.986709
544.997511
535.776299
545.903863
562.755319
560.718593
545.687120
543.792655
549.876477
541.889408
547.906388
539.704608
531.848585
527.189027
528.524218
529.735832
530.628344
523.512947
533.969527
535.420969
511.721239
513.444740
542.791568
537.755733
531.765168
539.926904
538.407773
548.831443
545.268856
543.949452
554.081711
538.919533
539.784860
536.159056
550.473021
544.851450
555.505508
544.342095
543.167841
544.844388
534.358953
539.977465
531.111240
531.760000
547.131214
552.486709
545.241314
541.473046
530.783218
534.328451
525.619168
523.755897
532.692281
547.439926
547.737492
524.559936
539.044651
544.285034
539.828137
541.096584
540.031776
534.204115
551.430700
527.522568
540.195028
531.812734
534.822426
532.829424
518.601489
513.858591
528.917049
539.884399
540.544055
553.761878
550.679761
533.056552
536.623188
536.535287
529.269137
540.706368
548.472534
556.056125
551.748186
545.564273
548.760915
559.300085
554.918473
557.295830
536.328040
546.104635
539.547718
530.471808
541.627414
556.267549
558.725027
544.520984
547.422150
551.076549
553.119408
551.942144
528.069216
538.431190
540.287925
533.054901
527.306239
542.261741
539.616545
550.670767
543.426873
553.861225
541.863898
555.781166
536.907837
529.681464
538.788792
540.567985
529.939256
539.255953
532.649278
555.041554
544.133487
550.016104
551.545124
543.480245
535.722168
528.281989
524.913354
533.930190
537.879334
537.658646
537.682238
542.513045
561.407664
550.472927
543.417082
547.002581
545.859855
541.949941
551.637927
534.424806
539.829870
534.017253
523.451158
529.178615
542.884927
554.650006
552.081142
536.712641
529.600783
529.201198
523.452428
516.098931
533.941262
523.476847
529.378093
537.621632
531.268118
528.828020
535.061393
538.041194
553.773569
530.001873
530.542429
531.988097
532.890253
550.121870
556.763524
566.549811
565.106768
562.231172
535.573810
536.158536
531.126722
533.842303
541.202997
549.218290
548.997465
533.744877
539.472764
545.879217
554.156632
549.810519
549.521423
539.691491
524.279893
537.853657
535.586607
534.943855
548.328353
547.241096
554.487826
552.551887
529.649832
527.130019
534.421304
550.302635
558.397470
544.883529
535.866877
535.457373
542.102754
541.584404
541.089882
544.019856
537.564553
543.262485
542.715820
550.771276
542.016648
528.534506
519.485925
559.816856
557.140143
545.542743
534.026307
538.618484
533.962492
533.953132
528.041009
528.790457
560.648517
557.016459
544.756927
541.187767
540.831308
542.312765
538.655678
537.517972
546.650528
549.433222
560.480466
544.157808
533.609307
538.628264
542.880141
555.153868
551.920786
553.664066
563.363875
562.697777
551.978061
542.425789
544.598265
540.580828
536.989912
545.709142
561.683881
550.711502
548.991257
554.909639
539.502812
536.938589
533.885115
543.680384
542.366841
536.587102
551.529019
554.943544
557.253874
542.734126
543.647632
547.015341
548.968036
549.457133
527.089267
536.105724
535.814355
535.269977
523.852508
528.401228
523.727596
538.663064
537.530829
533.573658
532.024333
553.855251
537.325450
540.235415
536.181535
531.256897
532.631451
532.529162
539.903577
557.373511
545.375491
546.840935
564.142883
553.484271
553.293465
542.367731
538.354412
547.057880
546.882338
537.658646
537.670656
541.694613
562.777327
551.281201
541.085124
546.926755
541.833711
537.559415
552.211155
539.264147
534.258747
522.216538
522.311138
528.465499
539.859793
551.362456
550.433179
533.759254
526.777743
516.658115
527.286321
526.593326
539.859029
526.791074
531.349011
538.397386
533.178578
532.751620
533.617174
531.892293
540.324743
521.314946
530.148271
530.600150
527.898452
549.530073
568.645573
579.946348
573.116046
560.528791
535.782849
534.963790
535.636068
537.882738
545.759094
552.731769
549.759454
536.484185
540.835327
549.061442
555.464555
550.733398
555.786972
545.093301
526.189368
542.221202
540.988019
547.394190
546.009471
541.701932
552.716614
545.326048
522.837226
532.710454
542.712076
558.132593
560.099522
549.108215
537.730171
536.832639
543.814554
547.216828
543.618167
544.572805
534.871389
539.226767
536.634040
551.608823
549.454395
530.242038
528.136981
558.347476
557.342429
546.514434
532.713773
539.519716
533.747318
536.340242
527.337396
530.144918
561.699037
559.370203
544.653655
535.074202
536.215668
535.829857
533.927679
541.338424
548.110169
552.068721
563.933965
549.630258
535.707703
538.198233
538.725111
545.495590
544.953153
551.437662
555.258087
561.457960
552.438653
544.388470
543.879956
542.842990
541.877279
551.137617
564.959972
552.991987
549.362996
552.306899
542.294818
541.234572
535.889549
523.148507
543.374888
538.890368
530.662387
519.633278
531.056569
533.090811
542.710917
534.949895
550.625597
547.183782
548.565397
552.089437
536.481756
557.461427
537.034962
533.613445
541.712239
540.520456
552.597404
554.307339
558.346097
549.498474
555.312551
546.146766
554.836565
558.352608
569.770139
551.480484
556.517029
564.482371
556.524416
552.064644
554.226395
542.179639
536.641388
546.170073
547.532882
545.828468
546.183729
530.359823
546.413668
547.201290
547.963357
566.432736
549.417291
544.488303
541.830227
538.886130
537.506980
522.474263
525.696336
531.302649
548.465243
527.514228
538.514299
547.940533
532.120789
540.907423
539.306438
544.180215
555.506618
541.701277
555.339339
534.696810
532.967691
541.398445
538.653078
535.377686
529.666196
546.315489
541.449957
554.316411
537.103323
536.135922
549.191376
546.929338
544.007234
555.227954
557.503360
558.872720
514.759814
516.641954
527.752830
533.023820
543.644007
537.616008
527.879848
537.452237
540.897978
536.608021
544.806103
542.764457
553.288156
552.710910
537.515193
546.321044
536.907498
532.070270
547.209612
544.282530
539.407861
564.017087
551.414366
553.704958
558.752333
549.270248
549.431155
542.189835
537.763330
544.645636
532.218953
544.238698
530.057713
538.831817
540.435011
549.376475
557.858778
536.932337
536.583561
529.129718
543.405851
542.277969
535.840287
535.324977
554.225802
539.180668
545.966498
546.026004
539.346433
544.306905
553.179953
559.911466
544.390949
529.371635
540.833699
550.623036
548.806978
547.303856
541.856814
538.757097
545.269781
544.956128
553.912654
556.429349
559.270436
549.992000
542.159314
536.092306
540.730285
545.960822
551.766709
533.374605
532.101001
550.741504
549.651051
547.671159
544.672449
535.396401
524.151714
528.813883
536.080693
536.055314
535.144583
522.910221
542.721040
539.768688
522.823398
511.232969
517.616987
531.771637
538.296596
522.797906
544.443502
540.604758
548.532772
547.551861
537.815505
558.184179
550.939959
545.654854
540.496644
545.825773
556.935397
554.013114
555.589069
545.199620
551.881560
547.977000
554.347662
558.863747
568.010468
549.522535
559.556829
553.487996
548.086841
551.196508
550.099737
544.389117
539.818170
537.464594
537.434333
536.913536
547.407886
530.147335
549.907315
555.779370
552.124984
567.241662
547.747830
542.864477
538.900137
536.953234
538.018244
532.484534
541.888158
552.024516
571.215119
543.007939
559.029942
565.640988
552.652898
550.732092
536.977163
543.741733
556.933147
543.476017
555.052474
529.187552
530.468609
535.838800
538.536682
534.119735
533.913679
548.390784
541.749612
559.413253
556.927179
548.929340
554.014176
547.913093
547.411957
551.299329
549.879448
552.310435
517.502521
520.666871
531.243598
538.597738
546.680947
539.980160
530.071828
540.002575
546.381670
540.504682
538.794264
536.234244
546.231897
545.535275
530.472103
542.693907
537.682218
529.392390
548.335088
543.522822
536.753406
570.371414
562.222272
565.303264
560.690501
545.540034
543.473585
533.385848
531.430507
536.905570
528.582562
541.644713
531.289047
530.342671
525.533146
545.226715
555.901626
539.231481
534.848451
529.039025
545.157880
542.277969
535.840287
534.966932
553.658242
541.468416
544.258789
546.181034
536.237325
536.539691
551.555354
553.425850
540.603837
530.599849
542.851885
554.561827
551.483425
552.651213
543.818897
536.189967
539.225413
537.796885
558.269860
555.627786
561.181039
547.751685
544.710098
539.179131
540.753567
539.762724
544.713028
533.343923
533.898057
550.828791
560.616781
555.549662
553.593296
546.070556
535.481320
532.751892
537.154093
542.060861
531.354216
538.662983
550.617627
528.437536
532.716066
545.468775
542.881547
543.932008
562.290624
572.299552
548.326045
548.107180
530.351668
549.055660
549.188711
556.727283
553.838702
553.250509
544.590997
558.124703
547.568531
548.547048
546.626853
538.156126
539.135816
551.379233
546.177020
555.128336
554.368752
552.226922
544.270094
541.603645
561.627323
541.548937
531.738342
549.841216
540.574374
544.765826
541.930209
551.168732
545.261978
543.568824
536.887955
547.706933
554.562935
563.197173
555.798703
560.967876
561.739297
557.083667
561.097976
556.176177
550.307114
550.500296
539.143565
543.744238
540.026245
545.886479
553.318768
549.420672
540.832647
536.763236
553.602127
554.003601
546.503681
554.279837
545.271680
545.930074
553.791388
545.600491
549.785638
546.783702
542.726046
528.960246
548.046629
560.468189
545.340752
547.652953
536.455355
545.124572
542.864832
538.238209
543.662505
560.039821
556.685838
562.448187
547.890795
551.357782
548.754465
549.688470
559.694741
561.151661
539.751140
538.655034
527.173757
548.121697
557.205537
554.356452
564.295099
545.303914
553.299936
549.038789
539.105301
537.512312
541.022011
559.839806
554.052435
550.123504
559.400305
561.072912
547.915770
541.815570
545.004114
560.486884
546.135583
539.063590
538.420512
530.367440
549.921647
542.571957
537.075317
543.268315
536.775850
543.690101
552.149117
542.521202
536.488232
543.971257
527.184580
526.268454
515.761575
520.343021
536.307741
540.884979
561.266262
570.694529
551.407044
554.176128
550.965301
545.762409
536.982571
535.911133
534.048851
539.489095
551.008929
545.217139
521.535368
532.129750
525.570192
532.573170
539.391405
541.825536
526.784035
532.796416
535.684884
534.871720
523.831334
526.772727
550.952838
542.166978
548.816027
549.927060
548.947967
544.162673
533.709240
539.103081
555.258417
532.650942
537.916861
544.568478
541.269491
544.703684
557.879284
562.814940
542.975692
540.583296
528.050741
537.824317
536.925422
543.255585
552.643572
524.885752
529.312741
538.664506
533.069823
549.479374
546.355276
546.722965
544.766364
542.433761
534.176660
552.014055
546.365256
546.254053
547.214446
540.403995
556.522949
531.943426
524.879334
543.522442
536.967696
537.548404
544.571712
548.869103
546.778219
541.437481
535.442909
545.531103
554.818769
561.822768
553.194383
556.853454
562.047602
556.511429
554.097567
555.330469
556.019436
557.906839
546.601670
551.490237
543.233975
544.965439
552.754707
546.105581
544.799649
545.576178
561.541982
559.600616
546.700694
553.550964
548.226305
550.625993
550.704063
544.966346
555.881768
544.238008
540.844893
535.833813
546.484491
559.928261
542.663258
548.092315
537.127720
538.457677
538.108679
536.493701
543.662505
560.315556
554.926784
559.141381
544.343246
548.406457
548.675615
549.760406
556.522102
559.124204
539.516936
539.170531
530.579958
551.608959
554.467754
548.521686
568.408919
554.472442
558.937403
548.776659
540.235217
535.171259
542.777944
550.952778
553.902123
547.179041
562.380748
561.807931
543.089209
536.679093
547.384590
559.110752
552.159973
545.380717
542.106135
530.917703
553.342420
548.439248
539.680755
547.654079
540.526707
544.803267
551.841472
542.482221
536.110645
544.643308
525.164963
526.445083
516.049678
525.549645
542.533352
547.640044
562.165322
562.325024
544.910345
547.488522
545.285294
550.170426
544.615575
544.090465
543.250075
548.014463
552.834130
545.080910
519.196977
529.684689
527.502083
535.106748
537.659530
540.889560
528.483583
537.062214
537.442020
536.755350
525.628624
532.362304
555.767979
539.729730
543.083811
543.423033
547.236136
543.760738
544.977922
560.920771
581.162855
551.460622
561.410410
556.586883
547.657298
544.901183
547.499088
533.943580
525.204325
526.466172
547.526075
514.575035
507.142745
517.918516
529.629326
523.126802
541.202690
543.431574
536.895546
535.657075
546.390781
539.146569
528.728584
544.204439
546.479912
538.860683
540.786990
528.109032
537.127997
539.831050
539.554909
540.639771
536.426785
528.291400
530.834598
534.589728
552.598078
546.594366
541.775955
542.261086
529.349086
553.688589
560.351497
544.136405
544.479157
540.262615
559.274161
552.448460
552.378071
546.032277
537.785096
542.139168
545.980911
544.235831
553.579984
563.660873
552.431457
544.895455
543.737676
542.020856
537.222735
534.947107
532.565925
543.711712
542.653325
559.414829
567.102478
532.379466
542.304915
541.492238
552.785880
533.753797
516.665626
519.749510
517.558887
530.113469
541.045668
538.217930
532.807050
532.138484
549.123550
547.566484
554.128886
549.487006
550.504116
550.906320
542.984961
541.755644
533.881096
529.098749
543.267549
550.401526
551.270425
545.473113
544.458881
540.601829
543.891571
531.592657
533.366320
552.236919
547.150038
540.604228
547.501477
532.225118
528.008852
532.141256
524.043070
517.367478
524.114715
527.550076
541.152534
537.566741
550.138094
541.515944
538.467143
529.871844
522.763901
539.703004
537.679755
536.981762
546.738466
524.955538
531.053168
529.145100
533.051957
531.458827
530.401359
546.844885
544.468408
551.627439
547.937495
547.437197
544.366530
550.480782
538.243819
534.317599
543.856653
548.084425
543.503262
567.177490
564.806106
557.716267
540.743047
539.066722
550.684759
544.913670
539.902510
538.618005
551.077306
550.022293
543.942907
553.241593
543.734009
546.085464
540.229930
529.813210
536.155319
542.921712
542.142592
551.014940
544.777698
551.801556
546.285370
560.659950
575.224307
549.671875
564.785490
560.858525
540.962792
539.103646
542.869584
530.749558
522.466341
519.291071
537.965432
518.620872
506.394081
512.463905
532.012522
527.251928
532.521615
534.586710
531.861815
527.878009
538.036710
527.093653
526.645846
546.740184
549.983936
541.997969
550.310122
533.217744
538.806150
537.337147
538.233796
550.758931
543.014030
542.736640
548.355971
541.109293
553.746809
542.065237
534.103370
537.474324
524.591882
545.630683
553.538597
537.528485
548.296862
547.694834
561.686317
554.464526
556.718761
548.550898
536.645173
545.083493
550.173768
555.748906
569.693880
555.535911
550.117607
546.092066
545.588825
541.744319
548.928880
549.070482
531.460130
535.359797
537.896705
545.100855
554.696785
537.030119
541.361528
546.939358
551.441049
533.430748
521.492481
517.519104
522.131593
521.616093
529.117412
525.077010
522.717017
525.698533
548.768774
545.476555
547.438927
543.824257
548.846754
550.956760
539.204096
541.185262
538.863302
530.665627
546.688138
549.716185
552.899255
545.689204
538.519014
540.227526
545.182406
538.292234
533.042796
553.258973
548.159908
536.158408
546.816361
544.209046
548.309561
545.189652
532.741151
530.928977
531.921274
533.417863
542.821615
544.304000
547.320621
542.218156
545.779191
532.425458
525.311485
541.518756
541.279518
536.487144
545.031424
526.710001
529.019600
524.656456
529.510029
528.345687
532.486590
542.609552
545.860336
555.213641
551.468846
547.139502
544.312805
550.015662
537.530971
529.832424
543.824064
543.262631
545.942817
571.018650
567.160640
561.723104
540.298737
532.097215
547.378090
542.847364
533.240995
535.561420
549.585144
538.295601
539.627654
545.944366
541.047183
543.044082
540.370093
529.053793
531.726931
539.534132
539.496701
548.991292
544.097697
555.820256
558.888056
568.211011
563.652232
560.814239
552.060845
553.657738
548.702530
546.972825
542.146393
541.764549
540.691800
546.494222
539.017773
537.986874
554.726444
550.040795
556.126429
553.473360
555.178114
564.947845
576.714762
572.097938
567.809221
553.742848
552.797400
551.345698
546.265986
539.636190
543.079392
540.151466
533.048077
547.435210
540.516993
532.968059
531.615827
528.303560
544.043952
536.476424
531.292397
523.162443
535.310808
558.883886
557.347990
570.416585
564.139648
556.298272
532.549343
543.735338
541.072704
547.378537
533.792307
544.868094
528.479119
528.737073
538.037726
538.920864
534.194700
516.727199
506.768344
520.672150
530.345745
529.821647
519.811230
539.160707
538.859167
543.420471
546.121636
548.585544
558.042751
534.384212
538.180308
532.595724
523.465612
532.092513
536.868666
538.747856
541.287163
534.602503
542.943368
543.815552
552.043690
546.833539
545.013016
558.283575
564.783142
546.684095
556.375178
552.788079
540.672506
548.444098
543.563162
554.033608
525.487528
539.101531
537.448849
549.470996
547.395235
543.825189
545.171487
545.350677
547.913674
546.897735
558.015314
533.746725
532.322553
538.865476
545.492968
540.910412
533.914616
546.645065
556.686898
558.383178
551.317302
549.344783
547.238542
560.365152
562.059021
551.587673
550.467497
551.511722
547.918817
542.021797
542.807715
539.388022
537.423509
557.668167
540.349318
548.645788
543.659874
542.705728
549.110746
548.014069
538.972380
548.035390
529.817908
531.555220
531.453644
527.274408
541.289927
543.944513
541.461239
540.816530
548.274711
544.321334
534.376763
529.682044
556.621308
558.838300
569.402834
565.548945
559.398135
553.603737
548.631663
555.477801
558.300784
548.539182
539.802060
548.525101
533.471240
541.822048
560.381193
546.466095
555.701251
572.231878
556.465255
564.194586
555.653456
557.891992
550.067638
549.390191
546.425979
543.872292
543.339681
544.252526
534.635783
539.839030
536.495616
542.064044
556.615416
547.933885
555.562909
553.911964
553.193412
560.025846
571.390783
561.276613
558.351278
547.603221
549.913899
538.432041
535.183249
536.140718
537.813338
535.964558
529.483095
542.241589
546.185747
530.528010
525.245877
524.900215
537.205843
537.704353
537.453283
525.754969
534.062760
559.633437
555.235227
566.829956
564.293184
554.445199
526.594604
536.350778
532.332149
538.977033
526.663710
538.660722
521.320132
526.241024
535.052473
538.312366
534.504202
515.812941
505.672898
519.279500
529.639560
521.885091
504.879323
521.197800
525.844517
543.976613
542.375610
543.465346
548.173874
535.293671
540.116072
538.139950
526.857221
524.546656
540.575440
535.106524
529.932408
528.476652
542.572254
544.945877
554.982936
544.313077
545.390472
559.617270
567.408652
549.061694
559.906723
557.650825
546.835008
549.664123
545.278219
553.957038
524.868814
538.269919
533.121606
547.330633
545.770929
549.145265
546.666832
549.738229
548.312202
545.386850
551.701257
525.864267
521.521170
536.170458
544.368287
536.372624
536.964983
549.036075
564.480420
566.168766
551.821074
549.404274
552.056237
556.463013
555.405487
545.375104
544.348006
545.584865
540.547517
536.560573
543.753891
540.509769
539.482441
555.114553
532.676695
544.184949
543.450804
541.131134
541.441938
541.019996
536.321562
545.310900
526.654393
525.874707
526.750748
527.171438
536.543013
545.489081
544.445862
538.114881
547.744344
539.358992
532.653231
531.697297
556.401738
553.968032
567.817193
558.659048
552.720195
551.853551
546.694420
544.938425
549.834187
557.453667
545.152000
549.070996
535.347960
538.522147
550.638358
542.434127
556.852216
572.305160
555.406425
568.855456
582.859060
563.838297
538.939138
537.300438
550.984375
550.718313
543.901947
541.239503
552.655239
538.027813
529.607214
543.818410
547.231194
545.724721
548.373461
572.460830
575.185452
561.263622
544.539465
566.139815
546.168928
560.548065
542.429797
554.821726
565.983508
545.527023
537.585215
535.862842
531.214628
537.676231
540.368036
547.526370
546.446917
570.323289
557.189729
554.160331
548.437519
550.901467
528.213945
547.936832
530.135453
534.456848
538.223321
539.925189
548.467836
539.645362
551.021287
548.000937
540.365265
542.692213
544.327943
537.831576
534.627819
543.953412
544.791351
538.055322
543.237676
545.765409
538.782899
547.363241
524.715975
527.496660
521.937802
545.127158
547.601588
531.925828
543.210929
545.464265
561.606371
557.046082
549.650842
549.126317
554.328936
538.240719
517.087275
539.683052
542.702766
536.372016
558.972226
552.286405
530.299169
528.330123
536.383398
529.919782
536.453366
551.305093
555.123811
551.806163
541.280481
541.458362
528.124533
544.567290
541.528915
558.567549
536.092106
533.353674
538.550608
543.278474
527.389709
525.584590
547.331449
530.627541
532.803192
522.249344
530.135286
536.482007
535.438583
532.204286
522.038920
524.104733
529.042704
547.778378
552.052597
538.775244
544.137229
550.370401
543.318127
543.692297
554.966205
557.243624
555.747316
537.840763
530.761152
535.067834
536.761945
551.831280
559.316620
546.701251
527.580024
537.699040
523.991550
527.108146
532.879622
518.808504
527.805949
531.271469
528.089666
537.021559
547.972996
545.327146
542.387641
540.501788
525.016624
548.274141
540.401793
550.064819
539.624718
530.826636
550.681010
544.853778
536.603904
533.330111
539.278004
530.564027
551.378380
558.055529
554.070658
548.687395
535.458501
536.607694
533.206143
538.945716
556.259341
568.908188
577.458605
561.078132
533.947333
536.738283
548.972046
553.855471
540.372540
543.601972
553.466779
537.342330
537.317591
540.743811
545.756301
547.002130
549.325630
563.522446
565.453615
558.312451
541.971850
553.487527
546.997537
552.182448
543.021203
556.327632
564.433936
548.751221
538.647507
534.707793
519.859774
531.306740
529.530252
528.115832
545.635538
562.640280
549.338339
546.214625
545.950649
553.472322
533.838610
549.074872
529.950704
533.622133
534.156872
538.789911
552.561413
540.431482
551.146494
543.104009
534.875098
539.121097
538.664230
537.405571
535.446962
540.969371
542.201607
527.882431
536.005547
548.180032
550.835795
552.295786
526.441278
534.125200
522.691696
543.417743
547.172350
534.016371
546.744443
547.805372
566.667662
562.719881
550.507060
549.945026
558.416519
545.196010
525.952993
544.899607
542.224973
537.464799
560.481977
554.652841
527.250263
523.619274
524.324300
520.128704
524.578741
542.112732
545.369547
547.446684
537.117695
538.412265
523.002566
540.584337
546.544990
558.359493
534.678713
527.528668
530.828488
531.679445
521.993015
524.606194
549.771840
529.024300
527.213725
528.557682
528.703459
534.443626
530.340075
532.173553
521.908051
521.221183
531.722149
549.405081
550.468880
535.294211
544.707878
550.938872
542.308590
540.628015
549.810997
550.595082
549.291817
536.839720
530.761152
533.173938
537.290767
551.142323
556.670776
544.354066
522.364756
524.411304
519.763598
523.682118
531.765860
515.867722
517.701422
524.913041
524.850348
530.406926
548.461739
544.166761
543.921870
544.073433
527.332517
547.371880
549.369604
558.292754
538.120671
533.788709
544.159327
537.883051
539.909266
534.039676
542.447863
530.863343
547.395590
559.646016
549.416052
547.538713
537.396944
543.630174
548.295780
541.570345
537.656708
536.074871
534.379986
533.748399
520.882638
524.612350
526.565150
526.397016
523.902345
536.170389
539.996894
548.635556
551.301406
538.137298
543.912408
545.601941
544.442370
541.503157
554.821752
536.338283
534.512568
548.914562
539.784829
544.535170
552.030868
548.668605
555.397943
542.361030
542.998686
538.329800
544.989401
542.024260
545.701971
546.094449
533.103290
527.427386
528.124852
543.272362
549.142525
549.386401
541.637547
532.989625
531.662146
526.683788
549.582550
555.100324
546.259229
532.403810
545.266977
543.761881
551.094087
550.905955
552.745475
546.511769
547.444018
538.058655
551.286055
541.703741
533.566045
527.125664
541.452533
540.917635
538.822297
541.746267
551.059802
559.413628
550.827614
550.328883
551.077391
541.668602
546.301979
539.486017
536.089732
549.643640
538.671528
537.521103
546.346820
556.532912
540.356824
548.839569
539.778218
527.120132
520.184329
528.581855
541.955645
532.549617
551.481959
541.822466
562.964965
559.265221
547.231813
560.597825
560.932149
546.781444
549.630321
552.999486
543.421655
549.653869
528.493508
542.198829
540.709978
540.472449
536.002075
514.880191
522.518686
517.072581
540.448441
533.450529
533.550680
536.953681
531.663425
549.421328
554.909206
559.471407
557.880361
556.378807
553.105949
555.390400
551.151423
554.404869
542.908340
552.433972
557.675965
536.858430
538.524193
551.937977
551.658576
552.385736
548.382007
541.410310
548.381426
550.677449
554.784648
549.288040
550.686079
555.398415
565.785610
555.662021
540.663051
568.425409
547.716357
541.455685
544.748295
531.496257
523.705422
542.132769
539.431012
538.237254
536.507581
541.667377
551.620789
551.613414
542.352895
548.541965
547.837979
543.628638
556.652394
542.930150
543.866008
538.452510
542.625752
541.213969
552.919201
547.804917
539.308522
541.538953
532.163299
531.021027
523.218932
526.444068
524.660843
523.132123
525.585082
529.010599
535.134930
542.020536
542.389421
531.133109
539.682198
547.754294
547.445155
543.842598
552.206159
537.187286
539.445683
558.958343
546.067508
545.971259
555.111999
549.214721
555.402291
546.519964
545.116123
546.792084
555.047899
553.122151
555.658374
556.772287
536.386074
535.648368
537.220323
543.633458
539.542650
550.653867
545.059845
531.956068
529.497705
524.305359
544.207091
549.148805
537.138116
525.745641
535.814163
541.320668
543.693470
547.524932
551.096763
545.447154
548.553706
546.332166
554.655060
549.338384
528.619067
525.959830
535.972996
542.413128
539.668924
528.670452
542.905076
551.320309
543.170641
548.125170
545.760690
540.628068
551.461384
541.963209
535.039162
540.253999
525.697887
531.817364
545.254034
561.751819
546.178299
561.250889
546.662230
538.856238
521.238199
529.070948
543.546422
532.099626
549.502976
535.734807
558.004128
556.037362
544.090881
554.497995
556.356500
544.299163
542.657593
551.890999
538.648180
542.902382
530.392610
534.302511
529.043020
534.213822
530.314197
512.420446
522.480062
520.973069
541.002230
527.073402
529.977616
537.086693
523.904748
541.901280
543.771373
552.566892
557.483270
556.972565
561.680263
561.363008
553.133524
549.818936
537.766171
546.095039
555.660665
536.376589
538.353522
550.437708
551.304256
553.525012
549.151583
541.836742
547.491395
552.012326
552.231130
544.539641
544.714233
555.819673
567.572267
556.313110
541.244082
565.807713
547.500880
546.082892
539.444699
533.716317
532.918207
552.222219
542.617918
542.376405
533.765943
541.068130
551.457698
555.768697
546.167328
551.099501
548.945278
545.403873
558.340118
548.865839
553.721040
546.712785
550.464170
544.821665
554.401334
547.102741
545.518451
556.825385
547.608825
547.022203
547.874911
542.089810
542.562223
537.205584
526.054357
531.972868
524.282231
537.799214
528.764678
524.857456
539.434855
536.301683
535.648362
532.971617
536.722908
528.924349
525.268027
561.589164
543.351150
534.742996
537.334541
543.368022
543.023369
529.794987
536.493807
540.647178
528.530204
532.191025
538.397637
522.974242
526.001214
530.701879
552.896680
557.461296
569.997014
549.571642
546.970606
538.910222
542.117789
552.643899
547.691506
532.291047
541.041732
545.931601
530.588724
521.238554
538.956681
548.247471
540.349997
537.483658
532.534635
528.290871
548.557409
551.447049
547.515867
540.117387
520.083305
529.864559
532.812671
533.871233
534.501183
531.708161
550.411340
539.668766
535.783700
529.583203
519.227100
534.618924
530.334958
530.591195
527.505661
540.087854
549.747756
557.493518
558.157561
559.976846
552.023439
556.860856
547.631494
531.769482
534.413931
537.449403
544.983809
536.113723
525.569212
521.998468
524.868354
518.355770
539.754271
540.325875
552.371354
550.252960
548.299039
536.278743
538.708491
540.587302
539.802228
558.743091
569.023282
524.463574
540.094154
540.275503
546.041396
536.698419
538.827246
531.437793
538.751270
552.193779
546.778560
559.798246
540.929311
541.331164
525.552577
521.931323
529.271633
532.203522
544.903838
550.931311
550.311258
559.651421
556.320933
545.962082
546.330089
556.039505
534.585061
524.844299
528.561010
537.373969
541.088777
529.287392
531.630543
544.072349
566.418112
558.718088
553.859893
556.208479
571.726809
551.640150
541.762890
535.452696
559.659869
541.506099
550.015378
561.312616
558.668673
566.591985
549.552687
548.028288
537.916076
541.621148
520.796162
506.340812
522.161872
541.409787
541.365855
531.756839
533.127966
534.573711
547.026152
529.510410
546.766307
559.040487
547.513462
543.985259
542.720648
537.509712
550.427843
548.048438
535.373165
547.795294
534.672366
539.040313
535.594782
529.978631
543.299444
549.207667
546.067074
535.858973
536.991099
526.622025
532.381322
544.759352
538.632145
533.422993
525.755450
534.866871
533.516671
526.115836
522.208496
529.964048
521.465433
530.745253
544.618273
534.623048
534.985389
535.502706
552.519138
558.626922
566.807741
547.588165
551.420502
538.421902
540.924654
551.510747
543.099520
522.872901
536.016463
545.091615
530.643289
514.876021
536.402271
543.058403
534.328949
533.628496
524.194617
519.961982
540.061810
542.620488
549.974723
545.241673
525.954083
533.258677
544.312336
544.463355
538.681487
540.541616
554.303894
543.591507
537.952546
518.965780
519.232340
533.221715
526.425563
527.291567
524.582376
534.677036
552.061274
557.869759
564.304282
559.858677
553.905780
556.128327
547.631494
531.828217
534.299206
536.536968
543.500158
534.035183
528.770517
532.532321
529.288999
518.777866
535.465451
541.450889
545.808962
540.667904
543.690723
536.577360
533.992650
537.132164
533.396786
552.157146
563.331291
515.119698
535.997185
539.775336
536.996931
530.040647
530.825275
523.035788
527.246719
545.645796
541.642553
557.574578
536.300499
534.435706
528.643447
523.877685
531.152510
527.592694
538.197137
543.013128
545.554912
559.275854
557.033637
546.510211
546.346113
557.521458
536.068289
527.365189
530.685236
537.271750
539.082805
522.738630
529.643981
547.687607
568.457352
557.382838
553.414778
553.530017
569.072587
551.321492
538.568899
530.865112
556.780330
534.726720
542.485960
552.628209
545.954417
554.250985
536.105407
536.047954
529.453350
535.163258
520.364092
506.761450
517.754465
533.818990
540.691384
532.607282
535.752084
534.729695
543.623488
529.210069
524.430386
532.663009
551.282472
540.695245
546.248994
551.100041
534.797300
550.523542
538.197018
553.920530
547.813460
550.332741
552.745923
556.109545
543.649880
535.948630
531.198791
535.986027
546.777809
539.267529
535.770674
543.997447
544.534996
527.775274
526.838341
525.878121
535.017700
547.399323
547.423439
542.515202
547.999526
548.912472
554.817284
548.827971
543.751993
542.430449
536.947691
540.244953
529.376836
539.635849
528.543642
529.624500
529.055404
526.464593
516.371597
531.042473
544.406855
542.134157
547.656063
550.629716
563.244228
556.121008
554.519920
531.615071
552.857437
556.789949
547.760293
539.138225
544.520003
547.761943
536.576271
534.854323
546.861116
547.732813
544.926357
543.047881
541.186901
539.445755
538.739257
555.769621
546.573940
551.030254
555.036085
543.438737
538.129463
539.746959
545.296571
541.529399
535.956526
532.877944
540.766500
551.122798
555.707464
541.649608
526.822877
519.379130
523.571117
523.035456
527.456539
530.851219
529.951571
533.291000
521.162302
527.699298
524.424039
523.946681
534.242371
547.129087
547.743609
546.956610
544.815257
562.143161
567.944420
556.437844
549.325313
547.590804
534.478197
532.827674
542.111496
538.734732
556.501560
552.209086
553.887397
554.703104
539.475358
559.374947
552.351434
554.381109
548.117582
538.220541
528.447012
527.646849
542.341374
545.111421
533.919492
544.616493
534.196138
528.101479
529.530625
528.218811
529.206936
545.183126
545.800661
565.097071
552.265978
557.534983
556.773000
554.565230
541.178904
559.540702
560.278189
543.261792
546.643334
528.569635
549.164036
540.799923
543.738494
558.883970
552.351134
539.164197
547.007315
546.828544
552.033440
560.247809
545.119944
528.022613
504.246332
514.997413
528.841456
540.661763
531.614716
534.180762
535.372107
543.829266
528.796237
537.463124
554.725914
549.329877
551.787966
550.256619
546.221695
553.414491
537.797577
550.645923
555.312480
557.201552
554.805525
556.354746
539.852547
545.763972
546.542849
557.125174
558.572258
540.441919
541.180941
554.609603
557.799301
544.402597
551.467275
546.763183
547.373103
542.866899
546.132592
549.844804
554.361888
552.220125
548.518967
558.410991
547.746298
548.369856
547.810938
547.316221
536.228255
543.003184
534.635822
529.624500
528.333944
526.833068
523.769517
542.011916
542.292388
543.722154
548.311212
545.195105
556.864351
556.220731
549.919898
525.102920
548.446324
558.934331
552.301761
547.532014
550.972095
555.189293
540.931347
538.553931
556.273096
553.081729
545.422039
538.169762
541.401117
543.362971
538.721220
556.680451
544.377260
551.872642
558.480753
541.104228
545.979954
530.350388
535.340519
532.072148
539.738023
540.744405
532.788745
544.498308
554.777408
539.062722
522.923672
522.594508
527.878870
527.381019
527.246533
532.653337
533.254448
535.904354
521.305213
534.748683
526.578010
524.768627
534.624234
544.690173
541.855888
542.956854
536.868575
551.379634
558.663001
556.345336
551.894354
552.005626
543.130898
541.891546
544.866303
535.948249
540.651390
540.284411
539.338256
550.828909
535.092309
549.076850
551.566132
560.935187
551.549406
532.379948
528.132054
532.597677
545.646579
544.389945
533.253054
546.949771
538.329558
533.604089
531.482922
527.713325
529.734160
544.339234
541.411290
563.808736
547.409984
550.638825
553.794282
550.821428
536.552351
561.120308
558.237750
539.113656
546.090902
532.344949
549.552270
541.410962
540.771193
559.262112
550.025156
539.508206
551.280532
553.625633
557.621849
566.849546
548.245231
528.823623
504.114137
515.412953
526.460115
543.521506
528.744977
537.612437
543.513601
548.182403
545.746167
539.361536
558.205188
551.986833
568.937511
540.086380
538.989793
546.670950
543.623601
551.884270
531.539867
530.144916
529.309677
514.947080
515.910206
513.298024
539.093401
551.431949
535.522345
548.622149
543.830352
537.843370
539.526671
548.865851
543.427746
537.989297
533.754095
535.362264
544.124230
538.418666
539.496609
546.811088
546.393880
549.589893
531.172429
527.209485
552.016704
559.618918
551.211820
549.448033
544.436641
530.188872
527.793918
548.264962
565.975342
547.010061
544.835233
549.004750
562.482294
558.902708
561.939033
540.715497
531.151929
554.453884
541.711087
531.890597
538.773267
534.444596
534.361222
543.325620
549.486611
540.989295
529.877466
551.091241
534.922908
533.340200
529.056236
534.661321
527.522639
529.751390
526.461695
537.671631
535.326673
544.655756
538.930935
541.321478
539.823325
537.205529
545.097883
540.207605
545.678599
553.726060
536.615684
529.338870
523.039775
524.339379
536.214355
537.772029
528.916414
520.442236
536.023029
534.864685
533.952798
539.898801
530.205922
545.350508
539.451065
535.064949
520.284279
526.167692
527.657032
526.446757
540.184804
549.481257
555.943026
562.719025
573.410744
566.577822
546.635155
559.824754
563.467728
549.512547
540.330834
531.130787
524.203917
534.535285
550.058991
547.715271
528.370680
522.534942
531.178057
530.356290
529.603678
529.520177
532.053994
524.517209
526.046587
539.595277
539.140190
542.611699
548.126584
547.729870
539.196139
543.654488
523.824009
524.872397
526.562073
528.654613
533.198023
526.921439
542.679527
543.877839
555.015470
560.876204
558.550672
564.194706
556.521010
546.167301
552.222829
558.024063
554.819742
556.413559
545.770240
532.591247
525.394083
520.008864
530.859001
528.746814
541.637289
541.864615
538.750335
553.074422
547.232202
554.327829
546.008604
539.835847
560.014383
551.279800
571.361806
538.007280
541.669036
551.604585
547.726920
541.858700
531.004830
534.466818
528.648057
528.491960
531.732149
525.161044
544.595162
557.246875
535.879742
540.101786
540.110946
533.106593
537.896467
545.032605
538.590111
527.895528
525.845839
528.768661
538.903070
531.031123
543.178814
541.506687
541.183147
548.662460
529.759486
521.809352
552.671289
557.899838
548.047556
551.904585
543.765627
536.340235
530.635874
548.645184
564.498022
547.704085
549.062677
553.345309
565.377529
564.936385
566.277383
536.100831
523.046333
540.544309
537.013021
537.389759
548.189586
538.007331
529.001884
547.622780
549.627758
540.456957
531.001824
551.885755
544.338773
540.365466
533.698887
535.027041
529.187509
543.331804
539.095756
540.698373
535.574433
534.774673
533.414767
537.974420
538.903469
542.688014
548.162371
546.650800
553.340684
560.024390
536.615684
529.410081
523.704679
525.602520
537.956179
539.750797
531.625327
522.994389
533.926124
530.517276
525.892555
532.531816
526.150330
542.106756
536.832366
531.229353
515.999667
526.842226
529.314490
530.546903
542.068253
549.703595
554.614855
556.813531
564.001652
559.590918
546.623957
557.737154
562.490075
541.543836
529.539869
524.622404
514.739068
524.653186
541.327827
536.264476
528.649380
523.291831
531.669992
530.825858
528.765870
529.545631
530.308255
520.492957
523.698782
537.585882
543.406611
540.830797
545.637691
549.719706
542.123658
541.802349
526.157364
526.819870
526.583971
528.086382
528.449205
522.597879
540.932082
541.870148
555.826526
555.092205
553.339928
556.433977
554.477751
547.616426
553.645934
556.329789
550.586195
550.482319
538.017968
530.914857
528.348307
519.337320
526.396164
526.274047
537.155057
536.627892
538.488695
553.650028
547.985204
548.753945
526.073015
519.268190
541.753674
546.578114
534.011184
526.291876
548.645135
539.022113
538.860856
543.013471
551.190731
555.413636
539.134232
546.897702
538.823759
537.574943
533.639880
538.706475
534.233468
545.585690
529.015412
537.294503
552.690810
549.735426
521.097961
523.257087
534.593712
533.573729
534.388125
532.162852
533.620846
547.335067
543.842139
557.629444
555.023793
535.663161
543.152832
550.260325
552.788660
560.728160
562.642234
546.150639
547.152570
536.363812
528.224350
518.711800
529.758483
536.156525
556.270109
543.918811
537.933972
535.899694
531.596073
525.116527
541.030040
554.425743
562.125520
563.984101
549.597906
565.566246
551.747947
532.848374
551.336555
537.973112
531.682878
542.848653
537.673684
533.253562
527.536283
522.539892
519.339848
531.039788
527.413405
517.520066
528.803068
534.085868
517.407543
519.395032
531.902306
546.301381
548.238934
558.103763
530.503531
538.331847
512.919816
528.419131
538.794829
545.751517
555.773510
544.825928
547.093799
537.487872
543.606731
552.063629
530.311014
551.480959
554.652662
561.744327
523.861816
522.074605
538.756307
542.426776
540.989765
519.397152
534.231448
543.805450
553.407597
535.159929
540.340902
539.430601
544.734685
553.361686
545.192794
555.221566
556.343887
550.244790
554.250468
539.245392
524.662503
527.935986
536.362167
545.052971
548.107205
558.298368
555.927453
560.057999
550.442069
548.985459
544.387425
533.993394
542.441569
524.653102
518.681953
553.209454
564.486315
574.902805
573.734704
558.663190
547.814025
548.678643
536.198014
529.910175
547.835102
544.028881
537.606498
552.185267
526.537693
532.974792
537.079882
537.624850
547.523406
539.636519
547.278394
538.024218
552.444024
553.061557
564.844151
562.440586
550.144196
542.847998
539.180013
534.176017
545.411054
548.918565
528.241626
523.274309
552.567308
554.157064
543.341542
527.904790
548.053952
537.772393
538.313842
543.410866
554.907342
553.870874
534.206974
543.041290
539.522442
545.162132
539.501443
541.133708
543.053854
551.256594
548.647385
552.825862
565.832907
562.954945
522.673779
532.251609
530.558662
535.130798
546.957925
552.246548
544.421303
552.123961
540.291638
546.078608
551.347809
540.799479
546.019211
557.528978
565.472194
571.768791
569.815844
548.146977
550.072769
536.689516
527.271394
516.010874
528.824380
527.614742
543.692714
537.080139
533.532471
531.070545
529.878416
522.285322
542.132518
548.110690
550.532009
553.151054
543.940178
554.227469
536.635311
530.129296
545.201082
540.990468
532.402277
543.538453
528.134285
528.901966
520.629421
511.204544
520.573393
527.171388
533.444082
526.244598
531.958656
542.573730
534.407308
526.562611
548.569174
557.345403
557.387224
565.878965
529.425984
538.306215
512.998042
530.194065
541.026646
548.066369
553.566133
541.499410
543.050890
540.074970
539.839897
554.182409
532.095747
555.536356
554.252714
560.166047
527.311464
529.530598
544.742204
543.350411
548.613066
516.905615
533.173831
536.962926
555.794195
538.811575
545.224633
539.236368
545.092734
551.202001
548.085877
562.197624
559.975796
549.458974
547.806344
536.596569
527.362570
533.118574
536.575018
548.236458
545.998099
556.494242
555.145814
555.756986
547.826481
548.287495
544.601332
529.891106
538.253169
522.402569
518.354924
549.250491
565.054852
579.608738
572.815148
559.515143
550.993769
547.973979
538.693625
532.081923
548.131406
531.548393
511.098855
527.291995
519.858791
528.602169
539.894775
545.196820
549.681307
532.535914
543.376016
535.134615
548.426703
546.544722
566.974683
559.668185
546.952695
545.020333
538.086856
533.172129
544.430973
542.665474
532.335427
530.369412
537.685832
526.106953
540.008394
551.030950
556.382622
543.910975
550.205340
544.004310
530.324054
531.177053
545.903920
561.480463
556.999385
553.566141
549.859558
560.662325
574.880266
552.974702
553.414948
538.862994
546.887494
550.901945
559.176526
560.895130
545.143009
541.309841
544.750160
544.524015
536.091409
531.853397
528.628502
538.706028
535.301872
528.863431
532.823079
534.594176
530.851655
532.204883
550.373312
532.809613
541.145480
534.882352
555.639895
559.074221
554.081053
562.897960
556.740212
546.930262
546.405886
557.233138
553.666848
535.288570
551.607000
545.630005
548.827111
541.160249
540.130618
537.582421
551.270019
549.827109
540.061685
542.832042
561.166425
560.862411
555.272947
557.645466
551.487700
533.063150
543.533219
552.128970
546.493031
525.699611
542.358006
544.033396
545.399990
534.566582
535.272600
537.723310
540.375415
547.471680
544.489859
531.075484
526.499119
520.078290
532.661793
543.294237
546.473085
539.938053
553.141434
544.183112
547.491660
539.520847
554.538837
555.281882
549.539288
538.311179
522.088817
515.193886
531.537332
542.166518
540.249367
537.115220
543.473415
558.566023
538.310529
546.503849
545.218372
560.366709
554.630660
540.354341
545.618868
538.428265
547.055933
540.438428
549.324877
553.684801
538.709520
565.137277
559.706351
552.154982
547.393962
545.559349
542.434133
557.699858
559.500822
554.001774
564.116414
551.630810
545.032846
545.764154
547.664677
541.820177
541.067822
551.967360
553.934491
551.893009
544.605716
555.654615
557.939671
542.487254
544.626622
534.520251
550.223232
556.660586
556.921195
551.938584
545.908598
540.131223
536.630375
540.455544
531.221870
530.326248
526.321767
531.434788
531.267182
529.754158
549.657451
546.289152
526.823131
531.705509
545.381885
546.223922
531.173602
532.429336
536.958357
526.444875
533.819713
554.414007
561.540531
543.383620
551.188309
545.389495
536.306700
536.856812
540.611548
562.970945
558.635447
548.651583
549.137414
550.898383
569.690882
551.545043
564.866253
544.726938
542.312791
549.759912
553.436013
563.144730
546.509269
540.596436
539.321226
539.242991
535.261730
534.446798
525.176932
546.156289
533.631171
527.610828
531.557836
530.518054
543.096962
535.976391
550.412391
532.708498
544.951616
538.734760
559.221317
561.824888
558.460717
567.731601
557.233725
538.992364
545.096989
560.633867
558.687033
546.352139
556.543224
547.097698
547.027915
541.334811
537.632504
532.304332
546.028086
544.738867
533.890910
541.135832
551.797396
550.721779
548.510597
557.746041
553.392656
546.855912
551.410063
560.678597
555.520717
545.533693
546.996657
549.595595
550.001624
539.596457
535.823313
541.454932
535.099951
544.282750
544.488910
531.385212
525.123086
518.849500
528.606027
534.512565
540.948240
535.775690
543.435275
535.816878
545.519670
537.912751
548.100338
549.392579
548.179798
536.322612
527.890397
517.107895
528.233990
537.326764
542.632874
545.041649
547.881029
557.939149
540.090005
539.283547
544.000335
557.423911
554.454951
542.866189
549.215019
538.295455
549.393225
545.823116
554.455551
552.946104
546.126453
570.218170
560.339964
554.835309
542.071109
545.489348
544.535325
565.200040
566.327775
558.366089
570.259252
561.737101
555.173869
554.806047
555.897493
548.943254
552.341133
554.176204
562.590253
564.664163
551.237241
560.428001
558.938992
541.263748
544.077242
535.190846
553.713824
569.418398
561.601096
545.737827
540.090292
535.547770
538.209873
545.956872
541.135496
540.978742
531.147335
536.002251
531.943662
525.005465
539.655850
537.999104
520.881514
525.612086
536.612029
536.954220
554.485871
564.460094
555.326166
550.318914
549.887644
544.244186
543.789539
544.303314
553.508605
558.149368
557.297569
553.557500
560.124674
547.843756
549.927970
548.149844
546.348051
525.981320
538.125258
535.921221
533.211013
556.146557
540.055367
549.539504
544.588675
547.935414
542.438833
565.607706
566.955161
549.366378
552.323947
546.450795
543.438999
542.454746
550.677084
544.508171
546.004151
548.044514
536.511443
527.360235
533.866963
535.498518
546.818522
548.795776
550.389090
540.784216
547.708083
544.704863
547.903259
538.322823
549.743350
560.317148
552.180312
560.609906
549.360534
544.198572
546.430482
548.669522
545.576640
537.782697
525.262456
524.707894
527.772039
541.169985
550.401840
554.687627
554.936124
550.237902
559.644455
545.770956
543.627243
544.936799
545.468540
539.971648
547.607852
540.364213
530.252096
518.819520
532.126130
532.148287
532.768605
536.836634
553.847346
545.664846
543.159609
542.184700
543.763381
553.030016
541.695684
532.115660
546.055411
544.422760
544.207746
540.570675
550.642953
543.042114
543.896328
532.448379
554.301812
551.840335
545.673885
534.600394
541.378774
532.228837
549.966276
551.966786
555.853091
555.059614
564.707392
553.995123
541.804197
528.199402
545.130328
520.801882
525.409738
515.037795
513.905165
532.293979
535.435520
545.010132
528.425757
543.126496
556.223968
552.018804
555.816439
557.917898
534.688735
533.772223
532.379725
546.793242
548.969745
535.110709
533.798143
531.313912
535.724745
552.337081
558.820183
555.250584
552.146197
554.071707
555.872569
542.779607
529.970616
526.420905
543.838538
554.519497
547.501368
550.521647
555.099880
539.002337
537.389490
552.718624
552.758624
568.447896
555.583668
547.039803
548.477375
533.560643
542.803793
537.274801
539.155490
547.740918
525.110109
539.389973
551.684544
567.090741
560.827727
555.896354
553.690154
544.412328
539.119248
542.445336
541.547945
553.889253
552.761856
560.138775
559.296727
546.380354
545.965959
549.404022
548.450768
539.312862
548.340194
541.315535
533.965930
543.695901
538.363528
534.726159
533.324481
538.940907
534.015510
554.634883
554.368211
540.996771
542.809943
548.145803
539.118194
538.374785
537.865787
552.116564
540.353495
544.153070
527.819964
525.421080
530.204531
537.043726
547.956280
548.610069
544.076866
536.520800
541.704725
531.877965
539.322236
533.279695
544.035665
560.028643
552.560039
548.031405
548.429632
547.764545
545.215760
540.847944
529.439995
530.134769
525.294156
521.600315
539.073021
537.907344
555.828386
563.345063
562.054146
554.167342
563.519856
540.512349
546.675978
543.863255
553.033041
551.067878
557.098772
539.462611
528.083841
513.530424
527.523275
527.725769
537.269747
538.801853
553.387261
545.215130
541.334395
539.920742
546.643691
558.166750
547.081649
536.864347
543.083797
538.007785
539.144636
535.567357
553.801424
540.377774
543.669901
540.563841
548.399671
551.072147
545.717474
528.560250
545.949488
533.432581
552.199194
546.046300
555.007942
549.234181
561.125670
561.214073
538.243549
531.291280
543.588239
524.774995
527.238970
521.349197
515.194430
528.177783
530.302129
538.836301
529.719047
538.612067
550.312394
552.018804
554.856972
557.242793
532.612398
530.923646
527.404696
542.334479
546.874841
534.628117
536.472693
530.640630
534.377870
552.169246
561.635653
555.214763
553.543713
554.806222
556.747384
546.106687
530.403779
525.668415
545.008529
554.332787
548.488856
550.779102
548.846619
536.944798
540.742160
555.731969
553.366416
570.634938
560.705522
551.334543
550.887010
540.564289
548.099763
540.906701
542.665559
548.085812
528.856583
544.233888
539.844803
535.251715
549.028076
553.376981
553.221192
544.685921
553.891129
545.295555
533.306677
536.525647
530.237998
525.875993
528.934317
518.496075
523.339369
541.814073
550.202680
531.393756
536.183941
552.519817
539.555544
548.119811
551.762480
544.689320
534.781556
537.627693
540.523277
537.969734
542.178886
551.260019
550.016586
538.823039
520.934346
524.494443
534.609840
542.719472
560.414249
542.933152
549.653634
543.559881
549.977226
536.933705
537.535318
547.683854
551.996763
567.418797
574.727347
572.072022
574.104965
565.501224
542.369661
549.011972
557.227437
573.051818
568.067831
551.981241
561.677477
546.366889
529.877220
551.378746
565.851664
551.488333
554.465534
563.559946
554.042791
548.945589
535.993859
534.871852
547.695683
554.446919
550.623634
556.230416
549.091578
537.523648
553.569119
534.612567
533.674191
526.982990
525.350909
525.387704
530.324243
539.797209
530.868867
526.128807
534.017220
537.479527
528.500654
519.513358
537.456197
540.997926
545.194280
551.374077
559.749746
547.548653
556.409983
556.761193
535.023830
545.809800
551.916597
542.339186
536.528002
522.561096
513.611647
544.220147
543.911862
552.686588
550.901392
542.502786
545.633491
526.891877
540.520565
538.504162
535.761005
532.147294
529.309925
531.866998
536.042794
529.161861
532.686604
529.194181
529.354498
536.576503
530.327056
544.279928
556.627143
554.663252
545.170970
542.798587
570.011465
562.758435
542.071692
559.122538
560.481050
570.040786
558.921352
551.880591
548.541546
560.083409
542.508025
552.535708
542.665597
542.300053
525.230379
520.165585
546.161290
550.279236
537.135909
531.737684
522.838802
530.350187
558.804505
562.318558
551.975608
547.623280
548.953283
549.257845
533.813216
526.963381
534.995248
536.777040
536.684586
541.605597
527.301675
532.910425
534.311054
526.618028
536.389433
543.029030
545.848505
532.743747
545.719907
541.760237
530.829995
526.807494
516.152708
510.570933
512.774019
513.470574
518.929070
535.334733
558.655034
543.185065
537.313048
544.666909
539.714887
540.228137
541.450440
539.478195
537.955321
543.085935
547.017084
547.363845
540.016260
549.932118
553.824412
551.498643
529.574937
537.425116
538.315697
543.019959
558.839280
540.317803
543.676793
545.716970
549.618322
534.842167
535.628617
543.409022
548.458786
564.840095
570.395250
572.858857
578.347260
568.081720
540.085227
550.178994
565.311017
572.966631
565.524465
548.019899
555.867266
541.496123
522.295704
532.585252
549.217787
536.806917
545.567757
550.429541
547.673425
539.250727
535.641921
530.589402
541.284318
549.616691
544.811722
544.460527
539.706274
536.226594
551.739697
536.456286
534.759893
524.940472
525.105033
519.502294
529.017777
539.334216
530.868867
526.746364
534.135229
536.564442
530.164397
524.553184
536.078475
542.974488
542.252719
551.105259
566.221494
547.731412
555.312981
557.456953
529.450238
542.731853
551.966470
548.475156
534.068358
521.332584
511.018944
531.669335
534.759426
549.381959
541.036480
539.583981
540.484631
527.689533
537.786670
535.333548
529.135267
527.342754
533.985744
537.353474
533.146920
529.045867
530.153659
530.912000
537.362705
541.145996
532.429754
544.279928
556.627143
554.663252
545.279662
543.900313
568.880601
560.310613
538.774854
553.908398
558.109063
568.235173
560.388706
553.474421
550.287415
561.800415
542.581089
561.981192
550.121143
547.436077
533.520134
529.142676
551.951845
555.830459
544.328403
534.418417
526.417799
529.717127
563.945545
561.715066
552.394057
550.110544
549.508942
547.546734
532.804856
528.789662
540.811927
538.870147
539.918014
547.603599
524.710340
537.829842
558.274660
540.321252
559.034744
557.825486
543.795060
548.573871
534.453237
535.425865
536.173167
550.548251
541.633629
540.854479
526.993546
525.933198
516.822815
522.128516
526.113011
541.185575
533.996199
538.277049
539.327427
522.826580
534.775762
546.409071
533.739856
540.950488
554.130539
563.207511
540.889384
541.589849
574.612833
567.332509
564.969636
558.658265
561.647499
549.265580
562.996283
557.780236
565.961140
561.710119
558.816650
544.104811
541.120603
557.814845
551.420110
545.941568
545.310287
536.169887
535.306483
554.204394
546.395936
552.631675
524.086864
524.219531
543.565001
539.046928
536.327485
547.735553
563.745241
553.519151
543.580202
544.253313
534.964197
529.850324
534.386186
531.905236
535.866179
533.615256
542.104562
530.053484
541.980134
544.881240
542.447103
543.563728
545.977269
542.010855
527.536666
546.075604
531.750438
526.663844
543.108059
548.766454
533.015604
530.761223
537.725295
532.796420
530.828227
561.241908
554.399560
547.324980
555.309356
554.732605
551.005307
542.664232
549.286269
541.718990
531.595796
531.903456
525.618382
541.964347
547.706200
556.860477
547.899798
551.848257
554.878622
528.405124
535.160884
529.490196
525.547166
527.945516
509.963350
516.551786
514.610630
539.939577
539.657502
520.609326
523.222643
529.704313
550.070324
550.886032
536.700461
520.082754
555.816543
533.976636
531.655819
533.173797
519.586235
516.872643
533.997064
544.488783
518.853383
520.459038
526.735369
532.932400
548.590418
533.080298
533.394422
523.837815
524.574293
535.597967
544.885185
550.472585
545.389341
537.447273
535.102006
532.366216
540.110593
539.249654
528.504962
522.205468
530.317974
528.055361
531.385489
522.110862
520.614808
529.505906
533.304752
538.590359
557.298056
561.313610
542.166986
538.307843
535.409374
516.467589
559.554361
542.459289
561.402269
557.125784
540.257741
549.240620
537.200658
534.285133
537.254644
559.377267
547.261114
543.207630
539.450227
536.378050
527.062876
523.546926
537.904725
548.214716
545.495772
547.641821
550.987941
529.774309
535.937141
559.413797
548.287096
546.630870
550.219498
560.297073
555.295721
544.427286
569.213915
575.427099
568.133879
564.087614
552.975783
547.654472
562.166880
556.125980
568.148150
564.933154
557.193413
545.931100
542.171314
560.804531
552.072341
546.162049
546.041854
539.869044
536.777092
558.432103
549.202228
553.843940
524.023560
537.167158
554.803815
549.985827
550.066351
549.034261
574.349303
557.616050
539.812345
535.938178
533.514520
534.017866
541.297803
534.732182
527.814689
527.343672
539.364767
524.813141
537.985891
545.335244
549.373795
543.757609
551.554133
548.616161
538.390753
548.948177
538.833459
535.899114
547.317813
549.438933
533.765012
533.833783
536.233473
533.370507
531.459508
557.534808
550.579596
540.742702
556.083620
550.847416
555.337640
540.792591
547.375044
537.105578
531.660467
527.034113
516.738057
528.288140
539.573076
554.305556
549.036644
545.405837
541.227392
525.768422
533.311547
533.014616
522.896302
526.610174
512.761727
517.636750
520.401705
537.734224
537.851127
525.822097
520.866247
528.006095
551.238365
550.364391
545.471038
535.443830
557.034868
533.976636
531.655819
533.173797
520.947297
519.526405
532.633682
546.511277
517.905121
518.787053
525.245149
533.624653
545.608602
528.603562
529.804340
519.905155
523.263370
531.742114
549.495940
554.147042
548.583046
537.086205
529.504867
530.086115
538.676722
533.188440
515.099597
514.927779
524.081268
533.370331
536.458411
526.276062
523.731449
530.936582
533.604225
539.174524
555.762916
560.960253
541.700564
535.139981
530.123579
511.657416
538.815601
536.796213
530.780639
537.431114
538.068801
552.520591
541.159474
547.573998
551.484424
555.458744
549.636794
531.538581
526.398287
520.911188
522.594277
528.586906
542.735283
556.905495
556.026701
556.496795
563.100636
547.287102
559.379049
563.323928
562.842449
555.812373
544.952270
539.462603
539.475718
560.394806
545.747655
542.743685
547.296842
543.768348
549.142181
555.198393
556.608244
556.995698
564.115047
562.572556
554.845114
550.462921
547.131127
524.803803
508.386162
515.995658
532.603811
532.968722
538.162966
538.498609
520.358113
542.942618
534.859608
548.800620
547.057595
531.738041
525.051029
534.168549
535.829930
528.720967
538.282907
539.346843
541.990253
553.932175
544.619229
529.449688
521.743151
533.320311
538.423871
531.033442
524.887648
528.568206
539.227639
545.268517
529.133441
547.802663
546.146511
538.066066
531.533195
534.810807
523.272313
538.562004
536.452575
542.005408
544.393311
538.203274
536.162707
530.514800
548.370768
530.054570
521.352318
534.215302
531.295476
532.418808
533.776321
534.506213
548.189389
551.752937
566.827554
564.735634
541.061669
528.243855
535.679912
531.211718
542.329442
561.868214
543.431828
540.601159
532.022007
546.921567
544.059499
540.431662
544.345552
543.398090
546.595413
552.028219
540.521049
539.634497
546.335270
541.573762
539.701218
542.821106
556.335032
537.129193
545.274589
531.769301
534.796059
539.046878
537.022972
547.771118
545.123453
543.870607
549.494431
555.039823
552.779252
559.423220
550.001385
552.782724
557.653524
573.753859
572.662612
561.782298
578.828463
565.146466
548.889969
551.129003
565.159597
548.267567
531.684781
539.831331
533.878262
539.078677
544.244360
548.282834
530.717867
529.924131
540.205548
528.053168
536.257967
546.979115
548.288518
551.723442
565.598308
561.554151
537.332515
535.843132
531.961313
537.370453
541.100603
555.636272
542.100566
550.529485
550.039658
550.384724
546.328883
526.137174
517.599255
514.305012
523.319871
534.051606
542.866455
560.892954
552.477543
552.032067
565.027106
558.433668
569.861065
566.152448
561.813635
551.081781
541.734609
546.758159
541.702330
559.222000
555.389286
543.909192
544.430811
542.430240
549.067771
554.479423
555.449170
553.548879
559.004129
555.347055
550.613368
551.517381
546.544712
528.618789
513.765894
513.719359
530.390496
531.822504
530.709923
529.693731
520.799294
547.904338
531.541365
544.918063
549.587878
529.187523
517.956923
534.246199
534.662492
534.117595
536.310231
539.506517
546.542820
551.947574
554.923889
540.224532
524.551214
532.611845
546.620321
534.083510
524.263109
533.835634
545.296393
549.659198
532.869420
546.564745
542.539957
528.656560
536.750187
540.385229
530.119510
539.625284
536.452575
541.789917
542.506970
536.737352
533.433512
529.392335
547.708866
526.614931
523.358075
533.275020
535.510862
535.695718
534.208060
536.886940
545.823674
547.175071
557.738275
562.638211
547.284182
532.888809
540.876505
539.340607
548.073786
559.534785
541.267884
546.190599
532.195383
546.969082
543.182358
540.583864
544.031079
544.189463
544.631000
544.145361
541.403428
534.449004
538.987479
530.914263
536.853529
538.705937
552.595386
536.448463
543.972485
535.879661
536.047460
543.118745
540.569403
545.778503
542.625152
546.325627
554.079494
554.058453
552.731375
559.722519
556.238171
559.624173
558.492280
574.567739
570.158232
558.869795
576.268530
558.481001
558.637741
554.449019
552.782247
549.770671
532.253861
542.758745
531.109446
546.918774
549.167917
545.574906
528.943017
528.803661
541.947150
530.497985
537.205211
540.712677
549.446656
552.638647
559.177361
553.736335
541.356415
549.435289
541.594950
531.205187
539.384271
544.978352
544.995273
537.164037
544.516779
556.663362
544.472456
550.071388
540.321419
552.418019
548.359568
556.007215
562.561594
542.773334
556.336626
557.500890
535.180944
537.491973
538.134769
549.400335
565.819702
564.738821
550.758310
539.035118
529.529725
537.439955
539.623957
533.596352
529.551554
542.700940
544.203271
559.458960
546.444450
548.825887
532.550642
546.099309
541.889364
549.377687
552.167056
567.978720
547.959115
554.980467
549.688587
558.200872
557.558282
565.431443
563.324862
557.762028
560.832241
537.263905
531.899483
541.079378
545.975973
553.626765
552.776233
562.230490
557.434288
560.343132
555.092995
559.197278
551.007845
549.260468
556.394943
555.495294
555.676652
535.467058
536.216347
549.464346
538.183860
541.587677
549.126341
545.948298
543.151815
535.784722
544.032679
545.203526
559.502369
554.742081
548.641731
537.829137
541.380729
539.261522
539.886928
548.296606
551.176429
550.756090
550.484132
546.777998
556.623721
562.211846
579.436254
574.733197
560.632847
553.233578
555.445177
545.228932
555.705356
557.692214
542.763907
552.258150
531.168591
535.192252
531.665497
542.766221
539.384666
531.274938
538.545060
538.122920
532.704581
549.356123
547.290735
543.169438
543.209671
555.268985
546.649917
544.118174
537.138095
541.562491
560.728697
539.534363
525.430300
530.555583
520.309597
522.889589
532.206544
551.751104
552.382499
561.445403
555.426079
538.400352
532.352126
549.963031
549.769438
543.010482
550.020285
558.227121
549.615137
551.270391
538.551393
529.850219
520.970603
533.637680
534.427522
530.821274
520.826123
517.184154
521.293171
529.818810
530.024609
539.985538
543.869476
547.843244
545.815753
551.534280
544.487655
534.413936
540.297653
550.742112
544.743605
537.978242
545.194420
553.265814
544.732126
534.658191
542.493436
549.821142
554.510933
542.439444
546.190396
549.794996
539.524594
544.895788
540.166866
556.669065
550.297858
557.726716
557.776939
543.557437
552.210132
549.716281
536.560715
542.575417
548.679179
559.958720
556.132470
554.666614
545.088063
528.286283
527.690325
533.894234
535.462316
530.997273
531.697861
551.674622
548.220755
550.236202
544.883761
546.916066
531.826420
540.325546
538.056910
547.060875
550.307659
560.305860
546.358634
548.526545
548.521804
563.062961
559.575292
564.285263
569.148392
563.455113
564.248544
538.246699
528.986726
541.241715
544.608576
547.099777
551.396233
562.173419
557.931733
556.248758
552.307196
555.872394
546.650754
554.608729
558.057204
559.719873
552.529714
534.654932
539.378877
556.578175
542.393987
541.307160
549.961940
545.076910
543.756651
534.405679
545.170495
541.834581
553.587513
548.801871
550.780569
536.932620
535.153944
540.046054
544.577835
552.842401
550.355264
548.631650
547.058876
546.903250
562.644436
565.809688
587.236954
580.935028
564.381448
556.473669
550.717566
539.563012
548.367286
553.004665
544.902354
549.078080
537.655546
544.473333
540.941215
552.614444
543.292335
531.308187
531.183405
524.981077
522.642340
535.602933
537.472215
538.266013
548.067663
554.132736
550.929333
542.122433
532.473793
540.065405
559.582947
539.534363
525.430300
532.266005
522.180634
525.544916
536.170352
551.186685
553.293175
558.067529
555.714251
537.449761
532.066026
547.894798
547.850261
541.157056
550.424611
557.713188
548.091890
552.821577
537.840328
526.515995
518.950502
532.203570
529.022044
523.529961
521.362793
521.633982
523.455792
530.946830
532.824815
545.322611
546.172303
557.414666
546.265010
550.662631
543.341764
536.399389
539.766784
547.585841
545.707655
533.883342
555.140910
546.280303
530.710492
537.463480
543.099473
540.879197
546.908109
541.788408
551.642277
550.564393
546.439876
551.553535
556.016118
557.924329
536.500754
546.073108
538.417040
527.032550
539.889143
545.904495
536.876263
526.959431
530.653932
540.979184
536.573944
525.258476
526.047811
544.565945
543.848493
530.139442
523.312779
529.478362
526.772073
535.398219
533.329775
529.932469
535.409114
550.187247
547.703208
538.770511
544.300738
535.993168
531.955850
559.515053
561.768864
556.310407
561.582326
563.270393
556.622084
548.480272
533.290927
539.424794
542.043049
536.419982
520.992849
516.398271
510.559869
531.207958
531.549320
556.388647
552.452331
547.814589
541.592248
543.833350
541.151456
558.773853
554.703579
547.468736
550.606138
548.633287
536.254914
537.598415
540.098711
545.208976
542.985798
544.752013
548.873954
544.323574
534.501472
524.940954
530.747189
535.459288
555.100995
554.440050
538.057917
524.262130
540.052738
538.389157
552.878739
548.718606
539.706936
546.772741
551.815349
544.731249
539.556557
549.455639
541.234802
541.939225
536.519876
557.729675
549.826116
534.644471
528.048533
519.704938
520.813530
529.813008
539.917654
544.363490
551.484635
557.990863
547.081158
550.826737
545.898403
559.834335
548.480020
545.668290
555.214231
538.003976
547.683795
546.265964
551.807348
534.402909
544.514800
548.029504
551.610395
549.079328
541.998135
534.485563
542.395814
542.258156
553.799989
567.001898
549.006923
525.569251
533.681832
536.857418
552.554734
546.322229
543.605695
553.269375
553.189903
535.831488
558.266637
550.667562
538.520058
531.728581
530.772779
546.583091
544.208720
552.536245
554.110665
545.340480
544.861417
548.432154
544.964959
550.072834
559.359661
538.289553
528.913904
529.733264
516.812305
539.106519
545.565949
546.201878
553.801656
544.594248
529.704105
536.901382
542.737652
539.694699
541.948729
538.548039
547.569649
547.328283
548.700522
554.936501
564.038711
560.831936
547.928819
554.091324
553.599123
539.625369
542.544511
554.925313
554.005065
529.857847
531.746123
541.758681
537.571620
532.125740
531.622103
553.893183
540.794684
534.948913
531.485603
540.068060
533.909430
540.201695
534.530634
529.494682
539.491099
547.652927
548.165484
544.206427
547.282662
539.424599
536.372686
560.444694
563.554412
558.550313
562.855497
564.506488
555.946980
550.634255
541.603183
540.367577
541.065512
527.629388
525.638090
514.299406
510.104030
526.335011
534.559241
558.677747
556.237085
549.671635
546.355796
534.374456
535.685705
555.310611
557.380960
551.264698
542.733921
546.021502
537.519944
537.771063
534.069602
541.348741
544.100529
542.001277
547.869205
546.245790
542.413667
531.697125
538.682851
547.931289
556.254042
555.905830
541.879526
524.548125
537.463160
541.551607
554.121960
554.342254
539.110672
546.407377
555.529517
548.957656
538.916935
542.947089
535.397566
537.424599
538.110418
553.686801
543.321354
534.269395
522.571246
524.575490
528.905627
537.006136
546.198103
553.880873
556.593625
558.759594
550.048598
552.616498
538.796451
553.958363
541.974551
535.490182
542.551354
532.762961
538.977253
539.885524
544.425468
530.359282
545.907653
545.530666
550.400249
547.949006
541.115844
532.129039
538.344305
537.878879
552.643739
571.236010
549.036503
524.298828
531.943799
536.093222
555.069236
545.401106
541.076262
554.044549
547.720272
535.522671
550.171800
544.927615
536.373590
528.987217
517.386423
533.893386
533.171210
543.056991
546.731025
538.201302
544.668166
547.922453
535.559013
543.258029
548.488361
535.487404
524.433817
517.230405
509.383969
524.767629
534.979247
541.370209
546.544977
525.789258
545.036277
532.858213
540.216205
524.309366
548.101444
533.545186
522.966761
526.273647
529.585632
529.918829
535.215806
524.778351
537.137700
552.943975
549.782556
550.759487
526.690925
537.542692
548.541175
538.158677
542.444307
536.111315
554.405249
546.648174
534.240706
534.077125
528.296414
542.743014
553.872841
570.032612
564.560186
544.374398
562.824431
558.310682
552.267931
547.618555
543.889949
556.572081
539.940907
551.885584
529.683947
531.689060
534.004581
542.163554
542.094997
530.461929
536.377475
547.399276
559.486167
550.606122
537.547649
536.273868
537.503498
547.941200
560.151500
547.574397
570.397078
572.166237
556.161369
553.944137
547.602277
548.136365
554.796184
563.779895
564.399904
545.541590
535.799972
529.859772
536.547979
547.897818
544.162034
524.651960
542.775025
535.759510
533.804739
525.138551
525.172973
522.945052
535.794642
529.207094
556.280296
548.291266
543.833851
561.648333
551.485009
539.853893
536.214332
537.260083
547.746737
541.574730
534.300603
541.394317
540.780147
547.220961
545.428193
545.302766
556.430041
536.212545
543.922540
543.663562
563.020412
545.965775
552.204674
544.151129
568.251872
550.185210
540.533601
560.734110
556.659925
567.510873
553.331160
549.020644
544.527491
542.666770
541.182886
546.091457
552.389434
550.442022
536.819948
523.586015
536.185506
518.887478
521.895911
517.591901
524.074441
532.823723
539.022535
535.539476
533.536555
541.806987
530.572780
547.535754
548.414474
540.232319
540.359832
547.709214
537.225841
547.008324
549.272039
540.453951
533.335117
533.967861
544.274093
534.090981
522.799866
539.608268
553.451483
561.899687
552.343017
531.825853
526.720138
530.385026
530.620117
557.670497
548.998257
551.421237
561.525687
545.491538
556.632073
539.124831
540.385111
526.718898
543.954645
513.748880
537.007167
533.663009
537.251036
528.795744
553.712551
530.206288
520.701199
516.937262
530.477186
528.819877
537.257839
529.382540
546.866498
561.277546
550.259471
537.652890
525.782978
529.067866
547.408840
540.092062
533.736433
537.463844
541.586093
525.932724
523.762350
533.202013
526.581309
537.228214
540.177408
572.580842
555.947531
536.271726
551.215883
536.374317
537.248881
528.621365
527.229656
549.300669
540.568496
549.174689
526.518446
528.969469
533.390370
542.317297
533.735592
522.555976
532.316896
545.535491
549.914576
543.953305
530.024059
541.101886
541.291431
536.533239
546.225894
540.703674
563.760422
567.385510
548.861794
544.645572
536.669752
541.692938
550.186332
554.661446
563.197923
543.801948
536.891464
519.790423
525.240961
535.108894
539.886623
528.439238
538.431988
535.889085
533.787937
529.423211
527.114619
516.662785
532.822503
538.406698
557.476161
551.188304
543.858792
559.044801
552.031472
539.785024
529.611630
530.693633
540.364031
534.207686
532.444715
538.059910
540.814122
540.355834
539.221807
542.428519
551.302925
530.266136
543.278240
545.030626
554.203770
546.141951
544.391193
531.183775
551.249135
529.471651
528.267380
542.292233
550.580335
562.304285
557.121855
553.498441
543.297277
538.208607
534.593302
541.726092
544.147080
547.749791
535.537817
527.880922
539.452208
518.887478
521.895911
515.970729
522.373253
530.033116
533.301085
531.985268
530.711513
537.032571
534.773903
544.082291
550.241447
543.442578
539.042704
544.107448
536.965797
548.669796
551.614822
540.014292
529.715384
529.439370
540.981492
524.098844
521.021169
537.771896
547.726927
555.661287
549.274695
530.668994
532.074259
535.407925
533.332843
559.614316
550.551305
547.229602
560.817589
549.513876
557.192593
539.811054
540.911833
524.381651
547.649000
551.971794
559.590341
558.532278
563.197751
552.768846
538.463636
540.440431
540.943379
542.703823
545.629102
543.915213
542.816988
535.684319
530.608805
537.725890
545.131789
528.382914
528.915424
538.153984
541.265323
559.436937
543.595056
559.492800
564.773722
553.596931
550.970410
561.678719
563.950358
555.592933
570.137107
550.170386
536.398049
542.812352
547.307447
543.431341
544.728465
545.817705
539.162632
540.488689
524.043122
547.493473
550.579138
536.887249
528.104528
532.938066
545.504416
533.948568
544.822945
540.098522
538.999392
531.612993
525.829445
531.407220
527.969274
534.590943
553.209137
547.827099
529.224227
542.702331
555.398323
549.480261
532.484467
541.789583
539.798786
562.826833
557.076464
548.785877
548.953960
545.797111
533.770625
528.175050
532.389391
531.437239
539.966081
548.518197
542.551281
538.970040
547.366545
535.411588
544.731344
536.244424
539.083945
543.759586
553.043010
539.658137
544.932074
545.461113
542.935936
540.995655
533.477295
531.232337
530.212013
540.008897
538.342483
549.401276
542.095167
538.826254
541.813654
540.014249
532.143979
524.260603
533.534177
533.033459
529.620095
525.719367
536.772897
540.604111
544.225521
548.416552
541.476734
546.432392
531.319642
527.510115
526.916122
534.913978
538.310173
545.335724
547.772199
527.278178
531.518181
526.737369
528.227390
545.608163
553.847881
530.712960
531.850938
541.430815
553.285961
548.238428
558.031647
538.204926
536.728208
536.121733
521.036408
541.930599
531.834994
524.593854
518.317322
533.357329
552.375345
547.533488
556.844813
563.599582
538.077886
538.368761
546.386397
555.838100
563.055654
559.209604
556.091685
547.929433
546.135705
545.756508
533.947079
547.415811
550.348981
538.063264
543.821189
540.526195
555.791039
541.289110
538.062206
551.627103
546.296977
551.534002
560.129636
559.683476
560.307543
545.084846
537.043459
541.978336
545.641835
549.281626
557.410775
550.538444
539.526937
541.787703
540.731484
545.447082
553.804963
538.799736
538.838213
544.754858
549.759273
554.695952
552.302707
569.767746
563.904394
555.658671
552.642109
561.796581
563.351078
551.479636
551.217230
534.235557
537.261068
542.593422
558.611072
552.787264
535.284102
536.185024
537.700412
543.253463
532.240045
548.665837
549.188945
537.700036
526.810680
532.642030
546.468810
528.264610
544.861710
543.098928
539.430145
538.003226
530.326720
543.335969
543.529999
548.007359
554.904379
556.212626
525.574651
545.404451
551.055471
547.927642
536.711365
546.176348
539.684097
558.803102
554.176454
544.283629
540.773026
548.469780
545.982088
535.629551
533.724707
530.047723
537.851711
549.515659
544.300956
540.181534
549.058987
529.434091
546.440648
536.793142
534.946592
538.770696
547.263960
537.916519
541.106883
540.634041
537.328983
536.097396
529.912665
531.402853
528.244513
539.824438
539.231362
551.073810
544.751961
535.153253
539.078244
532.747693
528.484265
525.658848
536.195879
528.150265
528.996835
530.157639
544.729978
544.030859
546.712656
548.445520
537.380280
542.357404
527.078884
530.541165
531.219324
539.050777
547.123904
548.248610
555.205031
532.467544
548.340045
538.092447
534.953696
544.796869
551.244530
532.691416
533.173980
543.010717
554.425547
552.084744
560.922423
546.572656
538.411672
533.963937
522.240304
543.192865
533.813447
528.525317
526.503896
541.404926
560.623321
554.289693
560.415208
561.533615
546.327137
548.901070
541.912368
543.442602
550.868000
544.857582
542.555961
541.013096
543.001278
541.243781
534.295277
544.671401
547.185348
529.945224
533.607754
528.066959
552.464346
549.085340
543.529750
551.643110
550.874546
555.149946
551.719521
543.575917
538.446265
539.119254
537.971352
536.463961
545.764898
551.348865
541.512708
541.351084
559.549471
562.213684
550.546281
538.646930
522.998270
532.727659
530.072184
531.069833
528.488733
506.661430
521.065036
522.605137
524.103378
536.976822
548.388929
544.981951
559.292538
554.803190
550.881048
544.544375
546.088609
553.021300
552.077064
550.980166
557.451652
546.843034
551.858057
540.339353
535.285285
547.732795
551.819283
530.145888
540.541460
534.071034
521.981643
533.453736
520.879741
523.327991
527.067168
536.297715
545.568371
545.123283
545.865610
546.749242
550.640828
551.435377
555.556416
551.563623
553.775194
551.910159
525.764263
528.920687
537.307522
539.185492
546.891435
556.942819
547.590790
548.163715
535.221160
531.370291
528.901065
541.523589
548.483635
563.901909
561.696376
542.616939
540.033064
538.953160
537.893275
537.527107
526.512727
541.881170
524.098760
529.766940
521.421656
543.278088
549.809430
549.578950
543.147208
533.587566
537.542822
546.730985
548.058312
559.089156
564.050306
560.288247
530.595462
549.186953
535.296537
544.316645
547.642238
548.444925
543.966871
542.734048
532.543923
534.521330
526.368205
528.477998
530.172744
528.213376
521.624691
520.889362
518.628854
511.406463
526.590161
528.086434
548.263116
549.459722
550.342898
543.091128
537.504225
537.020550
543.474075
531.654507
524.775820
532.118795
549.379597
538.029376
541.149781
542.156392
539.621683
534.088402
545.819368
529.135743
537.642869
533.904339
534.389019
522.302065
534.084586
545.814662
546.565145
541.650345
524.439106
514.799782
519.268181
539.514867
541.519980
536.894321
546.401975
546.000792
542.871104
545.342901
567.594109
542.816218
551.962900
563.219979
549.017452
548.291091
546.826330
545.755678
539.379411
536.644080
551.682358
553.940275
548.741306
541.786395
535.035016
528.301899
530.106337
528.223815
541.209352
549.141462
551.826684
553.353511
552.931736
548.528989
540.542100
528.447583
533.892257
532.092639
533.534795
528.016875
529.653765
517.287896
522.611339
534.473733
539.975093
548.926958
545.466730
542.254961
555.565259
554.992620
552.872067
535.829126
539.120280
543.085953
551.003116
542.399650
555.815753
547.861139
544.543579
539.505994
527.666211
549.242008
554.428933
533.001039
540.258973
530.055540
522.109418
532.943643
523.728748
525.755611
535.462289
544.299375
547.679862
546.237784
548.341870
544.481638
546.183229
546.090000
560.308585
554.925501
556.119596
555.189459
519.510807
525.194328
538.655586
550.968118
548.734645
552.296483
547.438444
553.189519
539.730689
537.743405
524.763558
540.318894
542.601709
556.993354
552.818367
543.753545
549.028628
546.320804
544.239603
542.317411
526.290078
542.556880
526.407703
533.419817
525.724611
545.154992
551.495087
554.046650
544.090817
530.221336
536.660756
552.309998
552.221019
555.146331
564.351364
560.213357
524.741322
539.316015
524.420765
541.022597
544.330105
546.376890
536.815503
539.525132
535.764424
537.492234
529.016732
524.589258
524.095471
520.685816
522.226085
526.644802
528.146304
515.166138
522.576308
523.920986
539.199071
545.655765
547.016189
536.195982
529.716747
537.020550
544.677519
532.743459
525.358730
529.744125
546.564196
533.748100
537.541608
538.592549
536.015680
534.332039
540.054201
533.517654
543.112393
532.014724
532.016721
518.749303
529.278794
536.145752
542.664860
540.991854
518.479191
517.530140
522.183046
543.283050
539.221211
534.823779
542.782412
539.084905
539.263758
541.132206
559.010384
531.585109
543.633495
556.674266
550.443607
549.777439
548.352924
544.033551
539.892851
536.558523
545.267451
544.695898
539.189940
534.050548
528.523992
535.423220
531.205667
529.739500
535.054628
544.232266
539.767168
541.376056
552.201019
554.670435
554.465850
556.842290
549.048536
552.066551
556.051050
545.564733
545.510757
543.732493
536.002108
536.388608
549.157668
549.147020
542.686979
545.923063
536.974623
539.189220
539.171984
542.498880
537.205695
533.139476
531.730858
529.427386
521.417522
536.645679
542.816917
548.013604
554.261907
544.444804
546.590362
536.776844
554.694217
545.457164
536.107484
540.394770
547.917961
536.324031
554.452284
542.105012
531.692585
546.000348
533.867330
535.358098
525.309320
524.124696
537.881505
559.323770
554.721273
560.778829
531.801514
525.455410
520.619006
533.227109
525.946925
531.432702
539.994848
538.410465
536.959808
523.907588
533.729278
534.551323
532.382908
540.730208
544.756835
541.491896
538.155237
553.823487
555.500817
533.784971
537.064508
539.119299
533.644311
540.648229
548.731960
545.486684
548.369007
546.638739
541.932175
543.372426
544.160708
552.789037
566.308355
565.827547
556.303377
537.070999
538.314583
538.629388
550.430356
556.216476
545.346436
535.006228
545.481621
547.896082
543.956022
543.577302
540.996012
539.778577
538.115836
529.961410
533.832173
537.974995
543.665654
541.500701
544.293270
531.836959
538.141144
548.965780
552.131385
555.361692
550.033001
547.341596
549.286570
565.868234
551.787805
558.532622
544.283500
512.610253
522.255977
539.668006
539.622767
526.194861
528.895372
549.322735
532.115637
527.651443
530.042975
525.285960
535.344668
541.246864
548.489785
546.456001
539.103336
533.551747
546.147229
549.860320
546.935364
551.059747
545.509883
544.880425
541.146120
546.656889
545.942668
522.862016
525.806975
527.073383
539.669681
542.346052
537.735190
543.866411
548.701026
548.540286
543.272087
539.461067
542.914818
537.576622
531.064539
540.787470
528.430380
531.670878
540.397418
536.858459
535.698413
534.128788
537.737162
538.813093
542.094125
543.271800
549.235320
561.276661
561.662026
555.146018
557.224261
550.361961
532.146170
538.221143
551.271185
553.466025
545.560520
547.474673
532.306617
533.797054
539.500860
537.248862
545.531959
535.568946
538.306685
542.765086
537.241923
537.905895
544.298408
550.517174
556.125877
543.143374
545.581776
539.950359
552.572225
549.358861
543.503918
539.331289
541.103012
531.884781
545.771647
542.653671
531.849571
552.277647
540.308466
535.296054
528.355484
531.410283
539.391556
559.891060
553.738096
560.853301
540.632175
536.324518
527.689861
535.128010
533.539987
532.219348
535.529565
546.114474
543.489549
517.922490
525.745131
527.086794
533.243809
538.832985
542.169391
541.777882
546.631508
559.311207
559.858516
532.256905
536.256893
538.272256
534.590433
539.272441
548.804326
547.110987
549.326096
545.317217
541.511513
544.770032
545.828312
550.684370
566.568898
568.812264
557.418762
534.595206
534.401587
537.910196
554.436704
561.407613
547.930423
529.805505
544.151951
533.517434
538.368376
535.893930
530.529633
532.522759
540.231476
535.791348
543.020852
544.999860
542.139396
538.798861
546.882736
530.067207
536.248391
549.868804
553.348823
551.538323
544.779483
545.851309
546.993693
561.931364
548.073775
553.030442
538.757106
506.982193
513.766680
533.037075
540.001279
523.935091
524.034315
548.153881
544.197036
541.933392
544.235480
536.404212
538.093188
542.160894
547.224516
549.005500
544.698490
538.714037
548.973904
547.144339
542.905784
550.664335
543.487417
545.526879
539.702628
545.100871
546.716484
530.253909
536.338393
534.345932
538.486738
540.447273
538.207771
541.695464
543.217908
547.371709
548.560087
553.464381
548.921222
536.602987
548.864154
550.563614
536.370412
529.801773
532.534395
526.838787
534.359365
544.303106
542.361167
540.898064
539.492785
533.309603
533.681623
554.429425
554.682957
549.045592
552.416703
551.870593
540.104302
545.774963
534.475663
541.501427
534.580310
542.157343
544.886101
553.900812
544.238473
551.769781
547.662603
535.967026
536.122140
529.007883
536.221536
518.484726
523.048618
532.417794
537.827653
545.970090
531.731723
543.989451
546.981235
542.064209
548.575316
558.326340
554.713711
553.972418
549.655736
547.300031
545.065730
554.113840
560.452508
542.387731
546.234232
533.250358
537.016484
542.239421
539.668282
556.979537
543.838522
532.447790
557.894833
557.521386
555.329713
559.204486
552.027802
542.481667
543.004686
550.119905
555.628785
563.194542
548.349429
550.933185
547.157028
548.515534
540.901492
528.962482
532.899498
549.112159
556.328486
561.628234
551.729599
541.122718
543.510077
568.109532
560.525821
561.336227
544.609148
545.972177
535.032710
534.384244
540.779154
538.755984
544.257192
549.409708
541.053319
531.432269
547.388354
538.592842
537.872595
546.368230
571.270578
561.312184
553.789835
563.005071
559.819606
555.786474
551.190467
554.070634
543.688831
545.077798
555.407142
551.588550
542.964953
545.789294
534.600663
549.838843
533.404622
525.684546
523.733741
541.752653
539.161657
534.348683
547.866959
526.695678
523.178744
529.954939
532.743242
529.805693
549.361713
558.995821
556.351869
556.906371
541.306020
544.187348
539.782518
534.689686
548.364313
546.592108
556.646584
548.720382
543.214498
542.992938
543.195177
542.488010
547.253057
555.505858
562.930309
543.642504
544.065207
532.733179
530.919912
540.775897
536.740519
533.379491
535.010983
530.209983
540.093364
541.813851
536.788775
540.040275
550.665821
554.918898
546.159716
530.459331
543.050777
542.983950
525.747996
523.283126
530.808634
527.288697
531.228170
538.225547
538.299063
530.380982
531.876420
522.814822
525.023505
534.840336
539.572336
540.508593
531.714930
561.670714
550.095102
540.534891
536.728265
546.244413
542.365577
546.802973
543.829718
546.812990
530.523737
549.867751
543.703994
527.559932
537.248743
532.852108
542.675178
534.304033
534.549906
536.579014
537.075432
545.390287
530.761327
540.285008
543.516253
542.330321
545.661386
559.193816
554.881750
551.620045
552.525773
546.823294
538.876494
558.804233
559.028794
536.371013
544.319981
528.817256
536.009083
542.222910
538.335015
550.774958
544.204616
535.082731
549.225283
547.580562
548.714540
558.961992
549.589911
535.892037
542.387448
549.100133
555.463930
556.065541
549.173307
559.056236
557.060559
557.822938
552.335756
539.635075
540.134560
558.125197
555.505294
560.032172
549.809702
541.869620
544.758490
567.458245
562.360901
563.293473
543.157121
546.811311
534.789524
534.259132
543.485515
539.878503
546.395211
560.710517
551.268195
537.115327
551.582168
533.061838
537.543002
537.648509
559.020177
550.714915
548.382032
560.356334
560.264902
560.113771
552.567332
556.109972
547.038955
545.241763
552.400877
556.720207
542.410907
547.448752
531.343138
547.063940
537.962599
531.146940
524.467453
540.903464
539.569210
535.447025
548.359383
528.308527
524.356611
533.699893
534.546157
529.932696
550.549925
559.405469
558.393126
551.174421
534.963713
535.797102
528.221412
530.189688
545.193292
543.503329
549.843886
547.125667
535.375244
530.051926
536.239814
539.671786
548.548825
554.390678
562.804721
544.588384
544.746971
530.382780
526.869985
534.383171
534.869292
534.016888
535.298798
525.906471
534.305659
533.399631
528.458903
536.831688
529.964891
526.074677
545.041241
561.682642
547.739711
547.483511
532.552638
527.820407
547.297375
532.672458
526.136398
527.334661
539.309695
564.685405
545.684858
560.793480
538.231393
551.558145
540.334348
533.910720
542.888904
550.408661
561.592730
559.426137
544.758917
541.773896
553.304572
554.870129
549.852289
537.493242
550.961282
529.373263
540.081170
559.487208
563.402022
567.148481
559.987673
553.803022
541.483862
515.100109
532.495921
537.435985
542.549524
521.641107
539.464084
544.983116
542.265662
533.735705
520.413808
545.681514
543.500337
535.690150
538.036907
523.797828
541.726377
527.930633
524.863295
536.454501
536.745046
542.066612
529.342460
544.907155
547.478461
547.709509
547.382957
536.815826
544.663843
524.073098
534.818164
556.124950
546.560406
557.941505
558.743385
562.904556
550.888023
545.375944
548.233963
554.772256
546.090783
564.339579
554.358514
547.151697
533.964643
533.711956
549.789028
557.553945
554.275216
535.814475
514.980592
510.694592
524.010048
544.033885
543.027028
539.393310
544.060562
551.444924
545.358447
540.638488
531.985139
544.207998
547.989480
544.697596
545.628918
533.017161
524.704955
530.739983
528.025075
538.168328
543.607435
551.899933
548.088777
558.128455
554.279573
553.691851
551.591375
551.578188
532.043800
527.826554
528.963656
532.893962
531.872164
530.226633
527.098073
572.298068
551.933638
549.435777
547.370468
545.191619
559.288917
548.904150
558.164987
550.091896
536.606364
543.562450
533.207614
537.308201
552.833331
560.491846
555.879035
553.479194
545.153844
535.553189
534.313011
537.839731
534.341092
545.901309
537.383097
547.906013
542.692534
534.049260
540.535463
542.552848
546.900299
536.849406
557.446693
554.497429
556.666571
555.152913
558.913551
548.063463
532.402286
557.956142
559.058572
562.506548
529.910600
525.668892
543.572924
557.179074
540.982819
544.419066
531.588800
524.704476
545.963155
529.826261
529.840487
533.552249
541.213365
560.686349
547.060726
555.010248
540.620733
550.427156
542.106253
540.781924
541.454968
546.790645
554.054856
553.277689
535.952434
532.778400
546.057335
548.075025
542.235042
525.890138
537.574289
522.629983
528.849032
547.286999
543.733042
562.396296
553.876193
560.863492
546.159377
530.041330
540.404929
534.302095
538.078730
514.540254
532.392901
542.299624
543.097487
543.093813
530.948983
556.251440
555.200150
549.675876
541.720466
516.999372
523.810298
515.877005
514.894072
538.385492
532.184535
540.771234
528.147849
541.613486
548.486950
550.068280
547.507630
543.464422
548.964214
529.348280
537.879777
569.071490
562.861192
561.634291
552.199741
553.809674
545.487504
542.141558
536.530078
545.699417
542.735139
558.457204
557.044689
546.222487
534.245170
531.320082
544.446009
554.633312
554.286688
536.192597
515.421782
510.874694
523.596317
536.681748
542.077712
540.506009
545.952851
551.103614
548.093005
547.402349
531.078530
539.174000
545.138487
545.272571
542.118171
531.563321
525.593227
522.644618
524.129804
532.935890
541.411296
552.948055
542.360822
550.988850
551.024906
547.819565
546.749339
545.117973
533.997926
530.936241
532.028829
541.237677
538.315176
538.632120
536.262115
573.582752
554.720436
553.260775
552.862353
547.613463
559.209741
550.262700
559.683087
555.825297
540.006226
543.927698
535.547007
542.305790
556.332588
556.640326
552.322464
548.080772
544.864032
538.184948
537.620630
536.863986
536.872108
541.417327
532.160042
545.852552
545.529016
540.685879
548.852425
550.040763
559.458817
544.552078
554.395883
554.974584
557.443769
561.728311
555.156109
548.633956
528.230891
554.252058
549.746664
557.240945
548.562827
548.267604
552.471673
544.644595
537.049529
548.073321
527.580512
537.422702
548.238211
550.448244
543.641985
541.400725
538.226603
532.527992
533.630405
532.128973
558.301176
545.753217
541.975492
544.920958
559.051616
560.949201
556.460491
569.636802
550.110973
566.408538
557.649693
545.590517
548.500420
545.046741
555.699417
548.193032
545.585820
547.869275
547.037520
549.721671
555.299158
561.190899
564.982892
566.514214
540.780008
519.750211
524.835830
538.310463
539.661052
541.910402
544.758609
545.638387
539.907807
524.038285
524.604735
530.897226
527.944155
526.088753
551.022912
542.436550
550.532664
538.505628
547.839255
544.132281
530.538277
538.968266
540.511623
537.877718
535.135005
535.229798
533.388571
540.977621
545.582233
545.497541
531.781079
532.819848
540.054307
542.577789
545.989531
542.688068
538.254510
550.367673
544.414733
533.466461
533.145438
539.069537
556.865884
552.761277
543.507150
557.452007
556.582222
546.936127
546.353742
535.898474
530.403348
531.500991
522.960543
527.300016
549.997165
535.401891
545.805647
548.357702
564.906779
539.679449
534.663306
531.693789
545.471907
536.627142
523.945377
534.171168
542.922259
540.143917
534.559911
526.200598
534.003756
539.250265
538.173828
529.512498
535.066314
546.788711
555.399301
542.182203
541.256845
537.502621
525.733315
527.390851
533.188730
546.319116
544.037206
528.346730
539.919635
543.793292
544.531227
538.807962
542.725900
544.443577
545.092207
550.524708
555.726740
543.683710
547.965043
542.260399
546.307843
555.245043
547.539465
542.399162
546.036404
539.712564
544.729302
542.116372
533.191192
551.939662
559.791316
545.273682
543.105709
549.277480
531.700857
534.092970
539.419543
538.595604
535.043072
547.454916
542.138470
536.105214
541.038260
551.917251
533.364658
549.110658
547.176068
545.691348
549.128730
541.343948
539.177618
544.782722
521.374528
533.746330
540.161382
546.873110
542.862581
539.488858
530.987701
538.338520
548.818774
543.718632
558.406963
541.884508
542.995408
551.309683
556.983401
556.604906
547.413109
564.636786
547.435301
564.767352
563.775312
552.441583
546.504320
553.925443
562.847762
562.783315
541.894105
551.318876
550.682323
543.545057
552.489240
556.285636
559.810530
568.568492
550.508788
518.859367
527.981199
536.050103
541.225671
550.735935
548.981470
553.598914
544.093059
522.825942
523.375874
532.544165
536.948254
526.531004
543.343064
539.057356
544.961045
534.448016
539.781985
532.675673
530.450589
539.055018
535.678895
538.016776
539.750643
531.530396
532.952064
536.784418
534.950246
539.016021
526.221638
525.447974
535.308646
535.419505
541.618373
532.965483
530.911840
547.908682
549.914949
543.573832
542.158483
543.867810
556.028181
552.821114
546.735214
561.926059
561.798861
550.630071
547.588359
536.003367
530.096610
533.740797
519.901098
522.474220
548.592233
532.974238
540.640119
545.628501
563.396854
543.671807
539.170518
538.551833
548.534542
547.955497
529.940922
536.418939
542.426440
539.582415
530.036529
531.548872
534.102947
543.580823
535.472651
527.409998
532.899840
535.718632
539.869096
534.793088
533.827330
530.163855
520.899106
523.905845
532.358009
545.060344
544.037206
525.865467
537.297336
539.669785
543.528873
538.968001
544.358991
545.344587
543.407878
552.867301
561.322471
547.870977
547.590966
531.956175
541.020599
550.962738
547.085400
538.077985
543.732285
539.230521
543.540037
539.253704
525.210602
546.417874
554.763034
543.588004
541.468584
545.154027
535.061407
542.324747
545.075692
538.377287
535.286454
545.310329
552.403198
537.884608
540.667638
549.718389
532.119330
549.435931
555.247374
549.707677
554.186320
553.994891
533.269493
540.713666
547.219009
553.698778
541.366550
551.768749
548.247320
541.176919
551.394422
553.461133
557.832910
555.735960
569.579558
538.866241
537.116893
534.735595
527.249031
528.326268
538.427397
544.265021
550.019290
536.692137
548.237589
538.104029
549.867383
547.198384
559.029718
562.036146
532.270787
524.673537
533.186678
543.524066
543.837306
521.645578
517.798240
524.161594
537.481198
543.936160
544.117695
544.614579
554.360327
558.263720
559.168739
561.597388
559.150987
557.028568
552.698251
542.370937
534.966430
545.817867
561.945311
554.360546
552.367708
560.377639
568.750301
548.168970
558.552217
548.393122
554.918111
544.806864
520.156435
539.475366
532.807036
540.162132
539.794786
533.822211
540.696468
549.256889
546.065533
534.772287
533.839992
531.892189
549.006265
536.746478
534.595445
547.584972
543.465505
542.621168
542.813641
556.937733
555.260973
552.587442
543.141314
554.580468
555.287580
545.954779
556.460118
562.595361
550.047246
533.449449
526.757632
553.748494
546.919968
542.014675
540.074267
548.059400
541.220986
535.745830
535.246865
530.363279
549.101721
548.643440
542.440371
536.864297
546.605220
542.197009
535.622044
537.222724
545.581322
564.819935
554.896068
539.489092
536.963264
538.159038
539.750086
552.174724
555.539308
553.723584
557.004231
551.690012
539.484285
533.292312
529.030343
516.490048
517.590275
519.186358
527.763893
536.769799
544.676542
538.626540
541.473564
539.698304
550.079166
547.829178
544.523845
552.591907
533.294046
515.696989
523.309943
537.701600
530.558896
525.719517
533.003984
517.470100
530.749771
538.436145
535.939689
546.333925
548.206223
531.285486
542.997881
551.164411
543.215588
540.492525
533.745677
539.708004
537.606734
526.022101
522.669985
525.735032
551.874012
548.344614
552.206922
559.691189
542.581728
551.354975
558.719945
565.920146
550.661401
563.121880
558.670659
543.948802
546.424924
544.622921
544.420342
548.298900
555.152046
529.592463
535.443102
527.854775
519.518550
517.903837
531.851592
537.099905
546.641921
536.340496
545.462063
538.965219
563.468076
558.009784
561.789122
566.235238
538.396464
533.587799
529.449253
544.460692
542.389234
521.448843
518.468774
520.625722
542.371861
541.854077
541.219814
541.989691
551.278953
550.509204
554.425456
563.032151
558.812227
563.151499
558.119555
548.850813
540.756604
540.843995
560.050885
548.443897
545.005797
553.389191
560.936263
553.221060
560.574510
553.954239
555.374236
549.945580
530.215963
546.688038
543.371319
549.802645
550.024863
536.611139
540.358194
555.090683
543.806160
533.375160
528.876972
525.930730
541.790115
532.888757
534.703940
543.760671
547.214957
543.074506
544.303517
559.548867
559.514084
554.473845
545.369197
553.774443
553.904003
551.131623
560.409662
562.665652
552.903982
541.117927
535.834473
560.971467
551.056251
550.050520
554.977865
550.861385
543.525999
538.885781
537.716718
538.241163
555.919735
549.593846
541.308601
532.414645
542.943677
537.286518
534.216250
534.763390
540.136494
562.651734
553.742837
539.841035
533.115198
536.745291
542.135990
548.446846
554.608562
551.194797
555.976467
551.690012
539.554811
533.388065
529.030343
517.001548
518.053867
519.637173
525.391156
531.293316
542.256776
536.268066
542.033528
544.967051
556.373901
548.561812
541.393890
551.077671
530.952750
514.510480
522.430543
537.636800
528.382987
522.050082
539.873529
518.728299
531.943644
539.453657
535.173866
548.107771
549.578273
528.532361
535.653090
549.355620
539.967540
536.374820
532.602922
542.066924
534.752724
521.261030
515.406647
521.083541
526.804005
541.789377
538.878312
556.956783
551.650160
541.994938
534.759329
534.576945
534.838222
543.903875
534.392603
532.452164
533.780473
547.340856
529.980561
539.810936
543.667746
534.981298
542.811072
558.752856
553.824401
536.912498
520.905082
546.334887
566.620772
549.381487
545.698238
557.358856
527.532372
539.132734
540.388842
554.201791
545.062279
544.753272
533.584449
548.881554
546.666727
554.103749
531.204233
538.599084
536.755864
536.915953
547.566409
539.136638
549.660192
544.568790
540.741960
552.760721
542.628196
554.120633
530.836413
546.845480
546.579829
541.428379
533.448882
543.230301
553.891798
534.466922
547.259805
550.104966
546.892894
541.749907
541.693254
535.378233
540.334079
540.652469
527.581562
520.783063
535.642274
542.069588
555.873109
543.366699
536.549446
550.593526
565.097513
554.861286
552.389263
559.936487
545.933363
542.200256
552.068312
554.324792
546.743882
552.096854
552.044200
546.475425
558.760733
545.372805
538.814166
529.992838
513.865625
545.289345
532.448337
544.761440
519.375119
529.908480
535.862246
531.890939
522.502704
540.784120
545.417128
541.320750
549.031900
522.547194
540.145055
541.280354
539.478481
529.206204
546.416971
527.695731
527.513012
531.647651
518.939538
513.214921
527.011830
526.824565
533.345391
532.054779
545.160086
534.705224
550.640988
521.739178
527.579067
530.337209
528.360938
532.675078
528.319228
539.399247
539.021091
544.895096
547.629196
547.116120
541.647587
520.658478
537.276465
536.408261
535.516968
537.407789
544.532026
530.440726
549.466010
544.433424
546.889080
548.213065
546.953933
552.705153
540.366479
540.118127
544.350168
540.408230
540.184948
546.907331
553.319852
544.919901
534.083007
531.412236
534.677312
531.675393
536.514315
527.690580
534.440593
536.344407
536.516055
539.864805
528.984633
541.078050
544.497970
561.795425
552.986412
537.329852
524.456626
531.381879
523.596265
533.317804
525.055465
525.938799
536.861767
541.891357
528.785858
540.118290
542.591846
545.862333
540.233981
556.837069
555.714480
537.530687
521.056208
548.432950
558.350989
540.224470
535.285156
547.497577
523.445130
534.269219
534.314339
546.731220
545.114611
553.404394
540.544429
550.382973
543.281980
557.129239
539.916663
539.942931
537.255646
536.205847
547.317446
541.922300
551.219405
552.360371
543.742288
556.813359
549.800311
553.300137
531.541587
546.700178
553.878924
548.852033
545.037255
556.000278
559.951762
546.401814
556.712317
552.619622
549.737956
537.424840
533.684361
536.498264
538.214707
526.270769
521.376861
520.480292
529.400755
536.614900
549.108349
536.827543
540.845222
546.429784
557.027363
548.408236
542.222515
545.526257
530.008254
537.417192
549.242874
549.973240
545.472042
550.695936
548.392767
541.672654
555.765068
539.523074
537.806218
532.073173
512.137523
549.846429
533.046303
542.975930
527.611643
540.333063
550.747222
532.265986
520.843232
545.372917
551.138804
547.213812
547.261051
530.990633
540.646435
540.016473
529.278359
520.608271
540.207249
528.501515
525.117425
528.610423
530.051402
526.062061
535.030656
536.636124
539.363799
534.554546
549.583320
537.868170
554.157996
525.691346
530.994953
532.148853
530.527664
534.075013
527.040299
537.611515
537.530490
542.232240
548.687210
545.478221
536.975299
521.207367
536.852336
533.028059
537.185367
542.246115
545.263246
531.073605
542.539289
539.429475
545.375047
545.911551
540.725345
558.128886
537.298772
538.931597
544.265370
540.982402
542.708161
550.178765
555.705780
548.377527
532.890328
524.853474
526.135438
524.965716
531.174778
519.671820
526.686269
527.068496
530.468711
542.986007
539.164632
546.043502
530.038801
524.174180
523.464870
545.993046
553.588009
544.071482
549.434880
554.266152
539.256271
530.813846
529.276675
528.878595
533.525678
544.457702
551.896602
562.900007
551.370100
549.093750
531.367551
545.071915
550.607219
558.074446
528.992210
521.493876
530.728115
529.055994
534.526491
538.558029
552.122901
543.373266
545.616407
552.846764
558.971921
552.995325
545.965654
539.654277
556.606578
547.651245
548.550796
532.208925
536.315574
551.084990
553.534666
533.395716
530.127578
523.818522
539.904004
545.281964
551.216653
545.164438
561.331545
565.202635
563.033442
550.101873
554.188711
557.708904
531.553190
530.188787
544.618218
520.824389
541.030233
529.930737
518.987273
550.269775
531.977435
536.676806
538.035300
519.367942
524.177783
518.621857
536.443285
544.890875
540.104668
544.430444
551.413938
537.255142
534.426951
522.789755
523.967119
532.101493
545.334305
526.536463
534.410488
524.947696
535.369375
552.580398
556.467658
542.759439
536.421094
538.374179
540.358666
553.496101
538.205093
540.636846
542.155445
535.936975
542.349119
535.882233
528.147829
524.506637
515.420299
526.979387
540.326716
526.052631
523.898642
528.017766
526.683680
533.382744
531.461743
531.635213
540.160391
557.362723
548.225231
535.388922
535.222784
548.345260
560.092693
564.549273
553.542008
552.667624
547.501911
547.308854
550.793346
551.637993
543.710738
554.784982
539.377333
548.319958
556.101800
546.432711
537.198638
535.863664
539.843906
541.396744
539.783515
534.269372
537.048363
558.709365
544.431982
534.184963
531.194513
526.617534
531.110373
518.150784
529.102505
536.062231
547.067396
541.875686
540.155588
550.373486
555.477132
559.420826
560.019769
550.691659
552.764045
550.303373
543.370396
542.540995
541.304972
544.455372
555.064108
540.222083
537.611393
540.960244
525.808882
521.862333
533.613710
556.587200
552.117136
555.183460
559.881586
554.197780
534.310586
527.792134
521.871159
529.527192
537.442879
548.178758
551.017365
563.751314
555.103933
545.237702
528.980703
532.309416
542.175039
550.373434
540.305992
539.932545
546.522471
539.158950
545.882028
546.676298
555.405275
550.632286
549.812714
550.415516
565.238073
560.206048
551.075224
546.100045
561.907629
561.191462
550.705686
529.805459
533.043809
551.333703
552.208790
529.238707
524.992371
524.432781
536.762533
547.989182
559.419692
553.072182
561.458230
561.395059
557.289968
544.007504
550.943723
556.206065
530.396920
523.742597
540.146887
514.547186
530.492458
530.446680
519.086454
547.689889
536.529238
543.487241
545.105862
527.497976
530.261210
530.163625
536.696287
539.370357
536.662610
535.242325
549.005423
536.080488
530.153619
517.469023
524.835435
528.964091
543.023508
523.628626
526.697168
518.813727
528.723210
550.109722
549.480462
541.447417
531.201693
532.136944
536.531902
551.718252
537.258140
544.595240
538.197984
537.086328
548.853907
545.737775
532.623420
525.576839
519.916747
522.981104
538.633262
528.105737
526.733039
530.490959
534.050147
534.736323
540.942629
538.995229
543.915878
563.434535
549.800504
536.395527
538.855229
544.913465
559.895673
564.948192
544.464623
545.919627
543.396619
544.892699
548.997528
551.985433
543.801726
556.743445
539.221983
545.163786
550.765534
542.012724
533.132868
530.466030
539.505609
544.681816
540.312229
538.273827
538.714953
565.242248
558.119585
542.152928
541.195393
529.908263
542.030477
525.664327
529.011440
536.412817
547.293196
538.461743
533.340301
546.031805
552.059559
557.381686
560.024528
555.490652
554.725619
549.495461
542.685775
542.897738
539.184481
544.138612
553.540398
541.789798
531.013187
534.538686
547.467839
552.475177
551.947202
543.541467
540.643239
542.578846
534.746288
553.794549
554.730558
538.065682
544.635204
542.214274
554.814085
543.445646
528.508224
513.082557
514.298727
540.123269
539.184314
571.884361
556.184579
556.963662
551.408905
550.185916
546.484104
553.381935
540.607886
545.834084
535.083079
538.949582
532.457555
522.101840
528.426702
542.454761
555.454670
546.649696
539.364008
529.193958
531.733967
519.260609
544.969672
535.846291
542.503128
531.349602
528.267858
542.973392
554.603237
547.248085
530.499229
532.838100
539.396729
523.974271
521.798275
520.248550
526.903476
541.508069
542.894570
567.274163
558.424885
569.129568
582.179604
569.894297
555.532534
549.558396
538.030486
544.924319
564.294226
544.038277
546.084791
529.761121
525.187601
529.270819
530.629211
538.552433
541.267322
542.463390
551.297358
549.671350
534.063756
549.882835
539.315220
547.623133
551.011582
552.062567
541.351995
543.763221
558.204519
546.660380
560.742380
544.039775
545.653872
543.043043
552.154925
553.943950
545.924233
539.434595
528.702970
543.120696
545.024269
548.865943
542.695847
561.531253
546.713992
534.083687
526.079282
541.908672
545.433508
546.933058
554.656043
551.703588
541.648757
540.585549
530.756958
515.525431
515.543381
520.618315
527.362349
532.118977
544.583146
549.833164
542.986950
546.791716
529.652043
534.907875
531.488999
535.394156
548.278528
540.380407
541.052169
555.172992
538.404368
535.804561
544.285247
547.336691
542.948458
545.327306
532.309577
549.161461
552.818749
538.036259
540.989919
541.794179
533.727162
552.440541
557.903443
538.997163
556.717659
550.187521
552.801537
560.114543
556.670268
551.904050
544.382823
543.383756
541.440508
536.065898
544.505409
548.662516
538.342504
552.280605
557.793074
542.775562
528.425888
532.440693
547.283751
551.736650
548.585123
541.530932
535.443040
537.959817
536.582539
547.473343
547.324365
541.377793
552.513182
546.567287
555.789917
548.092498
536.064125
526.127083
518.838626
528.069711
537.843602
566.203732
554.437620
549.537581
544.410421
549.080213
549.399354
554.081866
542.871738
546.982760
531.648988
545.335262
541.334373
529.903253
542.546537
543.241484
555.537675
555.098174
550.036763
534.850721
540.480305
519.885280
544.969672
537.232469
542.626056
530.556484
526.648837
540.937158
546.620005
541.179413
530.003928
534.163469
542.217426
527.839344
517.271786
511.266372
522.950434
530.560961
530.877465
549.011684
550.665408
567.167695
574.841511
567.839235
550.356980
537.846397
526.899960
533.468762
543.525724
528.222919
540.522096
530.119265
528.715224
528.497516
525.361277
537.081582
547.923139
555.915225
560.548068
558.735192
538.846211
545.791234
540.609599
544.133471
547.461351
546.345896
537.765303
540.670443
559.817671
549.418545
567.118037
557.852127
556.801834
540.856141
547.245513
550.182157
543.800012
538.673781
537.685959
549.945210
549.698236
551.952922
547.673221
559.260933
550.701645
545.336177
525.897733
551.849392
548.249320
549.237647
555.219982
545.310175
544.847813
539.312074
539.330160
528.295945
523.008482
525.223238
535.017700
534.997527
542.120581
547.774593
540.691412
547.378617
531.041801
540.228392
537.990262
541.061453
551.808242
544.209886
542.270725
556.975737
540.365445
541.348017
547.526841
552.122630
548.905814
547.388424
537.896473
540.829703
543.834206
538.800458
542.196182
544.782656
536.085278
552.873337
558.938040
547.123359
560.487901
550.406109
541.209265
555.384720
555.105039
552.899306
539.376007
548.988575
543.730126
544.174578
542.114154
543.046916
530.541570
540.567292
554.234462
541.428216
557.212567
555.395045
559.998226
554.446301
551.993769
562.879167
550.554821
551.531417
553.876583
553.545949
542.657034
558.050984
543.989561
531.786270
536.353631
540.276392
554.050014
541.868446
544.941503
552.537234
545.249905
531.191263
535.603188
536.126496
542.707138
552.245744
541.572338
546.808277
549.303532
531.066976
539.367577
560.606322
557.329086
550.551086
530.410842
536.680657
542.148528
547.033486
540.323205
551.148538
559.890185
539.872669
546.643858
536.181079
529.437341
524.183695
539.981256
544.393171
541.805637
547.306946
528.069075
516.965680
526.326236
545.217039
544.803388
537.877072
538.374343
548.589350
551.704131
558.655059
550.255818
530.575679
549.029654
536.103973
541.332692
537.935072
541.502839
546.577409
544.006784
530.974558
542.925597
544.988632
566.212682
571.805866
561.159393
545.026271
550.066829
543.313747
534.301958
533.494019
536.943574
542.523488
546.014913
540.126077
541.929143
533.729101
530.681097
535.825135
541.622727
542.755773
551.345083
549.064402
561.416984
541.205990
542.764664
530.502829
530.444033
519.507112
528.977972
521.697565
536.395465
535.733062
534.042034
528.741935
527.805579
533.772586
531.012335
537.994497
533.531333
542.973805
527.846254
543.078096
548.273377
553.473146
540.290310
543.929363
544.280818
529.973436
527.459650
542.422260
543.619383
556.128838
555.443940
545.360442
537.836006
548.602094
537.161146
534.799520
533.548642
537.581116
547.348252
556.074750
547.779306
546.314121
549.755538
562.574145
550.768321
546.549920
560.853819
555.999688
555.001819
544.450746
540.444501
543.948760
536.078881
543.298946
548.581713
540.629315
538.617151
539.292823
553.881076
556.374561
545.768759
526.566407
514.405551
523.180518
541.531267
537.860834
545.230839
540.657181
539.169410
538.140169
539.283827
550.410041
555.263792
551.431672
561.208062
551.591286
550.159702
561.913123
556.097075
557.808667
564.730797
551.996786
543.624149
544.155046
526.450462
527.667972
533.561905
536.292869
543.633945
544.680284
551.820774
567.983509
553.788901
537.799514
533.306477
530.361039
546.365265
559.500541
544.409830
554.486620
553.242224
540.810215
540.845694
555.509923
559.141735
545.838130
528.857980
529.297965
540.089988
531.525385
529.919561
542.994844
549.303613
538.750078
546.338238
534.039134
534.597692
530.048301
541.584675
547.016061
541.142325
550.067207
528.991383
506.773825
520.320007
547.465637
547.599572
540.519201
543.049035
551.412001
547.204354
555.255032
549.081063
536.379914
532.665496
528.633859
537.480387
534.917556
546.415880
553.854861
551.361985
537.298154
553.601090
545.964052
561.094540
571.663503
554.998568
538.711798
549.534184
546.427357
543.641439
541.517135
536.352712
543.033246
545.664513
540.915035
541.321603
532.874199
531.359782
537.063552
541.638034
543.083664
553.593082
550.618537
555.391927
543.096550
538.501590
532.302963
531.699280
525.039380
534.792678
515.985228
535.173782
531.624767
535.583805
529.901214
530.138784
535.055673
533.722669
538.333774
531.571397
541.173159
533.140703
546.822239
550.741509
559.917781
550.434411
548.876630
553.342459
539.482554
530.688615
543.572149
542.038538
559.031316
558.706193
546.578914
538.272240
548.940114
537.439387
535.846556
535.381585
536.068633
547.303774
555.552621
544.607518
548.265790
553.310682
569.626097
552.722045
551.123320
565.426011
553.027253
550.991844
546.512525
547.555548
546.305143
535.395132
541.413063
542.394785
534.909409
535.265496
532.131615
550.130276
556.374350
542.638514
529.467499
512.407506
525.742920
543.167395
537.638756
543.628314
540.716898
538.321942
539.943651
541.275603
552.836465
538.677893
541.644383
566.014721
556.760285
550.284291
549.614212
551.832249
553.147704
545.091403
546.838154
535.911127
520.922347
530.807736
536.530292
542.767128
549.402143
553.987281
522.872352
524.392679
524.089818
520.357071
517.973726
531.613272
521.910053
544.267825
541.609043
535.778125
536.557325
546.994575
532.854876
529.915515
528.403463
527.631454
522.581898
522.201094
515.430254
519.099642
530.442831
517.349643
525.649372
535.348403
532.594019
532.703870
525.233364
533.391110
541.578138
548.476514
549.241338
536.518233
532.643507
535.901398
518.020331
528.037349
545.752930
563.077900
546.653334
549.041768
550.333453
554.152839
535.680757
536.801354
540.891381
549.373990
550.529558
535.125942
530.773976
539.092967
543.823465
538.294435
537.210903
524.842903
534.414124
546.234297
547.413836
541.562565
521.761329
531.229339
518.104785
516.599512
520.995745
537.592911
547.658770
560.928664
556.413597
539.655479
528.670263
527.073266
533.874770
527.058122
549.042012
548.782169
568.498989
563.150549
556.824654
543.041330
544.658925
549.500365
538.271575
541.946599
528.153314
532.531989
528.939351
523.493510
551.490000
543.852950
546.382832
546.293681
541.724784
542.383040
533.410218
535.484625
541.421543
546.603803
541.425746
551.672046
532.752369
532.556159
541.746487
530.968981
545.687488
540.717187
554.913457
540.065962
536.898295
540.180873
528.025455
540.375327
543.464549
548.052035
541.901347
535.086109
541.255918
530.537137
537.833355
538.041336
533.058654
533.737049
535.590362
548.622323
540.903250
557.224162
556.278935
551.680674
540.459865
532.493319
520.949691
524.516403
537.802443
550.473710
543.530923
539.964499
537.845881
545.599458
526.871880
529.617857
525.383491
536.573574
549.472534
546.062777
543.181163
544.520409
535.156330
529.806573
538.313038
536.360418
537.627418
566.413119
554.043076
546.253575
545.511669
549.825311
567.865574
549.233495
551.637830
552.512391
533.323991
541.185861
542.361428
546.522760
551.131835
556.437026
533.408205
539.308820
538.400804
529.831380
527.444840
539.523975
530.370671
541.305819
529.931595
524.916684
527.024525
540.671344
530.197253
532.501205
535.081019
542.228503
536.128568
539.758044
525.390971
519.222632
532.471562
529.463164
528.062920
535.909107
529.665698
526.767517
523.204621
534.843913
544.650476
549.923279
550.822517
541.271663
534.618646
537.331842
525.105445
536.639155
551.355656
566.530703
544.949307
546.969203
551.746026
552.219736
539.456982
533.550730
538.253005
555.343710
555.133784
534.370822
520.347682
534.220710
539.398363
535.108333
542.914242
536.163920
541.859033
552.809172
553.876062
542.371634
524.167595
535.692980
525.182619
521.194908
532.502775
540.555369
549.219705
561.584944
556.603245
541.028299
534.111210
531.662240
535.306207
528.928186
550.348626
550.183853
566.790023
557.122999
552.815110
537.582380
538.321529
546.217811
542.024975
541.703997
530.751838
532.078048
527.431786
521.260877
550.199659
543.085303
534.274203
534.285486
532.526301
528.697459
531.016006
540.104477
542.191557
544.899665
539.498125
552.658713
538.221281
530.980451
543.352690
524.648645
539.403835
546.925167
556.932018
543.815834
536.898295
542.128257
531.067780
540.304915
544.455369
548.773485
542.457494
534.050978
543.923564
530.123915
536.183658
535.139763
532.838666
531.650102
531.218554
542.731460
540.940805
557.087872
563.285450
553.841595
543.982329
539.988307
533.527218
533.302290
544.598137
552.276704
542.697509
531.643822
530.290874
539.497876
525.441646
528.228907
531.328008
537.677958
549.443506
548.699026
543.808863
544.639612
550.425836
543.016518
550.667716
549.553494
566.197509
545.733971
525.347943
530.654703
537.698641
540.376901
560.733648
574.263915
557.131850
543.834241
528.951355
531.236076
554.893780
543.828793
549.066525
556.893528
547.928060
553.867426
546.932570
551.683203
509.260436
520.155356
533.604062
541.603805
543.252169
538.470345
552.909643
547.628583
558.956261
554.282441
545.882788
543.914556
542.520275
554.570972
537.489270
529.489744
529.800458
526.424795
540.466314
529.186516
528.303484
541.778191
539.017770
537.407266
543.070847
549.084997
548.980840
547.971861
547.158209
552.642136
557.248166
539.459085
541.167744
538.655087
545.565795
544.841112
559.982055
559.801569
566.246263
561.639400
559.920405
541.234595
545.792984
517.810051
542.550207
542.973229
532.354697
541.716668
561.749211
542.662127
531.682383
542.814695
541.143930
535.902659
546.898906
531.979101
527.208242
533.572035
556.824721
551.968004
562.168995
540.812854
550.465269
532.444437
539.772398
534.485016
531.697774
538.826903
544.234537
539.669205
552.847462
549.396699
537.355789
530.508525
537.653257
524.188396
536.509009
541.407855
530.443447
538.640345
527.905387
517.785704
538.328130
547.781075
531.363875
537.332290
540.564251
524.481894
528.588193
531.226849
537.763700
533.529973
530.341513
543.715983
548.975064
542.619968
549.061768
560.224477
545.798003
559.592358
553.451987
539.731215
533.308100
531.069392
535.491541
536.297856
546.407135
535.358777
519.568231
532.244969
535.800786
535.572943
538.189134
540.397125
540.920125
543.367056
550.512041
527.049643
531.980486
536.123668
536.742471
546.788027
543.353793
539.513482
541.846610
551.800189
541.480799
553.484987
549.110814
549.188520
546.381712
539.317321
548.315559
568.409112
567.945464
564.951617
555.212383
541.263140
541.480365
538.233370
538.684899
538.241414
559.026766
549.042473
560.032185
542.040576
520.851729
524.903104
540.568984
534.459228
554.888721
555.652235
554.085038
542.043335
527.797884
529.644696
558.371044
547.975508
547.575857
552.339167
546.898569
544.211750
541.957729
548.976510
516.008466
523.935614
531.584038
547.017572
552.185005
548.229835
553.211384
547.782295
547.019440
545.657810
538.079066
538.123427
533.524716
547.699550
534.672256
533.303637
540.865149
536.787532
538.578131
522.421435
528.303484
541.778191
540.821445
538.800744
541.348292
548.806850
550.571608
550.976038
550.895012
553.422821
557.843960
541.127009
543.916388
537.153438
547.529470
547.328453
551.992468
559.808924
570.793574
567.243774
561.824768
536.965635
538.843941
516.282493
533.863931
542.114699
538.111447
536.058650
554.967698
534.648922
530.941665
538.757997
539.346469
539.875953
550.909446
527.128149
516.112625
523.751358
557.236125
554.004500
563.909474
540.812854
549.843866
533.366330
540.902163
537.031797
539.229042
549.150854
548.862008
540.409754
553.475027
551.450417
536.728430
531.212830
540.312850
529.949998
544.362033
545.809552
533.397844
548.091567
538.491830
531.357562
553.757611
562.153332
538.423689
546.049916
541.385233
522.822301
534.569989
524.500953
538.894781
540.972507
530.997024
538.610108
544.936443
539.344974
546.145294
557.281976
547.296151
559.681594
553.861581
538.545409
532.179088
530.727570
536.155984
535.156014
546.476712
536.311456
526.046173
535.478251
536.359814
537.777070
540.501713
542.185815
545.784882
544.514667
546.977827
525.763984
530.339907
536.056619
535.279815
538.850530
538.238349
536.147482
541.309195
544.035446
532.091352
544.288839
542.159643
544.797751
546.841027
538.247213
547.240623
565.863724
573.237283
566.168993
564.016636
549.622533
541.802618
541.997295
538.550983
539.019400
559.546800
554.594147
551.646601
525.260290
526.777186
512.491435
535.128810
550.668966
533.638843
535.436144
542.848744
557.334891
559.387065
543.118640
556.951822
543.631069
546.134458
525.521834
542.667177
529.823917
531.785629
526.992596
546.205535
535.221652
547.163341
535.910985
543.572084
540.089006
547.080721
562.034679
567.284992
559.537871
564.804813
548.317722
546.834761
532.712707
547.892144
536.141434
538.932452
532.811789
523.162003
528.599209
536.429329
536.725872
523.563469
543.550243
540.604371
545.287013
544.459998
546.353686
542.885699
554.330142
548.555867
535.206172
532.864698
533.378880
546.162983
554.293677
536.882042
532.242926
543.394612
526.983934
537.642832
536.452413
535.726530
541.897396
551.034350
528.841884
525.535979
539.430321
521.549952
535.929482
531.279550
545.755471
532.303330
524.367348
531.517597
539.193520
559.249925
546.561157
532.049000
528.891412
545.324999
554.970731
556.987191
547.807894
557.123685
563.170216
543.693693
546.439303
557.883268
553.817747
551.465581
555.969006
543.742099
560.502849
548.496799
561.255392
554.190210
534.119107
531.360048
540.981570
551.161414
557.895983
528.015039
520.795272
514.718602
526.316541
527.631786
547.024531
534.756162
538.010007
547.142361
553.174235
542.444192
545.147170
549.309642
533.097105
537.320237
526.121719
541.542625
542.997768
534.410850
539.835445
546.258561
548.192033
547.255076
535.030735
549.448721
558.821300
551.802618
554.551183
546.514312
551.558890
549.371554
531.013511
535.156923
542.524459
543.954953
546.219837
553.841210
560.120384
556.294232
549.829464
536.615004
506.377853
522.372215
532.674775
538.679415
551.617771
553.087887
558.726704
547.790948
548.808378
534.946052
539.119147
538.292795
541.146187
559.726994
545.486513
546.433172
532.632534
523.438809
522.755135
541.375641
553.173043
549.635530
522.901796
524.448049
516.755578
541.419052
547.058854
529.221712
527.556229
541.060293
553.149237
555.458186
544.493507
559.592914
547.008953
554.479430
514.188547
529.285124
529.080862
524.198914
516.473080
544.347764
542.723912
546.394693
536.264426
539.966870
546.256098
557.899134
569.173108
563.514363
558.637460
565.499609
547.160280
539.053604
526.818678
535.431672
525.372409
539.840949
535.958946
530.034995
529.785347
534.550426
535.047055
521.650695
539.284626
533.505304
545.354388
547.643853
544.380080
545.525925
552.518815
545.131540
540.416277
535.245836
537.013514
551.019429
554.138075
543.147481
538.037068
557.891400
541.532202
536.444241
521.966153
529.935692
535.664812
547.312550
527.060864
526.816334
537.756375
519.877426
528.399243
527.127480
551.256020
539.025228
528.081729
534.846729
537.440385
546.915633
536.675549
530.782763
527.837256
542.930761
553.203497
554.494173
542.171689
554.578092
566.995171
550.758155
549.277835
560.794558
555.046118
552.559821
552.558634
542.453640
559.237874
549.439574
565.972650
552.606494
532.393239
529.495527
538.854009
551.862894
559.270172
527.025164
519.680476
522.794811
529.746229
535.260502
550.755114
538.058707
546.482827
554.175258
550.768096
542.816155
546.127899
544.503805
528.628208
532.924165
521.036819
534.751067
545.681346
540.406616
540.867015
546.258561
548.192033
548.752827
536.375219
546.615636
557.762302
554.317941
552.810341
543.402263
552.642253
551.971253
534.707491
540.408659
543.164489
551.166854
549.287224
557.295666
562.752687
558.840308
551.646011
536.806614
512.044831
521.225278
531.850600
536.960457
553.030354
554.811805
561.485598
543.750982
537.773148
529.967795
538.859026
535.143627
535.273035
557.273328
545.890111
542.077008
530.097507
521.357454
522.971950
539.333211
539.895125
560.632676
544.237934
549.028107
560.160202
546.965309
544.484425
554.401771
551.998860
536.797453
521.124362
540.132197
538.054965
560.372903
556.618206
548.191572
533.379706
547.975741
540.814906
544.336397
547.730144
559.403319
555.511849
545.644104
529.087969
528.720132
541.615843
542.659376
545.476038
537.153013
540.708542
543.294913
546.127194
546.353149
543.707585
543.665857
545.440085
528.785911
521.049150
530.723871
524.653004
553.396271
558.256924
562.092025
553.630615
551.197737
541.560143
553.909415
573.292237
552.444703
544.751744
555.446308
544.625084
551.781367
536.513794
572.682330
547.283704
554.470812
546.057160
547.313111
553.477580
545.201972
538.617291
539.990066
563.971053
554.054125
542.952219
547.126253
529.866400
527.632204
532.329100
558.315811
553.006527
545.444097
534.867255
529.702105
538.324450
548.922659
534.065459
549.749650
525.763491
527.981036
550.724421
549.516016
540.067220
540.111885
534.202184
551.107513
546.274871
544.923591
553.827854
550.902510
566.533949
549.857938
544.686290
548.437911
545.607167
541.145841
528.795338
527.115760
545.370932
537.271936
540.174409
534.674034
536.745871
537.471710
539.121580
536.433467
534.317118
549.546216
547.638679
541.246566
548.817503
562.640141
551.199491
534.801140
539.894905
557.044877
547.970775
544.780590
547.843421
538.835122
547.223296
524.818365
530.722596
529.847257
527.682840
537.557824
538.477979
536.988162
550.868861
564.148850
564.814402
546.615430
558.671342
548.671073
555.341349
539.698837
535.579566
540.140369
529.216770
534.250690
538.948508
539.769772
555.673939
550.141720
550.398281
538.943892
545.586074
532.789801
536.123822
516.397903
516.761947
524.604161
534.590854
560.082156
555.562275
554.593241
551.381188
553.350541
552.250601
544.234513
551.471794
535.317584
538.591951
557.912050
543.010060
542.400747
552.431135
542.331206
538.393859
550.908571
549.026521
534.240014
527.793721
539.907234
539.260069
544.687916
547.190568
554.176833
543.533277
547.213118
538.128048
534.810745
553.163287
557.166783
559.124800
546.592522
532.897728
534.380026
551.509408
550.969192
559.272238
538.792498
535.686072
541.852706
540.423830
540.595013
534.745730
538.889004
535.665720
524.048488
526.860404
534.495518
527.532521
551.980574
556.568043
560.410250
556.274946
548.824348
536.923705
552.757417
568.685778
551.369987
545.415269
556.782442
549.011492
550.630314
535.117978
565.316342
542.494303
549.884721
545.166786
545.594041
558.607113
552.949482
552.044705
546.416010
564.075738
558.621273
540.036119
552.010100
531.414120
526.068753
535.060697
550.944703
547.484613
542.251054
535.319853
528.168489
534.971835
543.131175
541.133112
548.609298
529.208433
531.310042
550.724421
551.252563
539.627259
538.467457
532.066250
549.616423
546.876219
543.741254
550.996395
551.361896
564.861465
549.791968
546.575044
553.778178
547.456478
546.507495
535.871499
528.229309
548.074231
532.069248
540.608443
536.793189
544.649064
541.576094
534.942397
537.065837
533.962618
550.678406
552.772240
552.276044
556.678902
561.534274
555.494969
527.547982
525.049200
539.144090
544.066917
533.765925
546.591795
546.894488
552.878615
524.818365
530.722596
530.629259
529.141217
538.436870
542.155883
538.056858
549.560890
560.656827
561.984365
549.286806
558.015281
556.032511
554.847787
542.832914
539.786770
538.764760
531.896724
539.814386
543.995408
544.602571
549.734444
543.070591
539.602704
529.544221
537.913417
532.504246
533.541855
512.913244
510.413054
520.130700
528.864649
555.340294
551.834078
546.216496
544.990817
542.169753
540.064124
535.097045
543.123405
537.887079
531.192279
536.161731
534.481977
526.769456
534.481446
535.807187
547.290294
558.578856
551.687235
547.397916
557.839772
559.470931
541.458839
543.044712
538.212483
541.454776
544.738187
529.118484
536.779774
544.472465
544.009204
550.213625
554.861423
552.146919
541.302381
533.761200
534.524110
533.981799
552.091709
532.305898
540.710537
542.794321
546.504213
553.943450
530.884112
544.302485
546.639816
540.078715
539.292527
542.048478
539.689143
545.841692
576.597896
575.690731
571.533424
547.771826
542.116297
559.267504
554.020650
558.866493
569.641994
574.908763
582.194889
578.020944
556.501334
543.318717
540.198743
539.565892
548.736085
529.662912
536.541747
539.260107
530.950313
554.222205
556.369138
548.300556
556.520295
553.314183
549.536720
548.086602
542.940072
547.084019
553.251681
539.683338
552.948090
531.786036
537.799581
537.843905
533.118081
539.199469
541.179387
534.808680
555.634205
553.526618
548.911865
556.479352
556.748697
547.194584
558.832935
553.801636
550.765926
548.345991
543.659652
547.639454
556.662007
553.366684
555.869818
550.368566
558.421297
556.296803
559.368600
550.757810
551.297375
561.671291
568.065466
546.937362
553.226149
552.171599
552.473869
562.584592
538.962819
525.711564
532.153313
537.340906
529.352670
538.006250
540.686296
554.771976
562.177478
556.206681
544.107271
540.622878
533.262348
560.387122
566.224024
553.962803
543.084518
543.354728
552.025555
544.257479
553.279587
551.009610
530.095823
534.707387
536.386971
534.614643
546.962304
533.356878
537.865112
530.088098
553.170178
533.723027
544.982739
536.625624
540.510853
556.547226
545.008234
536.007255
534.372753
534.837558
534.662778
544.886100
549.140250
528.429215
542.044032
542.757144
540.725701
547.500074
537.747503
537.901039
545.474010
529.974725
545.487746
556.778003
527.417308
535.617132
536.720612
527.709351
531.264026
536.106974
547.410684
551.960159
539.144868
540.365869
550.554418
563.347606
546.572120
559.780897
542.331066
550.043364
551.739623
531.782023
543.952613
535.855329
544.908930
537.998731
537.829377
538.492460
531.539463
529.690991
533.107821
536.907697
548.713246
531.885571
542.013400
540.039455
547.612359
556.810848
540.097211
540.741412
556.206729
549.670255
543.420303
541.971859
537.056211
545.848894
576.775165
571.387530
571.926540
546.551901
538.984087
553.571032
543.209319
554.573959
565.863192
563.579337
570.646994
578.791129
561.249206
546.508743
541.225218
541.922301
544.369242
511.316264
522.557315
528.251630
516.373860
552.096982
560.561043
560.899397
564.393442
560.440237
558.134338
553.229448
546.828122
546.440475
549.219488
539.921818
545.803416
526.150691
530.449279
537.875578
532.212631
534.393823
538.633329
532.439096
555.634205
554.058592
545.870821
555.869209
556.911675
552.267572
563.778836
559.922918
555.770201
555.982912
535.164076
535.841722
554.533844
557.612557
550.715654
543.422289
559.431093
557.917510
565.959179
560.331427
556.639052
563.436378
567.959894
546.689031
546.403523
544.030684
549.969260
559.160691
546.091162
536.109544
536.642960
540.421087
537.977997
539.995099
528.511896
542.631418
549.409137
547.566637
537.654567
536.214486
532.581258
559.889598
563.886738
552.426914
543.739260
542.928399
545.448192
541.274991
553.004866
555.205106
535.782697
537.586209
542.341143
537.767646
548.124610
532.711397
537.320237
529.350779
556.994973
539.411896
550.346600
536.858835
535.050360
555.523301
553.397627
539.733902
536.540324
538.531280
539.586471
539.688784
548.066967
529.865412
541.665279
544.447498
545.883970
553.617299
541.973325
537.552779
550.625857
542.573926
553.114466
562.239744
545.602828
556.543720
554.120505
544.338741
565.790190
548.298056
547.658898
525.032728
524.835368
519.748700
537.905264
537.858637
530.743226
542.836475
528.155465
528.171180
527.946404
529.226917
560.940224
547.832098
547.462582
527.097927
530.024138
515.971744
530.363792
542.280966
530.302852
530.010693
538.164778
554.951072
536.472482
543.254441
540.946082
535.627335
543.123768
558.590924
547.929337
553.573788
560.867732
553.892204
555.832197
549.664563
560.137737
559.323486
567.199436
554.307293
567.346862
552.857900
547.364861
557.171822
546.705261
547.416646
552.040133
546.028160
532.186458
527.400781
532.519214
545.796591
540.379377
548.712125
547.606559
531.094800
540.179462
551.797852
539.682426
549.660612
542.368783
546.083275
552.095383
533.175851
535.292470
529.306317
549.690359
548.965013
527.228791
539.685923
529.390914
538.118295
539.008172
547.062210
546.820482
547.693241
538.586180
543.769393
541.643257
537.788794
520.107280
522.544287
544.021789
534.858417
538.023006
559.163488
535.234680
529.250602
529.920503
529.650414
513.731225
522.261532
550.357499
565.675306
555.542416
550.269514
540.166468
564.946590
558.382881
548.814183
533.244629
535.991725
545.586615
542.689313
542.504427
538.036933
552.063046
556.340793
539.793149
544.119917
542.182732
549.025419
553.152216
543.734829
552.928311
533.740829
518.446870
532.442806
534.548699
539.860137
552.739687
563.493714
542.381666
542.575261
530.096019
539.737011
543.968336
542.789741
531.684197
527.183065
541.194102
548.784112
536.600343
545.984374
552.559269
551.534458
533.937310
533.479152
533.945609
537.955715
538.231932
538.058307
543.675109
536.595581
535.357793
538.148865
543.128821
534.284465
549.965953
550.626548
554.795100
538.642483
541.725964
537.903530
533.804006
546.615511
536.816272
531.104107
543.856078
556.441055
550.927138
542.804415
566.668651
546.176632
541.226679
523.651152
527.130729
530.855028
534.059548
535.368574
536.732743
545.354155
533.541005
534.127972
529.128757
532.579641
559.394536
553.738233
544.903069
535.454535
542.719013
524.289668
534.854366
551.667506
542.409743
539.124349
539.799680
559.888882
543.810727
540.256976
532.603494
529.083525
546.503421
560.809673
549.142475
562.179917
562.812821
551.031388
549.261082
551.091742
561.953423
560.944458
569.042038
556.848855
563.944965
548.842780
538.062509
555.522721
542.635053
544.788428
541.406048
537.239899
526.514943
521.567331
520.386177
541.990477
538.674528
557.038588
553.657089
538.973788
555.589483
561.155804
543.948897
553.811707
549.938421
549.573811
557.547431
537.927922
545.193691
537.460238
552.476399
555.602433
532.938831
541.103716
537.734130
547.443459
546.144277
540.327117
547.754600
553.410980
537.622035
544.059740
543.535481
538.775889
520.980565
524.221902
543.938787
536.254034
533.310678
553.279840
541.653637
528.837525
532.345579
531.759719
514.806213
526.828837
549.673222
574.185085
564.181701
555.662436
543.723312
561.852759
557.329953
546.136131
534.437303
531.413257
537.414623
540.841774
548.939790
545.314415
556.622955
564.419193
544.652505
545.680628
538.832287
552.817346
541.722076
534.669852
539.611780
532.562619
516.740187
532.787374
534.319291
538.668333
552.304244
561.702623
538.616187
540.810349
531.336402
534.706515
540.865042
540.402740
531.219571
521.645541
540.045004
548.849173
535.857536
547.535684
552.009513
541.050023
532.062051
535.835906
537.090639
533.272129
542.620492
538.480021
544.058073
533.022312
536.134916
539.782445
547.500636
543.037405
550.895125
554.531970
554.370389
534.975703
541.013042
532.111764
530.604332
540.870541
534.355447
525.325345
