525.261857
538.324333
556.057008
550.215375
546.108835
540.668464
528.390567
521.559057
537.975521
536.719579
531.665780
535.684249
561.906147
544.262249
553.517018
540.157233
508.263651
512.902283
541.111606
534.625398
517.990845
540.158603
552.221800
548.333167
542.989683
554.045835
550.539074
553.414156
549.596661
546.715365
539.268030
525.186059
525.576651
516.910554
526.743066
534.327930
534.038627
528.388062
543.229486
536.618978
531.139051
545.861670
563.458630
546.019689
543.018221
535.662753
557.267247
557.032977
539.580235
536.105626
525.011822
543.161472
548.943209
535.785980
545.071559
547.879109
541.469755
521.115902
526.077884
539.637748
543.474500
546.750198
521.198876
530.073181
546.830884
556.941196
533.685715
528.617675
538.115187
545.944072
544.055207
529.360348
557.299790
552.697647
546.730099
558.135146
542.085833
549.206447
558.021972
520.467057
538.227913
531.983645
526.790061
527.282435
544.667102
540.769840
537.858978
552.086610
549.049545
551.129548
554.187724
543.149024
539.933056
522.679332
532.187630
544.195701
535.241903
540.912166
534.961879
532.391799
529.797420
531.232775
529.360758
535.853974
539.963421
529.054463
533.162648
534.375775
524.201704
549.922700
536.110015
536.046541
524.526708
531.727247
522.671655
523.928861
536.008932
536.793188
535.740614
528.367011
538.114201
539.366598
551.719601
552.891305
540.400313
559.056389
549.740267
547.012726
551.104561
549.514531
566.148109
555.863134
539.690919
541.747534
544.209194
538.655444
536.001437
549.271783
540.661143
532.692517
557.076989
562.526663
560.995328
558.999820
574.338948
566.785839
560.924809
568.467706
563.285725
552.977260
550.149635
534.687801
539.717888
543.726735
538.341887
527.628184
545.110532
537.759226
525.432903
506.343973
523.686737
524.758686
523.527179
525.800122
526.772830
541.672752
551.117209
545.727093
537.819158
537.445231
532.081738
525.454669
542.933371
538.264983
527.553141
541.922883
561.812155
558.647285
570.169814
553.219281
511.295404
509.853888
538.728538
523.405867
510.993276
540.414577
551.750556
551.161244
537.181542
548.960740
542.737808
546.413054
551.300938
552.256766
547.897871
532.338018
527.598294
522.250422
537.274127
545.249078
552.287290
541.011726
547.605139
528.848684
534.162530
545.861670
563.008857
544.990455
544.866672
538.439812
558.331507
554.459502
544.338675
540.450536
534.685447
551.204401
556.259185
541.574832
544.468929
548.549630
544.383929
523.702544
522.781311
540.647056
534.529362
537.533243
535.199686
533.349314
539.061366
560.107820
547.869893
534.568277
544.529042
551.140770
546.192393
532.255715
549.676614
554.264348
544.617389
564.598425
538.818672
549.050292
558.319306
522.335917
534.467144
529.086356
526.075316
526.461027
540.405081
541.281478
539.781111
551.033842
546.493505
554.364291
553.632117
541.556273
534.840580
520.280032
532.121357
540.709466
538.980186
544.754634
534.410240
527.884620
535.966536
526.055946
524.813011
542.082246
539.313382
524.651900
530.084476
535.816053
530.886627
552.496730
533.949059
532.891709
528.119771
535.931207
530.916479
528.291149
534.878964
539.312314
538.811475
537.798642
540.573416
537.859377
545.207237
549.616864
534.815401
558.440271
549.297829
546.736290
551.821415
551.890496
564.929622
555.443158
545.026464
543.428845
548.041415
539.529537
538.056031
547.488155
541.027005
534.074390
556.599619
568.219042
569.626803
559.527870
568.188690
552.009037
558.325643
567.037800
553.968889
544.586404
541.732902
530.214885
535.664220
543.825916
538.284082
527.165516
545.852792
539.962344
530.934124
506.821846
520.364306
524.187031
522.653780
527.154699
560.742093
549.473590
532.527433
542.202588
534.189463
545.285548
545.277388
540.537334
548.848109
528.366404
539.273719
532.740745
536.401805
547.330454
555.653616
556.168914
562.802785
549.269234
548.775632
541.364093
529.658220
546.004927
557.934899
541.313064
548.569951
548.040765
551.716656
560.170929
554.299807
564.930924
552.100013
564.750937
545.691635
543.509605
558.619740
553.119980
542.864222
545.530816
551.401533
535.952172
549.736967
557.319596
531.276376
515.033028
525.013919
534.192522
525.786881
520.219907
537.512789
523.898389
542.744930
538.566498
544.546452
550.870696
548.215614
553.622775
548.139864
551.540009
552.652616
551.333938
562.781301
547.816671
552.135276
535.120019
527.775148
541.816660
535.038701
537.088487
546.705791
542.758230
547.465554
556.991031
542.838132
544.103648
562.211140
565.582203
545.750530
563.901940
539.537993
531.246774
539.468204
537.325164
544.718272
547.834320
565.092689
540.807258
535.142841
548.361952
548.136354
540.901376
548.361009
542.326421
538.490889
555.186326
538.846777
531.186175
535.569067
535.255890
545.120719
554.244275
555.606006
553.992831
559.863626
538.853269
541.876000
526.509188
531.638176
527.729654
521.858252
536.899459
523.243375
534.896311
544.362190
536.361650
539.874573
523.037143
529.558275
531.272882
535.521123
537.334616
535.327342
553.950197
547.673322
535.882232
526.947266
532.679756
538.648862
537.501918
531.005934
527.502734
542.270099
547.105623
528.519758
554.384906
529.634352
537.248192
533.755132
537.522629
540.579624
550.078838
539.904588
532.678620
539.879986
541.572793
531.152846
545.130709
532.492701
529.545649
536.676043
530.519109
527.505368
534.243717
538.582140
535.702563
539.788594
538.820892
533.588302
548.403653
537.194203
539.510104
533.808875
539.807223
533.440236
539.874740
560.742093
549.475290
533.312875
542.833501
536.673318
549.751455
547.192616
539.107864
552.959117
530.218937
547.208439
535.287647
535.232006
545.796081
546.222433
548.260403
557.128064
544.706228
546.807363
550.253559
536.822550
542.489918
552.159255
537.111525
555.552719
555.445465
558.257226
556.075796
551.295233
574.505451
561.185605
573.716500
555.968609
548.953009
560.046115
555.263593
547.515234
559.373493
561.885491
543.453663
557.903679
554.314846
528.554734
511.964147
526.643313
540.031540
525.141379
522.834990
537.712270
519.514794
539.002348
534.696483
540.216938
553.542255
554.323527
557.549643
549.130174
545.297239
539.883889
543.684567
562.259061
542.225109
557.173493
535.301868
532.184336
541.142503
537.609656
536.242543
539.589652
535.979794
544.270900
548.455141
533.885263
545.308956
565.683918
572.021316
552.990478
564.331636
540.701051
528.484540
529.515992
529.455113
545.959032
549.001952
563.277995
542.835294
538.721926
547.817482
548.089655
539.739752
548.942777
544.323810
538.897986
555.656357
544.341680
532.791597
546.459499
539.822598
544.872045
556.757395
552.981386
545.863592
560.938785
541.873498
535.899179
524.791567
536.492790
535.496848
522.223038
534.159500
521.422734
533.438197
549.898532
533.553257
538.214811
527.278209
526.484741
524.088206
529.796306
528.403994
527.558854
553.487937
548.518900
536.533447
530.350791
539.159308
546.043219
543.471605
535.514913
531.332669
543.343083
545.776252
525.799574
549.103554
531.178179
540.683226
532.847840
544.421358
542.889425
554.332937
545.294806
537.754918
543.444007
544.278390
541.299555
558.053043
537.385371
526.286107
535.396653
532.040421
527.954886
537.596395
539.207526
533.073702
541.509619
540.175877
528.637947
538.237511
528.448602
537.418261
533.414025
542.330926
529.403384
540.961149
530.427408
536.062785
534.859336
550.112069
549.154812
535.118026
537.085482
540.185499
548.730251
552.131097
548.666296
555.739929
544.222254
522.237548
530.270845
536.269517
548.070985
541.141834
545.496279
545.800670
544.029236
534.513390
539.947362
532.064018
528.287592
544.006343
542.976919
557.575010
560.937095
547.967628
539.274919
553.956424
535.109354
540.552645
535.367279
530.596424
543.459804
534.239637
546.542265
556.990066
552.998879
543.384006
533.683239
555.688374
547.146593
546.456015
535.896949
546.562103
553.998500
540.534978
553.902684
550.991136
561.330414
535.520842
548.199636
534.921295
536.698980
525.660802
531.569573
541.556693
553.377961
542.942757
547.661345
538.876534
561.629634
559.681260
538.311199
543.309317
539.535815
536.845997
539.694691
530.158354
531.958535
524.367567
527.243516
531.403546
539.155420
536.529234
535.169769
548.447140
561.505504
536.551300
522.774543
528.307589
525.873294
524.226767
537.259199
526.794068
552.554255
561.697077
561.677436
559.265968
561.497715
563.209488
563.983879
563.844978
561.040600
569.366021
565.159298
549.936729
561.828860
544.874998
552.848273
558.012923
542.239099
527.381068
523.724570
527.974484
534.093834
531.062353
538.072962
544.288756
554.768150
542.608463
533.637535
540.657292
545.841689
534.513232
538.845909
532.840693
528.051901
538.571513
538.598586
540.348705
532.677720
536.134297
547.559288
533.397052
531.014948
524.497966
514.952457
547.570969
557.353072
544.710764
550.395951
559.685291
559.033989
558.511483
550.553120
518.794800
524.595541
519.514670
551.832422
548.917369
533.173812
534.349725
545.897984
526.389350
525.366033
534.884600
534.508686
542.543800
538.123291
532.629137
541.840507
538.163909
538.553048
524.627935
530.551593
531.421010
539.382987
541.094052
539.842832
531.702240
531.961207
537.837055
537.963817
550.711182
550.305070
541.381564
535.352477
537.029230
550.174579
546.640154
542.708549
544.800005
535.927960
532.269474
529.611353
531.082345
536.026802
523.982259
533.870057
543.056728
537.317813
523.559033
525.658848
521.526905
519.634124
535.605211
538.835014
550.870798
554.557771
541.597369
533.473533
546.465964
536.480925
542.847201
541.415249
536.722538
540.168420
533.266862
545.216044
556.342395
548.855616
542.729586
533.335230
555.285319
550.523504
548.581468
535.076878
547.117569
551.628192
542.446662
552.626457
549.328714
553.743970
529.518684
550.136324
541.989177
541.884289
528.634251
536.078809
550.627530
549.876195
542.788666
534.815572
528.756204
549.311234
549.391105
536.739936
539.833938
539.606144
551.937619
544.920553
541.242819
546.033698
539.428763
543.993314
549.333769
552.261751
533.994222
536.460399
532.162050
553.661756
528.967918
527.578628
532.821725
522.934017
525.923839
535.849606
522.064364
543.633205
551.604721
555.750094
549.430995
554.112329
556.033121
559.826935
559.339582
562.016945
569.762809
569.932139
559.819099
568.701977
548.470812
553.821122
550.160964
539.265288
520.128884
527.764509
530.975916
536.892474
532.542604
533.508030
541.888750
550.061903
538.179221
533.986365
532.702411
541.477014
531.150822
536.326252
535.305944
527.631012
537.208226
537.531658
540.348705
533.559576
537.036743
548.178716
534.505663
533.431899
528.656126
520.632450
557.043483
557.376193
548.886258
552.901392
558.286640
556.436652
562.576302
551.568208
523.010653
528.420356
522.891667
549.915744
551.464260
535.887521
532.981940
539.629814
522.376677
530.098666
538.280592
532.956916
535.579321
533.880581
530.471101
531.346658
530.846061
535.964060
520.595382
522.305968
527.127628
528.188712
528.825757
538.907332
527.972378
533.836784
543.540518
536.772765
549.738449
552.071065
538.844840
537.728339
539.647966
547.518079
551.526192
537.060595
532.373456
521.978679
521.150424
528.221652
522.173949
527.752706
544.117999
548.732196
527.010482
518.199083
545.234530
554.593042
546.625800
531.628761
527.181296
538.868636
542.827511
532.291488
532.596197
537.505791
547.961545
557.967553
560.871919
544.161939
542.036329
550.783089
542.864484
530.805811
535.217507
536.498157
539.567356
550.027845
561.835260
551.912916
551.654722
552.266678
551.180103
543.779757
542.090464
547.440634
542.986112
533.520383
556.866240
536.576196
529.644873
542.163655
545.678911
554.655650
553.913589
546.332837
531.569779
524.483356
518.985510
535.484536
538.516569
542.997476
537.104292
541.664915
542.945387
542.508425
535.578799
545.764680
540.512394
539.735484
538.500420
539.764352
541.188498
546.305269
556.373546
541.147932
535.637911
528.214933
526.162066
537.324418
537.551995
545.140046
542.152847
538.043207
543.941600
531.120552
540.533409
541.943808
527.121562
535.727528
536.652511
533.353854
525.422662
531.487402
529.020099
533.891436
513.909246
519.938732
536.920244
539.544294
532.145167
516.739323
542.902424
529.378274
526.998644
534.106927
535.337554
547.310798
544.067162
546.594283
549.445245
545.574498
556.867346
556.187544
552.188980
539.761668
533.823347
534.193573
531.329137
537.656315
542.676533
539.069072
538.628266
523.333415
522.894849
521.637549
518.398998
530.629077
540.530027
534.764447
542.301350
532.565660
535.268701
531.077474
534.653246
541.897600
537.998932
543.568659
543.112351
546.792855
547.635833
540.353004
545.550410
550.327015
546.234643
540.631764
540.046987
543.123177
557.027214
548.866923
551.493783
555.941441
559.447555
556.985817
553.099312
548.709621
538.219081
542.642137
544.969022
529.975678
536.974082
526.680541
550.938933
550.054439
532.812900
536.599852
534.982115
544.728008
542.143094
538.873367
533.112069
521.729023
526.627960
525.798430
525.279475
537.838363
545.966104
556.139800
538.482242
520.942137
532.011871
539.449422
539.845067
513.797340
504.124649
522.523792
524.025411
528.323119
530.828631
545.144677
536.503507
560.778511
559.702691
544.020769
536.330717
545.348201
545.666110
521.884171
536.796607
536.705779
540.789376
553.857139
565.313548
555.154978
556.962176
552.017872
555.264662
540.921153
540.015202
547.715014
539.152591
533.671492
560.803451
532.164130
515.419924
529.102691
535.883927
548.390375
556.302334
546.985038
534.277692
518.804535
520.164997
531.829184
533.758827
542.095098
534.972234
536.689758
537.689317
532.251083
536.777620
551.119403
548.356779
542.850461
542.682602
540.510671
538.400489
545.870617
557.494468
538.301884
544.269945
528.214933
526.752209
538.454814
537.489644
541.691640
536.943638
535.365159
541.186760
529.664466
530.739185
537.395002
532.470556
530.860263
530.639262
530.072325
531.174707
534.895608
533.754203
545.171247
525.548564
524.673564
540.655807
542.178229
538.518472
526.149537
544.025092
533.080446
529.299237
532.091812
533.940655
545.540923
536.182290
542.748887
547.005477
537.509228
548.136755
549.182416
544.778752
540.522872
535.777752
536.935424
531.329137
537.511665
542.701377
540.278882
540.222879
528.241490
524.152368
523.238852
516.162647
530.039400
541.279621
535.249488
540.945645
528.766598
530.974603
526.992333
534.358627
545.810915
544.982942
554.104666
546.696070
543.661328
544.482030
542.282304
537.583881
537.542448
535.726461
534.574837
535.591707
536.398836
554.099860
542.604557
549.246102
552.018422
553.117712
555.306049
550.511378
544.239021
535.948944
540.044497
540.874690
541.247535
545.316099
541.121965
536.865395
538.014716
541.424302
539.573602
537.195272
549.644159
558.765911
542.792721
553.870643
556.959278
561.580802
571.093427
564.467448
555.807750
550.403280
551.856697
550.423349
555.645239
543.536567
544.732190
571.013863
560.640491
555.231975
563.142667
547.007461
542.552680
527.151008
537.352557
539.297041
536.096132
527.508657
527.031076
534.565620
522.341784
534.598620
549.182426
551.853142
547.969663
557.425753
542.110376
547.692597
547.953960
543.478418
551.439400
565.186007
562.291464
549.825760
558.362412
552.494623
546.790628
550.911807
557.703643
559.918102
560.443885
558.250361
562.726403
543.210758
517.885405
529.983769
518.842615
529.119483
535.107205
545.725832
541.905248
547.346639
526.966289
536.534184
531.932275
542.076758
536.930564
527.056988
537.722262
524.301520
540.100687
531.101235
538.732694
524.591299
536.541418
537.893712
532.733348
552.156090
531.107914
542.948679
538.090342
533.539381
528.437573
530.082230
525.792080
529.111004
542.622197
533.870257
549.393123
545.748097
535.351548
539.967870
546.288389
535.458992
540.527202
524.805789
527.414324
552.975768
532.413611
530.903008
515.511530
519.035144
524.692925
527.185437
526.103529
522.693997
526.259273
523.543096
529.262723
531.969763
534.604396
521.231589
530.028360
523.638232
531.697593
551.439945
548.856453
550.968391
536.491265
514.139448
526.767792
527.799193
532.507793
535.747415
541.886778
530.824027
546.637330
538.315044
531.504620
548.761888
578.099584
564.321334
563.945343
552.830326
562.345247
543.023552
527.441929
521.194072
529.420883
526.540276
530.660372
534.510591
546.373151
545.270734
541.430060
545.778029
542.639861
527.041386
533.966911
538.693751
526.980108
529.634603
521.386458
520.085771
526.925776
519.714638
523.776170
537.650549
542.565856
544.566258
542.115546
541.304695
534.633950
533.560047
532.495047
531.036546
541.702170
545.765329
536.553052
549.807757
558.268817
545.927188
555.501525
552.072250
544.217803
545.555402
545.729984
555.161757
554.121885
556.715584
549.051858
564.584939
548.888528
554.727071
557.193923
555.730378
538.085741
522.957433
531.167333
542.154958
545.091049
537.124704
529.459040
530.833665
520.164083
526.824396
544.852107
547.150450
535.947057
556.730340
540.346562
546.927780
550.934547
544.079637
543.378166
558.629391
557.016963
547.650269
556.627268
546.580445
538.565815
545.715519
554.179813
557.919383
558.417559
554.438902
556.824917
533.521547
516.236235
532.715977
511.747011
523.883884
531.019343
536.038567
524.602105
532.240653
513.971133
522.836379
525.934299
530.171223
525.316856
529.565236
551.057813
541.293149
544.116537
540.611289
550.038613
535.257384
541.954481
531.802249
531.498549
551.753365
531.382972
543.510777
540.512707
535.854891
529.321642
529.752028
525.216937
532.483882
543.975675
540.376098
544.928687
541.705687
536.548945
543.321877
544.102430
538.772442
542.685208
532.373750
531.229308
559.254278
543.221877
533.837433
513.633469
521.402959
520.487608
527.020690
529.966291
529.036956
531.711793
526.563178
527.024288
533.212178
536.893913
526.676685
538.046394
530.280051
534.950335
551.975565
548.476808
550.968391
538.416707
518.518701
531.904029
535.237238
535.436264
535.899501
547.159368
534.514615
547.948534
537.329775
529.562565
549.829193
577.317015
566.478978
564.711890
548.481629
564.378564
544.164562
530.481278
525.651728
539.573672
533.083031
533.724211
532.714109
547.354379
545.286188
541.525703
546.136531
544.374268
530.574817
534.504160
545.867701
528.217470
527.111140
523.803184
519.310877
521.251394
521.145581
526.084812
536.933322
530.836548
544.557907
534.003670
536.157043
540.616774
532.343226
537.423344
558.212393
546.900158
541.403434
536.009143
541.491835
534.642528
535.923355
553.547215
543.041646
560.099053
543.733493
555.306151
544.069440
528.531972
539.314027
534.902077
548.985866
532.821611
527.471262
542.160189
549.529337
553.480878
557.088346
539.869311
550.907996
562.887311
575.883015
552.415180
537.932306
538.637643
528.874072
545.744325
525.977350
531.334805
531.516500
541.478546
526.703628
521.640159
525.090508
541.770554
550.503548
543.762529
524.747262
544.597112
539.719140
543.920924
549.287678
545.302803
549.023792
543.403671
535.098852
534.832414
537.629430
528.916261
547.291537
540.837938
539.287048
530.517663
531.019134
540.650143
528.181501
526.958318
544.500456
553.335803
567.994609
559.508424
551.928742
553.034523
542.325983
546.822047
546.075313
541.320644
540.517439
527.040657
547.412610
549.167113
557.632316
555.249506
542.639847
539.730386
538.896549
537.035432
531.889077
529.106818
529.881693
525.335978
533.493503
523.308876
530.806781
522.090168
525.680983
539.086222
555.419049
548.545202
544.548616
544.638151
526.174905
542.571981
540.999159
537.228776
534.082450
530.471690
532.607747
526.883651
520.512536
533.311151
532.883814
536.289071
543.181638
544.903706
549.441887
543.666428
542.793165
543.605445
557.106442
546.089735
531.732106
533.358518
546.691046
526.084952
535.880031
539.953441
535.412515
538.802512
542.868774
535.389618
531.704139
527.749344
534.590951
542.049556
525.087528
524.439296
541.791582
544.843828
545.691839
542.985485
541.428230
554.104280
542.933069
539.178541
540.433032
525.518817
526.674309
536.349717
531.295932
530.400562
533.554906
518.560245
534.705629
542.418540
540.252069
544.409249
534.414203
517.356321
531.804991
520.668093
509.854246
530.847916
543.344490
536.239470
540.438902
540.707179
537.738290
536.260786
553.174182
548.720892
536.296988
533.071240
540.951161
538.863698
532.500678
546.289209
540.512634
556.371373
538.006884
550.403804
544.554863
530.232079
529.479379
524.421817
543.830990
535.385678
524.338846
537.619092
542.470494
553.168268
561.363018
542.513602
547.577127
556.625495
566.314950
554.607675
541.317983
542.381735
528.181257
535.853852
529.766557
535.239847
530.796389
540.234286
526.103364
522.609690
525.339621
545.875395
556.867680
551.526557
528.551983
547.939682
543.754328
551.543397
567.087706
559.638724
555.069037
551.034519
539.355715
539.308315
536.322267
538.817417
555.615056
547.582793
537.970449
521.251794
522.913705
528.484104
523.002316
527.930799
550.932825
560.399363
567.587966
561.966227
555.394810
559.027713
549.476788
553.620376
550.794176
537.966345
534.107735
519.969678
534.898430
549.167113
557.564032
550.207194
538.704441
539.603064
536.986479
534.007878
526.259438
528.003178
522.272010
518.640025
528.932053
520.120829
523.221860
517.379352
520.980186
541.134264
552.143050
546.707998
551.922287
544.301782
527.278749
542.513008
540.707759
535.601036
536.241308
531.935667
535.514701
528.952728
523.402708
539.908360
539.165906
551.405908
554.180025
550.229402
548.729099
545.793542
548.342630
550.100111
560.016101
555.557238
532.546834
534.831091
547.163771
529.753380
536.926228
538.862392
533.068785
539.510353
551.816816
543.588626
539.170894
531.432835
532.028229
538.621898
528.917438
532.104310
546.237822
547.404487
554.755756
553.073425
544.269542
555.376414
546.511340
547.938299
544.017777
531.039841
526.528829
530.357084
532.136212
535.367897
533.503828
526.422492
536.440896
549.939047
549.687475
552.612559
536.330866
517.087940
526.835864
528.419960
515.976668
553.121287
545.452617
529.528112
533.641008
538.942174
542.058760
545.190958
551.275247
529.107594
531.722906
527.296740
535.779324
535.671091
538.748403
537.117155
533.672763
543.463963
527.908550
532.001602
525.083449
523.887299
534.622345
536.766756
523.210509
544.858668
561.220887
548.933388
550.279782
551.210970
563.985882
551.337926
553.044000
539.546049
551.443340
547.343358
547.921288
544.379508
565.676465
575.857256
560.245609
557.873748
529.700483
539.178936
533.409827
547.730091
551.329604
547.334568
551.195447
534.220169
531.228718
538.103026
546.844181
527.851393
530.796976
551.394968
543.800011
545.414135
550.180883
559.636442
555.333016
556.176842
553.944244
556.887561
556.795943
539.490167
548.860531
539.842448
545.313746
551.537176
555.382859
538.161366
553.864586
545.620985
536.440189
557.207514
562.809700
549.044485
550.548396
553.701277
543.787107
548.200270
546.205561
542.177389
550.608369
548.254453
559.819511
553.847661
542.907518
535.849497
541.495467
536.242771
552.937103
557.327777
551.141150
546.676156
536.364569
548.149381
545.551521
559.102819
548.806827
542.856973
545.144326
540.998807
505.648387
524.305002
540.832725
546.912435
548.124780
558.764967
551.550248
558.600949
551.402899
556.672118
550.086168
551.911065
549.183415
545.373129
537.404803
535.832081
536.994180
537.277128
535.358231
553.793000
541.339796
566.795374
538.329385
541.027679
545.219302
552.494503
539.893327
544.060983
531.839286
523.900614
535.039673
548.714181
563.665454
534.214735
535.572570
535.324119
547.303586
553.633662
544.330293
523.355884
521.908837
531.939882
541.051735
546.653646
541.716695
554.234118
558.753362
546.472593
545.319698
545.703030
534.304090
531.208165
539.815705
541.822126
535.475266
547.417591
524.988750
542.906955
543.220868
547.089633
563.502220
553.501028
546.947077
533.641698
532.306874
532.533264
536.496131
539.804466
544.672334
523.044199
530.184300
519.826727
536.222696
537.846958
544.723742
542.745792
532.866043
541.653294
523.923755
533.366055
527.275891
524.813394
531.342720
535.319684
530.288915
533.837653
558.025655
548.303751
552.227153
548.907833
567.299904
550.606525
550.762819
545.273760
557.693892
551.002636
548.777748
554.032723
573.638587
577.216063
568.645334
565.493203
530.971632
539.022614
535.125452
546.320445
552.718345
547.360583
553.261504
535.052328
530.511973
535.324533
543.314852
528.169501
532.042873
552.016636
543.674518
549.390773
545.668033
563.551120
552.477602
559.089316
552.915970
559.902995
557.307822
547.601395
556.989569
541.179372
546.175156
561.297651
565.556733
552.085220
556.180545
549.174717
536.743904
554.146154
558.918380
556.741657
555.987265
560.268149
544.399094
539.746635
539.987187
541.494169
550.230873
547.500171
560.025502
550.666872
547.476347
533.884629
534.829683
524.982898
543.285907
552.915879
546.684862
536.983051
537.335315
549.383186
549.924883
557.212013
537.942814
532.916940
540.469158
540.729999
517.797906
533.804515
537.388592
543.138741
549.816507
562.593886
549.023448
552.451422
547.328235
556.067395
544.848446
546.157365
547.485982
544.114303
542.981117
543.800487
540.339176
533.137319
530.407692
554.870022
541.339796
564.859623
537.951355
540.177200
544.862688
551.201661
534.707377
540.968175
532.355192
525.359666
533.661105
552.531428
560.861764
542.558500
534.927621
535.800386
544.908689
549.259316
545.163764
523.196106
531.210611
539.430512
540.258774
548.790309
546.588807
559.267211
560.565389
553.804988
558.846222
562.056334
540.749290
534.615392
544.689100
538.920069
534.405064
551.734191
534.048501
548.502675
546.055056
555.431346
565.437360
549.041106
558.721123
564.810615
545.636654
545.006284
540.376079
537.949295
521.380344
529.616125
547.719085
550.912053
541.264046
533.557800
537.802831
536.100954
534.888495
544.140917
561.088600
551.583929
551.610523
538.923394
557.995715
559.458697
562.240575
553.135246
546.517207
548.633219
538.857891
524.514884
542.924162
517.323744
532.287428
557.848433
562.263901
555.709526
548.460196
549.680921
535.351182
539.286059
537.122189
527.741274
537.498657
516.899767
506.569844
509.693593
533.872086
533.261783
535.170504
526.888588
528.387421
539.986329
532.232384
544.932044
537.306040
538.869208
549.233650
550.253004
555.900248
559.833737
564.653445
565.489152
560.748079
559.595779
544.255710
541.042605
526.628453
533.820718
545.291249
534.371713
529.101292
528.008485
530.692902
530.249693
531.916677
537.315395
545.498288
523.214649
536.999371
538.014242
542.584541
532.204672
535.623416
532.259536
528.903131
538.241491
551.117991
541.627337
533.361269
534.829476
528.738451
537.582269
516.572653
533.929232
533.795672
536.203623
532.405240
542.063155
544.404513
541.201545
531.101208
528.769975
530.400905
542.683710
551.407385
557.082649
540.988618
545.317509
532.498724
518.305792
518.179545
540.056471
553.300495
528.425851
546.807092
534.977555
542.963545
544.342693
545.916817
538.566538
534.638802
515.339754
516.482529
520.868124
531.876101
530.805468
547.740868
546.002225
555.975663
558.170546
550.983374
544.499876
542.343445
520.791986
525.191315
525.781103
519.558518
531.514854
538.846706
536.086464
532.686225
515.525610
541.373046
535.913697
534.829726
512.590251
516.656387
510.465457
531.988825
542.167575
543.832971
537.481559
569.403833
565.908692
540.245199
543.359453
550.579101
538.437721
540.065515
541.708246
535.712971
534.561962
530.751611
551.886862
535.379164
545.352305
551.765202
559.986399
546.219596
543.999908
539.658488
540.805755
525.884033
537.453884
547.082168
551.147890
542.355616
536.744847
537.615503
539.991426
538.011555
543.308687
554.240470
542.291433
536.288233
526.920924
547.987917
551.215255
555.363943
550.594896
547.238936
549.311477
541.458594
536.992719
553.435191
519.008732
534.465344
552.069150
553.584549
548.406697
550.724224
539.341400
531.680221
536.677781
541.030846
526.702940
539.609779
518.676367
506.983486
511.392432
531.920459
531.960765
534.801316
529.467964
531.326403
550.020234
536.117137
545.328891
532.055479
536.320294
546.962091
552.195322
555.308204
551.753234
550.283606
554.197467
550.049198
555.128902
545.485904
541.786215
523.938440
534.828247
543.890349
534.243431
541.260802
542.379996
545.328235
543.774644
535.057457
528.873183
531.722245
514.241202
529.194401
529.625990
545.721803
533.760909
540.574349
531.313064
526.995122
539.963349
557.032311
546.935168
540.389320
542.729234
527.563943
528.178110
507.981323
524.305337
535.964227
537.226909
520.229384
538.451520
542.792848
540.053811
530.927033
532.816453
533.207744
544.774387
560.098895
563.972168
549.323066
553.338408
540.263735
531.553347
530.902220
539.165631
557.857095
541.567446
549.382739
535.070110
533.425042
541.079716
544.444894
531.453841
527.920800
512.824522
521.089256
526.125178
532.649272
531.626241
548.909800
543.382373
551.342049
555.887236
549.293453
543.462306
541.448842
518.807028
522.419933
524.521376
518.846454
527.344840
538.250438
536.032926
536.654897
521.851850
547.209250
540.977063
538.853284
512.478942
521.998750
513.237375
531.784517
539.518159
541.457893
539.273860
567.137338
569.782561
541.843273
544.943460
543.792742
537.759626
544.716609
546.124745
539.662235
536.295119
531.716187
550.873624
537.306538
535.938216
532.295241
539.150541
549.548018
543.427706
529.102268
532.863718
546.088768
545.635565
549.169909
547.978164
538.707064
533.271074
549.189257
549.610019
544.362241
549.516499
548.225878
560.168660
571.622438
567.767621
548.182509
544.943057
531.771918
543.120886
546.582653
545.322718
538.138171
529.754211
530.627488
546.643931
527.948083
523.950289
525.390295
544.938525
515.485024
521.526410
525.427896
538.700272
543.740578
547.676675
546.360075
549.070818
549.324500
547.990782
543.868285
536.061117
532.601849
514.090262
530.792537
533.882599
527.214324
554.321204
561.439681
561.664126
570.369321
566.087208
555.290646
546.651573
544.796804
555.420270
553.373235
549.465767
542.507006
544.458600
553.211907
540.824533
543.623143
545.491188
556.188620
555.083084
555.642926
540.991905
541.858446
547.778621
546.834249
551.290592
545.254000
544.907981
537.035000
520.950579
540.309971
544.163292
549.131653
527.484715
524.669881
535.432357
538.030011
533.167621
533.037719
527.123460
530.545613
532.268105
525.798969
540.149596
550.985804
542.932885
541.359754
550.804441
547.234116
540.113753
545.762448
536.459371
529.095739
518.631104
528.982442
553.405273
537.559181
546.953510
541.869588
540.191222
523.378497
520.537643
521.341125
521.250052
548.144607
535.638046
516.960476
534.946084
537.565309
555.678354
541.642385
540.704056
544.011391
534.967016
547.250393
546.306184
555.295790
558.177861
555.284013
545.182059
535.716535
550.589429
552.867114
572.580063
563.114702
557.674539
562.298898
542.464029
523.026539
534.189159
536.179482
545.327120
533.815818
544.721421
542.908535
541.451191
539.575000
551.497407
548.221325
551.777964
539.657112
536.733995
533.985621
535.654580
528.394050
510.780492
513.094544
518.878690
518.705478
517.799316
536.745024
530.557015
544.115415
541.279018
538.024106
538.890013
546.836164
541.055279
524.229334
525.539737
540.199306
544.553562
544.445551
548.915022
539.394328
529.334632
544.067358
553.984600
543.542539
555.961880
550.898077
559.825601
568.655381
565.098189
555.661137
542.156798
535.792743
537.519410
538.305404
546.698965
538.748850
538.330323
533.191241
546.193286
526.505717
524.224277
530.516254
547.448569
517.541077
519.895508
515.146987
528.517901
534.578738
545.764252
546.881426
550.574821
551.381864
549.945650
545.712100
535.764407
526.851951
512.136456
531.885732
535.960942
528.552288
552.386716
558.189731
557.748825
575.243683
572.162288
546.937303
541.603740
542.502988
545.869055
542.764255
538.267318
541.171485
543.771494
548.442706
535.070104
538.513010
548.032333
557.806456
555.227087
552.705002
541.623919
538.369450
554.302628
550.614781
558.057397
548.004736
544.265889
540.130338
526.691185
548.182151
543.600864
550.858331
531.068997
529.036242
536.736500
543.854314
539.328617
536.056334
526.269092
531.024512
534.241030
532.582240
541.195977
547.562469
540.469630
540.634667
554.228922
548.935410
540.124072
540.105945
537.500502
519.863132
519.777742
524.029696
539.540106
528.614500
534.667818
535.455227
532.193438
521.720758
526.862355
520.355804
523.690004
544.051641
536.133958
513.958637
531.657914
539.771374
558.798376
546.670013
539.741330
545.513453
538.123110
549.007576
545.923211
555.589910
557.487021
556.547048
546.371761
536.418564
550.738426
554.190512
571.683397
563.067293
557.648109
557.152226
540.356438
523.816075
537.394997
538.985857
551.416808
536.428459
535.920254
536.016254
531.724917
539.907546
550.198764
546.191621
551.624082
535.846013
533.827982
533.232281
534.657807
525.564275
514.760548
519.066943
522.579444
523.808236
519.545958
540.250731
529.409848
542.486084
542.077103
538.551852
542.984572
552.017072
547.324179
558.331459
548.894690
542.838371
549.833347
539.821818
539.917136
523.945164
540.186575
534.743589
554.570229
550.689292
532.963984
543.524862
539.415612
534.320017
540.373843
545.089486
554.882283
559.652926
546.691322
540.030028
555.446552
550.056324
542.495906
537.454029
547.221424
541.703459
543.325264
550.303691
542.974645
542.101161
540.161573
544.074364
532.714801
537.722594
535.066795
530.753162
537.938149
534.384732
552.080158
544.717317
527.587512
525.812518
514.472341
519.299886
528.775911
539.367875
549.062991
560.556464
547.579964
546.867917
543.549795
547.404424
535.930997
540.483048
542.264006
550.745842
536.941028
535.657826
536.185388
545.503665
535.591102
531.026144
543.462283
536.675619
536.574700
533.957560
533.400475
530.426511
544.485116
549.992677
560.686121
558.754429
559.423661
577.332344
562.702912
558.828520
531.737196
540.454304
546.725896
534.891752
549.027503
575.975701
558.723262
558.486255
542.455657
536.699358
541.170387
549.793621
543.713246
532.866047
533.744077
543.509885
535.026506
531.398880
548.651101
531.655744
527.762755
532.173976
535.839103
545.224534
527.417855
525.881328
532.852562
541.145586
536.057679
562.897901
556.619151
557.368501
553.006345
550.920751
556.105440
556.498680
557.310402
551.624073
558.229458
540.444433
554.333022
530.215292
528.423745
540.654373
553.824274
533.729557
536.390940
545.052244
546.132568
553.813501
534.367644
539.870186
538.395641
528.373398
537.781026
547.046561
545.828072
542.556160
556.280392
560.455175
548.758542
535.708683
534.700364
525.307773
525.708181
534.915976
528.211818
529.396687
528.323189
537.012570
544.885504
534.471128
535.467034
541.171221
541.245379
532.859179
532.817679
529.232605
524.823282
528.667554
538.277353
536.790649
542.395451
538.754213
542.411801
547.149060
543.739464
552.824212
546.603078
544.204958
549.741962
542.865871
539.215565
526.366438
526.727004
536.890529
550.436650
537.223350
530.028579
552.137844
546.175188
541.245399
541.551493
537.212781
543.370313
540.338745
536.883779
533.174478
552.330696
547.772777
547.052931
535.653035
546.553232
545.776895
556.019713
570.173035
560.758245
557.088944
555.250595
552.497350
542.163720
546.131247
542.611526
534.488931
541.239907
540.872132
558.141420
552.596895
531.065345
529.309327
516.298329
524.000556
530.854763
538.707409
544.918588
553.827315
546.768038
546.662907
549.070689
555.788784
537.758098
541.711374
551.066655
555.133991
539.535764
543.573531
543.070258
540.693389
529.832261
527.496941
544.284971
548.901315
551.760168
545.276126
535.201902
534.736155
546.616654
550.983382
560.295518
561.090497
558.612525
577.840610
573.748613
562.638169
530.740681
539.389870
546.725896
533.725784
548.802538
575.418052
559.052569
556.753890
542.756378
540.975576
539.752357
545.701436
545.644136
535.984271
539.845131
543.555585
535.597921
527.543191
547.350525
532.238150
525.764772
522.507824
531.851299
543.956269
524.804110
532.019518
534.864164
549.966177
543.290030
556.835098
554.064316
560.352259
557.065298
552.446415
558.443283
551.577846
554.377260
536.818101
541.743061
528.660806
541.756950
527.483253
527.463296
537.209091
547.983473
530.571348
539.958872
549.300628
551.963927
557.235435
531.448977
536.652137
543.465766
530.122512
537.296310
551.060584
543.485653
547.405644
551.383168
548.016835
541.611433
532.627264
537.447374
530.755927
530.657582
533.949708
524.746215
528.108168
523.256587
534.765637
542.436480
530.834143
534.790933
537.230785
539.057585
534.988366
537.025743
531.796957
528.375537
521.264009
530.595543
528.156916
549.520576
544.322786
559.459296
551.876299
544.350912
547.291749
551.823941
563.084355
563.610003
547.663488
535.626397
530.230207
532.679528
544.736681
540.379863
546.770874
546.941573
554.844435
549.795029
541.928352
543.377713
539.567874
537.310539
535.200308
527.482717
532.289875
542.587052
536.902840
536.863616
543.520210
542.234443
547.873357
526.626980
549.663283
539.353003
558.734190
554.336792
559.508952
554.386028
546.836824
547.635096
551.760078
548.880270
557.595548
549.501575
556.767409
545.696508
540.005624
538.703990
542.998568
535.648015
536.007894
527.206362
556.024798
538.226460
541.177172
538.145218
535.959922
542.364679
548.632267
542.194366
525.294853
526.032442
536.717744
527.032328
529.011874
524.349290
526.874086
525.987476
520.379140
533.697346
546.716647
536.104592
534.756914
548.249840
550.031624
538.915014
534.575056
533.039480
539.061826
548.543378
547.095527
539.855727
548.540422
533.049900
523.334929
537.964326
553.063792
541.739052
543.036918
543.049865
550.193579
548.623875
539.995033
554.061965
559.499974
547.599917
554.678567
538.397075
531.983345
530.441563
559.980520
558.629735
555.936015
572.081865
574.245047
539.530863
539.715153
531.179628
518.589680
526.957028
519.724405
532.440176
553.563131
559.706271
555.982510
542.077296
540.836431
539.993494
531.700707
528.069141
548.217900
543.728188
523.101942
535.625748
538.422764
532.206820
538.611186
564.814355
551.124537
558.048578
542.724361
552.106629
541.700509
538.821451
552.210814
562.531177
556.774286
545.404412
539.197673
537.835584
556.334378
539.995899
539.529732
530.223317
522.609968
535.004324
529.003093
520.840962
528.249493
543.139409
549.816990
552.220643
548.406819
555.859289
552.213129
552.867147
552.177881
553.925860
556.632382
547.709747
553.493114
544.621902
536.472625
549.388646
544.438604
560.107924
550.050272
544.713172
545.687725
547.561516
552.286324
546.869267
541.480795
529.631294
529.793069
529.166844
553.354000
538.831672
551.182748
546.938038
553.158682
552.180228
551.501367
548.738649
551.519826
542.052223
547.326094
535.972680
537.583315
538.532746
541.498677
535.988169
541.857465
547.615339
551.797207
534.001764
544.403522
544.564728
563.594287
560.432753
564.189709
557.488468
548.658975
556.709107
553.181828
549.498349
557.962391
547.674127
549.046454
541.136272
534.714852
531.979451
535.693868
526.600431
525.425729
519.395726
549.162779
538.074431
539.955339
539.208500
535.612899
526.183738
542.613837
536.965624
522.406638
530.041959
526.807363
522.215888
526.420204
528.199421
535.918244
536.981504
521.644061
527.274479
532.922805
544.626386
540.768016
557.993193
554.010049
537.604361
539.225617
538.315442
539.250492
540.388179
544.844774
539.855727
549.396714
532.633287
524.492063
535.948173
553.681761
539.084851
538.833713
539.570392
548.963297
552.930150
539.920943
555.889780
560.477911
548.260193
554.142192
542.813098
534.632458
528.172326
553.203941
556.267663
547.325441
567.375933
561.827730
540.181628
540.912364
531.393324
520.445364
518.823407
505.978870
522.213188
541.629601
539.987560
546.409573
541.009074
539.571515
536.815635
531.112380
533.120822
548.220461
539.827434
520.159982
532.173303
537.426047
528.383421
530.575725
554.464380
541.185872
547.298058
540.709132
542.552088
535.278143
533.465839
547.699918
559.432047
558.955369
543.913452
536.415969
538.189251
555.681061
532.396621
532.353131
524.390710
520.052976
534.034448
525.533382
517.609032
525.606747
544.508525
553.528664
552.242592
545.224285
542.804958
540.856043
543.341760
547.873226
547.453788
552.503972
543.602977
549.737271
542.470465
539.220712
539.923751
537.750300
540.977070
555.773077
547.227765
546.307992
543.542956
539.926223
540.666633
539.467767
549.150404
549.325005
563.834240
551.174426
534.572593
528.709384
536.770197
544.960191
555.981042
549.713648
545.236041
552.276305
548.226436
557.421387
547.052417
545.467076
542.675226
537.811797
528.397814
528.505153
530.346928
542.555410
528.833396
539.563384
540.992307
537.577073
535.858491
546.973203
556.524736
546.722804
542.626766
533.986621
533.728430
548.036083
565.096936
563.182013
534.828526
545.169680
551.018792
530.227286
532.910594
514.204642
538.615803
539.124616
563.750218
541.450991
540.936792
534.125945
537.838355
543.978134
558.538979
549.366261
533.991964
536.764728
542.522076
550.414062
559.965511
557.967567
548.602873
522.872695
523.645493
528.427680
536.237711
529.633631
534.539565
538.474858
555.798797
557.477081
569.856514
551.915765
541.548312
548.084964
518.318616
527.125809
551.692089
539.297714
555.154300
542.478111
523.024509
528.765510
531.618918
533.870369
529.558651
536.424563
543.630652
534.442559
532.749063
548.026058
546.833822
548.101068
557.966140
558.157915
552.385096
550.635353
544.993601
512.793323
529.393244
551.064534
548.405648
556.138157
551.534101
549.565447
546.661296
549.773570
546.138581
540.042771
540.150959
544.144207
557.792467
549.034795
548.650637
542.953548
545.224343
528.376005
534.510493
541.392241
545.123276
545.792555
553.544279
556.819903
568.656737
549.418253
550.123332
547.225360
548.796791
555.788273
540.917136
559.693549
555.916751
512.659445
524.150642
538.678894
530.833430
532.421027
525.053967
554.417217
545.427069
535.123528
540.208914
539.807807
531.714346
517.971878
526.741460
533.799705
529.354217
541.879375
534.333631
529.766785
532.746116
537.472562
554.594481
536.099389
547.429193
546.468467
543.680166
539.849993
541.488895
553.355482
541.441292
543.726357
546.538289
542.677382
540.011708
535.990201
537.064630
538.914570
566.595283
544.007837
533.913203
524.140346
530.759301
548.921212
557.538198
550.784289
549.776820
554.099312
544.812192
541.106802
540.388949
539.552934
535.602742
540.834418
538.405307
538.380444
541.362477
554.031535
538.451529
542.967936
546.850762
543.374913
540.561048
559.868909
561.318194
551.244664
541.961865
533.328373
532.331136
548.217712
564.782880
561.391002
534.255600
538.407835
550.348840
531.167827
531.596731
515.775530
550.394362
546.835887
570.258704
548.224107
544.693395
536.175050
534.206447
540.589123
548.549511
543.158031
539.075605
535.887945
554.972307
557.548356
557.341410
552.995152
538.984523
528.987649
532.310045
532.406721
538.445951
538.167789
541.535168
540.873218
551.600061
553.541730
567.097870
547.143958
541.584186
547.527597
517.563601
526.111379
549.338466
537.500581
552.809309
548.638624
526.071270
528.608404
529.810218
527.065155
524.270368
527.994184
538.504509
530.598528
531.609874
543.145813
536.739268
541.552546
548.729360
554.112889
546.734294
537.427137
536.959069
519.511462
530.128470
552.006212
549.464889
563.933488
558.076232
547.805018
554.488939
550.666581
544.092188
536.844959
541.572456
543.278851
555.463217
547.664980
552.927859
544.823968
546.017411
528.376005
535.580503
540.334788
545.313785
543.809924
548.748300
554.373152
566.638870
548.263761
549.603689
551.574879
549.913209
555.139085
538.188957
561.147801
563.718785
527.299152
533.270604
541.110431
533.081725
530.068463
522.275997
546.311531
541.498550
537.291797
548.185283
544.848913
539.604050
527.839213
537.314328
541.575036
537.974566
552.346779
537.712628
528.051886
535.408462
541.259249
551.783668
536.261499
548.214576
542.875804
543.802221
537.643453
534.990111
536.706991
535.725945
552.593744
554.754674
557.450215
540.933535
536.121787
533.279584
532.588937
522.670807
546.158383
551.350015
547.589626
534.979799
550.806238
545.868480
540.431617
551.319489
548.173116
546.639757
546.949766
542.455617
549.638989
545.849759
542.482087
544.760827
532.663839
539.355487
541.603203
550.517777
541.468006
532.807882
544.346353
543.289016
540.686902
529.938631
542.306456
539.130810
569.497463
559.157748
560.696005
565.205865
560.018355
559.885819
544.288747
544.945340
525.617368
521.889109
522.347679
536.227027
545.662201
538.841864
537.544466
539.707502
546.266799
561.372556
551.386589
535.318048
522.961743
526.538170
532.860893
516.602408
530.363525
537.970296
540.566577
540.784064
532.918235
535.893854
539.930096
547.299787
533.751123
539.359915
549.918829
541.069092
535.603869
539.769937
547.176985
541.257714
534.329672
547.579055
546.835389
550.895853
541.248604
524.794810
535.931601
534.245040
534.421154
533.566088
530.079254
543.764726
539.905990
530.413362
532.018060
547.720634
547.522725
554.604054
545.694192
556.467571
539.590006
541.839822
505.866429
533.750426
532.223748
544.430242
539.751594
533.684979
537.677544
540.015805
541.248554
539.195133
544.387140
528.630525
534.118587
543.156168
537.730703
545.266090
540.863831
536.201515
531.287080
548.365341
541.429380
554.603497
542.468966
542.888923
551.967047
550.778469
561.090014
544.065608
540.808361
524.891147
520.096063
529.284878
557.129424
563.336565
555.259679
549.857916
541.166649
532.628513
527.516195
527.588922
526.877878
534.959412
539.124561
540.685633
558.611408
549.747402
556.767446
542.355820
552.966256
556.514823
562.776764
539.267895
546.486015
550.141029
552.894423
549.590338
542.975841
537.123401
536.727362
518.969585
528.003094
545.025917
542.005095
538.531848
534.740079
538.825920
559.819553
560.896529
557.222221
537.428904
531.233592
528.219195
526.987719
520.410186
545.749762
558.702422
553.666457
535.415813
551.595366
555.233634
533.888668
545.440776
544.466992
544.051942
539.960233
522.813701
537.662651
530.241238
542.786126
542.408159
536.760841
539.115415
539.941966
548.510284
540.821459
535.829873
537.016422
544.409695
539.022463
530.702502
537.166733
544.666178
568.504594
559.278327
564.064285
569.357741
556.733951
561.578584
541.962335
542.806461
519.058828
521.671490
521.952780
532.926308
542.671834
534.215220
533.812515
528.689462
543.147506
561.452859
539.354456
533.797715
525.161434
525.318343
525.368569
525.836418
527.970904
532.359381
540.590001
542.248736
530.037642
531.935404
540.886862
542.233434
536.173976
551.351504
564.172180
552.609095
543.009016
544.924000
551.147646
546.436248
539.863390
547.495335
548.436856
551.332393
540.743319
522.815976
533.937305
531.022000
534.781358
532.498640
530.668333
548.101987
545.723942
531.344549
538.693158
547.270783
548.317698
538.794172
542.847052
554.283951
539.459375
539.711393
511.895496
535.504154
523.884097
542.943001
544.521737
541.365739
539.000997
539.495896
545.135549
543.003415
545.529134
535.627429
538.643264
551.348835
538.390320
537.985344
537.432767
532.307219
531.223287
548.492553
540.663407
554.473214
542.633315
541.751580
550.861467
550.051489
563.792480
547.726651
542.423733
526.009549
522.188849
531.386260
556.621599
564.643197
557.010458
550.036991
544.686487
533.511309
531.368766
533.069139
525.082437
537.333978
544.034551
541.679440
556.008151
548.985751
548.512619
541.493160
554.818688
556.668947
562.184086
547.929677
553.376141
550.445078
550.207198
547.233295
540.893913
538.505799
535.406976
517.439394
528.518272
541.540397
530.352198
535.014966
539.244506
553.512485
543.688369
545.733117
538.323310
524.592601
539.131422
550.546848
541.856385
536.129063
532.896585
541.128540
533.837132
533.995683
528.663349
539.331264
549.728349
528.675078
535.759452
547.729404
554.458867
543.259184
542.866407
526.331087
536.586274
536.922352
530.847958
520.067317
525.583088
531.415842
531.145893
549.137720
531.922380
545.016978
539.785288
530.950808
525.802438
533.106088
544.617778
541.323086
534.471295
539.694390
534.823172
541.112346
561.208958
550.348043
531.990199
552.929382
558.118720
568.763450
533.188181
543.567190
551.084471
553.208727
555.161513
560.810953
550.227254
544.703876
527.499045
526.406690
532.025611
539.365797
517.765901
541.878159
535.516314
538.698790
535.288807
529.063177
542.921204
541.773459
542.176369
540.800671
545.459138
545.335995
527.547145
529.585307
530.849399
525.364684
537.292766
527.105158
540.552247
547.427314
531.452601
532.534271
542.991611
550.896333
542.522207
541.119345
542.821258
546.224375
549.598025
541.298968
553.592474
537.506895
533.839569
547.444862
522.012002
536.146604
543.183540
538.329797
544.620709
532.859278
538.112737
521.200961
518.782927
526.315054
517.995056
534.229202
529.527926
530.577618
530.810516
521.718756
518.017785
526.353591
543.546356
549.087220
549.588929
560.978990
553.763377
553.724690
533.879625
520.662231
516.733322
538.431733
529.585334
540.036235
545.950570
547.975470
546.240544
550.123167
544.844583
553.400846
551.929604
532.510796
525.462043
535.487539
535.289185
546.311461
555.214509
539.131998
545.980977
540.231053
539.474485
540.050034
545.646336
541.336887
546.486317
544.883731
540.399703
539.777425
537.894136
530.876365
542.324922
533.325229
548.811987
551.779484
549.284378
544.783486
559.788083
540.113106
532.130846
540.375955
529.322440
533.046085
548.436264
560.881061
557.866172
557.044560
548.555673
534.013576
545.628931
553.289350
548.947080
559.002947
540.809008
547.378974
541.321481
549.124215
547.489403
555.251230
568.411711
545.256651
535.515632
550.763984
552.714828
537.729169
540.244368
534.799832
545.313224
535.435875
532.549277
530.594626
534.489275
533.491312
534.825862
546.515535
532.421303
536.303968
529.748996
528.516080
527.392812
533.579538
547.008365
543.220773
541.399519
539.552918
532.437902
532.443080
555.908847
548.565421
543.451827
556.073617
559.884432
570.685514
540.806913
543.866220
547.663733
548.741113
562.573716
564.973659
552.084082
549.934139
540.142584
533.115652
532.650416
544.420663
527.354297
533.393663
529.258990
534.235463
536.037660
536.768736
544.584844
548.440570
550.707893
549.112830
547.154053
548.385789
524.872700
532.248083
540.412267
521.951784
537.786200
525.533639
538.695846
543.891474
531.605359
536.129631
546.927737
553.898017
542.677728
536.731243
542.213838
541.427071
547.849743
546.377296
553.497256
537.262301
536.117037
549.017751
521.650119
533.994184
539.745971
543.718792
551.950088
536.186992
532.245121
521.812559
522.759076
531.543091
523.974972
537.649219
533.428735
528.888721
525.708896
519.394730
517.013521
519.228872
533.876038
547.629862
546.979220
562.666848
558.403293
553.270119
532.853615
519.836717
514.287446
533.988492
526.930057
542.055764
548.891354
547.931814
546.821031
549.791978
542.349314
553.395705
552.074736
529.484289
522.546580
530.348805
532.503870
543.937151
552.966719
542.652205
544.739174
533.243062
538.488005
539.318558
548.758348
544.622747
552.607380
546.824464
539.122856
532.046203
540.832028
531.107034
538.605329
541.125858
558.158719
556.100521
555.451904
547.200237
556.135728
534.577644
534.591247
559.314774
556.540289
551.671330
539.404688
535.686536
543.784405
538.809332
544.243379
536.855651
543.246335
527.315511
514.514943
520.899755
533.678080
534.276025
535.867288
532.903373
534.055864
527.307704
529.304524
543.698559
540.699130
547.586533
545.669938
545.465502
551.971606
563.913243
571.296332
552.675219
554.770393
542.963465
535.621144
533.771125
539.650097
549.721645
570.390032
570.958502
547.441797
542.330129
552.303950
537.843120
532.748607
544.384224
537.518388
540.752061
544.893082
534.495221
553.564414
553.926174
554.379577
539.764811
540.985755
551.895233
558.090431
548.659911
563.243246
550.518835
550.991650
541.910506
549.162256
559.407206
544.130866
555.427692
569.345082
564.073466
558.009177
557.924381
555.822918
543.023119
539.724736
541.505558
542.842732
549.559629
550.709256
549.258737
551.017360
543.194061
551.670776
560.424764
555.282739
562.898679
553.386236
539.819757
547.683111
554.234988
540.914168
526.280864
527.534581
526.937459
528.563807
523.063687
523.506522
538.093921
555.908149
564.725419
558.227765
554.516567
550.488179
559.928460
558.385611
545.261522
546.426730
552.170247
547.031237
534.360466
538.042911
536.410894
535.566061
533.298699
539.118483
530.505783
540.302770
543.376863
537.446690
523.997663
539.411826
524.758924
545.773541
540.358675
525.936489
534.214558
541.135685
544.498678
535.465514
541.669341
551.103348
547.362676
543.056603
545.219903
554.136085
557.689214
549.065697
559.890860
555.632546
533.194234
537.956054
553.666954
559.216575
559.621662
546.992864
554.860993
561.714474
546.244626
546.970367
549.805791
552.450185
567.307633
554.747862
540.537440
556.048603
540.080671
540.751512
535.591550
528.324126
519.748409
540.462632
539.918232
532.473871
540.686306
537.851499
531.987585
530.320942
529.967493
547.274850
558.026346
551.409052
549.297435
551.152095
547.635528
547.940349
541.424859
551.457210
539.741672
540.496949
534.469346
522.849353
518.053924
531.749542
541.931083
547.642380
533.177190
539.871712
534.027005
530.379456
546.707052
533.140595
548.867395
548.089617
543.817797
548.741493
554.257830
557.258647
554.797184
547.333168
537.368683
520.146431
521.203976
529.804354
541.373805
557.509833
562.425124
544.667959
537.456481
553.704105
540.968107
529.237381
542.266965
535.187241
535.242212
543.196010
529.007749
546.572841
547.413280
550.720084
537.072612
535.992875
550.478769
556.875475
548.573902
564.155141
554.022779
556.737581
545.467955
542.608632
554.076603
535.604050
557.756632
565.057359
561.826750
557.424785
559.492345
553.324986
543.343192
539.067837
538.709794
542.649838
546.279243
538.376602
540.897636
538.734017
540.262546
554.323290
568.917883
553.509579
558.120781
552.441635
539.223841
547.203904
556.997157
541.995062
530.257495
527.521640
523.055255
529.368880
521.478843
526.687374
537.966558
551.365351
554.971861
552.435562
551.472570
548.480866
551.049150
552.035433
537.695615
545.176676
558.049611
548.063716
534.443100
542.194819
535.245959
531.249465
530.757323
530.392701
522.026267
530.794339
543.677327
540.344918
527.135507
543.919990
529.290624
542.744580
540.148664
530.224755
537.974708
544.070660
542.058638
535.465514
542.049212
553.913833
547.831754
544.405103
541.894579
551.027148
554.369579
552.617983
561.068075
557.809899
532.025605
540.520473
552.071843
559.074422
559.221236
548.217949
553.857901
556.931685
546.771966
546.015889
550.638325
553.244462
568.253355
557.374647
549.799293
564.425538
536.173749
528.551221
531.495391
519.052491
506.013324
529.939554
529.889960
525.252374
537.330127
535.102772
532.780555
529.795130
530.538559
546.196256
544.214194
540.757895
539.998684
524.225213
546.321356
553.507902
551.078909
540.877119
545.518899
545.241806
543.414432
526.482392
554.345317
573.912756
559.379332
553.711894
559.750561
542.451095
555.042355
542.159388
522.452500
528.792121
537.875960
550.431594
541.120714
532.438627
542.384498
548.536801
531.975096
525.767574
522.599347
533.974263
539.606139
535.456958
555.343015
525.438796
533.508423
531.472288
551.830783
548.893571
532.849917
543.071389
548.491029
551.607942
542.715000
546.678904
549.761109
550.033866
546.389678
526.192355
528.876030
536.165079
547.086951
549.627219
544.304790
557.245063
554.535050
552.045911
548.596152
551.814804
539.314319
547.754495
555.827278
544.954141
536.673018
553.615580
545.021993
532.848293
527.389526
541.899151
541.472008
527.801349
525.955938
522.952350
523.429072
539.423081
538.791973
526.934045
523.670190
532.006845
540.375336
542.253995
541.444832
551.793910
526.500564
522.463276
533.512553
532.827927
540.340667
529.681982
540.189596
559.964849
547.804839
550.044986
539.532083
525.530088
524.279254
528.300517
528.861416
542.999227
545.901039
540.585985
538.516544
547.630746
551.265371
547.022930
537.111792
545.547379
541.555655
557.324242
566.912078
571.021476
551.631066
540.821978
546.815802
548.013834
539.801568
547.978417
544.840043
545.053062
546.160959
540.394124
547.776251
541.770182
527.380929
522.816444
544.976080
542.915834
543.745752
544.695267
552.284679
536.864769
526.011151
528.171214
534.377846
531.285854
532.337274
532.242145
526.004502
538.024329
552.569765
544.117502
557.462382
537.722679
537.715488
539.028309
540.964482
542.437964
548.709910
560.536058
552.556383
531.511694
536.819986
543.748366
543.959211
545.411050
549.039360
569.037595
554.529323
551.654099
554.669289
540.322547
536.558008
540.897197
537.856215
535.918045
534.254416
523.541675
545.244647
545.695569
551.989991
539.794865
544.255907
547.599269
544.040781
524.922957
545.050481
579.336194
565.272747
555.274961
555.564946
552.529516
556.473166
543.550237
528.584876
534.345454
541.303475
548.797614
532.191119
518.120818
528.146461
540.538396
524.208243
526.945048
534.473251
545.949276
542.433888
534.032774
554.365682
530.583028
543.196588
545.224352
558.319397
542.601139
531.863722
543.052574
549.265565
551.432146
544.991127
549.640830
554.091546
555.990611
546.047880
535.390476
541.170675
547.792571
553.421357
558.316095
554.687952
559.524656
557.250821
546.400375
540.766947
544.646822
537.667239
552.998635
563.024546
549.697179
540.959261
554.773963
539.020450
529.282306
528.269303
543.167016
539.595552
531.345543
528.731760
534.454049
522.219300
530.419233
531.409481
529.782352
524.937289
532.728038
540.212790
546.914936
540.518267
550.928397
524.082720
519.251376
530.079899
527.852913
539.683797
532.494982
539.791984
556.815567
549.378336
551.893244
543.764150
535.686269
528.011962
534.682115
535.504328
547.783850
551.449475
544.610561
542.110450
555.683534
559.858545
552.934720
539.176825
549.329816
540.357302
548.823034
558.139116
571.881976
562.539857
543.969572
542.768337
549.205517
536.576662
549.719990
539.355820
543.914298
541.834636
540.090448
553.219658
541.770182
524.302099
517.350538
543.839175
544.508385
546.229968
541.999776
551.611153
538.928584
527.922864
531.954732
536.630595
535.509953
535.763615
535.978027
528.736967
540.881130
543.913206
542.512091
558.980303
534.449775
532.034632
541.420014
542.056643
539.291182
543.932197
556.843403
547.464843
527.283091
535.867129
544.990435
539.512696
539.983319
545.989715
562.312168
547.185054
550.000743
552.975093
544.461095
542.788833
541.176825
535.128718
525.359316
536.224267
556.605218
555.324785
568.045157
566.460876
547.831668
555.703046
569.149397
547.491125
560.995903
548.575016
540.549384
550.282595
541.252763
540.721653
542.885394
538.915441
537.821711
537.344793
538.239682
542.395928
540.657129
533.216812
527.996801
532.472446
538.409447
520.959712
532.313346
548.108896
533.685162
534.792768
547.592678
541.651888
564.870701
552.785745
539.493726
541.845008
537.830405
538.374587
544.876509
528.263337
522.414014
539.361721
545.043291
553.355502
549.666533
561.354659
551.963663
544.502262
556.899139
548.652610
544.975373
536.993725
551.409466
552.849620
538.396696
565.268733
555.024187
549.686031
543.206039
554.391449
555.692290
552.803278
532.874736
536.862194
531.866154
542.019934
529.953229
543.725438
539.639149
552.879815
547.302593
555.079882
539.708032
558.636158
557.055960
547.953202
547.646057
547.968643
552.975385
547.559960
553.694461
557.581821
557.034142
564.269478
542.853072
543.248394
551.082221
569.090209
546.975777
551.908390
540.833084
537.996935
542.284521
536.462700
534.394670
526.582494
542.250567
530.695319
529.401066
530.850853
523.876850
518.960921
525.447824
536.879309
537.139750
545.814223
555.979355
545.430401
546.771446
563.007620
560.492912
562.356545
567.235543
561.752439
576.307282
566.637768
555.799051
551.061195
548.550533
543.431600
540.885545
529.858351
540.731634
543.644988
554.199526
562.062153
554.086295
561.968354
546.653407
526.480905
538.841643
546.004902
538.985700
538.980284
548.610628
536.796935
533.941780
554.537060
555.322588
535.666577
526.346760
523.317044
531.699756
528.453186
555.338161
545.115148
540.754167
540.214434
568.481157
567.972985
563.468042
562.272770
556.101728
544.815724
528.241671
521.587478
545.120018
537.998532
536.375644
526.220993
538.775357
541.841234
532.019035
540.274208
556.722115
553.099717
562.484291
561.473695
533.338197
545.806863
565.579422
554.273037
559.746289
551.715764
546.479067
563.456042
550.354833
542.101962
533.658538
535.710941
531.951532
538.110491
543.677451
548.916761
544.539767
543.660090
534.436875
540.775547
547.219133
524.754776
534.986067
534.814140
528.018531
535.513023
546.502947
542.718781
565.837770
558.641679
548.597420
548.408264
542.915158
542.211626
546.752258
530.325351
518.139464
534.324282
544.634063
547.287922
550.384185
560.788441
553.314804
546.243603
559.934949
553.269087
550.672833
540.180386
559.681421
550.534272
541.849542
559.365964
550.003715
547.076833
548.164994
548.056076
546.712855
539.254492
525.762737
528.898229
529.374930
534.745694
534.204551
554.005498
542.674488
546.821481
543.315542
544.379371
547.328295
560.559048
550.902197
547.458022
549.196386
548.248281
547.841696
547.112367
553.039966
554.677148
555.246599
563.379740
544.001106
538.816049
544.305995
560.440033
546.767155
551.967712
536.183884
533.056004
538.871029
528.907504
533.925667
533.732462
542.453443
532.356736
526.628268
530.093835
521.873500
515.998710
520.019397
515.486106
520.991333
536.823744
550.762907
535.846167
541.295108
560.312299
556.785765
557.559766
567.050428
561.750988
565.374668
549.709400
549.444697
553.116872
559.042089
547.827754
543.884881
530.272921
535.205072
538.605529
550.437552
560.720680
553.239782
561.474588
545.894425
528.987745
538.514545
547.710018
540.981599
543.869530
553.007897
546.854622
541.094780
557.119938
556.228230
539.573993
525.161435
527.945178
540.926651
525.308774
551.199078
539.699264
536.093596
536.933176
573.800662
573.151687
562.658956
557.402925
545.542794
537.808951
523.076511
519.615915
539.449200
532.503913
526.990599
521.172327
540.400042
550.231043
549.031797
528.316685
534.163480
522.639846
532.211457
534.179198
531.097668
530.805323
550.987115
538.948817
540.255092
533.153314
544.790148
530.248677
531.421073
527.693903
548.431697
544.332361
555.501349
557.191822
558.641097
552.690847
553.424842
565.510791
550.002468
544.707353
542.786656
537.793504
539.798226
536.267208
541.110645
538.028633
543.707768
551.033295
548.466030
557.787610
558.908696
553.727098
557.648911
548.792246
558.167478
546.473239
547.456627
560.418698
570.568594
548.069827
543.396441
546.098787
548.853633
537.217210
539.868977
539.464674
550.489198
562.621515
551.848905
562.537283
561.472119
540.820694
548.824186
539.117791
530.458495
520.752253
534.847883
521.813571
539.755240
533.276479
532.494876
530.946712
532.803644
533.094675
521.327024
537.388922
545.406706
545.467303
540.757285
537.575056
539.690035
547.426176
553.829337
535.560397
526.408628
538.959574
550.698680
553.524282
549.787938
551.584922
543.682298
538.083703
527.699933
523.318450
537.715319
540.763898
537.982737
539.755666
542.992097
547.202502
540.571928
553.947669
564.220147
555.765671
558.572317
550.162166
548.514517
535.552540
552.288090
560.143337
544.634759
544.003770
549.891161
554.873213
556.636545
546.026704
551.637011
552.700931
551.672388
559.023709
546.042538
552.614987
544.403751
529.896858
532.353463
539.841838
521.095756
524.010276
538.954129
550.243637
549.771453
549.901875
545.927557
527.416890
535.074841
550.105988
543.396817
558.298262
561.278488
557.184807
553.137327
550.048844
533.791446
546.709891
552.406493
550.000697
537.059550
553.086864
552.371048
570.738289
565.830452
552.502241
545.840672
538.337570
545.188629
544.988071
542.051965
532.331934
530.331064
542.507849
548.599470
539.548381
548.062807
546.322841
546.256832
539.729442
539.599113
551.495221
551.415688
525.469178
536.238394
530.704141
536.456695
532.952855
527.200208
529.730730
547.532108
543.767170
542.742695
533.817555
539.812866
529.436774
538.076782
531.303284
549.496382
541.233713
549.917460
551.316405
542.663257
555.059657
558.282222
565.208424
549.644271
548.342660
544.573987
539.404807
547.575008
539.015881
551.771815
550.443617
543.553062
546.609026
541.656048
553.677316
565.021229
552.719622
562.529213
555.144137
555.273668
542.279741
546.946678
559.837593
574.634763
553.594166
543.598220
545.148907
548.808240
537.131831
552.096328
549.476837
550.218923
562.933653
559.725739
571.424897
561.504596
544.347038
555.927292
541.162098
535.637752
527.434315
534.477980
526.710002
554.340960
542.338806
542.549811
540.775518
535.724533
529.780002
522.842822
540.994201
537.795563
539.065731
537.066471
536.156826
537.919955
547.700763
552.084278
526.463730
519.526685
538.516066
550.178424
550.564522
547.322272
546.090184
546.862719
542.522379
528.566099
525.221976
532.985992
541.890252
539.037589
534.950780
539.911849
543.228243
541.170845
547.236112
559.505319
558.821546
560.335221
552.502117
548.062813
537.426703
546.341797
554.197269
541.468324
541.047367
544.750400
550.368367
549.823452
540.868562
545.125130
545.315496
550.743905
561.703659
551.164577
549.808382
546.959882
528.581750
530.241697
539.009540
521.095756
524.010276
538.038410
550.722239
552.050096
548.585097
545.822125
527.922735
536.161765
554.335518
548.270180
562.510943
562.297515
557.292340
552.072775
541.296466
536.941994
552.431452
557.499298
554.258597
534.898846
560.485026
560.098944
576.863591
577.857030
564.241276
556.701871
540.385444
540.136829
539.746583
533.312251
530.253966
535.860621
538.908421
548.165114
535.484946
548.361986
541.224515
539.656337
538.299727
538.983634
539.051804
551.269576
538.837225
550.798224
550.481965
547.453185
536.372155
532.872908
529.432537
535.541812
534.869176
536.893489
530.361982
560.760859
558.509634
560.317375
560.119816
550.892629
546.357585
539.672154
530.078139
541.018564
550.037118
537.709315
548.216401
547.826105
544.770167
544.047558
543.380608
555.050107
553.697061
540.338124
544.158687
540.788911
535.453882
553.710422
530.799337
540.398812
554.826449
557.769937
555.955211
548.315417
553.430108
551.420993
548.766134
531.212585
553.511168
544.487902
556.385756
536.527835
543.187103
535.756041
537.679132
544.805003
529.022842
547.293880
547.475158
540.023092
532.049381
535.883816
523.392490
525.249642
529.690140
530.107079
533.672894
536.776319
534.207766
526.264092
526.215447
538.593344
551.430452
548.987851
549.294086
546.443948
562.643703
550.988905
549.809279
548.330890
547.155658
539.916727
541.094995
547.102401
526.606280
521.732422
519.304966
523.336585
531.228325
544.742573
537.460946
550.383108
542.273737
545.841237
549.605385
538.626731
551.636683
535.434279
532.391700
537.007233
532.177142
542.359708
551.001815
540.346946
536.738130
539.104514
543.345480
537.619308
543.373079
552.781473
555.643972
536.992938
527.836241
533.716849
526.498344
530.047204
543.503645
542.969250
552.194285
542.509123
547.755250
537.648618
550.402988
540.749170
539.016311
520.213392
533.007730
542.212479
533.844276
540.982626
547.786914
542.648365
540.134541
554.351184
531.640908
538.777416
534.700112
546.724098
545.759032
533.760572
545.273445
529.284355
531.302277
550.621369
537.067451
527.770437
521.892026
525.999299
536.289854
541.302809
541.441683
545.933665
553.564301
560.925728
551.959600
540.516898
547.591717
527.057178
535.474048
533.122885
552.781509
547.131039
551.364867
558.681271
545.202591
538.919472
536.349277
547.163409
543.168611
549.363461
547.195967
549.215906
528.849510
527.295194
532.339926
539.446514
536.654987
529.605111
537.000308
560.016455
556.310914
564.357849
554.787522
549.569331
544.940768
539.805987
526.691147
561.388624
563.905878
550.584568
541.342590
543.135508
541.117728
545.515839
545.840464
549.383092
548.647922
535.367721
538.635325
537.983932
530.822273
544.988354
525.307194
536.502932
558.859395
557.041784
557.035115
546.652831
550.427144
544.235352
549.685704
530.304515
546.978019
543.649167
554.696217
532.793251
539.100167
535.082761
536.212046
549.253792
534.232807
546.004361
549.985909
542.895307
539.871192
534.160338
529.204014
532.526358
534.303365
535.743664
546.062660
545.676791
550.736445
536.104226
532.068599
547.371870
553.540377
546.586275
547.446498
550.489782
566.465498
556.268464
555.019417
544.896503
547.979817
541.408672
544.370105
548.745413
526.253494
524.882976
521.395529
521.891842
531.031148
544.326678
544.722621
557.938472
550.585128
545.002269
552.872498
542.972671
553.479881
539.466301
536.736749
541.078437
532.767859
541.756157
549.404957
537.019188
532.199916
540.713802
542.321632
528.333921
534.851668
547.754882
553.007456
535.650632
527.874211
535.169934
532.409930
538.855240
552.235911
548.716001
562.240302
553.198890
553.237078
542.579651
553.406209
542.157141
542.828678
519.296281
532.799678
541.174713
533.368506
540.706395
549.709154
545.381810
543.287866
556.232872
534.009820
537.104295
537.437429
554.631244
551.129724
539.632810
545.809642
529.742576
530.361093
548.802941
532.857309
526.629949
523.834410
529.139998
534.548190
545.482280
544.310423
551.059403
551.344190
557.704147
546.589129
536.152591
543.116173
528.898885
544.769549
541.756586
559.457624
548.510771
548.084918
553.380890
545.004162
540.593500
535.593598
540.005128
527.152497
528.022624
520.531088
536.695604
552.581007
536.278591
541.465427
552.391599
546.629977
546.455031
543.628347
555.500965
550.656233
555.096449
556.412263
555.499968
538.738533
541.877271
550.110009
544.212444
536.049272
538.418613
557.995800
563.409963
564.867969
558.312289
537.656324
542.402646
553.107067
552.764236
547.197655
553.781281
540.756990
558.775055
551.129214
547.720123
537.936079
532.965631
538.751548
541.971204
540.291488
521.915160
525.680479
536.012344
527.647260
531.571391
518.591626
519.666324
530.776341
539.862451
557.494157
545.228483
556.255909
551.076010
549.415132
557.425682
550.847613
556.043824
550.318774
539.356729
534.692028
543.528669
555.818175
551.911672
540.590174
549.302093
542.257927
534.204912
543.552044
549.703835
552.776446
548.141356
550.906951
538.129342
539.943523
532.526926
539.333882
520.849367
534.795749
525.770980
551.514262
557.051558
551.173182
544.946515
543.632814
537.759833
544.331606
543.432310
549.752815
544.106812
534.887158
538.537338
532.283388
553.763828
547.008884
547.461644
550.936231
555.728487
558.727213
564.505512
557.443036
535.032628
534.966424
531.903858
524.022964
540.059697
532.363269
530.114335
529.375491
511.026586
531.336561
530.349627
531.343880
534.914981
550.579747
534.525243
528.248370
529.401846
540.165302
548.572480
541.579746
526.503044
519.510725
515.150646
529.942829
526.217660
531.533308
514.423114
522.962102
539.267492
528.418287
545.227160
535.452843
542.380909
558.415884
556.573197
552.682714
552.239591
553.543129
537.762373
548.306322
559.609026
552.661600
540.698333
529.476977
529.510914
547.372795
540.800746
542.802541
548.635688
558.828456
551.089282
528.163919
539.871714
535.322069
527.004859
525.775675
524.122918
542.672486
537.536160
536.659290
537.363220
530.706564
534.344864
509.119762
512.969700
513.890564
536.026927
547.058548
542.037725
543.044905
557.396650
560.286705
557.702862
554.945372
565.690936
557.500714
556.896049
553.360038
555.173015
545.965725
552.213493
563.553032
550.386854
539.339075
537.414634
551.855326
548.929824
558.162787
554.505180
542.134083
548.196876
561.531817
567.924968
560.061527
560.080894
554.414950
565.290283
560.936743
561.523484
548.843353
543.713050
540.894755
542.501783
542.850094
520.850573
525.669777
534.510535
528.490007
536.325099
522.580495
525.637569
530.953689
542.925575
554.228600
538.790258
556.252683
558.203474
555.732453
566.489783
557.142617
548.853572
549.754491
549.607488
537.968038
549.621832
555.984070
560.481700
540.539841
544.595003
552.464294
540.436926
542.916696
543.032928
539.773018
543.754871
544.863448
526.396087
539.614047
533.220422
537.174699
512.043257
534.965883
526.630208
552.239596
557.201390
550.545213
539.868328
544.423350
539.968909
546.057667
542.804556
556.156203
543.308284
540.044127
543.642950
535.102677
551.657036
547.293175
538.589807
540.933070
547.521351
550.777470
550.004269
548.352443
533.607839
532.615650
531.538601
533.493376
538.371976
532.689375
530.223564
529.511909
512.516700
529.775889
527.055406
534.493391
533.058074
538.338631
533.813941
525.521957
537.077581
547.228842
550.738339
544.621535
526.503044
521.686329
521.582246
538.250271
533.270067
532.398168
513.700730
520.684996
537.329426
523.902537
541.389272
535.280394
546.677885
556.332227
554.552112
551.840605
552.164357
551.874603
540.077404
549.409932
551.764221
546.664394
537.663549
531.996024
533.926925
546.657729
543.094455
545.706688
548.368012
557.914577
548.394590
525.789963
536.304923
537.741449
532.511306
530.406414
518.971856
534.909389
533.689485
532.817393
533.656933
543.398232
554.049408
546.811230
536.089728
539.363096
527.141841
526.617018
531.428454
533.186052
525.358830
533.664081
523.810160
538.293550
534.954846
546.008676
538.957538
536.155209
542.778051
546.482165
541.800907
528.573462
539.360407
542.210477
538.903622
533.038540
547.981140
559.799040
545.463159
558.952756
553.478899
552.652957
566.191222
551.499958
551.290643
534.653577
551.676496
562.657873
560.774324
569.249735
566.775464
550.925562
538.326678
543.677795
529.500690
516.514990
518.629900
521.543689
521.277557
530.298841
547.078453
564.908344
568.187504
544.860758
530.898982
514.814765
534.034830
540.909654
541.818305
538.615909
533.677778
546.568578
545.606546
550.727257
559.652645
565.421516
560.063802
552.258689
570.528049
556.980643
554.330130
547.835808
558.884655
547.032316
558.289823
515.487906
535.021512
537.811861
549.936875
546.345037
554.348348
545.123683
525.637561
539.542204
541.983539
550.903466
547.127804
544.246304
538.156007
550.219040
549.730108
535.725183
539.136529
544.920772
535.648539
542.555682
551.138216
552.573168
550.993589
543.563968
540.440450
537.185902
535.040817
534.150496
527.193917
533.377163
538.005435
543.667872
515.653637
520.494478
530.776197
540.770013
527.088732
540.127677
507.860370
520.377753
519.273594
512.040383
522.881351
526.792900
543.144441
536.443924
545.115167
546.432916
533.884204
542.167797
536.999543
540.889125
530.565958
536.713365
556.376282
557.197421
547.238253
534.778169
549.985774
556.923894
555.027708
549.698628
554.824274
550.770426
549.639826
563.344255
545.104103
545.457018
539.731299
536.780042
548.011508
569.005332
541.600516
543.951412
530.735813
536.254730
538.583707
548.694368
548.891667
560.131725
547.279670
549.468723
551.210325
543.838944
556.258659
561.709365
551.207374
541.404789
540.849011
541.408651
552.592309
550.123061
541.137770
539.917558
530.722380
527.764479
533.613067
533.150671
533.925312
544.002180
532.472462
547.470831
536.952209
539.266296
530.407474
529.873654
543.536638
554.283503
553.694640
536.620206
548.601581
551.042076
551.647217
537.467740
555.874722
564.336036
553.073111
564.958113
564.292504
559.307895
564.692082
556.007089
554.207830
541.459148
553.569748
558.294430
557.744495
570.352982
566.145941
553.687906
539.519183
547.043930
531.328132
523.678371
525.899600
521.185485
520.480297
530.203548
544.491715
553.743270
563.949221
544.700407
531.196826
510.741105
531.772020
539.453363
534.308588
533.336028
532.012110
543.671753
545.401656
551.773077
554.038379
561.896680
553.401492
539.782482
564.881222
557.702618
558.745299
551.579560
555.694389
543.199874
551.226523
509.844653
530.906014
535.926944
544.248463
543.251802
553.488782
546.181551
527.658442
539.542204
543.332779
555.245146
550.039079
543.646960
538.927270
553.777804
552.866252
542.310199
553.104344
554.255100
540.422462
547.846943
548.526055
548.199666
552.146785
540.025032
542.187941
544.208046
541.565473
540.786097
532.426583
535.885280
532.461742
537.861971
523.748712
526.319538
529.168586
545.121957
526.541572
537.631490
507.113728
517.983555
524.964160
521.079405
528.334154
529.521349
542.488942
533.250198
532.492271
533.951164
532.263162
540.835375
536.999543
541.541519
529.805440
535.844381
552.787276
550.540814
540.662644
529.399924
545.136527
554.679443
550.745664
549.403691
557.527587
553.579055
552.378136
562.501634
545.195661
541.763574
533.331127
535.703340
547.978633
571.066087
542.004200
542.855128
533.221799
534.732275
538.808369
546.830348
550.801651
565.232889
551.935828
547.034354
553.195761
547.034783
555.580148
555.364068
551.956136
544.871774
542.361814
535.486947
540.593101
555.050054
533.428248
531.684564
531.202282
536.081697
548.466233
544.305987
547.556514
522.364535
539.148376
532.587790
537.860744
534.977798
534.044422
532.238078
548.565431
538.860357
539.057259
520.466552
542.175877
542.581995
527.541018
529.966805
531.558895
533.386506
520.943594
534.608412
528.764823
527.516962
543.138287
541.966502
557.985105
553.485050
557.679273
541.521727
559.124388
541.863833
537.991730
547.737081
521.618587
539.489633
544.462899
536.497248
531.692363
530.990155
518.389344
523.834980
549.532670
554.271960
556.604798
546.044790
544.671230
552.189484
535.994388
530.639169
537.085282
538.024400
535.840681
543.563089
540.294539
553.689826
534.610001
540.479749
548.109456
542.165064
536.492875
528.902479
544.130919
542.972300
543.474042
555.221266
558.274825
565.521423
553.294243
546.590220
537.612998
537.384700
551.364142
538.832107
537.258142
534.057433
549.574645
525.811337
540.757206
533.124543
539.626762
527.494807
526.981834
524.389172
508.002518
526.533788
542.311020
535.172388
540.015895
558.596213
553.120643
545.347808
538.228363
537.350405
535.417378
528.869085
524.108426
532.253860
561.439102
541.074234
550.576524
543.937695
553.808442
540.595097
552.106276
549.838081
561.002902
544.596134
543.233625
538.678938
547.975253
545.172129
538.933925
539.979520
526.296461
538.664780
551.165873
545.387818
548.672640
562.226407
541.240468
555.309071
555.585451
539.372093
545.970013
543.861608
532.548029
545.366336
543.651995
530.998254
533.253623
535.897794
541.214071
543.702004
550.562133
540.460143
542.158614
554.824342
561.723593
555.960388
559.527384
557.747130
542.811308
537.718090
543.675032
540.327096
528.521014
531.965514
528.436627
518.126948
533.853711
546.458617
550.321826
541.679780
549.442416
552.779924
550.680229
537.280222
542.054561
551.071491
530.084981
526.321468
525.359219
529.983349
548.913095
540.843469
548.909635
531.203519
533.330913
532.244888
533.909808
529.455585
525.959714
529.371373
545.079844
532.197501
533.839550
521.520894
542.611363
540.514528
530.919381
531.652342
534.769776
528.878087
525.431364
546.427961
536.560907
526.906661
531.910238
548.221841
560.949004
558.941704
556.864188
548.419723
563.068166
549.040338
545.608556
535.176000
522.274190
539.723590
541.703000
537.359277
537.437536
536.361768
522.469325
522.524091
546.009627
554.703128
554.695862
545.606712
539.521234
543.406645
528.333148
524.055042
534.537647
546.980750
535.130789
545.724815
540.919640
543.223529
524.568584
531.145077
543.189636
531.476316
523.465094
521.092293
536.921951
535.664350
543.527666
557.292284
558.622170
548.021159
537.655891
538.640180
533.622362
541.657513
550.933984
541.097452
530.502028
533.212440
547.549848
524.433072
545.545320
538.516482
546.837734
535.576286
536.284277
529.663151
518.090957
531.192104
539.117118
531.473364
545.851437
564.735194
563.512752
543.887446
531.631519
538.856816
544.669585
538.997230
534.272657
530.370490
557.528885
538.538055
548.741262
538.655258
548.602679
538.246354
542.413545
546.040755
554.967084
537.717724
532.254604
542.106571
546.460415
554.995328
544.917510
545.741535
532.804524
546.352114
549.128228
541.858859
547.702385
561.722421
540.720277
555.733608
556.476407
540.080748
547.161095
545.264406
532.110308
541.482557
544.044193
530.488185
533.303411
536.306143
545.490457
547.919561
552.373433
542.879555
536.575038
551.322529
557.010129
556.595652
552.006407
555.802139
541.942607
536.434364
537.823579
534.039771
528.754835
527.224081
520.041430
511.911750
537.620622
542.778063
546.803816
541.989730
549.008350
548.788686
547.020521
533.359034
530.617754
535.736426
546.569194
540.070814
526.737247
537.266522
534.846802
546.581949
531.806636
534.832378
543.820335
549.093587
548.646749
547.094061
547.904070
539.607308
553.366712
545.587295
539.922973
529.559326
547.777140
542.129941
549.602409
542.051509
563.628805
581.856491
550.102899
554.464801
543.259347
540.062632
530.483482
542.835089
545.324466
542.413839
543.030712
536.677813
551.598942
549.487247
558.380830
544.344128
542.697550
530.136410
533.835645
544.191734
556.267844
528.889828
525.734396
548.446605
534.471520
549.421926
549.337040
544.978548
543.075881
561.877086
557.540088
547.532501
536.057659
529.772398
523.759265
522.584200
523.323632
535.802857
526.139382
540.611000
533.488472
537.421218
542.656874
533.935781
525.122008
529.652387
533.984156
554.903158
553.371073
556.030549
542.148525
545.785057
544.646150
528.267232
532.982830
529.249804
532.419334
560.990783
558.227284
536.189899
541.090761
534.854953
525.155580
536.643631
551.205401
558.128540
536.878100
527.520036
535.872650
537.667158
539.164994
531.180114
536.672577
541.081165
525.727805
514.611500
545.171122
543.184994
531.961707
533.808180
543.758407
539.468081
544.181253
542.167008
547.286189
546.097229
549.880845
539.093637
555.826664
559.104434
538.877927
553.589694
547.831123
549.234135
558.757348
544.749167
541.525618
548.508085
565.235052
563.612256
555.573916
557.842091
546.826063
550.824193
539.703955
544.657364
535.126960
545.847702
557.390821
541.378603
547.073049
535.008625
534.521164
544.573364
555.499156
582.755820
561.921671
571.781330
562.061773
557.626529
551.387454
556.302559
549.131430
544.226725
548.798187
554.326705
542.030055
543.943268
538.262959
543.750915
533.343288
547.297235
535.938993
540.225402
536.236601
526.997664
537.990556
526.583135
530.000012
531.447556
530.209793
541.932737
555.895315
537.124237
529.813800
531.571107
538.400337
545.583084
519.420280
528.040103
526.118330
537.575268
539.415213
535.720629
537.257357
529.806717
538.554983
542.444776
547.573030
541.960302
549.012326
537.045398
550.479781
547.746988
567.858335
584.907332
550.351146
547.343393
536.308125
535.872824
530.574114
535.461525
535.015682
535.029410
534.939840
531.426247
538.427597
534.856100
546.012458
536.943451
544.745426
530.779941
530.358874
538.553042
551.611391
526.961226
526.860925
553.786868
547.859028
552.007927
545.153739
540.061330
546.981584
560.636678
553.899225
547.341297
530.963706
522.325727
511.545775
528.408329
523.821674
534.131360
526.383066
548.306717
527.620837
533.588238
542.073045
536.890183
521.954475
526.735760
530.584670
557.521022
548.974304
556.074873
537.847869
543.391774
548.080423
528.477821
527.579468
523.051413
527.689412
558.792303
556.325265
533.763986
539.853742
535.060399
523.993338
533.723024
551.587850
559.599016
539.649963
527.878236
533.488959
537.562985
543.621286
529.079899
534.222073
541.467006
527.449719
517.325400
537.764283
530.683957
518.078126
524.678668
536.780550
535.116382
543.440004
543.326866
551.587790
545.662730
550.621899
539.584780
551.299271
557.192399
543.954510
558.652182
562.345102
560.269221
565.367777
555.496786
550.146709
555.701642
565.745577
563.342814
555.573916
560.294311
548.206402
551.021094
538.987385
544.998602
536.884393
551.746819
559.226559
544.299224
548.382881
543.988919
540.738322
543.353325
556.846401
585.810328
567.696569
575.020777
562.336913
556.086138
548.758784
550.237382
544.652707
548.163999
549.963725
553.619338
535.082874
538.659567
537.351945
546.827044
540.362452
549.773567
536.797127
536.519745
532.007164
530.585371
540.407013
536.402574
538.228646
533.653923
542.102972
550.006502
557.138949
557.200878
540.631583
544.636261
542.619657
552.050598
548.608337
544.336521
535.511266
525.799648
543.054602
531.717886
533.715667
538.075474
537.513091
526.743735
537.540142
558.905761
539.260054
543.029687
541.649576
551.892134
555.904832
552.072326
556.042315
554.019113
550.936316
552.184633
563.393948
545.914088
546.386041
546.137667
555.561838
555.912827
557.119663
536.817963
550.975971
557.110674
557.741393
554.814464
565.169024
551.356013
546.858455
544.181512
539.122312
535.497417
531.024870
530.251779
540.522522
535.082024
546.388128
557.707683
567.475949
567.378543
565.129856
557.094324
566.498409
552.047026
540.363836
545.043557
539.973732
557.850056
559.780780
562.227921
548.049768
529.036851
534.815995
534.003187
538.364232
539.882084
544.996996
548.733730
546.360730
548.575191
553.507900
558.900791
559.775748
541.247570
547.778776
518.593167
526.480226
537.954525
532.562273
534.281933
539.946075
538.916544
534.705408
546.626467
543.156381
546.772878
552.266723
534.952920
531.834694
526.998385
540.012740
532.398348
540.353305
546.843496
542.221676
545.940693
557.649086
561.268491
554.381999
542.687157
536.706143
522.122933
525.598279
538.776490
549.044157
548.822080
553.062759
546.271296
536.844898
557.857056
566.608314
578.040187
567.675991
574.563216
578.088832
575.948956
544.147034
540.157511
534.511259
537.083943
545.851425
546.708450
534.682034
552.324329
545.578491
549.425901
533.439143
549.021451
555.003240
563.756071
556.197932
556.532783
546.600241
533.476774
534.855190
536.835434
529.299734
534.473610
540.837118
563.664836
549.803200
559.347848
546.688812
556.923591
557.745090
557.172527
553.537812
544.492192
555.304352
550.378680
563.247831
552.312033
553.668933
535.745633
539.604505
545.073238
551.019733
534.637718
541.663465
551.296612
553.441527
561.001083
546.443288
545.231154
545.556947
547.264532
552.192335
552.911178
540.366655
539.001856
554.800015
531.501419
532.991391
531.354049
532.065296
526.985217
532.279690
554.875312
541.736003
534.800354
524.570747
537.807592
547.049249
548.018738
557.669700
561.535742
557.252875
560.957210
572.680463
546.717282
549.390608
549.722565
554.123751
544.248633
546.977208
537.146586
543.169126
562.596661
557.007439
555.347413
562.317918
548.032964
540.633054
534.732541
531.607275
525.335399
530.598416
529.515291
532.405502
531.078430
540.555164
552.055949
558.821777
563.542178
558.453623
555.111846
563.327990
551.583186
551.848262
541.426245
536.609443
550.511266
559.019701
556.116432
536.267528
527.595276
528.925225
535.913634
539.493740
533.068642
546.353545
548.736113
547.488565
546.543634
556.531941
555.702493
548.972421
542.768862
544.171177
519.719849
527.196506
539.349751
534.458291
538.031319
538.954936
535.302861
531.501738
546.374386
548.337063
552.378360
553.917111
530.391189
535.866075
542.458148
550.652262
532.428006
542.585815
554.101179
552.936346
546.992102
551.307284
558.204989
550.900183
536.073347
529.325063
518.884394
520.447758
530.731849
545.220999
543.658386
553.310362
550.471650
533.214239
552.741152
563.740993
581.833495
571.921241
563.937380
577.469058
571.023166
543.263337
536.530723
532.669123
538.913594
547.440267
544.591569
533.788131
551.801821
551.310000
558.180450
536.682782
552.317925
555.908135
558.823492
553.856989
553.789421
551.861628
540.866943
537.811202
537.337851
531.688342
535.083024
536.314798
569.869819
557.270905
563.387130
545.385647
555.667499
551.343565
554.834452
548.945975
542.744661
551.933676
548.301421
558.785266
547.498943
557.752701
538.392225
542.074031
547.352857
546.998309
519.867882
538.985689
539.372873
528.908904
537.220159
545.015353
550.149430
557.823798
557.321793
572.846449
551.708501
525.359006
524.888939
530.366278
546.146593
548.494399
548.055306
547.714029
547.355522
539.717200
526.252808
536.404867
544.126118
534.718706
540.391828
546.548930
542.785887
533.641671
543.857068
541.772890
550.072119
548.390033
550.646673
545.704250
542.468438
554.025317
546.300561
549.585406
541.137315
542.922448
533.443667
535.310838
541.062462
558.597406
533.858183
528.094896
541.511356
534.808356
536.611252
532.432526
535.123215
557.474612
552.759175
538.699949
531.055721
547.327500
545.032997
542.740966
545.394159
547.674456
540.394473
550.236537
541.866179
544.068463
540.957169
528.394139
536.274039
535.493606
540.226951
553.240321
544.115323
538.432108
540.021827
538.715148
534.533252
527.282629
513.152030
503.794231
515.401869
528.429653
524.506618
525.495923
529.578981
547.510650
555.354504
552.500765
552.842271
545.265377
549.402841
550.108585
549.253328
562.215574
552.427282
553.948563
535.550117
539.549963
539.042553
551.654057
531.258634
540.981867
540.892260
545.144807
536.497478
533.562590
544.885766
538.959293
533.291814
528.113302
528.080070
534.275356
528.446791
537.755426
540.899684
547.037476
541.477414
542.175716
542.722215
543.258209
535.166512
521.401082
537.476579
547.688423
553.059750
558.380041
554.355852
561.623824
554.810311
549.593106
545.841866
530.331647
536.088689
549.743858
555.012105
540.310600
533.307360
521.149364
551.220135
552.548916
553.409675
563.885957
536.738048
547.109834
527.182374
536.708653
545.370578
544.278186
539.530560
535.824831
538.285699
550.134453
558.297752
531.332522
532.420574
525.858919
531.943865
542.944574
518.877007
529.770854
527.190777
534.562289
537.712186
528.034055
526.489583
541.641811
518.271241
537.316760
542.679692
531.623198
533.602657
534.454408
538.317965
556.192202
553.201860
563.302434
550.598185
532.024005
528.072194
530.705001
546.114123
547.349459
550.293283
547.166220
547.406383
528.294887
521.342241
534.563665
537.398289
540.780559
537.201391
534.638437
528.625013
527.705706
552.251043
559.007418
556.745989
551.137615
553.994569
548.201630
548.429261
557.534786
551.632870
556.083874
548.718705
544.444527
533.058739
534.958283
538.566347
558.408809
532.313181
529.382888
543.153957
535.373019
540.307099
537.869455
536.000849
561.371584
548.200633
530.846979
531.147840
552.144793
544.120842
536.601417
539.580971
538.247471
534.920186
541.227872
538.109001
536.333755
531.317031
525.558495
526.999435
528.997769
536.335752
548.304656
541.863200
539.333998
537.348201
533.618495
534.388071
531.313415
512.680056
513.575628
519.120146
524.993631
520.741542
517.145141
530.937277
548.423354
556.986607
557.347343
556.353594
543.907609
546.948296
549.281890
545.550491
553.410509
544.540836
549.658818
529.128475
534.069706
531.165128
546.232622
532.757273
540.165051
533.104449
540.728211
541.537296
546.141704
550.372568
532.329575
522.186220
512.969389
515.992692
526.244859
530.572900
535.931620
541.965334
548.309806
546.579396
543.305846
546.688787
541.082195
537.659653
523.226619
546.108186
548.979678
553.335822
558.263312
553.917851
560.004505
549.789139
545.684137
539.980646
523.893551
531.405649
545.707325
555.062423
538.050902
540.320707
521.629655
548.648655
553.921785
555.503871
569.826253
543.921824
550.371535
532.249204
535.158804
548.588024
545.314107
542.732869
532.204378
537.916047
551.103148
559.054586
532.900479
533.397081
525.468211
529.559712
539.638493
518.582760
531.510219
533.705559
543.218567
539.878530
532.270981
529.631970
536.440445
531.868888
528.397935
560.516909
535.856130
546.061570
538.760586
543.267509
529.800605
532.647416
541.344930
551.195656
551.938653
542.668202
545.781297
546.698254
550.201889
552.925272
536.359400
535.991343
548.577881
541.465000
557.897586
567.998209
550.859807
560.286144
558.116324
557.259714
558.922346
553.944614
548.744648
535.838533
530.044774
548.473734
540.404885
552.943924
550.778157
554.652042
530.575330
534.266145
540.097211
531.429152
530.576362
545.085907
545.743499
557.706308
547.928574
547.967481
541.551391
540.027803
517.552862
525.474440
532.073035
532.314378
537.492485
535.981401
534.336627
540.975200
537.198495
536.044491
553.983690
551.118457
543.428342
540.868573
556.383756
537.273963
531.403129
537.377712
535.306030
538.014106
539.692741
534.839333
544.493572
539.625997
537.438822
550.213200
547.482478
540.543678
544.816392
557.549069
536.893366
537.972986
544.934915
528.279446
540.089602
556.515805
557.326726
552.906804
547.877117
548.575193
550.235557
533.139307
533.307972
522.553866
526.078158
518.538441
540.072531
543.843897
551.152359
542.178235
549.622722
550.307785
550.032547
551.202792
545.537556
553.049490
550.103608
546.320247
521.402193
532.811387
544.350184
527.446178
530.486978
528.913804
538.301556
527.699689
538.024886
533.644777
540.622392
550.425195
544.952701
553.385805
530.696966
523.864828
555.127488
553.866856
551.611628
545.315854
549.411945
553.972497
548.417697
550.678686
548.241640
546.130296
544.805046
546.212444
545.804384
540.191139
535.895023
542.726810
533.637558
535.514765
528.490776
527.486359
529.667217
533.863607
527.472298
520.473920
520.833262
535.412855
535.625450
534.163719
537.059608
539.299422
528.115882
520.319221
533.872094
549.082195
538.087441
550.038110
554.201472
537.170356
536.980299
522.903525
524.601569
532.657895
527.639332
557.079448
533.983058
538.699423
531.584781
531.404721
527.135359
531.429693
541.483655
543.324594
541.486818
543.000896
549.421067
551.684346
552.954482
550.050823
543.395894
538.375371
552.136102
549.267696
551.852721
560.753594
541.551421
560.612628
554.148057
550.908909
555.215443
546.968524
546.574504
534.828996
522.360550
535.004644
537.360911
548.591343
551.964467
545.012536
532.080795
541.328771
539.607820
526.567961
530.909704
543.672381
547.110809
559.337162
540.973436
551.496595
542.963253
539.012542
521.844735
530.848217
534.081434
533.190258
537.700777
535.865077
533.356938
543.274489
544.564439
539.721892
558.477019
556.400175
553.291111
533.734781
556.072779
536.492734
536.689584
537.001588
538.061659
533.516425
539.523324
529.187048
539.773442
534.633226
535.770800
542.834109
543.215521
534.052082
536.810286
554.067195
540.375713
540.045586
550.184402
526.508230
536.689625
554.917543
554.117826
552.480059
546.963255
553.007223
552.215127
537.934602
537.865137
529.424678
524.843572
516.720418
538.426132
546.080060
551.845279
542.085800
551.400429
554.299566
547.170148
552.630411
550.127085
559.001136
556.263734
546.075972
533.122631
537.969195
531.659415
518.679001
524.712242
532.224788
538.292748
533.506411
546.372846
534.074994
534.056513
547.345276
541.285565
543.337444
524.179438
521.991108
555.565701
554.606366
550.602086
545.898827
550.702443
556.291732
551.800460
552.762489
548.853754
543.266645
539.823393
543.378729
547.077527
541.834511
541.719130
547.994413
533.428734
533.643188
525.033411
525.644292
530.932515
529.728436
527.230303
516.743757
521.814093
540.087349
537.038853
534.559413
538.790328
544.486891
535.964813
528.207573
541.677704
547.292235
537.488301
546.328010
558.364227
546.909840
541.738356
524.002216
531.913446
555.342678
549.184248
540.569267
542.992504
544.878387
545.008240
550.611560
544.913133
553.672685
539.127961
540.233029
545.165425
554.636780
533.860021
560.560939
559.029736
544.421465
553.417029
545.105994
535.799411
541.544135
542.905271
545.163657
536.940677
531.038125
523.806687
527.904521
532.144093
538.214007
520.693479
521.637596
535.313902
532.816724
524.860194
523.839484
534.288880
545.717732
554.584099
555.909520
546.265544
536.624530
536.534120
549.997045
541.528514
531.736305
532.353203
547.370733
534.104851
540.558764
544.595470
538.468340
541.200499
536.013031
544.092549
549.574681
543.085799
534.556287
535.813012
545.661764
543.118278
541.035204
553.781593
526.799028
518.313427
523.058441
534.153598
531.956057
540.672891
537.891567
544.253054
540.112144
538.893599
537.412895
536.959877
528.253186
529.239636
534.962082
534.157152
546.086746
533.381705
532.060703
521.778262
544.658295
544.366216
535.207110
542.959081
538.500460
539.418221
543.584373
534.080634
538.145529
551.903673
544.278330
548.444070
532.889444
552.348918
542.920979
529.199326
537.009782
531.192947
538.760168
553.808647
554.604213
549.370452
546.470490
535.850225
538.159727
551.201381
543.024723
549.439843
552.310421
548.157151
557.006023
543.973268
540.652848
541.603082
535.855464
537.684739
553.116263
536.800198
540.853352
551.334317
554.395492
543.053946
550.028418
556.241842
558.489369
556.447168
555.536992
552.744798
532.704065
538.741257
542.035764
544.849840
536.939241
539.585481
539.489637
547.882906
555.085868
566.589448
564.980975
551.234667
538.272862
532.622417
567.831521
577.506138
570.617591
561.315174
545.148668
551.243129
557.604960
553.315835
548.628206
544.737232
536.322587
553.150261
530.916805
535.405853
517.534500
532.803929
525.013033
536.921884
536.548257
533.261408
555.157302
548.528186
540.989120
537.186098
538.156296
536.087905
539.265234
540.423131
545.074528
537.268684
541.182033
540.894171
548.962956
530.455539
552.184620
549.258282
543.384440
567.318068
554.921248
550.284333
546.569803
543.906242
554.268518
557.435458
545.352324
525.041604
524.092272
536.724778
542.790786
523.125236
522.260061
537.395381
535.576175
533.287510
532.562176
536.673916
546.939345
550.792905
545.291435
540.470894
539.916779
537.182847
551.727803
540.110800
532.887005
533.023306
543.992915
535.559694
547.540676
552.873543
545.379061
552.574416
542.878723
535.120471
536.722442
538.125170
527.111047
533.687981
551.165645
550.531221
543.416565
549.176806
538.637399
522.985727
525.177087
538.904436
546.037969
551.103229
546.761295
557.303505
559.428942
557.743397
549.610746
539.981677
531.830136
530.515611
533.094751
531.330403
542.763365
530.800903
531.011108
521.252300
544.658295
544.366216
534.123867
543.277194
541.795462
539.957555
544.082657
538.610271
540.852723
556.815356
545.063648
550.491785
535.450894
555.527691
546.752955
535.462884
543.826557
532.938626
542.666538
547.393080
552.584006
550.937603
542.454913
535.553791
533.302387
552.697329
541.482508
551.499083
543.345989
539.574904
546.492460
546.843306
549.247893
549.418002
535.524823
541.252870
559.335406
541.768476
541.452505
543.361135
542.743989
546.194726
555.060087
558.231185
558.489801
556.734525
557.102189
551.132384
532.165610
532.787623
539.007697
538.415592
531.134175
538.741823
533.487703
548.723694
561.046102
562.600720
564.352736
554.032833
540.338864
538.188631
560.524879
567.548308
568.072378
555.764064
548.227876
551.329542
557.071687
554.274659
549.762292
541.595933
533.366048
545.805758
539.114616
541.085311
526.019956
542.477511
530.831839
539.595852
540.018602
540.976645
551.512876
543.749538
550.033510
541.923095
543.420909
534.793519
541.480259
528.548863
517.821036
525.798449
536.342128
527.051545
537.797278
540.180170
536.361993
532.484848
542.189799
535.444802
556.046664
538.430357
543.122557
554.725890
559.008692
548.053737
563.935508
552.469973
558.644078
562.152345
542.906437
557.211786
552.630637
551.652508
560.803272
545.981671
553.006382
555.311427
551.701431
539.887562
529.598388
538.172322
557.141048
537.563064
541.291599
541.529184
542.481480
547.528199
542.826158
531.043782
521.545605
534.399501
536.265814
540.377540
543.783362
537.650182
535.837524
543.135657
548.081177
544.246329
540.366113
535.471921
531.431711
525.352510
537.430339
533.539270
542.562346
542.645251
534.319432
529.237284
529.597917
533.181805
546.708210
542.224487
539.558801
562.355273
554.354541
544.027749
548.317293
542.484022
528.039562
534.367779
530.768081
520.729650
544.550740
539.152050
535.599967
526.237424
539.412344
542.477519
527.260617
538.234434
551.133892
544.697946
545.267933
530.347689
534.735681
542.371194
532.432180
531.978987
540.855098
548.553371
542.256362
546.742341
537.778575
556.310646
557.485822
548.977861
523.824311
544.911249
546.035013
557.818246
545.009996
546.814236
552.891261
556.237694
554.524558
550.421204
545.644318
548.552976
545.767648
556.227440
547.181503
530.363956
544.833238
566.035653
553.091811
558.076813
553.968995
557.548826
567.987814
567.818765
570.183557
566.377205
543.297306
530.930266
541.602910
561.392736
538.568177
555.662446
555.164889
559.719092
534.838359
538.499379
541.479773
544.664248
535.723896
545.715377
545.015078
544.166298
536.418696
544.199519
538.128815
553.219021
553.401909
554.236633
525.449018
526.109546
519.479144
528.376089
535.845989
533.583213
525.302911
520.816201
534.729288
535.767355
546.238454
539.970452
552.218171
540.982703
542.572126
534.530268
545.168036
527.048542
516.486462
532.021517
538.144650
530.321580
545.080396
540.517444
539.450143
538.977214
551.827094
532.063161
562.737174
542.068958
534.728133
549.486807
556.067682
544.578257
550.384837
547.342533
548.551124
556.578785
538.617154
556.200158
555.348580
557.674453
561.139255
533.290124
547.071202
556.750093
550.847964
542.925906
533.821470
539.781267
549.141963
537.074396
542.629655
537.805952
538.532286
541.846389
536.832060
525.281275
516.125453
532.532922
538.347057
542.516408
544.274232
535.318233
538.081352
544.806295
541.328778
536.886307
535.909237
531.661596
533.602263
528.548828
546.635020
537.877735
539.491492
540.028185
528.838327
530.452084
526.810186
536.007338
544.037434
535.456635
532.621530
549.411305
535.531771
536.355062
544.496146
537.349444
524.568784
531.212623
528.889324
514.620481
544.463035
539.537951
537.767892
524.026604
539.498835
537.491888
524.644007
535.152107
549.018185
548.197985
548.386566
533.117955
531.659108
544.628432
539.760047
533.596978
546.957668
548.774175
539.315704
552.002231
542.711018
555.169407
560.357721
546.419624
521.229753
540.345612
539.337456
561.588243
544.583487
546.961439
558.019315
562.779156
562.084057
549.232062
551.230665
550.732678
548.694638
561.795061
547.081017
529.474343
547.642470
565.130517
553.633366
558.535838
553.167174
551.417737
560.226312
558.938811
564.287201
560.471450
538.408991
527.194851
534.294585
555.627110
538.295970
545.967220
544.474266
555.627161
528.159282
535.330677
539.453306
543.821590
529.646601
541.101254
545.116093
538.250497
532.877152
540.331146
542.498283
552.921585
551.484207
549.407618
518.889823
527.356656
520.031195
526.339600
530.825333
533.665368
526.569769
518.002081
529.299108
528.413824
534.907519
541.332447
545.536087
541.495639
540.893090
538.395250
552.947438
547.942563
535.808442
542.180714
543.480430
540.990967
546.795316
560.779429
554.894661
564.037535
540.350611
542.975579
540.327083
549.172563
556.341479
549.510896
554.960004
546.373292
542.035773
536.931148
530.514349
545.150511
545.535425
537.708038
542.249261
542.552859
530.270803
553.805572
554.901021
558.406595
540.183283
549.340369
567.714750
553.143501
538.304702
540.531022
556.185065
531.975728
529.754333
538.938000
540.951062
523.332525
527.881062
542.579236
536.018437
541.851281
540.312571
547.834968
561.438885
551.887770
555.022495
519.497419
512.993919
518.793376
544.802607
542.288197
558.038822
552.733346
552.492066
550.306865
547.078096
546.543654
539.809726
527.389474
537.055355
540.095057
560.646282
559.943745
565.995469
566.333654
550.957326
534.885803
533.187970
543.065168
537.445246
535.891894
537.336223
536.205705
529.136954
529.961801
536.909950
540.867858
545.154874
547.850293
553.176935
543.771722
536.679344
515.435367
533.918174
534.731604
528.650516
547.621632
554.432006
548.812460
570.635873
556.269805
563.834575
557.963362
563.682890
573.165095
555.920665
556.315326
549.275568
546.035721
551.390147
547.472963
529.914648
537.822806
537.858289
551.607878
550.467550
546.292775
552.003000
550.338647
554.888178
534.308895
552.942398
530.342068
545.927105
543.922335
530.806821
534.153907
546.934591
552.522579
522.715336
540.108789
534.297533
537.211380
536.153527
530.498611
522.788992
540.850535
539.689771
537.216156
526.751741
535.181332
552.856868
539.611506
542.655762
533.691502
541.381850
564.719798
553.615900
551.757799
561.674159
563.951903
555.028199
558.843085
554.989035
540.268687
529.950368
527.547450
546.599216
543.584236
537.977302
530.862623
532.625960
553.135411
532.091481
536.588432
540.377190
535.871061
534.436393
536.291738
550.533802
541.045586
529.178875
545.337426
542.568091
553.092575
558.203677
563.418427
557.219034
563.000217
541.826563
541.357705
534.759709
544.987060
554.027707
543.326220
542.037831
541.402245
544.159750
539.451334
528.311056
548.347778
547.856118
540.690509
543.177341
549.574496
546.905417
553.682235
560.499765
563.153317
544.858138
555.521645
566.172516
549.518719
538.669713
539.352431
554.551031
535.452360
537.207976
547.714156
540.827654
523.305591
534.658279
547.488521
541.055495
540.600548
540.614074
551.066141
563.383667
553.808759
557.358628
521.294573
513.448863
521.500678
547.444482
547.299289
567.969966
554.243344
560.033532
552.943014
553.278209
553.934390
550.610541
536.011222
540.335180
533.971873
553.582428
545.775739
553.190122
561.953238
552.207458
534.915414
540.383500
545.955321
537.060004
535.322008
537.197920
537.320208
529.612313
530.341679
536.775694
543.312779
545.103480
547.969396
553.869303
540.217648
535.738780
519.271121
533.265015
535.713392
534.538975
549.744876
551.201735
549.660822
567.133454
546.221028
553.250272
561.333999
557.269241
565.571600
548.626460
546.048993
541.533570
542.594756
541.846470
540.770228
530.285305
539.793415
538.636101
548.330759
545.792530
546.581172
556.255352
559.333212
564.390522
542.888965
557.322578
529.342935
543.918205
539.260867
530.301905
535.199942
545.379846
554.173429
527.493456
542.445017
535.963083
537.565016
538.644395
531.022944
527.866332
532.773947
531.481989
535.978772
524.512070
536.844088
552.803403
540.709040
543.575078
532.368489
541.688589
563.880587
553.163227
551.498558
559.055810
556.170518
546.566167
554.930067
545.514711
534.624978
527.439103
526.087894
547.433325
542.039037
535.223857
535.988179
536.062011
559.929188
536.145903
535.289559
548.037540
544.978777
532.097764
545.991994
541.602631
539.455773
525.381340
555.486860
546.298570
553.912076
543.066828
532.888278
535.750011
539.374719
536.535334
544.265843
551.857614
558.290672
537.551089
525.820016
534.352383
539.634410
530.844733
539.702432
552.419707
552.348095
567.814775
569.327999
559.912320
561.426443
566.670475
547.589762
534.840457
539.445792
551.427464
551.795633
541.902564
546.217562
543.650560
555.742640
547.454000
562.770075
549.898569
544.418770
519.969214
525.652722
526.853124
539.507395
556.314144
543.604495
568.151346
559.061201
574.120652
571.688083
561.535923
544.594368
559.424059
551.240936
540.102605
527.468922
521.329481
523.176724
523.928593
516.525568
531.483085
539.471750
526.457203
552.879822
553.535476
546.037068
539.805847
535.455488
553.616556
555.295589
559.641448
549.156060
557.855503
556.875013
550.594148
551.430611
549.213972
565.048809
571.913056
563.195914
570.404168
565.624210
554.274080
545.818144
554.011188
536.622209
542.656213
542.508203
536.193096
531.716082
530.110482
535.330254
546.207079
545.000857
561.724917
547.280289
557.169523
540.074046
537.663203
549.838689
545.382285
546.080992
529.574183
528.219463
530.366505
523.687616
530.453578
533.733137
531.382785
529.221227
526.464307
541.109343
563.318448
550.049038
563.293611
559.284261
555.895341
533.436902
543.359818
553.358514
559.743226
562.811176
573.111939
544.186167
545.995878
562.311762
564.757241
562.210440
549.177807
558.939753
547.315620
559.281874
547.711854
543.235920
527.342075
532.782897
537.417007
553.137574
555.649186
555.632508
554.993708
554.942703
552.263504
545.916174
532.191623
546.564465
539.243458
534.476983
524.908612
526.091913
545.553589
529.802211
528.595243
543.399648
547.620036
557.274661
550.349149
543.460101
535.584018
535.276299
549.027994
542.577802
531.907358
546.569019
543.357507
547.979998
534.551087
554.439006
553.641736
562.606507
546.026840
538.447481
542.082530
541.508141
532.600071
556.495398
561.096554
573.326328
542.273197
533.890328
544.004608
546.081463
536.000028
534.357045
542.065539
534.378152
554.527470
554.733996
546.944908
547.312644
557.759635
544.999626
535.291829
537.127576
550.912780
552.523195
540.580733
548.049271
547.555585
559.159003
551.554010
566.422347
550.860634
543.448983
525.040502
527.730142
525.952410
536.520337
550.422919
538.695033
557.230542
540.197549
551.245247
553.718061
552.774197
540.413474
563.565289
557.648846
547.442287
543.785263
534.516484
534.088022
533.170510
518.790667
537.175745
544.730718
532.611374
552.432185
554.296900
555.469911
543.097624
538.060932
556.213432
547.371304
553.682608
547.160001
553.377582
547.338328
545.403235
546.482069
549.213972
565.415827
571.643148
563.475505
574.420293
566.842652
550.883140
543.638126
553.344682
544.341449
544.549573
539.966978
538.038022
537.529966
539.234876
540.693200
552.278076
545.906067
564.995010
545.828873
557.210575
535.022364
534.679640
554.684356
537.686478
544.100681
530.064848
524.972946
541.148153
533.466867
539.995085
540.574864
535.265571
528.887180
523.670553
539.539039
558.946473
548.764376
567.876028
558.435957
555.476162
532.850183
543.256240
553.388781
558.429065
561.390973
569.985717
541.890108
542.563564
558.324461
562.882547
559.281646
545.089239
554.744911
544.641749
556.097833
544.606730
541.466805
530.224654
533.674564
532.335609
554.341195
556.292158
547.695957
549.392400
546.907514
545.847934
540.111173
530.854835
541.092229
535.606182
533.501663
527.681800
535.052050
553.336179
533.227939
533.652065
547.863461
551.005415
557.136372
552.217987
544.370623
540.041273
537.898247
547.436226
549.939522
561.132745
570.515116
570.378968
558.456656
551.351594
560.196826
547.544482
531.153671
533.919418
526.974597
540.703006
527.999551
536.331270
519.482251
522.411927
535.137056
536.404931
549.363714
555.523363
538.978974
533.064741
527.961542
536.852010
535.184677
553.631573
551.823056
549.078923
570.680247
578.483928
570.857446
559.601158
551.900056
557.964077
553.556662
569.236927
570.498548
555.090650
548.009638
548.640634
542.201092
551.713888
541.083113
529.796501
527.713995
540.239166
547.624327
548.314472
551.635173
543.101229
524.442035
556.257260
554.032156
555.643202
548.830924
540.043998
547.533367
549.572465
560.381233
535.592740
538.725686
536.024946
529.896226
537.355701
530.854812
542.476963
531.447594
541.964479
539.735938
535.142657
520.093011
522.909333
514.034396
532.030506
525.430232
532.992581
555.446914
543.151807
546.962525
519.453344
534.383228
528.511288
544.259654
563.603913
559.590281
544.500672
547.617736
541.864591
542.823517
543.410808
542.801524
555.944629
548.269072
541.728467
533.157566
544.125965
541.088521
541.647605
544.900202
547.547993
584.807267
553.548945
535.981867
536.121206
557.510487
560.598002
543.985084
539.141989
545.752435
545.542905
551.436975
547.974978
538.082651
527.164986
544.151490
538.398576
534.634979
527.462812
538.219561
531.118793
538.555103
529.794672
546.426036
547.641981
538.468651
539.540951
544.830399
533.615110
541.381679
542.286554
535.255309
549.313366
556.202803
553.433922
539.723635
534.033235
536.622462
535.848965
537.002823
536.297719
528.886094
539.809591
528.270304
549.014902
543.463820
534.344238
534.676538
529.947808
532.934274
520.402651
550.622800
554.767879
539.156791
541.821346
542.944994
542.193907
545.618637
541.689929
537.755901
526.822859
542.469918
542.780551
540.792465
552.138459
549.602366
560.662310
570.053284
576.188548
560.563760
547.562417
543.037452
541.379923
537.443197
536.201020
523.829972
539.265546
532.442922
536.227530
515.992907
533.978330
543.829874
540.702295
539.854507
544.497090
543.345302
533.332377
530.566505
541.326798
531.507184
554.651104
553.312106
538.811382
557.894767
572.265656
564.754832
558.628761
557.227779
550.788592
547.344681
559.199504
565.151314
556.239346
546.372079
545.116841
537.104199
547.270614
535.211057
526.713406
529.264881
539.478244
548.012854
543.208215
543.650374
539.617962
522.702124
552.440444
551.785672
550.653512
548.925679
548.618037
553.701468
553.757551
558.973208
538.322046
539.097314
534.830678
532.080929
543.757992
544.039989
550.629009
529.359131
547.669511
538.657217
538.817329
528.285538
526.159803
518.956706
530.978130
523.625975
532.284966
551.463535
553.329158
553.336905
519.453344
533.760274
530.343588
542.218288
561.796969
555.210863
541.521321
548.169793
544.849902
547.810944
549.533570
546.977749
556.109586
543.180921
535.406596
526.873091
534.194770
531.446853
532.014992
534.648930
539.679170
573.260547
544.263393
532.573875
528.223215
536.282692
544.100308
538.864425
545.772358
540.905001
543.617013
550.320020
552.008422
549.165090
538.588245
551.574641
542.265250
544.617816
543.375124
547.248437
535.095005
538.555103
528.980227
544.242136
547.321656
541.366712
543.747550
549.949348
536.776248
547.792407
547.634673
538.775156
551.144139
556.017107
553.017347
538.297717
533.262807
537.708277
536.761278
532.545608
532.152561
524.843390
530.653687
525.930479
545.587905
545.935408
537.694055
537.513913
535.803298
538.788096
528.592059
555.588357
558.043270
540.947414
539.735844
535.184222
543.752933
544.079082
542.366420
534.974422
523.121286
541.022057
526.588460
547.439448
544.672380
549.608233
544.521386
542.168206
543.497037
546.337369
530.190039
540.366731
527.790096
536.354128
538.217373
539.906282
534.471452
534.153369
545.009498
546.081898
534.306122
538.335714
529.030933
533.671003
525.197351
548.526136
553.939937
531.088067
545.762152
534.216281
540.198960
544.393902
554.232442
547.723767
550.027450
553.245017
553.837387
553.234581
541.241938
537.441649
530.406014
513.501576
528.854764
540.078159
542.048484
533.645486
527.627395
527.409822
538.180502
552.208579
568.173987
557.407156
544.791542
542.698940
538.827265
545.002157
541.338170
541.056297
547.552449
529.962763
528.532680
521.697457
553.994646
556.469945
544.262381
537.477899
543.936619
546.080379
549.248872
547.149840
555.578522
542.735470
537.268390
544.589361
550.542351
553.402797
546.481980
548.974494
538.781184
546.402672
542.015692
547.935252
544.078233
543.427677
543.434141
523.549358
534.042086
536.785435
547.152565
545.084064
556.209900
543.342471
549.761883
534.045041
540.766477
548.490214
518.280760
533.656880
536.438152
542.783542
545.696252
555.840706
555.889957
543.180031
543.930610
575.733033
548.687652
558.325005
545.425345
565.941217
567.787747
559.377120
552.175676
545.765314
555.902320
546.170841
550.659668
544.499201
552.678635
554.853118
546.260437
559.324756
554.285442
539.415325
534.073121
542.366420
528.692464
534.391604
532.912977
531.367108
549.837483
529.052996
535.120157
542.099380
538.200095
547.016058
544.935026
542.613134
547.006945
567.230075
557.975407
532.403820
560.161626
565.308430
546.492633
560.662056
567.819734
557.298445
548.462250
559.126078
560.308087
553.890835
556.905500
554.079589
559.955436
553.822758
553.004861
553.118605
543.147790
559.114151
553.643247
540.130965
527.929608
533.400756
547.796259
530.302129
530.232521
552.182472
545.612696
551.669192
552.319793
546.534199
550.938788
544.748034
531.706375
540.957228
535.674328
538.225594
543.307319
533.862398
532.096830
530.897132
533.955744
549.561262
528.575830
536.367510
540.883195
532.398603
538.895315
546.804216
543.589734
528.717408
522.948131
509.394715
529.219055
530.213495
530.093005
538.675430
547.731284
554.482009
551.947020
557.643479
554.926370
543.203687
533.996120
514.364059
534.577429
537.471694
538.589709
536.710458
528.517224
523.809482
525.629499
540.027287
561.053771
546.112722
543.764530
547.374704
537.489838
557.069802
547.102570
542.892121
551.215387
534.300011
519.635168
514.522116
550.181326
548.561560
549.233589
530.429297
535.223782
547.805407
546.517037
540.210433
549.269046
550.040946
545.610507
545.712380
543.538050
547.147566
545.004082
548.832592
543.222370
547.830070
542.994815
542.969025
542.705198
539.767068
544.839518
524.332640
533.842244
537.204238
549.426093
545.809103
555.447556
544.290618
547.250543
531.958662
535.979519
544.130244
517.354328
532.756010
534.643443
545.140307
545.825872
556.231808
556.524465
549.339864
546.421380
577.783282
550.905528
560.825758
552.093415
565.338398
559.775807
560.389840
551.170274
550.341478
557.551336
542.759873
547.532018
543.054483
553.184156
549.017918
540.006188
555.324326
552.386732
540.360795
531.775861
541.463322
526.296632
534.238293
535.012069
532.075597
551.114362
530.734901
535.337857
545.491278
540.016313
544.070760
545.910826
543.032898
549.769721
569.542755
562.586526
534.280369
554.403750
562.414000
548.989462
564.911345
571.475004
559.136052
545.047338
556.423172
563.093933
556.662190
558.802610
542.803666
559.660154
553.834394
555.484834
551.634927
540.769304
551.056075
549.350292
531.652987
526.968254
527.297800
546.329112
537.221468
530.767410
540.107892
541.490108
555.911668
544.857273
531.758817
535.230421
561.937593
552.504729
544.359149
547.917385
545.367594
548.202615
536.428819
528.759679
542.122393
551.448350
559.654756
554.894687
539.869881
533.178696
533.337438
531.490188
516.651114
540.828634
546.220205
558.718228
546.963129
561.315398
552.767134
549.281239
554.417172
554.866606
543.905621
551.912450
541.448872
542.101148
541.084034
540.143963
533.900650
538.233839
551.425607
536.275111
529.658189
537.598665
535.995131
515.984751
529.800128
529.260630
523.502004
533.650755
522.963859
541.108909
545.957116
530.142137
531.757770
524.021084
543.972397
548.325958
552.628409
558.054242
547.122440
559.473719
561.961914
561.959652
553.286698
556.641444
550.794385
539.396748
542.306804
532.711398
524.488861
529.349093
507.451629
509.555186
532.368777
544.437313
534.380557
545.081048
554.294092
550.372207
542.157881
536.117082
545.530905
545.158864
548.073250
559.257874
565.034552
561.820068
550.199683
543.634362
547.977766
560.601278
544.158740
548.818708
544.914166
535.152701
539.120028
526.031411
533.455394
537.879669
538.447961
550.339578
556.133368
551.034639
542.974648
549.519401
539.920391
540.835026
538.467304
546.404491
546.006810
541.861874
526.052028
519.040119
531.025435
536.288064
534.919813
536.543525
525.687968
547.918430
542.255905
530.564531
541.757403
531.387062
526.045370
536.398189
545.614853
542.544430
544.472139
544.015878
542.548329
537.193436
553.978337
558.270818
545.035035
532.757928
536.806557
536.948931
536.696975
538.482632
537.365879
531.863764
531.886686
533.027855
538.868807
531.403153
533.580811
535.106002
543.359590
531.816717
540.690982
550.093373
545.240303
551.007762
537.402802
541.529329
541.364273
553.592559
544.009789
543.727100
555.210951
541.150276
530.022267
526.472972
535.618381
535.768461
546.227975
541.425196
532.227464
537.957705
558.317569
540.925802
537.473230
549.699110
548.706852
542.032648
531.604112
530.375742
538.195263
538.937153
553.635822
543.131641
535.242632
532.976860
538.111106
541.067780
539.881572
546.341481
550.485539
559.874040
547.977801
553.785070
540.046709
536.017622
544.739029
543.450041
536.549175
545.486677
532.010611
529.982940
531.036198
538.919209
535.443221
533.802702
550.401816
536.423678
534.162407
538.339675
534.788933
522.001079
534.289954
537.690748
537.679646
544.093908
533.569036
544.549754
539.525137
526.382576
534.417378
527.166474
541.686550
544.368670
546.617205
553.241905
552.628363
553.166830
551.019951
553.483748
551.378608
557.979222
557.026217
546.972990
546.854533
528.022890
533.239717
541.600724
525.195809
524.578019
554.501592
559.633790
554.313402
562.669469
562.009468
562.720739
555.124000
534.041815
543.889342
543.489493
545.785527
559.238312
561.668888
556.475739
550.033335
542.763915
545.760471
552.633292
539.255450
541.680294
540.685152
532.901746
537.423727
531.213412
538.002319
535.059512
536.244013
550.143924
559.658616
551.071717
545.073369
546.462710
541.732018
538.523118
539.729550
537.015346
538.811031
541.653090
526.375134
515.827102
532.538716
530.885952
530.569726
531.219826
524.440715
550.424268
546.059884
532.283408
542.988239
532.280326
525.682302
536.791868
543.943428
545.296447
547.047885
553.947588
544.568231
538.929491
555.411326
556.129296
541.943870
531.368386
534.060732
533.052750
531.427563
539.578173
532.375788
527.832705
530.548885
541.780896
542.422088
536.201654
534.559425
532.907178
537.482369
529.589123
531.302218
541.573232
536.555287
550.631392
534.624162
533.319991
543.948516
551.229299
534.883644
539.160667
545.894491
536.566759
526.480858
539.011519
547.326755
525.913219
538.302264
527.368355
544.870146
539.574907
531.319917
535.564343
539.022575
553.173766
536.858633
542.827230
539.257287
538.593938
555.954247
547.666628
535.418856
535.972064
533.909706
541.215425
534.588378
526.402974
532.648944
549.008786
555.911614
548.552804
540.758597
548.375191
546.069996
553.605284
544.082955
532.381198
522.764106
526.276520
527.853792
525.619888
521.159992
536.484437
547.109197
557.530782
553.501105
540.914572
543.802764
550.631734
560.851719
548.038503
555.542144
557.411412
554.253774
555.401030
545.447808
546.734886
546.674238
549.692049
535.122000
528.845962
529.645477
531.448454
545.093666
535.951998
539.995765
534.600211
538.418812
544.167507
538.839265
545.591260
540.606473
537.261979
543.652116
553.973453
541.684007
531.097262
529.836670
526.955090
526.660220
532.037947
543.562473
540.227082
545.210730
552.344611
539.876526
544.743373
535.620976
529.572226
526.943890
539.510028
545.930130
552.084433
534.948415
535.233186
543.791185
544.189694
538.324952
539.893526
540.225137
531.050946
541.034075
547.926591
547.956236
540.977891
535.502716
544.012666
537.903335
535.476974
539.222539
547.104196
537.091322
543.283431
546.884805
549.875445
535.964933
531.873065
545.266318
547.934329
545.952720
556.206158
537.053066
525.071383
534.801634
535.467977
549.394138
543.068290
552.329252
574.135739
563.653901
545.926792
554.065444
544.702650
546.905293
529.154282
535.563136
546.578017
529.048787
547.292862
551.864738
533.723486
539.130439
546.014356
551.897578
528.736690
521.763178
527.951231
548.659562
523.099675
523.949907
539.266642
542.166360
535.227333
530.237595
553.559071
540.690789
539.178105
537.344192
528.623842
522.856867
532.289430
547.623525
548.654724
557.234083
557.152869
544.982219
528.185714
526.442117
538.016487
544.855334
530.502512
543.392548
527.649495
534.302620
535.348282
527.130973
537.395180
538.864755
559.904683
533.199907
538.479970
531.698253
534.103153
546.633499
544.010403
529.498104
540.212482
540.253708
536.655665
524.023468
519.906699
534.573597
550.388737
544.421935
529.561437
528.195253
544.604909
539.168322
563.390970
554.989831
536.070813
520.967532
533.809818
526.469107
533.591222
530.004867
543.302895
551.592470
555.017006
552.487372
536.864824
540.099823
546.709483
554.985218
546.250236
556.224154
557.598307
550.138824
548.122467
545.381182
546.421982
556.416914
551.066949
537.633393
535.451672
532.828974
540.999505
547.397479
538.272987
539.298684
534.788060
543.156992
543.436226
535.472196
543.824184
539.441066
543.064454
536.561394
555.003889
539.613121
526.926806
529.199456
534.399678
535.995615
554.566403
561.458378
544.925111
548.864564
549.552404
540.509185
544.743373
534.924659
532.294400
531.124345
543.429879
553.751851
556.814148
537.783198
535.397282
534.056126
537.934683
540.295622
536.532509
540.998683
530.257536
541.604412
540.206325
542.666269
540.596070
536.844128
542.582112
524.069511
533.012726
537.024535
553.807417
535.630451
540.809222
540.576892
544.314678
535.413952
532.311933
552.495208
559.382290
553.497299
554.041700
536.857267
521.457642
532.584533
526.782654
546.077112
545.828288
551.423454
573.255914
557.802628
543.350170
552.778177
542.964696
544.947661
530.551814
535.854538
544.514304
533.453554
549.146753
550.576365
533.703864
533.077344
540.883114
544.685582
533.032373
529.644953
535.757367
552.184987
525.593778
518.497652
539.120216
543.076430
534.977523
531.356285
551.032844
542.807917
542.460038
537.360840
529.087269
519.583374
533.806038
549.860892
554.247301
556.991413
552.855669
543.841698
519.737992
520.370298
538.890405
553.769969
532.506693
530.266501
525.366462
546.896511
547.311572
549.872245
545.766529
542.378254
546.006674
546.839777
545.403355
532.170698
531.166715
535.108468
537.351473
524.288823
542.138390
547.693945
544.785521
565.984153
553.187569
549.887659
556.223806
567.015198
547.344941
546.854855
538.005831
547.476559
525.484343
541.534016
533.555731
539.866603
536.291782
532.579198
542.744230
548.627455
547.758699
547.239732
536.594648
529.841136
543.143890
537.747707
538.350223
540.923752
530.240165
545.321537
545.382730
538.576304
539.668279
540.583778
537.861111
551.073170
554.654953
550.875087
549.628456
558.114782
543.320763
552.728146
542.825157
559.487604
544.171996
547.179527
555.092947
550.461513
544.972276
543.085846
527.621189
541.743967
526.933729
535.077121
542.037139
533.333301
534.573078
542.282425
538.415180
523.891369
531.680465
535.363267
524.397669
528.382451
539.718439
538.130189
548.657288
549.746063
545.196970
550.536550
554.376149
554.550309
537.563395
543.809379
530.910519
542.854386
536.317848
532.631890
528.912226
540.016379
533.953148
537.839098
535.981321
540.286675
549.608319
549.791129
539.590493
544.569780
548.736993
538.108983
528.093459
527.440586
540.960734
523.777217
521.531358
535.213694
551.633463
547.549160
539.435773
530.907293
524.957666
531.528633
529.016917
531.605819
520.630749
554.528925
542.810725
548.387737
550.530059
561.766544
545.832257
558.484904
546.185102
546.828467
549.157351
552.847422
559.622340
558.498459
553.952163
552.508469
549.708128
543.270610
534.086769
539.259733
523.145905
508.531751
546.674708
536.992079
528.041243
532.700362
536.564889
545.737103
547.021667
530.748550
536.098296
559.184527
546.339349
540.094922
557.160803
556.348443
558.113607
559.121869
548.985112
539.355457
547.523823
556.381983
540.499302
557.055487
538.764756
538.838910
536.659752
557.452820
560.977403
558.860455
548.790308
548.395336
548.748105
546.972243
546.267710
531.119133
533.883963
536.396948
539.924870
524.997547
535.777125
542.517207
545.043750
571.162464
563.164838
551.734893
560.251461
569.991453
545.876927
544.310282
544.297601
555.303955
527.949842
533.976917
531.575799
534.912229
530.157918
533.935624
539.143890
538.529298
542.209979
547.841307
530.927488
529.890753
546.150034
536.561920
534.504034
533.118728
531.419726
544.814003
546.478143
543.655802
538.378118
544.015843
538.241647
548.294426
545.491096
538.839658
541.129828
557.071621
539.545551
544.076786
535.746864
558.707733
548.061462
548.152762
553.200520
555.893457
538.555252
541.179044
522.808697
539.363995
533.035231
536.657498
535.477703
531.097151
532.821481
536.069907
537.930109
518.149565
523.345479
531.263806
536.886528
528.794798
539.865993
537.110090
546.901357
551.292003
541.703527
552.049131
556.213036
553.970253
538.095215
539.039158
525.123239
535.616359
539.537335
537.604009
532.957005
538.020758
537.070326
543.609363
539.504689
545.310575
551.971668
548.281577
538.846883
547.900679
553.227429
534.919600
527.075639
525.686909
531.488830
515.403972
525.845330
536.948665
547.029851
544.345130
539.465190
526.661872
523.884089
535.165701
534.505895
528.951479
513.936492
554.528925
543.376508
549.245967
550.867450
561.343889
546.534153
561.575780
550.331648
546.252472
546.777388
548.022071
554.833643
553.111655
546.656843
543.331733
541.293023
534.152374
535.859469
541.501086
520.913247
515.840900
554.180320
542.986023
537.035610
541.419722
540.099717
553.209954
553.494585
526.640202
527.071181
547.658254
539.269281
532.779165
549.563443
551.448767
554.548618
552.337880
545.860100
544.243424
551.035215
559.250347
533.843972
531.877430
535.873577
533.557645
543.913700
541.840357
536.909037
539.478949
541.188797
551.725251
562.751639
540.581232
548.437051
531.907864
514.292543
512.993078
536.858323
505.948901
520.835986
515.116065
525.648279
520.189363
539.648212
544.196372
550.096755
533.961260
529.690005
548.771458
548.016231
540.943881
544.644679
545.309228
560.028782
561.831600
556.468641
540.988623
535.426899
538.116744
556.319057
560.462528
551.190402
561.437762
541.728770
535.154336
554.382999
543.556567
564.297227
549.612143
548.815751
539.334890
531.209488
536.048094
536.943067
539.851060
538.885882
545.696147
537.671597
540.979728
559.031549
548.579739
559.367999
535.437524
549.201239
542.273235
528.904351
520.513991
521.792211
521.587370
525.634348
544.271364
536.727570
557.500323
536.210980
536.068193
529.275877
530.121689
523.625173
533.309625
543.050093
537.450115
524.387029
547.387789
563.986413
581.855533
560.723031
556.924893
557.213098
560.489447
532.951535
525.522158
536.636757
538.575419
537.487962
536.180730
554.508989
541.222823
536.496156
527.904747
532.963981
540.072038
532.077433
544.992003
558.309756
545.951775
549.631857
549.158113
544.912999
536.452630
535.509101
532.349035
535.118994
527.878366
527.208474
534.299256
542.828247
557.904832
560.045173
560.280619
545.719578
542.328417
528.629203
540.491271
547.539407
525.285298
531.935076
534.981383
538.335510
529.500326
547.968634
562.019966
544.260619
539.049401
550.453909
545.185075
533.718424
536.510221
540.093642
553.217399
551.406561
544.796985
552.415362
556.738598
542.837101
535.032855
559.111098
547.905056
541.496457
552.278244
555.973640
554.329380
550.699654
536.624362
524.871975
541.556536
534.242578
531.373709
545.320575
546.737061
539.108819
547.196762
540.140860
543.187784
559.081411
557.776768
530.004392
526.449716
529.674033
531.483531
542.443857
540.130157
536.571188
543.855842
546.121296
539.369719
555.170097
541.750992
545.543389
531.831415
510.792097
507.632991
530.447288
511.608504
523.592835
513.890001
520.207587
511.516552
534.428350
540.945663
549.934126
531.574710
530.536976
544.269679
536.915081
530.931558
535.449865
543.023352
559.574632
564.508118
567.102028
548.724451
546.955142
547.461955
562.403295
549.761192
560.229717
558.446932
538.447333
534.616735
551.298523
539.107547
562.265291
549.457795
547.620847
539.276877
522.151136
533.815658
536.787235
535.005307
531.739537
534.729614
532.020155
537.633304
556.322131
547.036041
550.604827
532.024485
541.415805
538.976928
531.967740
528.617084
534.446722
533.038400
530.045054
547.382690
546.318446
555.962728
539.998109
533.365209
531.817737
531.761504
527.414576
532.316227
540.154330
534.837866
531.186903
548.882318
562.950936
580.538454
560.137103
555.934811
554.641381
556.613415
529.388005
525.668354
534.307817
535.858859
531.598889
534.582044
554.190082
541.981224
530.109777
524.135981
532.931334
540.923628
536.569407
545.862727
557.826458
539.495154
541.072999
546.068088
542.020152
541.427012
537.878730
532.460890
539.757569
530.045664
531.348337
538.467572
544.854986
553.297537
551.016101
550.527633
545.645254
541.411610
531.190792
537.927044
544.273456
525.285298
532.562340
536.537186
539.585037
530.592029
549.851359
565.436361
547.242621
542.187728
548.650676
547.601018
538.035459
542.765305
540.331227
548.754839
546.386444
547.397409
554.324885
551.818345
540.286331
533.816287
559.349486
548.323587
535.283497
546.220853
555.980074
555.548396
546.406254
532.033372
528.277211
543.308472
532.519746
534.709937
541.687488
542.731084
544.373340
547.063138
536.395493
541.726583
558.326866
555.506980
534.613996
559.302349
544.034672
543.024718
536.663614
540.394324
543.159828
540.670348
537.588254
524.538892
528.628299
545.064122
534.121021
534.394971
541.769612
554.526408
532.571519
543.863246
554.341637
574.201061
575.594180
555.976053
564.423321
550.605908
548.925003
547.129365
542.659276
540.198129
551.795642
545.241085
552.884792
555.789306
551.808224
540.881713
564.258822
550.473693
546.516276
556.044346
564.667561
541.532326
539.766721
550.723838
544.294398
534.782924
529.263386
534.233838
547.950582
560.024065
548.458240
557.006362
542.018692
542.470702
549.456026
557.131845
541.388986
538.074988
555.174564
545.134443
532.156878
537.382058
539.131011
530.559873
557.381021
543.937957
551.209281
552.194702
559.995337
556.087831
563.875439
550.215086
553.544673
538.314860
528.834252
521.052250
537.963249
545.329203
535.001045
532.406854
535.973786
545.772454
562.411724
550.657964
544.560487
538.785383
530.431113
543.119667
540.128233
540.451530
549.062486
543.492872
542.276599
550.682708
552.362384
558.876496
546.391317
547.966390
536.963124
547.043863
528.728620
532.457086
528.232532
529.458498
538.869183
549.006455
542.728422
540.063465
539.024979
541.792257
547.303199
553.541653
555.978894
556.610028
545.324058
540.307143
556.900115
548.478454
531.109073
560.552360
558.042364
560.867061
554.709745
556.274460
555.813794
537.576081
544.594252
556.618460
564.866311
541.009888
532.054908
523.523649
528.033381
514.786847
525.813858
523.936514
544.783846
525.112020
530.978859
537.225900
525.384048
537.972428
548.316768
542.620108
547.665734
551.743141
540.420905
555.145436
556.254355
553.264361
550.558828
545.660619
532.022873
512.904655
519.330945
535.398511
538.881296
530.778341
532.342462
538.536362
541.241921
553.519464
563.661652
551.098483
547.957962
544.619070
532.502781
553.731866
542.098354
536.165318
533.427741
534.288019
538.410327
542.774369
531.763552
541.467498
537.398907
552.232957
537.533463
530.050802
532.396152
542.834911
539.569605
557.635164
555.674106
574.184362
578.823211
550.848280
554.223927
554.884169
550.451213
550.987480
537.419692
539.353542
548.685281
550.232761
563.720991
558.460714
558.376327
545.800062
559.487747
549.563301
538.465769
554.162252
566.305099
540.640232
542.928600
549.582903
542.186417
533.491545
527.538805
534.625582
548.589279
557.509919
549.802386
559.548099
545.318622
538.908428
546.768947
548.999099
534.092354
531.529738
546.161252
543.459528
530.772894
529.639660
537.848671
526.047394
555.547736
540.915815
551.078183
558.600620
562.459960
554.225071
553.947475
549.603162
548.662483
536.277968
537.749730
529.749780
541.286931
546.806477
536.568480
535.255290
530.267678
542.563384
561.928555
553.445155
541.997300
538.063005
527.991223
540.749997
541.248812
538.170403
542.642406
542.688615
538.277205
552.264514
555.385832
560.289862
551.334580
558.803636
546.385997
551.894722
529.440584
541.166559
542.638908
538.061502
538.487054
554.508883
553.715522
558.201340
540.791844
543.401528
543.581128
560.694627
553.558486
554.341193
548.151477
544.194838
565.622038
552.708074
533.219291
560.122605
552.171705
547.961311
542.122647
553.220886
554.744036
538.823512
544.105098
558.038514
566.587967
543.073051
532.341901
523.474389
528.948018
514.219329
528.863322
525.277474
547.089441
528.179850
534.819412
541.557081
529.551245
537.550220
541.521589
542.735093
546.557336
552.795538
543.626283
561.168890
564.601738
552.363803
551.222757
552.664861
536.836676
533.397617
536.785757
534.207673
540.473608
537.388631
531.515276
537.553111
543.968810
552.633265
563.685366
543.044601
542.046766
537.731844
523.688780
529.989299
537.589067
539.710514
538.601388
542.830498
544.842448
536.989027
540.989285
545.559160
543.198387
531.887640
527.581853
530.013892
534.739514
545.467235
544.706134
531.959888
540.259095
555.494542
546.761869
565.784585
558.349958
560.451327
560.320575
545.749200
544.710828
551.061049
564.948808
558.689299
556.916950
542.522780
550.644259
551.920418
542.336580
538.714710
550.929270
542.534711
555.550601
545.559402
549.156661
544.857339
535.702327
527.828096
534.354733
538.101104
542.018550
552.658250
541.759255
562.833574
545.593472
546.096621
527.367626
534.371531
541.547388
534.224634
536.207782
549.188594
538.322612
526.052320
536.006761
526.503762
535.989957
535.923760
536.484107
535.102021
538.514311
533.622793
566.491899
544.426365
565.804826
561.447000
555.868659
563.752912
558.494125
545.272341
525.462020
543.268021
540.448180
559.240733
546.462721
546.219529
545.995016
544.246104
546.958748
535.945693
536.875312
532.211567
524.216901
540.310401
540.738504
538.468607
542.309702
532.280898
543.566910
539.635949
519.816271
523.917230
554.959682
539.005098
548.626917
554.624492
543.787424
541.579264
546.883059
555.274664
555.967163
564.350912
557.361545
568.737552
563.430095
566.471236
557.975787
552.199181
544.422711
542.214628
541.716302
541.848651
533.238266
530.623977
526.705573
519.293822
527.538266
526.801234
532.608241
531.360878
530.772629
531.261939
535.248904
539.641738
532.600110
539.203212
536.271106
533.140065
547.568589
550.287315
546.081757
544.381588
540.520712
527.473810
538.578516
547.834461
545.855457
552.042979
557.331389
552.094486
552.446974
553.356709
550.703917
565.836994
542.357189
542.489085
546.496860
544.690244
538.163811
559.904212
543.056373
548.327678
544.643155
541.868561
548.276701
529.768485
542.053548
544.988989
524.222604
532.224996
534.537562
535.033646
538.971397
551.430227
549.557638
538.377578
536.414874
544.191080
540.981509
533.803824
523.527218
525.411597
535.754954
545.616065
542.524842
529.949282
546.267724
564.320384
555.114863
564.741091
554.100122
567.567882
576.814991
551.843353
546.997054
552.409233
565.961546
568.270493
568.070180
550.898122
553.951859
554.465687
532.603723
532.881802
540.246086
535.143383
552.831872
550.269885
552.188819
544.857339
534.300220
529.102964
533.780953
542.521749
549.215464
554.357634
539.426736
562.509786
547.928055
551.064844
533.139938
538.636088
544.888532
542.070450
544.714545
553.213050
547.367105
539.033752
546.092782
532.871279
539.039685
538.251654
538.737265
538.855723
541.687063
529.704020
568.369205
541.408782
560.662259
562.923977
556.010269
562.144335
553.833526
543.395002
537.084390
554.553254
538.120887
553.017773
543.581429
535.857541
546.226913
544.648175
541.135005
534.564406
536.863643
533.346506
531.804555
539.834882
537.409731
537.772845
530.726214
528.699752
534.079865
537.134801
521.027917
529.341712
559.282829
533.568090
545.934354
550.478793
542.121564
541.368629
548.555456
555.449776
552.469644
565.004670
552.470327
566.114254
564.145026
565.783885
547.858275
544.005280
542.508337
537.796821
542.983568
546.402885
536.092213
536.591776
529.455097
523.219413
530.108273
526.801234
533.260516
534.850152
534.153275
531.737777
537.761918
540.619649
533.177883
537.230210
531.313269
531.422478
547.241162
546.518770
545.232885
548.684909
547.355941
524.733821
536.400546
542.256653
540.524317
547.036228
550.406356
550.272211
549.546621
551.435983
550.024512
564.806816
541.593511
540.993164
546.211557
548.974448
540.667827
559.798677
534.628350
544.212197
539.089128
537.694482
547.561532
533.482087
543.719795
546.024145
542.816296
539.613025
552.813745
546.802226
545.312324
572.518084
560.892103
570.951781
555.482205
539.037783
547.109613
537.182665
544.369308
552.913875
545.459920
534.879130
556.408674
559.895969
544.553252
534.064507
518.192226
547.465048
531.964338
547.257841
558.350813
565.386156
553.246398
546.202416
539.939523
536.593650
537.071172
541.093945
537.369148
531.502783
533.821885
536.898187
536.212874
533.121479
544.225933
541.079615
556.648744
536.825498
528.726714
546.076190
538.241704
533.613849
535.367031
536.591535
528.188106
533.719403
550.192402
541.424594
534.464501
537.502531
551.840122
548.444207
553.004237
552.420874
542.056287
554.937495
539.721034
541.747453
532.247040
534.256579
530.137985
535.865756
543.314995
540.751663
541.895888
539.100703
538.533642
543.891524
542.027927
532.938874
540.664530
554.718660
535.483380
536.538916
541.637204
547.729466
556.540283
564.456131
528.746973
533.913180
516.116685
533.170270
545.295325
549.278700
542.013344
557.279778
543.617769
552.734082
542.670770
534.840559
539.153608
555.560003
544.516908
547.959141
555.359298
545.804764
553.462610
536.044687
529.559216
538.381707
550.021442
544.891096
541.140269
546.377011
556.694530
553.158180
551.073322
548.802697
555.286590
540.829586
542.068615
561.993356
547.515030
556.659951
555.019625
538.453778
544.381077
542.122104
525.235547
549.376266
540.050749
554.942770
543.351765
556.156274
554.858773
535.312910
541.429633
540.933976
531.973266
531.008844
536.512375
537.503782
548.884386
543.600274
548.517655
543.632509
535.146875
544.343536
559.303915
547.827510
535.474790
540.937722
543.950135
554.949082
557.659516
555.359508
548.822521
544.201881
537.637192
535.126315
535.553098
544.902301
555.926570
542.740053
544.777594
541.954906
552.929217
566.097243
567.993269
541.788459
544.132366
542.863166
558.424681
548.327379
545.611213
569.045987
554.685250
558.300516
545.453843
546.351803
549.374843
544.218407
549.388672
558.055284
551.536721
537.553336
545.754831
552.771505
538.577326
532.549342
521.261762
536.581216
525.438712
548.122350
548.722654
561.361232
553.560385
537.540765
540.490219
538.023078
536.254722
547.298524
541.289836
529.270276
535.312012
542.606895
538.512792
537.619987
532.550694
547.016422
557.490484
536.077925
526.963485
542.119744
534.108765
527.527707
533.094122
535.303785
526.601325
533.111528
557.203005
541.123418
530.409629
530.955155
549.054208
548.378247
552.489506
548.636919
538.542981
551.737532
543.960872
544.441045
538.857403
539.552722
532.111438
535.242645
549.296531
545.211687
542.361536
540.159801
535.070418
537.310730
535.756834
537.795053
536.901217
548.392681
531.362414
531.262789
551.208151
550.780427
550.989088
558.269309
525.510309
531.500074
516.583881
533.100590
540.473602
551.916767
545.789697
557.026677
546.195970
546.503773
536.434914
537.212341
543.318844
563.263966
549.073653
551.092912
560.336089
541.831989
548.353227
530.523993
528.775534
541.769586
558.960318
549.697970
545.330236
543.969130
554.969418
552.449820
547.163101
546.924781
557.732438
540.636095
542.764456
553.495609
542.958676
554.110356
558.586122
537.240240
559.646648
552.533120
538.232119
548.162681
538.803604
552.789087
541.678841
553.930917
552.126915
533.651509
539.475070
538.668761
528.078573
526.493488
534.182931
537.922466
550.356632
549.373327
553.783330
547.558250
535.494729
546.244653
556.563456
545.120707
535.383898
539.108074
539.207924
552.728000
550.801367
546.551004
542.924103
538.469959
532.004383
530.352629
526.505383
532.233123
546.464325
539.541679
532.411114
535.820920
548.674707
565.836934
561.427500
536.988759
552.194173
550.419468
574.668656
558.429311
559.161293
569.725924
560.701792
553.905079
554.842787
538.018610
560.174342
560.185781
563.593309
543.260429
543.271876
534.408612
519.100011
527.094835
542.096598
535.883180
525.354920
516.139761
521.599645
525.577128
527.873948
523.423578
532.961025
531.430085
525.410070
537.543911
554.192746
544.454037
528.624775
532.394685
534.651259
540.849918
538.683786
534.752926
546.107548
544.264766
528.624615
535.335526
537.078918
537.397371
541.171677
537.263765
535.755468
542.808034
551.974610
536.611683
556.803983
553.366759
554.716053
546.682991
547.341699
546.014897
535.962420
529.808162
529.889526
540.429715
528.056673
516.546955
526.120967
533.773218
551.402963
544.965860
519.444955
521.029308
530.093397
546.603256
535.575692
540.406614
551.879100
547.324238
546.612004
537.149904
537.642365
524.816511
538.558045
531.558605
532.248896
541.828621
554.029088
564.016518
546.145394
531.198426
542.464245
538.443032
534.192317
548.670861
544.013749
550.068589
539.581148
539.566101
527.336109
537.401815
543.818839
538.821388
524.698746
547.358162
547.517697
542.354895
549.163221
543.254892
536.773971
524.938888
537.557074
551.391139
564.936927
557.297151
553.569461
545.496837
550.848281
544.994012
537.211097
538.407252
540.216528
530.952405
528.062872
530.575777
539.935709
529.830572
523.875944
540.629276
544.655964
554.986518
570.157493
553.227286
548.398789
543.932023
541.095751
547.520281
554.381887
544.216272
539.557345
535.192014
521.503816
524.258944
524.144984
521.894674
541.154525
544.329314
547.909548
575.394742
580.525210
560.834478
550.359722
537.909476
544.211697
538.636980
532.653768
546.944926
533.438295
538.346469
524.054700
538.469350
532.656114
547.432554
539.677316
547.800839
549.988924
560.603205
527.208405
527.727267
551.820380
548.275835
570.136060
557.712304
554.481929
562.262308
555.068371
554.155279
550.653314
544.640720
562.710194
558.061482
562.246692
554.653556
545.954628
537.406669
522.507216
533.929665
533.948795
531.540515
524.829736
519.481042
524.292632
522.108626
525.155302
517.415658
526.832422
534.374679
529.231002
536.386396
539.151927
535.837729
526.896815
532.306641
539.834409
547.885954
537.371481
539.861792
543.067754
540.947403
537.897590
533.449061
535.398841
535.053762
544.184484
540.655614
542.036422
541.712911
556.092265
542.014959
556.297893
551.031524
551.164783
545.673897
542.413319
545.062933
534.338886
530.495821
531.510286
544.325763
532.593973
522.766946
527.029288
526.354336
543.314352
544.302678
519.029529
513.234901
511.898654
536.597470
535.008605
537.280169
545.737851
544.801313
553.423767
545.211819
539.314494
532.091272
542.727916
533.307545
533.893670
539.693581
555.297824
564.664840
546.693516
534.934708
546.048159
539.385844
534.989263
546.893854
543.212058
544.874792
534.405339
542.058018
533.347563
545.069562
555.983567
546.633075
532.684954
560.037142
552.456789
546.801616
548.609806
540.853402
530.642966
533.287991
537.040542
548.642746
556.510391
554.270574
546.485479
540.959995
545.318762
542.986383
535.599839
535.800203
537.739306
528.268816
525.100222
539.470716
538.004091
517.481182
517.089639
539.892004
544.655964
553.088611
569.104270
552.053664
544.816044
541.236264
545.743512
548.480952
552.012643
547.312143
541.126669
535.949532
528.417027
532.536237
533.473072
535.092742
550.228014
548.165234
555.256069
571.786783
575.733037
555.399155
540.196464
529.131875
545.141094
543.520389
534.094246
541.444371
533.186026
538.763975
524.559982
538.510494
533.177075
543.517827
536.374645
541.007702
546.762818
561.014787
533.951826
535.960917
