0.000000
0.000000
0.000000
0.000000
0.000000
0.000000
-1.136253
0.534512
0.710828
-1.154353
0.645757
0.881605
0.000000
0.000000
0.000000
0.000000
0.000000
0.000000
-1.614354
0.559598
0.877146
-1.565349
0.777053
0.774075
0.000000
0.000000
0.000000
0.000000
0.000000
0.000000
-1.220741
0.716127
0.772063
-1.271647
0.697162
0.785620
0.000000
0.000000
0.000000
0.000000
0.000000
0.000000
-1.491844
0.373705
0.871383
-1.492012
0.416174
0.862172
-1.189596
1.192292
0.651062
-1.292938
0.780056
0.651341
-1.135300
1.229341
0.651062
-1.268654
0.755247
0.650106
-1.481581
0.813145
0.756270
-1.480313
0.935831
0.764765
-1.396501
0.855184
0.717438
-1.419374
0.932915
0.751545
0.000000
0.000000
0.000000
0.000000
0.000000
0.000000
-1.294826
0.766197
0.787699
-1.267619
0.931546
0.808811
0.000000
0.000000
0.000000
0.000000
0.000000
0.000000
-0.978928
0.950135
0.727158
-1.045090
0.663851
0.904897
0.000000
0.000000
0.000000
0.000000
0.000000
0.000000
0.000000
0.000000
0.000000
-0.985951
0.878503
0.877481
-1.130481
0.772015
0.710384
-1.117064
0.819196
0.740090
-1.152169
0.791355
0.723783
-1.135606
0.784120
0.757512
0.000000
0.000000
0.000000
0.000000
0.000000
0.000000
0.000000
0.000000
0.000000
-1.242879
0.736954
0.606342
0.000000
0.000000
0.000000
0.000000
0.000000
0.000000
-1.174856
1.114325
0.536585
-1.209606
1.022528
0.491889
0.000000
0.000000
0.000000
0.000000
0.000000
0.000000
-1.444861
1.182971
0.705522
-1.481956
1.162396
0.656178
0.000000
0.000000
0.000000
0.000000
0.000000
0.000000
-1.251594
0.519570
0.853464
-1.149408
0.677375
0.812060
0.000000
0.000000
0.000000
0.000000
0.000000
0.000000
0.000000
0.000000
0.000000
-0.956973
1.367456
0.867049
0.000000
0.000000
0.000000
0.000000
0.000000
0.000000
-1.321961
0.575133
0.842435
-1.384846
0.539898
0.845605
0.000000
0.000000
0.000000
0.000000
0.000000
0.000000
-1.387368
0.361997
0.998087
-1.469907
0.339838
0.926215
0.000000
0.000000
0.000000
0.000000
0.000000
0.000000
-1.181704
0.786828
0.764724
-1.340949
0.658427
0.818815
0.000000
0.000000
0.000000
0.000000
0.000000
0.000000
0.000000
0.000000
0.000000
-1.396672
0.381053
0.801885
0.000000
0.000000
0.000000
0.000000
0.000000
0.000000
-1.524009
1.072478
0.702367
-1.563059
1.063004
0.685392
0.000000
0.000000
0.000000
0.000000
0.000000
0.000000
-1.261977
0.813771
0.728062
-1.342951
0.725539
0.790053
-1.010049
0.867919
0.628128
-1.141697
1.055508
0.626249
-0.928569
1.010854
0.741451
-1.102120
1.032987
0.649109
0.000000
0.000000
0.000000
0.000000
0.000000
0.000000
0.000000
0.000000
0.000000
-1.256897
0.690547
0.680841
0.000000
0.000000
0.000000
0.000000
0.000000
0.000000
-1.197517
0.895171
0.701565
-1.151734
0.863119
0.670378
0.000000
0.000000
0.000000
0.000000
0.000000
0.000000
0.000000
0.000000
0.000000
-1.179669
0.486548
0.693672
-1.320751
0.397612
0.859328
-1.328084
0.409902
0.850374
-1.338058
0.427873
0.868311
-1.238194
0.529199
0.819587
-0.995584
1.162996
0.584228
-0.949289
1.113800
0.522680
-0.965513
1.224959
0.578235
-0.917185
1.198399
0.385740
0.000000
0.000000
0.000000
0.000000
0.000000
0.000000
-1.058933
0.813662
0.635900
-1.071852
0.902135
0.670267
0.000000
0.000000
0.000000
0.000000
0.000000
0.000000
-1.325257
0.648500
0.816006
-1.361196
0.697986
0.821024
0.000000
0.000000
0.000000
0.000000
0.000000
0.000000
-1.458189
0.468146
0.860694
-1.600007
0.338723
0.877822
0.000000
0.000000
0.000000
0.000000
0.000000
0.000000
-1.157365
0.536707
0.896856
-1.212756
0.494322
0.883639
0.000000
0.000000
0.000000
0.000000
0.000000
0.000000
0.000000
0.000000
0.000000
-1.229840
0.612364
0.721750
0.000000
0.000000
0.000000
0.000000
0.000000
0.000000
-1.375138
0.589040
0.742441
-1.379310
0.588949
0.831891
0.000000
0.000000
0.000000
0.000000
0.000000
0.000000
-1.328621
0.661311
0.898907
-1.390667
0.553593
0.831419
0.000000
0.000000
0.000000
0.000000
0.000000
0.000000
-1.365957
0.687085
0.708814
-1.357614
0.855828
0.855037
-1.245879
0.779892
0.712196
-1.206581
0.737680
0.681675
-1.289458
0.777290
0.717635
-1.218895
0.769675
0.680268
0.000000
0.000000
0.000000
-1.197056
0.577088
0.702199
0.000000
0.000000
0.000000
-1.187062
0.578414
0.702199
-1.390810
0.550983
0.790515
-1.287740
0.692026
0.800482
-1.401942
0.550623
0.790515
-1.292127
0.701017
0.800482
0.000000
0.000000
0.000000
0.000000
0.000000
0.000000
0.000000
0.000000
0.000000
-1.180347
0.698715
0.745066
0.000000
0.000000
0.000000
0.000000
0.000000
0.000000
-1.143751
1.224605
0.633780
-1.255928
1.044530
0.739112
0.000000
0.000000
0.000000
0.000000
0.000000
0.000000
-1.194556
0.612990
0.799044
-1.142397
0.655261
0.767078
0.000000
0.000000
0.000000
0.000000
0.000000
0.000000
-1.246455
1.089972
0.609848
-1.289575
1.176875
0.517547
0.000000
0.000000
0.000000
0.000000
0.000000
0.000000
-1.504413
0.592646
0.834405
-1.524219
0.587908
0.840302
0.000000
0.000000
0.000000
0.000000
0.000000
0.000000
-1.185762
1.020330
0.601732
-1.231912
0.981999
0.637485
0.000000
0.000000
0.000000
0.000000
0.000000
0.000000
-1.466774
0.724692
0.831723
-1.480228
0.774480
0.816033
0.000000
0.000000
0.000000
0.000000
0.000000
0.000000
-1.295468
0.588643
0.823650
-1.324084
0.553975
0.833061
0.000000
0.000000
0.000000
0.000000
0.000000
0.000000
-1.177110
0.934753
0.616428
-1.230635
0.870722
0.670774
0.000000
0.000000
0.000000
0.000000
0.000000
0.000000
-1.195673
0.670539
0.883159
-1.252221
0.569294
0.849353
0.000000
0.000000
0.000000
0.000000
0.000000
0.000000
-1.006895
1.057125
0.629718
-1.052848
0.901949
0.522758
0.000000
0.000000
0.000000
0.000000
0.000000
0.000000
-1.370286
0.927519
0.720884
-1.406102
0.918195
0.719848
0.000000
0.000000
0.000000
0.000000
0.000000
0.000000
-1.366577
0.686522
0.881646
-1.430784
0.790431
0.825556
0.000000
0.000000
0.000000
0.000000
0.000000
0.000000
-1.277263
0.449115
0.765483
-1.265732
0.540367
0.824068
0.000000
0.000000
0.000000
0.000000
0.000000
0.000000
-1.076221
0.855154
0.705862
-1.105018
1.158189
0.558626
0.000000
0.000000
0.000000
0.000000
0.000000
0.000000
-1.185572
0.866143
0.805473
-1.191537
0.914008
0.658318
0.000000
0.000000
0.000000
0.000000
0.000000
0.000000
0.000000
0.000000
0.000000
-1.285610
0.537613
0.710542
0.000000
0.000000
0.000000
0.000000
0.000000
0.000000
-1.367743
0.772399
0.650667
-1.376311
0.768609
0.843102
0.000000
0.000000
0.000000
0.000000
0.000000
0.000000
0.000000
0.000000
0.000000
-1.055396
0.865819
0.594373
0.000000
0.000000
0.000000
0.000000
0.000000
0.000000
-1.151361
0.565145
0.795880
-1.213258
0.504817
0.814541
0.000000
0.000000
0.000000
0.000000
0.000000
0.000000
-1.132152
1.045961
0.626460
-1.240554
0.744495
0.722659
0.000000
0.000000
0.000000
0.000000
0.000000
0.000000
0.000000
0.000000
0.000000
-0.880215
1.784406
0.677178
0.000000
0.000000
0.000000
0.000000
0.000000
0.000000
0.000000
0.000000
0.000000
-1.177668
0.724244
0.732612
0.000000
0.000000
0.000000
0.000000
0.000000
0.000000
-0.809685
0.679680
0.684282
-0.942125
0.575762
0.688005
0.000000
0.000000
0.000000
0.000000
0.000000
0.000000
0.000000
0.000000
0.000000
-1.352534
0.691941
0.816195
0.000000
0.000000
0.000000
0.000000
0.000000
0.000000
-1.281423
0.684546
0.738491
-1.244035
0.756003
0.736532
0.000000
0.000000
0.000000
0.000000
0.000000
0.000000
-1.015474
0.820940
0.674335
-1.019631
0.793753
0.668557
-1.348938
0.583861
0.827398
-1.257691
0.830489
0.780085
-1.319368
0.605894
0.836336
-1.219494
0.833952
0.780925
0.000000
0.000000
0.000000
0.000000
0.000000
0.000000
-1.463792
0.924758
0.690666
-1.465944
1.073714
0.667147
0.000000
0.000000
0.000000
0.000000
0.000000
0.000000
0.000000
0.000000
0.000000
-1.243379
1.024769
0.736884
0.000000
0.000000
0.000000
0.000000
0.000000
0.000000
0.000000
0.000000
0.000000
-1.150367
0.714312
0.679667
0.000000
0.000000
0.000000
0.000000
0.000000
0.000000
0.000000
0.000000
0.000000
-0.942705
1.575846
0.703910
0.000000
0.000000
0.000000
0.000000
0.000000
0.000000
0.000000
0.000000
0.000000
-1.377765
0.970709
0.850489
0.000000
0.000000
0.000000
0.000000
0.000000
0.000000
-1.169558
0.542790
0.626952
-1.216495
0.734570
0.951556
0.000000
0.000000
0.000000
0.000000
0.000000
0.000000
-1.274370
0.731770
0.778087
-1.296155
0.777213
0.796094
0.000000
0.000000
0.000000
0.000000
0.000000
0.000000
-1.052397
0.744880
0.661161
-1.040278
1.040966
0.611795
0.000000
0.000000
0.000000
0.000000
0.000000
0.000000
0.000000
0.000000
0.000000
-0.977238
0.748938
0.572015
0.000000
0.000000
0.000000
0.000000
0.000000
0.000000
-1.233450
1.147072
0.476838
-1.284123
1.098187
0.555076
0.000000
0.000000
0.000000
0.000000
0.000000
0.000000
-1.405749
0.554073
0.931718
-1.461158
0.830542
0.896684
0.000000
0.000000
0.000000
0.000000
0.000000
0.000000
0.000000
0.000000
0.000000
-1.271282
0.656948
0.708389
0.000000
0.000000
0.000000
0.000000
0.000000
0.000000
-1.341202
0.924179
0.694812
-1.387052
0.884905
0.708782
0.000000
0.000000
0.000000
0.000000
0.000000
0.000000
0.000000
0.000000
0.000000
-1.267745
0.607013
0.771614
0.000000
0.000000
0.000000
0.000000
0.000000
0.000000
-1.357221
0.540552
0.723633
-1.377494
0.550735
0.929220
0.000000
0.000000
0.000000
0.000000
0.000000
0.000000
-1.139160
0.640177
0.902007
-1.194789
0.517028
0.860923
0.000000
0.000000
0.000000
0.000000
0.000000
0.000000
-1.092632
0.786780
0.655095
-1.084941
0.844370
0.751738
0.000000
0.000000
0.000000
0.000000
0.000000
0.000000
-1.103455
1.016038
0.615332
-1.173707
1.015263
0.651738
0.000000
0.000000
0.000000
0.000000
0.000000
0.000000
-1.568442
0.641751
0.847059
-1.587026
0.650309
0.838542
0.000000
0.000000
0.000000
0.000000
0.000000
0.000000
0.000000
0.000000
0.000000
-1.199107
0.761633
0.634515
0.000000
0.000000
0.000000
0.000000
0.000000
0.000000
-1.367014
0.557619
0.804144
-1.325916
0.726871
0.791073
0.000000
0.000000
0.000000
0.000000
0.000000
0.000000
-1.245895
1.206741
0.538002
-1.267169
1.246194
0.509948
0.000000
0.000000
0.000000
0.000000
0.000000
0.000000
-1.148438
0.634374
0.714287
-1.158956
0.799204
0.702350
0.000000
0.000000
0.000000
0.000000
0.000000
0.000000
-1.085248
1.157750
0.635144
-1.157161
1.026381
0.662734
0.000000
0.000000
0.000000
0.000000
0.000000
0.000000
-1.487468
0.446202
0.871013
-1.544104
0.416444
0.874152
0.000000
0.000000
0.000000
0.000000
0.000000
0.000000
-1.142095
0.991890
0.684484
-1.206907
0.975473
0.602466
0.000000
0.000000
0.000000
0.000000
0.000000
0.000000
-1.181679
0.488834
0.652566
-1.097310
0.570281
1.041957
0.000000
0.000000
0.000000
-0.886166
1.327833
0.715679
0.000000
0.000000
0.000000
-0.856156
1.345283
0.715679
0.000000
0.000000
0.000000
0.000000
0.000000
0.000000
-1.242836
0.717272
0.651084
-1.288442
0.672298
0.761589
0.000000
0.000000
0.000000
0.000000
0.000000
0.000000
-1.258120
1.098616
0.615274
-1.298967
1.089825
0.605127
0.000000
0.000000
0.000000
0.000000
0.000000
0.000000
0.000000
0.000000
0.000000
-1.173944
0.791997
0.625828
0.000000
0.000000
0.000000
0.000000
0.000000
0.000000
-1.295601
0.633533
0.658286
-1.422700
0.472554
0.922972
0.000000
0.000000
0.000000
0.000000
0.000000
0.000000
-1.396085
0.919993
0.753626
-1.444594
0.914017
0.753450
0.000000
0.000000
0.000000
0.000000
0.000000
0.000000
-1.151659
0.701966
0.733847
-1.206140
0.722397
0.816075
0.000000
0.000000
0.000000
0.000000
0.000000
0.000000
-1.297060
0.565690
0.816081
-1.346932
0.549388
0.819830
0.000000
0.000000
0.000000
0.000000
0.000000
0.000000
-0.952402
1.332083
0.677664
-1.239669
0.962345
0.583529
0.000000
0.000000
0.000000
0.000000
0.000000
0.000000
-1.413010
0.484698
0.790338
-1.462563
0.357763
0.868016
0.000000
0.000000
0.000000
-1.323643
0.499636
0.660418
0.000000
0.000000
0.000000
-1.301608
0.508991
0.660418
0.000000
0.000000
0.000000
0.000000
0.000000
0.000000
-1.522457
0.932913
0.731056
-1.549712
0.929812
0.733961
0.000000
0.000000
0.000000
0.000000
0.000000
0.000000
-1.712290
0.400789
0.892432
-1.729406
0.395118
0.892654
0.000000
0.000000
0.000000
0.000000
0.000000
0.000000
-1.378644
1.000885
0.692370
-1.413081
1.001817
0.685722
0.000000
0.000000
0.000000
0.000000
0.000000
0.000000
-1.318889
0.545750
0.924725
-1.368347
0.609330
0.863315
0.000000
0.000000
0.000000
0.000000
0.000000
0.000000
-1.256608
0.854877
0.697692
-1.355051
0.653736
0.864702
0.000000
0.000000
0.000000
0.000000
0.000000
0.000000
-1.319042
1.149798
0.677615
-1.413036
1.110463
0.677774
0.000000
0.000000
0.000000
0.000000
0.000000
0.000000
-1.296129
1.000775
0.729737
-1.333571
0.903196
0.742792
0.000000
0.000000
0.000000
0.000000
0.000000
0.000000
-1.346651
0.637306
0.796989
-1.346465
0.729269
0.805194
0.000000
0.000000
0.000000
0.000000
0.000000
0.000000
0.000000
0.000000
0.000000
-0.950596
1.238837
0.903465
0.000000
0.000000
0.000000
0.000000
0.000000
0.000000
-1.239618
0.815849
0.700495
-1.334891
0.621979
0.758114
0.000000
0.000000
0.000000
0.000000
0.000000
0.000000
-1.406423
0.380240
0.854825
-1.532062
0.352293
0.880857
0.000000
0.000000
0.000000
0.000000
0.000000
0.000000
-1.090029
1.067770
0.691042
-1.265065
0.992571
0.691126
0.000000
0.000000
0.000000
0.000000
0.000000
0.000000
0.000000
0.000000
0.000000
-1.098056
1.155803
0.744944
0.000000
0.000000
0.000000
0.000000
0.000000
0.000000
-1.098553
1.279991
0.727401
-1.167285
1.041280
0.572458
0.000000
0.000000
0.000000
0.000000
0.000000
0.000000
-0.977149
0.821919
0.778659
-1.065979
0.698893
0.766328
0.000000
0.000000
0.000000
0.000000
0.000000
0.000000
-1.020942
0.953470
0.627479
-1.139855
0.863700
0.635088
0.000000
0.000000
0.000000
0.000000
0.000000
0.000000
0.000000
0.000000
0.000000
-1.313515
0.580832
0.759689
0.000000
0.000000
0.000000
0.000000
0.000000
0.000000
-1.281157
0.801403
0.574470
-1.280883
0.983753
0.680470
0.000000
0.000000
0.000000
0.000000
0.000000
0.000000
-1.117352
0.792669
0.642304
-1.186870
0.853797
0.726570
0.000000
0.000000
0.000000
0.000000
0.000000
0.000000
-1.395852
0.798833
0.579974
-1.365349
0.732698
0.833674
0.000000
0.000000
0.000000
0.000000
0.000000
0.000000
-1.340056
0.590505
0.883940
-1.394072
0.591557
0.843612
0.000000
0.000000
0.000000
0.000000
0.000000
0.000000
-1.341352
0.366171
0.927212
-1.392243
0.343671
0.878295
0.000000
0.000000
0.000000
0.000000
0.000000
0.000000
-1.351355
0.817449
0.781194
-1.384796
0.847401
0.756643
0.000000
0.000000
0.000000
0.000000
0.000000
0.000000
-1.109659
1.107649
0.715520
-1.185107
0.915400
0.705666
0.000000
0.000000
0.000000
0.000000
0.000000
0.000000
-1.442662
0.524164
0.873670
-1.499007
0.462291
0.861095
0.000000
0.000000
0.000000
0.000000
0.000000
0.000000
-1.350692
0.839724
0.680331
-1.423276
0.645393
0.642963
0.000000
0.000000
0.000000
0.000000
0.000000
0.000000
-1.395755
0.664183
0.754525
-1.398739
0.682843
0.734736
0.000000
0.000000
0.000000
0.000000
0.000000
0.000000
-1.443122
0.615321
0.834245
-1.469807
0.591720
0.836257
0.000000
0.000000
0.000000
0.000000
0.000000
0.000000
0.000000
0.000000
0.000000
-1.231261
0.694576
0.786449
0.000000
0.000000
0.000000
0.000000
0.000000
0.000000
-1.137275
0.876990
0.825493
-1.188471
0.791648
0.766452
0.000000
0.000000
0.000000
0.000000
0.000000
0.000000
-1.331986
0.685172
0.963516
-1.406032
0.533572
0.844145
0.000000
0.000000
0.000000
0.000000
0.000000
0.000000
-1.591060
0.642390
0.830989
-1.617993
0.639132
0.833458
-1.341870
0.902377
0.773482
-1.415906
0.824109
0.699223
-1.333667
0.905385
0.773482
-1.402833
0.825365
0.701884
0.000000
0.000000
0.000000
0.000000
0.000000
0.000000
-1.292924
0.717093
0.777090
-1.304593
0.805659
0.719789
0.000000
0.000000
0.000000
0.000000
0.000000
0.000000
-1.239981
0.660593
0.864633
-1.281272
0.624801
0.821257
0.000000
0.000000
0.000000
0.000000
0.000000
0.000000
-1.206983
0.712080
0.613969
-1.191088
0.720363
1.073520
0.000000
0.000000
0.000000
0.000000
0.000000
0.000000
0.000000
0.000000
0.000000
-1.452911
0.438220
0.683833
0.000000
0.000000
0.000000
0.000000
0.000000
0.000000
0.000000
0.000000
0.000000
-1.316733
0.659232
0.717571
0.000000
0.000000
0.000000
0.000000
0.000000
0.000000
-1.138889
0.601603
0.833132
-1.205073
0.505027
0.865068
0.000000
0.000000
0.000000
0.000000
0.000000
0.000000
-1.341983
0.424561
0.853885
-1.415429
0.350390
0.870732
0.000000
0.000000
0.000000
0.000000
0.000000
0.000000
-1.355225
1.002471
0.644226
-1.381271
0.951243
0.668629
0.000000
0.000000
0.000000
0.000000
0.000000
0.000000
-0.818681
2.075777
0.585039
-1.034907
1.247590
0.590369
0.000000
0.000000
0.000000
0.000000
0.000000
0.000000
0.000000
0.000000
0.000000
-1.340404
0.744650
0.616151
0.000000
0.000000
0.000000
0.000000
0.000000
0.000000
-1.213777
1.128520
0.681739
-1.305799
0.941953
0.645841
0.000000
0.000000
0.000000
0.000000
0.000000
0.000000
-1.239127
0.876308
0.867905
-1.302026
0.733571
0.827445
0.000000
0.000000
0.000000
0.000000
0.000000
0.000000
0.000000
0.000000
0.000000
-0.871721
1.061493
0.817916
0.000000
0.000000
0.000000
0.000000
0.000000
0.000000
-1.379430
0.571820
0.754476
-1.332685
0.715259
0.876158
0.000000
0.000000
0.000000
0.000000
0.000000
0.000000
0.000000
0.000000
0.000000
-1.470157
0.921997
0.663478
-1.303947
1.057031
0.651303
-1.349836
0.929824
0.665875
-1.243177
1.190634
0.562779
-1.229804
1.231126
0.544811
0.000000
0.000000
0.000000
0.000000
0.000000
0.000000
-1.145853
0.935065
0.803277
-1.294653
0.918150
0.773808
0.000000
0.000000
0.000000
0.000000
0.000000
0.000000
-1.289320
0.888155
0.640990
-1.293650
0.965640
0.633167
0.000000
0.000000
0.000000
0.000000
0.000000
0.000000
-1.201822
1.277700
0.643087
-1.179414
1.297517
0.511760
0.000000
0.000000
0.000000
0.000000
0.000000
0.000000
0.000000
0.000000
0.000000
-1.314530
0.557206
0.881511
0.000000
0.000000
0.000000
0.000000
0.000000
0.000000
0.000000
0.000000
0.000000
-1.099603
0.699718
0.710608
0.000000
0.000000
0.000000
0.000000
0.000000
0.000000
-0.781335
1.023080
0.762279
-0.794647
1.086247
0.637053
0.000000
0.000000
0.000000
0.000000
0.000000
0.000000
-1.470849
0.491883
0.867291
-1.516683
0.468539
0.863293
0.000000
0.000000
0.000000
-1.211260
0.687020
0.713733
0.000000
0.000000
0.000000
-1.191167
0.694878
0.713733
0.000000
0.000000
0.000000
0.000000
0.000000
0.000000
-1.274134
0.877809
0.677251
-1.357796
0.696133
0.735643
0.000000
0.000000
0.000000
-0.752118
1.538488
0.701862
0.000000
0.000000
0.000000
-0.650664
1.609793
0.701862
0.000000
0.000000
0.000000
0.000000
0.000000
0.000000
-1.437618
0.596055
0.795167
-1.348661
0.671548
0.793853
0.000000
0.000000
0.000000
0.000000
0.000000
0.000000
-1.332892
1.066038
0.704652
-1.384356
1.065403
0.679761
0.000000
0.000000
0.000000
0.000000
0.000000
0.000000
-1.405199
0.663446
0.761428
-1.431356
0.692547
0.798188
0.000000
0.000000
0.000000
0.000000
0.000000
0.000000
-1.307760
0.447779
0.697084
-1.219316
0.513551
0.872446
0.000000
0.000000
0.000000
0.000000
0.000000
0.000000
-1.221395
1.062734
0.639743
-1.331729
0.978033
0.703509
0.000000
0.000000
0.000000
0.000000
0.000000
0.000000
-1.445983
0.536020
0.853277
-1.455668
0.547641
0.850611
0.000000
0.000000
0.000000
0.000000
0.000000
0.000000
-1.421608
0.644886
0.789669
-1.455873
0.675729
0.806160
0.000000
0.000000
0.000000
0.000000
0.000000
0.000000
-1.136625
1.107777
0.793206
-1.198295
1.148009
0.774343
0.000000
0.000000
0.000000
0.000000
0.000000
0.000000
-1.203498
0.759244
0.599467
-1.140986
0.918855
0.679529
0.000000
0.000000
0.000000
0.000000
0.000000
0.000000
-1.101042
0.804337
0.756062
-1.137003
0.793049
0.690080
0.000000
0.000000
0.000000
0.000000
0.000000
0.000000
-1.206419
1.038756
0.754620
-1.245678
1.097346
0.607466
0.000000
0.000000
0.000000
0.000000
0.000000
0.000000
-1.366855
0.709682
0.780538
-1.405141
0.694002
0.784180
0.000000
0.000000
0.000000
0.000000
0.000000
0.000000
-1.244994
1.027318
0.593219
-1.181371
1.299571
0.537073
0.000000
0.000000
0.000000
0.000000
0.000000
0.000000
-1.401240
0.703434
0.747710
-1.394439
0.791797
0.752970
0.000000
0.000000
0.000000
0.000000
0.000000
0.000000
-1.206473
0.980306
0.868916
-1.339316
0.747539
0.784599
0.000000
0.000000
0.000000
0.000000
0.000000
0.000000
-1.392318
0.636724
0.813161
-1.425835
0.634613
0.818297
0.000000
0.000000
0.000000
0.000000
0.000000
0.000000
-1.258808
0.845823
0.768698
-1.255480
0.941732
0.820735
0.000000
0.000000
0.000000
0.000000
0.000000
0.000000
-1.354523
0.641276
0.805533
-1.408521
0.583311
0.853708
-1.006760
0.706074
0.681319
-1.240468
0.713726
0.643496
-1.083429
0.882015
0.692085
-1.258664
0.907631
0.600252
0.000000
0.000000
0.000000
-0.907054
0.799842
0.632062
0.000000
0.000000
0.000000
-0.894327
0.811035
0.632062
0.000000
0.000000
0.000000
0.000000
0.000000
0.000000
-1.314692
0.652316
0.798723
-1.400785
0.746089
0.797930
0.000000
0.000000
0.000000
0.000000
0.000000
0.000000
-1.158687
1.023405
0.524339
-1.237254
1.102552
0.614430
0.000000
0.000000
0.000000
0.000000
0.000000
0.000000
-1.238796
0.917041
0.825032
-1.238417
0.950797
0.787781
0.000000
0.000000
0.000000
0.000000
0.000000
0.000000
-1.314205
0.759146
0.743172
-1.242025
0.970182
0.745085
0.000000
0.000000
0.000000
0.000000
0.000000
0.000000
-1.208041
0.530347
0.866109
-1.219352
0.702598
0.808282
0.000000
0.000000
0.000000
0.000000
0.000000
0.000000
0.000000
0.000000
0.000000
-1.199225
0.732894
0.709316
0.000000
0.000000
0.000000
0.000000
0.000000
0.000000
-1.369050
1.090168
0.614060
-1.423510
1.023157
0.644533
0.000000
0.000000
0.000000
-1.054019
0.903074
0.939684
0.000000
0.000000
0.000000
-0.998399
0.922253
0.939684
0.000000
0.000000
0.000000
0.000000
0.000000
0.000000
-1.237266
1.136251
0.801667
-1.175782
1.390134
0.769978
0.000000
0.000000
0.000000
0.000000
0.000000
0.000000
-1.216217
0.745790
0.654714
-1.309424
0.548439
1.081804
0.000000
0.000000
0.000000
0.000000
0.000000
0.000000
-1.234064
0.671449
0.727258
-1.214673
0.659301
0.833876
0.000000
0.000000
0.000000
0.000000
0.000000
0.000000
-1.249568
0.629697
0.814481
-1.219066
0.816090
0.728134
0.000000
0.000000
0.000000
0.000000
0.000000
0.000000
-1.404803
0.368412
0.664126
-1.473216
0.321573
1.059135
0.000000
0.000000
0.000000
0.000000
0.000000
0.000000
-1.575730
0.858109
0.753479
-1.613367
0.837333
0.762640
-0.947970
1.508993
0.657493
-1.086656
1.162070
0.570622
-0.895463
1.871881
0.663154
-1.073727
1.231052
0.635283
0.000000
0.000000
0.000000
0.000000
0.000000
0.000000
-1.174105
0.773182
0.746224
-1.255238
0.813248
0.782895
0.000000
0.000000
0.000000
0.000000
0.000000
0.000000
-1.415622
0.571732
0.882350
-1.266580
0.837975
0.841699
0.000000
0.000000
0.000000
0.000000
0.000000
0.000000
-1.528097
1.145856
0.635159
-1.558028
1.154717
0.627388
0.000000
0.000000
0.000000
0.000000
0.000000
0.000000
0.000000
0.000000
0.000000
-1.195146
0.647452
0.670561
0.000000
0.000000
0.000000
0.000000
0.000000
0.000000
-1.328424
0.438299
0.827123
-1.293241
0.646113
0.821489
0.000000
0.000000
0.000000
0.000000
0.000000
0.000000
0.000000
0.000000
0.000000
-0.976304
0.728392
0.775984
0.000000
0.000000
0.000000
0.000000
0.000000
0.000000
-1.281971
0.575476
0.840579
-1.307238
0.553538
0.789882
-1.188465
0.847717
0.824092
-1.274884
0.913711
0.825149
-1.162707
0.857487
0.824778
-1.240317
0.905474
0.816584
0.000000
0.000000
0.000000
0.000000
0.000000
0.000000
-1.326635
0.851871
0.747294
-1.362053
0.847191
0.744464
0.000000
0.000000
0.000000
0.000000
0.000000
0.000000
-1.129512
0.701176
0.739708
-1.196201
0.645551
0.804668
-1.303002
0.586407
0.869983
-1.249603
0.613514
0.800164
-1.322579
0.598117
0.869983
-1.256441
0.620459
0.800164
0.000000
0.000000
0.000000
0.000000
0.000000
0.000000
-1.194357
0.604033
0.653945
-1.198926
0.603828
0.834983
0.000000
0.000000
0.000000
0.000000
0.000000
0.000000
-1.538575
0.410020
0.876036
-1.571859
0.430546
0.888979
0.000000
0.000000
0.000000
0.000000
0.000000
0.000000
-0.937101
1.481494
0.942196
-1.097226
1.041992
0.864454
0.000000
0.000000
0.000000
0.000000
0.000000
0.000000
0.000000
0.000000
0.000000
-1.304030
1.094749
0.814823
0.000000
0.000000
0.000000
0.000000
0.000000
0.000000
-1.531129
0.333821
0.899000
-1.506774
0.441775
0.885031
0.000000
0.000000
0.000000
0.000000
0.000000
0.000000
-1.047427
1.148487
0.668865
-1.094566
0.924781
0.662538
0.000000
0.000000
0.000000
0.000000
0.000000
0.000000
-1.090377
0.692268
0.650776
-0.963624
0.803445
0.823985
0.000000
0.000000
0.000000
0.000000
0.000000
0.000000
-1.463125
0.691718
0.872834
-1.547130
0.538383
0.863226
0.000000
0.000000
0.000000
0.000000
0.000000
0.000000
0.000000
0.000000
0.000000
-1.189049
0.818073
0.687014
0.000000
0.000000
0.000000
0.000000
0.000000
0.000000
-1.365535
0.923724
0.715233
-1.512853
0.954157
0.676675
0.000000
0.000000
0.000000
0.000000
0.000000
0.000000
0.000000
0.000000
0.000000
-0.800982
1.666369
0.691457
0.000000
0.000000
0.000000
0.000000
0.000000
0.000000
-1.134486
0.781075
0.796388
-1.283656
0.576605
0.794614
0.000000
0.000000
0.000000
0.000000
0.000000
0.000000
-1.183479
0.885772
0.831269
-1.159390
1.001859
0.821961
0.000000
0.000000
0.000000
0.000000
0.000000
0.000000
-1.537246
0.816450
0.788821
-1.572342
0.839546
0.781164
0.000000
0.000000
0.000000
0.000000
0.000000
0.000000
-1.164630
0.725529
0.733962
-1.249124
0.708984
0.779323
0.000000
0.000000
0.000000
0.000000
0.000000
0.000000
-0.887783
0.841643
0.614665
-0.983001
0.849692
0.836071
0.000000
0.000000
0.000000
0.000000
0.000000
0.000000
-1.091891
1.283398
0.449233
-1.208994
1.168722
0.398323
0.000000
0.000000
0.000000
0.000000
0.000000
0.000000
-1.476139
0.620910
0.856103
-1.563985
0.556608
0.872736
0.000000
0.000000
0.000000
0.000000
0.000000
0.000000
-1.089581
0.746570
0.646103
-1.146436
0.666390
0.763559
0.000000
0.000000
0.000000
0.000000
0.000000
0.000000
-1.250542
0.395085
0.638036
-1.237987
0.588337
1.072683
0.000000
0.000000
0.000000
0.000000
0.000000
0.000000
-1.278625
0.716177
0.751475
-1.259270
0.875598
0.660826
0.000000
0.000000
0.000000
0.000000
0.000000
0.000000
0.000000
0.000000
0.000000
-1.368472
0.578029
0.809570
0.000000
0.000000
0.000000
0.000000
0.000000
0.000000
-1.105257
0.776606
1.011220
-1.100217
0.757282
0.840976
0.000000
0.000000
0.000000
0.000000
0.000000
0.000000
-1.027675
0.794569
0.695044
-1.045866
0.862038
0.681731
0.000000
0.000000
0.000000
0.000000
0.000000
0.000000
-1.302677
0.512185
0.702369
-1.235446
0.564393
0.843769
0.000000
0.000000
0.000000
0.000000
0.000000
0.000000
0.000000
0.000000
0.000000
-1.442026
0.532180
0.741111
0.000000
0.000000
0.000000
0.000000
0.000000
0.000000
-1.012341
0.803591
0.662955
-1.168558
0.853106
0.838809
0.000000
0.000000
0.000000
0.000000
0.000000
0.000000
-1.404202
0.552130
0.831096
-1.378494
0.632817
0.819270
0.000000
0.000000
0.000000
0.000000
0.000000
0.000000
-1.460225
0.862102
0.774899
-1.496684
0.897316
0.756393
0.000000
0.000000
0.000000
0.000000
0.000000
0.000000
-1.327649
0.848870
0.725339
-1.336590
0.904390
0.723771
0.000000
0.000000
0.000000
0.000000
0.000000
0.000000
-1.256066
0.738139
0.749723
-1.223559
0.747207
0.724571
0.000000
0.000000
0.000000
0.000000
0.000000
0.000000
-1.098434
0.982611
0.603523
-1.183926
0.894513
0.650471
0.000000
0.000000
0.000000
0.000000
0.000000
0.000000
-1.484508
1.123531
0.700739
-1.533333
1.130839
0.638032
0.000000
0.000000
0.000000
0.000000
0.000000
0.000000
-1.205611
0.634293
1.139162
-1.191265
0.582335
1.020882
0.000000
0.000000
0.000000
0.000000
0.000000
0.000000
-1.393390
0.765302
0.757479
-1.467460
0.716381
0.766791
0.000000
0.000000
0.000000
0.000000
0.000000
0.000000
-1.484295
0.226268
0.910159
-1.481636
0.228196
0.901158
0.000000
0.000000
0.000000
-1.602591
0.597166
0.747817
0.000000
0.000000
0.000000
-1.581602
0.599747
0.747817
0.000000
0.000000
0.000000
0.000000
0.000000
0.000000
-1.127871
0.746841
0.878000
-1.213190
0.643448
0.796354
0.000000
0.000000
0.000000
0.000000
0.000000
0.000000
-1.633569
0.474350
0.862394
-1.660568
0.528563
0.882568
0.000000
0.000000
0.000000
0.000000
0.000000
0.000000
-1.373280
0.493316
0.750880
-1.397103
0.408963
0.826095
0.000000
0.000000
0.000000
0.000000
0.000000
0.000000
-1.335200
0.773015
0.793707
-1.368037
0.783738
0.782244
0.000000
0.000000
0.000000
0.000000
0.000000
0.000000
-1.183100
1.042220
0.816456
-1.282486
0.892068
0.724857
0.000000
0.000000
0.000000
0.000000
0.000000
0.000000
-1.381939
0.538963
0.900955
-1.511134
0.474252
0.879112
0.000000
0.000000
0.000000
0.000000
0.000000
0.000000
-1.168179
0.723346
0.687578
-1.236202
0.830614
0.729559
0.000000
0.000000
0.000000
0.000000
0.000000
0.000000
-1.204406
0.440031
0.820165
-1.338897
0.515425
0.854849
0.000000
0.000000
0.000000
0.000000
0.000000
0.000000
-1.110280
0.853558
0.728174
-1.269799
0.719358
0.798462
-0.806037
0.808933
0.790588
-0.872166
0.868222
0.637143
-0.730687
0.840472
0.760358
-0.845614
0.852449
0.623847
0.000000
0.000000
0.000000
0.000000
0.000000
0.000000
-1.200389
0.584608
0.844583
-1.195087
0.684866
0.782265
0.000000
0.000000
0.000000
0.000000
0.000000
0.000000
-1.281718
0.440037
0.674567
-1.273696
0.550652
0.990377
0.000000
0.000000
0.000000
0.000000
0.000000
0.000000
-1.335219
0.556686
0.918053
-1.368599
0.537263
0.889441
0.000000
0.000000
0.000000
0.000000
0.000000
0.000000
0.000000
0.000000
0.000000
-1.077435
0.886067
0.709258
0.000000
0.000000
0.000000
0.000000
0.000000
0.000000
-1.155484
0.970835
0.625866
-1.366559
0.781808
0.723210
0.000000
0.000000
0.000000
0.000000
0.000000
0.000000
0.000000
0.000000
0.000000
-1.081324
0.582782
0.745482
0.000000
0.000000
0.000000
0.000000
0.000000
0.000000
-1.163952
0.611898
0.852809
-1.140223
0.873830
0.870536
0.000000
0.000000
0.000000
0.000000
0.000000
0.000000
-1.257122
1.003627
0.532367
-1.206684
1.281146
0.610059
0.000000
0.000000
0.000000
0.000000
0.000000
0.000000
-1.585077
0.475161
0.877597
-1.600512
0.453174
0.874129
0.000000
0.000000
0.000000
0.000000
0.000000
0.000000
-0.957861
0.692470
0.632611
-1.154379
0.869512
0.699263
0.000000
0.000000
0.000000
0.000000
0.000000
0.000000
-1.260407
0.991814
0.782167
-1.332120
0.984650
0.692887
0.000000
0.000000
0.000000
0.000000
0.000000
0.000000
-0.799074
0.879003
0.714847
-0.964847
1.167273
0.646710
0.000000
0.000000
0.000000
0.000000
0.000000
0.000000
-1.347211
0.432281
0.605650
-1.329904
0.418640
1.208458
0.000000
0.000000
0.000000
0.000000
0.000000
0.000000
-1.500476
0.745413
0.832156
-1.475427
0.733268
0.815022
0.000000
0.000000
0.000000
0.000000
0.000000
0.000000
0.000000
0.000000
0.000000
-1.321091
0.724257
0.675997
0.000000
0.000000
0.000000
0.000000
0.000000
0.000000
-1.391862
0.569977
0.808037
-1.451590
0.719382
0.793878
0.000000
0.000000
0.000000
0.000000
0.000000
0.000000
-1.290315
1.255981
0.555824
-1.316691
1.227865
0.553939
0.000000
0.000000
0.000000
0.000000
0.000000
0.000000
-1.172794
0.686632
0.614740
-1.191051
0.556477
0.928930
0.000000
0.000000
0.000000
0.000000
0.000000
0.000000
-1.232611
0.787995
0.912090
-1.258283
0.887995
0.769654
0.000000
0.000000
0.000000
0.000000
0.000000
0.000000
-1.275684
0.626428
0.829407
-1.366787
0.550714
0.853519
0.000000
0.000000
0.000000
0.000000
0.000000
0.000000
-1.272916
0.610648
0.795044
-1.269080
0.652635
0.807656
0.000000
0.000000
0.000000
0.000000
0.000000
0.000000
0.000000
0.000000
0.000000
-1.006861
1.307488
0.685216
0.000000
0.000000
0.000000
0.000000
0.000000
0.000000
-1.320153
0.388830
0.738008
-1.205933
0.423562
0.847624
0.000000
0.000000
0.000000
0.000000
0.000000
0.000000
-1.158913
0.697830
0.850613
-1.165932
0.625838
0.801896
0.000000
0.000000
0.000000
0.000000
0.000000
0.000000
-1.353939
0.860446
0.665850
-1.445837
0.689249
0.782860
0.000000
0.000000
0.000000
0.000000
0.000000
0.000000
-1.260495
0.792293
0.824611
-1.290804
0.620778
0.848157
0.000000
0.000000
0.000000
0.000000
0.000000
0.000000
-1.263893
0.844370
0.665523
-1.282922
0.880063
0.636363
0.000000
0.000000
0.000000
0.000000
0.000000
0.000000
-1.402182
0.641187
0.831445
-1.436911
0.660004
0.824188
0.000000
0.000000
0.000000
0.000000
0.000000
0.000000
-1.433621
0.739832
0.729855
-1.436914
0.640346
0.766973
0.000000
0.000000
0.000000
0.000000
0.000000
0.000000
0.000000
0.000000
0.000000
-1.233640
0.608612
0.808054
0.000000
0.000000
0.000000
0.000000
0.000000
0.000000
0.000000
0.000000
0.000000
-1.302857
0.729137
0.838847
0.000000
0.000000
0.000000
0.000000
0.000000
0.000000
-1.331858
0.669531
0.963231
-1.349187
0.876692
0.879366
0.000000
0.000000
0.000000
0.000000
0.000000
0.000000
-1.196182
0.579368
0.672165
-0.996922
0.802960
0.873837
0.000000
0.000000
0.000000
0.000000
0.000000
0.000000
-1.341072
0.706346
0.835664
-1.415789
0.713961
0.785817
0.000000
0.000000
0.000000
0.000000
0.000000
0.000000
-1.389404
0.424599
0.654071
-1.457514
0.402340
0.965311
-1.393913
0.508448
0.869681
-1.407500
0.542561
0.856256
-1.256223
0.611653
0.845859
-1.234583
0.662518
0.824156
-1.485666
0.795562
0.764689
-1.483811
0.756019
0.763708
-1.376584
0.787811
0.761752
-1.386732
0.738367
0.766983
0.000000
0.000000
0.000000
0.000000
0.000000
0.000000
-1.238826
0.518861
0.816329
-1.272416
0.597033
0.831619
0.000000
0.000000
0.000000
0.000000
0.000000
0.000000
0.000000
0.000000
0.000000
-1.363901
0.846560
0.818450
0.000000
0.000000
0.000000
0.000000
0.000000
0.000000
-1.346397
1.112115
0.652090
-1.375945
1.077326
0.642657
0.000000
0.000000
0.000000
-1.274976
0.397794
0.939510
0.000000
0.000000
0.000000
-1.285165
0.400157
0.939510
0.000000
0.000000
0.000000
0.000000
0.000000
0.000000
-1.268679
0.971743
0.620276
-1.223416
1.162686
0.536816
0.000000
0.000000
0.000000
0.000000
0.000000
0.000000
-1.068563
0.872680
0.795187
-1.197757
0.760291
0.709753
0.000000
0.000000
0.000000
0.000000
0.000000
0.000000
-0.846252
1.013025
0.821981
-0.919898
0.725227
0.760495
0.000000
0.000000
0.000000
0.000000
0.000000
0.000000
-1.392075
0.634392
0.777325
-1.445463
0.624032
0.823482
0.000000
0.000000
0.000000
0.000000
0.000000
0.000000
-1.473805
0.423795
0.688257
-1.505816
0.515173
0.963085
0.000000
0.000000
0.000000
0.000000
0.000000
0.000000
-1.106412
1.559257
0.789235
-1.310664
0.997057
0.779862
0.000000
0.000000
0.000000
0.000000
0.000000
0.000000
-1.364794
0.747552
0.778289
-1.286323
1.155179
0.720946
0.000000
0.000000
0.000000
0.000000
0.000000
0.000000
-1.366684
0.818596
0.720653
-1.389976
0.853357
0.748971
-1.228061
0.612674
0.932370
-1.244510
0.639461
0.817857
-1.184391
0.736767
0.902924
-1.196024
0.699730
0.807382
0.000000
0.000000
0.000000
0.000000
0.000000
0.000000
-1.233292
0.940463
0.656779
-1.264787
1.016533
0.695744
0.000000
0.000000
0.000000
0.000000
0.000000
0.000000
-1.215751
0.616133
0.830304
-1.223713
0.760530
0.897960
0.000000
0.000000
0.000000
0.000000
0.000000
0.000000
-1.408234
0.977045
0.741335
-1.421041
1.098199
0.683242
-1.375416
0.315857
0.969933
-1.405008
0.307860
0.888859
-1.305350
0.343712
0.983475
-1.345796
0.393090
0.889476
0.000000
0.000000
0.000000
0.000000
0.000000
0.000000
0.000000
0.000000
0.000000
-1.193685
0.640134
0.614491
0.000000
0.000000
0.000000
0.000000
0.000000
0.000000
0.000000
0.000000
0.000000
-1.041237
0.687046
0.683458
0.000000
0.000000
0.000000
0.000000
0.000000
0.000000
-1.416389
0.619514
0.838139
-1.406705
0.765192
0.852279
0.000000
0.000000
0.000000
0.000000
0.000000
0.000000
-1.336891
0.605995
0.634100
-1.360066
0.784054
0.788155
0.000000
0.000000
0.000000
0.000000
0.000000
0.000000
-1.691569
0.481609
0.874739
-1.724234
0.464520
0.879029
0.000000
0.000000
0.000000
0.000000
0.000000
0.000000
-1.361118
0.462912
0.863580
-1.424895
0.389111
0.868490
0.000000
0.000000
0.000000
0.000000
0.000000
0.000000
0.000000
0.000000
0.000000
-1.497315
0.485108
0.722075
0.000000
0.000000
0.000000
0.000000
0.000000
0.000000
-1.534594
0.490217
0.899703
-1.550173
0.456244
0.887078
0.000000
0.000000
0.000000
0.000000
0.000000
0.000000
0.000000
0.000000
0.000000
-1.474461
0.520708
0.644172
0.000000
0.000000
0.000000
0.000000
0.000000
0.000000
-1.399377
0.691291
0.811580
-1.457092
0.653591
0.830225
-0.955367
0.895371
0.624166
-1.142573
0.764081
0.635143
-0.938468
0.908327
0.624166
-1.121713
0.782925
0.633945
0.000000
0.000000
0.000000
0.000000
0.000000
0.000000
0.000000
0.000000
0.000000
-1.340692
0.779725
0.578440
0.000000
0.000000
0.000000
0.000000
0.000000
0.000000
-1.146305
0.808780
0.704653
-1.024170
1.044105
0.635676
0.000000
0.000000
0.000000
0.000000
0.000000
0.000000
-1.133025
0.990300
0.575880
-1.174710
0.990949
0.640921
0.000000
0.000000
0.000000
0.000000
0.000000
0.000000
0.000000
0.000000
0.000000
-1.135359
0.515078
0.812956
-1.311741
0.500470
0.963774
-1.395016
0.444180
0.890767
-1.320520
0.504636
0.963774
-1.393088
0.446690
0.890767
0.000000
0.000000
0.000000
0.000000
0.000000
0.000000
0.000000
0.000000
0.000000
-1.316637
0.978519
0.698838
-1.274205
0.632629
0.818167
-1.343522
0.605023
0.816581
-1.236358
0.626724
0.816827
-1.306207
0.585072
0.819572
0.000000
0.000000
0.000000
0.000000
0.000000
0.000000
-1.222923
1.244798
0.658921
-1.340164
0.891846
0.688806
0.000000
0.000000
0.000000
0.000000
0.000000
0.000000
-1.318508
0.692804
0.833115
-1.376881
0.588299
0.850629
0.000000
0.000000
0.000000
0.000000
0.000000
0.000000
-1.304392
0.647790
0.800761
-1.357230
0.650570
0.817488
0.000000
0.000000
0.000000
0.000000
0.000000
0.000000
-1.241245
0.563437
0.873843
-1.038479
0.796900
0.842695
0.000000
0.000000
0.000000
0.000000
0.000000
0.000000
0.000000
0.000000
0.000000
-1.426044
0.525631
0.770774
0.000000
0.000000
0.000000
0.000000
0.000000
0.000000
-1.360910
0.458616
0.868213
-1.505618
0.489654
0.871751
0.000000
0.000000
0.000000
0.000000
0.000000
0.000000
-1.249407
0.966545
0.686658
-1.337591
0.905546
0.732900
0.000000
0.000000
0.000000
0.000000
0.000000
0.000000
-1.537932
0.711053
0.808007
-1.569819
0.713326
0.807864
0.000000
0.000000
0.000000
0.000000
0.000000
0.000000
-1.251967
0.858397
0.620236
-1.352752
0.760493
0.741459
-1.324003
0.438495
0.907984
-1.338706
0.439427
0.859733
-1.301464
0.438232
0.907983
-1.333141
0.411219
0.860688
0.000000
0.000000
0.000000
0.000000
0.000000
0.000000
-1.226099
0.714291
0.787605
-1.275183
0.714529
0.788481
0.000000
0.000000
0.000000
0.000000
0.000000
0.000000
-1.395844
0.766526
0.765045
-1.381328
0.851400
0.783945
0.000000
0.000000
0.000000
0.000000
0.000000
0.000000
-1.230892
0.744381
0.769639
-1.207591
0.761293
0.766246
0.000000
0.000000
0.000000
0.000000
0.000000
0.000000
-1.328795
1.365278
0.647854
-1.391956
1.028151
0.589773
-1.102380
1.463659
0.779717
-1.189490
1.134172
0.610174
-1.089221
1.256552
0.785262
-1.120574
1.089540
0.625352
0.000000
0.000000
0.000000
0.000000
0.000000
0.000000
-1.247563
0.819106
0.812557
-1.316154
0.664748
0.738775
0.000000
0.000000
0.000000
0.000000
0.000000
0.000000
-1.262814
0.789035
0.767753
-1.251749
0.833142
0.692830
0.000000
0.000000
0.000000
0.000000
0.000000
0.000000
-1.317931
0.571422
0.685861
-1.207969
1.018564
0.853646
0.000000
0.000000
0.000000
0.000000
0.000000
0.000000
-1.490717
0.882840
0.728035
-1.530827
0.845019
0.763722
-1.198802
0.622903
0.823256
-1.254754
0.633943
0.781671
-1.188129
0.627436
0.823256
-1.273075
0.610522
0.770898
0.000000
0.000000
0.000000
0.000000
0.000000
0.000000
-1.173303
0.963082
0.745583
-1.255835
0.963731
0.763294
0.000000
0.000000
0.000000
0.000000
0.000000
0.000000
-1.170337
0.753813
0.896800
-1.234355
0.670113
0.843037
0.000000
0.000000
0.000000
0.000000
0.000000
0.000000
-1.430398
1.153240
0.675579
-1.441289
1.192527
0.626112
-1.327838
0.523058
0.863869
-1.389354
0.461700
0.864344
-1.273980
0.581445
0.860075
-1.266273
0.541821
0.844834
0.000000
0.000000
0.000000
0.000000
0.000000
0.000000
0.000000
0.000000
0.000000
-0.923000
1.560940
0.751039
0.000000
0.000000
0.000000
0.000000
0.000000
0.000000
-1.191170
0.797513
0.700156
-1.235877
0.674319
0.658332
0.000000
0.000000
0.000000
0.000000
0.000000
0.000000
-1.142482
0.622589
0.798774
-1.271504
0.595078
0.780013
0.000000
0.000000
0.000000
0.000000
0.000000
0.000000
-1.343508
0.547655
0.811003
-1.369097
0.560494
0.806827
-1.377074
0.579988
0.793718
-1.337059
0.466634
0.858067
-1.302227
0.631893
0.796052
-1.289003
0.491691
0.873109
-1.055090
1.022299
0.626538
-1.076680
1.205769
0.564024
-1.037231
1.025152
0.626368
-1.056672
1.209218
0.558695
0.000000
0.000000
0.000000
0.000000
0.000000
0.000000
-1.164451
0.772211
0.788378
-1.127225
0.872748
0.742956
0.000000
0.000000
0.000000
0.000000
0.000000
0.000000
-1.040531
0.850721
0.696028
-1.120018
0.873504
0.674253
0.000000
0.000000
0.000000
0.000000
0.000000
0.000000
-1.352251
0.622169
0.799210
-1.460580
0.548175
0.877129
0.000000
0.000000
0.000000
0.000000
0.000000
0.000000
-1.349909
1.164320
0.542337
-1.346948
1.211934
0.495258
0.000000
0.000000
0.000000
0.000000
0.000000
0.000000
0.000000
0.000000
0.000000
-1.128751
0.935468
0.692462
0.000000
0.000000
0.000000
0.000000
0.000000
0.000000
-1.232039
0.553543
0.823887
-1.234201
0.714745
0.852358
0.000000
0.000000
0.000000
0.000000
0.000000
0.000000
-1.166002
0.713897
0.750957
-1.171477
0.735185
0.741658
0.000000
0.000000
0.000000
0.000000
0.000000
0.000000
-1.181988
0.756064
0.728505
-1.207465
0.757751
0.737373
0.000000
0.000000
0.000000
0.000000
0.000000
0.000000
-1.243655
0.589857
0.862862
-1.338317
0.568830
0.836615
0.000000
0.000000
0.000000
0.000000
0.000000
0.000000
-1.105603
1.149214
0.445187
-1.165723
1.205053
0.453368
0.000000
0.000000
0.000000
-1.231333
0.351845
0.723060
0.000000
0.000000
0.000000
-1.268085
0.357849
0.723060
0.000000
0.000000
0.000000
0.000000
0.000000
0.000000
-1.401333
0.709265
0.788698
-1.422341
0.755464
0.779639
0.000000
0.000000
0.000000
0.000000
0.000000
0.000000
0.000000
0.000000
0.000000
-1.162592
0.388381
0.837266
0.000000
0.000000
0.000000
0.000000
0.000000
0.000000
-1.114665
0.769308
0.897059
-1.155025
1.143796
0.827334
0.000000
0.000000
0.000000
0.000000
0.000000
0.000000
0.000000
0.000000
0.000000
-1.366824
0.538106
0.652243
0.000000
0.000000
0.000000
0.000000
0.000000
0.000000
-1.327300
0.447269
0.706220
-1.118857
0.641450
0.789774
0.000000
0.000000
0.000000
0.000000
0.000000
0.000000
-1.298474
0.818910
0.772776
-1.321601
0.810633
0.723222
0.000000
0.000000
0.000000
-0.994198
1.072681
0.630601
0.000000
0.000000
0.000000
-0.969031
1.083269
0.630601
0.000000
0.000000
0.000000
0.000000
0.000000
0.000000
0.000000
0.000000
0.000000
-1.331314
0.453784
0.765496
0.000000
0.000000
0.000000
0.000000
0.000000
0.000000
-1.160066
0.662075
0.781288
-1.182690
0.695241
0.789656
0.000000
0.000000
0.000000
0.000000
0.000000
0.000000
-1.047842
0.732922
0.712272
-1.057741
0.889316
0.592536
0.000000
0.000000
0.000000
0.000000
0.000000
0.000000
-1.193870
0.823752
0.646150
-1.150419
0.771492
0.684181
0.000000
0.000000
0.000000
0.000000
0.000000
0.000000
-1.656435
0.344839
0.887552
-1.680715
0.328610
0.896247
0.000000
0.000000
0.000000
0.000000
0.000000
0.000000
-1.087914
0.907737
0.752765
-1.273245
0.646960
0.703521
0.000000
0.000000
0.000000
0.000000
0.000000
0.000000
0.000000
0.000000
0.000000
-0.763250
1.356037
0.685052
0.000000
0.000000
0.000000
-0.996350
0.557937
0.638869
0.000000
0.000000
0.000000
-0.999793
0.568290
0.638869
0.000000
0.000000
0.000000
0.000000
0.000000
0.000000
-1.315892
0.675251
0.728054
-1.309737
0.612012
0.786337
0.000000
0.000000
0.000000
0.000000
0.000000
0.000000
-1.019916
0.913927
0.669154
-1.081393
0.796066
0.712008
0.000000
0.000000
0.000000
0.000000
0.000000
0.000000
-1.140463
0.975030
0.661319
-1.173546
0.982020
0.661188
0.000000
0.000000
0.000000
0.000000
0.000000
0.000000
0.000000
0.000000
0.000000
-1.314532
1.532036
0.724498
0.000000
0.000000
0.000000
0.000000
0.000000
0.000000
-1.165897
0.894145
0.611622
-1.209291
0.794223
0.632261
0.000000
0.000000
0.000000
0.000000
0.000000
0.000000
-1.064820
0.981833
0.632979
-1.096984
0.891599
0.576347
-1.074464
0.719071
0.584364
-0.947674
1.094477
0.544459
-1.000019
0.748604
0.584364
-0.925438
0.927670
0.566787
0.000000
0.000000
0.000000
0.000000
0.000000
0.000000
-1.079744
0.967824
0.662717
-1.162275
0.951394
0.684258
0.000000
0.000000
0.000000
0.000000
0.000000
0.000000
-1.198663
0.733250
0.742382
-1.231427
0.765529
0.738902
0.000000
0.000000
0.000000
-1.186700
0.575485
0.689480
0.000000
0.000000
0.000000
-1.184084
0.576086
0.689480
0.000000
0.000000
0.000000
0.000000
0.000000
0.000000
-1.277915
0.985187
0.852476
-1.420156
0.661066
0.841415
0.000000
0.000000
0.000000
0.000000
0.000000
0.000000
-1.041076
0.704123
0.782364
-1.083184
0.860823
0.754463
0.000000
0.000000
0.000000
0.000000
0.000000
0.000000
-1.212444
0.964410
0.676305
-1.245651
1.052861
0.609197
0.000000
0.000000
0.000000
0.000000
0.000000
0.000000
-1.463950
0.322970
0.749418
-1.411215
0.452087
0.855447
0.000000
0.000000
0.000000
0.000000
0.000000
0.000000
0.000000
0.000000
0.000000
-1.356691
0.511468
0.783514
0.000000
0.000000
0.000000
0.000000
0.000000
0.000000
0.000000
0.000000
0.000000
-1.107643
0.941951
0.729052
0.000000
0.000000
0.000000
0.000000
0.000000
0.000000
0.000000
0.000000
0.000000
-1.210189
0.487839
0.662492
0.000000
0.000000
0.000000
0.000000
0.000000
0.000000
-1.142687
0.684817
0.788163
-1.160214
0.795415
0.818585
0.000000
0.000000
0.000000
0.000000
0.000000
0.000000
-1.195487
0.940297
0.616919
-1.255985
0.789253
0.574965
0.000000
0.000000
0.000000
0.000000
0.000000
0.000000
-1.118679
0.773227
0.942598
-1.167242
0.874256
0.878309
0.000000
0.000000
0.000000
0.000000
0.000000
0.000000
-1.229947
0.955466
0.717170
-1.272449
0.938763
0.658714
0.000000
0.000000
0.000000
0.000000
0.000000
0.000000
-1.604387
0.432449
0.877688
-1.619956
0.426834
0.879767
0.000000
0.000000
0.000000
0.000000
0.000000
0.000000
-1.332855
1.171253
0.742477
-1.350908
0.868171
0.838898
0.000000
0.000000
0.000000
0.000000
0.000000
0.000000
-1.332636
0.444439
1.271061
-1.287200
0.356101
1.021410
0.000000
0.000000
0.000000
0.000000
0.000000
0.000000
-1.155615
0.665545
0.875438
-1.345674
0.584176
0.842411
0.000000
0.000000
0.000000
0.000000
0.000000
0.000000
-1.276104
1.048406
0.661560
-1.393290
0.867637
0.745839
0.000000
0.000000
0.000000
0.000000
0.000000
0.000000
-1.417537
0.650150
0.824609
-1.504184
0.546210
0.838126
0.000000
0.000000
0.000000
0.000000
0.000000
0.000000
-1.112965
0.701449
0.792297
-1.056304
0.754356
0.850560
0.000000
0.000000
0.000000
0.000000
0.000000
0.000000
-1.164198
0.856027
0.768007
-1.140133
1.042942
0.736079
0.000000
0.000000
0.000000
0.000000
0.000000
0.000000
-1.283083
0.577316
0.797082
-1.231354
0.703588
0.845625
0.000000
0.000000
0.000000
0.000000
0.000000
0.000000
-1.365350
0.361107
0.746975
-1.595278
0.267198
0.945340
0.000000
0.000000
0.000000
0.000000
0.000000
0.000000
-1.227690
0.624044
0.820673
-1.224675
0.683901
0.808340
0.000000
0.000000
0.000000
0.000000
0.000000
0.000000
-1.468772
0.549124
0.832972
-1.506058
0.531143
0.844705
0.000000
0.000000
0.000000
0.000000
0.000000
0.000000
0.000000
0.000000
0.000000
-0.854705
0.830189
0.742248
0.000000
0.000000
0.000000
0.000000
0.000000
0.000000
-1.329132
0.538303
0.881033
-1.378537
0.497944
0.823849
0.000000
0.000000
0.000000
0.000000
0.000000
0.000000
-1.494434
0.557007
0.833305
-1.512899
0.587377
0.838640
0.000000
0.000000
0.000000
0.000000
0.000000
0.000000
0.000000
0.000000
0.000000
-1.327405
0.522300
0.888376
0.000000
0.000000
0.000000
0.000000
0.000000
0.000000
-1.347891
0.665226
0.812904
-1.341407
0.815088
0.756924
0.000000
0.000000
0.000000
0.000000
0.000000
0.000000
-1.388287
0.649448
0.822624
-1.414869
0.657647
0.821125
0.000000
0.000000
0.000000
0.000000
0.000000
0.000000
-1.199277
0.960964
0.719581
-1.232324
1.110712
0.644949
0.000000
0.000000
0.000000
0.000000
0.000000
0.000000
-1.419926
0.463979
0.974150
-1.571324
0.424778
0.939544
0.000000
0.000000
0.000000
0.000000
0.000000
0.000000
-1.375721
0.623428
0.829513
-1.445676
0.591812
0.864948
0.000000
0.000000
0.000000
0.000000
0.000000
0.000000
0.000000
0.000000
0.000000
-1.088036
1.011920
0.881889
0.000000
0.000000
0.000000
0.000000
0.000000
0.000000
-1.404881
0.723710
0.799763
-1.442348
0.711964
0.816740
0.000000
0.000000
0.000000
0.000000
0.000000
0.000000
0.000000
0.000000
0.000000
-1.379879
0.759984
0.700696
0.000000
0.000000
0.000000
0.000000
0.000000
0.000000
-1.281919
0.692810
0.791787
-1.312731
0.809336
0.768605
0.000000
0.000000
0.000000
0.000000
0.000000
0.000000
0.000000
0.000000
0.000000
-1.125097
0.667683
0.620352
0.000000
0.000000
0.000000
0.000000
0.000000
0.000000
-1.342425
0.858994
0.839514
-1.385824
0.900822
0.779112
0.000000
0.000000
0.000000
0.000000
0.000000
0.000000
0.000000
0.000000
0.000000
-1.354234
0.571750
0.693073
0.000000
0.000000
0.000000
0.000000
0.000000
0.000000
-1.279636
0.710881
0.834972
-1.301658
0.791782
0.805941
0.000000
0.000000
0.000000
0.000000
0.000000
0.000000
-1.066586
0.724994
0.821968
-1.257841
0.641506
0.816792
0.000000
0.000000
0.000000
0.000000
0.000000
0.000000
-1.642370
0.265545
0.890396
-1.632763
0.255931
0.893922
0.000000
0.000000
0.000000
0.000000
0.000000
0.000000
0.000000
0.000000
0.000000
-0.934801
1.634775
0.800208
0.000000
0.000000
0.000000
-1.397836
0.664019
0.796439
0.000000
0.000000
0.000000
-1.381678
0.672094
0.796439
0.000000
0.000000
0.000000
0.000000
0.000000
0.000000
-1.324132
1.054137
0.649764
-1.337169
1.033299
0.568781
0.000000
0.000000
0.000000
0.000000
0.000000
0.000000
-1.201007
1.196319
0.667995
-1.242730
1.059593
0.610477
0.000000
0.000000
0.000000
0.000000
0.000000
0.000000
-1.300594
0.469557
0.876012
-1.335999
0.433086
0.869979
-1.286981
0.610154
0.692422
-1.198523
0.670346
0.760412
-1.280977
0.611739
0.692422
-1.181297
0.667891
0.760412
0.000000
0.000000
0.000000
0.000000
0.000000
0.000000
-1.563269
0.502072
0.863736
-1.590992
0.499426
0.865641
0.000000
0.000000
0.000000
0.000000
0.000000
0.000000
0.000000
0.000000
0.000000
-1.229039
0.648511
0.803775
0.000000
0.000000
0.000000
-1.188988
1.002699
0.674225
0.000000
0.000000
0.000000
-1.289961
0.848049
0.682906
0.000000
0.000000
0.000000
0.000000
0.000000
0.000000
-1.313785
0.914017
0.768247
-1.368148
0.833270
0.743842
0.000000
0.000000
0.000000
0.000000
0.000000
0.000000
-1.264785
0.726780
0.758752
-1.348884
0.605325
0.774211
0.000000
0.000000
0.000000
0.000000
0.000000
0.000000
-1.007982
1.402999
0.567765
-1.059557
1.092637
0.549411
0.000000
0.000000
0.000000
0.000000
0.000000
0.000000
-1.139352
0.892203
0.670219
-1.245463
0.780921
0.597242
0.000000
0.000000
0.000000
0.000000
0.000000
0.000000
-1.068331
1.160537
0.704745
-1.184770
0.897960
0.745446
0.000000
0.000000
0.000000
0.000000
0.000000
0.000000
0.000000
0.000000
0.000000
-1.090756
0.671752
0.695652
0.000000
0.000000
0.000000
0.000000
0.000000
0.000000
0.000000
0.000000
0.000000
-1.381926
0.563406
0.848581
-1.135679
0.893851
0.723069
-1.201789
0.716238
0.855293
-1.097525
0.994480
0.695907
-1.124882
0.992315
0.753359
0.000000
0.000000
0.000000
0.000000
0.000000
0.000000
-1.273329
0.985813
0.659167
-1.283708
1.077317
0.583246
0.000000
0.000000
0.000000
0.000000
0.000000
0.000000
-1.213049
0.500209
0.825061
-1.228656
0.471668
0.818889
0.000000
0.000000
0.000000
0.000000
0.000000
0.000000
-1.450813
1.323495
0.540963
-1.471479
1.400742
0.375756
0.000000
0.000000
0.000000
0.000000
0.000000
0.000000
-0.996263
1.215815
0.790148
-1.016236
1.036326
0.667805
0.000000
0.000000
0.000000
0.000000
0.000000
0.000000
-1.231065
0.762434
0.762164
-1.289188
0.731638
0.789356
0.000000
0.000000
0.000000
0.000000
0.000000
0.000000
-0.912294
1.461669
0.717858
-1.122370
1.005589
0.529659
0.000000
0.000000
0.000000
0.000000
0.000000
0.000000
0.000000
0.000000
0.000000
-1.386747
0.537664
0.706147
-1.235083
1.204592
0.632963
-1.280234
1.101961
0.620860
-1.257270
0.974414
0.694271
-1.264858
0.963952
0.692353
0.000000
0.000000
0.000000
0.000000
0.000000
0.000000
0.000000
0.000000
0.000000
-1.271784
0.813366
0.739689
0.000000
0.000000
0.000000
0.000000
0.000000
0.000000
-1.445632
0.434153
0.896728
-1.678436
0.596053
0.877096
0.000000
0.000000
0.000000
0.000000
0.000000
0.000000
-1.182647
0.715223
0.697860
-1.176002
0.854729
0.691730
0.000000
0.000000
0.000000
0.000000
0.000000
0.000000
-1.205482
0.534326
0.772048
-1.116321
0.784411
0.740089
0.000000
0.000000
0.000000
0.000000
0.000000
0.000000
-1.257067
0.682413
0.799514
-1.242658
0.771332
0.695133
0.000000
0.000000
0.000000
0.000000
0.000000
0.000000
-1.284480
0.910907
0.721094
-1.312497
0.888168
0.740830
-1.456034
0.776299
0.801800
-1.455761
0.741596
0.800938
-1.454162
0.779102
0.801825
-1.445872
0.729586
0.803472
0.000000
0.000000
0.000000
0.000000
0.000000
0.000000
-1.139259
0.836651
0.687944
-1.177050
0.973147
0.660298
0.000000
0.000000
0.000000
0.000000
0.000000
0.000000
-1.282143
0.882836
0.880739
-1.495528
0.593820
0.846616
0.000000
0.000000
0.000000
0.000000
0.000000
0.000000
-1.526340
0.821351
0.780116
-1.573440
0.816471
0.735134
0.000000
0.000000
0.000000
0.000000
0.000000
0.000000
0.000000
0.000000
0.000000
-1.334272
0.786407
0.698575
0.000000
0.000000
0.000000
0.000000
0.000000
0.000000
0.000000
0.000000
0.000000
-1.110223
0.730897
0.728164
0.000000
0.000000
0.000000
0.000000
0.000000
0.000000
-0.909836
1.426468
0.678083
-1.028792
1.037163
0.697808
0.000000
0.000000
0.000000
0.000000
0.000000
0.000000
-1.389397
0.544596
0.856999
-1.428703
0.512999
0.850066
0.000000
0.000000
0.000000
0.000000
0.000000
0.000000
-1.208270
0.752631
0.674726
-1.275765
0.703076
0.795561
0.000000
0.000000
0.000000
0.000000
0.000000
0.000000
-1.286212
0.418747
1.064524
-1.337684
0.323843
0.882962
-1.141600
0.520864
0.839244
-1.129613
0.542224
0.837467
-1.122071
0.544148
0.829764
-1.110137
0.565993
0.830887
0.000000
0.000000
0.000000
0.000000
0.000000
0.000000
-1.442340
0.700342
0.865561
-1.549139
0.655400
0.849024
0.000000
0.000000
0.000000
0.000000
0.000000
0.000000
-1.025071
0.862504
0.664278
-1.050745
0.925039
0.673033
0.000000
0.000000
0.000000
0.000000
0.000000
0.000000
0.000000
0.000000
0.000000
-1.285650
0.486619
0.591092
0.000000
0.000000
0.000000
0.000000
0.000000
0.000000
-1.156382
1.172300
0.639419
-1.181531
1.194789
0.582871
0.000000
0.000000
0.000000
0.000000
0.000000
0.000000
-1.253457
0.777293
0.774135
-1.278293
0.666194
0.776312
0.000000
0.000000
0.000000
0.000000
0.000000
0.000000
-1.551927
0.464454
0.871741
-1.544454
0.507799
0.871855
0.000000
0.000000
0.000000
0.000000
0.000000
0.000000
-1.264892
0.580859
0.934554
-1.281081
0.511566
0.876271
0.000000
0.000000
0.000000
0.000000
0.000000
0.000000
-1.250628
0.683826
0.770975
-1.260853
0.845363
0.695618
-1.332027
0.758771
0.799986
-1.269350
0.880139
0.775540
-1.363886
0.764675
0.799986
-1.283494
0.901127
0.775540
0.000000
0.000000
0.000000
0.000000
0.000000
0.000000
-1.105268
0.624358
0.844906
-1.290555
0.520789
0.914718
-1.304411
0.740063
0.780575
-1.332350
0.783788
0.790277
-1.147947
0.836697
0.694363
-1.214805
0.852242
0.744911
0.000000
0.000000
0.000000
0.000000
0.000000
0.000000
-1.337521
0.803022
0.790205
-1.312767
0.882222
0.750417
0.000000
0.000000
0.000000
0.000000
0.000000
0.000000
0.000000
0.000000
0.000000
-1.209026
0.615946
0.704524
0.000000
0.000000
0.000000
0.000000
0.000000
0.000000
-1.151941
0.687053
0.852241
-1.049384
0.739542
0.841236
0.000000
0.000000
0.000000
0.000000
0.000000
0.000000
0.000000
0.000000
0.000000
-1.151331
1.301796
0.646947
0.000000
0.000000
0.000000
0.000000
0.000000
0.000000
-1.199026
0.834011
0.744078
-1.117196
1.390116
0.665693
0.000000
0.000000
0.000000
0.000000
0.000000
0.000000
-1.393337
0.935006
0.728321
-1.439223
0.827139
0.752893
0.000000
0.000000
0.000000
0.000000
0.000000
0.000000
-1.326886
0.567842
0.795193
-1.356462
0.590633
0.843104
0.000000
0.000000
0.000000
0.000000
0.000000
0.000000
-1.076951
0.988312
0.661179
-1.147947
0.825947
0.638952
0.000000
0.000000
0.000000
0.000000
0.000000
0.000000
-1.227833
0.753645
0.697894
-1.296402
0.600321
0.867949
0.000000
0.000000
0.000000
0.000000
0.000000
0.000000
-1.534070
0.664354
1.008152
-1.560177
0.588069
0.874851
0.000000
0.000000
0.000000
0.000000
0.000000
0.000000
-1.386035
0.579263
0.803511
-1.412173
0.545473
0.822301
0.000000
0.000000
0.000000
0.000000
0.000000
0.000000
-1.213692
0.605399
0.730751
-1.192609
0.926144
0.739223
0.000000
0.000000
0.000000
0.000000
0.000000
0.000000
-1.339975
0.953786
0.546411
-1.297261
1.206626
0.614731
0.000000
0.000000
0.000000
0.000000
0.000000
0.000000
-1.313418
0.917603
0.744272
-1.398340
0.855003
0.769835
0.000000
0.000000
0.000000
0.000000
0.000000
0.000000
-1.270929
0.596081
0.826354
-1.351159
0.555681
0.834312
0.000000
0.000000
0.000000
0.000000
0.000000
0.000000
-1.378206
0.739717
0.789803
-1.397238
0.743958
0.788540
0.000000
0.000000
0.000000
0.000000
0.000000
0.000000
-1.166826
0.619827
0.824532
-1.170122
0.591612
0.821378
0.000000
0.000000
0.000000
0.000000
0.000000
0.000000
-1.365764
1.007986
0.664000
-1.399320
1.007712
0.672877
0.000000
0.000000
0.000000
0.000000
0.000000
0.000000
-1.270240
0.572524
0.864632
-1.359814
0.497859
0.822981
0.000000
0.000000
0.000000
0.000000
0.000000
0.000000
0.000000
0.000000
0.000000
-1.089548
0.920464
0.801923
0.000000
0.000000
0.000000
0.000000
0.000000
0.000000
0.000000
0.000000
0.000000
-1.266300
0.831182
0.662543
0.000000
0.000000
0.000000
0.000000
0.000000
0.000000
-1.427712
0.733463
0.869904
-1.373410
0.768958
0.778737
0.000000
0.000000
0.000000
0.000000
0.000000
0.000000
-0.965348
2.144505
0.684428
-1.257791
1.125679
0.415545
0.000000
0.000000
0.000000
0.000000
0.000000
0.000000
-1.568159
1.020379
0.695992
-1.592791
1.019590
0.700385
0.000000
0.000000
0.000000
0.000000
0.000000
0.000000
-1.076857
1.044203
0.990986
-1.024634
1.261037
0.854438
0.000000
0.000000
0.000000
0.000000
0.000000
0.000000
-1.181983
0.635863
0.611120
-1.155039
0.598195
0.861948
0.000000
0.000000
0.000000
0.000000
0.000000
0.000000
-1.495359
0.427368
0.873697
-1.517617
0.442892
0.871741
0.000000
0.000000
0.000000
0.000000
0.000000
0.000000
0.000000
0.000000
0.000000
-1.241050
0.769533
0.710643
0.000000
0.000000
0.000000
0.000000
0.000000
0.000000
-1.426472
0.964341
0.726817
-1.467793
0.937297
0.728920
0.000000
0.000000
0.000000
0.000000
0.000000
0.000000
-1.299002
0.788128
0.780917
-1.342875
0.760363
0.795573
0.000000
0.000000
0.000000
0.000000
0.000000
0.000000
-1.395407
0.458504
0.747545
-1.365076
0.496865
0.857096
0.000000
0.000000
0.000000
0.000000
0.000000
0.000000
-1.395264
0.854355
0.757606
-1.417474
0.872652
0.749764
0.000000
0.000000
0.000000
0.000000
0.000000
0.000000
-1.275912
0.829292
0.811531
-1.322904
0.773121
0.829066
0.000000
0.000000
0.000000
0.000000
0.000000
0.000000
-1.592804
0.828535
0.777569
-1.615957
0.830666
0.779952
0.000000
0.000000
0.000000
0.000000
0.000000
0.000000
-1.099497
0.994145
0.758276
-1.213114
0.931404
0.725272
0.000000
0.000000
0.000000
0.000000
0.000000
0.000000
-1.154291
0.957811
0.651210
-1.102706
1.173041
0.707857
0.000000
0.000000
0.000000
0.000000
0.000000
0.000000
-1.242108
1.465603
0.693204
-1.305002
1.131434
0.551392
0.000000
0.000000
0.000000
0.000000
0.000000
0.000000
-1.124760
0.969874
0.857287
-1.093640
1.005200
0.755261
0.000000
0.000000
0.000000
0.000000
0.000000
0.000000
-0.990383
1.207819
0.381230
-1.090599
1.285117
0.368403
0.000000
0.000000
0.000000
0.000000
0.000000
0.000000
-1.044889
1.043562
0.737518
-1.019074
1.307137
0.699965
0.000000
0.000000
0.000000
0.000000
0.000000
0.000000
-1.245088
0.428485
0.821638
-1.176441
0.451930
0.820523
0.000000
0.000000
0.000000
0.000000
0.000000
0.000000
0.000000
0.000000
0.000000
-1.638425
0.496454
0.835234
0.000000
0.000000
0.000000
0.000000
0.000000
0.000000
-1.418521
0.517142
0.864042
-1.450416
0.517116
0.854528
0.000000
0.000000
0.000000
0.000000
0.000000
0.000000
-1.084270
0.946917
0.652925
-1.208085
0.969393
0.604803
0.000000
0.000000
0.000000
0.000000
0.000000
0.000000
-1.366810
0.697815
0.820496
-1.422919
0.679642
0.815507
0.000000
0.000000
0.000000
0.000000
0.000000
0.000000
-1.631014
0.457242
0.880376
-1.635217
0.485057
0.876685
0.000000
0.000000
0.000000
0.000000
0.000000
0.000000
-1.214781
0.461171
0.717977
-1.143133
0.484114
0.843805
0.000000
0.000000
0.000000
0.000000
0.000000
0.000000
-0.956398
0.846745
0.656053
-1.094185
0.869349
0.748091
0.000000
0.000000
0.000000
0.000000
0.000000
0.000000
-1.389828
0.707343
0.694994
-1.471105
0.692366
0.816746
0.000000
0.000000
0.000000
0.000000
0.000000
0.000000
-1.326105
0.678564
0.673619
-1.272558
0.819130
0.687954
0.000000
0.000000
0.000000
0.000000
0.000000
0.000000
-1.078252
0.619197
0.790276
-1.079008
0.634983
0.794643
0.000000
0.000000
0.000000
0.000000
0.000000
0.000000
-1.110780
1.000994
0.601585
-1.153002
1.188142
0.617836
-1.622404
0.363045
0.884785
-1.607335
0.397766
0.888072
-1.564528
0.341668
0.881365
-1.538136
0.380507
0.891796
0.000000
0.000000
0.000000
0.000000
0.000000
0.000000
-1.255416
1.167947
0.653509
-1.302043
1.127341
0.648438
-1.209961
0.551495
0.792428
-1.129838
0.894404
0.802995
-1.201546
0.562975
0.792428
-1.066322
0.995565
0.770184
0.000000
0.000000
0.000000
0.000000
0.000000
0.000000
-1.160101
0.981960
0.793440
-1.309893
0.736337
0.604756
-1.269412
0.916886
0.796176
-1.319639
0.848265
0.755439
-1.267873
1.112108
0.747434
-1.334136
1.041377
0.699656
0.000000
0.000000
0.000000
0.000000
0.000000
0.000000
-1.262260
0.661647
0.757698
-1.313722
0.642651
0.784130
0.000000
0.000000
0.000000
0.000000
0.000000
0.000000
-1.661218
0.414608
0.882968
-1.650987
0.438932
0.875154
0.000000
0.000000
0.000000
0.000000
0.000000
0.000000
0.000000
0.000000
0.000000
-1.152391
0.582625
0.772513
0.000000
0.000000
0.000000
0.000000
0.000000
0.000000
-1.220499
0.776258
0.739383
-1.136637
0.900957
0.773921
0.000000
0.000000
0.000000
0.000000
0.000000
0.000000
-1.269417
0.665720
0.778038
-1.348099
0.526681
0.936218
0.000000
0.000000
0.000000
0.000000
0.000000
0.000000
0.000000
0.000000
0.000000
-0.941517
0.740732
0.722529
0.000000
0.000000
0.000000
0.000000
0.000000
0.000000
0.000000
0.000000
0.000000
-1.143352
1.179545
0.669792
0.000000
0.000000
0.000000
0.000000
0.000000
0.000000
0.000000
0.000000
0.000000
-1.078458
0.579885
0.850996
0.000000
0.000000
0.000000
0.000000
0.000000
0.000000
-1.494086
0.600944
0.835765
-1.505938
0.612028
0.837580
-1.363556
0.618248
0.847998
-1.390101
0.515846
0.843628
-1.333959
0.624330
0.847998
-1.373714
0.508681
0.843498
0.000000
0.000000
0.000000
0.000000
0.000000
0.000000
-1.369380
0.909728
0.846210
-1.453058
0.717520
0.796693
0.000000
0.000000
0.000000
0.000000
0.000000
0.000000
-1.413749
0.487209
0.883856
-1.404727
0.483502
0.883703
0.000000
0.000000
0.000000
0.000000
0.000000
0.000000
-1.190191
0.676041
0.918642
-1.265079
0.560694
0.853807
0.000000
0.000000
0.000000
0.000000
0.000000
0.000000
-1.011765
1.331394
0.712441
-1.092500
1.450795
0.586343
0.000000
0.000000
0.000000
-1.341586
0.726153
0.779514
0.000000
0.000000
0.000000
-1.369109
0.740914
0.779294
0.000000
0.000000
0.000000
0.000000
0.000000
0.000000
-1.251431
0.823504
0.727182
-1.281590
0.844895
0.773124
-1.297088
1.235618
0.610874
-1.352843
1.177105
0.587182
-1.229389
1.232473
0.601525
-1.284689
1.169921
0.572730
0.000000
0.000000
0.000000
0.000000
0.000000
0.000000
-1.269450
0.609629
0.849024
-1.419615
0.545578
0.816471
0.000000
0.000000
0.000000
0.000000
0.000000
0.000000
0.000000
0.000000
0.000000
-1.436081
0.614402
0.859271
0.000000
0.000000
0.000000
0.000000
0.000000
0.000000
0.000000
0.000000
0.000000
-1.206696
0.525797
0.769762
0.000000
0.000000
0.000000
0.000000
0.000000
0.000000
-1.257927
0.780749
0.753236
-1.283998
0.802812
0.740051
0.000000
0.000000
0.000000
0.000000
0.000000
0.000000
0.000000
0.000000
0.000000
-1.174685
0.899031
0.958407
0.000000
0.000000
0.000000
0.000000
0.000000
0.000000
-1.378377
0.401894
0.851826
-1.408858
0.378113
0.866409
0.000000
0.000000
0.000000
0.000000
0.000000
0.000000
-1.703640
0.565633
0.864812
-1.726622
0.560523
0.861770
0.000000
0.000000
0.000000
0.000000
0.000000
0.000000
-1.358500
0.680253
0.824668
-1.421633
0.602064
0.842286
0.000000
0.000000
0.000000
0.000000
0.000000
0.000000
-1.385847
0.648978
0.856421
-1.410427
0.823106
0.843785
0.000000
0.000000
0.000000
0.000000
0.000000
0.000000
-1.373771
0.525312
0.847002
-1.395075
0.523435
0.851774
0.000000
0.000000
0.000000
0.000000
0.000000
0.000000
0.000000
0.000000
0.000000
-1.109056
0.732511
0.795239
0.000000
0.000000
0.000000
0.000000
0.000000
0.000000
-1.443127
1.105652
0.756131
-1.526533
1.043080
0.752939
0.000000
0.000000
0.000000
0.000000
0.000000
0.000000
-1.424777
0.869380
1.077989
-1.513570
0.735929
0.930623
0.000000
0.000000
0.000000
0.000000
0.000000
0.000000
-0.875364
1.221702
0.723574
-1.010027
1.064869
0.720342
0.000000
0.000000
0.000000
0.000000
0.000000
0.000000
-1.404849
0.864472
0.796047
-1.539544
0.755366
0.804067
0.000000
0.000000
0.000000
0.000000
0.000000
0.000000
-1.168753
0.921030
0.733410
-1.182838
0.950685
0.649173
0.000000
0.000000
0.000000
0.000000
0.000000
0.000000
0.000000
0.000000
0.000000
-1.208002
0.683987
0.870683
0.000000
0.000000
0.000000
0.000000
0.000000
0.000000
-1.325626
0.516127
0.858280
-1.379607
0.466971
0.858256
-1.366610
0.426961
0.870536
-1.387327
0.392193
0.890253
-1.382881
0.397787
0.894524
-1.399566
0.372658
0.888530
0.000000
0.000000
0.000000
0.000000
0.000000
0.000000
-1.452103
0.623619
0.829901
-1.494987
0.594934
0.840598
0.000000
0.000000
0.000000
0.000000
0.000000
0.000000
-1.409433
0.766970
0.828900
-1.489790
0.666525
0.809382
0.000000
0.000000
0.000000
0.000000
0.000000
0.000000
-1.667474
0.517856
0.864704
-1.690168
0.520276
0.865237
0.000000
0.000000
0.000000
0.000000
0.000000
0.000000
-1.523460
0.372730
0.940569
-1.671519
0.396803
0.901021
0.000000
0.000000
0.000000
0.000000
0.000000
0.000000
-1.320765
0.940441
0.644782
-1.343797
0.909681
0.706664
0.000000
0.000000
0.000000
0.000000
0.000000
0.000000
0.000000
0.000000
0.000000
-1.469354
0.806885
0.678065
0.000000
0.000000
0.000000
0.000000
0.000000
0.000000
-1.488666
1.196040
0.601696
-1.500169
1.246091
0.621581
0.000000
0.000000
0.000000
0.000000
0.000000
0.000000
0.000000
0.000000
0.000000
-1.238839
0.660109
0.752035
0.000000
0.000000
0.000000
0.000000
0.000000
0.000000
-1.206011
0.867987
0.668020
-1.193850
1.036200
0.690807
0.000000
0.000000
0.000000
0.000000
0.000000
0.000000
-1.159512
0.552616
0.753232
-1.180962
0.533465
0.802270
0.000000
0.000000
0.000000
0.000000
0.000000
0.000000
0.000000
0.000000
0.000000
-1.295185
0.520349
0.651943
0.000000
0.000000
0.000000
0.000000
0.000000
0.000000
-1.414649
0.414444
0.858816
-1.417308
0.419019
0.867037
0.000000
0.000000
0.000000
0.000000
0.000000
0.000000
-1.116816
0.629536
0.687884
-1.186557
0.566397
0.753543
0.000000
0.000000
0.000000
0.000000
0.000000
0.000000
0.000000
0.000000
0.000000
-1.208450
0.617647
0.654700
0.000000
0.000000
0.000000
0.000000
0.000000
0.000000
-1.397982
0.928500
0.702726
-1.430728
0.933259
0.709648
0.000000
0.000000
0.000000
0.000000
0.000000
0.000000
-1.617704
0.651165
0.832334
-1.638998
0.652825
0.834037
0.000000
0.000000
0.000000
0.000000
0.000000
0.000000
-1.249480
0.814643
0.771209
-1.354065
0.733576
0.824184
0.000000
0.000000
0.000000
0.000000
0.000000
0.000000
-0.845151
1.398246
0.583489
-1.016344
0.964381
0.561669
0.000000
0.000000
0.000000
0.000000
0.000000
0.000000
-1.363633
0.461713
0.917362
-1.338051
0.542116
0.840310
0.000000
0.000000
0.000000
0.000000
0.000000
0.000000
-1.456611
0.524671
0.808602
-1.321582
0.791797
0.816715
0.000000
0.000000
0.000000
0.000000
0.000000
0.000000
-1.148576
0.686203
0.724640
-1.198268
0.643643
0.775335
0.000000
0.000000
0.000000
0.000000
0.000000
0.000000
-1.366517
1.119829
0.727337
-1.425882
1.017252
0.653455
0.000000
0.000000
0.000000
0.000000
0.000000
0.000000
-1.301724
0.840204
0.754295
-1.348142
0.887503
0.740377
0.000000
0.000000
0.000000
0.000000
0.000000
0.000000
-1.268347
0.839628
0.765523
-1.379610
0.633584
0.783313
0.000000
0.000000
0.000000
0.000000
0.000000
0.000000
0.000000
0.000000
0.000000
-1.035502
1.357345
0.819975
-1.157783
0.720148
0.677390
-1.164996
0.767747
0.672061
-1.087988
0.764329
0.678417
-1.136950
0.720886
0.693046
0.000000
0.000000
0.000000
0.000000
0.000000
0.000000
0.000000
0.000000
0.000000
-1.038306
0.764472
0.647670
0.000000
0.000000
0.000000
0.000000
0.000000
0.000000
-1.347354
0.727205
0.730906
-1.382980
0.747958
0.786679
0.000000
0.000000
0.000000
0.000000
0.000000
0.000000
-1.020911
1.346923
0.652011
-1.153514
1.063607
0.604422
0.000000
0.000000
0.000000
0.000000
0.000000
0.000000
-1.038304
0.561875
0.732980
-1.061765
0.589171
0.757522
0.000000
0.000000
0.000000
0.000000
0.000000
0.000000
-1.458112
0.419810
0.899773
-1.659579
0.441059
0.942822
0.000000
0.000000
0.000000
0.000000
0.000000
0.000000
0.000000
0.000000
0.000000
-1.264982
0.848234
0.729209
0.000000
0.000000
0.000000
0.000000
0.000000
0.000000
-1.214473
0.752467
0.782051
-1.285608
0.707126
0.785068
0.000000
0.000000
0.000000
0.000000
0.000000
0.000000
-1.040592
0.759311
0.566025
-1.089449
0.717355
0.718822
0.000000
0.000000
0.000000
0.000000
0.000000
0.000000
-1.261136
0.994372
0.693193
-1.342637
0.905717
0.706689
0.000000
0.000000
0.000000
0.000000
0.000000
0.000000
0.000000
0.000000
0.000000
-1.255981
0.605302
0.810248
0.000000
0.000000
0.000000
0.000000
0.000000
0.000000
-1.356812
0.675938
0.712615
-1.316192
0.774213
0.697097
0.000000
0.000000
0.000000
-1.249008
0.506384
0.724223
0.000000
0.000000
0.000000
-1.232034
0.511957
0.724223
0.000000
0.000000
0.000000
0.000000
0.000000
0.000000
-1.380485
0.729386
0.784914
-1.397197
0.707114
0.800681
0.000000
0.000000
0.000000
0.000000
0.000000
0.000000
-1.254844
0.745828
0.786403
-1.338996
0.708268
0.700344
0.000000
0.000000
0.000000
0.000000
0.000000
0.000000
-1.118383
0.959660
0.556116
-1.118492
1.082989
0.541186
0.000000
0.000000
0.000000
0.000000
0.000000
0.000000
-1.343315
0.483917
0.824705
-1.419156
0.496025
0.865515
0.000000
0.000000
0.000000
0.000000
0.000000
0.000000
-1.294983
0.621849
0.838224
-1.306448
0.671364
0.807404
0.000000
0.000000
0.000000
0.000000
0.000000
0.000000
-1.164421
0.784426
0.627911
-1.174576
1.079331
0.582346
0.000000
0.000000
0.000000
0.000000
0.000000
0.000000
-1.354858
0.671406
0.822093
-1.404118
0.651156
0.825720
0.000000
0.000000
0.000000
0.000000
0.000000
0.000000
-1.146339
0.967197
0.953977
-1.164129
0.802084
0.784758
0.000000
0.000000
0.000000
0.000000
0.000000
0.000000
-1.115628
0.584458
0.750073
-1.228098
0.487260
0.897596
0.000000
0.000000
0.000000
0.000000
0.000000
0.000000
-1.192048
1.017407
0.637814
-1.261281
1.080769
0.687887
0.000000
0.000000
0.000000
0.000000
0.000000
0.000000
-1.096056
0.797205
0.791916
-1.160302
0.767342
0.754562
0.000000
0.000000
0.000000
0.000000
0.000000
0.000000
-1.255870
1.333103
0.438355
-1.318509
1.299563
0.447430
0.000000
0.000000
0.000000
0.000000
0.000000
0.000000
-1.216118
0.473199
0.847050
-1.295957
0.458748
0.845797
0.000000
0.000000
0.000000
0.000000
0.000000
0.000000
-1.370525
0.808083
0.839644
-1.430103
0.881408
0.735021
0.000000
0.000000
0.000000
0.000000
0.000000
0.000000
-1.226320
0.566969
0.743103
-1.234553
0.626712
0.839080
0.000000
0.000000
0.000000
0.000000
0.000000
0.000000
0.000000
0.000000
0.000000
-1.269304
0.653189
0.727218
-1.354413
0.548527
0.853932
-1.488783
0.431968
0.861765
-1.261430
0.627554
0.876108
-1.251804
0.709690
0.843994
0.000000
0.000000
0.000000
0.000000
0.000000
0.000000
-1.129247
0.832416
0.695942
-1.156024
0.932462
0.644151
0.000000
0.000000
0.000000
0.000000
0.000000
0.000000
-1.208547
0.480137
0.841973
-1.297473
0.441281
0.862131
0.000000
0.000000
0.000000
0.000000
0.000000
0.000000
-1.248110
1.007442
0.697953
-1.256220
0.992085
0.670846
0.000000
0.000000
0.000000
0.000000
0.000000
0.000000
-1.137215
0.809170
0.732617
-1.210113
0.801426
0.729210
0.000000
0.000000
0.000000
0.000000
0.000000
0.000000
-1.082721
1.153647
0.943399
-1.053935
1.010696
0.838596
0.000000
0.000000
0.000000
0.000000
0.000000
0.000000
-1.316655
0.993563
0.770764
-1.425290
0.895559
0.910500
0.000000
0.000000
0.000000
0.000000
0.000000
0.000000
-1.008614
0.772764
0.732394
-1.099961
0.872754
0.665270
0.000000
0.000000
0.000000
0.000000
0.000000
0.000000
-1.129446
0.969175
0.955972
-1.126320
0.924896
0.743233
0.000000
0.000000
0.000000
0.000000
0.000000
0.000000
-1.310101
0.944319
0.746665
-1.363485
0.851855
0.751384
0.000000
0.000000
0.000000
0.000000
0.000000
0.000000
-1.316825
0.797042
0.767820
-1.345425
0.772628
0.762747
0.000000
0.000000
0.000000
0.000000
0.000000
0.000000
-1.215560
0.843784
0.789727
-1.268245
0.849826
0.739908
0.000000
0.000000
0.000000
0.000000
0.000000
0.000000
0.000000
0.000000
0.000000
-1.432997
0.650997
0.811325
0.000000
0.000000
0.000000
0.000000
0.000000
0.000000
-1.200941
0.743064
0.866003
-1.058251
1.065569
0.700185
0.000000
0.000000
0.000000
0.000000
0.000000
0.000000
-1.159604
0.818865
0.661637
-1.055837
0.927073
0.562195
0.000000
0.000000
0.000000
0.000000
0.000000
0.000000
0.000000
0.000000
0.000000
-1.290115
1.172706
0.618944
0.000000
0.000000
0.000000
0.000000
0.000000
0.000000
-1.286559
0.789405
0.717044
-1.309721
0.873951
0.731612
0.000000
0.000000
0.000000
0.000000
0.000000
0.000000
-0.888072
1.093809
0.530713
-0.945241
1.196873
0.446722
0.000000
0.000000
0.000000
0.000000
0.000000
0.000000
0.000000
0.000000
0.000000
-1.186435
0.465827
0.806670
0.000000
0.000000
0.000000
0.000000
0.000000
0.000000
-0.920171
1.767721
0.696432
-1.041548
1.256581
0.667513
0.000000
0.000000
0.000000
0.000000
0.000000
0.000000
-1.145562
0.709057
0.679615
-0.995187
1.034699
0.580269
0.000000
0.000000
0.000000
0.000000
0.000000
0.000000
-1.367264
0.465590
0.878577
-1.420432
0.423970
0.874798
0.000000
0.000000
0.000000
0.000000
0.000000
0.000000
-1.472498
0.652665
0.840336
-1.489450
0.649061
0.833084
0.000000
0.000000
0.000000
0.000000
0.000000
0.000000
-1.326787
0.632686
0.818134
-1.417672
0.562614
0.828813
0.000000
0.000000
0.000000
0.000000
0.000000
0.000000
-1.074773
1.125843
0.739483
-1.181222
0.887276
0.574564
0.000000
0.000000
0.000000
0.000000
0.000000
0.000000
-1.023618
1.008160
0.615743
-1.171357
0.897301
0.603569
0.000000
0.000000
0.000000
0.000000
0.000000
0.000000
-1.100353
1.134096
0.626311
-1.133776
0.931152
0.601177
0.000000
0.000000
0.000000
0.000000
0.000000
0.000000
-1.287476
0.531228
0.839166
-1.228460
0.578262
0.754614
0.000000
0.000000
0.000000
0.000000
0.000000
0.000000
-1.116968
0.730396
0.593010
-1.102647
0.927350
0.701859
0.000000
0.000000
0.000000
0.000000
0.000000
0.000000
-1.481420
0.507173
0.848278
-1.538199
0.460225
0.867174
0.000000
0.000000
0.000000
0.000000
0.000000
0.000000
-1.350953
0.599478
0.672902
-1.346219
0.613061
0.876416
0.000000
0.000000
0.000000
0.000000
0.000000
0.000000
-1.460994
0.955385
0.723137
-1.492177
0.982363
0.732403
0.000000
0.000000
0.000000
0.000000
0.000000
0.000000
-1.380473
0.431760
1.263196
-1.383071
0.476289
1.025905
0.000000
0.000000
0.000000
0.000000
0.000000
0.000000
0.000000
0.000000
0.000000
-1.232266
0.645946
0.778993
0.000000
0.000000
0.000000
0.000000
0.000000
0.000000
0.000000
0.000000
0.000000
-1.105569
0.484001
0.740113
0.000000
0.000000
0.000000
0.000000
0.000000
0.000000
-1.413468
0.748356
0.795245
-1.437388
0.803794
0.785985
0.000000
0.000000
0.000000
0.000000
0.000000
0.000000
-1.460681
0.372088
0.881930
-1.485569
0.367186
0.881176
0.000000
0.000000
0.000000
0.000000
0.000000
0.000000
-1.010985
1.631314
0.740547
-1.187398
1.039670
0.608205
0.000000
0.000000
0.000000
0.000000
0.000000
0.000000
0.000000
0.000000
0.000000
-1.113267
0.833021
0.628332
0.000000
0.000000
0.000000
0.000000
0.000000
0.000000
-1.334411
0.619472
0.906425
-1.374571
0.687965
0.806031
0.000000
0.000000
0.000000
0.000000
0.000000
0.000000
-1.419253
0.412450
0.909406
-1.381601
0.460497
0.875777
0.000000
0.000000
0.000000
0.000000
0.000000
0.000000
-1.157197
0.805626
0.814103
-1.212215
0.865600
0.699284
0.000000
0.000000
0.000000
0.000000
0.000000
0.000000
0.000000
0.000000
0.000000
-1.057803
0.791037
0.864675
0.000000
0.000000
0.000000
0.000000
0.000000
0.000000
0.000000
0.000000
0.000000
-1.311915
0.621356
0.752562
0.000000
0.000000
0.000000
0.000000
0.000000
0.000000
0.000000
0.000000
0.000000
-1.217803
0.785097
0.825882
0.000000
0.000000
0.000000
0.000000
0.000000
0.000000
-1.390189
0.664967
0.723867
-1.477866
0.602454
0.855419
0.000000
0.000000
0.000000
0.000000
0.000000
0.000000
-1.257857
0.603696
0.823663
-1.292769
0.606105
0.823249
0.000000
0.000000
0.000000
0.000000
0.000000
0.000000
-0.879134
1.250006
0.641018
-1.053181
1.041429
0.532527
-1.106768
0.919711
0.677791
-1.231978
0.815921
0.788014
-1.068915
0.934295
0.677791
-1.261366
0.767821
0.763544
0.000000
0.000000
0.000000
0.000000
0.000000
0.000000
-1.473152
0.952226
0.715200
-1.499084
0.958456
0.715165
0.000000
0.000000
0.000000
0.000000
0.000000
0.000000
0.000000
0.000000
0.000000
-1.152512
0.461517
0.690797
0.000000
0.000000
0.000000
0.000000
0.000000
0.000000
-1.459205
1.072464
0.679794
-1.480039
1.205907
0.608407
0.000000
0.000000
0.000000
0.000000
0.000000
0.000000
-1.133823
0.709328
0.663226
-1.066524
0.806969
0.658174
0.000000
0.000000
0.000000
0.000000
0.000000
0.000000
0.000000
0.000000
0.000000
-1.099977
1.000829
0.714940
0.000000
0.000000
0.000000
0.000000
0.000000
0.000000
-1.350983
0.941460
0.706855
-1.409881
0.925131
0.699759
0.000000
0.000000
0.000000
0.000000
0.000000
0.000000
0.000000
0.000000
0.000000
-1.268600
0.529361
0.767965
0.000000
0.000000
0.000000
0.000000
0.000000
0.000000
-1.181115
0.934556
0.803505
-1.252911
0.805552
0.735455
0.000000
0.000000
0.000000
0.000000
0.000000
0.000000
0.000000
0.000000
0.000000
-1.216542
0.839758
0.681490
0.000000
0.000000
0.000000
0.000000
0.000000
0.000000
-1.543219
0.735770
0.735343
-1.578642
0.724233
0.825813
0.000000
0.000000
0.000000
0.000000
0.000000
0.000000
-1.248762
1.159292
0.624801
-1.309078
1.077027
0.603388
0.000000
0.000000
0.000000
0.000000
0.000000
0.000000
-1.302071
0.581236
0.828921
-1.364171
0.560477
0.843247
0.000000
0.000000
0.000000
0.000000
0.000000
0.000000
-1.490664
0.482217
0.673209
-1.475986
0.492899
0.907651
0.000000
0.000000
0.000000
0.000000
0.000000
0.000000
0.000000
0.000000
0.000000
-1.262220
0.616614
0.664561
0.000000
0.000000
0.000000
0.000000
0.000000
0.000000
0.000000
0.000000
0.000000
-1.257372
0.807043
0.822280
0.000000
0.000000
0.000000
0.000000
0.000000
0.000000
-1.459437
0.501157
0.980762
-1.326447
0.726066
0.820078
-1.164097
0.567572
0.857406
-1.220926
0.633731
0.834882
-1.230799
0.555320
0.845012
-1.347645
0.575913
0.855995
0.000000
0.000000
0.000000
0.000000
0.000000
0.000000
-1.167551
0.718056
0.708891
-1.262836
0.672215
0.757937
0.000000
0.000000
0.000000
0.000000
0.000000
0.000000
0.000000
0.000000
0.000000
-1.294472
1.016318
0.774987
0.000000
0.000000
0.000000
0.000000
0.000000
0.000000
-1.337501
0.723826
0.763766
-1.397510
0.624810
0.812321
0.000000
0.000000
0.000000
0.000000
0.000000
0.000000
-1.256548
0.691725
0.715799
-1.212959
0.960725
0.709232
0.000000
0.000000
0.000000
0.000000
0.000000
0.000000
-1.068267
0.577325
0.731564
-1.207959
0.575197
0.922841
0.000000
0.000000
0.000000
0.000000
0.000000
0.000000
-1.184627
0.528192
0.748510
-1.017154
1.017210
0.799622
0.000000
0.000000
0.000000
0.000000
0.000000
0.000000
-1.077273
0.849631
0.749500
-1.127746
0.972175
0.791856
0.000000
0.000000
0.000000
0.000000
0.000000
0.000000
-1.363929
0.644807
0.824304
-1.428284
0.604430
0.842796
0.000000
0.000000
0.000000
0.000000
0.000000
0.000000
0.000000
0.000000
0.000000
-1.201026
0.594459
0.719457
-1.248706
0.641881
0.786004
-1.258543
0.669193
0.753462
-1.145794
0.679579
0.769367
-1.099909
0.730139
0.753261
0.000000
0.000000
0.000000
0.000000
0.000000
0.000000
-1.234683
0.543548
0.710923
-1.344094
0.575362
0.906195
0.000000
0.000000
0.000000
0.000000
0.000000
0.000000
-1.492279
0.593588
0.843250
-1.526546
0.605901
0.829806
0.000000
0.000000
0.000000
0.000000
0.000000
0.000000
0.000000
0.000000
0.000000
-1.175798
0.591475
0.689466
0.000000
0.000000
0.000000
0.000000
0.000000
0.000000
0.000000
0.000000
0.000000
-0.830313
1.256730
0.745444
0.000000
0.000000
0.000000
0.000000
0.000000
0.000000
-1.409398
0.436592
0.855353
-1.423314
0.473364
0.851702
0.000000
0.000000
0.000000
-1.374711
0.520849
0.867846
0.000000
0.000000
0.000000
-1.337551
0.532387
0.867846
0.000000
0.000000
0.000000
-1.277837
1.104424
0.564578
0.000000
0.000000
0.000000
-1.195983
1.153205
0.602362
0.000000
0.000000
0.000000
0.000000
0.000000
0.000000
-1.403235
0.835865
0.856023
-1.418200
1.119246
0.829764
0.000000
0.000000
0.000000
0.000000
0.000000
0.000000
-1.362882
0.755084
0.808784
-1.433337
0.679315
0.808881
0.000000
0.000000
0.000000
0.000000
0.000000
0.000000
-1.089511
0.775583
0.760599
-1.142638
0.835179
0.890696
0.000000
0.000000
0.000000
0.000000
0.000000
0.000000
-1.349060
0.588323
0.843038
-1.351743
0.633089
0.826864
0.000000
0.000000
0.000000
0.000000
0.000000
0.000000
-1.383027
0.459007
0.699590
-1.261801
0.504567
0.920455
0.000000
0.000000
0.000000
0.000000
0.000000
0.000000
-1.207049
1.173871
0.799643
-1.284275
0.976275
0.726605
0.000000
0.000000
0.000000
0.000000
0.000000
0.000000
0.000000
0.000000
0.000000
-1.374242
0.742121
0.577661
0.000000
0.000000
0.000000
0.000000
0.000000
0.000000
0.000000
0.000000
0.000000
-0.856146
1.088722
0.631418
0.000000
0.000000
0.000000
0.000000
0.000000
0.000000
-1.254019
0.775936
0.835573
-1.352695
0.734875
0.801947
-1.185839
0.856581
0.663613
-1.200843
0.826554
0.705777
-1.207298
0.708909
0.680359
-1.185510
0.780943
0.696789
0.000000
0.000000
0.000000
0.000000
0.000000
0.000000
0.000000
0.000000
0.000000
-1.279283
0.691414
0.628874
0.000000
0.000000
0.000000
0.000000
0.000000
0.000000
-1.317291
0.497113
0.829174
-1.344258
0.549479
0.877611
0.000000
0.000000
0.000000
0.000000
0.000000
0.000000
-1.271964
0.968185
0.675413
-1.276296
0.959375
0.660531
0.000000
0.000000
0.000000
0.000000
0.000000
0.000000
-1.366534
0.810057
0.730712
-1.327221
0.720812
0.905770
0.000000
0.000000
0.000000
0.000000
0.000000
0.000000
-1.451503
0.870878
0.828659
-1.474323
0.900791
0.773689
0.000000
0.000000
0.000000
0.000000
0.000000
0.000000
-1.279004
0.782058
0.785304
-1.288600
0.809898
0.803794
0.000000
0.000000
0.000000
0.000000
0.000000
0.000000
-1.557368
0.289277
0.888386
-1.577692
0.269553
0.899290
0.000000
0.000000
0.000000
0.000000
0.000000
0.000000
0.000000
0.000000
0.000000
-0.970343
1.710026
0.887420
0.000000
0.000000
0.000000
0.000000
0.000000
0.000000
-1.424371
0.949359
0.760957
-1.448785
1.026481
0.733596
0.000000
0.000000
0.000000
0.000000
0.000000
0.000000
-1.385427
1.013953
0.715540
-1.465731
0.879530
0.651689
0.000000
0.000000
0.000000
0.000000
0.000000
0.000000
-1.326470
0.639011
0.784304
-1.394345
0.581658
0.850723
0.000000
0.000000
0.000000
0.000000
0.000000
0.000000
-1.187880
0.848615
0.760760
-1.235700
0.812811
0.740629
0.000000
0.000000
0.000000
0.000000
0.000000
0.000000
0.000000
0.000000
0.000000
-1.299992
0.368736
0.769112
0.000000
0.000000
0.000000
0.000000
0.000000
0.000000
-1.358623
0.548659
0.627212
-1.364113
0.539451
1.269667
0.000000
0.000000
0.000000
0.000000
0.000000
0.000000
-0.946234
0.654736
0.635094
-0.823637
0.913192
0.600924
0.000000
0.000000
0.000000
0.000000
0.000000
0.000000
-1.313799
0.498470
0.614999
-1.486155
0.463544
1.189756
0.000000
0.000000
0.000000
0.000000
0.000000
0.000000
-1.164480
0.506443
0.631578
-1.188931
0.532892
0.802149
0.000000
0.000000
0.000000
-1.315188
0.520338
0.706808
0.000000
0.000000
0.000000
-1.278433
0.507533
0.684530
0.000000
0.000000
0.000000
0.000000
0.000000
0.000000
-1.360027
1.084144
0.519382
-1.369105
0.927960
0.678555
0.000000
0.000000
0.000000
0.000000
0.000000
0.000000
-1.146931
0.769068
0.802902
-1.254187
0.777804
0.862929
0.000000
0.000000
0.000000
0.000000
0.000000
0.000000
-1.177439
1.108463
0.621861
-1.225668
1.063132
0.607693
0.000000
0.000000
0.000000
0.000000
0.000000
0.000000
-1.348278
0.424070
0.862510
-1.466843
0.337035
0.869129
0.000000
0.000000
0.000000
0.000000
0.000000
0.000000
-1.345624
0.738297
0.881291
-1.434531
0.660515
0.790308
0.000000
0.000000
0.000000
0.000000
0.000000
0.000000
-1.071473
0.783402
0.655988
-1.104895
0.749396
0.723171
0.000000
0.000000
0.000000
0.000000
0.000000
0.000000
0.000000
0.000000
0.000000
-1.317925
0.740621
0.781261
0.000000
0.000000
0.000000
0.000000
0.000000
0.000000
-1.236636
0.968176
0.573250
-1.244728
1.127973
0.614809
0.000000
0.000000
0.000000
0.000000
0.000000
0.000000
-1.205888
1.168785
0.476969
-1.262536
1.096915
0.530321
0.000000
0.000000
0.000000
0.000000
0.000000
0.000000
-1.469641
0.898633
0.730461
-1.495501
0.892381
0.729349
0.000000
0.000000
0.000000
0.000000
0.000000
0.000000
-1.431671
0.427333
0.869901
-1.461850
0.429766
0.863501
0.000000
0.000000
0.000000
0.000000
0.000000
0.000000
-0.795845
0.924440
0.797060
-1.022291
1.039614
0.764633
0.000000
0.000000
0.000000
0.000000
0.000000
0.000000
-1.300441
1.104030
0.714542
-1.345461
1.065517
0.630643
0.000000
0.000000
0.000000
0.000000
0.000000
0.000000
-1.319204
0.326707
0.903578
-1.402371
0.339270
0.902673
0.000000
0.000000
0.000000
0.000000
0.000000
0.000000
-1.098115
0.632051
0.684588
-1.142096
0.632611
0.793159
0.000000
0.000000
0.000000
0.000000
0.000000
0.000000
-1.701063
0.422650
0.872164
-1.695285
0.443979
0.881288
0.000000
0.000000
0.000000
0.000000
0.000000
0.000000
-1.270808
0.790695
0.746181
-1.196609
0.913482
0.731410
0.000000
0.000000
0.000000
0.000000
0.000000
0.000000
-1.276746
0.648046
0.767887
-1.271595
0.918398
0.627200
0.000000
0.000000
0.000000
0.000000
0.000000
0.000000
-1.177733
0.488050
0.779423
-1.168489
0.500626
0.849929
0.000000
0.000000
0.000000
0.000000
0.000000
0.000000
0.000000
0.000000
0.000000
-1.147117
0.740785
0.664333
0.000000
0.000000
0.000000
0.000000
0.000000
0.000000
0.000000
0.000000
0.000000
-1.180369
0.919732
0.867202
0.000000
0.000000
0.000000
0.000000
0.000000
0.000000
-1.221484
1.114726
0.710727
-1.270589
0.884216
0.738594
0.000000
0.000000
0.000000
0.000000
0.000000
0.000000
-1.496983
0.593453
0.841972
-1.510599
0.609665
0.826184
0.000000
0.000000
0.000000
0.000000
0.000000
0.000000
-1.314641
0.744715
0.832053
-1.402500
0.693667
0.814663
0.000000
0.000000
0.000000
0.000000
0.000000
0.000000
-1.294164
0.876854
0.692244
-1.321076
0.944963
0.685904
0.000000
0.000000
0.000000
0.000000
0.000000
0.000000
-1.309347
0.829853
0.685449
-1.342190
0.832155
0.804273
0.000000
0.000000
0.000000
0.000000
0.000000
0.000000
0.000000
0.000000
0.000000
-1.148579
0.693092
0.709890
0.000000
0.000000
0.000000
0.000000
0.000000
0.000000
-1.406637
0.713497
0.796293
-1.407199
0.734254
0.785093
0.000000
0.000000
0.000000
0.000000
0.000000
0.000000
0.000000
0.000000
0.000000
-1.224866
1.102934
0.666696
0.000000
0.000000
0.000000
0.000000
0.000000
0.000000
-1.157905
0.921085
0.742615
-1.250923
0.761548
0.733890
0.000000
0.000000
0.000000
0.000000
0.000000
0.000000
0.000000
0.000000
0.000000
-1.150630
0.606739
0.659486
0.000000
0.000000
0.000000
0.000000
0.000000
0.000000
-1.256042
0.655059
1.087599
-1.249062
0.698213
0.919205
0.000000
0.000000
0.000000
0.000000
0.000000
0.000000
-1.220959
0.648984
0.804797
-1.235155
0.702344
0.820011
0.000000
0.000000
0.000000
0.000000
0.000000
0.000000
-1.390916
0.549171
0.855048
-1.393492
0.569883
0.838177
0.000000
0.000000
0.000000
0.000000
0.000000
0.000000
-1.357825
1.123028
0.598115
-1.393946
1.143336
0.593214
0.000000
0.000000
0.000000
0.000000
0.000000
0.000000
-0.985879
0.692362
0.705164
-1.038551
0.725903
0.802370
0.000000
0.000000
0.000000
0.000000
0.000000
0.000000
0.000000
0.000000
0.000000
-1.448331
0.628871
0.687843
0.000000
0.000000
0.000000
0.000000
0.000000
0.000000
-1.165056
0.921554
0.735095
-1.124403
1.188961
0.678837
0.000000
0.000000
0.000000
0.000000
0.000000
0.000000
-1.399601
1.337997
0.422879
-1.451769
1.370430
0.435804
0.000000
0.000000
0.000000
0.000000
0.000000
0.000000
-1.073260
1.174875
0.793644
-1.096021
1.193914
0.781606
0.000000
0.000000
0.000000
0.000000
0.000000
0.000000
-0.927835
0.779087
0.709320
-1.067446
0.711504
0.719348
0.000000
0.000000
0.000000
0.000000
0.000000
0.000000
-1.017630
0.777150
0.738679
-1.094788
0.640291
0.761356
0.000000
0.000000
0.000000
0.000000
0.000000
0.000000
-1.128581
0.803820
0.607153
-1.124805
1.001148
0.646177
0.000000
0.000000
0.000000
0.000000
0.000000
0.000000
0.000000
0.000000
0.000000
-1.158526
0.718611
0.619463
0.000000
0.000000
0.000000
0.000000
0.000000
0.000000
-1.162073
0.971668
0.596748
-1.190318
0.979424
0.620840
-1.357596
0.723106
0.702874
-1.286385
0.800585
0.798432
-1.328013
0.740911
0.702874
-1.282916
0.767094
0.787909
0.000000
0.000000
0.000000
0.000000
0.000000
0.000000
-1.306077
0.689347
0.749561
-1.274493
0.763657
0.681291
0.000000
0.000000
0.000000
0.000000
0.000000
0.000000
-1.348807
0.694228
0.724407
-1.310982
0.789323
0.740330
0.000000
0.000000
0.000000
0.000000
0.000000
0.000000
-1.321815
0.434315
0.766730
-1.380008
0.589571
0.809080
0.000000
0.000000
0.000000
0.000000
0.000000
0.000000
-1.095514
0.897529
0.722646
-1.113358
1.070869
0.537945
0.000000
0.000000
0.000000
0.000000
0.000000
0.000000
-1.128654
0.617826
0.823355
-1.171738
0.645954
0.794853
0.000000
0.000000
0.000000
0.000000
0.000000
0.000000
-1.329057
0.587162
0.792377
-1.347657
0.760451
0.814498
0.000000
0.000000
0.000000
0.000000
0.000000
0.000000
-1.315818
1.118700
0.647695
-1.363683
0.943716
0.788929
0.000000
0.000000
0.000000
0.000000
0.000000
0.000000
0.000000
0.000000
0.000000
-1.309496
0.628733
0.733809
0.000000
0.000000
0.000000
0.000000
0.000000
0.000000
-1.440533
0.875956
0.739484
-1.460543
0.892244
0.742295
0.000000
0.000000
0.000000
0.000000
0.000000
0.000000
0.000000
0.000000
0.000000
-1.071962
0.914974
0.727137
0.000000
0.000000
0.000000
0.000000
0.000000
0.000000
-1.063339
0.847784
0.658534
-1.170903
0.679256
0.662099
-1.220568
0.619835
0.600235
-1.185953
0.787033
0.875282
-1.242865
0.623009
0.600235
-1.197431
0.801477
0.851721
0.000000
0.000000
0.000000
0.000000
0.000000
0.000000
-1.066445
1.247290
0.644078
-1.139991
1.085359
0.656571
0.000000
0.000000
0.000000
0.000000
0.000000
0.000000
0.000000
0.000000
0.000000
-1.091872
0.933885
0.654935
0.000000
0.000000
0.000000
0.000000
0.000000
0.000000
-1.379933
0.724403
0.720707
-1.403532
0.707327
0.816320
0.000000
0.000000
0.000000
0.000000
0.000000
0.000000
0.000000
0.000000
0.000000
-1.069305
0.711008
0.902430
0.000000
0.000000
0.000000
0.000000
0.000000
0.000000
-1.568935
0.343768
0.886576
-1.630631
0.343068
0.889839
0.000000
0.000000
0.000000
0.000000
0.000000
0.000000
-0.966656
0.765041
0.787968
-0.972404
0.824270
0.720812
0.000000
0.000000
0.000000
-1.346131
0.772409
0.748648
0.000000
0.000000
0.000000
-1.352549
0.779388
0.748648
0.000000
0.000000
0.000000
0.000000
0.000000
0.000000
-0.978485
1.091012
0.567067
-1.126845
0.905191
0.621665
0.000000
0.000000
0.000000
0.000000
0.000000
0.000000
-1.297715
0.563348
0.733186
-1.210645
0.760256
0.753060
0.000000
0.000000
0.000000
0.000000
0.000000
0.000000
-1.046892
0.564840
0.891171
-1.005203
0.650146
0.785475
0.000000
0.000000
0.000000
0.000000
0.000000
0.000000
0.000000
0.000000
0.000000
-1.164091
0.678461
0.889386
0.000000
0.000000
0.000000
0.000000
0.000000
0.000000
-1.356947
0.621590
0.864506
-1.296487
0.755475
0.853380
0.000000
0.000000
0.000000
0.000000
0.000000
0.000000
0.000000
0.000000
0.000000
-1.100710
0.840634
0.779164
0.000000
0.000000
0.000000
0.000000
0.000000
0.000000
-1.260245
0.621638
0.627777
-1.338508
0.542525
0.801687
0.000000
0.000000
0.000000
0.000000
0.000000
0.000000
-1.425480
0.583486
0.880829
-1.529893
0.480943
0.908732
0.000000
0.000000
0.000000
0.000000
0.000000
0.000000
-1.347163
0.422274
0.862777
-1.342985
0.483825
0.878318
0.000000
0.000000
0.000000
0.000000
0.000000
0.000000
-1.458971
0.575461
0.851368
-1.520856
0.518129
0.852394
0.000000
0.000000
0.000000
0.000000
0.000000
0.000000
-1.247039
0.601485
0.663469
-1.207288
0.658338
0.787994
0.000000
0.000000
0.000000
0.000000
0.000000
0.000000
-1.150519
1.010754
0.584311
-1.175228
0.995167
0.586010
0.000000
0.000000
0.000000
0.000000
0.000000
0.000000
-1.124889
1.144298
0.532722
-1.269937
1.053201
0.619230
0.000000
0.000000
0.000000
0.000000
0.000000
0.000000
0.000000
0.000000
0.000000
-1.232323
0.633577
0.727096
0.000000
0.000000
0.000000
0.000000
0.000000
0.000000
-1.389441
0.562256
0.876604
-1.469178
0.449177
0.864299
0.000000
0.000000
0.000000
0.000000
0.000000
0.000000
-1.118559
0.689431
0.847721
-1.217634
0.645835
0.842996
0.000000
0.000000
0.000000
0.000000
0.000000
0.000000
-0.963181
1.128009
0.619724
-1.096466
1.152369
0.585016
-1.083757
0.558670
0.857804
-1.091941
0.548416
0.831300
-1.049188
0.557373
0.849871
-1.064517
0.545420
0.825768
0.000000
0.000000
0.000000
0.000000
0.000000
0.000000
-1.425343
0.455230
0.936312
-1.496188
0.426722
0.884779
0.000000
0.000000
0.000000
0.000000
0.000000
0.000000
-1.134402
0.806465
0.691287
-1.321632
0.638322
0.706112
-0.997301
1.029692
0.690059
-1.039271
1.156618
0.709433
-0.957610
1.045501
0.690059
-0.997242
1.156651
0.688671
0.000000
0.000000
0.000000
0.000000
0.000000
0.000000
-0.844548
1.588765
0.622776
-1.034465
1.007735
0.631747
0.000000
0.000000
0.000000
0.000000
0.000000
0.000000
-1.223553
0.640549
0.841966
-1.224808
0.588433
0.753193
0.000000
0.000000
0.000000
0.000000
0.000000
0.000000
-1.409235
0.615163
0.788829
-1.511617
0.554268
0.887068
0.000000
0.000000
0.000000
0.000000
0.000000
0.000000
-0.971619
0.720760
0.781289
-1.068992
0.704479
0.775410
0.000000
0.000000
0.000000
0.000000
0.000000
0.000000
0.000000
0.000000
0.000000
-1.242157
0.717710
0.817223
0.000000
0.000000
0.000000
0.000000
0.000000
0.000000
-1.071624
1.824764
0.599186
-1.202884
1.341976
0.641464
0.000000
0.000000
0.000000
0.000000
0.000000
0.000000
-1.175365
1.099286
0.603191
-1.239980
1.030265
0.646966
0.000000
0.000000
0.000000
0.000000
0.000000
0.000000
-1.074712
0.777064
0.701770
-1.153475
0.597507
0.846034
0.000000
0.000000
0.000000
0.000000
0.000000
0.000000
-1.395684
0.393575
0.843305
-1.371781
0.362621
0.845207
0.000000
0.000000
0.000000
0.000000
0.000000
0.000000
-1.210220
1.016038
0.915467
-1.272019
0.908189
0.772497
0.000000
0.000000
0.000000
0.000000
0.000000
0.000000
-1.350039
0.764970
0.773419
-1.394155
0.844842
0.727178
0.000000
0.000000
0.000000
0.000000
0.000000
0.000000
-1.690706
0.422331
0.885632
-1.709965
0.431470
0.883718
0.000000
0.000000
0.000000
0.000000
0.000000
0.000000
-1.339204
1.323294
0.450894
-1.406578
1.194433
0.490068
0.000000
0.000000
0.000000
0.000000
0.000000
0.000000
-1.521202
0.377004
0.943414
-1.633593
0.351704
0.927208
0.000000
0.000000
0.000000
0.000000
0.000000
0.000000
0.000000
0.000000
0.000000
-1.464226
0.338561
0.699785
0.000000
0.000000
0.000000
0.000000
0.000000
0.000000
-1.038712
0.793024
0.729727
-1.079667
0.765674
0.710633
0.000000
0.000000
0.000000
0.000000
0.000000
0.000000
-1.439070
0.400082
0.874860
-1.546580
0.327372
0.906236
0.000000
0.000000
0.000000
0.000000
0.000000
0.000000
0.000000
0.000000
0.000000
-1.475580
0.754254
0.929265
0.000000
0.000000
0.000000
0.000000
0.000000
0.000000
-1.064462
0.582683
0.709045
-1.004321
0.690409
0.851310
0.000000
0.000000
0.000000
0.000000
0.000000
0.000000
0.000000
0.000000
0.000000
-0.926474
1.100604
0.577617
0.000000
0.000000
0.000000
0.000000
0.000000
0.000000
-1.307133
0.514013
0.805989
-1.367007
0.472440
0.841710
0.000000
0.000000
0.000000
0.000000
0.000000
0.000000
-1.382105
0.662610
0.824941
-1.409306
0.655062
0.809112
0.000000
0.000000
0.000000
0.000000
0.000000
0.000000
-1.133167
0.679763
0.786483
-1.106349
0.803247
0.902834
0.000000
0.000000
0.000000
0.000000
0.000000
0.000000
0.000000
0.000000
0.000000
-1.082701
1.182002
0.815625
0.000000
0.000000
0.000000
0.000000
0.000000
0.000000
-1.259188
0.520075
0.882524
-1.325436
0.471765
0.864217
0.000000
0.000000
0.000000
0.000000
0.000000
0.000000
-1.272190
0.385739
0.711035
-1.110349
0.358796
1.028015
0.000000
0.000000
0.000000
0.000000
0.000000
0.000000
-1.382640
0.560339
0.701263
-1.344889
0.726658
0.726227
0.000000
0.000000
0.000000
0.000000
0.000000
0.000000
0.000000
0.000000
0.000000
-1.028021
0.669247
0.626697
0.000000
0.000000
0.000000
-1.384649
0.570897
0.761256
0.000000
0.000000
0.000000
-1.355675
0.578793
0.761256
0.000000
0.000000
0.000000
0.000000
0.000000
0.000000
-1.351992
0.754689
0.778775
-1.338680
0.831322
0.733326
0.000000
0.000000
0.000000
0.000000
0.000000
0.000000
-1.264529
1.058688
0.619590
-1.267258
1.074017
0.637255
0.000000
0.000000
0.000000
0.000000
0.000000
0.000000
-1.450404
0.441336
0.861587
-1.485021
0.430578
0.887463
0.000000
0.000000
0.000000
0.000000
0.000000
0.000000
-1.100547
1.015434
0.681089
-1.098393
1.066969
0.748642
0.000000
0.000000
0.000000
0.000000
0.000000
0.000000
-1.047695
1.008163
0.892652
-1.196092
0.843724
0.670049
0.000000
0.000000
0.000000
0.000000
0.000000
0.000000
-1.087091
1.883531
0.760360
-1.245779
1.307243
0.554325
0.000000
0.000000
0.000000
0.000000
0.000000
0.000000
-1.496637
0.296151
0.889458
-1.509334
0.286383
0.892773
0.000000
0.000000
0.000000
0.000000
0.000000
0.000000
-1.476685
0.683300
0.791255
-1.500436
0.663370
0.799925
0.000000
0.000000
0.000000
0.000000
0.000000
0.000000
-1.178327
0.637676
0.655661
-1.112448
0.727382
0.943365
0.000000
0.000000
0.000000
0.000000
0.000000
0.000000
0.000000
0.000000
0.000000
-1.209245
0.654362
0.806155
-1.208519
0.686555
0.764452
-1.256531
0.640094
0.771004
-1.173472
0.696103
0.754082
-1.173131
0.725005
0.735715
0.000000
0.000000
0.000000
0.000000
0.000000
0.000000
0.000000
0.000000
0.000000
-1.255766
0.707387
0.728151
0.000000
0.000000
0.000000
0.000000
0.000000
0.000000
-1.056306
1.312209
0.730339
-1.151769
1.317613
0.730351
0.000000
0.000000
0.000000
0.000000
0.000000
0.000000
0.000000
0.000000
0.000000
-1.149225
0.727569
0.677021
0.000000
0.000000
0.000000
0.000000
0.000000
0.000000
0.000000
0.000000
0.000000
-1.041696
1.011714
0.771486
0.000000
0.000000
0.000000
0.000000
0.000000
0.000000
-1.412871
0.619878
0.804874
-1.435896
0.628039
0.804500
0.000000
0.000000
0.000000
0.000000
0.000000
0.000000
-1.092471
0.401732
0.827920
-1.163255
0.478817
0.855312
0.000000
0.000000
0.000000
0.000000
0.000000
0.000000
-1.046551
1.128609
0.780401
-1.230995
0.951104
0.749881
0.000000
0.000000
0.000000
-1.044496
0.942540
0.870021
0.000000
0.000000
0.000000
-1.002041
0.970934
0.870021
0.000000
0.000000
0.000000
0.000000
0.000000
0.000000
-1.327997
1.004646
0.727266
-1.400280
0.980545
0.709953
0.000000
0.000000
0.000000
0.000000
0.000000
0.000000
-1.316152
0.417928
0.860001
-1.198906
0.519669
0.873978
0.000000
0.000000
0.000000
0.000000
0.000000
0.000000
-1.240121
0.803607
0.654435
-1.276754
0.922456
0.746547
0.000000
0.000000
0.000000
0.000000
0.000000
0.000000
-1.157881
0.627527
0.748699
-1.317994
0.723920
0.784660
0.000000
0.000000
0.000000
0.000000
0.000000
0.000000
-1.277399
0.447005
0.838375
-1.277060
0.473699
0.891797
-1.238823
0.763533
0.726576
-1.370022
0.605744
0.755810
-1.212249
0.785365
0.726576
-1.340552
0.723964
0.712362
0.000000
0.000000
0.000000
0.000000
0.000000
0.000000
-1.200628
1.012511
0.600077
-1.246869
1.111615
0.596741
0.000000
0.000000
0.000000
0.000000
0.000000
0.000000
-1.417408
1.155437
0.580545
-1.443498
1.214991
0.569265
0.000000
0.000000
0.000000
0.000000
0.000000
0.000000
-1.274499
0.784100
0.724815
-1.327405
0.735903
0.791411
0.000000
0.000000
0.000000
0.000000
0.000000
0.000000
-1.164919
0.845591
0.599281
-0.979925
1.169046
0.650946
0.000000
0.000000
0.000000
0.000000
0.000000
0.000000
-1.287092
0.405167
0.829793
-1.391609
0.237890
0.896550
0.000000
0.000000
0.000000
0.000000
0.000000
0.000000
-1.065352
0.806728
0.819757
-1.078378
0.735300
0.679486
0.000000
0.000000
0.000000
0.000000
0.000000
0.000000
-1.095810
0.803196
0.723195
-1.228289
0.804637
0.706982
0.000000
0.000000
0.000000
0.000000
0.000000
0.000000
-1.337915
0.474217
0.845132
-1.402031
0.449078
0.863041
0.000000
0.000000
0.000000
0.000000
0.000000
0.000000
-1.213764
0.858488
0.723153
-1.292371
0.797440
0.753562
0.000000
0.000000
0.000000
0.000000
0.000000
0.000000
-1.325005
0.637801
0.872332
-1.283908
0.706725
0.798623
0.000000
0.000000
0.000000
0.000000
0.000000
0.000000
-1.385431
1.186335
0.535105
-1.368987
1.258120
0.496795
0.000000
0.000000
0.000000
0.000000
0.000000
0.000000
-0.985790
0.781382
0.664707
-0.943673
0.869911
0.726575
0.000000
0.000000
0.000000
0.000000
0.000000
0.000000
-1.211447
1.052417
0.657256
-1.270560
0.978377
0.657014
0.000000
0.000000
0.000000
0.000000
0.000000
0.000000
-1.203255
0.792167
0.748084
-1.188472
0.850564
0.745522
0.000000
0.000000
0.000000
0.000000
0.000000
0.000000
-1.427822
0.628130
0.830397
-1.452929
0.629250
0.824809
0.000000
0.000000
0.000000
0.000000
0.000000
0.000000
0.000000
0.000000
0.000000
-1.116157
0.686108
0.647541
0.000000
0.000000
0.000000
0.000000
0.000000
0.000000
-1.338128
0.958230
0.698965
-1.359445
0.941922
0.690457
0.000000
0.000000
0.000000
0.000000
0.000000
0.000000
0.000000
0.000000
0.000000
-1.170524
0.534615
0.765959
0.000000
0.000000
0.000000
0.000000
0.000000
0.000000
-1.228112
1.059625
0.631118
-1.255564
1.081864
0.566898
0.000000
0.000000
0.000000
0.000000
0.000000
0.000000
-1.523480
0.550477
0.852060
-1.487695
0.765030
0.853002
0.000000
0.000000
0.000000
0.000000
0.000000
0.000000
0.000000
0.000000
0.000000
-1.086018
0.873195
0.879680
0.000000
0.000000
0.000000
0.000000
0.000000
0.000000
-1.546148
0.511904
0.859289
-1.554153
0.525646
0.867640
0.000000
0.000000
0.000000
0.000000
0.000000
0.000000
-1.248106
1.410336
0.811760
-1.332020
0.953608
0.678844
0.000000
0.000000
0.000000
0.000000
0.000000
0.000000
-1.096499
0.878520
0.846346
-1.208620
0.717194
0.738578
0.000000
0.000000
0.000000
0.000000
0.000000
0.000000
0.000000
0.000000
0.000000
-1.165403
0.508937
0.839290
0.000000
0.000000
0.000000
0.000000
0.000000
0.000000
-1.466781
0.784843
0.647428
-1.427398
0.782085
0.717064
0.000000
0.000000
0.000000
0.000000
0.000000
0.000000
-1.186584
0.874142
0.616363
-1.224623
0.698745
0.721466
0.000000
0.000000
0.000000
0.000000
0.000000
0.000000
-1.163219
1.116287
0.743161
-1.235827
0.932994
0.757519
-1.333829
0.235388
0.869562
-1.298830
0.222030
0.918044
-1.355309
0.243954
0.869120
-1.319863
0.219724
0.924426
0.000000
0.000000
0.000000
0.000000
0.000000
0.000000
-1.015600
0.785821
0.675368
-0.823423
1.055438
0.658203
0.000000
0.000000
0.000000
0.000000
0.000000
0.000000
-1.334801
0.586177
0.799252
-1.385836
0.496956
0.846310
0.000000
0.000000
0.000000
0.000000
0.000000
0.000000
0.000000
0.000000
0.000000
-0.880845
1.910637
0.644977
0.000000
0.000000
0.000000
0.000000
0.000000
0.000000
-1.192515
0.671287
0.797972
-1.290917
0.691711
0.813488
0.000000
0.000000
0.000000
0.000000
0.000000
0.000000
-1.286663
0.564515
0.740196
-1.305058
0.670029
0.864832
0.000000
0.000000
0.000000
0.000000
0.000000
0.000000
-1.217464
0.590907
0.784775
-1.269928
0.623685
0.881014
0.000000
0.000000
0.000000
0.000000
0.000000
0.000000
0.000000
0.000000
0.000000
-1.333831
0.437791
0.722287
0.000000
0.000000
0.000000
0.000000
0.000000
0.000000
-0.999205
0.823373
0.706914
-1.014516
0.711750
0.707043
0.000000
0.000000
0.000000
0.000000
0.000000
0.000000
-1.420892
0.674674
0.819365
-1.391703
0.790902
0.799616
0.000000
0.000000
0.000000
0.000000
0.000000
0.000000
-1.350545
1.260732
0.435593
-1.400391
1.340885
0.444026
-1.158099
0.812597
0.746524
-1.237211
0.767739
0.813167
-1.089860
0.814500
0.742079
-1.177943
0.734518
0.828675
0.000000
0.000000
0.000000
0.000000
0.000000
0.000000
-1.410242
0.662503
0.819437
-1.427495
0.742401
0.814686
0.000000
0.000000
0.000000
0.000000
0.000000
0.000000
-1.324275
0.563557
0.812127
-1.389137
0.537641
0.852003
0.000000
0.000000
0.000000
0.000000
0.000000
0.000000
-1.046137
0.922079
0.630894
-1.070775
1.055492
0.600961
0.000000
0.000000
0.000000
0.000000
0.000000
0.000000
-0.994571
0.792134
0.708873
-1.159326
0.640103
0.725522
0.000000
0.000000
0.000000
0.000000
0.000000
0.000000
-1.130433
1.012194
0.639798
-1.239919
0.925676
0.682983
0.000000
0.000000
0.000000
0.000000
0.000000
0.000000
-1.325694
0.466562
0.687869
-1.274158
0.521728
0.943068
0.000000
0.000000
0.000000
0.000000
0.000000
0.000000
-1.580109
0.575491
0.867723
-1.659720
0.547760
0.865892
0.000000
0.000000
0.000000
0.000000
0.000000
0.000000
0.000000
0.000000
0.000000
-1.053168
1.120498
0.650600
0.000000
0.000000
0.000000
0.000000
0.000000
0.000000
0.000000
0.000000
0.000000
-1.339888
1.041171
0.732415
0.000000
0.000000
0.000000
0.000000
0.000000
0.000000
0.000000
0.000000
0.000000
-1.118819
0.697888
0.727066
0.000000
0.000000
0.000000
0.000000
0.000000
0.000000
-1.462067
0.832885
0.755786
-1.490525
0.826634
0.763859
-1.180326
0.986850
0.668598
-1.207141
0.930178
0.693690
-1.119601
0.972447
0.680451
-1.145065
0.908025
0.704259
0.000000
0.000000
0.000000
0.000000
0.000000
0.000000
-1.096615
0.553788
0.866756
-1.118783
0.684746
0.817194
0.000000
0.000000
0.000000
0.000000
0.000000
0.000000
-1.242122
1.029486
0.676862
-1.345046
1.015886
0.698529
0.000000
0.000000
0.000000
0.000000
0.000000
0.000000
-1.114558
1.027577
0.654295
-1.178871
1.056956
0.629836
0.000000
0.000000
0.000000
0.000000
0.000000
0.000000
-1.489684
0.390543
0.869239
-1.495883
0.511049
0.838425
0.000000
0.000000
0.000000
0.000000
0.000000
0.000000
0.000000
0.000000
0.000000
-1.140144
1.111943
0.746311
0.000000
0.000000
0.000000
0.000000
0.000000
0.000000
-1.171162
1.157666
0.740355
-1.247444
1.098973
0.683942
0.000000
0.000000
0.000000
0.000000
0.000000
0.000000
-1.235908
0.433693
0.654654
-1.169675
0.513291
1.065627
0.000000
0.000000
0.000000
-1.380938
0.585149
0.932319
0.000000
0.000000
0.000000
-1.345374
0.591092
0.932319
0.000000
0.000000
0.000000
0.000000
0.000000
0.000000
-1.380370
0.953822
0.688915
-1.511921
0.649719
0.798101
0.000000
0.000000
0.000000
0.000000
0.000000
0.000000
-1.228424
0.728916
0.757241
-1.272711
0.777033
0.710627
0.000000
0.000000
0.000000
0.000000
0.000000
0.000000
-1.417991
1.080414
0.585740
-1.451610
0.965957
0.686861
0.000000
0.000000
0.000000
0.000000
0.000000
0.000000
-1.264136
1.163991
0.771746
-1.339158
1.240058
0.728644
0.000000
0.000000
0.000000
0.000000
0.000000
0.000000
-1.184757
0.626063
0.685486
-1.218645
0.684445
0.816695
0.000000
0.000000
0.000000
-1.268981
0.518737
0.732344
0.000000
0.000000
0.000000
-1.272112
0.519315
0.732344
0.000000
0.000000
0.000000
0.000000
0.000000
0.000000
-1.199791
0.682556
0.703978
-1.280724
0.443605
0.893186
-0.995150
1.216572
0.738250
-1.121784
0.927424
0.834802
-0.978448
1.199449
0.729865
-1.106858
0.927617
0.747737
0.000000
0.000000
0.000000
0.000000
0.000000
0.000000
-1.196178
1.182826
0.605717
-1.293134
1.061332
0.646534
0.000000
0.000000
0.000000
0.000000
0.000000
0.000000
0.000000
0.000000
0.000000
-1.071206
0.872785
0.670374
0.000000
0.000000
0.000000
0.000000
0.000000
0.000000
-1.240476
0.647519
0.720469
-1.269370
0.560148
0.842786
0.000000
0.000000
0.000000
0.000000
0.000000
0.000000
0.000000
0.000000
0.000000
-1.082371
0.654445
0.839287
0.000000
0.000000
0.000000
0.000000
0.000000
0.000000
-1.252593
0.676034
0.665883
-1.203187
0.763400
0.940764
0.000000
0.000000
0.000000
0.000000
0.000000
0.000000
-1.123253
0.613248
0.759470
-1.285188
0.574125
0.880453
0.000000
0.000000
0.000000
0.000000
0.000000
0.000000
-1.362277
0.542342
0.846950
-1.244617
0.808973
0.750433
0.000000
0.000000
0.000000
0.000000
0.000000
0.000000
-1.061013
1.952042
0.620732
-1.361414
1.064282
0.488627
0.000000
0.000000
0.000000
0.000000
0.000000
0.000000
0.000000
0.000000
0.000000
-1.063683
1.114284
0.617768
0.000000
0.000000
0.000000
0.000000
0.000000
0.000000
0.000000
0.000000
0.000000
-1.212203
0.380750
0.628670
0.000000
0.000000
0.000000
0.000000
0.000000
0.000000
-1.280767
0.408045
0.818755
-1.277629
0.555350
0.895758
0.000000
0.000000
0.000000
0.000000
0.000000
0.000000
0.000000
0.000000
0.000000
-1.289826
0.817628
0.797421
0.000000
0.000000
0.000000
0.000000
0.000000
0.000000
-1.461695
0.998690
0.724121
-1.500881
1.027004
0.722157
0.000000
0.000000
0.000000
0.000000
0.000000
0.000000
-1.292316
0.604312
0.770938
-1.252730
0.686212
0.772380
0.000000
0.000000
0.000000
0.000000
0.000000
0.000000
-1.534804
0.357242
0.880998
-1.568380
0.320632
0.889417
0.000000
0.000000
0.000000
0.000000
0.000000
0.000000
-1.389518
0.581383
0.772617
-1.356876
0.700986
0.769923
0.000000
0.000000
0.000000
0.000000
0.000000
0.000000
-1.237088
0.931418
0.776127
-1.287996
0.803976
0.742469
0.000000
0.000000
0.000000
0.000000
0.000000
0.000000
-1.159406
1.027099
0.645759
-1.233249
0.938824
0.653482
0.000000
0.000000
0.000000
0.000000
0.000000
0.000000
-1.284416
0.724411
0.791412
-1.339705
0.732865
0.756976
0.000000
0.000000
0.000000
0.000000
0.000000
0.000000
-1.328750
0.677168
0.707609
-1.293404
0.749700
0.769345
0.000000
0.000000
0.000000
0.000000
0.000000
0.000000
-1.266617
1.042517
0.662573
-1.329033
0.922658
0.679015
0.000000
0.000000
0.000000
0.000000
0.000000
0.000000
0.000000
0.000000
0.000000
-1.253183
0.413365
0.899315
0.000000
0.000000
0.000000
0.000000
0.000000
0.000000
-1.327802
0.749701
0.773429
-1.347285
0.749517
0.768083
0.000000
0.000000
0.000000
0.000000
0.000000
0.000000
-1.247378
0.997843
0.662362
-1.210222
1.106699
0.721039
0.000000
0.000000
0.000000
0.000000
0.000000
0.000000
0.000000
0.000000
0.000000
-1.034789
0.654277
0.744009
0.000000
0.000000
0.000000
-1.318663
0.635704
0.776613
0.000000
0.000000
0.000000
-1.294748
0.644904
0.776613
0.000000
0.000000
0.000000
0.000000
0.000000
0.000000
-1.474294
0.538494
0.854895
-1.499635
0.532495
0.854145
0.000000
0.000000
0.000000
0.000000
0.000000
0.000000
0.000000
0.000000
0.000000
-1.165514
0.827623
0.653406
0.000000
0.000000
0.000000
0.000000
0.000000
0.000000
0.000000
0.000000
0.000000
-1.093152
0.624299
0.753512
0.000000
0.000000
0.000000
0.000000
0.000000
0.000000
-1.119217
0.977050
0.915335
-1.305963
0.900140
0.813080
0.000000
0.000000
0.000000
0.000000
0.000000
0.000000
-1.314007
0.556925
0.827532
-1.389236
0.508123
0.842105
0.000000
0.000000
0.000000
0.000000
0.000000
0.000000
-1.175670
0.784788
0.706135
-1.004035
1.327564
0.582499
0.000000
0.000000
0.000000
0.000000
0.000000
0.000000
-1.398493
0.999718
0.660763
-1.420035
1.061326
0.635396
-1.363608
0.660677
0.872360
-1.359904
0.635532
0.802516
-1.363696
0.657067
0.872360
-1.329636
0.648267
0.825525
0.000000
0.000000
0.000000
0.000000
0.000000
0.000000
-1.281370
1.069480
0.713530
-1.289289
1.038960
0.670981
0.000000
0.000000
0.000000
0.000000
0.000000
0.000000
-1.271159
0.511391
0.694836
-1.350358
0.484420
0.881956
0.000000
0.000000
0.000000
0.000000
0.000000
0.000000
-1.269757
1.150921
0.661693
-1.332104
1.107067
0.627386
0.000000
0.000000
0.000000
0.000000
0.000000
0.000000
-1.177778
1.032318
0.641844
-1.200416
1.061826
0.601927
0.000000
0.000000
0.000000
0.000000
0.000000
0.000000
-1.293480
0.755706
0.759169
-1.343999
0.735718
0.764988
0.000000
0.000000
0.000000
0.000000
0.000000
0.000000
-1.205912
0.691126
0.672201
-1.172557
0.618841
0.808348
0.000000
0.000000
0.000000
0.000000
0.000000
0.000000
-1.220516
1.230856
0.558312
-1.262633
1.159381
0.591179
0.000000
0.000000
0.000000
0.000000
0.000000
0.000000
-1.102088
0.523330
0.898616
-1.149994
0.486404
0.852691
0.000000
0.000000
0.000000
0.000000
0.000000
0.000000
-1.190132
0.747459
0.780132
-1.207208
0.734293
0.753868
0.000000
0.000000
0.000000
0.000000
0.000000
0.000000
-1.153163
0.820028
0.704221
-1.185852
0.870784
0.694969
0.000000
0.000000
0.000000
0.000000
0.000000
0.000000
-1.414268
0.571239
0.955137
-1.305296
0.614913
0.852702
0.000000
0.000000
0.000000
0.000000
0.000000
0.000000
-1.245386
0.558398
0.901284
-1.170002
0.633392
0.903021
-1.169168
0.757127
0.794587
-1.376349
0.646826
0.820695
-1.141620
0.858657
0.776822
-1.190293
0.903364
0.731430
0.000000
0.000000
0.000000
0.000000
0.000000
0.000000
-0.973217
1.100641
0.581348
-1.074351
0.938230
0.487902
0.000000
0.000000
0.000000
0.000000
0.000000
0.000000
-1.355138
0.689377
0.707080
-1.333456
0.876219
0.765276
-1.314368
1.197113
0.533804
-1.364401
1.221452
0.529742
-1.265541
1.196108
0.533214
-1.301161
1.231734
0.522359
0.000000
0.000000
0.000000
0.000000
0.000000
0.000000
-1.114377
0.928527
0.692185
-1.037590
1.090286
0.641741
0.000000
0.000000
0.000000
0.000000
0.000000
0.000000
0.000000
0.000000
0.000000
-1.369099
0.481939
0.773490
0.000000
0.000000
0.000000
0.000000
0.000000
0.000000
-1.173301
0.708165
0.793644
-1.248735
0.685414
0.808227
0.000000
0.000000
0.000000
0.000000
0.000000
0.000000
-1.341875
0.569384
0.854512
-1.469926
0.439183
0.920787
0.000000
0.000000
0.000000
0.000000
0.000000
0.000000
0.000000
0.000000
0.000000
-1.318329
0.506758
0.743658
0.000000
0.000000
0.000000
0.000000
0.000000
0.000000
-1.308632
0.574808
0.750269
-1.502662
0.393821
0.871310
0.000000
0.000000
0.000000
0.000000
0.000000
0.000000
-1.229654
0.946812
0.803081
-1.373539
0.818956
0.749421
0.000000
0.000000
0.000000
0.000000
0.000000
0.000000
-1.066763
0.929050
0.733610
-1.014300
0.926293
0.730064
0.000000
0.000000
0.000000
0.000000
0.000000
0.000000
-1.163719
0.852721
0.668112
-1.275875
0.964949
0.615568
0.000000
0.000000
0.000000
0.000000
0.000000
0.000000
-1.206077
0.649464
0.833170
-1.217810
0.753989
0.802421
0.000000
0.000000
0.000000
0.000000
0.000000
0.000000
-1.136363
0.725479
0.836107
-1.227177
0.645398
0.729074
0.000000
0.000000
0.000000
0.000000
0.000000
0.000000
-1.431141
0.658378
0.810813
-1.462173
0.657139
0.815542
0.000000
0.000000
0.000000
0.000000
0.000000
0.000000
-1.485461
0.856233
0.651913
-1.293392
2.161395
0.651336
0.000000
0.000000
0.000000
0.000000
0.000000
0.000000
-1.132202
0.849230
0.808601
-1.188839
0.672835
0.733938
0.000000
0.000000
0.000000
0.000000
0.000000
0.000000
-1.272464
1.012695
0.739785
-1.322273
0.788938
0.677186
0.000000
0.000000
0.000000
0.000000
0.000000
0.000000
-1.192859
0.683703
0.780599
-1.265077
0.659308
0.783599
0.000000
0.000000
0.000000
0.000000
0.000000
0.000000
-1.527762
0.761916
0.772950
-1.516202
0.787426
0.754977
0.000000
0.000000
0.000000
0.000000
0.000000
0.000000
-1.132396
0.827163
0.910739
-1.134958
0.686599
0.822417
0.000000
0.000000
0.000000
0.000000
0.000000
0.000000
-1.205550
1.119634
0.675496
-1.302335
1.054743
0.635638
0.000000
0.000000
0.000000
0.000000
0.000000
0.000000
-1.144160
1.062356
0.573781
-1.330704
0.810834
0.665682
0.000000
0.000000
0.000000
0.000000
0.000000
0.000000
-0.881806
1.040129
0.656622
-1.030489
0.896479
0.635279
0.000000
0.000000
0.000000
0.000000
0.000000
0.000000
0.000000
0.000000
0.000000
-1.062241
0.983928
0.649621
0.000000
0.000000
0.000000
-1.203116
0.524594
0.704351
0.000000
0.000000
0.000000
-1.189747
0.526071
0.704351
0.000000
0.000000
0.000000
0.000000
0.000000
0.000000
-1.105102
1.048285
0.669098
-1.135301
1.092366
0.597466
0.000000
0.000000
0.000000
0.000000
0.000000
0.000000
-1.220155
0.656401
0.714169
-1.264670
0.638746
0.959785
0.000000
0.000000
0.000000
0.000000
0.000000
0.000000
-1.379502
0.576618
0.652659
-1.435585
0.456704
1.063262
0.000000
0.000000
0.000000
0.000000
0.000000
0.000000
-1.401456
0.548908
0.861523
-1.470720
0.483629
0.860431
0.000000
0.000000
0.000000
0.000000
0.000000
0.000000
-1.062036
0.418315
0.886859
-0.904578
0.584617
0.849408
0.000000
0.000000
0.000000
0.000000
0.000000
0.000000
-1.445226
0.619975
0.838270
-1.458280
0.659814
0.830078
0.000000
0.000000
0.000000
0.000000
0.000000
0.000000
-1.250646
1.021659
0.665878
-1.321747
0.858885
0.673788
0.000000
0.000000
0.000000
0.000000
0.000000
0.000000
-1.379708
0.607809
0.869830
-1.417330
0.642263
0.892953
0.000000
0.000000
0.000000
0.000000
0.000000
0.000000
-1.197020
0.565679
0.813470
-1.267713
0.536244
0.856369
0.000000
0.000000
0.000000
0.000000
0.000000
0.000000
-1.221635
1.042175
0.874759
-1.292349
0.758602
0.742524
0.000000
0.000000
0.000000
0.000000
0.000000
0.000000
-1.280164
0.601173
0.874416
-1.320000
0.552066
0.798322
0.000000
0.000000
0.000000
0.000000
0.000000
0.000000
0.000000
0.000000
0.000000
-1.087464
0.585386
0.810453
0.000000
0.000000
0.000000
0.000000
0.000000
0.000000
-1.176253
0.915380
0.643292
-1.050659
1.143451
0.771073
0.000000
0.000000
0.000000
0.000000
0.000000
0.000000
-1.079521
0.592850
0.724817
-1.100454
0.549146
0.822984
0.000000
0.000000
0.000000
0.000000
0.000000
0.000000
0.000000
0.000000
0.000000
-1.324733
0.511240
0.822727
0.000000
0.000000
0.000000
0.000000
0.000000
0.000000
-1.278609
0.515267
0.894787
-1.311165
0.606199
0.835961
-1.102137
0.591383
0.758517
-1.105465
0.621483
0.822901
-1.070367
0.597381
0.758517
-1.068553
0.588744
0.855224
0.000000
0.000000
0.000000
0.000000
0.000000
0.000000
-1.222196
0.981976
0.639906
-1.232089
1.120078
0.650256
0.000000
0.000000
0.000000
0.000000
0.000000
0.000000
-1.223639
0.514181
1.282907
-1.298017
0.539116
1.096236
0.000000
0.000000
0.000000
0.000000
0.000000
0.000000
0.000000
0.000000
0.000000
-0.838725
1.582030
0.628406
0.000000
0.000000
0.000000
0.000000
0.000000
0.000000
-1.281306
0.635099
0.910299
-1.414136
0.483426
0.901260
0.000000
0.000000
0.000000
0.000000
0.000000
0.000000
-1.087413
1.222613
0.803020
-1.156942
0.994045
0.722947
0.000000
0.000000
0.000000
0.000000
0.000000
0.000000
-1.280469
0.816007
0.888718
-1.262771
0.852546
0.721620
0.000000
0.000000
0.000000
0.000000
0.000000
0.000000
-1.234667
0.596367
0.680983
-1.266580
0.842585
0.781395
0.000000
0.000000
0.000000
0.000000
0.000000
0.000000
0.000000
0.000000
0.000000
-1.117612
0.905318
0.725648
0.000000
0.000000
0.000000
0.000000
0.000000
0.000000
-1.483850
0.901303
0.728871
-1.509360
0.901267
0.744937
0.000000
0.000000
0.000000
0.000000
0.000000
0.000000
-1.007307
0.925612
0.668038
-1.078098
0.898977
0.624880
0.000000
0.000000
0.000000
0.000000
0.000000
0.000000
-1.480398
1.253530
0.573478
-1.513319
1.406559
0.503062
0.000000
0.000000
0.000000
0.000000
0.000000
0.000000
-1.183147
0.721654
0.718272
-1.249581
0.743122
0.741722
0.000000
0.000000
0.000000
0.000000
0.000000
0.000000
-1.113611
0.784270
0.806756
-1.258536
0.686833
0.768273
0.000000
0.000000
0.000000
0.000000
0.000000
0.000000
0.000000
0.000000
0.000000
-1.435878
0.582974
0.702295
0.000000
0.000000
0.000000
0.000000
0.000000
0.000000
-1.495479
1.169965
0.573770
-1.518853
1.234018
0.581527
0.000000
0.000000
0.000000
0.000000
0.000000
0.000000
0.000000
0.000000
0.000000
-1.099445
1.148332
0.798188
0.000000
0.000000
0.000000
0.000000
0.000000
0.000000
-1.173615
0.432807
0.655952
-1.239879
0.391535
1.037150
0.000000
0.000000
0.000000
0.000000
0.000000
0.000000
-1.352812
0.733692
0.747541
-1.370467
0.610898
0.793771
0.000000
0.000000
0.000000
0.000000
0.000000
0.000000
-1.388217
1.037826
0.645930
-1.416769
1.035791
0.654256
0.000000
0.000000
0.000000
0.000000
0.000000
0.000000
-1.308958
1.150712
0.582836
-1.378063
1.128354
0.595572
0.000000
0.000000
0.000000
0.000000
0.000000
0.000000
-1.339667
0.355992
0.900175
-1.447261
0.356861
0.879992
0.000000
0.000000
0.000000
0.000000
0.000000
0.000000
0.000000
0.000000
0.000000
-0.967995
0.823285
0.706305
0.000000
0.000000
0.000000
0.000000
0.000000
0.000000
-1.320838
0.663273
0.803505
-1.369253
0.603559
0.824462
0.000000
0.000000
0.000000
0.000000
0.000000
0.000000
-1.196331
1.090073
0.734986
-1.258942
0.866344
0.765803
0.000000
0.000000
0.000000
0.000000
0.000000
0.000000
-1.192876
0.910375
0.784035
-1.337002
0.883669
0.734046
0.000000
0.000000
0.000000
0.000000
0.000000
0.000000
-1.225113
0.431333
0.754325
-1.005243
0.652594
0.874567
0.000000
0.000000
0.000000
0.000000
0.000000
0.000000
-1.378363
0.717481
0.742939
-1.436988
0.596104
0.867002
0.000000
0.000000
0.000000
0.000000
0.000000
0.000000
0.000000
0.000000
0.000000
-0.978893
0.716986
0.747157
0.000000
0.000000
0.000000
0.000000
0.000000
0.000000
0.000000
0.000000
0.000000
-1.351784
0.548888
0.679493
0.000000
0.000000
0.000000
0.000000
0.000000
0.000000
-1.494516
0.957489
0.717796
-1.533019
0.916255
0.726243
0.000000
0.000000
0.000000
0.000000
0.000000
0.000000
0.000000
0.000000
0.000000
-1.521766
1.082816
0.610938
0.000000
0.000000
0.000000
0.000000
0.000000
0.000000
-1.152427
0.510648
0.764069
-1.196237
0.582931
0.855990
0.000000
0.000000
0.000000
0.000000
0.000000
0.000000
-1.401246
0.757994
0.792296
-1.431436
0.747656
0.813366
0.000000
0.000000
0.000000
0.000000
0.000000
0.000000
-1.348773
0.515109
0.830147
-1.415072
0.589463
0.865138
0.000000
0.000000
0.000000
0.000000
0.000000
0.000000
-1.119099
0.740235
0.807143
-1.169933
0.696033
0.749136
0.000000
0.000000
0.000000
0.000000
0.000000
0.000000
-1.319669
0.743575
0.774749
-1.314126
0.795620
0.751167
-1.288252
0.809819
0.764151
-1.297777
0.836334
0.735620
-1.136464
1.195627
0.492791
-1.168145
1.198270
0.483473
0.000000
0.000000
0.000000
0.000000
0.000000
0.000000
-1.363719
0.387005
0.695322
-1.326294
0.345924
1.019610
0.000000
0.000000
0.000000
0.000000
0.000000
0.000000
-1.709440
0.867991
0.795867
-1.734295
0.863226
0.783620
0.000000
0.000000
0.000000
0.000000
0.000000
0.000000
-1.300592
0.782794
0.809495
-1.313822
0.830294
0.780438
0.000000
0.000000
0.000000
0.000000
0.000000
0.000000
-1.146749
1.259976
0.604016
-1.163982
1.181633
0.579183
0.000000
0.000000
0.000000
0.000000
0.000000
0.000000
0.000000
0.000000
0.000000
-1.316220
0.769808
0.712399
0.000000
0.000000
0.000000
0.000000
0.000000
0.000000
-1.228284
0.954179
0.801353
-1.321630
1.309123
0.780809
0.000000
0.000000
0.000000
0.000000
0.000000
0.000000
0.000000
0.000000
0.000000
-1.079972
0.633133
0.636301
0.000000
0.000000
0.000000
0.000000
0.000000
0.000000
0.000000
0.000000
0.000000
-1.274940
0.539888
0.716678
0.000000
0.000000
0.000000
0.000000
0.000000
0.000000
-1.212476
0.568650
0.657548
-1.110578
0.779557
0.812673
0.000000
0.000000
0.000000
0.000000
0.000000
0.000000
-0.999869
0.866967
0.742771
-1.045517
1.027058
0.745459
0.000000
0.000000
0.000000
0.000000
0.000000
0.000000
-1.592091
0.558942
0.859057
-1.617565
0.574048
0.858934
0.000000
0.000000
0.000000
0.000000
0.000000
0.000000
-1.235830
0.849411
0.559915
-1.213432
1.032781
0.630526
0.000000
0.000000
0.000000
-1.113241
0.802561
0.810837
0.000000
0.000000
0.000000
-1.091426
0.815107
0.810837
0.000000
0.000000
0.000000
0.000000
0.000000
0.000000
-1.191694
0.821992
0.828521
-1.238529
0.803892
0.780410
0.000000
0.000000
0.000000
0.000000
0.000000
0.000000
-1.518865
0.894537
0.750948
-1.540732
0.906893
0.747748
0.000000
0.000000
0.000000
0.000000
0.000000
0.000000
-1.220882
1.059513
0.548928
-1.294130
1.036237
0.615033
0.000000
0.000000
0.000000
0.000000
0.000000
0.000000
-1.171475
1.115632
0.470857
-1.210424
1.195959
0.524927
0.000000
0.000000
0.000000
0.000000
0.000000
0.000000
-1.159686
0.886550
0.675543
-1.159356
0.843085
0.629827
0.000000
0.000000
0.000000
0.000000
0.000000
0.000000
0.000000
0.000000
0.000000
-1.172377
0.736560
0.831017
0.000000
0.000000
0.000000
-1.239480
0.836388
0.678709
0.000000
0.000000
0.000000
-1.311065
0.849452
0.655160
0.000000
0.000000
0.000000
0.000000
0.000000
0.000000
-1.461795
0.496025
0.767660
-1.416449
0.720544
0.857310
-1.333315
1.042613
0.658565
-1.365836
1.027830
0.651314
-1.201366
1.000405
0.665132
-1.236475
0.975586
0.659418
0.000000
0.000000
0.000000
0.000000
0.000000
0.000000
0.000000
0.000000
0.000000
-0.984515
0.698198
0.930141
0.000000
0.000000
0.000000
0.000000
0.000000
0.000000
-0.994534
1.337328
0.640822
-1.110885
0.974147
0.607348
0.000000
0.000000
0.000000
0.000000
0.000000
0.000000
-1.145172
0.717696
0.664936
-1.235346
0.761073
0.782453
0.000000
0.000000
0.000000
0.000000
0.000000
0.000000
-1.262504
0.875673
0.736968
-1.362947
0.810492
0.756164
0.000000
0.000000
0.000000
0.000000
0.000000
0.000000
-1.467320
0.346638
0.865961
-1.514254
0.306764
0.895672
0.000000
0.000000
0.000000
0.000000
0.000000
0.000000
0.000000
0.000000
0.000000
-1.302581
0.686840
0.733723
0.000000
0.000000
0.000000
0.000000
0.000000
0.000000
-1.130561
0.985567
0.563770
-1.165930
1.034900
0.589383
0.000000
0.000000
0.000000
0.000000
0.000000
0.000000
-1.315732
0.537955
0.757843
-1.374663
0.601360
0.832430
0.000000
0.000000
0.000000
0.000000
0.000000
0.000000
0.000000
0.000000
0.000000
-1.053353
2.289568
0.611962
0.000000
0.000000
0.000000
0.000000
0.000000
0.000000
-1.125274
0.789014
0.745010
-1.186750
0.945141
0.732026
0.000000
0.000000
0.000000
0.000000
0.000000
0.000000
-1.174216
0.589841
0.769155
-1.277535
0.773841
0.800315
0.000000
0.000000
0.000000
0.000000
0.000000
0.000000
-1.227380
0.452898
0.800566
-1.169475
0.494825
0.854012
0.000000
0.000000
0.000000
-1.142433
0.587793
0.680269
0.000000
0.000000
0.000000
-1.096333
0.598106
0.680269
0.000000
0.000000
0.000000
0.000000
0.000000
0.000000
-1.133669
0.957355
0.799871
-1.215204
0.973577
0.719704
0.000000
0.000000
0.000000
0.000000
0.000000
0.000000
-1.248621
0.823469
0.777008
-1.224431
0.881642
0.725786
0.000000
0.000000
0.000000
0.000000
0.000000
0.000000
-1.393196
0.270968
0.890119
-1.421524
0.282673
0.890687
0.000000
0.000000
0.000000
0.000000
0.000000
0.000000
-1.524593
0.552699
0.799496
-1.581353
0.500166
0.857271
0.000000
0.000000
0.000000
0.000000
0.000000
0.000000
-1.497467
0.978441
0.737293
-1.545358
0.966150
0.743435
0.000000
0.000000
0.000000
0.000000
0.000000
0.000000
-1.407145
0.420423
0.852874
-1.386530
0.387281
0.877792
0.000000
0.000000
0.000000
0.000000
0.000000
0.000000
-1.213588
0.969821
0.644016
-1.168250
1.133631
0.653146
-1.395119
0.462300
0.847376
-1.390935
0.545839
0.863067
-1.317006
0.482488
0.839896
-1.306894
0.565078
0.856625
0.000000
0.000000
0.000000
0.000000
0.000000
0.000000
-1.233076
0.946556
0.636503
-1.290533
1.073075
0.634970
0.000000
0.000000
0.000000
0.000000
0.000000
0.000000
0.000000
0.000000
0.000000
-1.192204
0.650306
0.925871
0.000000
0.000000
0.000000
0.000000
0.000000
0.000000
-1.326974
0.906352
0.692361
-1.384186
0.947715
0.687541
0.000000
0.000000
0.000000
0.000000
0.000000
0.000000
-1.193599
0.592729
0.834445
-1.150684
0.664276
0.800765
-1.368574
0.374002
0.862124
-1.367102
0.388834
0.874115
-1.352468
0.391164
0.857299
-1.366441
0.393004
0.870022
0.000000
0.000000
0.000000
0.000000
0.000000
0.000000
-1.442182
0.618974
0.818233
-1.429827
0.677872
0.835791
0.000000
0.000000
0.000000
0.000000
0.000000
0.000000
0.000000
0.000000
0.000000
-1.263636
0.726894
0.790561
0.000000
0.000000
0.000000
0.000000
0.000000
0.000000
0.000000
0.000000
0.000000
-1.259242
0.852481
0.746817
0.000000
0.000000
0.000000
0.000000
0.000000
0.000000
0.000000
0.000000
0.000000
-1.290815
0.770801
0.691028
0.000000
0.000000
0.000000
0.000000
0.000000
0.000000
-1.292428
0.743500
0.736646
-1.374697
0.741612
0.798396
0.000000
0.000000
0.000000
0.000000
0.000000
0.000000
-1.412050
0.570914
0.839830
-1.394682
0.596488
0.848312
0.000000
0.000000
0.000000
0.000000
0.000000
0.000000
-1.135314
0.640514
0.818738
-1.254694
0.571462
0.791567
0.000000
0.000000
0.000000
0.000000
0.000000
0.000000
0.000000
0.000000
0.000000
-0.986491
1.161990
0.739731
0.000000
0.000000
0.000000
0.000000
0.000000
0.000000
-1.370068
0.952523
0.716309
-1.399314
0.930273
0.720833
0.000000
0.000000
0.000000
0.000000
0.000000
0.000000
-1.570232
1.097824
0.676628
-1.606418
1.096169
0.680421
0.000000
0.000000
0.000000
0.000000
0.000000
0.000000
-1.153224
0.688315
0.669792
-1.258587
0.543832
0.828348
0.000000
0.000000
0.000000
0.000000
0.000000
0.000000
-1.293729
0.440489
0.768648
-1.312081
0.514375
0.791163
0.000000
0.000000
0.000000
0.000000
0.000000
0.000000
-1.022532
0.632500
0.868493
-1.116270
0.547926
0.757190
0.000000
0.000000
0.000000
0.000000
0.000000
0.000000
-1.309936
0.617086
0.757288
-1.359708
0.598119
0.800890
0.000000
0.000000
0.000000
0.000000
0.000000
0.000000
-1.131525
0.768847
0.676153
-1.078021
0.877083
0.765982
0.000000
0.000000
0.000000
0.000000
0.000000
0.000000
-1.095566
0.987933
0.653474
-1.132331
0.997849
0.628157
0.000000
0.000000
0.000000
0.000000
0.000000
0.000000
-1.170024
1.082713
0.828526
-1.281911
0.827364
0.803784
0.000000
0.000000
0.000000
-1.254683
1.170184
0.735451
0.000000
0.000000
0.000000
-1.322641
0.963485
0.739221
0.000000
0.000000
0.000000
0.000000
0.000000
0.000000
0.000000
0.000000
0.000000
-0.879949
1.473292
0.657772
0.000000
0.000000
0.000000
0.000000
0.000000
0.000000
-1.354723
0.530598
0.869354
-1.381199
0.541309
0.850870
0.000000
0.000000
0.000000
0.000000
0.000000
0.000000
-1.396276
0.421121
0.942806
-1.351304
0.556916
0.851724
0.000000
0.000000
0.000000
0.000000
0.000000
0.000000
-1.070419
0.682312
0.707387
-1.149750
0.571097
0.803121
0.000000
0.000000
0.000000
0.000000
0.000000
0.000000
-1.138276
0.870390
0.600262
-1.169453
0.945124
0.611107
0.000000
0.000000
0.000000
0.000000
0.000000
0.000000
-1.388985
0.679917
0.758557
-1.413549
0.640648
0.731121
0.000000
0.000000
0.000000
0.000000
0.000000
0.000000
0.000000
0.000000
0.000000
-1.367903
0.475098
1.077616
0.000000
0.000000
0.000000
0.000000
0.000000
0.000000
-1.241603
0.656912
0.803528
-1.277931
0.757117
0.814121
0.000000
0.000000
0.000000
0.000000
0.000000
0.000000
-1.508443
0.268000
0.893798
-1.512635
0.264783
0.894484
0.000000
0.000000
0.000000
0.000000
0.000000
0.000000
-0.972407
0.858619
0.935540
-1.082206
0.935857
0.847574
-1.209660
0.791961
0.776941
-1.255464
0.694525
0.745612
-1.163110
0.760901
0.754176
-1.172611
0.623659
0.768973
0.000000
0.000000
0.000000
0.000000
0.000000
0.000000
-1.396562
0.513122
0.858624
-1.459018
0.461088
0.874181
-1.355429
0.278766
0.889873
-1.389687
0.236658
0.900878
-1.347274
0.266871
0.887768
-1.383518
0.225603
0.899659
0.000000
0.000000
0.000000
0.000000
0.000000
0.000000
-1.385705
0.826866
0.769084
-1.431214
0.848732
0.783188
0.000000
0.000000
0.000000
0.000000
0.000000
0.000000
-1.188140
1.090066
0.732310
-1.246227
0.926097
0.708386
0.000000
0.000000
0.000000
0.000000
0.000000
0.000000
-1.429069
0.622645
0.814500
-1.434909
0.658200
0.853648
0.000000
0.000000
0.000000
0.000000
0.000000
0.000000
0.000000
0.000000
0.000000
-1.323792
0.518943
0.767978
0.000000
0.000000
0.000000
0.000000
0.000000
0.000000
-1.355011
0.784740
0.808081
-1.362827
0.824215
0.751350
0.000000
0.000000
0.000000
0.000000
0.000000
0.000000
-1.231535
0.647602
0.757600
-1.248899
0.611973
0.730311
0.000000
0.000000
0.000000
0.000000
0.000000
0.000000
-1.348923
1.354837
0.460747
-1.387720
1.378489
0.416895
0.000000
0.000000
0.000000
0.000000
0.000000
0.000000
-1.289119
0.426661
0.875731
-1.302192
0.410754
0.849984
0.000000
0.000000
0.000000
0.000000
0.000000
0.000000
-1.349874
0.536586
0.778940
-1.360942
0.428003
0.860862
0.000000
0.000000
0.000000
0.000000
0.000000
0.000000
-1.319530
1.039164
0.692088
-1.376822
1.124142
0.596379
0.000000
0.000000
0.000000
0.000000
0.000000
0.000000
-1.496209
1.001901
0.675981
-1.501964
1.091796
0.653850
0.000000
0.000000
0.000000
0.000000
0.000000
0.000000
-1.269615
0.606960
0.817322
-1.275881
0.701772
0.800425
0.000000
0.000000
0.000000
0.000000
0.000000
0.000000
-1.180242
0.608864
0.742339
-1.294271
0.717635
0.889611
0.000000
0.000000
0.000000
0.000000
0.000000
0.000000
-1.054336
1.059656
0.825906
-1.148958
0.847598
0.884151
0.000000
0.000000
0.000000
-1.215595
0.990336
0.821599
0.000000
0.000000
0.000000
-1.194548
1.018415
0.821599
0.000000
0.000000
0.000000
0.000000
0.000000
0.000000
0.000000
0.000000
0.000000
-0.971077
1.004462
0.722601
-1.147089
0.899152
0.713705
-1.247637
0.985106
0.688243
-1.116993
0.908515
0.713705
-1.237315
0.903442
0.710183
0.000000
0.000000
0.000000
0.000000
0.000000
0.000000
-1.297302
1.196201
0.524028
-1.364181
1.208620
0.513364
0.000000
0.000000
0.000000
0.000000
0.000000
0.000000
-1.126201
0.568150
0.851285
-1.198731
0.481770
0.852501
0.000000
0.000000
0.000000
0.000000
0.000000
0.000000
-1.506856
0.416225
0.680194
-1.621988
0.319268
1.111019
0.000000
0.000000
0.000000
0.000000
0.000000
0.000000
-1.248010
0.832634
0.812809
-1.316301
0.744174
0.767805
0.000000
0.000000
0.000000
0.000000
0.000000
0.000000
-1.112417
0.686232
0.942224
-1.256840
0.592441
0.865691
0.000000
0.000000
0.000000
0.000000
0.000000
0.000000
-1.214221
1.047407
0.785079
-1.203423
0.969514
0.702477
0.000000
0.000000
0.000000
0.000000
0.000000
0.000000
-1.457233
0.488728
0.821943
-1.515407
0.424208
0.883004
0.000000
0.000000
0.000000
0.000000
0.000000
0.000000
0.000000
0.000000
0.000000
-1.324627
0.509417
0.717205
0.000000
0.000000
0.000000
0.000000
0.000000
0.000000
0.000000
0.000000
0.000000
-1.067174
0.684565
0.696272
0.000000
0.000000
0.000000
0.000000
0.000000
0.000000
-1.325657
1.099544
0.610152
-1.347335
1.099407
0.599711
-1.029579
0.730097
0.919183
-1.181332
0.699537
0.789725
-1.001934
0.742623
0.919183
-1.194831
0.614838
0.821221
0.000000
0.000000
0.000000
0.000000
0.000000
0.000000
0.000000
0.000000
0.000000
-1.163156
0.805697
0.801464
-1.225768
0.692092
0.797891
-1.268040
0.692252
0.796134
-1.233669
0.834342
0.741955
-1.257279
0.835124
0.742059
0.000000
0.000000
0.000000
0.000000
0.000000
0.000000
-1.096493
0.755622
0.718666
-1.150900
0.724794
0.752561
0.000000
0.000000
0.000000
0.000000
0.000000
0.000000
-1.130806
0.809007
0.763781
-1.204347
0.647182
0.812166
0.000000
0.000000
0.000000
0.000000
0.000000
0.000000
-1.032402
0.635813
0.848828
-0.998138
0.714784
0.751257
0.000000
0.000000
0.000000
0.000000
0.000000
0.000000
-1.354450
0.418601
0.924703
-1.402018
0.380021
0.882801
0.000000
0.000000
0.000000
0.000000
0.000000
0.000000
-1.499468
0.279630
0.893888
-1.481897
0.302274
0.896397
0.000000
0.000000
0.000000
-1.079912
0.612548
0.816045
0.000000
0.000000
0.000000
-1.065865
0.615047
0.816045
-1.302231
0.642197
0.836319
-1.295317
0.684655
0.841252
-1.263049
0.641819
0.831325
-1.252605
0.653867
0.857390
0.000000
0.000000
0.000000
0.000000
0.000000
0.000000
-1.196349
0.980314
0.733404
-1.270970
0.826289
0.689102
0.000000
0.000000
0.000000
0.000000
0.000000
0.000000
-1.167417
1.033963
0.803696
-1.186206
0.865286
0.692654
0.000000
0.000000
0.000000
0.000000
0.000000
0.000000
-1.295679
0.565060
1.092523
-1.304904
0.553942
0.905297
0.000000
0.000000
0.000000
0.000000
0.000000
0.000000
0.000000
0.000000
0.000000
-1.183730
0.903136
0.596752
0.000000
0.000000
0.000000
0.000000
0.000000
0.000000
0.000000
0.000000
0.000000
-1.321915
0.714123
0.726546
0.000000
0.000000
0.000000
0.000000
0.000000
0.000000
0.000000
0.000000
0.000000
-1.212163
1.727415
0.682817
0.000000
0.000000
0.000000
0.000000
0.000000
0.000000
-1.290616
0.935268
0.692371
-1.325526
1.084631
0.661691
0.000000
0.000000
0.000000
0.000000
0.000000
0.000000
-1.373066
0.684106
0.900060
-1.409777
0.548656
0.878704
0.000000
0.000000
0.000000
0.000000
0.000000
0.000000
-1.134291
0.628492
0.711316
-0.926039
0.977278
0.724118
0.000000
0.000000
0.000000
0.000000
0.000000
0.000000
-1.426326
0.698868
0.808390
-1.488110
0.591344
0.816934
0.000000
0.000000
0.000000
0.000000
0.000000
0.000000
-1.404892
0.562276
0.602659
-1.421993
0.756991
0.951721
0.000000
0.000000
0.000000
0.000000
0.000000
0.000000
-1.171729
0.777865
0.720901
-1.190771
0.836934
0.852792
0.000000
0.000000
0.000000
0.000000
0.000000
0.000000
-1.541745
0.853102
0.763442
-1.564825
0.862674
0.764144
0.000000
0.000000
0.000000
0.000000
0.000000
0.000000
-1.278109
0.521032
0.822250
-1.307404
0.484097
0.841525
0.000000
0.000000
0.000000
0.000000
0.000000
0.000000
-1.393757
1.192974
0.614073
-1.416377
1.114696
0.612983
0.000000
0.000000
0.000000
0.000000
0.000000
0.000000
-1.246530
0.741822
0.722188
-1.231572
0.858926
0.746578
0.000000
0.000000
0.000000
0.000000
0.000000
0.000000
-1.230458
0.886399
0.826788
-1.266402
1.047702
0.727467
0.000000
0.000000
0.000000
0.000000
0.000000
0.000000
-1.220385
0.552829
0.611183
-1.313913
0.469415
1.167031
0.000000
0.000000
0.000000
-1.151727
0.635472
0.738333
0.000000
0.000000
0.000000
-1.127957
0.650135
0.738333
0.000000
0.000000
0.000000
0.000000
0.000000
0.000000
-1.292319
0.566494
0.814349
-1.322855
0.513088
0.860841
0.000000
0.000000
0.000000
0.000000
0.000000
0.000000
0.000000
0.000000
0.000000
-1.027685
0.812736
0.730446
0.000000
0.000000
0.000000
0.000000
0.000000
0.000000
-1.321963
1.094351
0.616315
-1.384960
1.000968
0.657628
0.000000
0.000000
0.000000
0.000000
0.000000
0.000000
-1.280137
0.590602
0.818665
-1.316777
0.656829
0.772824
0.000000
0.000000
0.000000
0.000000
0.000000
0.000000
-1.374457
0.521907
0.850686
-1.382367
0.494009
0.840599
0.000000
0.000000
0.000000
0.000000
0.000000
0.000000
-1.291979
0.625300
0.784114
-1.306103
0.563374
0.846440
0.000000
0.000000
0.000000
0.000000
0.000000
0.000000
-1.416835
0.895873
0.810794
-1.429698
0.899282
0.692900
0.000000
0.000000
0.000000
0.000000
0.000000
0.000000
-1.370949
0.558607
0.760517
-1.466787
0.621488
0.807779
0.000000
0.000000
0.000000
0.000000
0.000000
0.000000
-1.060403
1.651962
0.435053
-1.229126
1.164702
0.469663
0.000000
0.000000
0.000000
0.000000
0.000000
0.000000
-1.374013
0.425387
0.882655
-1.414646
0.433969
0.870107
0.000000
0.000000
0.000000
0.000000
0.000000
0.000000
-1.254374
0.552332
0.776454
-1.260184
0.632387
0.767708
0.000000
0.000000
0.000000
0.000000
0.000000
0.000000
-1.461633
0.458272
0.883174
-1.514945
0.511350
0.853106
0.000000
0.000000
0.000000
0.000000
0.000000
0.000000
-1.394093
1.030986
0.660522
-1.423098
1.022435
0.677009
0.000000
0.000000
0.000000
0.000000
0.000000
0.000000
-1.215473
1.107296
0.645863
-1.212628
1.198716
0.557113
0.000000
0.000000
0.000000
0.000000
0.000000
0.000000
0.000000
0.000000
0.000000
-1.077697
1.312421
0.844375
0.000000
0.000000
0.000000
0.000000
0.000000
0.000000
-1.421824
0.304184
0.982276
-1.435578
0.291974
0.927587
0.000000
0.000000
0.000000
0.000000
0.000000
0.000000
-1.394186
0.580956
0.885350
-1.420602
0.767362
0.858867
0.000000
0.000000
0.000000
0.000000
0.000000
0.000000
-1.164548
1.806816
0.849872
-1.360808
1.116131
0.716031
0.000000
0.000000
0.000000
-1.200450
0.734099
0.711829
0.000000
0.000000
0.000000
-1.169915
0.755088
0.711829
0.000000
0.000000
0.000000
0.000000
0.000000
0.000000
-0.968638
0.670075
0.788830
-1.071536
0.718219
0.706204
0.000000
0.000000
0.000000
0.000000
0.000000
0.000000
-1.267636
1.288768
0.483863
-1.333565
1.337041
0.433977
0.000000
0.000000
0.000000
0.000000
0.000000
0.000000
-1.101814
0.654463
0.788013
-1.131828
0.568693
0.800483
0.000000
0.000000
0.000000
0.000000
0.000000
0.000000
-0.972565
1.010149
0.689064
-1.088758
0.985684
0.612578
0.000000
0.000000
0.000000
0.000000
0.000000
0.000000
0.000000
0.000000
0.000000
-1.220736
0.566094
0.788083
0.000000
0.000000
0.000000
0.000000
0.000000
0.000000
-0.811451
1.010670
0.842706
-0.960610
0.786641
0.789423
0.000000
0.000000
0.000000
0.000000
0.000000
0.000000
-1.193767
0.825639
0.820103
-1.260523
0.786402
0.743107
0.000000
0.000000
0.000000
0.000000
0.000000
0.000000
0.000000
0.000000
0.000000
-1.116133
0.428272
0.725880
0.000000
0.000000
0.000000
0.000000
0.000000
0.000000
0.000000
0.000000
0.000000
-1.182169
0.653623
0.650467
0.000000
0.000000
0.000000
0.000000
0.000000
0.000000
-1.131278
0.550414
0.808784
-1.186593
0.589391
0.834460
0.000000
0.000000
0.000000
0.000000
0.000000
0.000000
-1.541830
0.595682
0.701432
-1.510610
0.770237
0.883891
0.000000
0.000000
0.000000
0.000000
0.000000
0.000000
-1.245037
0.508976
0.658185
-1.234137
0.444505
1.031273
0.000000
0.000000
0.000000
0.000000
0.000000
0.000000
0.000000
0.000000
0.000000
-1.333275
1.027944
0.712577
0.000000
0.000000
0.000000
0.000000
0.000000
0.000000
-1.014933
2.014834
0.574096
-1.216832
1.029205
0.417295
0.000000
0.000000
0.000000
0.000000
0.000000
0.000000
-1.262086
0.663910
0.833796
-1.334706
0.575828
0.736104
0.000000
0.000000
0.000000
0.000000
0.000000
0.000000
0.000000
0.000000
0.000000
-1.060171
0.705925
0.711002
0.000000
0.000000
0.000000
0.000000
0.000000
0.000000
-1.211425
1.109037
0.652038
-1.262396
1.252146
0.545115
0.000000
0.000000
0.000000
0.000000
0.000000
0.000000
-1.351158
0.407040
0.960310
-1.418826
0.402180
0.905491
0.000000
0.000000
0.000000
0.000000
0.000000
0.000000
-1.085577
0.936119
0.798216
-1.236398
0.934050
0.779089
0.000000
0.000000
0.000000
0.000000
0.000000
0.000000
-1.180174
1.932218
0.702920
-1.341107
1.168230
0.555988
0.000000
0.000000
0.000000
0.000000
0.000000
0.000000
-1.222815
1.198892
0.470507
-1.259203
1.229410
0.453096
0.000000
0.000000
0.000000
0.000000
0.000000
0.000000
-1.179598
1.149066
0.843855
-1.242486
1.047081
0.794846
0.000000
0.000000
0.000000
0.000000
0.000000
0.000000
0.000000
0.000000
0.000000
-1.333475
0.462151
0.819615
0.000000
0.000000
0.000000
0.000000
0.000000
0.000000
-1.110623
0.729324
1.063391
-1.237676
0.585634
0.859744
0.000000
0.000000
0.000000
0.000000
0.000000
0.000000
-1.447243
0.532934
0.875130
-1.493725
0.506373
0.861837
0.000000
0.000000
0.000000
0.000000
0.000000
0.000000
-1.155183
0.821202
0.660167
-1.162749
1.054230
0.648618
0.000000
0.000000
0.000000
0.000000
0.000000
0.000000
-1.268612
0.965150
0.729053
-1.320115
0.934396
0.661126
-1.367947
0.395473
0.810640
-1.491296
0.351916
0.864044
-1.374475
0.402047
0.810640
-1.438730
0.436571
0.868843
0.000000
0.000000
0.000000
0.000000
0.000000
0.000000
-1.249560
0.937618
1.040909
-1.256516
0.949434
0.890033
0.000000
0.000000
0.000000
0.000000
0.000000
0.000000
-1.128579
0.682023
0.794471
-1.109091
0.746097
0.805198
0.000000
0.000000
0.000000
0.000000
0.000000
0.000000
-1.020487
1.095020
0.900110
-1.199454
0.855547
0.801640
0.000000
0.000000
0.000000
0.000000
0.000000
0.000000
-1.317996
1.154565
0.631522
-1.411923
1.038177
0.649192
0.000000
0.000000
0.000000
0.000000
0.000000
0.000000
-1.496346
1.153652
0.630691
-1.533728
1.159442
0.607324
0.000000
0.000000
0.000000
0.000000
0.000000
0.000000
-1.377421
0.511957
0.657907
-1.213829
0.606171
0.812255
0.000000
0.000000
0.000000
0.000000
0.000000
0.000000
-1.308896
0.611863
0.790275
-1.346798
0.637231
0.824534
-1.481048
0.494364
0.886927
-1.500287
0.504191
0.869198
-1.468058
0.524388
0.866828
-1.424967
0.593893
0.841559
0.000000
0.000000
0.000000
0.000000
0.000000
0.000000
-1.401588
0.608104
0.820094
-1.464275
0.615337
0.823725
-1.541620
0.748776
0.777420
-1.617433
0.561950
0.846066
-1.389978
0.732205
0.759435
-1.485697
0.537985
0.837778
0.000000
0.000000
0.000000
0.000000
0.000000
0.000000
-1.262177
0.738820
0.773457
-1.331510
0.721778
0.811439
0.000000
0.000000
0.000000
0.000000
0.000000
0.000000
-1.496331
0.872658
0.741012
-1.513460
0.890702
0.743617
0.000000
0.000000
0.000000
0.000000
0.000000
0.000000
-1.200573
0.593360
0.836651
-1.279842
0.556207
0.862166
0.000000
0.000000
0.000000
0.000000
0.000000
0.000000
-1.063078
0.941026
0.754097
-1.147014
0.799443
0.701215
0.000000
0.000000
0.000000
0.000000
0.000000
0.000000
-1.246993
0.987414
0.641527
-1.305809
0.962495
0.641282
0.000000
0.000000
0.000000
0.000000
0.000000
0.000000
-1.322949
0.698215
0.762847
-1.346888
0.872567
0.717425
-1.417004
0.419094
0.879096
-1.460104
0.373876
0.874266
-1.409815
0.420683
0.878963
-1.479473
0.379697
0.871913
0.000000
0.000000
0.000000
0.000000
0.000000
0.000000
-1.424333
0.418388
0.682718
-1.334884
0.509243
1.042941
0.000000
0.000000
0.000000
0.000000
0.000000
0.000000
-1.197564
0.701237
0.651980
-1.189715
0.750094
0.751059
0.000000
0.000000
0.000000
0.000000
0.000000
0.000000
-1.201123
0.707339
0.774225
-1.232546
0.714889
0.795691
0.000000
0.000000
0.000000
0.000000
0.000000
0.000000
-1.380464
0.653695
0.834688
-1.405227
0.663294
0.827226
0.000000
0.000000
0.000000
0.000000
0.000000
0.000000
0.000000
0.000000
0.000000
-1.211156
0.593184
0.838911
0.000000
0.000000
0.000000
0.000000
0.000000
0.000000
0.000000
0.000000
0.000000
-1.156539
0.558009
0.770596
0.000000
0.000000
0.000000
0.000000
0.000000
0.000000
-1.227206
0.628364
0.768805
-1.391874
0.593826
0.866202
0.000000
0.000000
0.000000
0.000000
0.000000
0.000000
-0.980451
1.645190
0.559827
-1.124009
0.906746
0.483603
0.000000
0.000000
0.000000
0.000000
0.000000
0.000000
-1.324257
0.563706
0.826360
-1.347602
0.514038
0.841445
0.000000
0.000000
0.000000
0.000000
0.000000
0.000000
-1.247870
0.521373
0.601110
-1.181699
0.733979
0.884240
0.000000
0.000000
0.000000
-1.067129
0.673700
0.616141
0.000000
0.000000
0.000000
-1.083156
0.677891
0.616141
0.000000
0.000000
0.000000
0.000000
0.000000
0.000000
0.000000
0.000000
0.000000
-0.923402
1.230427
0.716975
0.000000
0.000000
0.000000
0.000000
0.000000
0.000000
-1.416891
0.531765
0.829123
-1.445246
0.547160
0.828675
0.000000
0.000000
0.000000
0.000000
0.000000
0.000000
-1.098450
0.729445
0.612359
-0.953527
1.170146
0.581970
0.000000
0.000000
0.000000
0.000000
0.000000
0.000000
-1.157655
0.826483
0.746955
-1.192533
0.814590
0.766483
0.000000
0.000000
0.000000
0.000000
0.000000
0.000000
-1.209676
0.983935
0.722296
-1.296086
0.870804
0.700574
0.000000
0.000000
0.000000
0.000000
0.000000
0.000000
-1.287326
0.502805
0.631163
-1.389115
0.501808
0.926666
0.000000
0.000000
0.000000
0.000000
0.000000
0.000000
-1.083979
1.001496
0.637832
-1.107507
0.886432
0.692118
0.000000
0.000000
0.000000
0.000000
0.000000
0.000000
0.000000
0.000000
0.000000
-1.209996
0.475256
0.833422
0.000000
0.000000
0.000000
-1.113901
0.546759
0.689186
0.000000
0.000000
0.000000
-1.090770
0.549504
0.689186
0.000000
0.000000
0.000000
0.000000
0.000000
0.000000
0.000000
0.000000
0.000000
-1.003688
0.740639
0.845422
0.000000
0.000000
0.000000
0.000000
0.000000
0.000000
0.000000
0.000000
0.000000
-0.969661
0.885600
0.659563
0.000000
0.000000
0.000000
0.000000
0.000000
0.000000
-1.530217
0.617484
0.825086
-1.479003
0.697946
0.774378
0.000000
0.000000
0.000000
0.000000
0.000000
0.000000
-1.269566
0.626058
0.762971
-1.314832
0.579039
0.768091
0.000000
0.000000
0.000000
0.000000
0.000000
0.000000
-1.144386
0.668630
0.752793
-1.143502
0.771941
0.954210
0.000000
0.000000
0.000000
0.000000
0.000000
0.000000
-1.220608
0.572555
0.786743
-1.231211
0.703549
0.795172
0.000000
0.000000
0.000000
0.000000
0.000000
0.000000
-0.995472
0.918368
0.808086
-1.128387
0.714632
0.730417
0.000000
0.000000
0.000000
0.000000
0.000000
0.000000
-1.590254
0.483520
0.922974
-1.605872
0.440095
0.904012
0.000000
0.000000
0.000000
0.000000
0.000000
0.000000
-1.384915
0.565137
0.882141
-1.419228
0.570630
0.855263
0.000000
0.000000
0.000000
0.000000
0.000000
0.000000
-1.613829
0.220805
1.060111
-1.668241
0.177840
0.945069
0.000000
0.000000
0.000000
0.000000
0.000000
0.000000
-1.524630
0.935950
0.768739
-1.527007
0.993042
0.729630
0.000000
0.000000
0.000000
0.000000
0.000000
0.000000
-1.147952
0.885106
0.750860
-1.226547
1.116193
0.768590
0.000000
0.000000
0.000000
0.000000
0.000000
0.000000
0.000000
0.000000
0.000000
-1.316275
0.706956
0.751226
-1.439634
0.596068
0.632015
-1.419841
0.951989
0.836513
-1.442868
0.595621
0.632015
-1.417754
0.956648
0.836513
0.000000
0.000000
0.000000
0.000000
0.000000
0.000000
-1.292667
0.661535
0.814637
-1.352828
0.606045
0.836146
0.000000
0.000000
0.000000
0.000000
0.000000
0.000000
-1.284578
0.490095
0.690471
-1.315380
0.549055
0.885208
0.000000
0.000000
0.000000
0.000000
0.000000
0.000000
-1.179267
1.558899
0.761676
-1.335383
1.102731
0.626619
0.000000
0.000000
0.000000
0.000000
0.000000
0.000000
-1.231932
0.465805
0.819663
-1.179600
0.530267
0.825989
0.000000
0.000000
0.000000
0.000000
0.000000
0.000000
-1.633239
0.540938
0.852318
-1.658438
0.550528
0.857991
0.000000
0.000000
0.000000
0.000000
0.000000
0.000000
-1.349607
0.808152
0.686574
-1.452775
0.668856
0.795903
0.000000
0.000000
0.000000
0.000000
0.000000
0.000000
-1.447017
1.098105
0.665726
-1.476583
1.101627
0.662919
0.000000
0.000000
0.000000
0.000000
0.000000
0.000000
-1.277021
0.558589
0.872143
-1.332565
0.448793
0.848998
0.000000
0.000000
0.000000
0.000000
0.000000
0.000000
0.000000
0.000000
0.000000
-1.259096
0.618053
0.766017
-1.227889
0.982757
0.648491
-1.235168
0.951509
0.691209
-1.271475
0.900159
0.672052
-1.242612
0.864321
0.718779
0.000000
0.000000
0.000000
0.000000
0.000000
0.000000
-1.411736
0.541837
0.849282
-1.430260
0.543013
0.836544
0.000000
0.000000
0.000000
0.000000
0.000000
0.000000
-1.134511
0.481873
0.672082
-1.292125
0.415053
0.940637
0.000000
0.000000
0.000000
0.000000
0.000000
0.000000
0.000000
0.000000
0.000000
-1.510108
0.629209
0.753375
0.000000
0.000000
0.000000
0.000000
0.000000
0.000000
-0.910101
0.914724
0.809474
-1.012058
1.545524
0.743131
0.000000
0.000000
0.000000
0.000000
0.000000
0.000000
-1.226440
0.613030
0.815779
-1.266239
0.592057
0.817519
0.000000
0.000000
0.000000
0.000000
0.000000
0.000000
-1.258536
0.713935
0.699660
-1.386054
0.508126
0.747687
0.000000
0.000000
0.000000
0.000000
0.000000
0.000000
-1.135290
0.937124
0.700114
-1.251458
0.862888
0.682951
0.000000
0.000000
0.000000
0.000000
0.000000
0.000000
-1.326468
0.810024
0.743300
-1.369035
0.792079
0.769479
0.000000
0.000000
0.000000
0.000000
0.000000
0.000000
0.000000
0.000000
0.000000
-1.118878
0.978613
0.852923
0.000000
0.000000
0.000000
0.000000
0.000000
0.000000
0.000000
0.000000
0.000000
-1.411485
0.570941
0.776523
0.000000
0.000000
0.000000
0.000000
0.000000
0.000000
-1.252599
0.613131
0.795752
-1.342547
0.507688
0.776692
0.000000
0.000000
0.000000
0.000000
0.000000
0.000000
-1.116906
0.692334
0.695444
-1.174221
0.647850
0.697548
0.000000
0.000000
0.000000
0.000000
0.000000
0.000000
-1.351412
0.636023
0.763790
-1.293833
0.658364
0.899941
0.000000
0.000000
0.000000
0.000000
0.000000
0.000000
-1.156589
0.984622
0.618084
-1.176603
1.064568
0.552865
0.000000
0.000000
0.000000
0.000000
0.000000
0.000000
-1.152419
1.196412
0.701838
-1.254091
0.956643
0.720977
0.000000
0.000000
0.000000
0.000000
0.000000
0.000000
-1.150438
1.043251
0.704361
-1.205232
1.134834
0.653477
0.000000
0.000000
0.000000
0.000000
0.000000
0.000000
-0.991948
0.661686
0.811433
-1.042941
0.664087
0.787790
0.000000
0.000000
0.000000
0.000000
0.000000
0.000000
0.000000
0.000000
0.000000
-1.063309
0.925909
0.748089
0.000000
0.000000
0.000000
0.000000
0.000000
0.000000
-1.243893
0.832805
0.725003
-1.275535
0.831389
0.736747
0.000000
0.000000
0.000000
0.000000
0.000000
0.000000
-1.462046
0.387640
0.858006
-1.572316
0.308464
0.895123
0.000000
0.000000
0.000000
0.000000
0.000000
0.000000
-1.492354
0.446169
0.871331
-1.498095
0.516004
0.870603
0.000000
0.000000
0.000000
0.000000
0.000000
0.000000
-1.413548
0.732480
0.809135
-1.426222
0.739135
0.812598
0.000000
0.000000
0.000000
0.000000
0.000000
0.000000
-1.457564
0.458693
0.853804
-1.464876
0.491076
0.868595
0.000000
0.000000
0.000000
0.000000
0.000000
0.000000
-1.143523
0.693661
0.684089
-1.141212
0.714179
0.887508
0.000000
0.000000
0.000000
0.000000
0.000000
0.000000
-1.302171
0.910321
0.767586
-1.301804
1.026399
0.716707
0.000000
0.000000
0.000000
0.000000
0.000000
0.000000
-1.182765
0.476828
0.854960
-0.966302
0.735841
0.742325
-1.229706
1.247724
0.723413
-1.337984
1.105132
0.698994
-1.236035
1.238002
0.723357
-1.325289
1.132945
0.709638
0.000000
0.000000
0.000000
0.000000
0.000000
0.000000
-1.345296
0.624348
0.673502
-1.324867
0.738123
0.762579
0.000000
0.000000
0.000000
0.000000
0.000000
0.000000
0.000000
0.000000
0.000000
-0.948984
2.281136
0.768289
-1.368917
0.712963
0.667003
-1.432991
0.591887
0.878702
-1.262543
0.799850
0.656148
-1.292986
0.769679
0.861367
0.000000
0.000000
0.000000
0.000000
0.000000
0.000000
-1.457604
0.557491
0.794757
-1.437811
0.477324
0.868194
0.000000
0.000000
0.000000
0.000000
0.000000
0.000000
0.000000
0.000000
0.000000
-1.281845
0.775469
0.612228
0.000000
0.000000
0.000000
0.000000
0.000000
0.000000
-1.360189
0.400217
0.902658
-1.281697
0.510665
0.841151
0.000000
0.000000
0.000000
0.000000
0.000000
0.000000
-1.305917
0.555843
0.908089
-1.377284
0.451634
0.902326
0.000000
0.000000
0.000000
0.000000
0.000000
0.000000
-1.271433
1.157550
0.720157
-1.398372
0.932488
0.789279
0.000000
0.000000
0.000000
0.000000
0.000000
0.000000
-1.337555
0.680116
0.796552
-1.352974
0.711837
0.785211
0.000000
0.000000
0.000000
0.000000
0.000000
0.000000
-1.093913
0.811657
0.777757
-1.163094
0.571695
0.771533
0.000000
0.000000
0.000000
0.000000
0.000000
0.000000
-1.317602
0.676866
0.774743
-1.328900
0.876443
0.696195
0.000000
0.000000
0.000000
0.000000
0.000000
0.000000
-1.263757
1.132349
0.606780
-1.334685
1.103429
0.648036
0.000000
0.000000
0.000000
0.000000
0.000000
0.000000
0.000000
0.000000
0.000000
-1.287197
0.697946
0.729143
0.000000
0.000000
0.000000
0.000000
0.000000
0.000000
0.000000
0.000000
0.000000
-1.278830
0.688561
0.722782
0.000000
0.000000
0.000000
0.000000
0.000000
0.000000
0.000000
0.000000
0.000000
-1.200393
0.594512
0.788616
0.000000
0.000000
0.000000
0.000000
0.000000
0.000000
0.000000
0.000000
0.000000
-1.082920
0.750537
0.773263
0.000000
0.000000
0.000000
0.000000
0.000000
0.000000
0.000000
0.000000
0.000000
-1.099875
0.846619
0.908516
0.000000
0.000000
0.000000
0.000000
0.000000
0.000000
-1.345745
0.959521
0.675932
-1.402989
0.903324
0.706565
0.000000
0.000000
0.000000
0.000000
0.000000
0.000000
-1.464917
0.409460
0.746314
-1.445635
0.413022
1.012592
0.000000
0.000000
0.000000
0.000000
0.000000
0.000000
-1.493530
0.569628
0.883149
-1.522699
0.602874
0.852814
0.000000
0.000000
0.000000
0.000000
0.000000
0.000000
-1.138950
0.487203
0.896237
-1.179069
0.485830
0.880771
0.000000
0.000000
0.000000
0.000000
0.000000
0.000000
-1.271928
0.474233
0.707200
-1.393133
0.395303
1.020386
0.000000
0.000000
0.000000
0.000000
0.000000
0.000000
-1.320830
0.898188
0.692111
-1.318753
0.968719
0.737919
-1.165711
0.730094
0.754513
-1.224695
0.668967
0.770018
-1.052529
0.760960
0.722686
-1.088858
0.725191
0.743843
0.000000
0.000000
0.000000
0.000000
0.000000
0.000000
-1.205021
0.927063
0.641095
-1.262227
0.957633
0.681394
0.000000
0.000000
0.000000
0.000000
0.000000
0.000000
-1.242415
0.645653
0.847284
-1.256635
0.827383
0.801081
0.000000
0.000000
0.000000
0.000000
0.000000
0.000000
-1.406072
0.480048
0.750739
-1.416015
0.427683
1.055336
0.000000
0.000000
0.000000
0.000000
0.000000
0.000000
-0.969622
0.967004
0.615545
-1.050589
1.121038
0.534169
-1.272693
0.627631
0.771387
-1.249950
0.737074
0.820214
-1.207796
0.778748
0.704262
-1.201938
0.831223
0.781587
-1.409259
1.045999
0.693216
-1.448766
0.965405
0.667357
-1.320216
0.901191
0.678770
-1.339269
0.863934
0.688974
0.000000
0.000000
0.000000
0.000000
0.000000
0.000000
-1.370065
0.374748
0.903586
-1.401525
0.381245
0.881885
0.000000
0.000000
0.000000
0.000000
0.000000
0.000000
-1.489771
0.668608
0.850174
-1.502644
0.650397
0.831490
0.000000
0.000000
0.000000
0.000000
0.000000
0.000000
-1.520836
0.960057
0.676072
-1.528201
0.969821
0.689341
0.000000
0.000000
0.000000
0.000000
0.000000
0.000000
-1.236840
1.244440
0.488330
-1.312518
1.223637
0.533469
0.000000
0.000000
0.000000
0.000000
0.000000
0.000000
-1.071366
1.097225
0.800906
-1.184876
0.913359
0.798494
0.000000
0.000000
0.000000
0.000000
0.000000
0.000000
-1.315446
1.040457
0.488483
-1.316083
1.230485
0.544623
0.000000
0.000000
0.000000
0.000000
0.000000
0.000000
0.000000
0.000000
0.000000
-1.165821
0.450953
0.647429
0.000000
0.000000
0.000000
0.000000
0.000000
0.000000
-1.378631
0.980747
0.702978
-1.419295
1.002838
0.689928
0.000000
0.000000
0.000000
0.000000
0.000000
0.000000
-1.242011
1.282244
0.457965
-1.302512
1.210746
0.497338
0.000000
0.000000
0.000000
0.000000
0.000000
0.000000
0.000000
0.000000
0.000000
-1.017430
0.472883
0.715596
0.000000
0.000000
0.000000
0.000000
0.000000
0.000000
-1.279065
1.106478
0.714558
-1.316838
1.066712
0.633001
0.000000
0.000000
0.000000
0.000000
0.000000
0.000000
0.000000
0.000000
0.000000
-1.124147
0.852065
0.665612
0.000000
0.000000
0.000000
0.000000
0.000000
0.000000
-1.043680
0.747937
0.588454
-1.119433
0.769803
0.637972
0.000000
0.000000
0.000000
0.000000
0.000000
0.000000
-1.119870
1.156116
0.775219
-1.194123
0.971111
0.640370
0.000000
0.000000
0.000000
0.000000
0.000000
0.000000
-1.287298
1.060688
0.725207
-1.337694
0.896789
0.741488
0.000000
0.000000
0.000000
0.000000
0.000000
0.000000
0.000000
0.000000
0.000000
-1.030362
0.792522
0.634379
0.000000
0.000000
0.000000
0.000000
0.000000
0.000000
-1.269298
1.053360
0.597003
-1.336261
1.054495
0.559346
0.000000
0.000000
0.000000
0.000000
0.000000
0.000000
0.000000
0.000000
0.000000
-0.978623
1.571940
0.573485
0.000000
0.000000
0.000000
0.000000
0.000000
0.000000
-1.285632
0.850451
0.715933
-1.313464
0.918287
0.721370
0.000000
0.000000
0.000000
0.000000
0.000000
0.000000
-1.185569
0.951687
0.706819
-1.238590
0.881677
0.647233
0.000000
0.000000
0.000000
0.000000
0.000000
0.000000
0.000000
0.000000
0.000000
-1.290510
0.719432
0.713346
0.000000
0.000000
0.000000
0.000000
0.000000
0.000000
-1.339385
0.600624
0.860740
-1.341379
0.619785
0.834166
0.000000
0.000000
0.000000
0.000000
0.000000
0.000000
-1.178786
0.796537
0.779788
-1.245992
0.571291
0.866091
-1.433439
0.436011
0.892350
-1.487303
0.399262
0.875714
-1.394501
0.450936
0.873587
-1.449032
0.417447
0.872585
-0.927447
1.001190
0.595112
-0.980185
0.966039
0.593430
-0.963325
0.985551
0.625823
-0.971695
0.953043
0.611365
0.000000
0.000000
0.000000
0.000000
0.000000
0.000000
-1.300184
0.708013
0.790645
-1.332237
0.716705
0.800450
0.000000
0.000000
0.000000
0.000000
0.000000
0.000000
-1.225745
0.460589
0.815372
-1.233405
0.419401
0.957512
0.000000
0.000000
0.000000
0.000000
0.000000
0.000000
0.000000
0.000000
0.000000
-1.152681
0.670405
0.625648
0.000000
0.000000
0.000000
0.000000
0.000000
0.000000
-1.463007
0.743087
0.745603
-1.514064
0.811800
0.661761
0.000000
0.000000
0.000000
0.000000
0.000000
0.000000
-1.115497
0.823437
0.782382
-1.276047
0.828967
0.794657
0.000000
0.000000
0.000000
0.000000
0.000000
0.000000
0.000000
0.000000
0.000000
-1.415885
0.525830
0.671070
0.000000
0.000000
0.000000
0.000000
0.000000
0.000000
-1.155011
0.792422
0.733962
-1.182746
0.731446
0.678797
-1.196320
0.961488
0.709068
-1.219212
1.125811
0.619095
-1.191390
0.982100
0.725816
-1.182707
1.134181
0.627824
0.000000
0.000000
0.000000
0.000000
0.000000
0.000000
-1.428416
0.782483
0.783135
-1.461816
0.772473
0.785214
0.000000
0.000000
0.000000
0.000000
0.000000
0.000000
0.000000
0.000000
0.000000
-1.147212
0.752247
0.825006
0.000000
0.000000
0.000000
0.000000
0.000000
0.000000
-1.366207
1.059084
0.728867
-1.436100
0.993676
0.695282
0.000000
0.000000
0.000000
0.000000
0.000000
0.000000
0.000000
0.000000
0.000000
-1.193872
1.032069
0.730330
0.000000
0.000000
0.000000
0.000000
0.000000
0.000000
-1.496851
0.402182
0.689810
-1.429731
0.434580
0.983488
0.000000
0.000000
0.000000
0.000000
0.000000
0.000000
-1.337607
0.858221
0.782980
-1.379427
0.889705
0.757194
0.000000
0.000000
0.000000
0.000000
0.000000
0.000000
-1.347463
0.743013
0.812202
-1.397194
0.728592
0.793813
0.000000
0.000000
0.000000
0.000000
0.000000
0.000000
-1.447499
0.762253
0.745915
-1.376410
0.871952
0.689832
0.000000
0.000000
0.000000
0.000000
0.000000
0.000000
-1.232327
0.869003
0.697404
-1.298636
0.808914
0.733859
0.000000
0.000000
0.000000
-1.344114
0.583907
0.768260
0.000000
0.000000
0.000000
-1.315788
0.599129
0.768260
0.000000
0.000000
0.000000
-1.231296
0.566877
0.720497
0.000000
0.000000
0.000000
-1.240692
0.566524
0.720497
0.000000
0.000000
0.000000
0.000000
0.000000
0.000000
-1.726967
0.423619
0.895915
-1.750524
0.386760
0.882116
0.000000
0.000000
0.000000
0.000000
0.000000
0.000000
0.000000
0.000000
0.000000
-1.201914
0.676131
0.792211
0.000000
0.000000
0.000000
0.000000
0.000000
0.000000
-1.332917
0.581960
0.843155
-1.393947
0.577744
0.846731
0.000000
0.000000
0.000000
0.000000
0.000000
0.000000
0.000000
0.000000
0.000000
-1.366065
0.961544
0.665591
0.000000
0.000000
0.000000
0.000000
0.000000
0.000000
-1.276723
0.867125
0.695577
-1.293280
0.875858
0.758176
0.000000
0.000000
0.000000
0.000000
0.000000
0.000000
-1.700804
0.532290
0.862300
-1.730606
0.521747
0.870497
0.000000
0.000000
0.000000
0.000000
0.000000
0.000000
-1.194548
0.742168
0.713267
-1.136645
0.848864
0.758461
0.000000
0.000000
0.000000
0.000000
0.000000
0.000000
-1.160850
0.565422
0.660487
-1.110811
0.729890
0.786341
0.000000
0.000000
0.000000
0.000000
0.000000
0.000000
-1.474129
0.813889
0.879373
-1.583096
0.586351
0.852097
0.000000
0.000000
0.000000
0.000000
0.000000
0.000000
-1.245766
0.918748
0.581653
-1.317660
0.758543
0.811705
0.000000
0.000000
0.000000
0.000000
0.000000
0.000000
-0.955657
1.249137
0.754146
-1.044924
0.964645
0.657238
-1.208639
1.121372
0.654659
-1.340646
0.922585
0.647632
-1.172701
1.158789
0.654659
-1.287086
0.951079
0.662653
-1.464061
1.495530
0.639855
-1.493526
1.280993
0.546545
-1.452720
1.473110
0.639919
-1.477803
1.237067
0.523245
0.000000
0.000000
0.000000
0.000000
0.000000
0.000000
-1.255633
0.990382
0.671595
-1.278851
1.264705
0.604143
0.000000
0.000000
0.000000
0.000000
0.000000
0.000000
-1.553511
0.410133
0.882763
-1.571552
0.386205
0.882347
0.000000
0.000000
0.000000
0.000000
0.000000
0.000000
-1.320323
0.916602
0.756848
-1.332596
1.011138
0.683581
-0.981534
1.085085
0.674541
-1.020712
1.154045
0.547526
-0.927199
1.075927
0.676468
-0.970138
1.139111
0.545760
0.000000
0.000000
0.000000
0.000000
0.000000
0.000000
-1.497988
0.651754
0.838291
-1.517332
0.664929
0.815136
0.000000
0.000000
0.000000
0.000000
0.000000
0.000000
-1.029772
0.665764
0.779551
-1.178482
0.490708
0.829630
0.000000
0.000000
0.000000
0.000000
0.000000
0.000000
-1.273945
0.863949
0.652288
-1.260813
1.174612
0.559144
0.000000
0.000000
0.000000
0.000000
0.000000
0.000000
-1.214291
0.579385
0.805394
-1.113472
0.807781
0.844029
0.000000
0.000000
0.000000
0.000000
0.000000
0.000000
0.000000
0.000000
0.000000
-1.299944
0.530620
0.745961
0.000000
0.000000
0.000000
0.000000
0.000000
0.000000
-1.161160
0.926725
0.566667
-1.216459
0.858590
0.728354
0.000000
0.000000
0.000000
0.000000
0.000000
0.000000
0.000000
0.000000
0.000000
-1.301197
0.609538
0.824531
0.000000
0.000000
0.000000
0.000000
0.000000
0.000000
-1.295445
0.444784
0.879100
-1.229157
0.788302
0.780860
0.000000
0.000000
0.000000
0.000000
0.000000
0.000000
-1.180361
0.588788
0.813458
-1.197057
0.642080
0.805987
0.000000
0.000000
0.000000
0.000000
0.000000
0.000000
-1.451177
0.900047
0.746199
-1.478558
0.910904
0.749371
-0.983296
1.029465
1.029804
-1.038913
0.761420
0.907946
-0.941128
1.049301
1.029804
-0.998393
0.748333
0.907946
0.000000
0.000000
0.000000
0.000000
0.000000
0.000000
0.000000
0.000000
0.000000
-1.472811
0.548849
0.717109
0.000000
0.000000
0.000000
0.000000
0.000000
0.000000
-1.218243
0.831473
0.821256
-1.216880
0.798659
0.791278
0.000000
0.000000
0.000000
0.000000
0.000000
0.000000
0.000000
0.000000
0.000000
-1.117431
0.673637
0.755036
0.000000
0.000000
0.000000
0.000000
0.000000
0.000000
-1.168072
0.917482
0.992350
-1.199787
0.721394
0.805529
0.000000
0.000000
0.000000
0.000000
0.000000
0.000000
-1.385095
0.620938
0.862806
-1.433549
0.633952
0.897745
0.000000
0.000000
0.000000
0.000000
0.000000
0.000000
0.000000
0.000000
0.000000
-1.261349
0.909126
0.783498
0.000000
0.000000
0.000000
0.000000
0.000000
0.000000
-1.293739
0.477590
0.905484
-1.359195
0.478516
0.881028
0.000000
0.000000
0.000000
0.000000
0.000000
0.000000
0.000000
0.000000
0.000000
-1.183162
1.177078
0.778631
0.000000
0.000000
0.000000
0.000000
0.000000
0.000000
-1.103302
0.599039
0.713444
-1.082612
0.824247
0.861413
0.000000
0.000000
0.000000
-1.085204
0.921666
0.679293
0.000000
0.000000
0.000000
-1.057260
0.949428
0.679293
0.000000
0.000000
0.000000
0.000000
0.000000
0.000000
-1.367168
0.356462
0.820412
-1.370175
0.362516
0.818497
0.000000
0.000000
0.000000
0.000000
0.000000
0.000000
-1.269290
0.534389
0.825383
-1.380640
0.441745
0.856261
0.000000
0.000000
0.000000
0.000000
0.000000
0.000000
0.000000
0.000000
0.000000
-1.095417
0.748134
0.690917
0.000000
0.000000
0.000000
0.000000
0.000000
0.000000
-1.362855
1.076286
0.622864
-1.406101
0.981309
0.647705
0.000000
0.000000
0.000000
0.000000
0.000000
0.000000
0.000000
0.000000
0.000000
-1.245840
0.488964
0.853011
0.000000
0.000000
0.000000
-1.248612
0.608029
0.749796
0.000000
0.000000
0.000000
-1.251775
0.608763
0.749796
0.000000
0.000000
0.000000
0.000000
0.000000
0.000000
-1.394888
1.107605
0.727135
-1.434880
1.038698
0.704998
0.000000
0.000000
0.000000
0.000000
0.000000
0.000000
-1.484415
0.878188
0.752529
-1.493411
0.916898
0.749934
0.000000
0.000000
0.000000
0.000000
0.000000
0.000000
0.000000
0.000000
0.000000
-1.247873
0.454054
0.671086
0.000000
0.000000
0.000000
0.000000
0.000000
0.000000
-1.184649
0.676121
0.723911
-1.279285
0.684180
0.847960
0.000000
0.000000
0.000000
0.000000
0.000000
0.000000
-1.041989
1.112454
0.828031
-1.228665
0.788932
0.853926
0.000000
0.000000
0.000000
0.000000
0.000000
0.000000
-1.356558
0.946907
0.706891
-1.407093
0.966534
0.746807
0.000000
0.000000
0.000000
0.000000
0.000000
0.000000
0.000000
0.000000
0.000000
-1.097047
0.606631
0.726834
0.000000
0.000000
0.000000
0.000000
0.000000
0.000000
-1.298737
0.788781
0.656683
-1.279213
0.956118
0.621703
0.000000
0.000000
0.000000
0.000000
0.000000
0.000000
-1.195642
0.711286
0.874909
-1.266788
0.717045
0.767629
0.000000
0.000000
0.000000
0.000000
0.000000
0.000000
-1.102230
0.704240
0.753714
-1.168758
0.703239
0.761873
0.000000
0.000000
0.000000
0.000000
0.000000
0.000000
0.000000
0.000000
0.000000
-1.203935
0.503149
0.720348
0.000000
0.000000
0.000000
0.000000
0.000000
0.000000
-1.183336
0.774169
0.766633
-1.247598
0.847717
0.729207
0.000000
0.000000
0.000000
0.000000
0.000000
0.000000
-1.345475
0.806575
0.788582
-1.415528
0.878454
0.762997
0.000000
0.000000
0.000000
0.000000
0.000000
0.000000
-1.144576
0.848740
0.636873
-1.174487
0.908191
0.807043
0.000000
0.000000
0.000000
0.000000
0.000000
0.000000
-1.126682
0.945835
0.719197
-1.169049
0.945937
0.734904
0.000000
0.000000
0.000000
0.000000
0.000000
0.000000
0.000000
0.000000
0.000000
-1.149757
0.775746
0.805539
0.000000
0.000000
0.000000
0.000000
0.000000
0.000000
0.000000
0.000000
0.000000
-1.321986
0.514256
0.786214
0.000000
0.000000
0.000000
-0.963207
1.019075
0.915702
0.000000
0.000000
0.000000
-0.992813
0.952078
0.933686
0.000000
0.000000
0.000000
0.000000
0.000000
0.000000
-1.080183
2.438319
0.754343
-1.311825
1.274993
0.822674
-1.326189
0.755474
0.770032
-1.446357
0.741901
0.785686
-1.161972
0.931912
0.777209
-1.234592
0.901931
0.727336
0.000000
0.000000
0.000000
0.000000
0.000000
0.000000
0.000000
0.000000
0.000000
-0.989599
0.843676
0.641342
0.000000
0.000000
0.000000
0.000000
0.000000
0.000000
-1.050066
0.721712
0.636043
-0.904762
1.159909
0.634003
0.000000
0.000000
0.000000
0.000000
0.000000
0.000000
-1.014209
0.867974
0.694650
-0.965978
0.889999
0.686819
0.000000
0.000000
0.000000
0.000000
0.000000
0.000000
-1.285349
0.975593
0.608891
-1.344042
1.053276
0.593940
0.000000
0.000000
0.000000
0.000000
0.000000
0.000000
-1.581269
0.359591
0.894937
-1.580605
0.338133
0.892907
0.000000
0.000000
0.000000
0.000000
0.000000
0.000000
-1.201963
1.463023
0.937814
-1.300937
1.084868
0.709411
0.000000
0.000000
0.000000
0.000000
0.000000
0.000000
-1.334985
0.714311
0.806194
-1.349304
0.675899
0.789545
0.000000
0.000000
0.000000
0.000000
0.000000
0.000000
-1.182770
1.570591
0.724753
-1.355630
0.899324
0.573008
0.000000
0.000000
0.000000
0.000000
0.000000
0.000000
0.000000
0.000000
0.000000
-1.157079
0.675828
0.776086
0.000000
0.000000
0.000000
0.000000
0.000000
0.000000
-1.388940
0.791159
0.849246
-1.349408
1.206228
0.764370
0.000000
0.000000
0.000000
0.000000
0.000000
0.000000
0.000000
0.000000
0.000000
-1.161679
1.038460
0.927485
-1.118492
1.009306
0.822531
-1.265230
0.743392
0.764335
-1.110280
1.002102
0.822531
-1.253547
0.742121
0.764335
0.000000
0.000000
0.000000
0.000000
0.000000
0.000000
-1.245192
0.987847
0.637804
-1.276596
0.909258
0.603362
-1.063140
0.759655
0.760926
-0.975320
1.048402
0.641030
-1.032229
0.772225
0.760926
-0.918597
1.107015
0.619065
0.000000
0.000000
0.000000
0.000000
0.000000
0.000000
0.000000
0.000000
0.000000
-0.897910
1.584968
0.541188
0.000000
0.000000
0.000000
0.000000
0.000000
0.000000
-1.342755
0.633764
0.797334
-1.338101
0.559339
0.820045
0.000000
0.000000
0.000000
0.000000
0.000000
0.000000
-1.051865
1.306712
0.635763
-1.121479
0.977012
0.725551
0.000000
0.000000
0.000000
0.000000
0.000000
0.000000
-1.554515
0.569892
0.843188
-1.565119
0.586860
0.850605
0.000000
0.000000
0.000000
0.000000
0.000000
0.000000
0.000000
0.000000
0.000000
-1.379162
0.470622
0.589811
0.000000
0.000000
0.000000
0.000000
0.000000
0.000000
-1.293486
0.461366
0.692408
-1.284448
0.724630
0.867978
0.000000
0.000000
0.000000
0.000000
0.000000
0.000000
-1.260943
0.724640
0.785486
-1.304704
0.787148
0.777206
0.000000
0.000000
0.000000
0.000000
0.000000
0.000000
-1.143384
0.999847
0.627278
-1.221140
0.835534
0.511458
0.000000
0.000000
0.000000
0.000000
0.000000
0.000000
-1.312951
0.924409
0.671756
-1.376270
1.097636
0.630385
0.000000
0.000000
0.000000
0.000000
0.000000
0.000000
-1.242988
0.936847
0.626578
-1.136279
1.231423
0.721854
0.000000
0.000000
0.000000
0.000000
0.000000
0.000000
-1.257462
0.653954
0.656736
-1.251233
0.959169
0.656996
0.000000
0.000000
0.000000
0.000000
0.000000
0.000000
-1.286486
0.683955
0.758430
-1.399854
0.550694
0.709478
0.000000
0.000000
0.000000
0.000000
0.000000
0.000000
-1.264355
0.859292
0.725647
-1.305875
0.844329
0.729590
0.000000
0.000000
0.000000
0.000000
0.000000
0.000000
0.000000
0.000000
0.000000
-1.156903
0.818568
0.761353
0.000000
0.000000
0.000000
0.000000
0.000000
0.000000
0.000000
0.000000
0.000000
-0.908244
1.131870
0.836027
0.000000
0.000000
0.000000
0.000000
0.000000
0.000000
-1.285079
1.377006
0.551498
-1.318724
1.053568
0.563872
0.000000
0.000000
0.000000
0.000000
0.000000
0.000000
0.000000
0.000000
0.000000
-1.344774
0.702307
0.711732
0.000000
0.000000
0.000000
0.000000
0.000000
0.000000
-1.103499
1.015735
0.719281
-1.243011
0.918485
0.707411
0.000000
0.000000
0.000000
0.000000
0.000000
0.000000
-1.049098
0.781841
0.637182
-1.133607
0.763550
0.559968
0.000000
0.000000
0.000000
0.000000
0.000000
0.000000
-1.092375
0.762600
0.730871
-1.134797
0.794270
0.740528
0.000000
0.000000
0.000000
-0.998374
0.818401
0.841670
0.000000
0.000000
0.000000
-0.949604
0.832815
0.841670
0.000000
0.000000
0.000000
0.000000
0.000000
0.000000
-1.271769
1.420071
0.640863
-1.329466
1.199731
0.537234
0.000000
0.000000
0.000000
0.000000
0.000000
0.000000
-1.258382
0.515753
0.861180
-1.212916
0.612807
0.808798
-1.160069
0.755152
0.708839
-1.076430
0.896209
0.636897
-1.134658
0.764584
0.708839
-1.093704
0.789936
0.710466
0.000000
0.000000
0.000000
0.000000
0.000000
0.000000
-1.630344
0.539610
0.860810
-1.649829
0.550688
0.862469
-1.428424
0.984903
0.713456
-1.460188
0.970146
0.707812
-1.345860
0.978581
0.699820
-1.361991
0.963230
0.689889
0.000000
0.000000
0.000000
0.000000
0.000000
0.000000
-1.243628
0.947584
0.637232
-1.251484
1.040424
0.619805
0.000000
0.000000
0.000000
0.000000
0.000000
0.000000
0.000000
0.000000
0.000000
-1.396623
0.650069
1.061018
0.000000
0.000000
0.000000
0.000000
0.000000
0.000000
-1.241351
0.451072
0.860702
-1.221847
0.455698
0.881894
0.000000
0.000000
0.000000
0.000000
0.000000
0.000000
-1.550345
0.524550
0.856989
-1.580830
0.525368
0.862231
0.000000
0.000000
0.000000
0.000000
0.000000
0.000000
-1.334691
0.710973
0.796237
-1.396355
0.693348
0.812690
0.000000
0.000000
0.000000
0.000000
0.000000
0.000000
-0.980943
1.083902
0.656696
-1.072258
1.060727
0.602238
-1.626642
0.400359
0.884253
-1.632995
0.411754
0.886212
-1.462414
0.357571
0.885017
-1.454467
0.355143
0.885058
0.000000
0.000000
0.000000
0.000000
0.000000
0.000000
-1.223933
1.216633
0.556628
-1.245399
1.238243
0.588514
0.000000
0.000000
0.000000
0.000000
0.000000
0.000000
-0.997602
0.726190
0.741696
-1.091364
0.618223
0.776183
0.000000
0.000000
0.000000
0.000000
0.000000
0.000000
-1.376052
1.235994
0.717426
-1.433299
1.211364
0.667781
0.000000
0.000000
0.000000
0.000000
0.000000
0.000000
-1.358070
1.232787
0.541615
-1.385930
1.224644
0.520579
0.000000
0.000000
0.000000
0.000000
0.000000
0.000000
-1.081049
0.567266
0.739027
-1.196221
0.599854
0.797076
0.000000
0.000000
0.000000
0.000000
0.000000
0.000000
0.000000
0.000000
0.000000
-1.159304
0.597998
0.855046
0.000000
0.000000
0.000000
0.000000
0.000000
0.000000
-1.095340
1.030087
0.587459
-1.090779
1.072272
0.614137
0.000000
0.000000
0.000000
0.000000
0.000000
0.000000
0.000000
0.000000
0.000000
-1.058276
0.839490
0.680604
0.000000
0.000000
0.000000
0.000000
0.000000
0.000000
-1.139710
0.924890
0.690348
-1.197647
0.851633
0.712083
0.000000
0.000000
0.000000
0.000000
0.000000
0.000000
-1.424637
0.364582
0.895937
-1.500694
0.344619
0.888891
0.000000
0.000000
0.000000
0.000000
0.000000
0.000000
-1.221365
0.780163
0.679951
-1.307564
0.778111
0.710189
0.000000
0.000000
0.000000
0.000000
0.000000
0.000000
-1.386864
1.009307
0.621905
-1.395600
1.128561
0.544686
0.000000
0.000000
0.000000
0.000000
0.000000
0.000000
-1.351228
1.052814
0.631480
-1.372575
1.106348
0.597519
0.000000
0.000000
0.000000
0.000000
0.000000
0.000000
-1.426576
0.657919
0.800223
-1.524125
0.746337
0.774246
0.000000
0.000000
0.000000
0.000000
0.000000
0.000000
-1.041515
0.753737
0.726686
-1.096325
0.661975
0.762805
0.000000
0.000000
0.000000
-1.225170
0.681702
0.637780
0.000000
0.000000
0.000000
-1.209898
0.690768
0.637780
0.000000
0.000000
0.000000
0.000000
0.000000
0.000000
-1.034906
0.907652
0.641843
-1.058650
1.013209
0.602131
0.000000
0.000000
0.000000
0.000000
0.000000
0.000000
-1.417917
0.766647
0.776770
-1.518035
0.701880
0.791076
0.000000
0.000000
0.000000
0.000000
0.000000
0.000000
-1.103984
1.077302
0.572876
-1.174805
0.961222
0.598479
0.000000
0.000000
0.000000
0.000000
0.000000
0.000000
-1.238545
0.621605
0.774223
-1.162109
0.652081
0.867345
0.000000
0.000000
0.000000
0.000000
0.000000
0.000000
-1.268913
0.651578
0.704959
-1.134586
0.865569
0.699186
0.000000
0.000000
0.000000
0.000000
0.000000
0.000000
-1.287197
0.486453
0.911828
-1.346663
0.459277
0.820546
0.000000
0.000000
0.000000
0.000000
0.000000
0.000000
-1.336562
0.751047
0.673308
-1.311856
0.947866
0.683936
0.000000
0.000000
0.000000
0.000000
0.000000
0.000000
-1.373381
0.763601
0.720046
-1.423013
0.709145
0.791595
0.000000
0.000000
0.000000
0.000000
0.000000
0.000000
-1.154064
1.151500
0.861938
-1.318187
1.016474
0.755083
-1.232486
0.638672
0.800852
-1.274678
0.627218
0.818942
-1.198882
0.657740
0.794922
-1.217481
0.658299
0.809664
0.000000
0.000000
0.000000
0.000000
0.000000
0.000000
-1.344912
0.832654
0.788065
-1.361583
0.865463
0.777550
0.000000
0.000000
0.000000
0.000000
0.000000
0.000000
-1.070145
0.843875
0.669129
-1.093201
0.873017
0.738000
0.000000
0.000000
0.000000
0.000000
0.000000
0.000000
-1.159729
1.205464
0.715391
-1.257541
0.951417
0.707948
0.000000
0.000000
0.000000
0.000000
0.000000
0.000000
-1.547845
0.483851
0.864046
-1.560629
0.598355
0.847344
0.000000
0.000000
0.000000
0.000000
0.000000
0.000000
-1.139247
0.847236
0.532618
-1.177072
0.985974
0.630282
0.000000
0.000000
0.000000
0.000000
0.000000
0.000000
-1.237770
0.889958
0.723946
-1.303800
0.873873
0.741189
0.000000
0.000000
0.000000
0.000000
0.000000
0.000000
-1.311307
0.419273
1.108067
-1.452005
0.290575
0.957579
0.000000
0.000000
0.000000
0.000000
0.000000
0.000000
-1.297444
0.690964
0.646058
-1.354085
0.654606
0.909892
-1.388247
0.525440
0.804056
-1.419311
0.541620
0.860298
-1.367983
0.526122
0.801749
-1.399447
0.540849
0.860470
0.000000
0.000000
0.000000
0.000000
0.000000
0.000000
-1.282837
0.739230
0.709921
-1.287376
0.870566
0.745216
0.000000
0.000000
0.000000
0.000000
0.000000
0.000000
0.000000
0.000000
0.000000
-1.055294
1.294346
0.852236
0.000000
0.000000
0.000000
0.000000
0.000000
0.000000
-1.131915
0.822627
0.706199
-1.282678
0.577696
0.810474
0.000000
0.000000
0.000000
0.000000
0.000000
0.000000
-1.413999
0.932968
0.717059
-1.451553
0.887580
0.746190
0.000000
0.000000
0.000000
0.000000
0.000000
0.000000
0.000000
0.000000
0.000000
-1.358283
0.589728
0.652414
0.000000
0.000000
0.000000
0.000000
0.000000
0.000000
0.000000
0.000000
0.000000
-1.148173
0.919189
0.781406
0.000000
0.000000
0.000000
0.000000
0.000000
0.000000
-1.264308
0.634374
0.649829
-1.324645
0.715115
0.753417
0.000000
0.000000
0.000000
0.000000
0.000000
0.000000
-1.288454
1.115924
0.663662
-1.326704
1.048787
0.611385
0.000000
0.000000
0.000000
0.000000
0.000000
0.000000
-1.291412
0.617628
0.925176
-1.386118
0.626217
0.856041
0.000000
0.000000
0.000000
0.000000
0.000000
0.000000
-1.089919
0.518332
0.913330
-1.116335
0.437199
0.888014
0.000000
0.000000
0.000000
0.000000
0.000000
0.000000
-1.124742
0.903747
0.677242
-1.141289
0.951131
0.688581
0.000000
0.000000
0.000000
0.000000
0.000000
0.000000
-1.171706
0.793725
0.812093
-1.326365
0.673554
0.781412
0.000000
0.000000
0.000000
0.000000
0.000000
0.000000
0.000000
0.000000
0.000000
-1.540631
0.562394
0.784574
0.000000
0.000000
0.000000
0.000000
0.000000
0.000000
-1.403398
0.784607
0.790772
-1.421381
0.733462
0.766902
0.000000
0.000000
0.000000
0.000000
0.000000
0.000000
-1.157867
1.191744
0.499775
-1.229162
1.118652
0.519776
-1.257293
0.742106
0.754054
-1.304137
0.818632
0.715015
-1.239083
0.723499
0.754054
-1.283932
0.810536
0.715015
0.000000
0.000000
0.000000
0.000000
0.000000
0.000000
-1.142320
0.724882
0.788375
-1.274770
0.724764
0.827909
0.000000
0.000000
0.000000
0.000000
0.000000
0.000000
-1.325297
0.620770
0.810201
-1.308603
0.692895
0.794035
0.000000
0.000000
0.000000
0.000000
0.000000
0.000000
-1.264597
0.681014
0.690499
-1.254203
0.799058
0.706687
0.000000
0.000000
0.000000
0.000000
0.000000
0.000000
-1.248265
0.752698
0.786993
-1.294533
0.833282
0.774851
0.000000
0.000000
0.000000
0.000000
0.000000
0.000000
-1.316974
1.091377
0.662307
-1.371643
1.037569
0.610291
0.000000
0.000000
0.000000
0.000000
0.000000
0.000000
0.000000
0.000000
0.000000
-1.239242
0.616852
0.734085
0.000000
0.000000
0.000000
0.000000
0.000000
0.000000
-0.933915
1.000376
0.717561
-1.078875
0.836059
0.621148
0.000000
0.000000
0.000000
0.000000
0.000000
0.000000
-1.244680
1.098496
0.573431
-1.306810
1.236077
0.595155
-1.186314
0.792103
0.836489
-1.199887
0.761306
0.761173
-1.174122
0.718390
0.795739
-1.145312
0.645165
0.759353
0.000000
0.000000
0.000000
0.000000
0.000000
0.000000
0.000000
0.000000
0.000000
-1.288303
1.698904
0.751721
0.000000
0.000000
0.000000
0.000000
0.000000
0.000000
0.000000
0.000000
0.000000
-1.041654
0.818376
0.653850
0.000000
0.000000
0.000000
0.000000
0.000000
0.000000
-1.264587
0.393354
0.888815
-1.414297
0.339813
0.885604
0.000000
0.000000
0.000000
0.000000
0.000000
0.000000
0.000000
0.000000
0.000000
-1.188393
0.423759
0.956862
0.000000
0.000000
0.000000
0.000000
0.000000
0.000000
-1.272697
0.466184
0.718788
-1.192618
0.585599
0.893036
0.000000
0.000000
0.000000
-1.240657
1.051190
0.911424
0.000000
0.000000
0.000000
-1.239554
1.054322
0.911424
0.000000
0.000000
0.000000
0.000000
0.000000
0.000000
-1.328502
0.971697
0.659261
-1.357497
1.008830
0.655777
-1.232697
0.641721
0.970523
-1.287447
0.636392
0.867199
-1.228247
0.655347
0.968739
-1.223099
0.708825
0.849717
0.000000
0.000000
0.000000
0.000000
0.000000
0.000000
-1.235079
0.908605
0.728125
-1.311175
0.742074
0.775786
-1.337039
0.429069
0.874932
-1.386617
0.404560
0.865572
-1.136365
0.860245
0.737490
-1.167676
0.819511
0.727021
0.000000
0.000000
0.000000
0.000000
0.000000
0.000000
-1.002644
0.691699
0.651159
-1.018283
0.740360
0.712479
-1.086045
0.828642
0.969909
-1.133032
0.620842
0.809364
-1.014464
0.916566
0.946037
-1.064779
0.740446
0.798673
0.000000
0.000000
0.000000
0.000000
0.000000
0.000000
-1.187883
0.607903
0.710000
-1.169090
0.679366
0.905592
0.000000
0.000000
0.000000
0.000000
0.000000
0.000000
0.000000
0.000000
0.000000
-1.688602
0.465925
0.804901
0.000000
0.000000
0.000000
0.000000
0.000000
0.000000
-1.141439
0.984326
0.731297
-1.246344
0.857409
0.738904
0.000000
0.000000
0.000000
0.000000
0.000000
0.000000
-1.183121
0.732129
0.815240
-1.067890
0.926801
0.820314
0.000000
0.000000
0.000000
0.000000
0.000000
0.000000
-1.313848
0.895868
0.789056
-1.354362
0.680522
0.803782
0.000000
0.000000
0.000000
0.000000
0.000000
0.000000
-1.392835
0.455450
0.890675
-1.411015
0.512920
0.842235
0.000000
0.000000
0.000000
0.000000
0.000000
0.000000
-1.455661
0.362948
0.889451
-1.445306
0.377042
0.887396
0.000000
0.000000
0.000000
0.000000
0.000000
0.000000
-1.226916
0.646846
0.836413
-1.228705
0.842939
0.742383
0.000000
0.000000
0.000000
0.000000
0.000000
0.000000
0.000000
0.000000
0.000000
-1.338932
0.582933
0.776472
0.000000
0.000000
0.000000
0.000000
0.000000
0.000000
-1.440233
0.395394
0.865427
-1.448818
0.389505
0.866961
0.000000
0.000000
0.000000
0.000000
0.000000
0.000000
-1.153890
0.511003
0.740056
-1.312994
0.418071
0.871700
0.000000
0.000000
0.000000
0.000000
0.000000
0.000000
-1.487870
0.487175
0.855688
-1.476947
0.504554
0.871775
0.000000
0.000000
0.000000
0.000000
0.000000
0.000000
0.000000
0.000000
0.000000
-1.162466
0.886863
0.756994
0.000000
0.000000
0.000000
0.000000
0.000000
0.000000
-1.040610
0.679586
0.748736
-1.038525
0.726668
0.759504
0.000000
0.000000
0.000000
0.000000
0.000000
0.000000
-1.300749
1.347466
0.628299
-1.352116
1.167560
0.596552
0.000000
0.000000
0.000000
0.000000
0.000000
0.000000
-1.179054
0.755459
0.854641
-1.310586
0.663905
0.781682
0.000000
0.000000
0.000000
0.000000
0.000000
0.000000
0.000000
0.000000
0.000000
-1.209448
0.346410
0.775056
0.000000
0.000000
0.000000
0.000000
0.000000
0.000000
-1.348663
0.505744
0.717470
-1.314205
0.598853
0.890318
0.000000
0.000000
0.000000
0.000000
0.000000
0.000000
-1.237170
0.669293
0.604647
-1.358792
0.564141
0.978593
0.000000
0.000000
0.000000
0.000000
0.000000
0.000000
-0.884614
1.255916
0.689928
-1.066487
1.078304
0.605761
0.000000
0.000000
0.000000
0.000000
0.000000
0.000000
-1.337540
0.681538
0.829492
-1.353611
0.692638
0.725525
0.000000
0.000000
0.000000
0.000000
0.000000
0.000000
-1.353087
0.421060
0.631179
-1.292577
0.538633
1.002867
0.000000
0.000000
0.000000
0.000000
0.000000
0.000000
-1.088649
0.730327
0.815499
-1.186175
0.635080
0.783962
0.000000
0.000000
0.000000
0.000000
0.000000
0.000000
-1.126589
0.866649
1.027717
-1.192247
0.760899
0.827671
0.000000
0.000000
0.000000
0.000000
0.000000
0.000000
0.000000
0.000000
0.000000
-1.298182
0.602875
0.586687
0.000000
0.000000
0.000000
0.000000
0.000000
0.000000
-1.362847
0.691369
0.757897
-1.394502
0.683311
0.802090
0.000000
0.000000
0.000000
0.000000
0.000000
0.000000
-1.347024
0.868508
0.838304
-1.478399
0.690138
0.737662
0.000000
0.000000
0.000000
0.000000
0.000000
0.000000
-1.062843
0.805662
0.693373
-1.065178
0.952361
0.647969
0.000000
0.000000
0.000000
0.000000
0.000000
0.000000
-1.404154
0.429973
0.865506
-1.421127
0.523767
0.869191
0.000000
0.000000
0.000000
0.000000
0.000000
0.000000
-1.489852
1.215037
0.686488
-1.513493
1.163843
0.658237
-1.338287
0.512003
0.676490
-1.391838
0.660199
0.816945
-1.331460
0.513930
0.676490
-1.399463
0.614828
0.821689
0.000000
0.000000
0.000000
0.000000
0.000000
0.000000
0.000000
0.000000
0.000000
-1.069802
0.867852
0.763089
0.000000
0.000000
0.000000
0.000000
0.000000
0.000000
-1.278789
0.405566
0.634312
-1.108751
0.648848
0.837516
0.000000
0.000000
0.000000
0.000000
0.000000
0.000000
-1.062266
1.161774
0.732494
-1.150621
0.851569
0.824681
0.000000
0.000000
0.000000
0.000000
0.000000
0.000000
-1.335442
0.665146
0.838157
-1.297764
1.024589
0.857564
0.000000
0.000000
0.000000
0.000000
0.000000
0.000000
-1.644240
0.294400
0.896284
-1.663480
0.291848
0.898205
0.000000
0.000000
0.000000
0.000000
0.000000
0.000000
-1.299021
0.488373
0.646852
-1.354321
0.689727
0.810922
0.000000
0.000000
0.000000
0.000000
0.000000
0.000000
0.000000
0.000000
0.000000
-1.466193
0.370849
0.746022
0.000000
0.000000
0.000000
0.000000
0.000000
0.000000
0.000000
0.000000
0.000000
-1.355995
0.761087
0.783936
0.000000
0.000000
0.000000
0.000000
0.000000
0.000000
0.000000
0.000000
0.000000
-1.244165
0.873046
0.713586
0.000000
0.000000
0.000000
0.000000
0.000000
0.000000
-1.421730
0.745449
0.777879
-1.459478
0.738157
0.802701
0.000000
0.000000
0.000000
0.000000
0.000000
0.000000
-1.354545
0.834679
0.769748
-1.385976
0.814722
0.764141
0.000000
0.000000
0.000000
0.000000
0.000000
0.000000
0.000000
0.000000
0.000000
-1.060467
1.422348
0.658244
0.000000
0.000000
0.000000
0.000000
0.000000
0.000000
-1.174796
1.082162
0.629106
-1.099175
1.162956
0.694378
0.000000
0.000000
0.000000
0.000000
0.000000
0.000000
-1.327637
0.709503
0.886302
-1.359855
0.802312
0.813461
0.000000
0.000000
0.000000
0.000000
0.000000
0.000000
-1.354944
1.579790
0.730219
-1.421476
1.334239
0.527911
0.000000
0.000000
0.000000
0.000000
0.000000
0.000000
0.000000
0.000000
0.000000
-1.218433
0.601040
0.777218
0.000000
0.000000
0.000000
0.000000
0.000000
0.000000
0.000000
0.000000
0.000000
-0.830507
1.321857
0.616592
0.000000
0.000000
0.000000
0.000000
0.000000
0.000000
-1.484018
0.521910
0.798967
-1.522982
0.494161
0.870082
-1.214653
0.731306
0.667130
-1.230913
0.834321
0.784658
-1.173931
0.732543
0.653020
-1.167294
0.956078
0.795907
0.000000
0.000000
0.000000
0.000000
0.000000
0.000000
-1.410556
0.823121
0.831323
-1.506747
0.718224
0.983789
-1.274307
0.517946
0.911010
-1.339530
0.498296
0.885010
-1.246503
0.599731
0.885570
-1.209341
0.660841
0.847318
0.000000
0.000000
0.000000
0.000000
0.000000
0.000000
-1.306781
0.693071
0.729268
-1.355422
0.736217
0.776153
-1.053389
0.688889
0.836557
-0.996309
0.686095
0.798262
-1.041974
0.687405
0.836557
-0.990719
0.684329
0.807122
0.000000
0.000000
0.000000
0.000000
0.000000
0.000000
-1.150853
0.922137
0.717413
-1.161206
0.893386
0.751157
0.000000
0.000000
0.000000
0.000000
0.000000
0.000000
-1.270055
0.679681
0.814729
-1.284722
0.622698
0.811348
0.000000
0.000000
0.000000
0.000000
0.000000
0.000000
-1.299342
0.574262
0.742448
-1.376558
0.551137
0.818475
0.000000
0.000000
0.000000
0.000000
0.000000
0.000000
-1.222889
0.560043
0.751007
-1.174959
0.688826
0.739181
0.000000
0.000000
0.000000
0.000000
0.000000
0.000000
0.000000
0.000000
0.000000
-1.185227
0.712672
0.765413
0.000000
0.000000
0.000000
0.000000
0.000000
0.000000
-1.015502
0.771806
0.686987
-1.138223
0.976906
0.725283
0.000000
0.000000
0.000000
0.000000
0.000000
0.000000
-1.556523
0.790236
0.706159
-1.582742
0.666003
0.765177
0.000000
0.000000
0.000000
0.000000
0.000000
0.000000
-1.419360
0.699723
0.829681
-1.444029
0.646036
0.864646
0.000000
0.000000
0.000000
0.000000
0.000000
0.000000
-1.461426
0.481947
0.861036
-1.496849
0.555834
0.852119
0.000000
0.000000
0.000000
0.000000
0.000000
0.000000
-1.354861
0.598405
0.868340
-1.369846
0.657952
0.872059
0.000000
0.000000
0.000000
0.000000
0.000000
0.000000
0.000000
0.000000
0.000000
-1.176149
1.092974
0.639855
0.000000
0.000000
0.000000
0.000000
0.000000
0.000000
-1.442613
0.408325
0.822319
-1.494662
0.371656
0.897823
0.000000
0.000000
0.000000
0.000000
0.000000
0.000000
-1.272788
1.149576
0.668157
-1.159414
1.425180
0.825337
0.000000
0.000000
0.000000
0.000000
0.000000
0.000000
-1.242349
0.852544
0.782752
-1.227004
0.873947
0.762669
0.000000
0.000000
0.000000
0.000000
0.000000
0.000000
-1.443766
0.861516
0.729859
-1.452370
0.879376
0.739611
0.000000
0.000000
0.000000
0.000000
0.000000
0.000000
0.000000
0.000000
0.000000
-1.246466
0.759286
0.676556
0.000000
0.000000
0.000000
0.000000
0.000000
0.000000
-1.185214
1.368307
0.534308
-1.298437
1.205311
0.442338
0.000000
0.000000
0.000000
0.000000
0.000000
0.000000
-1.059414
1.223315
0.651615
-1.188051
0.904544
0.653836
0.000000
0.000000
0.000000
0.000000
0.000000
0.000000
-1.324196
0.738662
0.753039
-1.422685
0.678200
0.744593
0.000000
0.000000
0.000000
0.000000
0.000000
0.000000
-1.121409
0.639319
0.745253
-1.168827
0.533838
0.730313
0.000000
0.000000
0.000000
0.000000
0.000000
0.000000
-1.352105
0.494711
0.686493
-1.413619
0.427284
0.920657
-1.390870
1.372612
0.541612
-1.420471
1.306174
0.516813
-1.345422
1.316912
0.577635
-1.356362
1.262021
0.543094
0.000000
0.000000
0.000000
0.000000
0.000000
0.000000
-1.081789
0.908778
0.683116
-1.168187
0.779666
0.730240
0.000000
0.000000
0.000000
0.000000
0.000000
0.000000
-1.301284
0.729602
0.725859
-1.275203
0.812939
0.746131
0.000000
0.000000
0.000000
0.000000
0.000000
0.000000
-1.328078
1.101478
0.762825
-1.336415
1.105030
0.731304
-1.136543
0.933612
0.733834
-1.185246
1.009740
0.564448
-1.090637
1.136604
0.692974
-1.152001
1.027333
0.493151
0.000000
0.000000
0.000000
0.000000
0.000000
0.000000
-0.960216
1.785067
0.882534
-1.147319
1.093256
0.764331
0.000000
0.000000
0.000000
0.000000
0.000000
0.000000
-0.915207
1.274561
0.671348
-1.155187
0.993590
0.659038
0.000000
0.000000
0.000000
0.000000
0.000000
0.000000
0.000000
0.000000
0.000000
-1.213849
0.800649
0.774836
0.000000
0.000000
0.000000
0.000000
0.000000
0.000000
-1.538135
0.716497
0.892980
-1.553421
0.612732
0.932043
0.000000
0.000000
0.000000
0.000000
0.000000
0.000000
-1.161020
0.536504
0.659558
-1.172719
0.598005
0.975657
0.000000
0.000000
0.000000
0.000000
0.000000
0.000000
-1.332944
0.438062
0.673444
-1.248090
0.556589
0.875311
0.000000
0.000000
0.000000
0.000000
0.000000
0.000000
0.000000
0.000000
0.000000
-1.114669
0.715262
0.780061
0.000000
0.000000
0.000000
0.000000
0.000000
0.000000
0.000000
0.000000
0.000000
-0.955384
1.189730
0.666310
0.000000
0.000000
0.000000
0.000000
0.000000
0.000000
0.000000
0.000000
0.000000
-1.305710
0.533775
0.689393
0.000000
0.000000
0.000000
0.000000
0.000000
0.000000
-1.227285
1.048162
0.602937
-1.240157
1.116329
0.545826
0.000000
0.000000
0.000000
0.000000
0.000000
0.000000
-1.416618
0.650314
0.802649
-1.455130
0.656800
0.815034
0.000000
0.000000
0.000000
0.000000
0.000000
0.000000
-1.343008
0.698628
0.714731
-1.353817
0.837572
0.702176
0.000000
0.000000
0.000000
0.000000
0.000000
0.000000
-1.384517
1.010768
0.717335
-1.424403
1.031335
0.677448
0.000000
0.000000
0.000000
0.000000
0.000000
0.000000
-1.143288
1.737136
0.774404
-1.331629
1.190787
0.755005
0.000000
0.000000
0.000000
0.000000
0.000000
0.000000
-1.143216
0.625515
0.848242
-1.153118
0.675117
0.794906
0.000000
0.000000
0.000000
0.000000
0.000000
0.000000
-1.274099
0.447536
0.797601
-1.344208
0.535150
0.843219
0.000000
0.000000
0.000000
0.000000
0.000000
0.000000
-1.016948
1.157289
0.742167
-1.120759
0.921932
0.569916
0.000000
0.000000
0.000000
0.000000
0.000000
0.000000
-0.976561
0.934083
0.592969
-1.032295
0.984781
0.521470
-1.109090
0.426059
0.819920
-1.150010
0.456168
0.884482
-1.015216
0.494338
0.787775
-1.053247
0.444176
0.873545
0.000000
0.000000
0.000000
0.000000
0.000000
0.000000
0.000000
0.000000
0.000000
-1.276832
0.683652
0.824153
0.000000
0.000000
0.000000
0.000000
0.000000
0.000000
-1.186504
0.888079
0.618074
-1.252261
0.863695
0.715587
0.000000
0.000000
0.000000
0.000000
0.000000
0.000000
0.000000
0.000000
0.000000
-1.212600
0.825438
0.773202
0.000000
0.000000
0.000000
0.000000
0.000000
0.000000
-1.383941
0.730224
0.790823
-1.420759
0.720640
0.802949
0.000000
0.000000
0.000000
0.000000
0.000000
0.000000
-1.216962
1.094312
0.713910
-1.188057
1.506004
0.606013
0.000000
0.000000
0.000000
0.000000
0.000000
0.000000
-1.076549
1.013536
0.714357
-1.204250
1.009286
0.678206
0.000000
0.000000
0.000000
0.000000
0.000000
0.000000
-1.219651
0.548283
0.937992
-1.295835
0.492090
0.820574
0.000000
0.000000
0.000000
0.000000
0.000000
0.000000
-1.174878
0.632001
0.859959
-1.171807
0.604410
0.800078
0.000000
0.000000
0.000000
0.000000
0.000000
0.000000
-1.314952
0.541584
1.110711
-1.489623
0.348134
0.949490
0.000000
0.000000
0.000000
0.000000
0.000000
0.000000
0.000000
0.000000
0.000000
-1.340744
0.804243
0.723910
0.000000
0.000000
0.000000
0.000000
0.000000
0.000000
-1.302889
0.751534
0.802813
-1.321904
0.632289
0.870553
0.000000
0.000000
0.000000
0.000000
0.000000
0.000000
-1.598385
0.467226
0.861771
-1.676671
0.401933
0.887861
0.000000
0.000000
0.000000
-1.460127
0.592657
0.675557
0.000000
0.000000
0.000000
-1.455484
0.593069
0.675557
0.000000
0.000000
0.000000
0.000000
0.000000
0.000000
-1.369608
0.864498
0.707031
-1.413353
0.914259
0.751052
0.000000
0.000000
0.000000
0.000000
0.000000
0.000000
-1.252662
0.936666
0.718655
-1.318054
0.957959
0.718499
-1.414565
0.388222
0.904259
-1.511015
0.355417
0.890384
-1.465595
0.380944
0.902604
-1.511055
0.356799
0.888438
0.000000
0.000000
0.000000
0.000000
0.000000
0.000000
-1.360559
0.777320
0.766131
-1.394025
0.772015
0.772012
0.000000
0.000000
0.000000
0.000000
0.000000
0.000000
-1.397836
0.893410
0.790162
-1.427013
0.903442
0.731638
0.000000
0.000000
0.000000
0.000000
0.000000
0.000000
-1.246695
1.338395
0.712952
-1.315377
1.261885
0.692297
0.000000
0.000000
0.000000
0.000000
0.000000
0.000000
0.000000
0.000000
0.000000
-1.165618
0.481226
0.729857
0.000000
0.000000
0.000000
0.000000
0.000000
0.000000
-1.374167
0.514800
0.821460
-1.407821
0.488566
0.857002
0.000000
0.000000
0.000000
0.000000
0.000000
0.000000
-1.044763
1.659920
0.637430
-1.165607
1.109820
0.642546
0.000000
0.000000
0.000000
0.000000
0.000000
0.000000
-1.448746
0.449695
0.909902
-1.437276
0.492556
0.849544
0.000000
0.000000
0.000000
0.000000
0.000000
0.000000
-1.398019
0.620120
0.695515
-1.439334
0.511739
0.954987
0.000000
0.000000
0.000000
0.000000
0.000000
0.000000
-1.011071
1.124569
0.749400
-1.060831
0.927691
0.707519
-1.356367
1.071463
0.637914
-1.397315
1.041507
0.635857
-1.382964
1.122676
0.610625
-1.413814
1.121850
0.621508
0.000000
0.000000
0.000000
0.000000
0.000000
0.000000
-1.614632
0.762500
0.674611
-1.613762
0.703364
0.788241
0.000000
0.000000
0.000000
0.000000
0.000000
0.000000
-0.903142
1.333016
0.778100
-1.062828
0.862222
0.759991
0.000000
0.000000
0.000000
0.000000
0.000000
0.000000
-1.101992
0.694193
0.777470
-1.127729
0.781185
0.760024
0.000000
0.000000
0.000000
0.000000
0.000000
0.000000
-1.668237
0.463713
0.889845
-1.749245
0.436456
0.875978
0.000000
0.000000
0.000000
0.000000
0.000000
0.000000
-1.109873
0.692716
0.645923
-1.078545
0.790192
0.607535
0.000000
0.000000
0.000000
0.000000
0.000000
0.000000
-1.203007
0.823956
0.706975
-1.276158
0.914457
0.809640
0.000000
0.000000
0.000000
0.000000
0.000000
0.000000
-1.293685
0.630180
0.598273
-1.312875
0.702601
0.857634
0.000000
0.000000
0.000000
0.000000
0.000000
0.000000
-1.367737
0.679958
0.625875
-1.406388
0.647700
1.191795
0.000000
0.000000
0.000000
0.000000
0.000000
0.000000
-1.036614
0.716289
1.024595
-1.009311
0.660815
0.899979
0.000000
0.000000
0.000000
0.000000
0.000000
0.000000
0.000000
0.000000
0.000000
-1.108111
0.897402
0.775749
0.000000
0.000000
0.000000
0.000000
0.000000
0.000000
-0.998666
0.846970
0.665518
-1.128571
0.784216
0.749565
0.000000
0.000000
0.000000
-1.290908
0.937808
0.712582
0.000000
0.000000
0.000000
-1.283095
0.949000
0.712582
0.000000
0.000000
0.000000
0.000000
0.000000
0.000000
-1.278431
0.985680
0.706108
-1.361329
0.889782
0.722076
0.000000
0.000000
0.000000
0.000000
0.000000
0.000000
-1.527917
0.693966
0.820794
-1.531094
0.795630
0.825898
0.000000
0.000000
0.000000
0.000000
0.000000
0.000000
0.000000
0.000000
0.000000
-1.129325
1.110928
0.716307
0.000000
0.000000
0.000000
0.000000
0.000000
0.000000
-1.518013
0.694558
0.813317
-1.543710
0.700339
0.814544
0.000000
0.000000
0.000000
0.000000
0.000000
0.000000
-1.158111
0.585777
0.777871
-0.881387
1.038936
0.782257
0.000000
0.000000
0.000000
0.000000
0.000000
0.000000
-1.283533
0.758214
0.664871
-1.377910
0.602547
0.770265
0.000000
0.000000
0.000000
0.000000
0.000000
0.000000
0.000000
0.000000
0.000000
-0.961733
0.729321
0.794740
0.000000
0.000000
0.000000
0.000000
0.000000
0.000000
0.000000
0.000000
0.000000
-1.179257
0.939476
0.679020
0.000000
0.000000
0.000000
0.000000
0.000000
0.000000
-1.209830
0.651861
0.735433
-1.185707
0.704982
0.715495
0.000000
0.000000
0.000000
0.000000
0.000000
0.000000
-1.182188
0.593095
0.725619
-1.276913
0.568415
0.931657
0.000000
0.000000
0.000000
0.000000
0.000000
0.000000
-1.177641
0.592949
0.920016
-1.217198
0.663659
0.903030
-1.133917
0.918184
0.839692
-1.188183
0.861146
0.726764
-1.162573
0.875585
0.840721
-1.190993
0.864972
0.726341
0.000000
0.000000
0.000000
-1.338128
0.904152
0.700028
0.000000
0.000000
0.000000
-1.242660
0.942176
0.700028
0.000000
0.000000
0.000000
0.000000
0.000000
0.000000
-1.149477
0.639237
0.767391
-1.222822
0.628446
0.780121
0.000000
0.000000
0.000000
0.000000
0.000000
0.000000
-1.449914
0.430449
0.931444
-1.551525
0.467522
0.896769
0.000000
0.000000
0.000000
0.000000
0.000000
0.000000
-1.269800
0.661622
0.748886
-1.335762
0.672851
0.802116
0.000000
0.000000
0.000000
0.000000
0.000000
0.000000
0.000000
0.000000
0.000000
-1.101450
0.829705
0.742742
0.000000
0.000000
0.000000
0.000000
0.000000
0.000000
-1.272529
0.680729
0.921470
-1.351221
0.623649
0.823185
0.000000
0.000000
0.000000
0.000000
0.000000
0.000000
0.000000
0.000000
0.000000
-1.292229
0.517301
0.735882
0.000000
0.000000
0.000000
0.000000
0.000000
0.000000
-1.056632
0.632714
0.672136
-1.082766
0.586892
0.769832
0.000000
0.000000
0.000000
0.000000
0.000000
0.000000
-1.348066
0.653918
0.770624
-1.350680
0.707285
0.780103
0.000000
0.000000
0.000000
0.000000
0.000000
0.000000
-1.318839
0.440626
0.806952
-1.368319
0.392938
0.860090
0.000000
0.000000
0.000000
0.000000
0.000000
0.000000
-1.224929
0.452547
0.810471
-1.401336
0.402559
0.907738
0.000000
0.000000
0.000000
0.000000
0.000000
0.000000
-1.491888
0.587451
0.843206
-1.419166
0.580821
0.855877
0.000000
0.000000
0.000000
0.000000
0.000000
0.000000
-1.188519
0.985880
0.648774
-1.232750
1.024259
0.622189
0.000000
0.000000
0.000000
0.000000
0.000000
0.000000
-0.868199
1.415311
0.773981
-1.077002
0.976109
0.780099
0.000000
0.000000
0.000000
0.000000
0.000000
0.000000
0.000000
0.000000
0.000000
-1.122019
0.553374
0.708770
0.000000
0.000000
0.000000
0.000000
0.000000
0.000000
-1.503761
1.207229
0.520568
-1.497191
1.313338
0.493990
0.000000
0.000000
0.000000
0.000000
0.000000
0.000000
-1.644549
0.379558
0.944616
-1.664024
0.369572
0.942541
0.000000
0.000000
0.000000
0.000000
0.000000
0.000000
-1.250287
0.619394
0.644123
-1.354513
0.619161
0.892863
0.000000
0.000000
0.000000
0.000000
0.000000
0.000000
0.000000
0.000000
0.000000
-1.281844
0.739386
0.741264
0.000000
0.000000
0.000000
0.000000
0.000000
0.000000
0.000000
0.000000
0.000000
-1.374407
1.081105
0.659623
0.000000
0.000000
0.000000
0.000000
0.000000
0.000000
-1.170319
1.226087
0.599441
-1.236853
1.085501
0.515236
0.000000
0.000000
0.000000
0.000000
0.000000
0.000000
0.000000
0.000000
0.000000
-1.187303
0.921502
0.847443
0.000000
0.000000
0.000000
0.000000
0.000000
0.000000
-1.290124
0.446438
0.743019
-1.255645
0.440110
0.755780
-1.319726
0.848316
0.921906
-1.395915
0.669915
0.881352
-1.205142
1.034641
0.839661
-1.294205
0.710836
0.833553
-1.393832
1.201193
0.537752
-1.432715
1.215089
0.541928
-1.322668
1.239827
0.497405
-1.354543
1.232067
0.510323
0.000000
0.000000
0.000000
0.000000
0.000000
0.000000
-1.493335
0.414066
0.876670
-1.520032
0.417560
0.873702
0.000000
0.000000
0.000000
0.000000
0.000000
0.000000
-1.372259
0.528029
0.834093
-1.557125
0.410446
0.897936
0.000000
0.000000
0.000000
0.000000
0.000000
0.000000
-1.407065
0.545072
0.816359
-1.443551
0.633542
0.804182
0.000000
0.000000
0.000000
0.000000
0.000000
0.000000
-1.089784
0.925415
0.741848
-1.129608
0.967122
0.677662
0.000000
0.000000
0.000000
0.000000
0.000000
0.000000
-1.112000
0.575615
0.878725
-1.170508
0.567019
0.841153
0.000000
0.000000
0.000000
0.000000
0.000000
0.000000
-1.154975
1.028799
0.790041
-1.207281
1.028347
0.587686
0.000000
0.000000
0.000000
0.000000
0.000000
0.000000
-1.348932
1.156347
0.558138
-1.404608
1.109665
0.597013
0.000000
0.000000
0.000000
0.000000
0.000000
0.000000
-1.090538
0.748547
0.702784
-1.023283
0.891768
0.623021
0.000000
0.000000
0.000000
0.000000
0.000000
0.000000
-1.107908
0.556371
0.691201
-1.004786
0.722452
0.760165
0.000000
0.000000
0.000000
0.000000
0.000000
0.000000
-1.421464
0.549108
0.845368
-1.452080
0.551474
0.844912
0.000000
0.000000
0.000000
0.000000
0.000000
0.000000
0.000000
0.000000
0.000000
-1.163725
0.471063
0.676314
0.000000
0.000000
0.000000
0.000000
0.000000
0.000000
-1.452058
0.594763
0.917923
-1.408303
0.641248
0.854849
0.000000
0.000000
0.000000
0.000000
0.000000
0.000000
-1.306243
0.720926
0.624178
-1.194751
1.046826
0.645964
0.000000
0.000000
0.000000
0.000000
0.000000
0.000000
-1.279747
0.547072
0.660695
-1.388817
0.401255
0.960157
0.000000
0.000000
0.000000
0.000000
0.000000
0.000000
-1.256082
0.651851
0.701706
-1.309568
0.671037
0.820727
0.000000
0.000000
0.000000
0.000000
0.000000
0.000000
0.000000
0.000000
0.000000
-1.066011
0.799293
0.714749
0.000000
0.000000
0.000000
0.000000
0.000000
0.000000
-1.450086
1.034200
0.810582
-1.473538
0.860207
0.718795
0.000000
0.000000
0.000000
0.000000
0.000000
0.000000
0.000000
0.000000
0.000000
-1.151877
0.944856
0.532855
0.000000
0.000000
0.000000
0.000000
0.000000
0.000000
-1.209434
1.365887
0.480284
-1.268894
1.388043
0.433026
0.000000
0.000000
0.000000
0.000000
0.000000
0.000000
-1.163646
0.782712
0.752467
-1.234232
0.759430
0.765478
0.000000
0.000000
0.000000
0.000000
0.000000
0.000000
-1.049934
0.944605
0.976678
-1.288962
0.804529
0.944054
0.000000
0.000000
0.000000
0.000000
0.000000
0.000000
-1.100377
0.978925
0.666076
-1.169222
1.169546
0.525835
0.000000
0.000000
0.000000
0.000000
0.000000
0.000000
-1.277422
0.623688
0.792984
-1.314643
0.609766
0.807911
0.000000
0.000000
0.000000
0.000000
0.000000
0.000000
-1.282338
0.921035
0.696033
-1.336507
0.929343
0.709792
0.000000
0.000000
0.000000
0.000000
0.000000
0.000000
0.000000
0.000000
0.000000
-1.497940
0.725794
0.855723
-1.216708
0.739435
0.871208
-1.272247
0.718767
0.815611
-1.147645
0.917661
0.834131
-1.191217
0.827486
0.777461
0.000000
0.000000
0.000000
0.000000
0.000000
0.000000
-1.227045
0.449987
0.743852
-1.284850
0.415374
0.914263
0.000000
0.000000
0.000000
0.000000
0.000000
0.000000
0.000000
0.000000
0.000000
-1.026498
0.898237
0.714864
0.000000
0.000000
0.000000
0.000000
0.000000
0.000000
-1.122654
0.865237
0.602130
-1.325251
0.585319
0.883095
0.000000
0.000000
0.000000
0.000000
0.000000
0.000000
-1.490276
0.519646
0.974813
-1.476852
0.426947
0.858221
0.000000
0.000000
0.000000
0.000000
0.000000
0.000000
-1.405482
0.690777
0.815226
-1.458018
0.654207
0.804676
-1.305108
0.497920
0.754566
-1.202736
0.731343
0.945541
-1.298253
0.508395
0.754566
-1.178066
0.716640
0.945541
0.000000
0.000000
0.000000
0.000000
0.000000
0.000000
-1.462110
0.680034
0.752080
-1.398962
0.831596
0.770906
0.000000
0.000000
0.000000
0.000000
0.000000
0.000000
0.000000
0.000000
0.000000
-1.008899
0.576829
0.730171
0.000000
0.000000
0.000000
0.000000
0.000000
0.000000
-1.393936
0.429972
0.852457
-1.409932
0.398986
0.884897
0.000000
0.000000
0.000000
0.000000
0.000000
0.000000
-1.340881
0.791950
0.752478
-1.384328
0.782751
0.767104
0.000000
0.000000
0.000000
0.000000
0.000000
0.000000
-1.552722
0.412009
0.855661
-1.582982
0.352511
0.837457
0.000000
0.000000
0.000000
0.000000
0.000000
0.000000
-1.461050
0.886557
0.718795
-1.523130
0.800285
0.773647
0.000000
0.000000
0.000000
0.000000
0.000000
0.000000
-1.311035
0.514230
0.697408
-1.289679
0.576810
0.909600
0.000000
0.000000
0.000000
0.000000
0.000000
0.000000
-1.186951
0.812849
0.600072
-1.292111
0.753373
0.786698
0.000000
0.000000
0.000000
0.000000
0.000000
0.000000
-1.158442
0.962751
0.665945
-1.159510
1.032613
0.676536
0.000000
0.000000
0.000000
0.000000
0.000000
0.000000
-1.413805
0.575524
0.758184
-1.371088
0.719878
0.877520
0.000000
0.000000
0.000000
0.000000
0.000000
0.000000
-1.252650
0.793284
0.707117
-1.257445
0.685920
0.738266
0.000000
0.000000
0.000000
0.000000
0.000000
0.000000
-1.193057
0.790207
0.667606
-1.311377
0.578432
0.897510
0.000000
0.000000
0.000000
0.000000
0.000000
0.000000
-1.275549
0.690635
0.811387
-1.307848
0.880965
0.839649
0.000000
0.000000
0.000000
0.000000
0.000000
0.000000
-1.219260
0.629880
0.870326
-1.294078
0.648864
0.841572
0.000000
0.000000
0.000000
0.000000
0.000000
0.000000
-0.981340
1.102103
0.711924
-1.108995
0.992096
0.749741
0.000000
0.000000
0.000000
0.000000
0.000000
0.000000
-0.840756
1.221699
0.665093
-1.059241
0.867999
0.801954
0.000000
0.000000
0.000000
0.000000
0.000000
0.000000
-1.242762
1.090040
0.577043
-1.238817
1.153627
0.590264
0.000000
0.000000
0.000000
0.000000
0.000000
0.000000
-1.186274
0.647154
0.821683
-1.201723
0.531746
0.741963
0.000000
0.000000
0.000000
0.000000
0.000000
0.000000
0.000000
0.000000
0.000000
-1.315161
0.647480
0.787821
0.000000
0.000000
0.000000
0.000000
0.000000
0.000000
0.000000
0.000000
0.000000
-1.256536
0.586265
0.675220
0.000000
0.000000
0.000000
0.000000
0.000000
0.000000
-0.929183
1.066036
0.629784
-0.991734
0.947544
0.618471
0.000000
0.000000
0.000000
0.000000
0.000000
0.000000
-1.239829
0.456104
0.739642
-1.183707
0.612391
0.892588
0.000000
0.000000
0.000000
0.000000
0.000000
0.000000
-1.383893
1.280840
0.495274
-1.431098
1.248516
0.504452
0.000000
0.000000
0.000000
0.000000
0.000000
0.000000
-1.086845
0.682428
0.723393
-1.200483
0.556768
0.787521
0.000000
0.000000
0.000000
0.000000
0.000000
0.000000
0.000000
0.000000
0.000000
-0.663654
1.798901
0.734181
0.000000
0.000000
0.000000
0.000000
0.000000
0.000000
-1.326330
1.153649
0.520020
-1.368515
1.215482
0.437456
0.000000
0.000000
0.000000
0.000000
0.000000
0.000000
-1.305942
0.544174
0.787529
-1.344093
0.495724
0.838548
0.000000
0.000000
0.000000
0.000000
0.000000
0.000000
0.000000
0.000000
0.000000
-1.298893
0.652190
0.623368
0.000000
0.000000
0.000000
0.000000
0.000000
0.000000
-1.200326
0.570351
0.701789
-1.261020
0.520473
0.901551
0.000000
0.000000
0.000000
0.000000
0.000000
0.000000
-1.160301
0.749832
0.630117
-1.167317
0.786700
0.691240
0.000000
0.000000
0.000000
0.000000
0.000000
0.000000
-1.345263
1.037141
0.605451
-1.357422
1.131731
0.584431
0.000000
0.000000
0.000000
0.000000
0.000000
0.000000
0.000000
0.000000
0.000000
-1.450140
0.684821
0.601523
0.000000
0.000000
0.000000
0.000000
0.000000
0.000000
-1.353496
0.566417
0.832752
-1.418198
0.549817
0.782629
0.000000
0.000000
0.000000
0.000000
0.000000
0.000000
-1.153262
1.023853
0.580775
-1.243684
0.993219
0.666421
0.000000
0.000000
0.000000
0.000000
0.000000
0.000000
-1.045099
0.846273
0.690660
-1.012095
1.065965
0.725628
0.000000
0.000000
0.000000
0.000000
0.000000
0.000000
-1.414761
0.597155
0.683573
-1.489945
0.572680
0.866885
0.000000
0.000000
0.000000
0.000000
0.000000
0.000000
-1.310193
0.352255
0.797273
-1.312695
0.357424
0.848721
0.000000
0.000000
0.000000
0.000000
0.000000
0.000000
-1.388195
0.792301
0.744777
-1.378114
0.738871
0.713962
0.000000
0.000000
0.000000
0.000000
0.000000
0.000000
-1.465743
0.451386
0.865104
-1.481410
0.459241
0.865342
0.000000
0.000000
0.000000
0.000000
0.000000
0.000000
0.000000
0.000000
0.000000
-1.206358
0.693135
0.716952
-1.388585
0.538303
0.803215
-1.463633
0.506013
0.816553
-1.334317
0.538789
0.794560
-1.399939
0.515722
0.807111
0.000000
0.000000
0.000000
0.000000
0.000000
0.000000
-1.270169
0.820385
0.680120
-1.282829
0.893135
0.715586
0.000000
0.000000
0.000000
0.000000
0.000000
0.000000
-1.142126
1.317626
0.757640
-1.257504
0.918097
0.686721
0.000000
0.000000
0.000000
0.000000
0.000000
0.000000
-1.354208
0.537341
0.841748
-1.342237
0.716702
0.801463
0.000000
0.000000
0.000000
0.000000
0.000000
0.000000
-1.183821
0.867636
0.711393
-1.192193
0.924952
0.609322
0.000000
0.000000
0.000000
0.000000
0.000000
0.000000
-1.249922
1.260479
0.714018
-1.387293
1.127784
0.589735
0.000000
0.000000
0.000000
0.000000
0.000000
0.000000
-1.201291
0.734638
0.670930
-1.102681
1.049118
0.736927
0.000000
0.000000
0.000000
0.000000
0.000000
0.000000
-1.164454
1.015672
0.655129
-1.226326
0.964776
0.651953
0.000000
0.000000
0.000000
0.000000
0.000000
0.000000
-1.067480
0.726932
0.638878
-1.092050
0.767088
0.719613
0.000000
0.000000
0.000000
0.000000
0.000000
0.000000
-1.404847
0.577124
0.832514
-1.444216
0.569625
0.836334
0.000000
0.000000
0.000000
0.000000
0.000000
0.000000
-1.459595
0.957244
0.690481
-1.468635
1.024645
0.713211
0.000000
0.000000
0.000000
0.000000
0.000000
0.000000
-1.392458
0.615934
0.861015
-1.445627
0.588704
0.866845
0.000000
0.000000
0.000000
0.000000
0.000000
0.000000
-1.380800
0.675391
0.814334
-1.427131
0.600615
0.953480
0.000000
0.000000
0.000000
0.000000
0.000000
0.000000
0.000000
0.000000
0.000000
-1.337600
0.916832
0.729735
0.000000
0.000000
0.000000
0.000000
0.000000
0.000000
-1.521374
0.692872
0.837813
-1.606371
0.630603
0.834593
0.000000
0.000000
0.000000
0.000000
0.000000
0.000000
-1.370204
0.679583
0.747548
-1.479472
0.522988
0.803971
0.000000
0.000000
0.000000
0.000000
0.000000
0.000000
0.000000
0.000000
0.000000
-1.162757
0.617399
0.892929
0.000000
0.000000
0.000000
0.000000
0.000000
0.000000
-1.221807
0.977679
0.717968
-1.216716
0.954618
0.647211
0.000000
0.000000
0.000000
0.000000
0.000000
0.000000
0.000000
0.000000
0.000000
-1.514708
0.302516
0.682677
-1.253052
1.096470
0.599571
-1.267630
1.079999
0.605269
-1.213451
1.074232
0.609097
-1.222157
1.056821
0.613242
-1.241975
0.988077
0.673647
-1.241415
1.141341
0.603577
-1.196716
0.976527
0.665194
-1.184393
1.128455
0.603944
0.000000
0.000000
0.000000
0.000000
0.000000
0.000000
-1.466676
0.686456
0.669119
-1.457515
0.779995
0.894719
0.000000
0.000000
0.000000
0.000000
0.000000
0.000000
-1.501421
0.616543
0.840876
-1.528340
0.606304
0.836606
-1.526523
0.620661
0.838580
-1.546361
0.621494
0.837724
-1.345067
0.803294
0.763832
-1.365910
0.792507
0.770312
0.000000
0.000000
0.000000
0.000000
0.000000
0.000000
-1.361588
1.019019
0.738410
-1.387537
1.101267
0.635050
0.000000
0.000000
0.000000
0.000000
0.000000
0.000000
-1.419901
1.088674
0.671688
-1.451408
1.100965
0.618104
-0.899483
1.844029
0.722773
-1.067474
1.182126
0.667417
-1.090221
1.387686
0.671035
-1.129649
1.122571
0.608160
0.000000
0.000000
0.000000
0.000000
0.000000
0.000000
-0.997789
1.162417
0.785273
-1.035445
1.073568
0.665238
0.000000
0.000000
0.000000
0.000000
0.000000
0.000000
-1.377438
0.976871
0.848459
-1.482239
0.750163
0.804389
0.000000
0.000000
0.000000
-1.293130
0.710092
0.657375
0.000000
0.000000
0.000000
-1.273628
0.719916
0.656928
0.000000
0.000000
0.000000
0.000000
0.000000
0.000000
-1.149024
0.692321
0.602003
-0.957422
1.180363
0.776250
0.000000
0.000000
0.000000
0.000000
0.000000
0.000000
-0.919581
0.857006
0.793506
-0.893399
0.936611
0.756164
0.000000
0.000000
0.000000
0.000000
0.000000
0.000000
-1.501691
0.474671
0.641764
-1.539432
0.678915
0.797338
0.000000
0.000000
0.000000
0.000000
0.000000
0.000000
-0.904807
0.799200
0.730629
-0.932078
0.802910
0.648303
0.000000
0.000000
0.000000
0.000000
0.000000
0.000000
-1.197192
0.880074
0.727866
-1.190399
1.036048
0.652781
0.000000
0.000000
0.000000
0.000000
0.000000
0.000000
-1.336145
0.530608
1.020602
-1.428486
0.480856
0.903756
0.000000
0.000000
0.000000
0.000000
0.000000
0.000000
-1.315079
1.227634
0.445065
-1.345566
1.243773
0.469111
0.000000
0.000000
0.000000
0.000000
0.000000
0.000000
0.000000
0.000000
0.000000
-1.249110
0.555960
0.816278
0.000000
0.000000
0.000000
0.000000
0.000000
0.000000
-1.333938
1.011326
0.610191
-1.439299
0.906094
0.706176
0.000000
0.000000
0.000000
0.000000
0.000000
0.000000
-1.226932
0.574652
0.809594
-1.313271
0.526882
0.798196
0.000000
0.000000
0.000000
0.000000
0.000000
0.000000
-1.284344
1.019039
0.753409
-1.306744
0.855972
0.693244
0.000000
0.000000
0.000000
0.000000
0.000000
0.000000
-1.142897
1.194103
0.607259
-1.258753
0.752648
0.709614
0.000000
0.000000
0.000000
0.000000
0.000000
0.000000
-1.267458
1.365042
0.763988
-1.386848
0.864323
0.658864
-1.241159
0.770897
0.729809
-1.262420
0.789110
0.748905
-1.078120
0.927889
0.671235
-1.166121
1.027476
0.646659
0.000000
0.000000
0.000000
0.000000
0.000000
0.000000
-1.142237
1.058248
0.589320
-1.251890
0.977576
0.590971
0.000000
0.000000
0.000000
0.000000
0.000000
0.000000
-1.140640
1.005121
0.729884
-1.179095
0.901021
0.683749
0.000000
0.000000
0.000000
0.000000
0.000000
0.000000
-1.432590
0.708022
0.793363
-1.470619
0.694426
0.805909
-1.169062
1.103935
0.692511
-1.171465
0.962567
0.622562
-1.155871
1.113224
0.692511
-1.151032
0.950345
0.622537
0.000000
0.000000
0.000000
0.000000
0.000000
0.000000
-1.544989
0.522570
0.849893
-1.587993
0.560683
0.855812
-1.314742
0.534513
0.789458
-1.292337
0.544878
0.923972
-1.265397
0.546795
0.789458
-1.260424
0.540674
0.897706
0.000000
0.000000
0.000000
0.000000
0.000000
0.000000
0.000000
0.000000
0.000000
-1.218137
0.964946
0.825994
-1.212889
0.949123
0.692785
-1.258219
0.764687
0.740017
-1.078714
0.958757
0.676199
-1.145786
0.807745
0.738239
0.000000
0.000000
0.000000
0.000000
0.000000
0.000000
0.000000
0.000000
0.000000
-0.967951
0.892918
0.738287
0.000000
0.000000
0.000000
0.000000
0.000000
0.000000
-1.507820
0.757526
0.785757
-1.519081
0.790001
0.788461
0.000000
0.000000
0.000000
0.000000
0.000000
0.000000
-1.060545
1.264325
0.714038
-1.168521
1.104343
0.578621
0.000000
0.000000
0.000000
0.000000
0.000000
0.000000
0.000000
0.000000
0.000000
-1.517116
0.507984
0.753553
0.000000
0.000000
0.000000
0.000000
0.000000
0.000000
-1.252632
0.828565
0.772611
-1.265541
0.876795
0.753467
-1.265359
0.760273
0.787128
-1.281408
0.794956
0.721764
-1.172195
0.963902
0.749535
-1.186169
0.911411
0.665212
0.000000
0.000000
0.000000
0.000000
0.000000
0.000000
-1.574454
0.403483
0.880576
-1.584703
0.409861
0.880932
0.000000
0.000000
0.000000
0.000000
0.000000
0.000000
0.000000
0.000000
0.000000
-1.332687
0.627677
0.636345
0.000000
0.000000
0.000000
0.000000
0.000000
0.000000
-1.308013
0.566905
0.820021
-1.326191
0.627068
0.824297
0.000000
0.000000
0.000000
0.000000
0.000000
0.000000
-1.235467
0.611457
0.795187
-1.287886
0.589465
0.786151
0.000000
0.000000
0.000000
0.000000
0.000000
0.000000
-1.245982
0.412330
0.809104
-1.174052
0.538155
0.843130
0.000000
0.000000
0.000000
0.000000
0.000000
0.000000
-1.389642
0.500258
0.853718
-1.360072
0.458780
0.855122
0.000000
0.000000
0.000000
0.000000
0.000000
0.000000
0.000000
0.000000
0.000000
-1.247381
0.770450
0.613317
-1.121915
0.735567
0.683806
-1.326948
0.607660
0.950440
-1.340685
0.575131
0.711316
-1.416103
0.445884
0.991369
0.000000
0.000000
0.000000
0.000000
0.000000
0.000000
-1.467684
1.116164
0.639211
-1.499741
0.972211
0.667193
0.000000
0.000000
0.000000
0.000000
0.000000
0.000000
-1.112042
1.118866
0.847417
-1.234083
0.979156
0.794729
0.000000
0.000000
0.000000
0.000000
0.000000
0.000000
-1.262779
1.000176
0.669142
-1.297805
0.979684
0.662771
0.000000
0.000000
0.000000
0.000000
0.000000
0.000000
0.000000
0.000000
0.000000
-1.384068
0.504616
0.770136
0.000000
0.000000
0.000000
0.000000
0.000000
0.000000
-1.367766
0.406150
0.698462
-1.303221
0.569214
0.912196
0.000000
0.000000
0.000000
0.000000
0.000000
0.000000
0.000000
0.000000
0.000000
-1.577161
0.645278
1.003341
0.000000
0.000000
0.000000
0.000000
0.000000
0.000000
-1.331984
0.796470
0.704951
-1.444898
0.728383
0.757218
0.000000
0.000000
0.000000
0.000000
0.000000
0.000000
-1.432406
1.258666
0.589548
-1.475045
0.989069
0.555197
0.000000
0.000000
0.000000
0.000000
0.000000
0.000000
-1.331233
0.696426
0.763119
-1.346382
0.717883
0.794845
0.000000
0.000000
0.000000
0.000000
0.000000
0.000000
-1.258041
0.635816
0.835627
-1.304679
0.624735
0.825444
0.000000
0.000000
0.000000
0.000000
0.000000
0.000000
-1.191829
0.314260
0.747905
-1.316728
0.289389
0.982509
0.000000
0.000000
0.000000
0.000000
0.000000
0.000000
-1.080575
1.475103
0.592907
-1.128340
1.205313
0.557794
0.000000
0.000000
0.000000
0.000000
0.000000
0.000000
-1.683674
0.428107
0.879695
-1.705247
0.433418
0.879237
0.000000
0.000000
0.000000
0.000000
0.000000
0.000000
0.000000
0.000000
0.000000
-1.198846
0.834729
0.828631
0.000000
0.000000
0.000000
0.000000
0.000000
0.000000
-1.231302
1.214256
0.639561
-1.371315
0.866984
0.770149
0.000000
0.000000
0.000000
0.000000
0.000000
0.000000
-1.274020
1.009916
0.634357
-1.319346
1.054290
0.634208
0.000000
0.000000
0.000000
0.000000
0.000000
0.000000
-1.255084
0.604876
0.806968
-1.255809
0.547447
0.823355
0.000000
0.000000
0.000000
0.000000
0.000000
0.000000
-1.456731
0.956466
0.719571
-1.480210
0.949920
0.716087
0.000000
0.000000
0.000000
0.000000
0.000000
0.000000
-1.493496
1.109721
0.673597
-1.483480
1.072071
0.675074
0.000000
0.000000
0.000000
0.000000
0.000000
0.000000
-1.177734
0.642197
0.716094
-1.095765
1.017720
0.698229
0.000000
0.000000
0.000000
0.000000
0.000000
0.000000
0.000000
0.000000
0.000000
-1.229923
0.508530
0.740463
0.000000
0.000000
0.000000
0.000000
0.000000
0.000000
-1.164995
0.996393
0.587557
-1.286582
0.731669
0.705444
0.000000
0.000000
0.000000
0.000000
0.000000
0.000000
-1.383542
1.005752
0.665656
-1.413586
1.000125
0.686686
0.000000
0.000000
0.000000
0.000000
0.000000
0.000000
0.000000
0.000000
0.000000
-1.229638
0.588432
0.820082
0.000000
0.000000
0.000000
0.000000
0.000000
0.000000
-1.333156
0.763502
0.583458
-1.245571
1.082066
0.630781
0.000000
0.000000
0.000000
0.000000
0.000000
0.000000
-1.208549
0.553552
0.783377
-1.229635
0.512197
0.834848
0.000000
0.000000
0.000000
0.000000
0.000000
0.000000
-1.351638
0.573364
0.765015
-1.438507
0.499621
0.919514
0.000000
0.000000
0.000000
0.000000
0.000000
0.000000
-1.471744
0.603908
0.828755
-1.494338
0.590977
0.830867
0.000000
0.000000
0.000000
0.000000
0.000000
0.000000
-1.189713
1.055738
0.695961
-1.257618
0.821289
0.638044
0.000000
0.000000
0.000000
0.000000
0.000000
0.000000
-1.280152
1.027310
0.682038
-1.406309
0.693983
0.752417
0.000000
0.000000
0.000000
0.000000
0.000000
0.000000
-1.124027
1.072775
0.627777
-1.187591
1.075917
0.629685
-1.092227
1.250423
0.680224
-1.254168
0.934374
0.853546
-1.055029
1.273009
0.680224
-1.185740
0.984284
0.779825
0.000000
0.000000
0.000000
0.000000
0.000000
0.000000
0.000000
0.000000
0.000000
-1.294141
0.702460
0.763692
0.000000
0.000000
0.000000
0.000000
0.000000
0.000000
-1.082423
1.117296
0.437057
-1.220793
1.172558
0.600116
0.000000
0.000000
0.000000
0.000000
0.000000
0.000000
-1.439215
0.428876
0.820765
-1.479044
0.438581
0.907425
0.000000
0.000000
0.000000
0.000000
0.000000
0.000000
0.000000
0.000000
0.000000
-0.983410
0.746671
0.741701
0.000000
0.000000
0.000000
0.000000
0.000000
0.000000
-1.452795
0.461429
0.802821
-1.463451
0.553378
0.854217
0.000000
0.000000
0.000000
0.000000
0.000000
0.000000
-1.288857
0.424004
0.803338
-1.232292
0.363312
0.820368
0.000000
0.000000
0.000000
0.000000
0.000000
0.000000
-1.319382
1.067162
1.016872
-1.545909
0.765241
1.013998
0.000000
0.000000
0.000000
0.000000
0.000000
0.000000
0.000000
0.000000
0.000000
-1.065281
0.876022
0.733086
0.000000
0.000000
0.000000
0.000000
0.000000
0.000000
-1.368224
0.520733
0.848520
-1.368220
0.608818
0.866155
0.000000
0.000000
0.000000
0.000000
0.000000
0.000000
0.000000
0.000000
0.000000
-1.283751
0.615456
0.642430
0.000000
0.000000
0.000000
0.000000
0.000000
0.000000
-1.196435
0.769728
0.771234
-1.248941
0.943969
0.689600
0.000000
0.000000
0.000000
0.000000
0.000000
0.000000
-1.430040
0.823286
0.750744
-1.460320
0.785705
0.782497
0.000000
0.000000
0.000000
0.000000
0.000000
0.000000
-1.434940
0.661513
0.753280
-1.433900
0.686821
0.722760
0.000000
0.000000
0.000000
0.000000
0.000000
0.000000
-1.395539
0.474935
0.697391
-1.319298
0.636104
0.759490
0.000000
0.000000
0.000000
0.000000
0.000000
0.000000
0.000000
0.000000
0.000000
-1.266871
0.734762
0.845741
0.000000
0.000000
0.000000
0.000000
0.000000
0.000000
-1.379213
0.617948
0.845390
-1.391217
0.648314
0.821884
0.000000
0.000000
0.000000
0.000000
0.000000
0.000000
-1.769491
0.290156
0.906450
-1.734226
0.351656
0.895166
0.000000
0.000000
0.000000
0.000000
0.000000
0.000000
0.000000
0.000000
0.000000
-1.202514
1.166695
0.802961
0.000000
0.000000
0.000000
0.000000
0.000000
0.000000
-1.404515
0.764462
0.784229
-1.427741
0.704344
0.766143
0.000000
0.000000
0.000000
0.000000
0.000000
0.000000
-1.350378
0.765904
0.688805
-1.358337
0.787981
0.681572
0.000000
0.000000
0.000000
0.000000
0.000000
0.000000
-1.341717
0.571544
0.763797
-1.317885
0.584690
0.837202
0.000000
0.000000
0.000000
0.000000
0.000000
0.000000
-1.482108
1.106503
0.786806
-1.473586
1.179829
0.696069
0.000000
0.000000
0.000000
0.000000
0.000000
0.000000
-1.060727
0.772123
0.569717
-1.043511
0.839916
0.969307
0.000000
0.000000
0.000000
0.000000
0.000000
0.000000
-1.374614
0.515411
1.030345
-1.460479
0.549296
0.928491
0.000000
0.000000
0.000000
0.000000
0.000000
0.000000
0.000000
0.000000
0.000000
-1.452197
0.724002
0.720116
0.000000
0.000000
0.000000
0.000000
0.000000
0.000000
-1.495981
0.757828
0.817081
-1.536793
0.775014
0.801998
0.000000
0.000000
0.000000
0.000000
0.000000
0.000000
-1.071398
0.977420
0.641735
-1.045208
1.229287
0.691344
0.000000
0.000000
0.000000
0.000000
0.000000
0.000000
-1.324004
0.842092
0.729014
-1.342168
0.847212
0.736121
0.000000
0.000000
0.000000
0.000000
0.000000
0.000000
0.000000
0.000000
0.000000
-0.979547
1.303528
0.639588
0.000000
0.000000
0.000000
0.000000
0.000000
0.000000
-1.165295
0.436122
0.843723
-1.241047
0.375362
0.853123
0.000000
0.000000
0.000000
0.000000
0.000000
0.000000
-1.355728
0.679517
0.813578
-1.396807
0.695274
0.786566
-1.280583
0.958536
0.670719
-1.336978
0.839612
0.725774
-1.253798
0.932426
0.657853
-1.306262
0.832693
0.720395
0.000000
0.000000
0.000000
0.000000
0.000000
0.000000
-1.017724
0.906326
0.634737
-1.123991
1.120948
0.586681
0.000000
0.000000
0.000000
0.000000
0.000000
0.000000
0.000000
0.000000
0.000000
-0.950036
0.686633
0.728679
-1.194140
0.870129
0.808586
-1.231528
0.804296
0.798971
-1.254327
0.947761
0.809070
-1.334406
0.842998
0.795958
0.000000
0.000000
0.000000
-1.298767
0.633663
0.644730
0.000000
0.000000
0.000000
-1.302300
0.636325
0.644730
0.000000
0.000000
0.000000
0.000000
0.000000
0.000000
-1.153779
0.956637
0.583177
-1.187915
0.989951
0.633579
0.000000
0.000000
0.000000
0.000000
0.000000
0.000000
-1.120459
0.757040
0.770637
-1.242846
0.697241
0.754147
0.000000
0.000000
0.000000
0.000000
0.000000
0.000000
-1.055415
2.245984
0.739823
-1.322911
1.119289
0.614535
0.000000
0.000000
0.000000
0.000000
0.000000
0.000000
-1.198119
0.447682
0.700050
-1.304348
0.330570
1.074123
-1.114464
0.564059
0.852575
-1.149255
0.509546
0.918134
-1.112058
0.565062
0.852575
-1.144495
0.509257
0.918134
0.000000
0.000000
0.000000
0.000000
0.000000
0.000000
-1.396712
0.831165
0.696507
-1.339794
0.927082
0.613325
0.000000
0.000000
0.000000
0.000000
0.000000
0.000000
-1.245001
0.878623
0.684182
-1.247862
0.927914
0.724531
0.000000
0.000000
0.000000
0.000000
0.000000
0.000000
0.000000
0.000000
0.000000
-1.235880
0.769095
0.594984
-1.092792
0.750564
0.724115
-1.081413
0.671303
0.744637
-1.174735
1.077674
0.695494
-1.170533
1.011623
0.691845
0.000000
0.000000
0.000000
0.000000
0.000000
0.000000
-1.154343
0.655180
0.715475
-1.082151
0.709390
0.753975
0.000000
0.000000
0.000000
0.000000
0.000000
0.000000
-0.920638
0.673455
0.856603
-0.971031
0.722698
0.842703
0.000000
0.000000
0.000000
0.000000
0.000000
0.000000
-1.459272
0.616845
0.864118
-1.451492
0.659395
0.847965
0.000000
0.000000
0.000000
0.000000
0.000000
0.000000
0.000000
0.000000
0.000000
-1.068186
0.749471
0.802276
0.000000
0.000000
0.000000
0.000000
0.000000
0.000000
-1.318309
0.496883
0.799797
-1.394776
0.531623
0.901262
0.000000
0.000000
0.000000
0.000000
0.000000
0.000000
-1.104595
0.608338
0.826045
-1.138007
0.703064
0.783763
0.000000
0.000000
0.000000
0.000000
0.000000
0.000000
-1.138156
0.848774
0.781525
-1.179367
0.756266
0.624259
0.000000
0.000000
0.000000
0.000000
0.000000
0.000000
0.000000
0.000000
0.000000
-1.061002
0.624696
0.662346
0.000000
0.000000
0.000000
0.000000
0.000000
0.000000
-1.291022
0.699063
0.801887
-1.334303
0.693987
0.784971
-1.538898
0.618945
0.841526
-1.520141
0.752565
0.837622
-1.501944
0.657562
0.866660
-1.574294
0.520619
0.868472
0.000000
0.000000
0.000000
0.000000
0.000000
0.000000
-1.736292
0.341916
0.851613
-1.681280
0.457000
0.922113
0.000000
0.000000
0.000000
0.000000
0.000000
0.000000
-1.248255
0.764527
0.753439
-1.326624
0.735233
0.775292
0.000000
0.000000
0.000000
0.000000
0.000000
0.000000
-1.316992
0.823587
0.735222
-1.347854
0.787911
0.782460
0.000000
0.000000
0.000000
0.000000
0.000000
0.000000
-1.500631
0.719632
0.915905
-1.563868
0.613936
0.845530
0.000000
0.000000
0.000000
0.000000
0.000000
0.000000
-1.343458
0.802598
0.751305
-1.384045
0.864327
0.715298
0.000000
0.000000
0.000000
0.000000
0.000000
0.000000
-1.387365
0.864080
0.814936
-1.473535
0.759216
0.814489
0.000000
0.000000
0.000000
0.000000
0.000000
0.000000
-1.098845
0.524148
0.688866
-1.212465
0.556183
0.831813
0.000000
0.000000
0.000000
-1.271086
0.522524
0.959867
0.000000
0.000000
0.000000
-1.262069
0.533657
0.959867
0.000000
0.000000
0.000000
0.000000
0.000000
0.000000
-1.564916
0.377320
0.907262
-1.599641
0.320806
0.867694
0.000000
0.000000
0.000000
0.000000
0.000000
0.000000
-1.431459
0.788598
0.787887
-1.445894
0.880992
0.785920
0.000000
0.000000
0.000000
0.000000
0.000000
0.000000
-1.481893
1.067081
0.657901
-1.511121
1.215501
0.530446
0.000000
0.000000
0.000000
0.000000
0.000000
0.000000
-1.220790
0.730200
0.797870
-1.282836
0.740984
0.770000
0.000000
0.000000
0.000000
0.000000
0.000000
0.000000
-1.420072
0.338239
0.881276
-1.443602
0.340064
0.886208
-1.263928
0.660359
0.705306
-1.197326
0.666007
0.865809
-1.265409
0.660657
0.705306
-1.195316
0.667146
0.865809
0.000000
0.000000
0.000000
0.000000
0.000000
0.000000
-1.244796
0.921614
0.572657
-1.284908
0.997886
0.729831
0.000000
0.000000
0.000000
0.000000
0.000000
0.000000
-1.384695
0.418562
0.724847
-1.455262
0.354801
0.955341
0.000000
0.000000
0.000000
0.000000
0.000000
0.000000
0.000000
0.000000
0.000000
-1.132877
0.666021
0.832799
0.000000
0.000000
0.000000
0.000000
0.000000
0.000000
-1.379382
1.130418
0.579641
-1.416826
1.124265
0.618153
0.000000
0.000000
0.000000
0.000000
0.000000
0.000000
-1.304643
0.738055
0.653472
-1.380754
0.733628
0.838997
0.000000
0.000000
0.000000
0.000000
0.000000
0.000000
-1.386052
0.621630
0.649985
-1.311132
0.627904
1.011288
-1.235652
1.087178
0.652059
-1.317908
1.029818
0.690981
-1.251638
1.169316
0.554116
-1.274913
1.136385
0.597316
0.000000
0.000000
0.000000
0.000000
0.000000
0.000000
-1.461103
1.131935
0.636160
-1.490611
1.200346
0.588981
0.000000
0.000000
0.000000
0.000000
0.000000
0.000000
-1.213268
0.643997
0.723016
-1.312637
0.747016
0.797219
0.000000
0.000000
0.000000
-1.030074
1.028672
0.673599
0.000000
0.000000
0.000000
-1.017106
1.036854
0.673599
0.000000
0.000000
0.000000
0.000000
0.000000
0.000000
-1.284540
0.668056
0.750931
-1.315359
0.731462
0.816598
0.000000
0.000000
0.000000
0.000000
0.000000
0.000000
0.000000
0.000000
0.000000
-1.249278
0.495683
0.606075
0.000000
0.000000
0.000000
0.000000
0.000000
0.000000
-1.248556
0.967813
0.852643
-1.307600
0.991229
0.734292
0.000000
0.000000
0.000000
0.000000
0.000000
0.000000
0.000000
0.000000
0.000000
-1.086193
0.853835
0.509482
0.000000
0.000000
0.000000
0.000000
0.000000
0.000000
-1.322078
1.232586
0.892894
-1.401230
1.079288
0.804300
0.000000
0.000000
0.000000
0.000000
0.000000
0.000000
-1.292261
0.656019
0.821870
-1.352830
0.587562
0.839788
0.000000
0.000000
0.000000
0.000000
0.000000
0.000000
0.000000
0.000000
0.000000
-1.013443
0.765107
0.698294
0.000000
0.000000
0.000000
0.000000
0.000000
0.000000
-1.408540
0.598365
0.798807
-1.307302
0.711860
0.768812
0.000000
0.000000
0.000000
0.000000
0.000000
0.000000
0.000000
0.000000
0.000000
-1.199614
0.612987
0.675366
0.000000
0.000000
0.000000
0.000000
0.000000
0.000000
-1.077790
0.654835
0.757314
-1.117694
0.829319
0.714436
-1.202708
0.520535
0.843139
-1.260822
0.470939
0.855313
-1.084131
0.530010
0.816937
-1.035406
0.638759
0.806241
0.000000
0.000000
0.000000
0.000000
0.000000
0.000000
-1.669696
0.705402
0.817464
-1.696411
0.688925
0.820074
0.000000
0.000000
0.000000
0.000000
0.000000
0.000000
-0.961173
0.997635
0.835528
-1.025547
0.801228
0.877156
0.000000
0.000000
0.000000
0.000000
0.000000
0.000000
-0.995845
0.919078
0.757403
-1.152168
1.267585
0.686658
0.000000
0.000000
0.000000
0.000000
0.000000
0.000000
-1.470016
0.478363
0.883950
-1.492221
0.394192
0.853643
0.000000
0.000000
0.000000
0.000000
0.000000
0.000000
0.000000
0.000000
0.000000
-1.313151
0.915519
0.673540
-1.276985
0.948973
0.690095
-1.313856
0.943626
0.696063
-1.215028
0.960028
0.673430
-1.253502
0.925871
0.694163
0.000000
0.000000
0.000000
-1.176614
0.528844
0.753078
0.000000
0.000000
0.000000
-1.164319
0.541908
0.753078
0.000000
0.000000
0.000000
0.000000
0.000000
0.000000
-1.149905
0.694468
0.885518
-1.306114
0.592210
0.849262
0.000000
0.000000
0.000000
0.000000
0.000000
0.000000
-1.341392
0.597984
0.785944
-1.419629
0.605063
0.813773
0.000000
0.000000
0.000000
0.000000
0.000000
0.000000
0.000000
0.000000
0.000000
-1.250248
0.591175
1.001487
0.000000
0.000000
0.000000
0.000000
0.000000
0.000000
-1.383171
0.589334
0.863676
-1.271557
0.720481
0.797235
0.000000
0.000000
0.000000
0.000000
0.000000
0.000000
0.000000
0.000000
0.000000
-1.079984
0.998351
0.665087
0.000000
0.000000
0.000000
0.000000
0.000000
0.000000
0.000000
0.000000
0.000000
-1.173350
0.677776
0.775889
0.000000
0.000000
0.000000
0.000000
0.000000
0.000000
-1.038152
1.058128
0.748923
-1.141067
1.060146
0.751687
0.000000
0.000000
0.000000
0.000000
0.000000
0.000000
-1.060580
0.759565
0.685677
-1.211265
0.580129
0.797179
0.000000
0.000000
0.000000
0.000000
0.000000
0.000000
-1.513488
0.354509
0.900560
-1.575754
0.291650
0.899180
0.000000
0.000000
0.000000
0.000000
0.000000
0.000000
0.000000
0.000000
0.000000
-1.280690
1.042420
0.586647
0.000000
0.000000
0.000000
0.000000
0.000000
0.000000
0.000000
0.000000
0.000000
-1.330881
0.634068
0.757613
0.000000
0.000000
0.000000
0.000000
0.000000
0.000000
-1.153456
0.858349
0.697545
-1.233509
0.942225
0.747701
0.000000
0.000000
0.000000
0.000000
0.000000
0.000000
0.000000
0.000000
0.000000
-0.982930
1.092780
0.850515
0.000000
0.000000
0.000000
0.000000
0.000000
0.000000
-1.027509
2.135845
0.745912
-1.332023
1.168155
0.542703
0.000000
0.000000
0.000000
0.000000
0.000000
0.000000
-1.280869
0.877818
0.738469
-1.334180
0.798847
0.763758
0.000000
0.000000
0.000000
0.000000
0.000000
0.000000
0.000000
0.000000
0.000000
-1.149889
0.511617
0.713128
0.000000
0.000000
0.000000
0.000000
0.000000
0.000000
-1.065141
0.759245
0.799690
-1.110337
0.925310
0.737710
0.000000
0.000000
0.000000
0.000000
0.000000
0.000000
0.000000
0.000000
0.000000
-1.149388
0.443535
0.875676
0.000000
0.000000
0.000000
0.000000
0.000000
0.000000
-1.244807
0.504024
1.083498
-1.326054
0.409166
0.931825
0.000000
0.000000
0.000000
0.000000
0.000000
0.000000
-1.409333
0.585705
0.894484
-1.403735
0.539384
0.870848
0.000000
0.000000
0.000000
0.000000
0.000000
0.000000
-1.184614
0.799029
0.690327
-1.296248
0.643838
0.800268
0.000000
0.000000
0.000000
0.000000
0.000000
0.000000
-1.467838
0.431775
0.947154
-1.409400
0.952880
0.880109
0.000000
0.000000
0.000000
0.000000
0.000000
0.000000
-1.244474
0.702202
0.808382
-1.263139
0.773061
0.764133
0.000000
0.000000
0.000000
0.000000
0.000000
0.000000
-1.223110
0.763992
0.802678
-1.239718
0.916785
0.765720
0.000000
0.000000
0.000000
0.000000
0.000000
0.000000
-1.301258
0.675629
0.714146
-1.458987
0.503330
0.837835
0.000000
0.000000
0.000000
0.000000
0.000000
0.000000
0.000000
0.000000
0.000000
-1.366931
0.584485
0.782710
0.000000
0.000000
0.000000
0.000000
0.000000
0.000000
-1.256159
0.710317
0.800132
-1.294446
0.690140
0.815285
0.000000
0.000000
0.000000
0.000000
0.000000
0.000000
-1.021934
1.113327
0.757061
-1.129164
0.818250
0.725246
0.000000
0.000000
0.000000
0.000000
0.000000
0.000000
-1.385453
1.137356
0.495366
-1.460069
1.128680
0.620918
0.000000
0.000000
0.000000
0.000000
0.000000
0.000000
-1.458476
0.519753
0.931301
-1.435721
0.538649
0.853997
0.000000
0.000000
0.000000
0.000000
0.000000
0.000000
-1.562247
0.625219
0.833626
-1.574256
0.646198
0.836548
0.000000
0.000000
0.000000
0.000000
0.000000
0.000000
-1.145681
0.673824
0.813756
-1.269758
0.606169
0.838864
0.000000
0.000000
0.000000
0.000000
0.000000
0.000000
-1.322490
0.420921
0.943272
-1.365024
0.401373
0.916225
-1.219820
0.324482
0.885578
-1.364673
0.302556
0.895434
-1.209480
0.324924
0.885578
-1.300674
0.311434
0.891596
0.000000
0.000000
0.000000
0.000000
0.000000
0.000000
-1.221183
0.333075
0.933844
-1.260747
0.328927
0.913978
0.000000
0.000000
0.000000
0.000000
0.000000
0.000000
-1.362761
0.762327
0.608872
-1.457618
0.805887
0.758826
-1.170494
0.865175
0.824745
-1.172777
0.735411
0.746127
-1.153138
0.870395
0.824745
-1.136986
0.842651
0.716914
0.000000
0.000000
0.000000
0.000000
0.000000
0.000000
-1.212325
0.715275
0.936094
-1.324750
0.832067
0.906881
0.000000
0.000000
0.000000
0.000000
0.000000
0.000000
-1.278547
0.789818
0.763890
-1.331780
0.736983
0.740751
0.000000
0.000000
0.000000
0.000000
0.000000
0.000000
-1.363691
0.838273
0.775163
-1.338960
1.115631
0.646846
0.000000
0.000000
0.000000
0.000000
0.000000
0.000000
-1.161191
1.059183
0.626630
-1.290162
1.116326
0.673726
-1.130280
0.485335
0.706293
-1.120108
0.793881
0.817505
-1.121126
0.486445
0.706293
-1.103939
0.785288
0.817505
0.000000
0.000000
0.000000
0.000000
0.000000
0.000000
0.000000
0.000000
0.000000
-0.988707
0.738114
0.736010
-1.261880
0.801806
0.785536
-1.242721
0.829802
0.737033
-1.342893
0.824267
0.793754
-1.304834
0.858437
0.744314
0.000000
0.000000
0.000000
0.000000
0.000000
0.000000
-1.340663
0.505435
0.825386
-1.357296
0.481365
0.889248
0.000000
0.000000
0.000000
0.000000
0.000000
0.000000
-1.153746
0.940476
0.686672
-1.281114
0.862250
0.730555
0.000000
0.000000
0.000000
-1.109129
0.657062
0.773278
0.000000
0.000000
0.000000
-1.097726
0.665383
0.773278
-1.338634
1.165772
0.872567
-1.346474
1.266551
0.838665
-1.299704
0.994411
0.807098
-1.334701
0.993801
0.805494
0.000000
0.000000
0.000000
0.000000
0.000000
0.000000
-1.309289
0.940834
0.740211
-1.412989
0.749843
0.728516
0.000000
0.000000
0.000000
0.000000
0.000000
0.000000
-1.304691
1.357014
0.696384
-1.320904
1.214563
0.608867
0.000000
0.000000
0.000000
0.000000
0.000000
0.000000
-1.200856
0.495961
0.834687
-1.366256
0.378519
0.861785
0.000000
0.000000
0.000000
0.000000
0.000000
0.000000
0.000000
0.000000
0.000000
-0.965846
1.622424
0.627547
0.000000
0.000000
0.000000
0.000000
0.000000
0.000000
0.000000
0.000000
0.000000
-1.201804
0.733839
0.707194
0.000000
0.000000
0.000000
0.000000
0.000000
0.000000
-1.467338
0.580933
0.832006
-1.487740
0.618673
0.850060
0.000000
0.000000
0.000000
0.000000
0.000000
0.000000
0.000000
0.000000
0.000000
-1.111188
1.021083
0.667387
0.000000
0.000000
0.000000
0.000000
0.000000
0.000000
-1.394908
0.587632
0.743592
-1.436689
0.520423
0.816347
0.000000
0.000000
0.000000
0.000000
0.000000
0.000000
-0.938403
1.458385
0.614708
-1.116023
0.930540
0.782220
-1.102037
0.757527
0.694287
-0.992418
0.835525
0.746580
-1.094783
0.757127
0.694287
-0.989712
0.835057
0.746414
0.000000
0.000000
0.000000
0.000000
0.000000
0.000000
-1.148087
0.461680
0.844082
-1.235522
0.448106
0.838553
0.000000
0.000000
0.000000
-1.161972
0.568515
0.730802
0.000000
0.000000
0.000000
-1.247868
0.478708
0.773887
0.000000
0.000000
0.000000
0.000000
0.000000
0.000000
-1.312118
0.976622
0.726539
-1.357787
0.934005
0.722043
0.000000
0.000000
0.000000
0.000000
0.000000
0.000000
-1.168996
0.909766
0.561303
-1.301264
0.947014
0.630838
0.000000
0.000000
0.000000
0.000000
0.000000
0.000000
-1.486183
0.585879
0.813330
-1.440884
0.677414
0.825750
0.000000
0.000000
0.000000
-1.064767
0.832363
0.831169
0.000000
0.000000
0.000000
-1.039203
0.840268
0.831169
0.000000
0.000000
0.000000
0.000000
0.000000
0.000000
0.000000
0.000000
0.000000
-0.961803
1.123887
0.751674
0.000000
0.000000
0.000000
0.000000
0.000000
0.000000
-1.364884
0.580122
0.705768
-1.384345
0.593752
0.822932
0.000000
0.000000
0.000000
0.000000
0.000000
0.000000
0.000000
0.000000
0.000000
-1.127005
0.909327
0.692068
0.000000
0.000000
0.000000
0.000000
0.000000
0.000000
-1.576846
0.276132
0.901326
-1.617377
0.251783
0.896604
0.000000
0.000000
0.000000
0.000000
0.000000
0.000000
-1.394681
0.788357
0.796700
-1.464389
0.962597
0.850797
0.000000
0.000000
0.000000
0.000000
0.000000
0.000000
-1.662448
0.590388
0.856216
-1.724735
0.590649
0.856661
0.000000
0.000000
0.000000
0.000000
0.000000
0.000000
-1.318813
0.859615
0.711090
-1.381811
0.825692
0.740783
0.000000
0.000000
0.000000
0.000000
0.000000
0.000000
-1.173256
1.277426
0.911382
-1.267879
1.066879
0.781131
0.000000
0.000000
0.000000
0.000000
0.000000
0.000000
-1.083168
1.410395
0.734092
-1.144755
1.104279
0.530254
0.000000
0.000000
0.000000
0.000000
0.000000
0.000000
-1.043553
0.874499
0.766117
-1.134075
0.691170
0.755443
0.000000
0.000000
0.000000
0.000000
0.000000
0.000000
-1.525973
0.993642
0.698355
-1.548563
1.009667
0.699158
0.000000
0.000000
0.000000
0.000000
0.000000
0.000000
-0.974109
0.713925
0.744303
-1.058573
0.618581
0.879451
0.000000
0.000000
0.000000
0.000000
0.000000
0.000000
-1.145966
0.542477
0.959535
-1.208663
0.664704
0.830113
0.000000
0.000000
0.000000
0.000000
0.000000
0.000000
0.000000
0.000000
0.000000
-1.368014
0.652544
0.694224
0.000000
0.000000
0.000000
0.000000
0.000000
0.000000
-1.601396
0.675781
0.813057
-1.631578
0.650676
0.826421
0.000000
0.000000
0.000000
0.000000
0.000000
0.000000
-1.104198
1.044232
0.584553
-1.174983
0.911488
0.522376
0.000000
0.000000
0.000000
0.000000
0.000000
0.000000
-1.484609
0.453773
0.866359
-1.500538
0.472527
0.867087
0.000000
0.000000
0.000000
0.000000
0.000000
0.000000
-1.261622
0.682662
0.819120
-1.335577
0.657613
0.825802
0.000000
0.000000
0.000000
0.000000
0.000000
0.000000
-1.315550
0.460112
0.730179
-1.287383
0.497535
0.885407
-1.178711
0.787477
0.743945
-1.170020
0.812713
0.739523
-1.107117
0.892589
0.680715
-1.105944
0.910757
0.682433
0.000000
0.000000
0.000000
0.000000
0.000000
0.000000
-1.366070
0.989671
0.694744
-1.522191
0.963266
0.791736
0.000000
0.000000
0.000000
0.000000
0.000000
0.000000
-1.072435
0.694131
0.651165
-0.987256
0.983789
0.554822
0.000000
0.000000
0.000000
0.000000
0.000000
0.000000
0.000000
0.000000
0.000000
-1.049127
0.746309
0.811690
0.000000
0.000000
0.000000
0.000000
0.000000
0.000000
-1.218544
0.860173
0.607434
-1.158209
1.062037
0.709996
0.000000
0.000000
0.000000
0.000000
0.000000
0.000000
-1.435730
0.800551
0.733667
-1.345524
0.818732
0.666557
0.000000
0.000000
0.000000
0.000000
0.000000
0.000000
-1.173370
0.861372
0.773986
-1.215786
0.843581
0.729669
0.000000
0.000000
0.000000
0.000000
0.000000
0.000000
-1.288457
0.692833
0.754144
-1.228942
0.856365
0.748840
0.000000
0.000000
0.000000
0.000000
0.000000
0.000000
-1.624533
1.136319
0.734991
-1.676388
0.885785
0.739309
0.000000
0.000000
0.000000
0.000000
0.000000
0.000000
-1.270323
0.732465
0.871171
-1.324434
0.864164
0.852583
0.000000
0.000000
0.000000
0.000000
0.000000
0.000000
-1.222144
0.552249
0.731584
-1.204812
0.745744
0.815952
0.000000
0.000000
0.000000
0.000000
0.000000
0.000000
-1.308036
0.664701
0.608956
-1.286257
0.959605
0.997982
0.000000
0.000000
0.000000
0.000000
0.000000
0.000000
-1.312460
0.557813
0.704674
-1.369793
0.480317
0.771219
0.000000
0.000000
0.000000
0.000000
0.000000
0.000000
-1.340886
0.846533
0.652067
-1.394584
0.792032
0.683460
0.000000
0.000000
0.000000
0.000000
0.000000
0.000000
-1.513883
0.477890
0.864009
-1.528695
0.494221
0.869432
0.000000
0.000000
0.000000
0.000000
0.000000
0.000000
-1.500893
0.697121
0.802322
-1.534077
0.700286
0.808340
0.000000
0.000000
0.000000
0.000000
0.000000
0.000000
-1.357136
0.592291
0.861001
-1.421919
0.454713
0.871533
0.000000
0.000000
0.000000
0.000000
0.000000
0.000000
-1.697617
0.362421
0.896175
-1.652813
0.464912
0.895589
0.000000
0.000000
0.000000
0.000000
0.000000
0.000000
0.000000
0.000000
0.000000
-1.344731
0.504184
0.795423
0.000000
0.000000
0.000000
0.000000
0.000000
0.000000
-1.306967
0.636886
0.750157
-1.336713
0.606601
0.806100
0.000000
0.000000
0.000000
0.000000
0.000000
0.000000
-1.128285
0.494510
0.840776
-1.242690
0.460741
0.848438
0.000000
0.000000
0.000000
0.000000
0.000000
0.000000
-1.295437
0.942627
0.733445
-1.325364
1.094041
0.737499
0.000000
0.000000
0.000000
0.000000
0.000000
0.000000
-1.029178
0.767511
0.831183
-1.048909
0.727887
0.761860
0.000000
0.000000
0.000000
0.000000
0.000000
0.000000
-1.399378
0.524560
0.894351
-1.364129
0.504070
0.893519
0.000000
0.000000
0.000000
0.000000
0.000000
0.000000
-1.080398
1.032735
0.696092
-1.229857
0.703958
0.775137
0.000000
0.000000
0.000000
0.000000
0.000000
0.000000
-1.456128
0.511411
0.718674
-1.331835
0.566856
0.792788
0.000000
0.000000
0.000000
0.000000
0.000000
0.000000
-1.285077
0.816676
0.622700
-1.367510
0.800883
0.621372
0.000000
0.000000
0.000000
0.000000
0.000000
0.000000
-1.308987
0.694258
0.703997
-1.401766
0.674090
0.773877
0.000000
0.000000
0.000000
0.000000
0.000000
0.000000
-1.379215
0.816795
0.750485
-1.371913
0.833788
0.688848
0.000000
0.000000
0.000000
0.000000
0.000000
0.000000
-1.282962
0.763616
0.652534
-1.245646
0.840090
0.739830
0.000000
0.000000
0.000000
0.000000
0.000000
0.000000
-1.093569
0.789946
0.712148
-1.052966
0.845966
0.709175
0.000000
0.000000
0.000000
0.000000
0.000000
0.000000
-1.079643
0.809797
0.684039
-1.163905
0.913063
0.621544
0.000000
0.000000
0.000000
0.000000
0.000000
0.000000
-1.151259
0.863949
0.744687
-1.260155
0.713476
0.751555
0.000000
0.000000
0.000000
0.000000
0.000000
0.000000
0.000000
0.000000
0.000000
-1.229038
0.726384
0.790780
0.000000
0.000000
0.000000
0.000000
0.000000
0.000000
-1.387725
0.753162
0.819885
-1.383784
0.729344
0.792143
0.000000
0.000000
0.000000
0.000000
0.000000
0.000000
-1.285169
1.131757
0.584169
-1.304856
1.100063
0.577624
0.000000
0.000000
0.000000
0.000000
0.000000
0.000000
-1.158396
0.867848
0.705149
-1.159284
0.995307
0.758187
0.000000
0.000000
0.000000
0.000000
0.000000
0.000000
-1.548524
0.426249
0.875912
-1.573218
0.429515
0.877014
0.000000
0.000000
0.000000
0.000000
0.000000
0.000000
-1.233764
1.089477
0.634128
-1.283421
1.076888
0.634292
0.000000
0.000000
0.000000
0.000000
0.000000
0.000000
-1.394316
0.731107
0.701966
-1.363597
0.883176
0.711926
0.000000
0.000000
0.000000
0.000000
0.000000
0.000000
-1.373463
0.796924
0.749658
-1.406682
0.817948
0.758662
0.000000
0.000000
0.000000
0.000000
0.000000
0.000000
-1.253963
0.583186
0.813993
-1.243468
0.575760
0.799272
0.000000
0.000000
0.000000
0.000000
0.000000
0.000000
0.000000
0.000000
0.000000
-1.152668
1.260664
0.712392
0.000000
0.000000
0.000000
0.000000
0.000000
0.000000
0.000000
0.000000
0.000000
-1.085083
0.972908
0.738135
0.000000
0.000000
0.000000
0.000000
0.000000
0.000000
-1.306788
1.187091
0.475257
-1.362410
1.186081
0.532920
0.000000
0.000000
0.000000
0.000000
0.000000
0.000000
-1.532918
1.011810
0.708660
-1.555561
0.962555
0.738768
-1.223373
0.530229
0.931448
-1.205828
0.547733
0.874062
-1.215422
0.533038
0.931448
-1.225950
0.535214
0.881229
0.000000
0.000000
0.000000
0.000000
0.000000
0.000000
0.000000
0.000000
0.000000
-1.322960
0.478587
0.684222
0.000000
0.000000
0.000000
0.000000
0.000000
0.000000
-1.518614
1.066188
0.686925
-1.539511
0.958718
0.841972
0.000000
0.000000
0.000000
0.000000
0.000000
0.000000
-1.062438
0.949824
0.602599
-1.011575
1.055932
0.542087
0.000000
0.000000
0.000000
0.000000
0.000000
0.000000
0.000000
0.000000
0.000000
-1.096193
1.656562
0.725329
0.000000
0.000000
0.000000
0.000000
0.000000
0.000000
0.000000
0.000000
0.000000
-1.107854
0.796654
0.675908
0.000000
0.000000
0.000000
0.000000
0.000000
0.000000
-1.196685
0.870638
0.632128
-1.206077
0.916351
0.645795
0.000000
0.000000
0.000000
0.000000
0.000000
0.000000
-1.127856
1.084219
0.995517
-1.276386
0.927424
0.835363
0.000000
0.000000
0.000000
0.000000
0.000000
0.000000
-1.455412
0.643314
0.701748
-1.503908
0.706635
0.799466
0.000000
0.000000
0.000000
0.000000
0.000000
0.000000
-0.965972
1.232328
0.734167
-1.130240
0.955199
0.822252
-1.463764
0.513600
0.696458
-1.494764
0.475347
1.070926
-1.465237
0.513487
0.696458
-1.497362
0.475745
1.070926
0.000000
0.000000
0.000000
0.000000
0.000000
0.000000
-1.185861
0.495657
0.654137
-1.243132
0.481613
0.863599
0.000000
0.000000
0.000000
0.000000
0.000000
0.000000
-1.163794
1.193535
0.724814
-1.189724
1.132009
0.751619
0.000000
0.000000
0.000000
0.000000
0.000000
0.000000
-1.221165
0.744480
0.760381
-1.237535
0.822707
0.712829
0.000000
0.000000
0.000000
0.000000
0.000000
0.000000
-1.233871
0.843564
0.719866
-1.371053
0.869095
0.676535
0.000000
0.000000
0.000000
0.000000
0.000000
0.000000
-1.062008
0.801490
0.710049
-1.066543
0.903570
0.782498
0.000000
0.000000
0.000000
0.000000
0.000000
0.000000
-1.485146
1.349089
0.716140
-1.567982
1.014408
0.751209
0.000000
0.000000
0.000000
0.000000
0.000000
0.000000
-1.424132
0.572343
0.839579
-1.447584
0.558683
0.829816
0.000000
0.000000
0.000000
0.000000
0.000000
0.000000
-1.493446
0.812742
0.828111
-1.519155
0.787113
0.800906
0.000000
0.000000
0.000000
0.000000
0.000000
0.000000
-1.270651
0.852078
0.675765
-1.158219
1.066216
0.699516
0.000000
0.000000
0.000000
0.000000
0.000000
0.000000
-1.124680
0.787706
0.841832
-1.139407
0.700046
0.889572
0.000000
0.000000
0.000000
0.000000
0.000000
0.000000
-1.140243
0.708638
0.775327
-1.146274
0.697481
0.853242
0.000000
0.000000
0.000000
0.000000
0.000000
0.000000
0.000000
0.000000
0.000000
-1.339593
0.693525
0.849062
0.000000
0.000000
0.000000
0.000000
0.000000
0.000000
-1.433765
0.527496
0.832967
-1.463326
0.584831
0.882470
0.000000
0.000000
0.000000
0.000000
0.000000
0.000000
-1.405061
0.459041
0.738224
-1.330722
0.539529
0.833642
0.000000
0.000000
0.000000
0.000000
0.000000
0.000000
-1.041329
0.779583
0.689021
-1.088239
0.856175
0.613719
0.000000
0.000000
0.000000
0.000000
0.000000
0.000000
-1.387522
0.373788
0.824829
-1.405458
0.292583
0.921181
0.000000
0.000000
0.000000
0.000000
0.000000
0.000000
-1.377088
0.555149
0.719121
-1.454562
0.708939
0.838947
0.000000
0.000000
0.000000
0.000000
0.000000
0.000000
-1.170800
0.578758
0.748318
-1.229624
0.539330
0.752236
0.000000
0.000000
0.000000
0.000000
0.000000
0.000000
-1.112910
0.453536
0.864084
-1.270495
0.509736
0.860126
0.000000
0.000000
0.000000
0.000000
0.000000
0.000000
-1.136303
0.555920
0.727188
-1.137586
0.529875
0.818599
0.000000
0.000000
0.000000
0.000000
0.000000
0.000000
-1.154755
0.865169
0.628154
-1.245598
0.869826
0.820857
0.000000
0.000000
0.000000
0.000000
0.000000
0.000000
-1.384690
0.615129
0.784984
-1.358622
0.717714
0.851655
0.000000
0.000000
0.000000
0.000000
0.000000
0.000000
-1.389999
0.787247
0.761180
-1.411422
0.799953
0.772266
0.000000
0.000000
0.000000
0.000000
0.000000
0.000000
-1.135912
1.071023
0.697632
-1.181505
0.976849
0.621912
-1.289980
0.810431
0.732730
-1.366071
0.636272
0.793000
-1.320358
0.824903
0.751181
-1.371932
0.653835
0.787502
0.000000
0.000000
0.000000
0.000000
0.000000
0.000000
-1.351445
0.591090
0.835887
-1.374446
0.585143
0.822760
0.000000
0.000000
0.000000
0.000000
0.000000
0.000000
-1.404130
0.526619
0.822762
-1.417443
0.550925
0.854333
0.000000
0.000000
0.000000
0.000000
0.000000
0.000000
-1.210309
1.061319
0.649809
-1.246543
1.127845
0.647746
0.000000
0.000000
0.000000
0.000000
0.000000
0.000000
-1.187485
1.069127
0.750728
-1.336134
0.821764
0.836818
0.000000
0.000000
0.000000
0.000000
0.000000
0.000000
0.000000
0.000000
0.000000
-1.330440
0.517289
0.784957
0.000000
0.000000
0.000000
0.000000
0.000000
0.000000
-1.202931
0.791291
0.598844
-1.189271
0.916253
0.670114
0.000000
0.000000
0.000000
0.000000
0.000000
0.000000
-1.486178
0.820008
0.715522
-1.521727
0.747742
0.744215
0.000000
0.000000
0.000000
0.000000
0.000000
0.000000
0.000000
0.000000
0.000000
-1.117443
0.751413
0.754276
0.000000
0.000000
0.000000
0.000000
0.000000
0.000000
-1.167971
0.842865
0.683191
-1.192594
0.643714
0.773880
0.000000
0.000000
0.000000
0.000000
0.000000
0.000000
-1.163310
0.882870
0.833583
-1.346617
0.710500
0.811610
0.000000
0.000000
0.000000
0.000000
0.000000
0.000000
0.000000
0.000000
0.000000
-1.343065
0.605385
0.788617
0.000000
0.000000
0.000000
0.000000
0.000000
0.000000
-1.416914
0.756630
0.764203
-1.486089
0.687489
0.790448
0.000000
0.000000
0.000000
0.000000
0.000000
0.000000
-1.077576
1.092911
0.719930
-1.182923
0.954367
0.996413
0.000000
0.000000
0.000000
0.000000
0.000000
0.000000
-1.298944
0.815798
0.680638
-1.355482
0.794028
0.671514
0.000000
0.000000
0.000000
0.000000
0.000000
0.000000
-1.111527
0.587186
0.799445
-1.151795
0.587776
0.870573
0.000000
0.000000
0.000000
0.000000
0.000000
0.000000
-1.174565
0.650332
0.600426
-1.059209
0.969657
0.667570
0.000000
0.000000
0.000000
0.000000
0.000000
0.000000
-0.777713
0.932304
0.703822
-1.070177
0.746700
0.677339
0.000000
0.000000
0.000000
0.000000
0.000000
0.000000
-1.487987
0.786306
0.776836
-1.512376
0.798056
0.777357
0.000000
0.000000
0.000000
0.000000
0.000000
0.000000
-1.075214
0.850573
0.776711
-1.176308
0.718243
0.833760
0.000000
0.000000
0.000000
0.000000
0.000000
0.000000
-1.231789
0.533548
0.888071
-1.236653
0.625993
0.829968
0.000000
0.000000
0.000000
0.000000
0.000000
0.000000
-1.380817
0.738691
0.812928
-1.463477
0.623533
0.835610
-1.341114
0.769066
0.744362
-1.324355
0.940992
0.792536
-1.326188
0.762396
0.744362
-1.297415
0.926337
0.797060
0.000000
0.000000
0.000000
0.000000
0.000000
0.000000
-1.317828
0.643343
0.787204
-1.363493
0.846699
0.713330
-1.114810
0.710371
0.721793
-1.112313
0.738921
0.783159
-1.079987
0.718551
0.721793
-1.047250
0.818021
0.744877
0.000000
0.000000
0.000000
0.000000
0.000000
0.000000
-1.334434
1.054896
0.650989
-1.360794
1.153820
0.631190
0.000000
0.000000
0.000000
0.000000
0.000000
0.000000
-1.107459
0.630867
0.846761
-1.230120
0.585382
0.816012
0.000000
0.000000
0.000000
0.000000
0.000000
0.000000
-1.045881
0.538398
0.790787
-1.061328
0.587403
0.818400
0.000000
0.000000
0.000000
0.000000
0.000000
0.000000
-0.936604
2.383357
0.667312
-1.155850
1.373215
0.686555
0.000000
0.000000
0.000000
0.000000
0.000000
0.000000
-1.450170
0.944110
0.719009
-1.478747
0.942479
0.718229
0.000000
0.000000
0.000000
0.000000
0.000000
0.000000
0.000000
0.000000
0.000000
-1.245240
0.607852
0.817665
0.000000
0.000000
0.000000
0.000000
0.000000
0.000000
0.000000
0.000000
0.000000
-1.290650
0.495641
0.713775
-1.214253
0.823294
0.806556
-1.312630
0.720640
0.871415
-1.176525
0.844214
0.806556
-1.261553
0.704926
0.873494
0.000000
0.000000
0.000000
0.000000
0.000000
0.000000
-1.545702
0.378619
0.788433
-1.622986
0.344662
0.898052
0.000000
0.000000
0.000000
0.000000
0.000000
0.000000
-1.194644
0.887280
0.679253
-1.226183
0.939402
0.676510
0.000000
0.000000
0.000000
0.000000
0.000000
0.000000
-1.208828
1.366257
0.647852
-1.355191
0.824132
0.516585
0.000000
0.000000
0.000000
0.000000
0.000000
0.000000
-1.349984
0.645762
0.785651
-1.394512
0.617598
0.806924
0.000000
0.000000
0.000000
0.000000
0.000000
0.000000
-1.260569
1.300293
0.447694
-1.312660
1.310340
0.387846
0.000000
0.000000
0.000000
0.000000
0.000000
0.000000
-1.282128
0.671581
0.786641
-1.311718
0.571583
0.750557
0.000000
0.000000
0.000000
0.000000
0.000000
0.000000
-1.605730
0.615510
0.891201
-1.544818
0.658669
0.802686
0.000000
0.000000
0.000000
0.000000
0.000000
0.000000
-1.121976
1.006867
0.552237
-1.147694
1.054268
0.583815
0.000000
0.000000
0.000000
0.000000
0.000000
0.000000
-1.443665
0.538882
0.854752
-1.481479
0.536948
0.845962
0.000000
0.000000
0.000000
0.000000
0.000000
0.000000
-1.292849
0.871164
0.726458
-1.372661
0.810900
0.866785
0.000000
0.000000
0.000000
0.000000
0.000000
0.000000
-1.653357
0.414618
0.884479
-1.656252
0.424602
0.880145
0.000000
0.000000
0.000000
0.000000
0.000000
0.000000
-1.365753
0.637019
0.817175
-1.448120
0.531470
0.833873
-1.415125
0.467255
0.876153
-1.356407
0.507697
0.863154
-1.417876
0.467828
0.875742
-1.355932
0.510098
0.862437
0.000000
0.000000
0.000000
0.000000
0.000000
0.000000
-1.387846
0.811317
0.774189
-1.418806
0.799476
0.773654
0.000000
0.000000
0.000000
0.000000
0.000000
0.000000
-1.102043
0.641920
0.643866
-1.182675
0.835461
0.735329
0.000000
0.000000
0.000000
0.000000
0.000000
0.000000
0.000000
0.000000
0.000000
-1.275952
0.711955
0.716539
0.000000
0.000000
0.000000
0.000000
0.000000
0.000000
0.000000
0.000000
0.000000
-1.134433
0.620143
0.730729
0.000000
0.000000
0.000000
0.000000
0.000000
0.000000
-1.177659
1.478293
0.675250
-1.279833
1.068745
0.632351
0.000000
0.000000
0.000000
0.000000
0.000000
0.000000
0.000000
0.000000
0.000000
-1.378740
0.630368
0.637232
0.000000
0.000000
0.000000
0.000000
0.000000
0.000000
0.000000
0.000000
0.000000
-1.173768
0.900503
0.787594
0.000000
0.000000
0.000000
0.000000
0.000000
0.000000
-1.547195
0.470232
0.890152
-1.596991
0.399970
0.879321
0.000000
0.000000
0.000000
0.000000
0.000000
0.000000
-1.464745
0.540039
0.918599
-1.479594
0.519860
0.835950
0.000000
0.000000
0.000000
0.000000
0.000000
0.000000
0.000000
0.000000
0.000000
-1.601588
0.538030
0.722815
0.000000
0.000000
0.000000
0.000000
0.000000
0.000000
0.000000
0.000000
0.000000
-1.326275
0.767295
0.858693
0.000000
0.000000
0.000000
0.000000
0.000000
0.000000
0.000000
0.000000
0.000000
-1.294208
0.645253
0.864175
0.000000
0.000000
0.000000
0.000000
0.000000
0.000000
-1.313794
0.850342
0.697561
-1.348888
0.903736
0.745208
0.000000
0.000000
0.000000
0.000000
0.000000
0.000000
-1.168645
0.833614
0.731513
-1.218864
0.792258
0.656690
0.000000
0.000000
0.000000
0.000000
0.000000
0.000000
0.000000
0.000000
0.000000
-1.459588
0.466927
0.581401
0.000000
0.000000
0.000000
0.000000
0.000000
0.000000
-1.104547
0.555012
0.766507
-1.179611
0.471479
0.809533
-1.252040
0.365043
0.864767
-1.244504
0.441453
0.862613
-1.180990
0.492688
0.845851
-1.151456
0.571531
0.830543
0.000000
0.000000
0.000000
0.000000
0.000000
0.000000
-1.451264
0.810174
0.771000
-1.461441
0.845357
0.765742
0.000000
0.000000
0.000000
0.000000
0.000000
0.000000
-1.203539
0.965817
0.706999
-1.224696
0.832709
0.754637
0.000000
0.000000
0.000000
0.000000
0.000000
0.000000
-1.167818
1.106935
0.688318
-1.243667
1.082771
0.616363
0.000000
0.000000
0.000000
0.000000
0.000000
0.000000
-1.178289
0.966333
0.689388
-1.205614
0.758638
0.665693
0.000000
0.000000
0.000000
0.000000
0.000000
0.000000
-1.085539
1.014820
0.570567
-1.126310
0.998812
0.591732
0.000000
0.000000
0.000000
0.000000
0.000000
0.000000
0.000000
0.000000
0.000000
-1.290892
0.501233
0.651277
0.000000
0.000000
0.000000
0.000000
0.000000
0.000000
-1.582400
0.862523
0.783230
-1.592562
0.914414
0.765339
0.000000
0.000000
0.000000
0.000000
0.000000
0.000000
-0.948412
1.047814
0.713621
-1.043690
0.836350
0.711607
-1.327162
0.520849
0.690816
-1.189069
0.586710
0.783553
-1.316745
0.522031
0.690816
-1.184687
0.561508
0.798752
-1.243901
1.108731
0.577240
-1.300459
1.138051
0.548792
-1.226210
1.097754
0.582172
-1.269748
1.115041
0.558624
0.000000
0.000000
0.000000
0.000000
0.000000
0.000000
-1.046163
1.367906
0.670291
-1.194897
0.989980
0.547673
0.000000
0.000000
0.000000
0.000000
0.000000
0.000000
-1.422038
0.768152
0.785438
-1.464940
0.746046
0.794034
0.000000
0.000000
0.000000
0.000000
0.000000
0.000000
-1.096083
1.203029
0.675555
-1.140178
1.211373
0.673621
0.000000
0.000000
0.000000
0.000000
0.000000
0.000000
-1.421220
0.583323
0.766697
-1.467586
0.639275
0.795778
0.000000
0.000000
0.000000
0.000000
0.000000
0.000000
-1.246864
1.243773
0.571665
-1.337450
0.991814
0.582420
0.000000
0.000000
0.000000
0.000000
0.000000
0.000000
-1.406480
0.802800
0.755211
-1.430357
0.825135
0.761955
0.000000
0.000000
0.000000
0.000000
0.000000
0.000000
-1.123635
1.073412
0.525534
-1.188766
1.116346
0.579474
0.000000
0.000000
0.000000
0.000000
0.000000
0.000000
-1.312593
0.878663
0.719795
-1.338592
0.950976
0.711925
0.000000
0.000000
0.000000
0.000000
0.000000
0.000000
0.000000
0.000000
0.000000
-1.090541
0.708221
0.710270
0.000000
0.000000
0.000000
0.000000
0.000000
0.000000
-1.300193
0.729883
0.751600
-1.424772
0.573324
0.835903
0.000000
0.000000
0.000000
0.000000
0.000000
0.000000
-1.216352
0.532743
0.779117
-1.285438
0.529259
0.778678
0.000000
0.000000
0.000000
0.000000
0.000000
0.000000
-1.371779
0.450935
0.711779
-1.365557
0.375433
0.863994
0.000000
0.000000
0.000000
0.000000
0.000000
0.000000
-1.038012
1.259504
0.940813
-1.121404
0.986831
0.809640
0.000000
0.000000
0.000000
0.000000
0.000000
0.000000
0.000000
0.000000
0.000000
-1.329831
0.461580
0.613857
0.000000
0.000000
0.000000
0.000000
0.000000
0.000000
-1.135186
1.191214
0.702630
-1.252297
0.906530
0.691429
-1.250281
0.614251
0.780118
-1.389799
0.443395
0.821134
-1.241988
0.606863
0.780118
-1.374023
0.441968
0.821132
0.000000
0.000000
0.000000
0.000000
0.000000
0.000000
-1.169020
0.629921
0.821915
-1.227633
0.510724
0.870637
-1.215781
0.846251
0.712131
-1.194549
0.900219
0.687901
-1.198342
0.850120
0.712131
-1.099721
1.183807
0.660131
0.000000
0.000000
0.000000
0.000000
0.000000
0.000000
-1.038162
1.351747
0.846319
-1.068381
1.229589
0.803470
0.000000
0.000000
0.000000
0.000000
0.000000
0.000000
-1.268557
1.005960
0.636912
-1.335751
0.829093
0.718625
0.000000
0.000000
0.000000
0.000000
0.000000
0.000000
0.000000
0.000000
0.000000
-1.251825
0.527059
0.776625
0.000000
0.000000
0.000000
0.000000
0.000000
0.000000
-1.101773
0.586438
0.863701
-1.171994
0.659255
0.785237
0.000000
0.000000
0.000000
0.000000
0.000000
0.000000
0.000000
0.000000
0.000000
-0.990261
0.881853
0.687122
0.000000
0.000000
0.000000
0.000000
0.000000
0.000000
0.000000
0.000000
0.000000
-1.379106
0.752044
0.647386
0.000000
0.000000
0.000000
0.000000
0.000000
0.000000
-1.485009
0.727951
0.799108
-1.514736
0.685159
0.806580
0.000000
0.000000
0.000000
0.000000
0.000000
0.000000
-1.152560
0.763137
0.615317
-1.215054
0.780505
0.712929
0.000000
0.000000
0.000000
0.000000
0.000000
0.000000
0.000000
0.000000
0.000000
-1.054087
0.791314
0.678046
0.000000
0.000000
0.000000
0.000000
0.000000
0.000000
0.000000
0.000000
0.000000
-1.087211
1.120180
0.750795
0.000000
0.000000
0.000000
0.000000
0.000000
0.000000
-1.172595
0.808518
0.667158
-1.227038
0.764691
0.743537
0.000000
0.000000
0.000000
0.000000
0.000000
0.000000
-1.478286
0.495277
0.845954
-1.520091
0.495013
0.865335
0.000000
0.000000
0.000000
0.000000
0.000000
0.000000
-1.334260
1.062092
0.554867
-1.413464
1.029409
0.645820
0.000000
0.000000
0.000000
0.000000
0.000000
0.000000
-1.200321
0.985331
0.580313
-1.240438
1.238490
0.513513
0.000000
0.000000
0.000000
0.000000
0.000000
0.000000
-1.235076
0.573068
0.885208
-1.331649
0.642418
0.884600
0.000000
0.000000
0.000000
0.000000
0.000000
0.000000
-1.283166
0.447456
0.863184
-1.262265
0.472980
0.820912
0.000000
0.000000
0.000000
0.000000
0.000000
0.000000
-1.256088
1.145167
0.846677
-1.333558
0.994857
0.761565
0.000000
0.000000
0.000000
0.000000
0.000000
0.000000
-1.342201
0.750775
0.684381
-1.321210
0.887170
0.670817
0.000000
0.000000
0.000000
0.000000
0.000000
0.000000
0.000000
0.000000
0.000000
-1.212137
0.573942
0.764352
0.000000
0.000000
0.000000
0.000000
0.000000
0.000000
0.000000
0.000000
0.000000
-1.182387
0.842856
0.705508
0.000000
0.000000
0.000000
0.000000
0.000000
0.000000
-1.171248
1.065442
0.742501
-1.148285
1.231324
0.630438
0.000000
0.000000
0.000000
0.000000
0.000000
0.000000
-1.303218
0.729241
0.751170
-1.384147
0.671281
0.833865
0.000000
0.000000
0.000000
0.000000
0.000000
0.000000
-1.383013
1.053336
0.604588
-1.436822
0.990973
0.650194
0.000000
0.000000
0.000000
0.000000
0.000000
0.000000
-1.416503
0.683897
0.782552
-1.461900
0.674133
0.817835
0.000000
0.000000
0.000000
0.000000
0.000000
0.000000
-1.378184
0.835889
0.734282
-1.397089
0.866573
0.737503
0.000000
0.000000
0.000000
0.000000
0.000000
0.000000
0.000000
0.000000
0.000000
-1.187813
0.786520
0.861165
0.000000
0.000000
0.000000
0.000000
0.000000
0.000000
-1.234387
0.745248
0.860251
-1.386922
0.544652
0.797163
0.000000
0.000000
0.000000
0.000000
0.000000
0.000000
-1.175910
1.080521
0.577377
-1.230456
1.078093
0.589591
0.000000
0.000000
0.000000
0.000000
0.000000
0.000000
-1.060719
1.165233
0.728803
-1.138964
0.971706
0.739502
0.000000
0.000000
0.000000
0.000000
0.000000
0.000000
-1.348242
0.851081
0.776171
-1.390414
0.860374
0.787728
0.000000
0.000000
0.000000
0.000000
0.000000
0.000000
-1.437698
0.812997
0.771982
-1.465976
0.806721
0.769393
0.000000
0.000000
0.000000
0.000000
0.000000
0.000000
-1.425907
0.737286
0.783530
-1.460094
0.775471
0.746159
0.000000
0.000000
0.000000
0.000000
0.000000
0.000000
-1.415187
0.935624
0.728623
-1.420966
0.922878
0.725150
0.000000
0.000000
0.000000
0.000000
0.000000
0.000000
0.000000
0.000000
0.000000
-1.210100
0.915988
0.719949
0.000000
0.000000
0.000000
0.000000
0.000000
0.000000
-1.152273
1.226476
0.697347
-1.321455
1.009419
0.609535
0.000000
0.000000
0.000000
0.000000
0.000000
0.000000
-1.228731
0.435907
0.798223
-1.230061
0.400711
0.880258
0.000000
0.000000
0.000000
0.000000
0.000000
0.000000
-1.284086
1.106256
0.624257
-1.320800
1.115419
0.625830
0.000000
0.000000
0.000000
0.000000
0.000000
0.000000
-1.197230
0.943836
0.700845
-1.254591
0.982118
0.689333
0.000000
0.000000
0.000000
0.000000
0.000000
0.000000
-1.121319
0.897768
0.645164
-1.266359
0.956270
0.715432
0.000000
0.000000
0.000000
0.000000
0.000000
0.000000
-1.416032
1.086481
0.722996
-1.432921
1.075259
0.678019
0.000000
0.000000
0.000000
0.000000
0.000000
0.000000
-1.314669
1.101932
0.703913
-1.315644
1.146490
0.620642
0.000000
0.000000
0.000000
0.000000
0.000000
0.000000
-1.316251
0.751940
0.726907
-1.365335
0.756096
0.774090
0.000000
0.000000
0.000000
0.000000
0.000000
0.000000
-1.304258
0.616602
0.675776
-1.403504
0.510910
1.052240
0.000000
0.000000
0.000000
0.000000
0.000000
0.000000
-1.278637
0.514601
0.841377
-1.299267
0.509301
0.848534
0.000000
0.000000
0.000000
0.000000
0.000000
0.000000
-1.123961
0.847973
0.682212
-1.177031
0.862218
0.704732
0.000000
0.000000
0.000000
0.000000
0.000000
0.000000
-1.173193
0.852037
0.614838
-1.165736
1.015882
0.678377
0.000000
0.000000
0.000000
0.000000
0.000000
0.000000
-1.574984
0.519349
0.876735
-1.610918
0.511343
0.879867
0.000000
0.000000
0.000000
0.000000
0.000000
0.000000
-1.449548
0.487248
0.827645
-1.490306
0.493910
0.891860
0.000000
0.000000
0.000000
0.000000
0.000000
0.000000
-1.386922
0.575096
0.745506
-1.350725
0.537215
0.732984
0.000000
0.000000
0.000000
0.000000
0.000000
0.000000
-1.223299
0.812834
0.626431
-1.241027
0.749328
0.701010
0.000000
0.000000
0.000000
0.000000
0.000000
0.000000
-1.287668
0.625015
0.788665
-1.271500
0.754261
0.871086
0.000000
0.000000
0.000000
-0.952504
0.871130
0.887900
0.000000
0.000000
0.000000
-0.917274
0.881121
0.887900
0.000000
0.000000
0.000000
0.000000
0.000000
0.000000
-1.138526
0.641780
0.759296
-1.147838
0.681864
0.756972
0.000000
0.000000
0.000000
0.000000
0.000000
0.000000
-1.164405
0.607531
0.792581
-1.130069
0.745434
0.865278
0.000000
0.000000
0.000000
0.000000
0.000000
0.000000
-1.386594
0.383534
0.878580
-1.417706
0.430570
0.862309
0.000000
0.000000
0.000000
0.000000
0.000000
0.000000
-1.391538
0.725657
0.799114
-1.433661
0.720148
0.780276
0.000000
0.000000
0.000000
0.000000
0.000000
0.000000
-1.256805
0.758363
0.884165
-1.387374
0.733001
0.885808
0.000000
0.000000
0.000000
0.000000
0.000000
0.000000
-1.362131
0.760166
0.873903
-1.402770
0.766231
0.801377
0.000000
0.000000
0.000000
0.000000
0.000000
0.000000
-1.120146
1.005791
0.658998
-1.139063
0.940411
0.632085
0.000000
0.000000
0.000000
0.000000
0.000000
0.000000
-1.324920
0.509379
0.933885
-1.325182
0.460393
0.892193
0.000000
0.000000
0.000000
0.000000
0.000000
0.000000
-1.161470
1.209565
0.818270
-1.345321
0.874180
0.826458
0.000000
0.000000
0.000000
0.000000
0.000000
0.000000
-1.324550
0.568078
0.791725
-1.386912
0.701294
0.781618
0.000000
0.000000
0.000000
-1.110492
0.695955
0.877132
0.000000
0.000000
0.000000
-1.082645
0.714230
0.877132
0.000000
0.000000
0.000000
0.000000
0.000000
0.000000
-1.323851
0.780243
0.720218
-1.360107
0.766187
0.786213
0.000000
0.000000
0.000000
0.000000
0.000000
0.000000
0.000000
0.000000
0.000000
-1.338610
0.718724
0.681134
0.000000
0.000000
0.000000
0.000000
0.000000
0.000000
-1.326254
1.239430
0.445119
-1.347241
1.179596
0.579076
0.000000
0.000000
0.000000
0.000000
0.000000
0.000000
-1.489950
0.583997
0.841788
-1.510037
0.607511
0.836942
0.000000
0.000000
0.000000
0.000000
0.000000
0.000000
-1.097413
0.815968
0.733327
-1.017397
0.876142
0.728457
0.000000
0.000000
0.000000
0.000000
0.000000
0.000000
-1.257380
0.564647
0.680089
-1.251490
0.578605
1.001357
-1.628415
0.472129
0.888632
-1.688554
0.466860
0.898900
-1.608461
0.472229
0.884603
-1.661999
0.474671
0.895752
0.000000
0.000000
0.000000
0.000000
0.000000
0.000000
0.000000
0.000000
0.000000
-1.359098
0.514546
0.662928
0.000000
0.000000
0.000000
0.000000
0.000000
0.000000
-1.262097
0.877339
0.727899
-1.238174
0.927001
0.657608
0.000000
0.000000
0.000000
0.000000
0.000000
0.000000
-1.094027
0.956744
0.716405
-1.273844
0.831722
0.741428
0.000000
0.000000
0.000000
0.000000
0.000000
0.000000
0.000000
0.000000
0.000000
-1.090965
1.024928
0.657180
0.000000
0.000000
0.000000
0.000000
0.000000
0.000000
-1.153956
0.824113
0.767578
-1.223487
0.831093
0.800483
0.000000
0.000000
0.000000
0.000000
0.000000
0.000000
0.000000
0.000000
0.000000
-1.057938
0.844218
0.613558
0.000000
0.000000
0.000000
0.000000
0.000000
0.000000
-1.228060
0.865040
0.672149
-1.247020
0.955130
0.683894
0.000000
0.000000
0.000000
0.000000
0.000000
0.000000
-1.403044
0.551493
0.894505
-1.467462
0.559563
0.839109
0.000000
0.000000
0.000000
0.000000
0.000000
0.000000
-1.356802
0.490117
0.883524
-1.372849
0.498781
0.864143
0.000000
0.000000
0.000000
0.000000
0.000000
0.000000
-0.840068
0.595711
0.679296
-1.118777
0.544285
0.868459
0.000000
0.000000
0.000000
0.000000
0.000000
0.000000
0.000000
0.000000
0.000000
-1.079271
1.409627
0.731867
0.000000
0.000000
0.000000
0.000000
0.000000
0.000000
-1.402154
0.434803
0.865444
-1.441690
0.424022
0.867944
0.000000
0.000000
0.000000
0.000000
0.000000
0.000000
-1.332341
0.681981
0.835656
-1.393789
0.742630
0.808733
0.000000
0.000000
0.000000
0.000000
0.000000
0.000000
-1.261360
0.781151
0.700974
-1.341231
0.754026
0.760177
0.000000
0.000000
0.000000
0.000000
0.000000
0.000000
0.000000
0.000000
0.000000
-1.267379
0.446199
0.734592
0.000000
0.000000
0.000000
0.000000
0.000000
0.000000
-1.262831
0.557219
0.838437
-1.379472
0.512373
0.854498
0.000000
0.000000
0.000000
0.000000
0.000000
0.000000
-0.843549
0.859394
0.681082
-0.883968
0.883908
0.693072
0.000000
0.000000
0.000000
0.000000
0.000000
0.000000
-1.273109
1.053049
0.624517
-1.327528
0.986784
0.665289
0.000000
0.000000
0.000000
0.000000
0.000000
0.000000
0.000000
0.000000
0.000000
-1.007073
1.028969
0.708655
0.000000
0.000000
0.000000
0.000000
0.000000
0.000000
-1.699557
0.274566
0.901626
-1.714891
0.275698
0.901842
0.000000
0.000000
0.000000
0.000000
0.000000
0.000000
-0.860938
1.408106
0.675251
-1.016740
1.209557
0.508569
0.000000
0.000000
0.000000
0.000000
0.000000
0.000000
0.000000
0.000000
0.000000
-1.425563
0.451810
0.815540
0.000000
0.000000
0.000000
0.000000
0.000000
0.000000
-1.492304
0.677072
0.872946
-1.516472
0.597793
0.816491
0.000000
0.000000
0.000000
0.000000
0.000000
0.000000
0.000000
0.000000
0.000000
-1.132414
1.095610
0.782438
0.000000
0.000000
0.000000
0.000000
0.000000
0.000000
-1.204222
1.102861
0.563623
-1.302351
1.067947
0.550594
0.000000
0.000000
0.000000
0.000000
0.000000
0.000000
-1.175496
0.689312
0.763839
-1.178526
0.736743
0.761836
0.000000
0.000000
0.000000
0.000000
0.000000
0.000000
-1.309425
1.087403
0.655135
-1.315142
1.158220
0.624731
0.000000
0.000000
0.000000
0.000000
0.000000
0.000000
0.000000
0.000000
0.000000
-1.090564
0.731885
0.712527
0.000000
0.000000
0.000000
0.000000
0.000000
0.000000
-1.406015
0.616936
0.767285
-1.385879
0.917808
0.934996
0.000000
0.000000
0.000000
0.000000
0.000000
0.000000
-1.197608
0.958926
0.632097
-1.220168
0.867017
0.625597
0.000000
0.000000
0.000000
0.000000
0.000000
0.000000
0.000000
0.000000
0.000000
-1.466164
0.603819
0.783157
0.000000
0.000000
0.000000
0.000000
0.000000
0.000000
0.000000
0.000000
0.000000
-1.292885
1.065701
0.685439
0.000000
0.000000
0.000000
0.000000
0.000000
0.000000
-1.232839
1.030942
0.806482
-1.288475
0.941189
0.796926
0.000000
0.000000
0.000000
0.000000
0.000000
0.000000
-1.260617
0.653558
0.717710
-1.252849
0.793945
0.859458
0.000000
0.000000
0.000000
0.000000
0.000000
0.000000
-1.303029
0.647773
0.937271
-1.405389
0.692938
0.855262
0.000000
0.000000
0.000000
0.000000
0.000000
0.000000
-1.376686
0.518118
0.818768
-1.442539
0.481534
0.843065
0.000000
0.000000
0.000000
0.000000
0.000000
0.000000
-1.212321
0.557958
0.710231
-1.251898
0.535402
0.897760
-1.575232
0.516597
0.902594
-1.611361
0.545452
0.859604
-1.571287
0.536743
0.918987
-1.581487
0.555910
0.860848
0.000000
0.000000
0.000000
0.000000
0.000000
0.000000
-1.131333
0.674287
0.724934
-1.168170
0.636752
0.760570
0.000000
0.000000
0.000000
0.000000
0.000000
0.000000
-1.232846
0.604966
0.623774
-1.213963
0.627638
0.893621
-1.288514
0.691965
0.800832
-1.300444
0.674846
0.809286
-1.277124
0.688258
0.803637
-1.282728
0.673504
0.808618
0.000000
0.000000
0.000000
0.000000
0.000000
0.000000
-1.180677
0.794886
0.687780
-1.185835
0.755908
0.745008
0.000000
0.000000
0.000000
0.000000
0.000000
0.000000
0.000000
0.000000
0.000000
-1.052613
0.801667
0.698308
0.000000
0.000000
0.000000
0.000000
0.000000
0.000000
-1.399503
0.575473
1.135385
-1.392075
0.618199
0.951949
-1.089678
0.577056
0.742484
-1.024715
0.576626
0.799536
-1.097117
0.577396
0.742484
-1.005172
0.583519
0.799536
0.000000
0.000000
0.000000
0.000000
0.000000
0.000000
0.000000
0.000000
0.000000
-1.400940
1.127209
0.848664
0.000000
0.000000
0.000000
0.000000
0.000000
0.000000
-1.053803
0.963645
0.994457
-1.131482
1.032182
0.807463
0.000000
0.000000
0.000000
0.000000
0.000000
0.000000
-1.426743
0.500877
0.920089
-1.453067
0.448843
0.859135
0.000000
0.000000
0.000000
-1.148626
0.499984
0.765387
0.000000
0.000000
0.000000
-1.156478
0.466475
0.765139
0.000000
0.000000
0.000000
0.000000
0.000000
0.000000
-1.018231
1.152834
0.607561
-1.058275
1.032757
0.554331
0.000000
0.000000
0.000000
0.000000
0.000000
0.000000
0.000000
0.000000
0.000000
-1.018076
0.832603
0.746054
0.000000
0.000000
0.000000
0.000000
0.000000
0.000000
-1.290459
0.808810
0.765431
-1.314260
0.858107
0.755434
0.000000
0.000000
0.000000
0.000000
0.000000
0.000000
-1.730900
0.366266
0.911371
-1.763370
0.444667
0.896067
0.000000
0.000000
0.000000
0.000000
0.000000
0.000000
0.000000
0.000000
0.000000
-1.051785
1.429805
0.769801
0.000000
0.000000
0.000000
0.000000
0.000000
0.000000
-1.190738
0.661411
0.822979
-1.288134
0.593667
0.814457
0.000000
0.000000
0.000000
0.000000
0.000000
0.000000
-1.311401
0.610288
0.815653
-1.365724
0.522901
0.844243
0.000000
0.000000
0.000000
0.000000
0.000000
0.000000
-1.229259
0.593388
0.682162
-1.220084
0.602411
0.857196
0.000000
0.000000
0.000000
0.000000
0.000000
0.000000
-1.259874
0.487294
0.849913
-1.328415
0.454178
0.866203
0.000000
0.000000
0.000000
0.000000
0.000000
0.000000
-1.401149
1.118059
0.616197
-1.420009
1.155813
0.637579
0.000000
0.000000
0.000000
0.000000
0.000000
0.000000
-1.449452
0.651663
0.840178
-1.457495
0.622828
0.850831
0.000000
0.000000
0.000000
0.000000
0.000000
0.000000
-1.141097
0.751831
0.600679
-1.058660
0.913981
0.588792
0.000000
0.000000
0.000000
0.000000
0.000000
0.000000
0.000000
0.000000
0.000000
-1.303273
0.920459
0.822611
0.000000
0.000000
0.000000
0.000000
0.000000
0.000000
0.000000
0.000000
0.000000
-1.222731
1.085066
0.589423
0.000000
0.000000
0.000000
0.000000
0.000000
0.000000
-1.136608
0.686956
0.659488
-1.159985
0.763412
0.707762
0.000000
0.000000
0.000000
0.000000
0.000000
0.000000
-1.256321
0.581087
0.780491
-1.088480
0.944289
0.708652
0.000000
0.000000
0.000000
0.000000
0.000000
0.000000
0.000000
0.000000
0.000000
-1.152752
0.592374
0.695678
0.000000
0.000000
0.000000
0.000000
0.000000
0.000000
-1.450240
0.983658
0.699608
-1.458594
1.003481
0.658999
0.000000
0.000000
0.000000
0.000000
0.000000
0.000000
-1.323736
0.369909
0.766079
-1.336339
0.284670
0.977467
0.000000
0.000000
0.000000
0.000000
0.000000
0.000000
-1.115516
0.984086
0.613506
-1.071667
1.225706
0.455624
0.000000
0.000000
0.000000
0.000000
0.000000
0.000000
-0.975173
1.047977
0.573448
-1.086767
0.967473
0.657129
0.000000
0.000000
0.000000
0.000000
0.000000
0.000000
-1.172359
0.668577
0.736724
-1.226922
0.627944
0.734061
0.000000
0.000000
0.000000
0.000000
0.000000
0.000000
-1.161467
1.145242
0.667248
-1.202413
1.136409
0.546369
0.000000
0.000000
0.000000
0.000000
0.000000
0.000000
0.000000
0.000000
0.000000
-0.943941
1.395618
0.704798
0.000000
0.000000
0.000000
0.000000
0.000000
0.000000
-1.486723
0.900603
0.738774
-1.517132
0.869319
0.745513
0.000000
0.000000
0.000000
0.000000
0.000000
0.000000
-1.212862
0.818816
0.734698
-1.264126
0.770636
0.757942
0.000000
0.000000
0.000000
0.000000
0.000000
0.000000
-1.301752
1.146982
0.614200
-1.361744
1.110011
0.610290
0.000000
0.000000
0.000000
0.000000
0.000000
0.000000
-1.150447
1.155763
0.602123
-1.175740
1.255288
0.473581
0.000000
0.000000
0.000000
0.000000
0.000000
0.000000
-1.229196
0.969909
0.761197
-1.248992
0.718293
0.716498
0.000000
0.000000
0.000000
0.000000
0.000000
0.000000
0.000000
0.000000
0.000000
-1.091292
1.193852
0.658963
-1.075908
0.657473
0.690776
-1.137029
0.613053
0.730993
-1.062244
0.683653
0.683578
-1.096171
0.732282
0.662920
0.000000
0.000000
0.000000
0.000000
0.000000
0.000000
-1.134337
0.733069
0.737598
-1.165825
0.677317
0.741922
0.000000
0.000000
0.000000
0.000000
0.000000
0.000000
-1.641779
0.718448
0.812100
-1.654015
0.737965
0.812630
0.000000
0.000000
0.000000
0.000000
0.000000
0.000000
0.000000
0.000000
0.000000
-1.223715
0.508257
0.723346
0.000000
0.000000
0.000000
0.000000
0.000000
0.000000
-1.363430
0.510843
0.794723
-1.502458
0.475063
0.842593
0.000000
0.000000
0.000000
0.000000
0.000000
0.000000
-1.192723
0.607550
0.712941
-1.293114
0.549027
0.867264
0.000000
0.000000
0.000000
0.000000
0.000000
0.000000
-1.553475
0.714916
0.622817
-1.611861
0.735088
0.679000
0.000000
0.000000
0.000000
0.000000
0.000000
0.000000
0.000000
0.000000
0.000000
-1.109594
2.019332
0.737272
0.000000
0.000000
0.000000
0.000000
0.000000
0.000000
-1.240926
1.026454
0.699204
-1.286724
0.893328
0.750459
0.000000
0.000000
0.000000
0.000000
0.000000
0.000000
-1.007130
0.789771
0.662148
-1.050586
1.030558
0.715224
0.000000
0.000000
0.000000
0.000000
0.000000
0.000000
-1.215167
1.070663
0.616036
-1.278771
1.064796
0.665261
0.000000
0.000000
0.000000
0.000000
0.000000
0.000000
0.000000
0.000000
0.000000
-1.265127
0.594615
0.609913
0.000000
0.000000
0.000000
0.000000
0.000000
0.000000
-1.192710
0.576027
0.770017
-1.389734
0.598270
0.952918
0.000000
0.000000
0.000000
0.000000
0.000000
0.000000
-1.136451
1.576898
0.580672
-1.241910
1.145948
0.614783
0.000000
0.000000
0.000000
0.000000
0.000000
0.000000
-1.024274
1.120747
0.802573
-1.051149
1.001416
0.744635
0.000000
0.000000
0.000000
0.000000
0.000000
0.000000
-1.434698
0.589125
0.885451
-1.513112
0.530362
0.839934
0.000000
0.000000
0.000000
0.000000
0.000000
0.000000
0.000000
0.000000
0.000000
-1.281945
0.498171
0.625689
0.000000
0.000000
0.000000
0.000000
0.000000
0.000000
-1.420278
0.953698
0.713148
-1.451180
0.924527
0.723337
0.000000
0.000000
0.000000
0.000000
0.000000
0.000000
0.000000
0.000000
0.000000
-1.264898
0.665322
0.832071
0.000000
0.000000
0.000000
0.000000
0.000000
0.000000
-1.254591
0.555739
0.814997
-1.290185
0.670406
0.767726
0.000000
0.000000
0.000000
0.000000
0.000000
0.000000
0.000000
0.000000
0.000000
-1.022849
1.084407
0.763729
0.000000
0.000000
0.000000
0.000000
0.000000
0.000000
-0.990851
1.100306
0.635791
-1.115618
1.231348
0.791670
-1.220875
0.691099
0.809689
-1.309569
0.535382
0.805879
-1.203295
0.677323
0.809689
-1.321760
0.468280
0.817357
0.000000
0.000000
0.000000
0.000000
0.000000
0.000000
-1.010293
1.621465
0.740272
-1.097223
1.160082
0.571573
0.000000
0.000000
0.000000
0.000000
0.000000
0.000000
-1.189283
1.333106
0.732797
-1.160017
1.208617
0.666378
0.000000
0.000000
0.000000
0.000000
0.000000
0.000000
-1.480210
0.493647
0.936775
-1.571259
0.457421
0.887777
0.000000
0.000000
0.000000
0.000000
0.000000
0.000000
0.000000
0.000000
0.000000
-1.323090
0.995713
0.744930
0.000000
0.000000
0.000000
0.000000
0.000000
0.000000
0.000000
0.000000
0.000000
-1.388064
0.444463
0.774716
0.000000
0.000000
0.000000
0.000000
0.000000
0.000000
0.000000
0.000000
0.000000
-0.935128
0.991379
0.730359
0.000000
0.000000
0.000000
0.000000
0.000000
0.000000
-1.296002
0.707428
0.801583
-1.341413
0.697419
0.819655
0.000000
0.000000
0.000000
0.000000
0.000000
0.000000
-1.318882
0.991038
0.661906
-1.332371
1.011376
0.667493
0.000000
0.000000
0.000000
0.000000
0.000000
0.000000
-1.531243
0.411825
0.876210
-1.542981
0.439386
0.874637
0.000000
0.000000
0.000000
0.000000
0.000000
0.000000
-1.369346
0.756260
0.739198
-1.408126
0.798769
0.719949
0.000000
0.000000
0.000000
0.000000
0.000000
0.000000
-0.910937
1.175573
0.785456
-1.155939
0.865771
0.780526
0.000000
0.000000
0.000000
0.000000
0.000000
0.000000
-1.349475
1.016335
0.666396
-1.362464
1.021492
0.668328
0.000000
0.000000
0.000000
0.000000
0.000000
0.000000
-1.378979
0.913705
0.721854
-1.403908
0.955033
0.719535
0.000000
0.000000
0.000000
0.000000
0.000000
0.000000
-1.349919
0.542041
0.620812
-1.252130
0.702063
0.890957
-1.053804
0.879375
0.736614
-1.095852
0.976628
0.774270
-1.049549
0.865489
0.736614
-1.107790
0.840798
0.829266
0.000000
0.000000
0.000000
0.000000
0.000000
0.000000
0.000000
0.000000
0.000000
-1.304959
0.728800
0.815056
0.000000
0.000000
0.000000
0.000000
0.000000
0.000000
-1.167556
0.739165
0.758791
-1.191665
0.858141
0.736507
0.000000
0.000000
0.000000
0.000000
0.000000
0.000000
-1.341164
0.569950
0.676689
-1.157964
1.077360
0.773820
0.000000
0.000000
0.000000
0.000000
0.000000
0.000000
-1.319153
0.869137
0.729146
-1.297980
0.923761
0.654626
0.000000
0.000000
0.000000
0.000000
0.000000
0.000000
-1.200569
0.806079
0.796519
-1.226766
0.675368
0.745338
0.000000
0.000000
0.000000
0.000000
0.000000
0.000000
-1.351795
1.050976
0.855279
-1.486178
0.823855
0.941198
0.000000
0.000000
0.000000
-1.158104
0.665946
0.717370
0.000000
0.000000
0.000000
-1.156095
0.666202
0.717370
0.000000
0.000000
0.000000
0.000000
0.000000
0.000000
-0.995037
0.701482
0.632553
-1.099790
0.832974
0.675346
0.000000
0.000000
0.000000
0.000000
0.000000
0.000000
-1.131232
0.535270
0.750272
-1.271539
0.454206
0.826456
0.000000
0.000000
0.000000
0.000000
0.000000
0.000000
-1.331297
0.855549
0.812445
-1.390290
0.809733
0.725134
0.000000
0.000000
0.000000
0.000000
0.000000
0.000000
-1.275216
0.828599
0.745092
-1.285760
0.792298
0.815754
0.000000
0.000000
0.000000
0.000000
0.000000
0.000000
-1.430611
0.484279
0.833273
-1.470988
0.517738
0.851028
0.000000
0.000000
0.000000
0.000000
0.000000
0.000000
0.000000
0.000000
0.000000
-0.928242
1.216208
0.582496
0.000000
0.000000
0.000000
0.000000
0.000000
0.000000
-1.396837
0.694286
0.856674
-1.486836
0.644398
0.797855
0.000000
0.000000
0.000000
0.000000
0.000000
0.000000
-1.477577
0.800355
0.834335
-1.561870
0.765680
0.800059
0.000000
0.000000
0.000000
0.000000
0.000000
0.000000
-1.261163
0.723388
0.799210
-1.299815
0.651893
0.797296
0.000000
0.000000
0.000000
0.000000
0.000000
0.000000
-1.597473
0.354148
0.897820
-1.618655
0.341319
0.888845
0.000000
0.000000
0.000000
0.000000
0.000000
0.000000
-1.525012
0.443086
0.888563
-1.595348
0.472908
0.878224
0.000000
0.000000
0.000000
0.000000
0.000000
0.000000
-1.306259
0.655124
0.855642
-1.400399
0.659744
0.823118
0.000000
0.000000
0.000000
0.000000
0.000000
0.000000
-1.558947
0.832227
0.880184
-1.645838
0.708093
0.850625
0.000000
0.000000
0.000000
0.000000
0.000000
0.000000
0.000000
0.000000
0.000000
-1.024018
1.064545
0.809492
0.000000
0.000000
0.000000
0.000000
0.000000
0.000000
-1.264632
0.631493
0.818133
-1.328806
0.539546
0.825522
0.000000
0.000000
0.000000
0.000000
0.000000
0.000000
-1.214085
0.774817
0.546137
-1.165395
0.887390
0.698441
0.000000
0.000000
0.000000
0.000000
0.000000
0.000000
-1.362540
0.627882
0.830614
-1.398614
0.615884
0.824559
0.000000
0.000000
0.000000
-1.229128
0.693251
0.711376
0.000000
0.000000
0.000000
-1.227991
0.698852
0.711376
0.000000
0.000000
0.000000
0.000000
0.000000
0.000000
-1.064230
0.755925
0.694485
-1.056156
0.774628
0.699384
0.000000
0.000000
0.000000
0.000000
0.000000
0.000000
0.000000
0.000000
0.000000
-1.202689
0.614724
0.886446
0.000000
0.000000
0.000000
0.000000
0.000000
0.000000
-1.250820
0.415730
0.849597
-1.251056
0.474316
0.861890
0.000000
0.000000
0.000000
0.000000
0.000000
0.000000
-1.216423
1.028862
0.585588
-1.246705
1.048740
0.460851
0.000000
0.000000
0.000000
0.000000
0.000000
0.000000
-1.459990
0.576247
0.828992
-1.470166
0.592184
0.836053
0.000000
0.000000
0.000000
0.000000
0.000000
0.000000
-1.266105
0.402127
0.986544
-1.202655
0.552289
0.868106
0.000000
0.000000
0.000000
0.000000
0.000000
0.000000
-1.055568
0.821163
0.698205
-0.969610
0.855394
0.602636
0.000000
0.000000
0.000000
0.000000
0.000000
0.000000
0.000000
0.000000
0.000000
-1.326536
0.561199
0.799593
0.000000
0.000000
0.000000
0.000000
0.000000
0.000000
-1.721506
1.044656
0.682912
-1.743005
1.072816
0.670934
0.000000
0.000000
0.000000
0.000000
0.000000
0.000000
-1.240858
1.143172
0.680980
-1.227312
1.027478
0.667824
0.000000
0.000000
0.000000
0.000000
0.000000
0.000000
-1.472974
0.508441
0.889016
-1.466990
0.508206
0.848696
0.000000
0.000000
0.000000
0.000000
0.000000
0.000000
0.000000
0.000000
0.000000
-1.067413
1.594096
0.622476
0.000000
0.000000
0.000000
0.000000
0.000000
0.000000
-1.182677
0.618662
0.687759
-1.166308
0.653981
0.954311
0.000000
0.000000
0.000000
0.000000
0.000000
0.000000
-1.280307
0.833204
0.578085
-1.146766
1.022034
0.668456
0.000000
0.000000
0.000000
0.000000
0.000000
0.000000
0.000000
0.000000
0.000000
-1.225707
0.418319
0.736100
0.000000
0.000000
0.000000
0.000000
0.000000
0.000000
-1.247194
0.551658
0.924757
-1.279950
0.513284
0.902606
0.000000
0.000000
0.000000
0.000000
0.000000
0.000000
-1.340424
0.539632
0.664852
-1.265659
0.717644
0.861792
0.000000
0.000000
0.000000
0.000000
0.000000
0.000000
-1.103433
0.907871
0.544057
-1.226864
1.015573
0.504566
0.000000
0.000000
0.000000
0.000000
0.000000
0.000000
-1.328511
0.821835
0.770138
-1.411985
0.625772
0.812920
0.000000
0.000000
0.000000
0.000000
0.000000
0.000000
-1.329182
0.534037
0.819449
-1.337909
0.518431
0.852277
0.000000
0.000000
0.000000
0.000000
0.000000
0.000000
0.000000
0.000000
0.000000
-1.346580
0.593506
0.715145
0.000000
0.000000
0.000000
0.000000
0.000000
0.000000
-0.948138
1.483654
0.806702
-1.103636
1.117422
0.704392
0.000000
0.000000
0.000000
0.000000
0.000000
0.000000
-1.354867
0.798113
0.728674
-1.397381
0.808377
0.745466
0.000000
0.000000
0.000000
0.000000
0.000000
0.000000
-1.439897
1.080279
0.642683
-1.470083
1.080803
0.646868
0.000000
0.000000
0.000000
0.000000
0.000000
0.000000
-0.889548
0.805286
0.701126
-0.948249
0.733340
0.722546
0.000000
0.000000
0.000000
0.000000
0.000000
0.000000
0.000000
0.000000
0.000000
-0.913377
0.919206
0.791915
0.000000
0.000000
0.000000
0.000000
0.000000
0.000000
-1.284968
1.181131
0.571280
-1.341030
1.138164
0.567544
0.000000
0.000000
0.000000
0.000000
0.000000
0.000000
-1.318053
0.908302
0.725064
-1.361319
0.937971
0.724474
0.000000
0.000000
0.000000
0.000000
0.000000
0.000000
-1.156393
0.695020
0.745857
-1.225813
0.598742
0.751530
0.000000
0.000000
0.000000
0.000000
0.000000
0.000000
-1.480879
0.539376
0.850287
-1.505435
0.535818
0.853153
0.000000
0.000000
0.000000
0.000000
0.000000
0.000000
0.000000
0.000000
0.000000
-1.394543
0.520070
0.789752
0.000000
0.000000
0.000000
0.000000
0.000000
0.000000
-1.442803
1.088087
0.671974
-1.478431
1.164450
0.632151
0.000000
0.000000
0.000000
0.000000
0.000000
0.000000
-1.143833
0.869912
0.698323
-1.172251
1.125833
0.607876
0.000000
0.000000
0.000000
0.000000
0.000000
0.000000
-0.914705
1.090495
0.763136
-1.101311
0.786233
0.717400
0.000000
0.000000
0.000000
0.000000
0.000000
0.000000
0.000000
0.000000
0.000000
-1.054900
0.802228
0.827533
0.000000
0.000000
0.000000
0.000000
0.000000
0.000000
-1.359209
0.527964
0.869262
-1.373531
0.569428
0.849770
0.000000
0.000000
0.000000
0.000000
0.000000
0.000000
-1.245710
1.134778
0.469911
-1.292941
1.210784
0.469151
-1.258474
1.016270
0.626923
-1.289689
1.072335
0.600463
-1.255492
1.015841
0.647104
-1.280748
1.071459
0.605602
0.000000
0.000000
0.000000
0.000000
0.000000
0.000000
-1.487757
0.390877
0.871701
-1.386674
0.551490
0.834597
0.000000
0.000000
0.000000
0.000000
0.000000
0.000000
0.000000
0.000000
0.000000
-1.387699
0.734710
0.670608
0.000000
0.000000
0.000000
0.000000
0.000000
0.000000
-1.474908
0.662133
0.823771
-1.562124
0.546226
0.850654
0.000000
0.000000
0.000000
0.000000
0.000000
0.000000
0.000000
0.000000
0.000000
-1.347861
0.708953
0.681661
0.000000
0.000000
0.000000
0.000000
0.000000
0.000000
-1.324964
0.511798
0.763462
-1.463060
0.427509
0.992571
0.000000
0.000000
0.000000
0.000000
0.000000
0.000000
0.000000
0.000000
0.000000
-1.307009
0.453790
0.858562
0.000000
0.000000
0.000000
0.000000
0.000000
0.000000
-1.387150
0.630498
0.684078
-1.361747
0.697326
0.814367
0.000000
0.000000
0.000000
0.000000
0.000000
0.000000
0.000000
0.000000
0.000000
-1.276710
0.673512
0.706298
0.000000
0.000000
0.000000
0.000000
0.000000
0.000000
-1.235902
0.642855
0.797984
-1.264444
0.694961
0.765025
0.000000
0.000000
0.000000
0.000000
0.000000
0.000000
-1.308615
1.112752
0.593728
-1.316004
1.159351
0.621888
0.000000
0.000000
0.000000
0.000000
0.000000
0.000000
0.000000
0.000000
0.000000
-1.350348
0.410877
0.737992
0.000000
0.000000
0.000000
0.000000
0.000000
0.000000
-1.175572
0.566917
0.769166
-1.235115
0.521556
0.909936
0.000000
0.000000
0.000000
0.000000
0.000000
0.000000
-1.436240
0.405288
0.874507
-1.445673
0.399303
0.875972
0.000000
0.000000
0.000000
0.000000
0.000000
0.000000
-1.283218
0.670071
0.720330
-1.311598
0.613124
0.816949
0.000000
0.000000
0.000000
0.000000
0.000000
0.000000
0.000000
0.000000
0.000000
-1.480565
0.832749
0.773370
0.000000
0.000000
0.000000
0.000000
0.000000
0.000000
-1.422830
0.705542
0.773425
-1.490740
0.722074
0.768134
0.000000
0.000000
0.000000
0.000000
0.000000
0.000000
-1.431004
0.909067
0.714218
-1.455535
0.904751
0.717443
0.000000
0.000000
0.000000
0.000000
0.000000
0.000000
-1.249421
0.542800
0.573681
-1.403328
0.603892
0.914675
0.000000
0.000000
0.000000
0.000000
0.000000
0.000000
0.000000
0.000000
0.000000
-1.081296
1.108054
0.777188
0.000000
0.000000
0.000000
0.000000
0.000000
0.000000
-1.248410
0.834092
0.713441
-1.265396
0.912942
0.690975
0.000000
0.000000
0.000000
0.000000
0.000000
0.000000
-1.175753
0.799995
0.675003
-1.185484
0.818393
0.761638
0.000000
0.000000
0.000000
0.000000
0.000000
0.000000
-1.170966
0.564561
0.667731
-1.133854
0.830439
0.813823
0.000000
0.000000
0.000000
0.000000
0.000000
0.000000
-1.304891
0.677031
0.811183
-1.336568
0.692643
0.789904
-1.152119
0.909897
0.555341
-1.127109
1.357913
0.561227
-1.083041
0.914246
0.557066
-1.038755
1.404467
0.557291
0.000000
0.000000
0.000000
0.000000
0.000000
0.000000
-1.109985
0.785440
0.763564
-1.133816
0.708740
0.830113
0.000000
0.000000
0.000000
0.000000
0.000000
0.000000
0.000000
0.000000
0.000000
-1.374473
0.469258
0.763471
0.000000
0.000000
0.000000
0.000000
0.000000
0.000000
-1.107862
0.555323
0.654359
-1.122977
0.697655
0.744113
0.000000
0.000000
0.000000
0.000000
0.000000
0.000000
-1.275097
0.588186
1.205369
-1.242637
0.557993
0.992333
0.000000
0.000000
0.000000
0.000000
0.000000
0.000000
-1.379836
0.674944
0.757741
-1.344626
0.685820
0.813044
0.000000
0.000000
0.000000
0.000000
0.000000
0.000000
-1.504527
0.973411
0.663084
-1.489952
1.113164
0.669254
-1.290112
0.431382
0.886670
-1.299261
0.414666
0.859408
-1.220378
0.563469
0.830120
-1.190833
0.590891
0.813860
0.000000
0.000000
0.000000
0.000000
0.000000
0.000000
-1.190078
0.831445
0.744775
-1.238113
0.776444
0.780163
0.000000
0.000000
0.000000
0.000000
0.000000
0.000000
0.000000
0.000000
0.000000
-1.011308
1.354303
0.667926
0.000000
0.000000
0.000000
0.000000
0.000000
0.000000
-1.057742
0.696043
0.711000
-1.085209
0.631515
0.789605
-1.122549
1.076008
0.626862
-1.173613
0.819540
0.735364
-1.013902
1.019985
0.644634
-1.070199
0.792555
0.712666
0.000000
0.000000
0.000000
-1.374367
0.547209
0.724868
0.000000
0.000000
0.000000
-1.376351
0.547119
0.724868
0.000000
0.000000
0.000000
0.000000
0.000000
0.000000
-1.369848
1.057983
0.672049
-1.416291
1.078067
0.652512
0.000000
0.000000
0.000000
-1.099730
0.965761
0.807630
0.000000
0.000000
0.000000
-1.083461
0.980421
0.807630
0.000000
0.000000
0.000000
0.000000
0.000000
0.000000
-1.099316
1.091033
0.589495
-1.152175
1.113003
0.569844
0.000000
0.000000
0.000000
0.000000
0.000000
0.000000
-1.026197
0.805985
0.677627
-1.072499
0.872985
0.601027
0.000000
0.000000
0.000000
0.000000
0.000000
0.000000
-1.257129
0.642314
0.703561
-1.259892
0.647365
0.808134
0.000000
0.000000
0.000000
0.000000
0.000000
0.000000
-1.616566
0.527354
0.857944
-1.630705
0.545601
0.860908
0.000000
0.000000
0.000000
-1.376700
0.524303
0.695935
0.000000
0.000000
0.000000
-1.332260
0.538652
0.695935
0.000000
0.000000
0.000000
0.000000
0.000000
0.000000
-1.319643
0.467080
0.855355
-1.331194
0.503247
0.855349
0.000000
0.000000
0.000000
0.000000
0.000000
0.000000
-1.206004
0.633707
0.820411
-1.250340
0.595183
0.832140
-1.102673
1.164355
0.632783
-1.221138
0.862647
0.561717
-1.104205
1.177388
0.607637
-1.214950
0.866582
0.561798
0.000000
0.000000
0.000000
0.000000
0.000000
0.000000
-0.725981
1.634116
0.650563
-0.987005
1.058111
0.588653
0.000000
0.000000
0.000000
0.000000
0.000000
0.000000
-1.178076
0.832581
0.700604
-1.178777
0.820820
0.768732
0.000000
0.000000
0.000000
0.000000
0.000000
0.000000
-1.258806
0.791858
0.742458
-1.261451
0.865636
0.701009
0.000000
0.000000
0.000000
0.000000
0.000000
0.000000
-1.279332
0.603685
0.648435
-1.219822
0.804386
0.717011
0.000000
0.000000
0.000000
0.000000
0.000000
0.000000
-1.091503
0.657900
0.761300
-1.179367
0.646126
0.776165
0.000000
0.000000
0.000000
0.000000
0.000000
0.000000
0.000000
0.000000
0.000000
-1.459117
0.765910
0.702836
0.000000
0.000000
0.000000
0.000000
0.000000
0.000000
0.000000
0.000000
0.000000
-0.962798
0.626928
0.767992
0.000000
0.000000
0.000000
0.000000
0.000000
0.000000
-1.048098
1.180852
0.756335
-1.177791
0.904834
0.588737
0.000000
0.000000
0.000000
0.000000
0.000000
0.000000
-1.184256
0.859083
0.694202
-1.192643
0.791540
0.653265
0.000000
0.000000
0.000000
0.000000
0.000000
0.000000
-1.543814
0.943000
0.641145
-1.577707
1.073524
0.729241
0.000000
0.000000
0.000000
0.000000
0.000000
0.000000
-1.346655
0.683884
0.905898
-1.416383
0.657275
0.811750
-0.876773
0.753518
0.783067
-1.023272
0.679363
0.728740
-0.883132
0.768894
0.783067
-1.021091
0.682677
0.728740
0.000000
0.000000
0.000000
0.000000
0.000000
0.000000
-1.200451
1.097030
0.858042
-1.223717
0.975273
0.760945
0.000000
0.000000
0.000000
0.000000
0.000000
0.000000
-1.167738
0.938114
0.723902
-1.271483
0.830852
0.656008
0.000000
0.000000
0.000000
0.000000
0.000000
0.000000
-1.185478
0.634581
0.672822
-1.154713
0.719185
0.756201
0.000000
0.000000
0.000000
0.000000
0.000000
0.000000
-1.423974
0.445426
0.856480
-1.421504
0.473127
0.863979
0.000000
0.000000
0.000000
0.000000
0.000000
0.000000
-1.065497
0.957268
0.811831
-1.216785
0.733144
0.674549
0.000000
0.000000
0.000000
0.000000
0.000000
0.000000
0.000000
0.000000
0.000000
-1.250389
0.759341
0.745398
0.000000
0.000000
0.000000
0.000000
0.000000
0.000000
0.000000
0.000000
0.000000
-1.198884
0.566538
0.811148
0.000000
0.000000
0.000000
0.000000
0.000000
0.000000
-1.323168
0.669733
0.603433
-1.164398
1.274127
0.681581
0.000000
0.000000
0.000000
0.000000
0.000000
0.000000
-1.171283
0.601828
0.754524
-1.200133
0.549284
0.717744
0.000000
0.000000
0.000000
0.000000
0.000000
0.000000
-1.388983
0.989940
0.695056
-1.421997
1.001829
0.657350
0.000000
0.000000
0.000000
0.000000
0.000000
0.000000
-1.225507
0.860176
0.825593
-1.407376
0.576596
0.795733
0.000000
0.000000
0.000000
0.000000
0.000000
0.000000
-1.115603
1.216921
0.655754
-1.208054
1.030403
0.606385
0.000000
0.000000
0.000000
0.000000
0.000000
0.000000
-1.320167
0.527784
0.743438
-1.230792
0.731735
0.748261
0.000000
0.000000
0.000000
0.000000
0.000000
0.000000
0.000000
0.000000
0.000000
-1.215581
0.737291
0.670525
0.000000
0.000000
0.000000
0.000000
0.000000
0.000000
-1.300186
0.768285
0.872454
-1.347383
0.871943
0.807623
0.000000
0.000000
0.000000
0.000000
0.000000
0.000000
-1.427726
0.646199
0.819752
-1.456283
0.655122
0.817697
0.000000
0.000000
0.000000
0.000000
0.000000
0.000000
-1.397537
0.338569
0.867585
-1.575550
0.300081
0.885043
-1.149230
0.659287
0.810382
-1.168649
0.846836
0.780982
-1.156780
0.644786
0.833429
-1.167218
0.819589
0.803876
0.000000
0.000000
0.000000
0.000000
0.000000
0.000000
-1.500040
0.568983
0.812817
-1.536220
0.541757
0.854757
0.000000
0.000000
0.000000
0.000000
0.000000
0.000000
0.000000
0.000000
0.000000
-1.150104
0.680667
0.881030
0.000000
0.000000
0.000000
0.000000
0.000000
0.000000
-1.290371
0.826788
0.673034
-1.324028
0.747343
0.801344
0.000000
0.000000
0.000000
0.000000
0.000000
0.000000
-1.205665
0.956410
0.649442
-1.225235
0.998558
0.671448
-1.078650
0.630363
0.678595
-1.140155
0.500806
0.797440
-0.996406
0.654177
0.678595
-1.029164
0.623388
0.785985
0.000000
0.000000
0.000000
0.000000
0.000000
0.000000
0.000000
0.000000
0.000000
-1.303621
0.491919
0.756916
0.000000
0.000000
0.000000
0.000000
0.000000
0.000000
-1.336381
0.820470
0.771846
-1.363620
0.819014
0.813559
0.000000
0.000000
0.000000
0.000000
0.000000
0.000000
-1.507663
0.717252
0.800302
-1.530684
0.717926
0.806330
0.000000
0.000000
0.000000
0.000000
0.000000
0.000000
-1.417329
0.605152
0.806724
-1.402921
0.899124
0.791478
-1.324313
0.530838
0.858040
-1.355321
0.619451
0.841099
-1.217742
0.570244
0.811281
-1.222523
0.629433
0.826969
0.000000
0.000000
0.000000
0.000000
0.000000
0.000000
0.000000
0.000000
0.000000
-1.076274
0.564026
0.755058
0.000000
0.000000
0.000000
0.000000
0.000000
0.000000
0.000000
0.000000
0.000000
-1.247582
0.782804
0.691237
-1.216373
0.762033
0.813134
-1.275440
0.781016
0.797105
-1.143258
0.714309
0.821976
-1.205320
0.692393
0.829813
0.000000
0.000000
0.000000
0.000000
0.000000
0.000000
-1.271265
0.466971
0.848679
-1.258452
0.442613
0.886460
0.000000
0.000000
0.000000
0.000000
0.000000
0.000000
0.000000
0.000000
0.000000
-1.055541
1.344428
0.690960
-1.078876
1.019189
0.637452
-1.098197
1.030682
0.668045
-1.097541
1.057172
0.701451
-1.095797
1.034855
0.676785
-1.258201
0.508793
0.840502
-1.237914
0.419618
0.862355
-1.233149
0.551704
0.836263
-1.180783
0.546700
0.838838
0.000000
0.000000
0.000000
0.000000
0.000000
0.000000
0.000000
0.000000
0.000000
-1.214077
0.825639
0.872325
0.000000
0.000000
0.000000
0.000000
0.000000
0.000000
-1.082729
0.806315
0.743120
-1.151319
0.769736
0.779047
0.000000
0.000000
0.000000
0.000000
0.000000
0.000000
-1.502972
0.316536
0.898377
-1.523335
0.320213
0.889398
0.000000
0.000000
0.000000
0.000000
0.000000
0.000000
-1.331827
0.782068
0.785303
-1.350168
0.787480
0.762769
0.000000
0.000000
0.000000
0.000000
0.000000
0.000000
-1.307974
0.984962
0.853600
-1.401899
0.758220
0.799779
0.000000
0.000000
0.000000
0.000000
0.000000
0.000000
-1.129045
0.476088
0.812429
-1.187029
0.405489
0.819823
0.000000
0.000000
0.000000
0.000000
0.000000
0.000000
-1.415322
0.648796
0.840775
-1.432725
0.743059
0.808017
0.000000
0.000000
0.000000
0.000000
0.000000
0.000000
-1.140315
0.972699
0.793018
-1.243880
0.768087
0.687347
-1.368412
0.451294
0.809609
-1.352854
0.459896
0.857307
-1.334771
0.504770
0.822540
-1.383816
0.411289
0.884926
0.000000
0.000000
0.000000
0.000000
0.000000
0.000000
-1.120740
0.783754
0.629985
-1.213176
0.633986
0.742887
0.000000
0.000000
0.000000
0.000000
0.000000
0.000000
0.000000
0.000000
0.000000
-1.123223
0.816806
0.659769
0.000000
0.000000
0.000000
0.000000
0.000000
0.000000
-0.992544
0.663690
0.694179
-1.103757
0.555161
0.734312
0.000000
0.000000
0.000000
0.000000
0.000000
0.000000
-1.105934
0.804946
0.721922
-1.176108
0.685230
0.764162
0.000000
0.000000
0.000000
0.000000
0.000000
0.000000
-1.408058
0.622497
0.901503
-1.432440
0.773133
0.880249
0.000000
0.000000
0.000000
0.000000
0.000000
0.000000
-0.975984
1.463908
0.752970
-1.184637
1.048979
0.822595
0.000000
0.000000
0.000000
0.000000
0.000000
0.000000
-1.208518
0.572830
0.796056
-1.251767
0.672123
0.879353
0.000000
0.000000
0.000000
0.000000
0.000000
0.000000
-1.363561
0.692333
0.635888
-1.324361
0.814735
0.790512
0.000000
0.000000
0.000000
0.000000
0.000000
0.000000
0.000000
0.000000
0.000000
-1.463929
0.659598
0.623541
0.000000
0.000000
0.000000
0.000000
0.000000
0.000000
-1.181571
0.592273
0.680180
-1.201952
0.748814
0.704124
0.000000
0.000000
0.000000
0.000000
0.000000
0.000000
-1.245226
0.862128
0.739637
-1.269071
0.970641
0.699282
0.000000
0.000000
0.000000
0.000000
0.000000
0.000000
-1.309177
0.761247
0.879640
-1.396931
0.734580
0.838866
0.000000
0.000000
0.000000
0.000000
0.000000
0.000000
-1.120496
0.614328
0.763356
-1.172098
0.659808
0.770902
0.000000
0.000000
0.000000
0.000000
0.000000
0.000000
-1.394039
0.759953
0.724325
-1.469226
0.664410
0.821397
0.000000
0.000000
0.000000
0.000000
0.000000
0.000000
-1.484633
0.769306
0.694986
-1.500920
1.154104
0.677706
0.000000
0.000000
0.000000
0.000000
0.000000
0.000000
-1.135707
0.561753
0.766632
-1.226011
0.644464
0.784747
0.000000
0.000000
0.000000
0.000000
0.000000
0.000000
-1.247424
1.007743
0.672233
-1.313338
0.987570
0.659248
0.000000
0.000000
0.000000
0.000000
0.000000
0.000000
0.000000
0.000000
0.000000
-1.228244
0.726664
0.962712
0.000000
0.000000
0.000000
0.000000
0.000000
0.000000
-1.330032
0.783941
0.696296
-1.341488
0.961989
0.614298
0.000000
0.000000
0.000000
0.000000
0.000000
0.000000
-1.294800
0.874599
0.740913
-1.350064
0.859318
0.734354
0.000000
0.000000
0.000000
0.000000
0.000000
0.000000
0.000000
0.000000
0.000000
-1.300379
0.632165
0.734570
0.000000
0.000000
0.000000
0.000000
0.000000
0.000000
-1.129318
1.333893
0.630998
-1.259574
1.097947
0.730261
0.000000
0.000000
0.000000
0.000000
0.000000
0.000000
-1.248221
0.610800
0.742209
-1.301402
0.824566
0.778063
0.000000
0.000000
0.000000
0.000000
0.000000
0.000000
0.000000
0.000000
0.000000
-1.027060
0.995329
0.617432
0.000000
0.000000
0.000000
0.000000
0.000000
0.000000
0.000000
0.000000
0.000000
-1.025687
1.103402
0.678174
0.000000
0.000000
0.000000
0.000000
0.000000
0.000000
-1.195864
0.650024
0.958853
-1.304475
0.679121
0.904652
0.000000
0.000000
0.000000
0.000000
0.000000
0.000000
0.000000
0.000000
0.000000
-1.120380
0.894465
0.622157
0.000000
0.000000
0.000000
0.000000
0.000000
0.000000
-1.210044
0.707790
0.812941
-1.290966
0.673143
0.790113
-1.005570
0.532082
0.641289
-0.968535
0.469467
0.846825
-0.990410
0.534159
0.641289
-0.967327
0.463738
0.846825
0.000000
0.000000
0.000000
0.000000
0.000000
0.000000
0.000000
0.000000
0.000000
-1.358471
0.843250
0.659900
0.000000
0.000000
0.000000
0.000000
0.000000
0.000000
-1.589150
1.358378
0.500895
-1.618500
1.355974
0.502123
0.000000
0.000000
0.000000
0.000000
0.000000
0.000000
0.000000
0.000000
0.000000
-1.230608
0.496494
0.728835
0.000000
0.000000
0.000000
0.000000
0.000000
0.000000
-1.346314
0.571384
0.813968
-1.402583
0.561611
0.826979
0.000000
0.000000
0.000000
0.000000
0.000000
0.000000
-1.339124
0.655724
0.835882
-1.348147
0.727686
0.833475
0.000000
0.000000
0.000000
0.000000
0.000000
0.000000
-1.264151
0.777848
0.740972
-1.260408
0.865231
0.741162
0.000000
0.000000
0.000000
0.000000
0.000000
0.000000
-1.106706
1.019478
0.940749
-1.225522
0.815820
0.947127
0.000000
0.000000
0.000000
0.000000
0.000000
0.000000
-1.143964
0.715273
0.708685
-0.977156
1.782220
0.539482
0.000000
0.000000
0.000000
0.000000
0.000000
0.000000
-1.045540
1.167299
0.767657
-1.195616
1.023474
0.645756
0.000000
0.000000
0.000000
0.000000
0.000000
0.000000
-1.201217
0.922347
0.661915
-1.256238
1.014422
0.609590
0.000000
0.000000
0.000000
0.000000
0.000000
0.000000
-1.034256
0.792327
0.721324
-1.084758
0.770199
0.732253
0.000000
0.000000
0.000000
0.000000
0.000000
0.000000
-1.359284
0.449808
0.695163
-1.338650
0.452214
0.829924
0.000000
0.000000
0.000000
0.000000
0.000000
0.000000
-1.374576
1.198687
0.759129
-1.372867
1.436075
0.639625
0.000000
0.000000
0.000000
0.000000
0.000000
0.000000
-1.050839
0.817130
0.838657
-1.109784
0.940935
0.715103
0.000000
0.000000
0.000000
0.000000
0.000000
0.000000
-1.129729
0.944142
0.606703
-1.178590
0.769818
0.742102
0.000000
0.000000
0.000000
0.000000
0.000000
0.000000
-1.367002
0.367765
0.738429
-1.443270
0.398216
0.966637
0.000000
0.000000
0.000000
0.000000
0.000000
0.000000
-1.213556
0.614130
0.824922
-1.259752
0.626736
0.823853
0.000000
0.000000
0.000000
0.000000
0.000000
0.000000
-1.404303
0.638053
0.833493
-1.385454
0.715414
0.850014
0.000000
0.000000
0.000000
0.000000
0.000000
0.000000
-1.189812
0.876531
0.698528
-1.227607
0.889379
0.719693
0.000000
0.000000
0.000000
0.000000
0.000000
0.000000
-1.325111
0.494624
0.594636
-1.139918
0.644446
1.093481
-1.360878
0.481077
0.776898
-1.427189
0.439201
0.883200
-1.365949
0.480717
0.776898
-1.428092
0.440968
0.883200
0.000000
0.000000
0.000000
0.000000
0.000000
0.000000
-1.120279
1.093150
0.784079
-1.268200
0.949831
0.659372
0.000000
0.000000
0.000000
0.000000
0.000000
0.000000
-1.078772
0.542628
0.695121
-1.339305
0.383682
0.996276
0.000000
0.000000
0.000000
0.000000
0.000000
0.000000
-1.339128
0.735315
0.995403
-1.459199
0.668574
0.874966
0.000000
0.000000
0.000000
-1.242880
0.510870
0.741659
0.000000
0.000000
0.000000
-1.210805
0.515646
0.741659
0.000000
0.000000
0.000000
0.000000
0.000000
0.000000
0.000000
0.000000
0.000000
-1.187725
0.715013
0.708651
0.000000
0.000000
0.000000
0.000000
0.000000
0.000000
-1.406711
0.608906
0.810672
-1.403235
0.847215
0.753251
0.000000
0.000000
0.000000
0.000000
0.000000
0.000000
-1.296273
0.758974
0.709271
-1.294227
0.874457
0.710731
0.000000
0.000000
0.000000
0.000000
0.000000
0.000000
-1.371860
0.724949
0.753589
-1.341875
0.761756
0.709581
0.000000
0.000000
0.000000
0.000000
0.000000
0.000000
-1.036025
0.866216
0.611198
-1.114837
0.784481
0.710679
0.000000
0.000000
0.000000
0.000000
0.000000
0.000000
-1.292457
0.742288
0.691790
-1.276850
0.659219
0.802859
-0.992285
0.784253
0.724248
-0.984890
0.748943
0.740913
-0.990261
0.780800
0.725613
-0.974351
0.744017
0.739088
0.000000
0.000000
0.000000
0.000000
0.000000
0.000000
-1.284225
0.905010
0.741203
-1.323259
0.879592
0.801775
0.000000
0.000000
0.000000
0.000000
0.000000
0.000000
-1.317424
1.114674
0.635237
-1.394888
1.046737
0.656951
0.000000
0.000000
0.000000
0.000000
0.000000
0.000000
-1.646721
0.383108
0.872083
-1.673889
0.386472
0.878187
0.000000
0.000000
0.000000
0.000000
0.000000
0.000000
-1.299196
0.847618
0.666847
-1.318172
0.890036
0.731279
0.000000
0.000000
0.000000
0.000000
0.000000
0.000000
-1.165294
0.957321
0.583465
-1.229196
0.970324
0.579175
0.000000
0.000000
0.000000
0.000000
0.000000
0.000000
0.000000
0.000000
0.000000
-1.072949
0.693934
0.602905
0.000000
0.000000
0.000000
0.000000
0.000000
0.000000
0.000000
0.000000
0.000000
-0.967859
1.064161
0.687299
0.000000
0.000000
0.000000
0.000000
0.000000
0.000000
-1.102907
0.738164
0.641923
-1.196629
0.798233
0.660320
0.000000
0.000000
0.000000
0.000000
0.000000
0.000000
-1.351163
0.601478
0.806100
-1.350894
0.614060
0.802801
0.000000
0.000000
0.000000
0.000000
0.000000
0.000000
-1.114102
0.796190
0.743454
-1.123480
0.883856
0.728529
0.000000
0.000000
0.000000
0.000000
0.000000
0.000000
-1.447632
0.933315
0.732772
-1.495634
0.873811
0.735086
0.000000
0.000000
0.000000
0.000000
0.000000
0.000000
-1.107177
0.906462
0.769372
-1.209854
0.758312
0.768424
0.000000
0.000000
0.000000
0.000000
0.000000
0.000000
-1.434329
0.493918
0.789776
-1.530208
0.440115
0.866086
0.000000
0.000000
0.000000
0.000000
0.000000
0.000000
-1.158502
0.506235
0.704774
-1.203825
0.494808
0.784363
0.000000
0.000000
0.000000
0.000000
0.000000
0.000000
-1.141706
0.620455
0.766161
-1.152800
0.743887
0.759295
0.000000
0.000000
0.000000
0.000000
0.000000
0.000000
-1.216077
0.702263
0.887993
-1.280730
0.740820
0.928523
0.000000
0.000000
0.000000
0.000000
0.000000
0.000000
-1.084342
1.581542
0.897004
-1.247751
1.003628
0.729129
0.000000
0.000000
0.000000
0.000000
0.000000
0.000000
-1.286386
0.913334
0.849163
-1.370148
1.011432
0.788598
0.000000
0.000000
0.000000
0.000000
0.000000
0.000000
-1.338870
0.961645
0.714220
-1.388098
1.028400
0.642207
0.000000
0.000000
0.000000
0.000000
0.000000
0.000000
-1.156149
0.718845
0.701855
-1.224045
0.782773
0.746099
0.000000
0.000000
0.000000
0.000000
0.000000
0.000000
-1.296049
0.780182
0.723700
-1.288569
0.769192
0.733622
0.000000
0.000000
0.000000
0.000000
0.000000
0.000000
-1.048222
1.537544
0.713612
-1.199763
1.005924
0.739912
0.000000
0.000000
0.000000
0.000000
0.000000
0.000000
-1.198558
0.995041
0.654390
-1.295423
0.892119
0.655363
0.000000
0.000000
0.000000
0.000000
0.000000
0.000000
-1.453226
0.830039
0.785359
-1.457735
0.873333
0.776126
-1.215759
0.565350
0.716296
-1.027131
0.911938
0.859879
-1.190515
0.568796
0.716296
-1.005888
0.881259
0.859879
0.000000
0.000000
0.000000
-1.376794
0.478598
0.792717
0.000000
0.000000
0.000000
-1.360788
0.487769
0.792717
0.000000
0.000000
0.000000
0.000000
0.000000
0.000000
-1.191183
0.522888
0.867829
-1.337021
0.428579
0.747782
0.000000
0.000000
0.000000
0.000000
0.000000
0.000000
-1.190613
0.762995
0.779005
-1.229262
0.838406
0.776648
0.000000
0.000000
0.000000
0.000000
0.000000
0.000000
-1.573101
0.705626
0.830875
-1.606854
0.698243
0.820559
0.000000
0.000000
0.000000
0.000000
0.000000
0.000000
0.000000
0.000000
0.000000
-0.987010
0.958549
0.683820
0.000000
0.000000
0.000000
0.000000
0.000000
0.000000
-1.385884
1.014858
0.663521
-1.414641
1.016358
0.693378
0.000000
0.000000
0.000000
0.000000
0.000000
0.000000
-1.054523
0.628460
0.973704
-1.162693
0.529756
0.899409
0.000000
0.000000
0.000000
0.000000
0.000000
0.000000
-1.509533
1.265388
0.585795
-1.536145
1.304672
0.555064
0.000000
0.000000
0.000000
0.000000
0.000000
0.000000
-1.421311
0.845438
0.701687
-1.442507
0.869659
0.771213
0.000000
0.000000
0.000000
0.000000
0.000000
0.000000
0.000000
0.000000
0.000000
-1.232819
0.727466
0.738014
0.000000
0.000000
0.000000
0.000000
0.000000
0.000000
-1.281071
0.962434
0.670051
-1.305619
1.062408
0.617557
-1.411755
1.090753
0.680140
-1.370582
1.213035
0.598937
-1.340683
1.239689
0.663057
-1.335427
1.202986
0.562659
0.000000
0.000000
0.000000
0.000000
0.000000
0.000000
0.000000
0.000000
0.000000
-1.066706
0.766171
0.756652
0.000000
0.000000
0.000000
0.000000
0.000000
0.000000
-1.368735
0.727371
0.782060
-1.380874
0.773996
0.762449
0.000000
0.000000
0.000000
0.000000
0.000000
0.000000
-1.197801
0.718746
0.723235
-1.231815
0.673743
0.752968
0.000000
0.000000
0.000000
0.000000
0.000000
0.000000
-1.420300
0.668705
0.835138
-1.469211
0.638217
0.836921
0.000000
0.000000
0.000000
0.000000
0.000000
0.000000
-1.316109
0.763201
0.675167
-1.362835
0.850513
0.705183
0.000000
0.000000
0.000000
0.000000
0.000000
0.000000
0.000000
0.000000
0.000000
-1.364686
0.968232
0.625107
0.000000
0.000000
0.000000
0.000000
0.000000
0.000000
-1.312999
0.691569
0.778265
-1.293204
0.782615
0.815762
0.000000
0.000000
0.000000
0.000000
0.000000
0.000000
0.000000
0.000000
0.000000
-1.536143
0.626934
0.909581
0.000000
0.000000
0.000000
0.000000
0.000000
0.000000
-1.534896
0.902872
0.748695
-1.562072
0.902058
0.750973
0.000000
0.000000
0.000000
0.000000
0.000000
0.000000
-0.958407
0.930566
0.735509
-1.029544
0.789584
0.677332
0.000000
0.000000
0.000000
0.000000
0.000000
0.000000
0.000000
0.000000
0.000000
-1.167935
0.706464
0.741786
0.000000
0.000000
0.000000
0.000000
0.000000
0.000000
-1.172130
0.489004
0.751753
-1.081975
0.687399
0.781206
0.000000
0.000000
0.000000
-1.139473
0.885072
0.869041
0.000000
0.000000
0.000000
-1.114523
0.910200
0.869041
0.000000
0.000000
0.000000
0.000000
0.000000
0.000000
-1.035941
1.159148
1.158522
-1.204099
0.752576
0.969641
-1.148911
0.733570
0.652365
-1.168082
0.716665
0.997769
-1.160729
0.712678
0.661449
-1.195482
0.697839
1.018470
0.000000
0.000000
0.000000
0.000000
0.000000
0.000000
-1.324583
0.585070
0.750406
-1.256004
0.951670
0.710176
0.000000
0.000000
0.000000
0.000000
0.000000
0.000000
-1.112125
0.620219
0.870264
-1.160770
0.631572
0.767816
0.000000
0.000000
0.000000
0.000000
0.000000
0.000000
-1.152217
0.801010
0.675152
-1.162366
1.149299
0.694183
0.000000
0.000000
0.000000
0.000000
0.000000
0.000000
-1.214221
0.550465
0.790933
-1.194271
0.921617
0.849281
0.000000
0.000000
0.000000
0.000000
0.000000
0.000000
-1.409254
0.711391
0.800119
-1.396234
0.697143
0.941103
0.000000
0.000000
0.000000
0.000000
0.000000
0.000000
-1.178877
0.536600
0.871176
-1.360172
0.433229
0.833072
0.000000
0.000000
0.000000
0.000000
0.000000
0.000000
0.000000
0.000000
0.000000
-1.071880
1.658802
0.815942
0.000000
0.000000
0.000000
0.000000
0.000000
0.000000
-1.054926
0.680544
0.791235
-1.113868
0.694493
0.774492
0.000000
0.000000
0.000000
0.000000
0.000000
0.000000
-1.367107
0.701290
0.807033
-1.398812
0.719144
0.793636
0.000000
0.000000
0.000000
0.000000
0.000000
0.000000
-1.667114
0.332600
0.889924
-1.663587
0.325895
0.890772
0.000000
0.000000
0.000000
0.000000
0.000000
0.000000
0.000000
0.000000
0.000000
-1.152199
1.111655
0.763527
0.000000
0.000000
0.000000
0.000000
0.000000
0.000000
-1.446309
0.651356
0.847028
-1.496290
0.647433
0.838211
0.000000
0.000000
0.000000
0.000000
0.000000
0.000000
0.000000
0.000000
0.000000
-1.161232
0.615534
0.756108
0.000000
0.000000
0.000000
0.000000
0.000000
0.000000
-1.395059
0.404581
1.121812
-1.423546
0.519728
0.962310
0.000000
0.000000
0.000000
0.000000
0.000000
0.000000
-1.248283
1.045322
0.581156
-1.293326
0.990991
0.653764
0.000000
0.000000
0.000000
0.000000
0.000000
0.000000
0.000000
0.000000
0.000000
-0.942195
1.785427
0.733594
0.000000
0.000000
0.000000
0.000000
0.000000
0.000000
-1.212605
0.887452
0.682122
-1.268533
0.901219
0.645956
-1.019831
0.825508
0.812712
-0.987485
0.917374
0.706794
-1.012441
0.821145
0.815778
-0.972039
0.925364
0.696669
0.000000
0.000000
0.000000
0.000000
0.000000
0.000000
-1.303542
0.739271
0.616356
-1.255824
1.033645
0.530017
0.000000
0.000000
0.000000
0.000000
0.000000
0.000000
0.000000
0.000000
0.000000
-1.266509
0.869706
0.791583
0.000000
0.000000
0.000000
0.000000
0.000000
0.000000
-1.261124
0.634214
0.646295
-1.349499
0.540306
0.942947
0.000000
0.000000
0.000000
0.000000
0.000000
0.000000
-1.156897
0.856111
0.839825
-1.141764
1.060506
0.698104
0.000000
0.000000
0.000000
0.000000
0.000000
0.000000
-1.044570
0.828634
0.789839
-1.121596
0.802992
0.770803
0.000000
0.000000
0.000000
0.000000
0.000000
0.000000
-1.348124
0.706201
0.780456
-1.410465
0.712314
0.790425
0.000000
0.000000
0.000000
0.000000
0.000000
0.000000
-1.134334
0.858590
0.696743
-1.206838
0.890199
0.721292
0.000000
0.000000
0.000000
0.000000
0.000000
0.000000
-1.196888
0.945261
0.638722
-1.207334
1.057331
0.571619
0.000000
0.000000
0.000000
0.000000
0.000000
0.000000
-1.311005
0.874649
0.694844
-1.349932
0.807235
0.745956
0.000000
0.000000
0.000000
0.000000
0.000000
0.000000
-1.405784
0.694298
0.782111
-1.466854
0.705634
0.808447
0.000000
0.000000
0.000000
0.000000
0.000000
0.000000
0.000000
0.000000
0.000000
-1.213904
0.835395
0.746194
0.000000
0.000000
0.000000
0.000000
0.000000
0.000000
-1.118572
0.987285
0.658655
-1.168686
0.920551
0.664196
0.000000
0.000000
0.000000
0.000000
0.000000
0.000000
0.000000
0.000000
0.000000
-0.868594
1.456284
0.872514
0.000000
0.000000
0.000000
0.000000
0.000000
0.000000
-1.426552
0.644425
0.821983
-1.493042
0.578522
0.854914
0.000000
0.000000
0.000000
0.000000
0.000000
0.000000
-1.275288
0.665147
0.779326
-1.390648
0.524074
0.762844
0.000000
0.000000
0.000000
0.000000
0.000000
0.000000
-0.946604
0.717978
0.741436
-1.022957
0.636360
0.785280
0.000000
0.000000
0.000000
0.000000
0.000000
0.000000
-1.347448
0.599682
0.704879
-1.407981
0.670730
0.790693
-1.253119
0.580466
0.921339
-1.431157
0.380433
0.913476
-1.084321
0.776232
0.849057
-1.110800
0.799006
0.817880
0.000000
0.000000
0.000000
0.000000
0.000000
0.000000
-1.373601
0.869501
0.831977
-1.327251
1.085401
0.634086
0.000000
0.000000
0.000000
0.000000
0.000000
0.000000
-1.347898
0.671225
0.819527
-1.378575
0.656907
0.821553
0.000000
0.000000
0.000000
0.000000
0.000000
0.000000
0.000000
0.000000
0.000000
-1.599033
0.360277
0.866897
0.000000
0.000000
0.000000
0.000000
0.000000
0.000000
-1.180362
0.656200
0.757950
-1.389336
0.602363
0.849102
0.000000
0.000000
0.000000
0.000000
0.000000
0.000000
-1.265859
0.968175
0.822875
-1.327053
0.753749
0.824537
0.000000
0.000000
0.000000
0.000000
0.000000
0.000000
-1.499572
0.714952
0.798225
-1.436569
0.865860
0.740450
0.000000
0.000000
0.000000
0.000000
0.000000
0.000000
-1.401536
1.025099
0.816429
-1.437774
0.889232
0.726961
0.000000
0.000000
0.000000
0.000000
0.000000
0.000000
-1.259785
0.497749
0.882761
-1.332144
0.551580
0.815379
0.000000
0.000000
0.000000
0.000000
0.000000
0.000000
0.000000
0.000000
0.000000
-1.181101
0.514856
0.714678
0.000000
0.000000
0.000000
0.000000
0.000000
0.000000
0.000000
0.000000
0.000000
-1.426053
0.864379
0.634616
0.000000
0.000000
0.000000
0.000000
0.000000
0.000000
-1.057829
0.844252
0.701655
-1.152398
0.868860
0.775313
0.000000
0.000000
0.000000
0.000000
0.000000
0.000000
-1.249210
0.801118
0.772586
-1.296265
0.719464
0.769902
0.000000
0.000000
0.000000
0.000000
0.000000
0.000000
0.000000
0.000000
0.000000
-1.471814
0.390585
0.822988
0.000000
0.000000
0.000000
0.000000
0.000000
0.000000
0.000000
0.000000
0.000000
-1.111770
0.469863
0.863761
0.000000
0.000000
0.000000
0.000000
0.000000
0.000000
-1.204850
1.440131
0.627178
-1.322974
1.085191
0.699353
0.000000
0.000000
0.000000
0.000000
0.000000
0.000000
0.000000
0.000000
0.000000
-1.534840
1.063596
0.709177
0.000000
0.000000
0.000000
0.000000
0.000000
0.000000
-1.003080
0.925310
0.620215
-1.120527
0.899952
0.644574
0.000000
0.000000
0.000000
0.000000
0.000000
0.000000
-1.076004
0.947394
0.755750
-1.102166
0.992168
0.742764
0.000000
0.000000
0.000000
0.000000
0.000000
0.000000
0.000000
0.000000
0.000000
-1.210867
0.632559
1.006521
0.000000
0.000000
0.000000
0.000000
0.000000
0.000000
0.000000
0.000000
0.000000
-1.314469
0.604457
0.650617
0.000000
0.000000
0.000000
0.000000
0.000000
0.000000
-1.036179
0.822296
0.696963
-1.043799
1.191680
0.636164
0.000000
0.000000
0.000000
0.000000
0.000000
0.000000
0.000000
0.000000
0.000000
-1.170443
0.680061
1.021901
0.000000
0.000000
0.000000
0.000000
0.000000
0.000000
-1.182607
1.413037
0.707943
-1.338354
1.029917
0.853561
0.000000
0.000000
0.000000
0.000000
0.000000
0.000000
-1.344399
0.822129
0.756268
-1.376267
0.817035
0.757528
0.000000
0.000000
0.000000
0.000000
0.000000
0.000000
-1.174151
0.625819
0.591570
-1.097598
0.750875
0.720374
0.000000
0.000000
0.000000
0.000000
0.000000
0.000000
0.000000
0.000000
0.000000
-1.324602
0.743246
0.664142
0.000000
0.000000
0.000000
0.000000
0.000000
0.000000
-1.300368
0.523510
0.788358
-1.259646
0.721709
0.788768
0.000000
0.000000
0.000000
0.000000
0.000000
0.000000
-0.956913
1.602963
0.604415
-1.142279
1.182329
0.762626
0.000000
0.000000
0.000000
0.000000
0.000000
0.000000
-1.235916
0.855865
0.910988
-1.306876
0.760610
0.836612
0.000000
0.000000
0.000000
0.000000
0.000000
0.000000
-1.072015
0.994207
0.816758
-1.102789
0.978414
0.832438
0.000000
0.000000
0.000000
0.000000
0.000000
0.000000
-1.338268
0.378969
0.878804
-1.366052
0.357799
0.864856
-1.249498
0.630892
0.760452
-1.237986
0.569229
0.875320
-1.265607
0.634476
0.760452
-1.154764
0.644450
0.881205
0.000000
0.000000
0.000000
0.000000
0.000000
0.000000
0.000000
0.000000
0.000000
-1.036608
0.802076
0.650681
0.000000
0.000000
0.000000
0.000000
0.000000
0.000000
-1.083049
0.902271
0.671096
-1.111763
0.910390
0.595167
0.000000
0.000000
0.000000
0.000000
0.000000
0.000000
-0.998248
0.773180
0.692157
-1.068060
0.845837
0.666951
0.000000
0.000000
0.000000
0.000000
0.000000
0.000000
0.000000
0.000000
0.000000
-0.835316
1.337221
0.678794
0.000000
0.000000
0.000000
0.000000
0.000000
0.000000
0.000000
0.000000
0.000000
-1.078043
1.246281
0.878870
0.000000
0.000000
0.000000
0.000000
0.000000
0.000000
-0.924108
1.160719
0.576572
-1.014300
0.991473
0.554134
0.000000
0.000000
0.000000
0.000000
0.000000
0.000000
0.000000
0.000000
0.000000
-1.195152
0.648553
0.772801
-1.054066
0.814665
0.707930
-1.079587
0.860139
0.703655
-0.991047
0.762557
0.713735
-1.004492
0.833592
0.712372
-1.178554
0.988851
0.635624
-1.186648
0.908192
0.650429
-1.145880
0.965018
0.636412
-1.148162
0.892926
0.653960
-1.006727
1.050386
0.652967
-1.043994
0.987455
0.625926
-0.933582
1.045014
0.613797
-0.969280
0.965780
0.585262
0.000000
0.000000
0.000000
0.000000
0.000000
0.000000
-1.275346
0.636734
0.782043
-1.304247
0.682630
0.804670
0.000000
0.000000
0.000000
0.000000
0.000000
0.000000
-1.119362
1.277920
0.583847
-1.198713
1.017476
0.538939
0.000000
0.000000
0.000000
0.000000
0.000000
0.000000
-1.274898
0.920492
0.801096
-1.373949
0.608502
0.759112
0.000000
0.000000
0.000000
0.000000
0.000000
0.000000
-1.316996
0.839074
0.805756
-1.340990
0.970236
0.718683
0.000000
0.000000
0.000000
0.000000
0.000000
0.000000
-0.878575
0.832249
0.695846
-0.882732
0.774221
0.628352
0.000000
0.000000
0.000000
0.000000
0.000000
0.000000
-1.275978
0.708319
0.871467
-1.313497
0.627102
0.848401
0.000000
0.000000
0.000000
0.000000
0.000000
0.000000
-1.389930
0.734605
0.790704
-1.428454
0.724244
0.796313
0.000000
0.000000
0.000000
0.000000
0.000000
0.000000
-1.221012
0.809665
0.944168
-1.317402
0.704737
0.869917
0.000000
0.000000
0.000000
0.000000
0.000000
0.000000
0.000000
0.000000
0.000000
-1.262481
0.909811
0.701882
-1.072765
0.657132
0.773358
-1.089773
0.676762
0.789170
-1.078013
0.589010
0.784664
-1.104593
0.578850
0.811006
0.000000
0.000000
0.000000
0.000000
0.000000
0.000000
-1.018822
0.489068
0.698116
-1.200041
0.479086
0.975762
0.000000
0.000000
0.000000
0.000000
0.000000
0.000000
-1.617127
0.321730
0.886270
-1.665522
0.319641
0.895868
0.000000
0.000000
0.000000
0.000000
0.000000
0.000000
-1.496796
0.632500
0.832257
-1.510901
0.684134
0.835429
0.000000
0.000000
0.000000
0.000000
0.000000
0.000000
-1.385754
0.302332
0.916925
-1.383894
0.319105
0.891092
0.000000
0.000000
0.000000
0.000000
0.000000
0.000000
-1.443867
0.493964
0.638961
-1.424461
0.467425
0.917850
0.000000
0.000000
0.000000
0.000000
0.000000
0.000000
-1.238445
0.636532
0.713249
-1.300037
0.528177
0.807463
0.000000
0.000000
0.000000
0.000000
0.000000
0.000000
-1.276777
0.694568
0.729049
-1.300163
0.620000
0.827963
0.000000
0.000000
0.000000
0.000000
0.000000
0.000000
-1.149636
1.286406
0.464665
-1.253443
1.224909
0.486517
0.000000
0.000000
0.000000
0.000000
0.000000
0.000000
0.000000
0.000000
0.000000
-1.341472
0.534537
0.829783
0.000000
0.000000
0.000000
0.000000
0.000000
0.000000
-1.200888
0.646454
0.786040
-1.343952
0.555034
0.829406
0.000000
0.000000
0.000000
0.000000
0.000000
0.000000
-1.604667
1.340396
0.508657
-1.628625
1.365664
0.504646
0.000000
0.000000
0.000000
0.000000
0.000000
0.000000
-1.489476
0.628557
0.842751
-1.547038
0.653191
0.841419
0.000000
0.000000
0.000000
0.000000
0.000000
0.000000
-1.016979
1.120414
0.746792
-1.039535
1.230459
0.598974
0.000000
0.000000
0.000000
0.000000
0.000000
0.000000
-1.416676
0.792500
0.698485
-1.429885
0.857447
0.793529
0.000000
0.000000
0.000000
0.000000
0.000000
0.000000
-1.271373
0.994686
0.571975
-1.349159
0.842128
0.714489
0.000000
0.000000
0.000000
0.000000
0.000000
0.000000
-1.057107
0.946574
0.617428
-1.113457
0.930055
0.589061
0.000000
0.000000
0.000000
0.000000
0.000000
0.000000
-0.981187
1.181004
0.569067
-1.077571
1.160174
0.589137
-1.144240
0.916124
0.670200
-1.164742
0.984344
0.698000
-1.016627
0.974598
0.639901
-1.069351
0.994763
0.671649
0.000000
0.000000
0.000000
0.000000
0.000000
0.000000
-1.424866
0.713511
0.790688
-1.456947
0.691421
0.809995
0.000000
0.000000
0.000000
0.000000
0.000000
0.000000
-1.157055
0.833532
0.751301
-1.143486
0.909841
0.764527
0.000000
0.000000
0.000000
0.000000
0.000000
0.000000
-1.284170
1.030249
0.595992
-1.296675
1.086540
0.579516
0.000000
0.000000
0.000000
0.000000
0.000000
0.000000
-1.218981
0.746767
0.735299
-1.191390
0.877272
0.718211
0.000000
0.000000
0.000000
0.000000
0.000000
0.000000
-1.337076
0.451901
0.740106
-1.319642
0.442229
0.916470
0.000000
0.000000
0.000000
0.000000
0.000000
0.000000
-1.246256
0.623148
0.668935
-1.265422
0.804271
0.711194
0.000000
0.000000
0.000000
0.000000
0.000000
0.000000
0.000000
0.000000
0.000000
-1.223998
0.510493
0.725547
0.000000
0.000000
0.000000
0.000000
0.000000
0.000000
-1.333527
0.634624
0.828312
-1.438125
0.630181
0.753944
0.000000
0.000000
0.000000
0.000000
0.000000
0.000000
-1.168455
1.105702
0.713353
-1.201137
0.830399
0.693819
0.000000
0.000000
0.000000
0.000000
0.000000
0.000000
-1.013998
1.083634
0.509490
-1.066271
0.991758
0.544060
0.000000
0.000000
0.000000
0.000000
0.000000
0.000000
-1.489672
0.472415
0.851678
-1.453670
0.605962
0.886208
0.000000
0.000000
0.000000
0.000000
0.000000
0.000000
-1.224083
0.887139
0.719281
-1.229624
0.961123
0.679528
0.000000
0.000000
0.000000
0.000000
0.000000
0.000000
-1.327164
0.311277
0.878310
-1.415157
0.244942
0.897599
0.000000
0.000000
0.000000
0.000000
0.000000
0.000000
-1.127928
1.176630
0.623122
-1.187144
1.041147
0.570512
0.000000
0.000000
0.000000
0.000000
0.000000
0.000000
0.000000
0.000000
0.000000
-1.185511
0.753441
0.710434
0.000000
0.000000
0.000000
0.000000
0.000000
0.000000
-1.493710
0.713658
0.810131
-1.486679
0.746042
0.780212
0.000000
0.000000
0.000000
0.000000
0.000000
0.000000
-1.587235
0.309856
0.913052
-1.594593
0.438754
0.886799
0.000000
0.000000
0.000000
0.000000
0.000000
0.000000
-1.046768
1.275704
0.452521
-1.122651
1.188800
0.435906
0.000000
0.000000
0.000000
0.000000
0.000000
0.000000
-1.406682
0.955403
0.692464
-1.445538
0.913137
0.711223
0.000000
0.000000
0.000000
0.000000
0.000000
0.000000
-1.213158
0.499792
0.801425
-1.194042
0.559218
0.829666
0.000000
0.000000
0.000000
0.000000
0.000000
0.000000
0.000000
0.000000
0.000000
-1.174107
0.621566
0.648239
0.000000
0.000000
0.000000
0.000000
0.000000
0.000000
-1.215799
0.562573
0.735614
-1.193889
0.662270
0.712029
0.000000
0.000000
0.000000
0.000000
0.000000
0.000000
-1.283041
0.741711
0.685751
-1.278650
1.103353
0.595301
0.000000
0.000000
0.000000
0.000000
0.000000
0.000000
-1.544792
0.398163
0.879749
-1.563926
0.406991
0.879708
-1.216837
0.483102
0.841518
-1.238234
0.505679
0.833031
-1.050213
0.593374
0.795852
-1.086981
0.638883
0.794310
0.000000
0.000000
0.000000
0.000000
0.000000
0.000000
-1.265887
0.733513
0.799520
-1.345486
0.679893
0.797811
-1.097306
0.561370
0.808597
-1.073319
0.500244
0.806962
-1.101790
0.558672
0.802528
-1.079978
0.492471
0.816905
0.000000
0.000000
0.000000
0.000000
0.000000
0.000000
-1.426038
0.903074
0.744458
-1.361322
0.885672
0.828406
0.000000
0.000000
0.000000
0.000000
0.000000
0.000000
-1.117862
0.919003
0.731274
-1.180784
0.994464
0.699233
0.000000
0.000000
0.000000
-1.226246
0.745889
0.750366
0.000000
0.000000
0.000000
-1.225865
0.746429
0.750366
0.000000
0.000000
0.000000
0.000000
0.000000
0.000000
0.000000
0.000000
0.000000
-1.421752
0.691419
0.777668
0.000000
0.000000
0.000000
0.000000
0.000000
0.000000
-1.324755
0.771221
0.793898
-1.352541
0.787634
0.771330
0.000000
0.000000
0.000000
0.000000
0.000000
0.000000
-1.120804
0.490834
0.669240
-1.282817
0.405928
1.036193
0.000000
0.000000
0.000000
0.000000
0.000000
0.000000
-1.442370
0.555597
0.915864
-1.471974
0.559988
0.851848
0.000000
0.000000
0.000000
-1.296476
0.776109
0.715002
0.000000
0.000000
0.000000
-1.279375
0.781928
0.715002
0.000000
0.000000
0.000000
0.000000
0.000000
0.000000
-1.513400
0.567334
0.777075
-1.486653
0.612015
0.790823
0.000000
0.000000
0.000000
0.000000
0.000000
0.000000
0.000000
0.000000
0.000000
-1.351937
0.567491
0.773336
0.000000
0.000000
0.000000
0.000000
0.000000
0.000000
-1.284704
1.078690
0.715060
-1.358318
0.857841
0.692356
0.000000
0.000000
0.000000
0.000000
0.000000
0.000000
-1.272718
1.130762
0.662777
-1.308219
1.024459
0.701938
0.000000
0.000000
0.000000
0.000000
0.000000
0.000000
-1.413873
0.769514
0.865845
-1.499008
0.718157
0.801977
0.000000
0.000000
0.000000
0.000000
0.000000
0.000000
-1.337025
0.563787
0.847972
-1.388149
0.463813
0.845662
0.000000
0.000000
0.000000
0.000000
0.000000
0.000000
-1.354810
0.918044
0.725841
-1.380202
0.990777
0.718535
0.000000
0.000000
0.000000
0.000000
0.000000
0.000000
-1.285220
0.956267
0.796905
-1.220626
1.045965
0.672968
0.000000
0.000000
0.000000
0.000000
0.000000
0.000000
-1.365824
0.441127
0.797896
-1.460788
0.484404
0.903894
0.000000
0.000000
0.000000
0.000000
0.000000
0.000000
-1.245236
0.688502
0.789641
-1.289642
0.646319
0.810337
0.000000
0.000000
0.000000
0.000000
0.000000
0.000000
-1.294006
0.582964
0.849393
-1.496521
0.458437
0.863320
0.000000
0.000000
0.000000
0.000000
0.000000
0.000000
-1.179275
0.979121
0.695018
-1.205396
0.942000
0.699323
0.000000
0.000000
0.000000
0.000000
0.000000
0.000000
-1.116945
1.068954
0.876778
-1.129820
1.172312
0.812760
0.000000
0.000000
0.000000
0.000000
0.000000
0.000000
-1.382082
0.761278
0.811593
-1.421825
0.741422
0.784631
0.000000
0.000000
0.000000
0.000000
0.000000
0.000000
-1.267018
0.760131
0.815262
-1.468746
0.540390
0.831937
0.000000
0.000000
0.000000
0.000000
0.000000
0.000000
-1.112900
2.054273
0.947340
-1.275391
1.046701
0.911028
0.000000
0.000000
0.000000
0.000000
0.000000
0.000000
-1.358476
0.468397
0.913417
-1.404095
0.643811
0.799444
0.000000
0.000000
0.000000
0.000000
0.000000
0.000000
-1.116145
0.614031
0.723054
-1.110792
0.716023
0.805752
0.000000
0.000000
0.000000
0.000000
0.000000
0.000000
-1.038608
0.964454
0.818545
-1.251939
0.756170
0.967902
0.000000
0.000000
0.000000
0.000000
0.000000
0.000000
-1.536790
1.222994
0.587298
-1.564633
1.221620
0.598093
0.000000
0.000000
0.000000
0.000000
0.000000
0.000000
-1.341039
0.520853
0.843715
-1.447079
0.434836
0.879898
0.000000
0.000000
0.000000
0.000000
0.000000
0.000000
-1.319005
0.561482
0.832873
-1.389049
0.591018
0.808088
0.000000
0.000000
0.000000
0.000000
0.000000
0.000000
-1.359440
0.474403
0.812749
-1.380621
0.627336
0.879656
0.000000
0.000000
0.000000
0.000000
0.000000
0.000000
-1.342551
0.687018
0.937829
-1.473522
0.686619
0.906012
0.000000
0.000000
0.000000
0.000000
0.000000
0.000000
-1.233833
0.687975
0.785501
-1.316169
0.635819
0.790189
0.000000
0.000000
0.000000
-1.404508
0.784109
0.797425
0.000000
0.000000
0.000000
-1.414115
0.783006
0.797425
0.000000
0.000000
0.000000
0.000000
0.000000
0.000000
-1.610105
0.986224
0.749998
-1.652650
0.995046
0.717905
0.000000
0.000000
0.000000
0.000000
0.000000
0.000000
-1.459165
0.568439
1.152475
-1.446070
0.945081
1.006567
0.000000
0.000000
0.000000
0.000000
0.000000
0.000000
-1.225587
1.222738
0.603925
-1.267179
1.125400
0.590622
0.000000
0.000000
0.000000
0.000000
0.000000
0.000000
-1.218800
0.567476
0.885422
-1.287749
0.697130
0.789868
-1.364638
0.624193
0.837587
-1.373492
0.634854
0.890578
-1.363010
0.623200
0.837587
-1.369915
0.634567
0.890578
0.000000
0.000000
0.000000
0.000000
0.000000
0.000000
-1.251911
0.627657
0.777681
-1.284966
0.709751
0.747389
0.000000
0.000000
0.000000
0.000000
0.000000
0.000000
-1.233958
1.329058
0.921531
-1.379256
0.964578
0.757558
0.000000
0.000000
0.000000
0.000000
0.000000
0.000000
-1.274227
0.672328
0.809142
-1.298557
0.616241
0.723648
0.000000
0.000000
0.000000
0.000000
0.000000
0.000000
-1.043737
1.087349
0.579506
-1.177730
1.237947
0.509668
0.000000
0.000000
0.000000
0.000000
0.000000
0.000000
-1.416362
0.314722
0.882492
-1.450509
0.303753
0.889901
0.000000
0.000000
0.000000
0.000000
0.000000
0.000000
-1.435556
0.646339
0.882119
-1.343452
0.943082
0.812318
0.000000
0.000000
0.000000
0.000000
0.000000
0.000000
-1.255296
0.533812
0.848268
-1.325086
0.545530
0.802678
0.000000
0.000000
0.000000
0.000000
0.000000
0.000000
0.000000
0.000000
0.000000
-1.026584
1.059154
0.745047
0.000000
0.000000
0.000000
0.000000
0.000000
0.000000
-1.499344
0.559788
0.843408
-1.527156
0.546531
0.851896
0.000000
0.000000
0.000000
0.000000
0.000000
0.000000
-1.674609
0.520750
0.858289
-1.674988
0.546087
0.846633
0.000000
0.000000
0.000000
0.000000
0.000000
0.000000
-1.421636
0.797104
0.887101
-1.477470
0.864051
0.800903
0.000000
0.000000
0.000000
0.000000
0.000000
0.000000
-1.142526
0.533778
0.610964
-1.122122
0.502622
0.857688
0.000000
0.000000
0.000000
0.000000
0.000000
0.000000
0.000000
0.000000
0.000000
-1.281170
0.473661
0.640942
0.000000
0.000000
0.000000
0.000000
0.000000
0.000000
-1.478300
0.681668
0.832907
-1.493254
0.743533
0.809030
0.000000
0.000000
0.000000
0.000000
0.000000
0.000000
-1.397844
0.616411
0.767795
-1.450726
0.653674
0.800302
0.000000
0.000000
0.000000
0.000000
0.000000
0.000000
-1.181864
0.931792
0.658863
-1.209278
1.009902
0.642370
0.000000
0.000000
0.000000
0.000000
0.000000
0.000000
-1.637112
0.439576
0.873220
-1.696885
0.425123
0.909437
0.000000
0.000000
0.000000
0.000000
0.000000
0.000000
-1.273982
0.501046
0.829515
-1.326718
0.546860
0.861319
0.000000
0.000000
0.000000
-1.138102
0.569115
0.629467
0.000000
0.000000
0.000000
-1.154309
0.569985
0.629467
0.000000
0.000000
0.000000
0.000000
0.000000
0.000000
-1.254033
0.534223
0.864966
-1.332200
0.473922
0.850087
0.000000
0.000000
0.000000
0.000000
0.000000
0.000000
0.000000
0.000000
0.000000
-1.140603
1.567188
1.014086
-0.945224
0.815905
0.738295
-1.005077
0.723229
0.736692
-0.928145
0.920999
0.646860
-0.989403
0.815613
0.670570
-1.183980
0.614604
0.741199
-1.263701
0.765994
0.752749
-1.162577
0.618337
0.741199
-1.246999
0.750523
0.752749
0.000000
0.000000
0.000000
0.000000
0.000000
0.000000
0.000000
0.000000
0.000000
-1.322326
0.811278
0.719406
0.000000
0.000000
0.000000
0.000000
0.000000
0.000000
0.000000
0.000000
0.000000
-1.183542
0.638955
0.660956
0.000000
0.000000
0.000000
0.000000
0.000000
0.000000
-1.132131
1.092140
0.668104
-1.167924
1.107544
0.585703
0.000000
0.000000
0.000000
0.000000
0.000000
0.000000
-1.616030
0.299129
0.897940
-1.640193
0.292391
0.894325
-1.405836
0.588971
0.965279
-1.347769
0.742546
0.840705
-1.344803
0.568959
0.965279
-1.278426
0.726311
0.840705
0.000000
0.000000
0.000000
0.000000
0.000000
0.000000
-1.459227
0.950565
0.752727
-1.512162
0.860173
0.762969
0.000000
0.000000
0.000000
0.000000
0.000000
0.000000
-1.419764
1.124777
0.640743
-1.466172
1.150803
0.502258
0.000000
0.000000
0.000000
0.000000
0.000000
0.000000
-1.030821
0.725002
0.765591
-1.071547
0.650762
0.721818
0.000000
0.000000
0.000000
0.000000
0.000000
0.000000
-1.133720
1.166266
0.804993
-1.180556
0.783184
0.782401
0.000000
0.000000
0.000000
0.000000
0.000000
0.000000
0.000000
0.000000
0.000000
-1.450309
0.688146
0.742541
0.000000
0.000000
0.000000
0.000000
0.000000
0.000000
-1.301647
0.874152
0.718647
-1.359331
0.830168
0.730261
0.000000
0.000000
0.000000
0.000000
0.000000
0.000000
-1.116510
0.736783
0.728317
-1.205928
0.882682
0.772627
0.000000
0.000000
0.000000
0.000000
0.000000
0.000000
-1.349226
0.669776
0.757168
-1.362166
0.711739
0.828304
0.000000
0.000000
0.000000
0.000000
0.000000
0.000000
-1.250461
0.609701
0.777767
-1.280569
0.661268
0.806195
0.000000
0.000000
0.000000
0.000000
0.000000
0.000000
-1.381144
0.902918
0.736667
-1.406849
0.926331
0.720724
0.000000
0.000000
0.000000
0.000000
0.000000
0.000000
-1.116032
0.830873
0.690312
-1.130232
0.840745
0.617081
0.000000
0.000000
0.000000
0.000000
0.000000
0.000000
-1.379850
0.672813
0.837408
-1.360273
0.687364
0.877515
0.000000
0.000000
0.000000
0.000000
0.000000
0.000000
-1.321624
0.398243
0.860116
-1.245136
0.512796
0.843371
0.000000
0.000000
0.000000
0.000000
0.000000
0.000000
-0.862368
1.555118
0.624246
-1.061172
1.133690
0.588991
0.000000
0.000000
0.000000
0.000000
0.000000
0.000000
-1.522162
0.721539
0.799754
-1.544713
0.732378
0.803279
0.000000
0.000000
0.000000
0.000000
0.000000
0.000000
-1.467215
0.956816
0.765175
-1.511038
1.023118
0.704717
0.000000
0.000000
0.000000
0.000000
0.000000
0.000000
0.000000
0.000000
0.000000
-1.188583
0.727150
0.824209
0.000000
0.000000
0.000000
0.000000
0.000000
0.000000
-1.353637
0.799347
0.758321
-1.346616
1.065470
0.654573
0.000000
0.000000
0.000000
0.000000
0.000000
0.000000
-0.995844
0.803957
0.765565
-1.030785
1.024391
0.616522
0.000000
0.000000
0.000000
0.000000
0.000000
0.000000
-1.347835
0.833110
0.749131
-1.380131
0.836600
0.751049
0.000000
0.000000
0.000000
0.000000
0.000000
0.000000
0.000000
0.000000
0.000000
-1.086446
0.708231
0.686964
0.000000
0.000000
0.000000
0.000000
0.000000
0.000000
-1.013584
0.939907
0.582320
-1.080925
0.948041
0.624555
0.000000
0.000000
0.000000
0.000000
0.000000
0.000000
0.000000
0.000000
0.000000
-1.247821
0.649054
0.772264
0.000000
0.000000
0.000000
0.000000
0.000000
0.000000
-1.269719
0.540439
0.834155
-1.303506
0.532958
0.797558
0.000000
0.000000
0.000000
0.000000
0.000000
0.000000
-1.583768
0.305347
0.893983
-1.609413
0.298978
0.894977
0.000000
0.000000
0.000000
0.000000
0.000000
0.000000
-1.266252
0.960865
0.620293
-1.427725
0.977824
0.711610
0.000000
0.000000
0.000000
0.000000
0.000000
0.000000
0.000000
0.000000
0.000000
-1.285307
0.515065
0.720329
0.000000
0.000000
0.000000
0.000000
0.000000
0.000000
-1.119963
0.743652
0.764008
-1.058094
0.963398
0.873098
0.000000
0.000000
0.000000
0.000000
0.000000
0.000000
-1.322651
0.810372
0.740443
-1.233261
1.413153
0.710263
0.000000
0.000000
0.000000
0.000000
0.000000
0.000000
-1.215108
0.880712
0.759055
-1.201343
0.978228
0.668736
